time [ms];Setpoint position [mm];Actual position value encoder channel 1 [mm];Setpoint value velocity controller [m/s];Actual velocity value encoder channel 1 [m/s];Target position CiA402 [mm]
0;42.1198721;41.8776482;0.1752952;0.04892857;42.1510000
1.00000004749745;42.1547354;41.9618100;0.006885899;0.06748195;42.3200000
2.0000000949949;42.1538882;41.9886321;0.01005045;0.04086319;42.3200000
3.00000002607703;42.1330933;41.9862479;0.06081167;0.01455858;42.3200000
4.00000018998981;42.2890552;42.0518130;0.1738678;0.05025633;42.3200000
5.00000035390258;42.3237134;42.1362728;0.006360736;0.06817409;42.4880000
6.00000005215406;42.3228711;42.1621412;0.009595631;0.04052063;42.4880000
7.00000021606684;42.3021992;42.1579093;0.06026392;0.01327214;42.4880000
8.00000037997961;42.4572383;42.2212094;0.1728602;0.04839276;42.4880000
9.00000054389238;42.4916914;42.3053711;0.00632185;0.06728589;42.6560000
10.0000007078052;42.4908711;42.3320740;0.009380283;0.04071231;42.6560000
11.0000008717179;42.4701992;42.3287958;0.05994232;0.01396232;42.6560000
12.0000001043081;42.6252383;42.3940629;0.1723195;0.04986596;42.6560000
13.0000002682209;42.6596914;42.4790591;0.005688106;0.06828225;42.8240000
14.0000004321337;42.6588711;42.5046891;0.008866081;0.04043035;42.8240000
15.0000005960464;42.6381992;42.4995035;0.05964063;0.01264325;42.8240000
16.0000007599592;42.7932383;42.5631016;0.1722037;0.04834928;42.8240000
17.000000923872;42.8276914;42.6477998;0.005605579;0.06752954;42.9910000
18.0000010877848;42.8268540;42.6743835;0.008724866;0.04075953;42.9910000
19.0000012516975;42.8063052;42.6706880;0.05903461;0.0136952;42.9910000
20.0000014156103;42.9604214;42.7358955;0.1707062;0.04974046;42.9910000
21.0000015795231;42.9946694;42.8219050;0.004897418;0.06897599;43.1570000
22.0000017434359;42.9938369;42.8502768;0.007781573;0.04243708;43.1570000
23.0000019073486;42.9734111;42.8474158;0.05769954;0.01485018;43.1570000
24.0000002086163;43.1266045;42.9119676;0.168732;0.04974852;43.1570000
25.000000372529;43.1606475;42.9965466;0.004018093;0.06805355;43.3220000
26.0000005364418;43.1598198;43.0232495;0.007052264;0.04099407;43.3220000
27.0000007003546;43.1395171;43.0189579;0.05683085;0.01334093;43.3220000
28.0000008642673;43.2917876;43.0812448;0.1674035;0.04763706;43.3220000
29.0000010281801;43.3256255;43.1618303;0.004069976;0.06479593;43.4880000
30.0000011920929;43.3248369;43.1842416;0.007451242;0.03715989;43.4880000
31.0000013560057;43.3044111;43.1767314;0.05788721;0.01006143;43.4880000
32.0000015199184;43.4576045;43.2380050;0.1692849;0.04593252;43.4880000
32.9999998211861;43.4916475;43.3207363;0.004776881;0.06543424;43.6520000
34.000001847744;43.4908027;43.3461874;0.007998097;0.03918511;43.6520000
35.0000001490116;43.4706230;43.3413595;0.05753764;0.01232161;43.6520000
36.0000021755695;43.6219707;43.4049576;0.167252;0.04810945;43.6520000
37.0000004768372;43.6556035;43.4871524;0.004674658;0.06586272;43.8160000
38.0000025033951;43.6548027;43.5087889;0.008153914;0.03710072;43.8160000
39.0000008046627;43.6346230;43.4994906;0.05819153;0.008926013;43.8160000
40.0000028312206;43.7859707;43.5590952;0.1683508;0.04443733;43.8160000
41.0000011324883;43.8196035;43.6401576;0.005899671;0.06389511;43.9790000
42.0000031590462;43.8187856;43.6644763;0.009127657;0.03804353;43.9790000
43.0000014603138;43.7987290;43.6595887;0.05837506;0.01194476;43.9790000
44.0000034868717;43.9491538;43.7235445;0.1673373;0.04825093;43.9790000
45.0000017881393;43.9825815;43.8081234;0.005429878;0.06750623;44.1420000
46.0000038146973;43.9817856;43.8342899;0.008368502;0.0404825;44.1420000
47.0000021159649;43.9617290;43.8294619;0.05760927;0.01288611;44.1420000
48.0000004172325;44.1121538;43.8910931;0.1668305;0.04707419;44.1420000
49.0000024437904;44.1455815;43.9711421;0.005427792;0.06425723;44.3040000
50.0000007450581;44.1447686;43.9936727;0.008819108;0.03706824;44.3040000
51.000002771616;44.1248350;43.9878315;0.05787396;0.01099254;44.3040000
52.0000010728836;44.2743369;44.0499991;0.1663233;0.04667862;44.3040000
53.0000030994415;44.3075596;44.1317767;0.005663422;0.06520347;44.4660000
54.0000014007092;44.3067686;44.1563934;0.008738809;0.03869203;44.4660000
55.0000034272671;44.2868350;44.1513866;0.0577007;0.0120904;44.4660000
56.0000017285347;44.4363369;44.2137331;0.1661301;0.04726029;44.4660000
57.0000037550926;44.4695596;44.2968219;0.005324136;0.06622174;44.6260000
58.0000020563602;44.4687344;44.3225711;0.008368489;0.03975751;44.6260000
59.0000040829182;44.4490469;44.3182796;0.0566531;0.01292401;44.6260000
60.0000023841858;44.5967031;44.3818778;0.1635186;0.04841734;44.6260000
61.0000044107437;44.6295156;44.4648474;0.004596927;0.06647976;44.7870000
62.0000027120113;44.6287515;44.4877952;0.007738857;0.03809817;44.7870000
63.000001013279;44.6089409;44.4793314;0.05678713;0.009693536;44.7870000
64.0000030398369;44.7575200;44.5388168;0.1648231;0.04462369;44.7870000
65.0000050663948;44.7905376;44.6194023;0.005231538;0.06369645;44.9460000
65.9999996423721;44.7897173;44.6436018;0.008412642;0.03794601;44.9460000
67.0000016689301;44.7701528;44.6390718;0.05642503;0.01209406;44.9460000
68.000003695488;44.9168862;44.7029084;0.1625518;0.04825862;44.9460000
69.0000057220459;44.9494936;44.7864741;0.004499165;0.06683746;45.1050000
70.0000002980232;44.9487173;44.8103755;0.007546515;0.03879973;45.1050000
71.0000023245811;44.9291528;44.8023885;0.05594407;0.01016199;45.1050000
72.0000043511391;45.0758862;44.8607415;0.1626818;0.04403072;45.1050000
73.000006377697;45.1084936;44.9406713;0.005034283;0.0631175;45.2630000
74.0000009536743;45.1077002;44.9643940;0.008149115;0.03736298;45.2630000
75.0000029802322;45.0882588;44.9585527;0.05600882;0.0109708;45.2630000
76.0000050067902;45.2340693;45.0197667;0.1617156;0.04606728;45.2630000
77.0000070333481;45.2664717;45.1024383;0.004698073;0.06555481;45.4210000
78.0000016093254;45.2657002;45.1280087;0.007523539;0.03938528;45.4210000
79.0000036358833;45.2462588;45.1225847;0.05533675;0.01199425;45.4210000
80.0000056624413;45.3920693;45.1830238;0.1611299;0.04601653;45.4210000
81.0000002384186;45.4244717;45.2642649;0.004271723;0.06467458;45.5780000
82.0000022649765;45.4236831;45.2879876;0.00735063;0.03792322;45.5780000
83.0000042915344;45.4043647;45.2813715;0.05499787;0.01070575;45.5780000
84.0000063180923;45.5492524;45.3419298;0.1600655;0.04565825;45.5780000
85.0000008940697;45.5814497;45.4230517;0.004156131;0.0643719;45.7340000
86.0000029206276;45.5806660;45.4448670;0.00741164;0.03665088;45.7340000
87.0000049471855;45.5614707;45.4358071;0.05503238;0.008738805;45.7340000
88.0000069737434;45.7054356;45.4942792;0.1596203;0.04358573;45.7340000
89.0000015497208;45.7374277;45.5742091;0.004779166;0.06298709;45.8900000
90.0000035762787;45.7366660;45.5971569;0.00782501;0.03687242;45.8900000
91.0000056028366;45.7174707;45.5908984;0.05513362;0.01055424;45.8900000
92.0000076293945;45.8614356;45.6525892;0.1593629;0.04632507;45.8900000
93.0000022053719;45.8934277;45.7371682;0.004003799;0.06683001;46.0450000
94.0000042319298;45.8926489;45.7642883;0.006632351;0.04074532;46.0450000
95.0000062584877;45.8735767;45.7594603;0.05348279;0.01281363;46.0450000
96.000000834465;46.0166186;45.8211511;0.1569999;0.04712911;46.0450000
97.0000028610229;46.0484058;45.9037035;0.002802058;0.06590453;46.1990000
98.0000048875809;46.0476318;45.9280222;0.005706816;0.03869977;46.1990000
99.0000069141388;46.0286826;45.9210485;0.05249754;0.0107688;46.1990000
100.000001490116;46.1708018;45.9805339;0.1555481;0.0450013;46.1990000
101.000003516674;46.2023838;46.0630268;0.002292439;0.065102;46.3530000
102.000005543232;46.2016318;46.0890144;0.004927763;0.03937332;46.3530000
103.00000756979;46.1826826;46.0835308;0.05155246;0.01185816;46.3530000
104.000002145767;46.3248018;46.1430758;0.1545964;0.04537773;46.3530000
105.000004172325;46.3563838;46.2237209;0.001546599;0.06411033;46.5050000
106.000006198883;46.3555977;46.2465495;0.004629049;0.03711527;46.5050000
107.000008225441;46.3368945;46.2386220;0.05092844;0.009584771;46.5050000
108.000002801418;46.4771680;46.2975710;0.1526144;0.04432696;46.5050000
109.000004827976;46.5083398;46.3807195;0.001156639;0.06533153;46.6580000
110.000006854534;46.5076147;46.4068860;0.003652632;0.03955969;46.6580000
111.000008881092;46.4887886;46.4003294;0.05009809;0.01123062;46.6580000
112.000003457069;46.6299849;46.4596361;0.1524564;0.04506778;46.6580000
113.000005483627;46.6613618;46.5395063;0.0004284065;0.06345361;46.8090000
114.000007510185;46.6605806;46.5604871;0.003680817;0.03568156;46.8090000
115.000002086163;46.6420005;46.5506525;0.04989391;0.007948184;46.8090000
116.00000411272;46.7813511;46.6088265;0.150954;0.04326727;46.8090000
117.000006139278;46.8123179;46.6905445;0.0005911281;0.0639725;46.9600000
118.000008165836;46.8115806;46.7153400;0.003251537;0.03814839;46.9600000
119.000002741814;46.7930005;46.7077107;0.04921892;0.01002194;46.9600000
120.000004768372;46.9323511;46.7648715;0.1503919;0.04327874;46.9600000
121.00000679493;46.9633179;46.8433112;0.0003942857;0.0619485;47.1100000
122.000008821487;46.9625635;46.8646496;0.003487451;0.03534345;47.1100000
123.000003397465;46.9441064;46.8560070;0.04926894;0.008553054;47.1100000
124.000005424023;47.0825342;46.9132870;0.1497165;0.04277003;47.1100000
125;47.1132959;46.9925016;0.0005679792;0.06228144;47.2590000
126.000002026558;47.1125464;47.0158070;0.00340607;0.03667799;47.2590000
127.000004053116;47.0942124;47.0092505;0.04865635;0.01016342;47.2590000
128.000006079674;47.2317173;47.0672458;0.148312;0.0438145;47.2590000
129.000008106232;47.2622739;47.1465796;8.569099E-05;0.06277069;47.4070000
130.00001013279;47.2615293;47.1686929;0.003020687;0.03610086;47.4070000
131.000012159348;47.2433184;47.1597523;0.04823781;0.008595435;47.4070000
131.999999284744;47.3799004;47.2164958;0.1473207;0.04257412;47.4070000
133.000001311302;47.4102520;47.2960680;3.350899E-06;0.06248501;47.5550000
134.00000333786;47.4095293;47.3194331;0.002715381;0.0367431;47.5550000
135.000005364418;47.3913184;47.3109097;0.04788602;0.008950815;47.5550000
136.000007390976;47.5279004;47.3671764;0.1470221;0.04241696;47.5550000
137.000009417534;47.5582520;47.4450201;-0.0001027305;0.06125651;47.7020000
138.000011444092;47.5575122;47.4648088;0.003055347;0.03406997;47.7020000
139.00001347065;47.5394243;47.4535436;0.04823268;0.006409953;47.7020000
140.000000596046;47.6750835;47.5092739;0.1467163;0.04103534;47.7020000
141.000002622604;47.7052300;47.5861043;0.0006398773;0.06008119;47.8480000
142.000004649162;47.7044951;47.6063102;0.003715562;0.03395913;47.8480000
143.00000667572;47.6865303;47.5968928;0.04838823;0.007480075;47.8480000
144.000008702278;47.8212666;47.6538747;0.1460202;0.04222966;47.8480000
145.000010728836;47.8512080;47.7326721;0.0006601028;0.06176235;47.9940000
146.000012755394;47.8504951;47.7539509;0.003532759;0.03520139;47.9940000
146.999999880791;47.8325303;47.7445931;0.04819878;0.008024288;47.9940000
148.000001907349;47.9672666;47.8021115;0.145771;0.04278708;47.9940000
149.000003933907;47.9972080;47.8809684;0.0004042555;0.06204258;48.1390000
150.000005960464;47.9964780;47.9030221;0.003238148;0.03581177;48.1390000
151.000007987022;47.9786362;47.8946180;0.04749912;0.008732449;48.1390000
152.00001001358;48.1124497;47.9504674;0.144545;0.04196605;48.1390000
153.000012040138;48.1421860;48.0298012;6.070361E-05;0.06217705;48.2830000
154.000014066696;48.1414609;48.0550140;0.002506701;0.03785534;48.2830000
155.000001192093;48.1237422;48.0498284;0.04611029;0.01150556;48.2830000
156.000003218651;48.2566328;48.1092542;0.1420456;0.04525249;48.2830000
157.000005245209;48.2861641;48.1898397;-0.001642772;0.06406981;48.4260000
158.000007271767;48.2854438;48.2124895;0.001052868;0.03689091;48.4260000
159.000009298325;48.2678481;48.2023568;0.04490886;0.008067923;48.4260000
160.000011324883;48.3998159;48.2561201;0.1407628;0.04043927;48.4260000
161.00001335144;48.4291421;48.3309239;-0.001345835;0.05868101;48.5680000
162.000000476837;48.4284268;48.3501762;0.001692449;0.03284593;48.5680000
163.000002503395;48.4109541;48.3400435;0.04524964;0.006590346;48.5680000
164.000004529953;48.5419990;48.3962506;0.1401191;0.04148763;48.5680000
165.000006556511;48.5711201;48.4745711;-0.001445873;0.06121047;48.7100000
166.000008583069;48.5704268;48.4959692;0.001269842;0.03507364;48.7100000
167.000010609627;48.5529541;48.4858961;0.04482039;0.007444955;48.7100000
168.000012636185;48.6839990;48.5408515;0.1398294;0.04094709;48.7100000
169.000014662743;48.7131201;48.6166090;-0.001450095;0.05941293;48.8510000
170.000001788139;48.7124097;48.6363381;0.001499148;0.03341633;48.8510000
171.000003814697;48.6950601;48.6266822;0.04470443;0.007091191;48.8510000
172.000005841255;48.8251821;48.6829489;0.1388551;0.04168695;48.8510000
173.000007867813;48.8540982;48.7602561;-0.001661529;0.06062042;48.9910000
174.000009894371;48.8533926;48.7802237;0.001225215;0.03396429;48.9910000
175.000011920929;48.8361660;48.7686605;0.04434421;0.006089614;48.9910000
176.000013947487;48.9653652;48.8214701;0.1381678;0.03911781;48.9910000
177.000001072884;48.9940762;48.8959759;-0.001101156;0.0580054;49.1300000
178.000003099442;48.9933755;48.9154666;0.001802815;0.03276919;49.1300000
179.000005125999;48.9762720;48.9059300;0.04439723;0.00688917;49.1300000
180.000007152557;49.1045484;48.9602297;0.1373427;0.04031117;49.1300000
181.000009179115;49.1330542;49.0366429;-0.001203406;0.05967652;49.2690000
182.000011205673;49.1323755;49.0579813;0.001411215;0.03448024;49.2690000
183.000013232231;49.1152720;49.0490408;0.04393921;0.007849519;49.2690000
184.000015258789;49.2435484;49.1037577;0.1368382;0.04095907;49.2690000
185.000002384186;49.2720542;49.1802305;-0.001714544;0.05994453;49.4060000
186.000004410744;49.2713413;49.2010921;0.001048347;0.03425803;49.4060000
187.000006437302;49.2544839;49.1915555;0.04304518;0.007390752;49.4060000
188.00000846386;49.3809146;49.2445439;0.1347123;0.03963609;49.4060000
189.000010490417;49.4090103;49.3187517;-0.001717042;0.05806186;49.5430000
190.000012516975;49.4083413;49.3385404;0.0009983988;0.03291735;49.5430000
191.000014543533;49.3914839;49.3284673;0.04305501;0.006574094;49.5430000
192.00000166893;49.5179146;49.3824094;0.1346159;0.03998145;49.5430000
193.000003695488;49.5460103;49.4582861;-0.00199942;0.05917174;49.6790000
194.000005722046;49.5453242;49.4782537;0.0007436634;0.03345467;49.6790000
195.000007748604;49.5285898;49.4672865;0.0426011;0.006242665;49.6790000
196.000009775162;49.6540976;49.5200962;0.1335759;0.03911632;49.6790000
197.00001180172;49.6819883;49.5941847;-0.001904638;0.05774015;49.8150000
198.000013828278;49.6813242;49.6132582;0.0008545802;0.03239726;49.8150000
199.000015854836;49.6645898;49.6025891;0.0426788;0.006044356;49.8150000
200.000002980232;49.7900976;49.6562928;0.133554;0.0396148;49.8150000
201.00000500679;49.8179883;49.7321695;-0.00212578;0.0590395;49.9490000
202.000007033348;49.8172900;49.7521966;0.0006223381;0.0333939;49.9490000
203.000009059906;49.8008018;49.7415275;0.04184899;0.006384556;49.9490000
204.000011086464;49.9244638;49.7942775;0.1314061;0.03914462;49.9490000
205.000013113022;49.9519443;49.8691410;-0.002289885;0.05827013;50.0820000
206.00001513958;49.9512729;49.8894065;0.0003122729;0.03330316;50.0820000
207.000017166138;49.9349077;49.8795719;0.04114715;0.006856636;50.0820000
208.000004291534;50.0576470;49.9315470;0.1300784;0.03876199;50.0820000
209.000006318092;50.0849224;50.0056356;-0.002595743;0.05771098;50.2150000
210.00000834465;50.0842729;50.0260800;-9.701913E-05;0.03320626;50.2150000
211.000010371208;50.0679077;50.0160069;0.04076443;0.006638846;50.2150000
212.000012397766;50.1906470;50.0676840;0.1297289;0.03851045;50.2150000
213.000014424324;50.2179224;50.1409977;-0.002858923;0.05709032;50.3470000
214.000016450882;50.2172559;50.1604885;-0.0002063662;0.03245236;50.3470000
215.000003576279;50.2010137;50.1495809;0.04044927;0.005895604;50.3470000
216.000005602837;50.3228301;50.1998275;0.1288609;0.03723988;50.3470000
217.000007629395;50.3499004;50.2714127;-0.002598844;0.05558363;50.4780000
218.000009655952;50.3492388;50.2899498;0.0001240633;0.03128096;50.4780000
219.00001168251;50.3331196;50.2788634;0.04050082;0.005352322;50.4780000
220.000013709068;50.4540132;50.3303617;0.1280608;0.0379264;50.4780000
221.000015735626;50.4808784;50.4036158;-0.002649407;0.05674565;50.6080000
222.000017762184;50.4802217;50.4226297;-1.553213E-05;0.031966;50.6080000
223.000004887581;50.4642256;50.4108281;0.04014213;0.005176219;50.6080000
224.000006914139;50.5841963;50.4619092;0.1270364;0.03760039;50.6080000
225.000008940697;50.6108564;50.5349248;-0.002711763;0.05650839;50.7380000
226.000010967255;50.6102217;50.5531639;-7.505156E-05;0.03141404;50.7380000
227.000012993813;50.5942256;50.5407662;0.04014902;0.004592882;50.7380000
228.00001502037;50.7141963;50.5900591;0.1272425;0.0362386;50.7380000
229.000017046928;50.7408564;50.6617039;-0.002352898;0.05522764;50.8660000
230.000004172325;50.7401875;50.6795257;0.0004254547;0.03065396;50.8660000
231.000006198883;50.7244375;50.6675453;0.04000545;0.004524255;50.8660000
232.000008225441;50.8425625;50.7177323;0.1255749;0.03674893;50.8660000
233.000010251999;50.8688125;50.7894963;-0.002162783;0.05547879;50.9940000
234.000012278557;50.8681875;50.8079737;0.00037554;0.0311929;50.9940000
235.000014305115;50.8524375;50.7967085;0.03987585;0.00520199;50.9940000
236.000016331673;50.9705625;50.8464187;0.1254985;0.03666613;50.9940000
237.000018358231;50.9968125;50.9180635;-0.00222598;0.05538425;51.1200000
238.000005483627;50.9961533;50.9370178;0.0003543571;0.03145788;51.1200000
239.000007510185;50.9806494;50.9267063;0.03915083;0.005864819;51.1200000
240.000009536743;51.0969287;50.9764760;0.1233424;0.03696347;51.1200000
241.000011563301;51.1227686;51.0477036;-0.002464567;0.05529781;51.2460000
242.000013589859;51.1221533;51.0667771;-6.449502E-05;0.03148517;51.2460000
243.000015616417;51.1066494;51.0559291;0.03879175;0.005517534;51.2460000
244.000017642975;51.2229287;51.1049241;0.1230696;0.03633597;51.2460000
245.000004768372;51.2487686;51.1753767;-0.00265098;0.0546056;51.3710000
246.00000679493;51.2481362;51.1930793;-5.05913E-05;0.03036198;51.3710000
247.000008821487;51.2327554;51.1811585;0.0386264;0.004469892;51.3710000
248.000010848045;51.3481118;51.2286037;0.1223648;0.03493252;51.3710000
249.000012874603;51.3737466;51.2979835;-0.002300846;0.05344303;51.4960000
250;51.3731362;51.3156265;0.0002226937;0.02991214;51.4960000
251.000016927719;51.3577554;51.3040037;0.03886648;0.004468436;51.4960000
252.000004053116;51.4731118;51.3530582;0.1224255;0.03598829;51.4960000
253.000020980835;51.4987466;51.4233917;-0.002346327;0.05430459;51.6190000
254.000008106232;51.4981021;51.4404982;0.0003321478;0.0298354;51.6190000
255.000025033951;51.4829673;51.4279217;0.03848461;0.003877339;51.6190000
256.000012159348;51.5964780;51.4756053;0.120772;0.03493088;51.6190000
256.999999284744;51.6217026;51.5455216;-0.002082416;0.05368941;51.7410000
258.000016212463;51.6210850;51.5627473;0.0004633847;0.02975075;51.7410000
259.00000333786;51.6060732;51.5505285;0.03827719;0.004054288;51.7410000
260.000020265579;51.7186611;51.5980333;0.1198723;0.03488699;51.7410000
261.000007390976;51.7436807;51.6674131;-0.001986827;0.05341158;51.8630000
262.000024318695;51.7430850;51.6846984;0.0004688334;0.02968954;51.8630000
263.000011444092;51.7280732;51.6727776;0.03824944;0.004197906;51.8630000
263.999998569489;51.8406611;51.7207592;0.1197915;0.0352037;51.8630000
265.000015497208;51.8656807;51.7905563;-0.002114199;0.05374324;51.9830000
266.000002622604;51.8650508;51.8086165;0.0003502709;0.03021772;51.9830000
267.000019550323;51.8502852;51.7968149;0.03752003;0.004423804;51.9830000
268.00000667572;51.9610273;51.8432468;0.1178103;0.03423858;51.9830000
269.000023603439;51.9856367;51.9107789;-0.001972028;0.0521146;52.1030000
270.000010728836;51.9850508;51.9277662;0.0004450092;0.02901765;52.1030000
271.000027656555;51.9702852;51.9165010;0.037555;0.004356186;52.1030000
272.000014781952;52.0810273;51.9635886;0.1177722;0.03462885;52.1030000
273.000001907349;52.1056367;52.0325511;-0.002169481;0.05313008;52.2220000
274.000018835068;52.1050337;52.0507902;0.0001556566;0.03010914;52.2220000
275.000005960464;52.0903911;52.0397634;0.03694029;0.004859948;52.2220000
276.000022888184;52.2002104;52.0859569;0.1165449;0.03420737;52.2220000
277.00001001358;52.2246147;52.1540254;-0.002361679;0.05245936;52.3400000
278.000026941299;52.2240166;52.1727413;-0.0001255735;0.03017539;52.3400000
279.000014066696;52.2094971;52.1627874;0.03624074;0.005530199;52.3400000
280.000001192093;52.3183936;52.2098154;0.1150402;0.03496215;52.3400000
281.000018119812;52.3425928;52.2781223;-0.002957481;0.05285153;52.4570000
282.000005245209;52.3419995;52.2957653;-0.0006377613;0.02966765;52.4570000
283.000022172928;52.3276030;52.2843213;0.03559577;0.004435227;52.4570000
284.000009298325;52.4355767;52.3302167;0.1138093;0.03389321;52.4570000
285.000026226044;52.4595708;52.3973316;-0.003120145;0.05162647;52.5730000
286.00001335144;52.4589824;52.4134844;-0.0006703082;0.02826568;52.5730000
287.000000476837;52.4447090;52.4003119;0.03545703;0.002828344;52.5730000
288.000017404556;52.5517598;52.4450749;0.1130845;0.03260323;52.5730000
289.000004529953;52.5755488;52.5121301;-0.002902794;0.05117821;52.6880000
290.000021457672;52.5749653;52.5293559;-0.0006084163;0.02878755;52.6880000
291.000008583069;52.5608149;52.5180907;0.03500762;0.004199201;52.6880000
292.000025510788;52.6669429;52.5640458;0.1117901;0.03385289;52.6880000
293.000012636185;52.6905268;52.6318162;-0.003341425;0.05209099;52.8020000
293.999999761581;52.6899482;52.6485055;-0.001023181;0.02877084;52.8020000
295.000016689301;52.6759209;52.6360483;0.03442688;0.003409704;52.8020000
296.000003814697;52.7811260;52.6803940;0.1106764;0.03256586;52.8020000
297.000020742416;52.8045049;52.7462572;-0.003307059;0.05051803;52.9160000
298.000007867813;52.8039482;52.7631849;-0.001098878;0.02836799;52.9160000
299.000024795532;52.7899209;52.7521581;0.03419181;0.004149657;52.9160000
300.000011920929;52.8951260;52.7980536;0.1102687;0.03378729;52.9160000
301.000028848648;52.9185049;52.8654665;-0.003887467;0.05192822;53.0280000
302.000015974045;52.9179141;52.8834671;-0.001703666;0.02952416;53.0280000
303.000003099442;52.9041328;52.8729767;0.03292967;0.004872334;53.0280000
304.000020027161;53.0074922;52.9171437;0.1077747;0.03286119;53.0280000
305.000007152557;53.0304609;52.9831856;-0.004357702;0.05080964;53.1390000
306.000024080276;53.0298970;53.0014246;-0.002319862;0.029288;53.1390000
307.000011205673;53.0162388;52.9918880;0.03190842;0.005351018;53.1390000
308.000028133392;53.1186753;53.0361146;0.1060346;0.03304887;53.1390000
309.000015258789;53.1414390;53.1013220;-0.005069328;0.05034489;53.2500000
310.000002384186;53.1408970;53.1183094;-0.002975532;0.02829622;53.2500000
311.000019311905;53.1272388;53.1072230;0.03142542;0.004043398;53.2500000
312.000006437302;53.2296753;53.1501382;0.1056978;0.03174874;53.2500000
313.000023365021;53.2524390;53.2146901;-0.005333175;0.04941201;53.3600000
314.000010490417;53.2518799;53.2308429;-0.003098818;0.02745412;53.3600000
315.000027418137;53.2383447;53.2192797;0.03105646;0.003446911;53.3600000
316.000014543533;53.3398584;53.2618373;0.1046565;0.03132172;53.3600000
317.00000166893;53.3624170;53.3260911;-0.005405782;0.04911878;53.4680000
318.000018596649;53.3618457;53.3422440;-0.003159777;0.02732663;53.4680000
319.000005722046;53.3485566;53.3304424;0.03042449;0.003224662;53.4680000
320.000022649765;53.4482246;53.3725828;0.1026466;0.03096493;53.4680000
321.000009775162;53.4703730;53.4364789;-0.005504853;0.04874411;53.5760000
322.000026702881;53.4698457;53.4521550;-0.003372696;0.02692259;53.5760000
323.000013828278;53.4565566;53.4396977;0.03028462;0.002692399;53.5760000
324.000000953674;53.5562246;53.4817785;0.1025133;0.03075577;53.5760000
325.000017881393;53.5783730;53.5453766;-0.005604872;0.04844446;53.6830000
326.00000500679;53.5778286;53.5602182;-0.003332163;0.02631198;53.6830000
327.000021934509;53.5646626;53.5474033;0.03006622;0.002233184;53.6830000
328.000009059906;53.6634077;53.5888880;0.1016492;0.03019886;53.6830000
329.000025987625;53.6853511;53.6520093;-0.005480453;0.04799066;53.7890000
330.000013113022;53.6848115;53.6679238;-0.003363205;0.0268058;53.7890000
331.000030040741;53.6717686;53.6562414;0.02961021;0.003105634;53.7890000
332.000017166138;53.7695908;53.6978453;0.1004677;0.03058174;53.7890000
333.000004291534;53.7913291;53.7603706;-0.005660054;0.04780776;53.8940000
334.000021219254;53.7907944;53.7756294;-0.003505665;0.02632404;53.8940000
335.00000834465;53.7778745;53.7636489;0.02920217;0.002730457;53.8940000
336.000025272369;53.8747739;53.8042992;0.09945367;0.02979753;53.8940000
337.000012397766;53.8963071;53.8667053;-0.005725274;0.04743681;53.9980000
338.000029325485;53.8957773;53.8821429;-0.003626721;0.02630214;53.9980000
339.000016450882;53.8829805;53.8704009;0.02875575;0.00285963;53.9980000
340.000003576279;53.9789570;53.9098590;0.0984279;0.02901544;53.9980000
341.000020503998;54.0002852;53.9709538;-0.005669467;0.04645906;54.1010000
342.000007629395;53.9997603;53.9874047;-0.003719724;0.02662321;54.1010000
343.000024557114;53.9870864;53.9780469;0.0280983;0.004445852;54.1010000
344.00001168251;54.0821401;54.0194124;0.09684572;0.03076117;54.1010000
345.000028610229;54.1032632;54.0818780;-0.006468879;0.04795269;54.2030000
346.000015735626;54.1027432;54.0988058;-0.004608179;0.02740189;54.2030000
347.000002861023;54.0901924;54.0893287;0.02692435;0.004648079;54.2030000
348.000019788742;54.1843232;54.1299790;0.09503926;0.03038172;54.2030000
349.000006914139;54.2052412;54.1915506;-0.007240252;0.04721035;54.3050000
350.000023841858;54.2047432;54.2073458;-0.00533685;0.02643607;54.3050000
351.000010967255;54.1921924;54.1969151;0.02630193;0.003728545;54.3050000
352.000027894974;54.2863232;54.2364329;0.09454302;0.02937284;54.3050000
353.00001502037;54.3072412;54.2972892;-0.007656798;0.04642576;54.4050000
354.000002145767;54.3067090;54.3128460;-0.005631686;0.02602594;54.4050000
355.000019073486;54.2944043;54.3021173;0.02544272;0.003349039;54.4050000
356.000006198883;54.3866894;54.3412775;0.09229926;0.0289888;54.4050000
357.000023126602;54.4071973;54.4018358;-0.007996384;0.04607018;54.5040000
358.000010251999;54.4066919;54.4169754;-0.0060442;0.02562652;54.5040000
359.000027179718;54.3945103;54.4052333;0.02484433;0.002524403;54.5040000
360.000014305115;54.4858726;54.4434994;0.0910883;0.02813271;54.5040000
361.000031232834;54.5061753;54.5029849;-0.008152349;0.04506079;54.6030000
362.000018358231;54.5056919;54.5171708;-0.006177388;0.02469194;54.6030000
363.000005483627;54.4935103;54.5049519;0.02476427;0.001909016;54.6030000
364.000022411346;54.5848726;54.5428604;0.09104808;0.02771997;54.6030000
365.000009536743;54.6051753;54.6019286;-0.008146076;0.04468157;54.7000000
366.000026464462;54.6046577;54.6165317;-0.006122451;0.02481758;54.7000000
367.000013589859;54.5927222;54.6051473;0.02412865;0.002442144;54.7000000
368.000030517578;54.6822388;54.6429366;0.08900134;0.02776307;54.7000000
369.000017642975;54.7021314;54.7019452;-0.008315188;0.04472629;54.7970000
370.000004768372;54.7016577;54.7168463;-0.006491756;0.02503137;54.7970000
371.000021696091;54.6897222;54.7052831;0.02377926;0.002412412;54.7970000
372.000008821487;54.7792388;54.7424763;0.08871837;0.02736765;54.7970000
373.000025749207;54.7991314;54.8005908;-0.008498536;0.04401706;54.8920000
374.000012874603;54.7986235;54.8147172;-0.006493641;0.02427647;54.8920000
375.000029802322;54.7869341;54.8029751;0.02319973;0.002013235;54.8920000
376.000016927719;54.8746050;54.8387378;0.08687384;0.02625572;54.8920000
377.000004053116;54.8940874;54.8953622;-0.0083061;0.04272256;54.9870000
378.000020980835;54.8936235;54.9093097;-0.006448238;0.02372699;54.9870000
379.000008106232;54.8819341;54.8984618;0.0231455;0.002355833;54.9870000
380.000025033951;54.9696050;54.9347013;0.08676649;0.02667645;54.9870000
381.000012159348;54.9890874;54.9915641;-0.008440013;0.04307385;55.0800000
382.000029087067;54.9885894;55.0061077;-0.006553408;0.02421125;55.0800000
383.000016212463;54.9771460;54.9954981;0.02241619;0.002688339;55.0800000
384.00000333786;55.0629712;55.0304860;0.08475222;0.0259359;55.0800000
385.000020265579;55.0820435;55.0861567;-0.008450466;0.04210538;55.1730000
386.000007390976;55.0815894;55.0998062;-0.006631234;0.02330921;55.1730000
387.000024318695;55.0701460;55.0887198;0.02239149;0.002041847;55.1730000
388.000011444092;55.1559712;55.1235288;0.08474746;0.02558341;55.1730000
389.000028371811;55.1750435;55.1787227;-0.008402111;0.04161415;55.2650000
390.000015497208;55.1745723;55.1917761;-0.006468888;0.02273006;55.2650000
391.000032424927;55.1632520;55.1804514;0.0222816;0.001681597;55.2650000
392.000019550323;55.2481543;55.2144259;0.08401835;0.02492841;55.2650000
393.00000667572;55.2670215;55.2689641;-0.008122689;0.0410007;55.3550000
394.000023603439;55.2665381;55.2824348;-0.006224296;0.02277973;55.3550000
395.000010728836;55.2554639;55.2715869;0.02187549;0.001968347;55.3550000
396.000027656555;55.3385205;55.3058594;0.08215464;0.02520253;55.3550000
397.000014781952;55.3569775;55.3602785;-0.008102164;0.04103244;55.4450000
398.000031709671;55.3565381;55.3732127;-0.006310968;0.02246895;55.4450000
399.000018835068;55.3454639;55.3614707;0.02188843;0.001293894;55.4450000
400.000005960464;55.4285205;55.3954452;0.08220079;0.02479128;55.4450000
401.000022888184;55.4469775;55.4497450;-0.008042723;0.04080226;55.5340000
402.00001001358;55.4465210;55.4626196;-0.006197312;0.02232419;55.5340000
403.000026941299;55.4355698;55.4506392;0.02172986;0.0010863;55.5340000
404.000014066696;55.5177036;55.4842561;0.08136987;0.02449669;55.5340000
405.000030994415;55.5359556;55.5379003;-0.00786511;0.04030032;55.6220000
406.000018119812;55.5355039;55.5502385;-0.005995859;0.02183973;55.6220000
407.000005245209;55.5246758;55.5385561;0.02159932;0.001104598;55.6220000
408.000022172928;55.6058867;55.5718750;0.08056033;0.02423885;55.6220000
409.000009298325;55.6239336;55.6253999;-0.007725871;0.04016531;55.7090000
410.000026226044;55.6234868;55.6382149;-0.005945656;0.02210222;55.7090000
411.00001335144;55.6127817;55.6271882;0.02127768;0.001632761;55.7090000
412.00003027916;55.6930698;55.6605667;0.07951985;0.02445574;55.7090000
413.000017404556;55.7109116;55.7140916;-0.00783087;0.04023407;55.7950000
414.000034332275;55.7104697;55.7269066;-0.006086566;0.0221126;55.7950000
415.000021457672;55.6998877;55.7154626;0.02088447;0.001360071;55.7950000
416.000008583069;55.7792529;55.7480663;0.07850078;0.02382107;55.7950000
417.000025510788;55.7968896;55.8006376;-0.007808217;0.03946465;55.8800000
418.000012636185;55.7964526;55.8130353;-0.006053332;0.02155256;55.8800000
419.000029563904;55.7859937;55.8018894;0.02058571;0.001327131;55.8800000
420.000016689301;55.8644360;55.8334797;0.07760271;0.02312399;55.8800000
421.00003361702;55.8818677;55.8850974;-0.007664532;0.03864532;55.9640000
422.000020742416;55.8814355;55.8973163;-0.005925649;0.02116163;55.9640000
423.000007867813;55.8710996;55.8868260;0.02034155;0.001594581;55.9640000
424.000024795532;55.9486191;55.9182971;0.07665965;0.02310229;55.9640000
425.000011920929;55.9658457;55.9695571;-0.007632265;0.03848042;56.0470000
426.000028848648;55.9654185;55.9821933;-0.005975777;0.02135771;56.0470000
427.000015974045;55.9552056;55.9721798;0.0199395;0.001969408;56.0470000
428.000032901764;56.0318022;56.0031742;0.07559851;0.0229505;56.0470000
429.000020027161;56.0488237;56.0536593;-0.007671583;0.03794601;56.1290000
430.000007152557;56.0484014;56.0656994;-0.005984592;0.02081893;56.1290000
431.000024080276;56.0383115;56.0551495;0.01969166;0.00142794;56.1290000
432.000011205673;56.1139854;56.0854286;0.07471818;0.02223941;56.1290000
433.000028133392;56.1308018;56.1349004;-0.00750353;0.03706516;56.2100000
434.000015258789;56.1303843;56.1464637;-0.005799339;0.02020426;56.2100000
435.000032186508;56.1204175;56.1359138;0.01957813;0.001181254;56.2100000
436.000019311905;56.1951685;56.1660737;0.07390573;0.02205874;56.2100000
437.000006437302;56.2117798;56.2154263;-0.007367221;0.03693144;56.2900000
438.000023365021;56.2113672;56.2270492;-0.005705583;0.02019872;56.2900000
439.000010490417;56.2015234;56.2166781;0.01935317;0.001293615;56.2900000
440.000027418137;56.2753516;56.2468380;0.07296857;0.02210584;56.2900000
441.000014543533;56.2917578;56.2957138;-0.007315767;0.03670692;56.3690000
442.000031471252;56.2913501;56.3073963;-0.005696682;0.02016293;56.3690000
443.000018596649;56.2816294;56.2967271;0.0190965;0.001074294;56.3690000
444.000035524368;56.3545347;56.3265294;0.07203955;0.02179088;56.3690000
445.000022649765;56.3707358;56.3751668;-0.007282753;0.03639974;56.4480000
446.000009775162;56.3703501;56.3862533;-0.005680749;0.01966704;56.4480000
447.000026702881;56.3606294;56.3746900;0.01921205;0.0003539847;56.4480000
448.000013828278;56.4335347;56.4043730;0.07216839;0.02141469;56.4480000
449.000030755997;56.4497358;56.4528316;-0.007133989;0.0361478;56.5250000
450.000017881393;56.4493159;56.4637393;-0.005416915;0.01947874;56.5250000
451.000034809113;56.4398413;56.4523549;0.01885837;0.0004202208;56.5250000
452.000021934509;56.5109009;56.4815610;0.07044346;0.02112328;56.5250000
453.000009059906;56.5266919;56.5294236;-0.006921547;0.0357112;56.6010000
454.000025987625;56.5262988;56.5399736;-0.005284029;0.01910884;56.6010000
455.000013113022;56.5169473;56.5288872;0.01865927;0.0005084769;56.6010000
456.000030040741;56.5870840;56.5579146;0.06955206;0.02103613;56.6010000
457.000017166138;56.6026699;56.6053599;-0.006830963;0.03547587;56.6760000
458.000034093857;56.6022817;56.6159695;-0.005235998;0.01907445;56.6760000
459.000021219254;56.5930532;56.6052408;0.01836865;0.0006867988;56.6760000
460.00000834465;56.6622671;56.6343874;0.06853597;0.02113539;56.6760000
461.000025272369;56.6776479;56.6816538;-0.006891639;0.03541604;56.7510000
462.000012397766;56.6772817;56.6920847;-0.005360251;0.01890734;56.7510000
463.000029325485;56.6680532;56.6811771;0.01826433;0.0005110109;56.7510000
464.000016450882;56.7372671;56.7097276;0.06849806;0.02072018;56.7510000
465.000033378601;56.7526479;56.7565769;-0.006883071;0.03500626;56.8240000
466.000020503998;56.7522476;56.7667694;-0.005229962;0.01861199;56.8240000
467.000007629395;56.7432651;56.7557425;0.01781032;0.0002922944;56.8240000
468.000024557114;56.8106333;56.7828625;0.06677904;0.01965209;56.8240000
469.00001168251;56.8256040;56.8288773;-0.00663814;0.03412889;56.8970000
470.000028610229;56.8252476;56.8394273;-0.005191846;0.01849176;56.8970000
471.000015735626;56.8162651;56.8292350;0.01775545;0.0007808107;56.8970000
472.000032663345;56.8836333;56.8562358;0.06673745;0.01971656;56.8970000
473.000019788742;56.8986040;56.9015354;-0.006600047;0.03373814;56.9680000
474.000036716461;56.8982134;56.9119067;-0.005038694;0.01821774;56.9680000
475.000023841858;56.8894771;56.9022507;0.01725128;0.001028872;56.9680000
476.000010967255;56.9549995;56.9293111;0.06480224;0.01984098;56.9680000
477.000027894974;56.9695601;56.9743126;-0.006631074;0.03366397;57.0390000
478.00001502037;56.9692134;56.9846839;-0.005236705;0.01820048;57.0390000
479.00003194809;56.9604771;56.9745512;0.01710638;0.0006850365;57.0390000
480.000019073486;57.0259995;57.0005983;0.06477024;0.01906879;57.0390000
481.000036001205;57.0405601;57.0448845;-0.006583376;0.03294297;57.1090000
482.000023126602;57.0401963;57.0549577;-0.005108221;0.01777808;57.1090000
483.000010251999;57.0315830;57.0449442;0.01692278;0.0006427406;57.1090000
484.000027179718;57.0961826;57.0703953;0.06394086;0.01864526;57.1090000
485.000014305115;57.1105381;57.1137279;-0.006371025;0.03221425;57.1770000
486.000031232834;57.1101621;57.1239204;-0.004897499;0.01754969;57.1770000
487.000018358231;57.1017949;57.1143241;0.01648944;0.0007917681;57.1770000
488.00003528595;57.1645488;57.1395367;0.0621097;0.01848061;57.1770000
489.000022411346;57.1784941;57.1819752;-0.006231605;0.03161099;57.2450000
490.000009536743;57.1781621;57.1915121;-0.004852007;0.01694292;57.2450000
491.000026464462;57.1697949;57.1813197;0.01660135;0.0001851579;57.2450000
492.000013589859;57.2325488;57.2062343;0.06225481;0.01806663;57.2450000
493.000030517578;57.2464941;57.2486728;-0.006086495;0.03146683;57.3120000
494.000017642975;57.2461450;57.2586864;-0.004712436;0.01719159;57.3120000
495.000034570694;57.2379009;57.2492094;0.01636243;0.0007067904;57.3120000
496.000021696091;57.2997319;57.2743624;0.06127713;0.01839288;57.3120000
497.000008821487;57.3134722;57.3163837;-0.006082204;0.03129603;57.3780000
498.000025749207;57.3131279;57.3258609;-0.004684304;0.01678933;57.3780000
499.000012874603;57.3050068;57.3154897;0.01619139;9.612263E-06;57.3780000
500;57.3659150;57.3399871;0.06046694;0.01770529;57.3780000
501.000046730042;57.3794502;57.3819488;-0.005950262;0.03101505;57.4420000
502.000033855438;57.3790938;57.3916645;-0.004567263;0.0168248;57.4420000
503.000020980835;57.3712188;57.3817105;0.01566437;0.0002806886;57.4420000
504.000008106232;57.4302812;57.4054330;0.05860185;0.01730702;57.4420000
504.999995231628;57.4434062;57.4456662;-0.005751803;0.02986568;57.5060000
506.00004196167;57.4430938;57.4543089;-0.004416225;0.01577339;57.5060000
507.000029087067;57.4352188;57.4441165;0.01584197;-0.0002344904;57.5060000
508.000016212463;57.4942812;57.4680775;0.05875288;0.01723257;57.5060000
509.00000333786;57.5074062;57.5090855;-0.005687103;0.03024672;57.5690000
510.000050067902;57.5070767;57.5185031;-0.004390289;0.01636167;57.5690000
511.000037193298;57.4993247;57.5087876;0.01551598;0.0002530962;57.5690000
512.000024318695;57.5574644;57.5325101;0.05774128;0.01722308;57.5690000
513.000011444092;57.5703843;57.5726837;-0.005670256;0.02980142;57.6310000
513.999998569489;57.5700596;57.5816245;-0.004356241;0.01593309;57.6310000
515.00004529953;57.5624307;57.5717897;0.01526453;3.731245E-05;57.6310000
516.000032424927;57.6196475;57.5950950;0.05682412;0.01686665;57.6310000
517.000019550323;57.6323623;57.6349705;-0.005618724;0.02949293;57.6930000
518.00000667572;57.6320596;57.6442093;-0.004421398;0.01599821;57.6930000
519.000053405762;57.6244307;57.6346130;0.0151728;0.0001775074;57.6930000
520.000040531158;57.6816475;57.6576799;0.05675895;0.01676334;57.6930000
521.000027656555;57.6943623;57.6971978;-0.005644049;0.02920901;57.7530000
522.000014781952;57.6940254;57.7060194;-0.004305092;0.01562636;57.7530000
523.000001907349;57.6866426;57.6961846;0.0147181;-9.552159E-05;57.7530000
524.00004863739;57.7420137;57.7178806;0.0550326;0.01576526;57.7530000
525.000035762787;57.7543184;57.7560276;-0.005346685;0.02809953;57.8120000
526.000022888184;57.7540083;57.7649683;-0.004140407;0.01531193;57.8120000
527.00001001358;57.7467485;57.7560277;0.01448436;0.0003157387;57.8120000
527.999997138977;57.8011968;57.7780217;0.05405347;0.01602408;57.8120000
529.000043869019;57.8132964;57.8156322;-0.005330562;0.0278562;57.8700000
530.000030994415;57.8129912;57.8240962;-0.004107083;0.01495994;57.8700000
531.000018119812;57.8058545;57.8149766;0.01423885;0.0001052824;57.8700000
532.000005245209;57.8593799;57.8363746;0.05316215;0.0155633;57.8700000
533.00005197525;57.8712744;57.8734487;-0.00522663;0.02741137;57.9280000
534.000039100647;57.8709912;57.8823894;-0.004139751;0.01508271;57.9280000
535.000026226044;57.8638545;57.8739852;0.01412647;0.0005524251;57.9280000
536.00001335144;57.9173799;57.8955620;0.05302985;0.01580137;57.9280000
537.000000476837;57.9292744;57.9323977;-0.005332365;0.02738521;57.9840000
538.000047206879;57.9289570;57.9411000;-0.004123776;0.01495632;57.9840000
539.000034332275;57.9220664;57.9326362;0.01355151;0.0004522307;57.9840000
540.000021457672;57.9737461;57.9531401;0.05115004;0.01502586;57.9840000
541.000008583069;57.9852305;57.9888433;-0.005215029;0.02643449;58.0400000
542.00005531311;57.9849570;57.9973072;-0.004146862;0.01445353;58.0400000
543.000042438507;57.9780664;57.9890222;0.0135085;0.0003723025;58.0400000
544.000029563904;58.0297461;58.0095261;0.05110703;0.01497264;58.0400000
545.000016689301;58.0412305;58.0451101;-0.005244755;0.02632984;58.0940000
546.000003814697;58.0409229;58.0532164;-0.004041586;0.01420085;58.0940000
547.000050544739;58.0342783;58.0445141;0.01306268;4.003179E-05;58.0940000
548.000037670135;58.0841123;58.0637067;0.04938291;0.01399783;58.0940000
549.000024795532;58.0951865;58.0976814;-0.0049186;0.02504454;58.1480000
550.000011920929;58.0949229;58.1055493;-0.003855842;0.01360026;58.1480000
550.999999046326;58.0882783;58.0976219;0.01316208;0.0002905946;58.1480000
552.000045776367;58.1381123;58.1176489;0.04938935;0.01459951;58.1480000
553.000032901764;58.1491865;58.1522792;-0.004985206;0.02564217;58.2010000
554.000020027161;58.1489058;58.1600875;-0.003868233;0.01377545;58.2010000
555.000007152557;58.1423843;58.1516833;0.01290403;5.347802E-05;58.2010000
556.000053882599;58.1912954;58.1709355;0.04850542;0.01401482;58.2010000
557.000041007996;58.2021646;58.2046717;-0.004834022;0.02489715;58.2530000
558.000028133392;58.2018887;58.2125991;-0.003766243;0.01358217;58.2530000
559.000015258789;58.1954902;58.2044334;0.01268065;0.0001314153;58.2530000
560.000002384186;58.2434785;58.2236260;0.0475765;0.01395456;58.2530000
561.000049114227;58.2541426;58.2568258;-0.004767705;0.02456897;58.3040000
562.000036239624;58.2538716;58.2642169;-0.003676085;0.01315835;58.3040000
563.000023365021;58.2475962;58.2559318;0.01248533;-0.0001117254;58.3040000
564.000010490417;58.2946616;58.2745284;0.04673538;0.0134819;58.3040000
564.999997615814;58.3051206;58.3073109;-0.00462685;0.02412603;58.3540000
566.000044345856;58.3048545;58.3148808;-0.003591064;0.01309659;58.3540000
567.000031471252;58.2987021;58.3070130;0.01222506;0.0001295679;58.3540000
568.000018596649;58.3448447;58.3253711;0.04578949;0.01341733;58.3540000
569.000005722046;58.3550986;58.3577960;-0.004597412;0.02391387;58.4030000
570.000052452087;58.3548374;58.3650679;-0.003564336;0.01283248;58.4030000
571.000039577484;58.3488081;58.3568425;0.01199285;-0.0001688428;58.4030000
572.000026702881;58.3940278;58.3747238;0.0448982;0.01300379;58.4030000
573.000013828278;58.4040767;58.4063142;-0.004460234;0.02326624;58.4520000
574.000000953674;58.4038374;58.4134669;-0.003497374;0.01251124;58.4520000
575.000047683716;58.3978081;58.4052414;0.01205982;-0.0002926887;58.4520000
576.000034809113;58.4430278;58.4233612;0.0449386;0.01307186;58.4520000
577.000021934509;58.4530767;58.4550708;-0.004433115;0.02333534;58.4990000
578.000009059906;58.4528032;58.4620447;-0.003355186;0.01242534;58.4990000
579.000055789948;58.4470200;58.4537000;0.01161771;-0.0003960085;58.4990000
580.000042915344;58.4903940;58.4708065;0.04318499;0.01234746;58.4990000
581.000030040741;58.5000327;58.5013836;-0.004189576;0.02243696;58.5460000
582.000017166138;58.4998032;58.5081787;-0.003258698;0.01200959;58.5460000
583.000004291534;58.4940200;58.5005493;0.0116345;-0.0001175557;58.5460000
584.000051021576;58.5373940;58.5180133;0.04316195;0.01265011;58.5460000
585.000038146973;58.5470327;58.5483521;-0.004186066;0.0223735;58.5910000
586.000025272369;58.5467690;58.5550875;-0.003153389;0.0119406;58.5910000
587.000012397766;58.5412319;58.5473985;0.01114887;-0.0001791506;58.5910000
587.999999523163;58.5827603;58.5637897;0.04137147;0.01188878;58.5910000
589.000046253204;58.5919888;58.5928768;-0.003966126;0.02136221;58.6360000
590.000033378601;58.5917690;58.5998506;-0.003126994;0.01171768;58.6360000
591.000020503998;58.5862319;58.5925788;0.01112878;1.576466E-05;58.6360000
592.000007629395;58.6277603;58.6096257;0.04127832;0.01237543;58.6360000
593.000054359436;58.6369888;58.6391300;-0.004105755;0.02181036;58.6800000
594.000041484833;58.6367520;58.6458058;-0.003185835;0.01170543;58.6800000
595.000028610229;58.6313379;58.6382360;0.01080435;-0.0002159151;58.6800000
596.000015735626;58.6719434;58.6542696;0.04035458;0.01163088;58.6800000
597.000002861023;58.6809668;58.6827606;-0.003981111;0.0209435;58.7230000
598.000049591064;58.6807349;58.6893172;-0.003083823;0.01130599;58.7230000
599.000036716461;58.6754438;58.6820454;0.01057436;-0.00018023;58.7230000
600.000023841858;58.7151265;58.6977809;0.03944562;0.01138848;58.7230000
601.000010967255;58.7239448;58.7258547;-0.003908108;0.020611;58.7650000
602.000057697296;58.7237178;58.7321729;-0.003020171;0.01105459;58.7650000
603.000044822693;58.7185498;58.7250800;0.0103193;-0.0001723729;58.7650000
604.00003194809;58.7573096;58.7402791;0.03853812;0.01100172;58.7650000
605.000019073486;58.7659229;58.7676972;-0.003807063;0.02008329;58.8070000
606.000006198883;58.7657178;58.7741345;-0.003015893;0.0109711;58.8070000
607.000052928925;58.7605498;58.7673993;0.01028372;4.59387E-05;58.8070000
608.000040054321;58.7993096;58.7830752;0.03844942;0.01138039;58.8070000
609.000027179718;58.8079229;58.8106721;-0.003915684;0.02035029;58.8470000
610.000014305115;58.8076836;58.8169903;-0.003016096;0.01096997;58.8470000
611.000001430511;58.8027617;58.8102550;0.009685948;9.765759E-06;58.8470000
612.000048160553;58.8396758;58.8244408;0.03659328;0.01040278;58.8470000
613.00003528595;58.8478789;58.8501900;-0.003694997;0.01888708;58.8870000
614.000022411346;58.8476836;58.8560909;-0.002915887;0.01022509;58.8870000
615.000009536743;58.8427617;58.8495941;0.009759584;-8.103641E-05;58.8870000
616.000056266785;58.8796758;58.8641971;0.03662043;0.01059311;58.8870000
617.000043392181;58.8878789;58.8901847;-0.003694406;0.01911576;58.9250000
618.000030517578;58.8876494;58.8960857;-0.00282016;0.01031825;58.9250000
619.000017642975;58.8829736;58.8898868;0.00922454;0.0001161379;58.9250000
620.000004768372;58.9180420;58.9032978;0.0347938;0.009848145;58.9250000
621.000051498413;58.9258350;58.9276761;-0.003470756;0.01788513;58.9630000
622.00003862381;58.9256494;58.9333385;-0.002736909;0.009728867;58.9630000
623.000025749207;58.9209736;58.9274973;0.009267936;0.0001045281;58.9630000
624.000012874603;58.9560420;58.9413851;0.03478407;0.01011042;58.9630000
625;58.9638350;58.9661211;-0.003520336;0.01820239;59.0010000
626.000046730042;58.9636494;58.9719028;-0.002799782;0.009879159;59.0010000
627.000033855438;58.9589736;58.9658231;0.009231636;9.021645E-06;59.0010000
628.000020980835;58.9940420;58.9795321;0.03476769;0.01000596;59.0010000
629.000008106232;59.0018350;59.0040892;-0.003516782;0.01806013;59.0370000
630.000054836273;59.0016152;59.0098114;-0.00269445;0.009810436;59.0370000
631.00004196167;58.9971855;59.0037317;0.008739388;-6.657558E-06;59.0370000
632.000029087067;59.0304082;59.0162486;0.03298388;0.009186676;59.0370000
633.000016212463;59.0377910;59.0393752;-0.003270257;0.01689751;59.0720000
634.00000333786;59.0375981;59.0446800;-0.002520819;0.009153824;59.0720000
635.000050067902;59.0332915;59.0390176;0.008567741;3.033232E-05;59.0720000
636.000037193298;59.0655913;59.0515345;0.03210003;0.009172883;59.0720000
637.000024318695;59.0727690;59.0743035;-0.003178783;0.01672078;59.1070000
638.000011444092;59.0725981;59.0794296;-0.00249292;0.008969537;59.1070000
639.000058174133;59.0682915;59.0738864;0.008582359;-6.002081E-06;59.1070000
640.00004529953;59.1005913;59.0865224;0.03210137;0.009201809;59.1070000
641.000032424927;59.1077690;59.1094106;-0.003190715;0.01677601;59.1410000
642.000019550323;59.1075811;59.1145367;-0.002457267;0.009004207;59.1410000
643.00000667572;59.1033975;59.1089935;0.008319216;2.601667E-05;59.1410000
644.000053405762;59.1347744;59.1212123;0.03117251;0.008961908;59.1410000
645.000040531158;59.1417471;59.1433257;-0.003097759;0.01630164;59.1740000
646.000027656555;59.1415640;59.1483326;-0.002386953;0.008772896;59.1740000
647.000014781952;59.1375034;59.1430873;0.008057543;0.000132292;59.1740000
648.000001907349;59.1679575;59.1548294;0.03025176;0.00865359;59.1740000
649.00004863739;59.1747251;59.1761678;-0.002996679;0.01565399;59.2060000
650.000035762787;59.1745469;59.1808170;-0.002281932;0.008312358;59.2060000
651.000022888184;59.1706094;59.1755123;0.007870397;-8.539823E-05;59.2060000
652.00001001358;59.2001406;59.1867178;0.0294122;0.008201296;59.2060000
653.000056743622;59.2067031;59.2074603;-0.002834365;0.01513283;59.2380000
654.000043869019;59.2065469;59.2121094;-0.002203093;0.008124258;59.2380000
655.000030994415;59.2026094;59.2070431;0.007922674;-2.815817E-05;59.2380000
656.000018119812;59.2321406;59.2185467;0.02943126;0.008378581;59.2380000
657.000005245209;59.2387031;59.2394680;-0.002835223;0.01531742;59.2680000
658.00005197525;59.2385127;59.2441172;-0.002108814;0.008186687;59.2680000
659.000039100647;59.2348213;59.2390508;0.007419385;-3.399306E-06;59.2680000
660.000026226044;59.2625068;59.2493623;0.0276364;0.007611556;59.2680000
661.00001335144;59.2686592;59.2686742;-0.002579796;0.01411959;59.2980000
662.000060081482;59.2685127;59.2731446;-0.00200045;0.007665605;59.2980000
663.000047206879;59.2648213;59.2684955;0.007481255;5.586037E-05;59.2980000
664.000034332275;59.2925068;59.2796415;0.0276053;0.008126644;59.2980000
665.000021457672;59.2986592;59.2994898;-0.002670668;0.01461345;59.3270000
666.000008583069;59.2984956;59.3038411;-0.002030478;0.00774347;59.3270000
667.00005531311;59.2949272;59.2987151;0.007205565;-0.0002320327;59.3270000
668.000042438507;59.3216899;59.3090862;0.02670375;0.0074998;59.3270000
669.000029563904;59.3276372;59.3281001;-0.002543763;0.01388134;59.3560000
670.000016689301;59.3274956;59.3323321;-0.001973767;0.007423804;59.3560000
671.000003814697;59.3239272;59.3275637;0.007222434;-0.0001194931;59.3560000
672.000050544739;59.3506899;59.3381732;0.02669406;0.007718285;59.3560000
673.000037670135;59.3566372;59.3573063;-0.002566737;0.01403637;59.3830000
674.000024795532;59.3564614;59.3615384;-0.001901604;0.007489297;59.3830000
675.000011920929;59.3531392;59.3566508;0.006710308;-0.0001605906;59.3830000
676.00005865097;59.3780562;59.3661278;0.02488372;0.00692105;59.3830000
677.000045776367;59.3835933;59.3837708;-0.002340089;0.01287423;59.4100000
678.000032901764;59.3834614;59.3877048;-0.001808727;0.006891676;59.4100000
679.000020027161;59.3801392;59.3833537;0.00674341;-5.907795E-05;59.4100000
680.000007152557;59.4050562;59.3933671;0.02485706;0.007281846;59.4100000
681.000053882599;59.4105933;59.4114870;-0.002419886;0.01330721;59.4360000
682.000041007996;59.4104443;59.4153018;-0.001827669;0.00698454;59.4360000
683.000028133392;59.4072451;59.4105930;0.006465526;-0.0002298143;59.4360000
684.000015258789;59.4312393;59.4198912;0.02394667;0.006752191;59.4360000
685.000061988831;59.4365713;59.4371766;-0.002301816;0.01262733;59.4620000
686.000049114227;59.4364443;59.4409317;-0.001786433;0.006719829;59.4620000
687.000036239624;59.4332451;59.4365210;0.006473548;-0.000152201;59.4620000
688.000023365021;59.4572393;59.4460577;0.02392812;0.006907091;59.4620000
689.000010490417;59.4625713;59.4635218;-0.002340277;0.01275016;59.4860000
690.000057220459;59.4624102;59.4672174;-0.001723106;0.006687893;59.4860000
691.000044345856;59.4594570;59.4628663;0.005932644;-0.0001382381;59.4860000
692.000031471252;59.4816055;59.4712704;0.02208901;0.00615831;59.4860000
693.000018596649;59.4865273;59.4870656;-0.002122476;0.01151396;59.5100000
694.000005722046;59.4864102;59.4905228;-0.001645716;0.006136985;59.5100000
695.000052452087;59.4834570;59.4866485;0.005956911;-2.432354E-05;59.5100000
696.000039577484;59.5056055;59.4955295;0.02206014;0.006476187;59.5100000
697.000026702881;59.5105273;59.5116824;-0.002191198;0.01185118;59.5340000
698.000013828278;59.5104102;59.5151395;-0.001714427;0.006256314;59.5340000
699.000060558319;59.5074570;59.5110268;0.005914761;-0.0001471217;59.5340000
700.000047683716;59.5296055;59.5196694;0.02204455;0.006275716;59.5340000
701.000034809113;59.5345273;59.5356434;-0.002186853;0.01168083;59.5560000
702.000021934509;59.5343760;59.5391006;-0.001614945;0.006185318;59.5560000
703.000009059906;59.5316689;59.5350475;0.005410023;-0.0001338562;59.5560000
704.000055789948;59.5519717;59.5426768;0.02022832;0.005592286;59.5560000
705.000042915344;59.5564834;59.5569819;-0.001946167;0.01044421;59.5780000
706.000030040741;59.5563760;59.5599622;-0.001488107;0.005461845;59.5780000
707.000017166138;59.5536689;59.5562071;0.005503658;-0.0002248903;59.5780000
708.000004291534;59.5739717;59.5641941;0.0202821;0.005750891;59.5780000
709.000051021576;59.5784834;59.5788568;-0.001932228;0.01069273;59.5990000
710.000038146973;59.5783589;59.5818967;-0.001433235;0.005568338;59.5990000
711.000025272369;59.5757749;59.5782609;0.005246453;-0.0001154218;59.5990000
712.000012397766;59.5951548;59.5857709;0.01936584;0.005474864;59.5990000
713.000059127808;59.5994614;59.5996588;-0.001826681;0.01016592;59.6200000
714.000046253204;59.5993589;59.6026392;-0.001404545;0.005373272;59.6200000
715.000033378601;59.5967749;59.5993013;0.005241952;2.962168E-05;59.6200000
716.000020503998;59.6161548;59.6071094;0.01932813;0.005712081;59.6200000
717.000007629395;59.6204614;59.6212953;-0.001897599;0.01043872;59.6390000
718.000054359436;59.6203247;59.6243352;-0.001386944;0.005510153;59.6390000
719.000041484833;59.6179868;59.6209974;0.004661962;3.556329E-05;59.6390000
720.000028610229;59.6355210;59.6274942;0.01746985;0.004793503;59.6390000
721.000015735626;59.6394175;59.6398324;-0.00167904;0.008969304;59.6580000
722.000062465668;59.6393247;59.6422762;-0.001268953;0.004628222;59.6580000
723.000049591064;59.6369868;59.6390576;0.004766672;-0.000170821;59.6580000
724.000036716461;59.6545210;59.6462101;0.0175015;0.005130635;59.6580000
725.000023841858;59.6584175;59.6590847;-0.00170715;0.009416606;59.6770000
726.000010967255;59.6583247;59.6616478;-0.001310356;0.00485427;59.6770000
727.000057697296;59.6559868;59.6583695;0.004731921;-0.0001397044;59.6770000
728.000044822693;59.6735210;59.6653431;0.01748668;0.005032972;59.6770000
729.00003194809;59.6774175;59.6781581;-0.001715328;0.009368239;59.6950000
730.000019073486;59.6773076;59.6807808;-0.0012776;0.004855813;59.6950000
731.000006198883;59.6750928;59.6776814;0.004445959;-5.372557E-05;59.6950000
732.000052928925;59.6917041;59.6841186;0.01654828;0.004703328;59.6950000
733.000040054321;59.6953955;59.6959203;-0.001605347;0.00863233;59.7120000
734.000027179718;59.6952905;59.6983046;-0.001176969;0.004441052;59.7120000
735.000014305115;59.6931987;59.6954436;0.004221233;-6.037882E-05;59.7120000
736.000061035156;59.7088872;59.7017020;0.01563129;0.004534189;59.7120000
737.000048160553;59.7123735;59.7130865;-0.001540378;0.008352495;59.7280000
738.00003528595;59.7122734;59.7153514;-0.00113461;0.00431596;59.7280000
739.000022411346;59.7103047;59.7125501;0.003958156;-5.776782E-05;59.7280000
740.000009536743;59.7250703;59.7182721;0.01471577;0.004147055;59.7280000
741.000056266785;59.7283516;59.7290009;-0.001447343;0.00778035;59.7440000
742.000043392181;59.7282734;59.7311468;-0.001111814;0.004014459;59.7440000
743.000030517578;59.7263047;59.7284646;0.003967682;-9.581386E-05;59.7440000
744.000017642975;59.7410703;59.7344249;0.01469875;0.00429135;59.7440000
745.000064373016;59.7443516;59.7452730;-0.00147766;0.007914376;59.7600000
746.000051498413;59.7442734;59.7475380;-0.0011554;0.004135388;59.7600000
747.00003862381;59.7423047;59.7449154;0.003917455;-1.45023E-05;59.7600000
748.000025749207;59.7570703;59.7509950;0.01463523;0.004410055;59.7600000
749.000012874603;59.7603516;59.7616642;-0.001521247;0.007883524;59.7740000
750.000059604645;59.7602393;59.7637505;-0.001083917;0.00400536;59.7740000
751.000046730042;59.7585166;59.7613067;0.003371425;4.109653E-05;59.7740000
752.000033855438;59.7714365;59.7663134;0.01278434;0.003683694;59.7740000
753.000020980835;59.7743076;59.7753733;-0.001321863;0.006652796;59.7890000
754.000008106232;59.7742563;59.7770423;-0.001052597;0.003342466;59.7890000
755.000054836273;59.7724106;59.7746582;0.003694891;-0.0001392954;59.7890000
756.00004196167;59.7862534;59.7805589;0.0137204;0.004224964;59.7890000
757.000029087067;59.7893296;59.7906917;-0.001440824;0.007485044;59.8020000
758.000016212463;59.7892222;59.7926588;-0.001026127;0.003790855;59.8020000
759.000062942505;59.7876226;59.7903342;0.003117151;2.888999E-05;59.8020000
760.000050067902;59.7996196;59.7949236;0.01186436;0.003401097;59.8020000
761.000037193298;59.8022856;59.8032683;-0.001226677;0.006129718;59.8150000
762.000024318695;59.8022222;59.8048181;-0.0009324579;0.003072024;59.8150000
763.000011444092;59.8006226;59.8026723;0.003190898;-0.000123948;59.8150000
764.000058174133;59.8126196;59.8076194;0.01189826;0.00353221;59.8150000
765.00004529953;59.8152856;59.8160237;-0.001199425;0.006200089;59.8280000
766.000032424927;59.8152222;59.8175735;-0.0009052051;0.003070064;59.8280000
767.000019550323;59.8136226;59.8155469;0.00320487;-5.144709E-05;59.8280000
768.00000667572;59.8256196;59.8206728;0.01189231;0.00369311;59.8280000
769.000053405762;59.8282856;59.8292559;-0.001225296;0.006384121;59.8400000
770.000040531158;59.8282051;59.8308057;-0.0008835024;0.003162497;59.8400000
771.000027656555;59.8267285;59.8287196;0.002934407;-4.862758E-05;59.8400000
772.000014781952;59.8378027;59.8330706;0.01099599;0.003163536;59.8400000
773.000061511993;59.8402637;59.8408788;-0.001099783;0.005741904;59.8510000
774.00004863739;59.8401880;59.8423690;-0.0007872725;0.002910102;59.8510000
775.000035762787;59.8388345;59.8405213;0.00270529;9.295444E-06;59.8510000
776.000022888184;59.8489858;59.8445743;0.01008787;0.002965107;59.8510000
777.00001001358;59.8512417;59.8517269;-0.0009993722;0.00525322;59.8620000
778.000056743622;59.8511880;59.8529787;-0.0007437862;0.002591229;59.8620000
779.000043869019;59.8498345;59.8512501;0.002735506;-3.307351E-05;59.8620000
780.000030994415;59.8599858;59.8556012;0.01008487;0.003139541;59.8620000
781.000018119812;59.8622417;59.8628133;-0.001008999;0.00538004;59.8720000
782.000064849854;59.8621709;59.8639459;-0.0006925577;0.002564433;59.8720000
783.00005197525;59.8609404;59.8623366;0.002474647;1.640543E-05;59.8720000
784.000039100647;59.8701689;59.8661512;0.0091716;0.002780527;59.8720000
785.000026226044;59.8722197;59.8727673;-0.0009203872;0.004896519;59.8820000
786.00001335144;59.8721709;59.8737807;-0.0006741516;0.002332146;59.8820000
787.000060081482;59.8709404;59.8722310;0.002486413;-2.56768E-05;59.8820000
788.000047206879;59.8801689;59.8761648;0.009170084;0.002811173;59.8820000
789.000034332275;59.8822197;59.8826021;-0.000901981;0.004775459;59.8910000
790.000021457672;59.8821538;59.8836155;-0.0006081715;0.002289056;59.8910000
791.000008583069;59.8810464;59.8820657;0.002253619;-4.294762E-05;59.8910000
792.00005531311;59.8893521;59.8855823;0.008271584;0.002513754;59.8910000
793.000042438507;59.8911978;59.8915428;-0.0008118765;0.004410085;59.9000000
794.000029563904;59.8911538;59.8926158;-0.0006082049;0.002190906;59.9000000
795.000016689301;59.8900464;59.8911852;0.002240305;-2.702361E-05;59.9000000
796.000063419342;59.8983521;59.8947614;0.00825163;0.002536924;59.9000000
797.000050544739;59.9001978;59.9008411;-0.0008451123;0.004496971;59.9080000
798.000037670135;59.9001367;59.9017949;-0.0005805859;0.002167586;59.9080000
799.000024795532;59.8991523;59.9004240;0.001962477;2.021604E-05;59.9080000
800.000011920929;59.9065352;59.9034637;0.007321385;0.002173066;59.9080000
801.00005865097;59.9081758;59.9087089;-0.0007468966;0.003836097;59.9160000
802.000045776367;59.9081367;59.9096031;-0.000559216;0.001885515;59.9160000
803.000032901764;59.9071523;59.9083514;0.001970566;-6.656292E-06;59.9160000
804.000020027161;59.9145352;59.9115699;0.007309552;0.00229029;59.9160000
805.000066757202;59.9161758;59.9167555;-0.0007520887;0.003862209;59.9240000
806.000053882599;59.9161367;59.9176497;-0.0005644081;0.001894049;59.9240000
807.000041007996;59.9151523;59.9164576;0.001958733;7.125437E-05;59.9240000
808.000028133392;59.9225352;59.9197358;0.007291068;0.002366263;59.9240000
809.000015258789;59.9241758;59.9249214;-0.0007705729;0.003886623;59.9310000
810.000061988831;59.9241196;59.9257559;-0.0005286667;0.001851637;59.9310000
811.000049114227;59.9232583;59.9245042;0.001702331;-2.694491E-06;59.9310000
812.000036239624;59.9297183;59.9272460;0.006382228;0.001984057;59.9310000
813.000023365021;59.9311538;59.9315971;-0.0006509539;0.003266842;59.9370000
814.000010490417;59.9311025;59.9322528;-0.0004250386;0.001532889;59.9370000
815.000057220459;59.9303643;59.9312396;0.001480601;1.065109E-05;59.9370000
816.000044345856;59.9359014;59.9336833;0.00548151;0.001747939;59.9370000
817.000031471252;59.9371318;59.9374980;-0.0005564261;0.002861871;59.9430000
818.000018596649;59.9371025;59.9379749;-0.0003940756;0.00129956;59.9430000
819.000065326691;59.9363643;59.9370808;0.001498294;6.290085E-06;59.9430000
820.000052452087;59.9419014;59.9397629;0.005472641;0.00189234;59.9430000
821.000039577484;59.9431318;59.9435776;-0.0005652949;0.002925376;59.9490000
822.000026702881;59.9431025;59.9440546;-0.0004029556;0.001310424;59.9490000
823.000013828278;59.9423643;59.9431605;0.001489414;1.053578E-05;59.9490000
824.000060558319;59.9479014;59.9457830;0.005470402;0.001868125;59.9490000
825.000047683716;59.9491318;59.9496573;-0.0005741749;0.002933578;59.9540000
826.000034809113;59.9490854;59.9501342;-0.0003642505;0.001303566;59.9540000
827.000021934509;59.9484702;59.9493594;0.001216032;5.929891E-05;59.9540000
828.000068664551;59.9530845;59.9514454;0.004544603;0.00148393;59.9540000
829.000055789948;59.9541099;59.9547237;-0.0004980756;0.002457141;59.9590000
830.000042915344;59.9540854;59.9549622;-0.0003450867;0.001015187;59.9590000
831.000030040741;59.9534702;59.9542470;0.001228555;1.414806E-05;59.9590000
832.000017166138;59.9580845;59.9565714;0.004530564;0.001633663;59.9590000
833.000063896179;59.9591099;59.9597305;-0.0004988332;0.002432359;59.9640000
834.000051021576;59.9590854;59.9599690;-0.0003458443;0.001002625;59.9640000
835.000038146973;59.9584702;59.9591941;0.001234449;-2.283221E-05;59.9640000
836.000025272369;59.9630845;59.9615186;0.004536448;0.001629594;59.9640000
837.000012397766;59.9641099;59.9646777;-0.0004929503;0.002458787;59.9680000
838.000059127808;59.9640684;59.9649162;-0.0002923765;0.0009967918;59.9680000
839.000046253204;59.9635762;59.9642009;0.0009824807;-9.824929E-06;59.9680000
840.000033378601;59.9672676;59.9659890;0.003632041;0.001238645;59.9680000
841.000020503998;59.9680879;59.9683136;-0.0003688969;0.001785385;59.9720000
842.000067234039;59.9680684;59.9683137;-0.0002252474;0.00060764;59.9720000
843.000054359436;59.9675762;59.9677772;0.001029688;-6.041296E-05;59.9720000
844.000041484833;59.9712676;59.9699229;0.003639406;0.001440857;59.9720000
845.000028610229;59.9720879;59.9724263;-0.0003814537;0.001967063;59.9760000
846.000015735626;59.9720684;59.9724860;-0.0002444446;0.000699937;59.9760000
847.000062465668;59.9715762;59.9718899;0.001017131;-4.658786E-05;59.9760000
848.000049591064;59.9752676;59.9739164;0.00364013;0.001368504;59.9760000
849.000036716461;59.9760879;59.9764198;-0.0003807294;0.001934715;59.9790000
850.000023841858;59.9760513;59.9765391;-0.000202787;0.0007403076;59.9790000
851.000010967255;59.9756821;59.9760027;0.000753342;7.794262E-06;59.9790000
852.000057697296;59.9784507;59.9774927;0.002723925;0.001033655;59.9790000
853.000044822693;59.9790659;59.9793404;-0.0002883966;0.001454325;59.9820000
854.00003194809;59.9790513;59.9792809;-0.000174019;0.0004713354;59.9820000
855.000019073486;59.9786821;59.9788041;0.0007754695;-7.577319E-05;59.9820000
856.000065803528;59.9814507;59.9804133;0.002732772;0.001053708;59.9820000
857.000052928925;59.9820659;59.9822610;-0.0002795501;0.00145359;59.9850000
858.000040054321;59.9820513;59.9822015;-0.0001651724;0.0004749783;59.9850000
859.000027179718;59.9816821;59.9816651;0.0007909565;-0.0001074655;59.9850000
860.000014305115;59.9844507;59.9833935;0.002734978;0.001102752;59.9850000
861.000061035156;59.9850659;59.9853009;-0.0002839956;0.001518342;59.9870000
862.000048160553;59.9850342;59.9851222;-0.0001087631;0.0004374472;59.9870000
863.00003528595;59.9847881;59.9847645;0.0005286711;-7.997432E-06;59.9870000
864.000022411346;59.9866338;59.9859565;0.001820255;0.0007934242;59.9870000
865.000069141388;59.9870439;59.9870890;-0.0001768999;0.0009365141;59.9890000
866.000056266785;59.9870342;59.9868507;-7.851321E-05;0.0001859274;59.9890000
867.000043392181;59.9867881;59.9866123;0.0005456288;-4.640746E-05;59.9890000
868.000030517578;59.9886338;59.9877447;0.001843853;0.0007244512;59.9890000
869.000017642975;59.9890439;59.9886983;-0.0001333691;0.0008011224;59.9910000
870.000064373016;59.9890342;59.9884004;-2.83419E-05;8.483245E-05;59.9910000
871.000051498413;59.9887881;59.9882215;0.0005891708;-2.297833E-05;59.9910000
872.00003862381;59.9906338;59.9894136;0.001880743;0.00076726;59.9910000
873.000025749207;59.9910439;59.9904269;-0.0001031304;0.0008489072;59.9930000
874.000012874603;59.9910342;59.9901290;1.89682E-06;0.0001029326;59.9930000
875.000059604645;59.9907881;59.9900097;0.000612769;-1.913255E-05;59.9930000
876.000046730042;59.9926338;59.9912613;0.001897712;0.0008164468;59.9930000
877.000033855438;59.9930439;59.9923938;-9.944245E-05;0.0009321949;59.9940000
878.000020980835;59.9930171;59.9923343;2.659672E-05;0.0002767073;59.9940000
879.000067710876;59.9928940;59.9920959;0.0003519431;-3.988668E-06;59.9940000
880.000054836273;59.9938169;59.9927515;0.0009911;0.0004313501;59.9940000
881.00004196167;59.9940220;59.9931687;9.135096E-06;0.0003822458;59.9950000
882.000029087067;59.9940171;59.9929900;6.495778E-05;4.102711E-05;59.9950000
883.000016212463;59.9938940;59.9929899;0.0003637534;7.539924E-05;59.9950000
884.000062942505;59.9948169;59.9934667;0.001022832;0.0003511603;59.9950000
885.000050067902;59.9950220;59.9936455;6.742874E-05;0.0002291426;59.9960000
886.000037193298;59.9950171;59.9934072;0.0001298919;-4.234862E-05;59.9960000
887.000024318695;59.9948940;59.9934667;0.000422047;5.038944E-05;59.9960000
888.000071048737;59.9958169;59.9938839;0.001087766;0.0002444812;59.9960000
889.000058174133;59.9960220;59.9941224;0.0001257113;0.0001973129;59.9970000
890.00004529953;59.9960171;59.9938840;0.0001881856;-3.167052E-05;59.9970000
891.000032424927;59.9958940;59.9940032;0.0004736891;9.361214E-05;59.9970000
892.000019550323;59.9968169;59.9944204;0.001139408;0.000282286;59.9970000
893.000066280365;59.9970220;59.9946588;0.0001773644;0.0002185866;59.9980000
894.000053405762;59.9970171;59.9945993;0.0002199062;3.230401E-05;59.9980000
895.000040531158;59.9968940;59.9945992;0.0005187017;3.637389E-05;59.9980000
896.000027656555;59.9978169;59.9951356;0.00117114;0.0003721034;59.9980000
897.000014781952;59.9980220;59.9956125;0.000182523;0.0004220213;59.9990000
898.000061511993;59.9980171;59.9956125;0.0002184355;0.0001644805;59.9990000
899.00004863739;59.9978940;59.9955530;0.0005238493;2.695976E-05;59.9990000
900.000035762787;59.9988169;59.9960893;0.001176298;0.0003661789;59.9990000
901.000022888184;59.9990220;59.9966854;0.0001744007;0.0004848265;59.9990000
902.000069618225;59.9990000;59.9968046;0.0002446061;0.0002481645;59.9990000
903.000056743622;59.9990000;59.9966855;0.0002578759;3.755843E-05;59.9990000
904.000043869019;59.9990000;59.9968046;0.0002446061;8.584675E-05;59.9990000
905.000030994415;59.9990000;59.9969238;0.0002313251;8.97608E-05;59.9990000
906.000018119812;59.9990000;59.9968643;0.0002379544;-2.161797E-06;59.9990000
907.000064849854;59.9990000;59.9968643;0.0002379544;-8.425483E-07;59.9990000
908.00005197525;59.9990000;59.9969238;0.0002313251;2.286141E-05;59.9990000
909.000039100647;59.9990000;59.9969238;0.0002313251;8.910105E-06;60.0000000
910.000026226044;59.9990171;59.9969238;0.0001837512;3.472663E-06;60.0000000
911.000072956085;59.9988940;59.9969238;0.0004825356;1.353451E-06;60.0000000
912.000060081482;59.9998169;59.9972814;0.001154895;0.0002289864;60.0000000
913.000047206879;60.0000220;59.9978775;0.0001529974;0.0004266733;60.0000000
914.000034332275;60.0000000;59.9980563;0.0002165623;0.0002487284;60.0000000
915.000021457672;60.0000000;59.9981159;0.0002099218;0.0001201693;60.0000000
916.000068187714;60.0000000;59.9981755;0.0002032813;9.392665E-05;60.0000000
917.00005531311;60.0000000;59.9982351;0.0001966408;7.846636E-05;60.0000000
918.000042438507;60.0000000;59.9982351;0.0001966408;3.058182E-05;60.0000000
919.000029563904;60.0000000;59.9982947;0.0001900003;5.901045E-05;60.0000000
920.000016689301;60.0000000;59.9982947;0.0001900003;2.299899E-05;60.0000000
921.000063419342;60.0000000;59.9982947;0.0001900003;8.963725E-06;60.0000000
922.000050544739;60.0000000;59.9983543;0.0001833598;5.058492E-05;60.0000000
923.000037670135;60.0000000;59.9983543;0.0001833598;1.971519E-05;60.0000000
924.000024795532;60.0000000;59.9983543;0.0001833598;7.683881E-06;60.0000000
925.000071525574;60.0000000;59.9984139;0.0001767193;5.597253E-05;60.0000000
926.00005865097;60.0000000;59.9984139;0.0001767193;2.181497E-05;60.0000000
927.000045776367;60.0000000;59.9984139;0.0001767193;8.502264E-06;60.0000000
928.000032901764;60.0000000;59.9984139;0.0001767193;3.31371E-06;60.0000000
929.000020027161;60.0000000;59.9984139;0.0001767193;1.2915E-06;60.0000000
930.000066757202;60.0000000;59.9984139;0.0001767193;5.033546E-07;60.0000000
931.000053882599;60.0000000;59.9984735;0.0001700789;5.317396E-05;60.0000000
932.000041007996;60.0000000;59.9984735;0.0001700789;2.072425E-05;60.0000000
933.000028133392;60.0000000;59.9984735;0.0001700789;8.077158E-06;60.0000000
934.000015258789;60.0000000;59.9984735;0.0001700789;3.148027E-06;60.0000000
935.000061988831;60.0000000;59.9984735;0.0001700789;1.226925E-06;60.0000000
936.000049114227;60.0000000;59.9984735;0.0001700789;4.781872E-07;60.0000000
937.000036239624;60.0000000;59.9985331;0.0001634384;2.631873E-05;60.0000000
938.000023365021;60.0000000;59.9985331;0.0001634384;1.025758E-05;60.0000000
939.000070095062;60.0000000;59.9985331;0.0001634384;3.997832E-06;60.0000000
940.000057220459;60.0000000;59.9985331;0.0001634384;1.558133E-06;60.0000000
941.000044345856;60.0000000;59.9985331;0.0001634384;6.072734E-07;60.0000000
942.000031471252;60.0000000;59.9985927;0.0001567979;5.321446E-05;60.0000000
943.000018596649;60.0000000;59.9985927;0.0001567979;2.074004E-05;60.0000000
944.000065326691;60.0000000;59.9985927;0.0001567979;8.083312E-06;60.0000000
945.000052452087;60.0000000;59.9985927;0.0001567979;3.150425E-06;60.0000000
946.000039577484;60.0000000;59.9985927;0.0001567979;1.22786E-06;60.0000000
947.000026702881;60.0000000;59.9985927;0.0001567979;4.785516E-07;60.0000000
948.000073432922;60.0000000;59.9985927;0.0001567979;1.865128E-07;60.0000000
949.000060558319;60.0000000;59.9986523;0.0001501574;2.947159E-05;60.0000000
950.000047683716;60.0000000;59.9986523;0.0001501574;1.148639E-05;60.0000000
951.000034809113;60.0000000;59.9986523;0.0001501574;4.476754E-06;60.0000000
952.000021934509;60.0000000;59.9986523;0.0001501574;1.74479E-06;60.0000000
953.000068664551;60.0000000;59.9987119;0.0001435169;2.390879E-05;60.0000000
954.000055789948;60.0000000;59.9987119;0.0001435169;9.318313E-06;60.0000000
955.000042915344;60.0000000;59.9987120;0.0001435058;-1.204914E-05;60.0000000
956.000030040741;60.0000000;59.9987120;0.0001435058;-1.452457E-05;60.0000000
957.000017166138;60.0000000;59.9987715;0.0001368764;2.368871E-05;60.0000000
958.000063896179;60.0000000;59.9987715;0.0001368764;9.232539E-06;60.0000000
959.000051021576;60.0000000;59.9988311;0.000130236;5.657611E-05;60.0000000
960.000038146973;60.0000000;59.9988311;0.000130236;2.205022E-05;60.0000000
961.000025272369;60.0000000;59.9988311;0.000130236;8.593949E-06;60.0000000
962.000072002411;60.0000000;59.9988311;0.000130236;3.349443E-06;60.0000000
963.000059127808;60.0000000;59.9988907;0.0001235955;4.839679E-05;60.0000000
964.000046253204;60.0000000;59.9988907;0.0001235955;1.886237E-05;60.0000000
965.000033378601;60.0000000;59.9989503;0.000116955;3.675041E-05;60.0000000
966.000020503998;60.0000000;59.9989503;0.000116955;1.432326E-05;60.0000000
967.000067234039;60.0000000;59.9990099;0.0001103145;3.171477E-05;60.0000000
968.000054359436;60.0000000;59.9990695;0.000103674;4.543442E-05;60.0000000
969.000041484833;60.0000000;59.9990695;0.000103674;1.770781E-05;60.0000000
970.000028610229;60.0000000;59.9991888;9.038191E-05;8.344111E-05;60.0000000
971.000075340271;60.0000000;59.9992484;8.374142E-05;7.437969E-05;60.0000000
972.000062465668;60.0000000;59.9993676;7.046045E-05;8.819519E-05;60.0000000
973.000049591064;60.0000000;59.9996656;3.725802E-05;0.0002073163;60.0000000
974.000036716461;60.0000000;60.0000828;-9.225372E-06;0.0003423714;60.0000000
975.000023841858;60.0000000;60.0006193;-6.900088E-05;0.0004826414;60.0000000
976.000070571899;60.0000000;60.0010365;-0.0001154843;0.0004418303;60.0000000
977.000057697296;60.0000000;60.0015133;-0.0001686082;0.0004520951;60.0000000
978.000044822693;60.0000000;60.0018710;-0.0002084622;0.000395969;60.0000000
979.00003194809;60.0000000;60.0020498;-0.0002283837;0.0002484504;60.0000000
980.000019073486;60.0000000;60.0021690;-0.0002416646;0.0001648235;60.0000000
981.000065803528;60.0000000;60.0022286;-0.0002483051;0.000101447;60.0000000
982.000052928925;60.0000000;60.0022882;-0.0002549456;7.261217E-05;60.0000000
983.000040054321;60.0000000;60.0022882;-0.0002549456;2.830018E-05;60.0000000
984.000027179718;60.0000000;60.0022287;-0.0002483162;-1.831974E-05;60.0000000
985.00007390976;60.0000000;60.0022287;-0.0002483162;-7.140016E-06;60.0000000
986.000061035156;60.0000000;60.0022287;-0.0002483162;-2.782781E-06;60.0000000
987.000048160553;60.0000000;60.0022287;-0.0002483162;-1.084573E-06;60.0000000
988.00003528595;60.0000000;60.0022287;-0.0002483162;-4.227062E-07;60.0000000
989.000022411346;60.0000000;60.0022287;-0.0002483162;-1.647474E-07;60.0000000
990.000069141388;60.0000000;60.0022287;-0.0002483162;-6.420936E-08;60.0000000
991.000056266785;60.0000000;60.0022287;-0.0002483162;-2.502524E-08;60.0000000
992.000043392181;60.0000000;60.0022287;-0.0002483162;-9.753443E-09;60.0000000
993.000030517578;60.0000000;60.0022287;-0.0002483162;-3.801349E-09;60.0000000
994.000017642975;60.0000000;60.0022287;-0.0002483162;-1.481554E-09;60.0000000
995.000064373016;60.0000000;60.0022287;-0.0002483162;-5.774274E-10;60.0000000
996.000051498413;60.0000000;60.0022287;-0.0002483162;-2.250491E-10;60.0000000
997.00003862381;60.0000000;60.0022287;-0.0002483162;-8.771159E-11;60.0000000
998.000025749207;60.0000000;60.0022287;-0.0002483162;-3.41851E-11;60.0000000
999.000072479248;60.0000000;60.0022287;-0.0002483162;-1.332345E-11;60.0000000
1000;60.0000000;60.0021691;-0.0002416758;-3.307377E-05;60.0000000
1001.00004673004;60.0000000;60.0021691;-0.0002416758;-1.289032E-05;60.0000000
1002.00009346008;60.0000000;60.0021691;-0.0002416758;-5.023927E-06;60.0000000
1003.00002098083;60.0000000;60.0021691;-0.0002416758;-1.958047E-06;60.0000000
1004.00006771088;60.0000000;60.0021691;-0.0002416758;-7.631379E-07;60.0000000
1004.99999523163;60.0000000;60.0021691;-0.0002416758;-2.974287E-07;60.0000000
1006.00004196167;60.0000000;60.0021691;-0.0002416758;-1.159211E-07;60.0000000
1007.00008869171;60.0000000;60.0021691;-0.0002416758;-4.51796E-08;60.0000000
1008.00001621246;60.0000000;60.0021691;-0.0002416758;-1.760849E-08;60.0000000
1009.0000629425;60.0000000;60.0021691;-0.0002416758;-6.862811E-09;60.0000000
1009.99999046326;60.0000000;60.0021691;-0.0002416758;-2.674742E-09;60.0000000
1011.0000371933;60.0000000;60.0021691;-0.0002416758;-1.042465E-09;60.0000000
1012.00008392334;60.0000000;60.0021691;-0.0002416758;-4.062949E-10;60.0000000
1013.00001144409;60.0000000;60.0021691;-0.0002416758;-1.583511E-10;60.0000000
1014.00005817413;60.0000000;60.0021691;-0.0002416758;-6.171646E-11;60.0000000
1015.00010490417;60.0000000;60.0021095;-0.0002350353;-3.307379E-05;60.0000000
1016.00003242493;60.0000000;60.0021095;-0.0002350353;-1.289032E-05;60.0000000
1017.00007915497;60.0000000;60.0021095;-0.0002350353;-5.02393E-06;60.0000000
1018.00000667572;60.0000000;60.0021095;-0.0002350353;-1.958048E-06;60.0000000
1019.00005340576;60.0000000;60.0021095;-0.0002350353;-7.631384E-07;60.0000000
1020.0001001358;60.0000000;60.0021095;-0.0002350353;-2.974288E-07;60.0000000
1021.00002765656;60.0000000;60.0021095;-0.0002350353;-1.159212E-07;60.0000000
1022.0000743866;60.0000000;60.0021095;-0.0002350353;-4.517963E-08;60.0000000
1023.00000190735;60.0000000;60.0021095;-0.0002350353;-1.76085E-08;60.0000000
1024.00004863739;60.0000000;60.0020499;-0.0002283948;-2.323563E-05;60.0000000
1025.00009536743;60.0000000;60.0020499;-0.0002283948;-9.055953E-06;60.0000000
1026.00002288818;60.0000000;60.0020499;-0.0002283948;-3.529507E-06;60.0000000
1027.00006961823;60.0000000;60.0020499;-0.0002283948;-1.375605E-06;60.0000000
1027.99999713898;60.0000000;60.0020499;-0.0002283948;-5.361344E-07;60.0000000
1029.00004386902;60.0000000;60.0020499;-0.0002283948;-2.089553E-07;60.0000000
1030.00009059906;60.0000000;60.0020499;-0.0002283948;-8.143916E-08;60.0000000
1031.00001811981;60.0000000;60.0020499;-0.0002283948;-3.174045E-08;60.0000000
1032.00006484985;60.0000000;60.0019903;-0.0002217543;-4.187135E-05;60.0000000
1032.99999237061;60.0000000;60.0019902;-0.0002217432;1.294321E-06;60.0000000
1034.00003910065;60.0000000;60.0019902;-0.0002217432;5.044542E-07;60.0000000
1035.00008583069;60.0000000;60.0019902;-0.0002217432;1.966082E-07;60.0000000
1036.00001335144;60.0000000;60.0019902;-0.0002217432;3.745323E-06;60.0000000
1037.00006008148;60.0000000;60.0019307;-0.0002151138;-4.555263E-05;60.0000000
1038.00010681152;60.0000000;60.0019902;-0.0002217432;3.513501E-05;60.0000000
1039.00003433228;60.0000000;60.0019307;-0.0002151138;-1.93246E-05;60.0000000
1040.00008106232;60.0000000;60.0019902;-0.0002217432;2.548662E-05;60.0000000
1041.00000858307;60.0000000;60.0019307;-0.0002151138;-2.308501E-05;60.0000000
1042.00005531311;60.0000000;60.0018711;-0.0002084734;-3.222602E-05;60.0000000
1043.00010204315;60.0000000;60.0019306;-0.0002151027;1.678967E-05;60.0000000
1044.0000295639;60.0000000;60.0018711;-0.0002084734;-3.060188E-05;60.0000000
1045.00007629395;60.0000000;60.0018711;-0.0002084734;-1.192691E-05;60.0000000
1046.0000038147;60.0000000;60.0019306;-0.0002151027;3.714031E-05;60.0000000
1047.00005054474;60.0000000;60.0018711;-0.0002084734;-2.267033E-05;60.0000000
1048.00009727478;60.0000000;60.0018711;-0.0002084734;-8.835636E-06;60.0000000
1049.00002479553;60.0000000;60.0018711;-0.0002084734;-3.443638E-06;60.0000000
1050.00007152557;60.0000000;60.0018711;-0.0002084734;-7.501925E-06;60.0000000
1050.99999904633;60.0000000;60.0018115;-0.0002018329;-2.615259E-05;60.0000000
1052.00004577637;60.0000000;60.0018710;-0.0002084622;2.695273E-05;60.0000000
1053.00009250641;60.0000000;60.0018115;-0.0002018329;-3.650767E-05;60.0000000
1054.00002002716;60.0000000;60.0018115;-0.0002018329;-1.422866E-05;60.0000000
1055.0000667572;60.0000000;60.0018115;-0.0002018329;-5.545539E-06;60.0000000
1055.99999427795;60.0000000;60.0018115;-0.0002018329;-2.161343E-06;60.0000000
1057.000041008;60.0000000;60.0018115;-0.0002018329;-8.42371E-07;60.0000000
1058.00008773804;60.0000000;60.0018115;-0.0002018329;-3.283093E-07;60.0000000
1059.00001525879;60.0000000;60.0018115;-0.0002018329;-1.279567E-07;60.0000000
1060.00006198883;60.0000000;60.0018115;-0.0002018329;-4.987039E-08;60.0000000
1061.00010871887;60.0000000;60.0018115;-0.0002018329;-1.94367E-08;60.0000000
1062.00003623962;60.0000000;60.0018115;-0.0002018329;-7.575344E-09;60.0000000
1063.00008296967;60.0000000;60.0017519;-0.0001951924;-3.307672E-05;60.0000000
1064.00001049042;60.0000000;60.0018114;-0.0002018217;1.029833E-05;60.0000000
1065.00005722046;60.0000000;60.0018114;-0.0002018217;4.013714E-06;60.0000000
1066.0001039505;60.0000000;60.0017519;-0.0001951924;-3.558124E-05;60.0000000
1067.00003147125;60.0000000;60.0017519;-0.0001951924;-1.386758E-05;60.0000000
1068.00007820129;60.0000000;60.0017519;-0.0001951924;-5.404812E-06;60.0000000
1069.00000572205;60.0000000;60.0017519;-0.0001951924;-2.106495E-06;60.0000000
1070.00005245209;60.0000000;60.0017519;-0.0001951924;-8.209943E-07;60.0000000
1071.00009918213;60.0000000;60.0017519;-0.0001951924;-3.199779E-07;60.0000000
1072.00002670288;60.0000000;60.0017519;-0.0001951924;-1.247096E-07;60.0000000
1073.00007343292;60.0000000;60.0017519;-0.0001951924;-4.860486E-08;60.0000000
1074.00000095367;60.0000000;60.0017518;-0.0001951812;8.696046E-06;60.0000000
1075.00004768372;60.0000000;60.0016923;-0.0001885519;-4.949966E-05;60.0000000
1076.00009441376;60.0000000;60.0016923;-0.0001885519;-1.929221E-05;60.0000000
1077.00002193451;60.0000000;60.0016923;-0.0001885519;-7.51903E-06;60.0000000
1078.00006866455;60.0000000;60.0016923;-0.0001885519;-2.930499E-06;60.0000000
1078.9999961853;60.0000000;60.0016923;-0.0001885519;-1.142145E-06;60.0000000
1080.00004291534;60.0000000;60.0016923;-0.0001885519;-4.451447E-07;60.0000000
1081.00008964539;60.0000000;60.0016923;-0.0001885519;-1.734927E-07;60.0000000
1082.00001716614;60.0000000;60.0016923;-0.0001885519;-6.761778E-08;60.0000000
1083.00006389618;60.0000000;60.0016923;-0.0001885519;-2.635364E-08;60.0000000
1084.00011062622;60.0000000;60.0016923;-0.0001885519;-1.027118E-08;60.0000000
1085.00003814697;60.0000000;60.0016326;-0.0001819003;-5.307067E-05;60.0000000
1086.00008487701;60.0000000;60.0016326;-0.0001819003;-2.068399E-05;60.0000000
1087.00001239777;60.0000000;60.0016326;-0.0001819003;-8.061468E-06;60.0000000
1088.00005912781;60.0000000;60.0016326;-0.0001819003;-3.141912E-06;60.0000000
1089.00010585785;60.0000000;60.0016326;-0.0001819003;-1.224542E-06;60.0000000
1090.0000333786;60.0000000;60.0016326;-0.0001819003;-4.772584E-07;60.0000000
1091.00008010864;60.0000000;60.0016326;-0.0001819003;-1.860087E-07;60.0000000
1092.00000762939;60.0000000;60.0016326;-0.0001819003;-7.249585E-08;60.0000000
1093.00005435944;60.0000000;60.0015730;-0.0001752598;-5.300603E-05;60.0000000
1094.00010108948;60.0000000;60.0016325;-0.0001818891;2.112996E-05;60.0000000
1095.00002861023;60.0000000;60.0016325;-0.0001818891;8.235281E-06;60.0000000
1096.00007534027;60.0000000;60.0015730;-0.0001752598;-4.380269E-05;60.0000000
1097.00000286102;60.0000000;60.0015730;-0.0001752598;-1.707185E-05;60.0000000
1098.00004959106;60.0000000;60.0016325;-0.0001818891;3.04919E-05;60.0000000
1099.00009632111;60.0000000;60.0015730;-0.0001752598;-1.746553E-05;60.0000000
1100.00002384186;60.0000000;60.0015730;-0.0001752598;-6.807093E-06;60.0000000
1101.0000705719;60.0000000;60.0015730;-0.0001752598;-2.653026E-06;60.0000000
1101.99999809265;60.0000000;60.0015730;-0.0001752598;-1.034002E-06;60.0000000
1103.00004482269;60.0000000;60.0015730;-0.0001752598;-4.029964E-07;60.0000000
1104.00009155273;60.0000000;60.0015730;-0.0001752598;-1.570656E-07;60.0000000
1105.00001907349;60.0000000;60.0015134;-0.0001686193;-3.313498E-05;60.0000000
1106.00006580353;60.0000000;60.0015134;-0.0001686193;-2.86575E-05;60.0000000
1106.99999332428;60.0000000;60.0015134;-0.0001686193;-1.11691E-05;60.0000000
1108.00004005432;60.0000000;60.0015134;-0.0001686193;-4.353094E-06;60.0000000
1109.00008678436;60.0000000;60.0015729;-0.0001752486;3.544897E-05;60.0000000
1110.00001430511;60.0000000;60.0015134;-0.0001686193;-1.920224E-05;60.0000000
1111.00006103516;60.0000000;60.0015134;-0.0001686193;-7.483964E-06;60.0000000
1112.0001077652;60.0000000;60.0015134;-0.0001686193;-2.916832E-06;60.0000000
1113.00003528595;60.0000000;60.0014538;-0.0001619788;-4.822818E-05;60.0000000
1114.00008201599;60.0000000;60.0014538;-0.0001619788;-1.879666E-05;60.0000000
1115.00000953674;60.0000000;60.0015133;-0.0001686082;2.202369E-05;60.0000000
1116.00005626678;60.0000000;60.0014538;-0.0001619788;-2.443466E-05;60.0000000
1117.00010299683;60.0000000;60.0014538;-0.0001619788;-9.523272E-06;60.0000000
1118.00003051758;60.0000000;60.0014538;-0.0001619788;-3.711642E-06;60.0000000
1119.00007724762;60.0000000;60.0014538;-0.0001619788;-1.446591E-06;60.0000000
1120.00000476837;60.0000000;60.0014538;-0.0001619788;-5.638007E-07;60.0000000
1121.00005149841;60.0000000;60.0014538;-0.0001619788;-2.197381E-07;60.0000000
1122.00009822845;60.0000000;60.0014538;-0.0001619788;-8.564169E-08;60.0000000
1123.00002574921;60.0000000;60.0014538;-0.0001619788;-3.337836E-08;60.0000000
1124.00007247925;60.0000000;60.0014538;-0.0001619788;-1.300903E-08;60.0000000
1125;60.0000000;60.0014538;-0.0001619788;-5.070194E-09;60.0000000
1126.00004673004;60.0000000;60.0014538;-0.0001619788;-1.97608E-09;60.0000000
1127.00009346008;60.0000000;60.0013942;-0.0001553383;-5.297855E-05;60.0000000
1128.00002098083;60.0000000;60.0013942;-0.0001553383;-2.064809E-05;60.0000000
1129.00006771088;60.0000000;60.0014537;-0.0001619677;3.374128E-05;60.0000000
1129.99999523163;60.0000000;60.0013942;-0.0001553383;-2.863828E-05;60.0000000
1131.00004196167;60.0000000;60.0013942;-0.0001553383;-1.116161E-05;60.0000000
1132.00008869171;60.0000000;60.0013942;-0.0001553383;-4.350174E-06;60.0000000
1133.00001621246;60.0000000;60.0013942;-0.0001553383;-1.695456E-06;60.0000000
1134.0000629425;60.0000000;60.0013942;-0.0001553383;-6.607943E-07;60.0000000
1135.00010967255;60.0000000;60.0013942;-0.0001553383;-2.575408E-07;60.0000000
1136.0000371933;60.0000000;60.0013942;-0.0001553383;-1.003751E-07;60.0000000
1137.00008392334;60.0000000;60.0013942;-0.0001553383;-3.912061E-08;60.0000000
1138.00001144409;60.0000000;60.0013942;-0.0001553383;-1.524704E-08;60.0000000
1139.00005817413;60.0000000;60.0013942;-0.0001553383;-5.942447E-09;60.0000000
1140.00010490417;60.0000000;60.0013942;-0.0001553383;-2.316035E-09;60.0000000
1141.00003242493;60.0000000;60.0013942;-0.0001553383;-9.026617E-10;60.0000000
1142.00007915497;60.0000000;60.0013346;-0.0001486978;-5.297813E-05;60.0000000
1143.00000667572;60.0000000;60.0013346;-0.0001486978;-2.064793E-05;60.0000000
1144.00005340576;60.0000000;60.0013941;-0.0001553272;4.484148E-05;60.0000000
1145.0001001358;60.0000000;60.0013941;-0.0001553272;1.747671E-05;60.0000000
1146.00002765656;60.0000000;60.0012750;-0.0001420574;-4.867596E-05;60.0000000
1147.0000743866;60.0000000;60.0013345;-0.0001486867;2.281757E-05;60.0000000
1148.00000190735;60.0000000;60.0013345;-0.0001486867;8.893018E-06;60.0000000
1149.00004863739;60.0000000;60.0013345;-0.0001486867;3.466003E-06;60.0000000
1150.00009536743;60.0000000;60.0012750;-0.0001420574;-3.166742E-05;60.0000000
1151.00002288818;60.0000000;60.0013345;-0.0001486867;2.944656E-05;60.0000000
1152.00006961823;60.0000000;60.0012750;-0.0001420574;-3.553572E-05;60.0000000
1152.99999713898;60.0000000;60.0012750;-0.0001420574;-1.384985E-05;60.0000000
1154.00004386902;60.0000000;60.0012750;-0.0001420574;-5.397898E-06;60.0000000
1155.00009059906;60.0000000;60.0012750;-0.0001420574;-2.1038E-06;60.0000000
1156.00001811981;60.0000000;60.0012750;-0.0001420574;-8.199444E-07;60.0000000
1157.00006484985;60.0000000;60.0012750;-0.0001420574;-3.195687E-07;60.0000000
1158.0001115799;60.0000000;60.0012750;-0.0001420574;-1.245501E-07;60.0000000
1159.00003910065;60.0000000;60.0012750;-0.0001420574;-4.85427E-08;60.0000000
1160.00008583069;60.0000000;60.0012750;-0.0001420574;-1.891924E-08;60.0000000
1161.00001335144;60.0000000;60.0012750;-0.0001420574;-7.373667E-09;60.0000000
1162.00006008148;60.0000000;60.0012154;-0.0001354169;-4.709423E-05;60.0000000
1163.00010681152;60.0000000;60.0012154;-0.0001354169;-1.835471E-05;60.0000000
1164.00003433228;60.0000000;60.0012154;-0.0001354169;-7.153644E-06;60.0000000
1165.00008106232;60.0000000;60.0012154;-0.0001354169;-2.788092E-06;60.0000000
1166.00000858307;60.0000000;60.0012154;-0.0001354169;-1.086643E-06;60.0000000
1167.00005531311;60.0000000;60.0011558;-0.0001287764;-4.642648E-05;60.0000000
1168.00010204315;60.0000000;60.0011558;-0.0001287764;-1.809446E-05;60.0000000
1169.0000295639;60.0000000;60.0010962;-0.0001221359;-4.89112E-05;60.0000000
1170.00007629395;60.0000000;60.0010962;-0.0001221359;-1.906286E-05;60.0000000
1171.0000038147;60.0000000;60.0011557;-0.0001287652;4.545925E-05;60.0000000
1172.00005054474;60.0000000;60.0010962;-0.0001221359;-3.51714E-05;60.0000000
1173.00009727478;60.0000000;60.0010962;-0.0001221359;-1.370786E-05;60.0000000
1174.00002479553;60.0000000;60.0010962;-0.0001221359;-5.342559E-06;60.0000000
1175.00007152557;60.0000000;60.0010962;-0.0001221359;-2.082232E-06;60.0000000
1175.99999904633;60.0000000;60.0010962;-0.0001221359;-8.115383E-07;60.0000000
1177.00004577637;60.0000000;60.0010962;-0.0001221359;-3.162924E-07;60.0000000
1178.00009250641;60.0000000;60.0010962;-0.0001221359;-1.232732E-07;60.0000000
1179.00002002716;60.0000000;60.0010962;-0.0001221359;-4.804502E-08;60.0000000
1180.0000667572;60.0000000;60.0010366;-0.0001154954;-2.324749E-05;60.0000000
1181.00011348724;60.0000000;60.0010366;-0.0001154954;-9.060578E-06;60.0000000
1182.000041008;60.0000000;60.0010366;-0.0001154954;-3.531309E-06;60.0000000
1183.00008773804;60.0000000;60.0010366;-0.0001154954;-1.376308E-06;60.0000000
1184.00001525879;60.0000000;60.0010366;-0.0001154954;-5.364082E-07;60.0000000
1185.00006198883;60.0000000;60.0010366;-0.0001154954;-2.090621E-07;60.0000000
1186.00010871887;60.0000000;60.0009770;-0.0001088549;-3.315525E-05;60.0000000
1187.00003623962;60.0000000;60.0009770;-0.0001088549;-1.292207E-05;60.0000000
1188.00008296967;60.0000000;60.0009770;-0.0001088549;-5.036304E-06;60.0000000
1189.00001049042;60.0000000;60.0009770;-0.0001088549;-1.962871E-06;60.0000000
1190.00005722046;60.0000000;60.0009770;-0.0001088549;-7.650179E-07;60.0000000
1191.0001039505;60.0000000;60.0009770;-0.0001088549;-2.981614E-07;60.0000000
1192.00003147125;60.0000000;60.0009770;-0.0001088549;-1.162067E-07;60.0000000
1193.00007820129;60.0000000;60.0009174;-0.0001022144;-2.944419E-05;60.0000000
1194.00000572205;60.0000000;60.0009173;-0.0001022033;2.441089E-06;60.0000000
1195.00005245209;60.0000000;60.0009173;-0.0001022033;9.514006E-07;60.0000000
1196.00009918213;60.0000000;60.0007982;-8.893348E-05;-6.29257E-05;60.0000000
1197.00002670288;60.0000000;60.0007982;-8.893348E-05;-2.452493E-05;60.0000000
1198.00007343292;60.0000000;60.0007982;-8.893348E-05;-9.558454E-06;60.0000000
1199.00000095367;60.0000000;60.0007386;-8.229299E-05;-4.093334E-05;60.0000000
1200.00004768372;60.0000000;60.0006790;-7.56525E-05;-5.316153E-05;60.0000000
1201.00009441376;60.0000000;60.0006194;-6.901202E-05;-5.379317E-05;60.0000000
1202.00002193451;60.0000000;60.0005598;-6.237154E-05;-6.282456E-05;60.0000000
1203.00006866455;60.0000000;60.0004406;-4.909057E-05;-0.0001009758;60.0000000
1204.00011539459;60.0000000;60.0001425;-1.5877E-05;-0.0002516633;60.0000000
1205.00004291534;60.0000000;59.9997253;3.06064E-05;-0.0003658255;60.0000000
1206.00008964539;60.0000000;59.9990696;0.0001036629;-0.0005429175;60.0000000
1207.00001716614;60.0000000;59.9984140;0.0001767082;-0.0006147528;60.0000000
1208.00006389618;60.0000000;59.9978180;0.0002431131;-0.0005868688;60.0000000
1209.00011062622;60.0000000;59.9973411;0.0002962481;-0.0005322409;60.0000000
1210.00003814697;60.0000000;59.9971623;0.0003161695;-0.0003178696;60.0000000
1211.00008487701;60.0000000;59.9971027;0.00032281;-0.0001471166;60.0000000
1212.00001239777;60.0000000;59.9971027;0.00032281;-5.733788E-05;60.0000000
1213.00005912781;60.0000000;59.9971027;0.00032281;-2.234711E-05;60.0000000
1214.00010585785;60.0000000;59.9971027;0.00032281;-8.709661E-06;60.0000000
1215.0000333786;60.0000000;59.9971026;0.0003228212;3.491376E-06;60.0000000
1216.00008010864;60.0000000;59.9971026;0.0003228212;1.360744E-06;60.0000000
1217.00000762939;60.0000000;59.9971026;0.0003228212;5.303423E-07;60.0000000
1218.00005435944;60.0000000;59.9971026;0.0003228212;2.066979E-07;60.0000000
1219.00010108948;60.0000000;59.9971026;0.0003228212;8.055933E-08;60.0000000
1220.00002861023;60.0000000;59.9971622;0.0003161807;3.310516E-05;60.0000000
1221.00007534027;60.0000000;59.9971027;0.00032281;-2.88862E-05;60.0000000
1222.00000286102;60.0000000;59.9971622;0.0003161807;3.053052E-05;60.0000000
1223.00004959106;60.0000000;59.9971622;0.0003161807;2.764243E-05;60.0000000
1224.00009632111;60.0000000;59.9971622;0.0003161807;1.077348E-05;60.0000000
1225.00002384186;60.0000000;59.9971622;0.0003161807;4.198903E-06;60.0000000
1226.0000705719;60.0000000;59.9971622;0.0003161807;1.636498E-06;60.0000000
1227.00011730194;60.0000000;59.9971622;0.0003161807;6.378161E-07;60.0000000
1228.00004482269;60.0000000;59.9971623;0.0003161695;-6.63733E-06;60.0000000
1229.00009155273;60.0000000;59.9971623;0.0003161695;-2.586862E-06;60.0000000
1230.00001907349;60.0000000;59.9971623;0.0003161695;-1.008215E-06;60.0000000
1231.00006580353;60.0000000;59.9972218;0.0003095402;3.262533E-05;60.0000000
1232.00011253357;60.0000000;59.9972218;0.0003095402;1.271554E-05;60.0000000
1233.00004005432;60.0000000;59.9971623;0.0003161695;-4.793308E-05;60.0000000
1234.00008678436;60.0000000;59.9972218;0.0003095402;1.066793E-05;60.0000000
1235.00001430511;60.0000000;59.9972218;0.0003095402;4.157765E-06;60.0000000
1236.00006103516;60.0000000;59.9972218;0.0003095402;1.620466E-06;60.0000000
1237.0001077652;60.0000000;59.9972814;0.0003028997;5.360934E-05;60.0000000
1238.00003528595;60.0000000;59.9972814;0.0003028997;2.089394E-05;60.0000000
1239.00008201599;60.0000000;59.9972814;0.0003028997;8.143295E-06;60.0000000
1240.00000953674;60.0000000;59.9972814;0.0003028997;3.173803E-06;60.0000000
1241.00005626678;60.0000000;59.9972814;0.0003028997;1.236972E-06;60.0000000
1242.00010299683;60.0000000;59.9972814;0.0003028997;4.821027E-07;60.0000000
1243.00003051758;60.0000000;59.9972814;0.0003028997;1.878968E-07;60.0000000
1244.00007724762;60.0000000;59.9973410;0.0002962592;4.193222E-05;60.0000000
1245.00000476837;60.0000000;59.9973410;0.0002962592;1.634284E-05;60.0000000
1246.00005149841;60.0000000;59.9973410;0.0002962592;6.369531E-06;60.0000000
1247.00009822845;60.0000000;59.9973410;0.0002962592;2.482489E-06;60.0000000
1248.00002574921;60.0000000;59.9973411;0.0002962481;-7.74745E-06;60.0000000
1249.00007247925;60.0000000;59.9973411;0.0002962481;-3.019525E-06;60.0000000
1250;60.0000000;59.9973411;0.0002962481;-1.176843E-06;60.0000000
1251.00004673004;60.0000000;59.9973411;0.0002962481;-4.586678E-07;60.0000000
1252.00009346008;60.0000000;59.9974006;0.0002896187;2.301103E-05;60.0000000
1253.00002098083;60.0000000;59.9974006;0.0002896187;8.968416E-06;60.0000000
1254.00006771088;60.0000000;59.9974006;0.0002896187;3.49539E-06;60.0000000
1255.00011444092;60.0000000;59.9974007;0.0002896076;-4.435223E-06;60.0000000
1256.00004196167;60.0000000;59.9974602;0.0002829783;2.435991E-05;60.0000000
1257.00008869171;60.0000000;59.9974007;0.0002896076;-3.751821E-05;60.0000000
1258.00001621246;60.0000000;59.9974007;0.0002896076;-1.462251E-05;60.0000000
1259.0000629425;60.0000000;59.9975198;0.0002763378;6.224846E-05;60.0000000
1260.00010967255;60.0000000;59.9975198;0.0002763378;2.426099E-05;60.0000000
1261.0000371933;60.0000000;59.9974603;0.0002829671;-3.233318E-05;60.0000000
1262.00008392334;60.0000000;59.9974603;0.0002829671;-1.260167E-05;60.0000000
1263.00001144409;60.0000000;59.9975198;0.0002763378;2.117708E-05;60.0000000
1264.00005817413;60.0000000;59.9975198;0.0002763378;8.253648E-06;60.0000000
1265.00010490417;60.0000000;59.9975198;0.0002763378;3.216813E-06;60.0000000
1266.00003242493;60.0000000;59.9975198;0.0002763378;1.253734E-06;60.0000000
1267.00007915497;60.0000000;59.9975198;0.0002763378;4.886359E-07;60.0000000
1268.00000667572;60.0000000;59.9975794;0.0002696973;2.958935E-05;60.0000000
1269.00005340576;60.0000000;59.9975199;0.0002763266;-1.78173E-05;60.0000000
1270.0001001358;60.0000000;59.9975199;0.0002763266;-6.944191E-06;60.0000000
1271.00002765656;60.0000000;59.9975794;0.0002696973;2.664312E-05;60.0000000
1272.0000743866;60.0000000;59.9975794;0.0002696973;1.0384E-05;60.0000000
1273.00000190735;60.0000000;59.9975794;0.0002696973;4.047107E-06;60.0000000
1274.00004863739;60.0000000;59.9975794;0.0002696973;1.577337E-06;60.0000000
1275.00009536743;60.0000000;59.9975794;0.0002696973;6.147582E-07;60.0000000
1276.00002288818;60.0000000;59.9975794;0.0002696973;2.395985E-07;60.0000000
1277.00006961823;60.0000000;59.9976390;0.0002630568;4.195237E-05;60.0000000
1278.00011634827;60.0000000;59.9976390;0.0002630568;1.63507E-05;60.0000000
1279.00004386902;60.0000000;59.9976390;0.0002630568;1.514307E-05;60.0000000
1280.00009059906;60.0000000;59.9976390;0.0002630568;5.901928E-06;60.0000000
1281.00001811981;60.0000000;59.9976390;0.0002630568;2.300243E-06;60.0000000
1282.00006484985;60.0000000;59.9976390;0.0002630568;8.965065E-07;60.0000000
1283.0001115799;60.0000000;59.9976390;0.0002630568;3.494084E-07;60.0000000
1284.00003910065;60.0000000;59.9976390;0.0002630568;1.361799E-07;60.0000000
1285.00008583069;60.0000000;59.9976390;0.0002630568;5.307536E-08;60.0000000
1286.00001335144;60.0000000;59.9976986;0.0002564163;4.187967E-05;60.0000000
1287.00006008148;60.0000000;59.9976986;0.0002564163;1.632237E-05;60.0000000
1288.00010681152;60.0000000;59.9976391;0.0002630457;-1.972696E-05;60.0000000
1289.00003433228;60.0000000;59.9976986;0.0002564163;2.945709E-05;60.0000000
1290.00008106232;60.0000000;59.9976986;0.0002564163;1.148073E-05;60.0000000
1291.00000858307;60.0000000;59.9976986;0.0002564163;4.474551E-06;60.0000000
1292.00005531311;60.0000000;59.9976986;0.0002564163;1.743931E-06;60.0000000
1293.00010204315;60.0000000;59.9976986;0.0002564163;6.796873E-07;60.0000000
1294.0000295639;60.0000000;59.9976986;0.0002564163;2.649043E-07;60.0000000
1295.00007629395;60.0000000;59.9976986;0.0002564163;1.032449E-07;60.0000000
1296.0000038147;60.0000000;59.9976986;0.0002564163;4.023913E-08;60.0000000
1297.00005054474;60.0000000;59.9977582;0.0002497758;2.941458E-05;60.0000000
1298.00009727478;60.0000000;59.9977582;0.0002497758;1.146417E-05;60.0000000
1299.00002479553;60.0000000;59.9977582;0.0002497758;4.468095E-06;60.0000000
1300.00007152557;60.0000000;59.9977582;0.0002497758;1.741415E-06;60.0000000
1301.00011825562;60.0000000;59.9977582;0.0002497758;6.787064E-07;60.0000000
1302.00004577637;60.0000000;59.9977582;0.0002497758;2.64522E-07;60.0000000
1303.00009250641;60.0000000;59.9978179;0.0002431242;3.737351E-05;60.0000000
1304.00002002716;60.0000000;59.9978179;0.0002431242;1.456611E-05;60.0000000
1305.0000667572;60.0000000;59.9978179;0.0002431242;5.67706E-06;60.0000000
1306.00011348724;60.0000000;59.9978179;0.0002431242;2.212602E-06;60.0000000
1307.000041008;60.0000000;59.9978775;0.0002364837;5.384013E-05;60.0000000
1308.00008773804;60.0000000;59.9978775;0.0002364837;2.098388E-05;60.0000000
1309.00001525879;60.0000000;59.9978775;0.0002364837;8.178349E-06;60.0000000
1310.00006198883;60.0000000;59.9978775;0.0002364837;3.187465E-06;60.0000000
1311.00010871887;60.0000000;59.9978775;0.0002364837;1.242297E-06;60.0000000
1312.00003623962;60.0000000;59.9978775;0.0002364837;4.84178E-07;60.0000000
1313.00008296967;60.0000000;59.9978775;0.0002364837;1.887057E-07;60.0000000
1314.00001049042;60.0000000;59.9978775;0.0002364837;7.354696E-08;60.0000000
1315.00005722046;60.0000000;59.9978775;0.0002364837;2.866451E-08;60.0000000
1316.0001039505;60.0000000;59.9979371;0.0002298432;3.308494E-05;60.0000000
1317.00003147125;60.0000000;59.9979371;0.0002298432;1.289467E-05;60.0000000
1318.00007820129;60.0000000;59.9979371;0.0002298432;5.025624E-06;60.0000000
1319.00000572205;60.0000000;59.9979371;0.0002298432;1.958709E-06;60.0000000
1320.00005245209;60.0000000;59.9979371;0.0002298432;7.633956E-07;60.0000000
1321.00009918213;60.0000000;59.9979371;0.0002298432;2.975291E-07;60.0000000
1322.00002670288;60.0000000;59.9979371;0.0002298432;1.159603E-07;60.0000000
1323.00007343292;60.0000000;59.9979371;0.0002298432;4.519486E-08;60.0000000
1324.00012016296;60.0000000;59.9979372;0.0002298321;-1.854238E-05;60.0000000
1325.00004768372;60.0000000;59.9979372;0.0002298321;-7.226788E-06;60.0000000
1326.00009441376;60.0000000;59.9979967;0.0002232028;2.037319E-05;60.0000000
1327.00002193451;60.0000000;59.9979967;0.0002232028;7.940336E-06;60.0000000
1328.00006866455;60.0000000;59.9980563;0.0002165623;3.616847E-05;60.0000000
1329.00011539459;60.0000000;59.9980563;0.0002165623;1.409645E-05;60.0000000
1330.00004291534;60.0000000;59.9980563;0.0002165623;5.494013E-06;60.0000000
1331.00008964539;60.0000000;59.9980563;0.0002165623;2.14126E-06;60.0000000
1332.00001716614;60.0000000;59.9980563;0.0002165623;8.34544E-07;60.0000000
1333.00006389618;60.0000000;59.9980563;0.0002165623;3.252588E-07;60.0000000
1334.00011062622;60.0000000;59.9980563;0.0002165623;1.267678E-07;60.0000000
1335.00003814697;60.0000000;59.9980563;0.0002165623;4.940702E-08;60.0000000
1336.00008487701;60.0000000;59.9981159;0.0002099218;5.299703E-05;60.0000000
1337.00001239777;60.0000000;59.9981159;0.0002099218;2.065529E-05;60.0000000
1338.00005912781;60.0000000;59.9981159;0.0002099218;8.050283E-06;60.0000000
1339.00010585785;60.0000000;59.9981159;0.0002099218;3.137552E-06;60.0000000
1340.0000333786;60.0000000;59.9981159;0.0002099218;1.222843E-06;60.0000000
1341.00008010864;60.0000000;59.9981159;0.0002099218;4.765963E-07;60.0000000
1342.00000762939;60.0000000;59.9981159;0.0002099218;1.857507E-07;60.0000000
1343.00005435944;60.0000000;59.9981159;0.0002099218;7.23953E-08;60.0000000
1344.00010108948;60.0000000;59.9981755;0.0002032813;4.711957E-05;60.0000000
1345.00002861023;60.0000000;59.9981755;0.0002032813;1.836458E-05;60.0000000
1346.00007534027;60.0000000;59.9981755;0.0002032813;7.157493E-06;60.0000000
1347.00012207031;60.0000000;59.9982351;0.0001966408;5.576737E-05;60.0000000
1348.00004959106;60.0000000;59.9982351;0.0001966408;2.173502E-05;60.0000000
1349.00009632111;60.0000000;59.9982947;0.0001900003;5.033008E-05;60.0000000
1350.00002384186;60.0000000;59.9982947;0.0001900003;1.961587E-05;60.0000000
1351.0000705719;60.0000000;59.9982947;0.0001900003;7.645172E-06;60.0000000
1352.00011730194;60.0000000;59.9983543;0.0001833598;5.007102E-05;60.0000000
1353.00004482269;60.0000000;59.9983543;0.0001833598;1.95149E-05;60.0000000
1354.00009155273;60.0000000;59.9983543;0.0001833598;7.60582E-06;60.0000000
1355.00001907349;60.0000000;59.9983543;0.0001833598;2.964326E-06;60.0000000
1356.00006580353;60.0000000;59.9984735;0.0001700789;7.764559E-05;60.0000000
1357.00011253357;60.0000000;59.9985331;0.0001634384;6.33357E-05;60.0000000
1358.00004005432;60.0000000;59.9985331;0.0001634384;2.468473E-05;60.0000000
1359.00008678436;60.0000000;59.9985927;0.0001567979;5.671209E-05;60.0000000
1360.00001430511;60.0000000;59.9987715;0.0001368764;0.0001401687;60.0000000
1361.00006103516;60.0000000;59.9990695;0.000103674;0.0002598984;60.0000000
1362.0001077652;60.0000000;59.9995464;5.053899E-05;0.0004220567;60.0000000
1363.00003528595;60.0000000;60.0002020;-2.250634E-05;0.0005738133;60.0000000
1364.00008201599;60.0000000;60.0009173;-0.0001022033;0.000660888;60.0000000
1365.00000953674;60.0000000;60.0014537;-0.0001619677;0.00057697;60.0000000
1366.00005626678;60.0000000;60.0018114;-0.0002018217;0.0004210594;60.0000000
1367.00010299683;60.0000000;60.0020498;-0.0002283837;0.0002847245;60.0000000
1368.00003051758;60.0000000;60.0020498;-0.0002283837;0.0001109698;60.0000000
1369.00007724762;60.0000000;60.0021094;-0.0002350241;6.64786E-05;60.0000000
1370.00012397766;60.0000000;60.0021094;-0.0002350241;2.590966E-05;60.0000000
1371.00005149841;60.0000000;60.0021094;-0.0002350241;1.009814E-05;60.0000000
1372.00009822845;60.0000000;60.0021094;-0.0002350241;3.935694E-06;60.0000000
1373.00002574921;60.0000000;60.0021094;-0.0002350241;1.533914E-06;60.0000000
1374.00007247925;60.0000000;60.0021094;-0.0002350241;5.978345E-07;60.0000000
1375.00011920929;60.0000000;60.0021094;-0.0002350241;2.330026E-07;60.0000000
1376.00004673004;60.0000000;60.0021094;-0.0002350241;9.081145E-08;60.0000000
1377.00009346008;60.0000000;60.0021094;-0.0002350241;3.539325E-08;60.0000000
1378.00002098083;60.0000000;60.0021094;-0.0002350241;1.379432E-08;60.0000000
1379.00006771088;60.0000000;60.0021094;-0.0002350241;5.376257E-09;60.0000000
1380.00011444092;60.0000000;60.0021094;-0.0002350241;2.095366E-09;60.0000000
1381.00004196167;60.0000000;60.0021094;-0.0002350241;8.16657E-10;60.0000000
1382.00008869171;60.0000000;60.0021094;-0.0002350241;3.182875E-10;60.0000000
1383.00001621246;60.0000000;60.0020499;-0.0002283948;-4.701222E-05;60.0000000
1384.0000629425;60.0000000;60.0020499;-0.0002283948;-1.832275E-05;60.0000000
1385.00010967255;60.0000000;60.0020499;-0.0002283948;-7.141187E-06;60.0000000
1386.0000371933;60.0000000;60.0020499;-0.0002283948;-2.783237E-06;60.0000000
1387.00008392334;60.0000000;60.0020499;-0.0002283948;-1.084751E-06;60.0000000
1388.00001144409;60.0000000;60.0020499;-0.0002283948;-4.227756E-07;60.0000000
1389.00005817413;60.0000000;60.0020499;-0.0002283948;-1.647744E-07;60.0000000
1390.00010490417;60.0000000;60.0020499;-0.0002283948;-6.421988E-08;60.0000000
1391.00003242493;60.0000000;60.0020499;-0.0002283948;-2.502934E-08;60.0000000
1392.00007915497;60.0000000;60.0020499;-0.0002283948;-9.755043E-09;60.0000000
1393.00000667572;60.0000000;60.0020499;-0.0002283948;-3.801973E-09;60.0000000
1394.00005340576;60.0000000;60.0020499;-0.0002283948;-1.481797E-09;60.0000000
1395.0001001358;60.0000000;60.0020499;-0.0002283948;-5.775221E-10;60.0000000
1396.00002765656;60.0000000;60.0020499;-0.0002283948;-2.25086E-10;60.0000000
1397.0000743866;60.0000000;60.0020499;-0.0002283948;-8.7726E-11;60.0000000
1398.00012111664;60.0000000;60.0019903;-0.0002217543;-3.720802E-05;60.0000000
1399.00004863739;60.0000000;60.0019903;-0.0002217543;-1.450162E-05;60.0000000
1400.00009536743;60.0000000;60.0019903;-0.0002217543;-5.651922E-06;60.0000000
1401.00002288818;60.0000000;60.0019903;-0.0002217543;-2.202804E-06;60.0000000
1402.00006961823;60.0000000;60.0019903;-0.0002217543;-8.585307E-07;60.0000000
1403.00011634827;60.0000000;60.0019307;-0.0002151138;-3.340837E-05;60.0000000
1404.00004386902;60.0000000;60.0019307;-0.0002151138;-1.302072E-05;60.0000000
1405.00009059906;60.0000000;60.0019307;-0.0002151138;-3.187513E-05;60.0000000
1406.00001811981;60.0000000;60.0019307;-0.0002151138;-3.008592E-05;60.0000000
1407.00006484985;60.0000000;60.0019307;-0.0002151138;-2.04963E-05;60.0000000
1408.0001115799;60.0000000;60.0019307;-0.0002151138;-7.988317E-06;60.0000000
1409.00003910065;60.0000000;60.0019307;-0.0002151138;-3.113401E-06;60.0000000
1410.00008583069;60.0000000;60.0019307;-0.0002151138;-1.21343E-06;60.0000000
1411.00001335144;60.0000000;60.0018711;-0.0002084734;-3.354669E-05;60.0000000
1412.00006008148;60.0000000;60.0018711;-0.0002084734;-1.307463E-05;60.0000000
1413.00010681152;60.0000000;60.0018711;-0.0002084734;-5.095765E-06;60.0000000
1414.00003433228;60.0000000;60.0018711;-0.0002084734;-1.986046E-06;60.0000000
1415.00008106232;60.0000000;60.0018711;-0.0002084734;-7.740501E-07;60.0000000
1416.00000858307;60.0000000;60.0018711;-0.0002084734;-3.016817E-07;60.0000000
1417.00005531311;60.0000000;60.0018711;-0.0002084734;-1.175787E-07;60.0000000
1418.00010204315;60.0000000;60.0018711;-0.0002084734;-4.582564E-08;60.0000000
1419.0000295639;60.0000000;60.0018711;-0.0002084734;-1.786028E-08;60.0000000
1420.00007629395;60.0000000;60.0018115;-0.0002018329;-4.709832E-05;60.0000000
1421.00012302399;60.0000000;60.0018115;-0.0002018329;-1.83563E-05;60.0000000
1422.00005054474;60.0000000;60.0018115;-0.0002018329;-7.154265E-06;60.0000000
1423.00009727478;60.0000000;60.0018115;-0.0002018329;-2.788335E-06;60.0000000
1424.00002479553;60.0000000;60.0018115;-0.0002018329;-1.086737E-06;60.0000000
1425.00007152557;60.0000000;60.0018115;-0.0002018329;-4.235497E-07;60.0000000
1426.00011825562;60.0000000;60.0018115;-0.0002018329;-1.650761E-07;60.0000000
1427.00004577637;60.0000000;60.0018115;-0.0002018329;-6.433747E-08;60.0000000
1428.00009250641;60.0000000;60.0018115;-0.0002018329;-2.507517E-08;60.0000000
1429.00002002716;60.0000000;60.0018115;-0.0002018329;-9.772904E-09;60.0000000
1430.0000667572;60.0000000;60.0018115;-0.0002018329;-3.808934E-09;60.0000000
1431.00011348724;60.0000000;60.0017519;-0.0001951924;-4.709284E-05;60.0000000
1432.000041008;60.0000000;60.0017519;-0.0001951924;-1.835417E-05;60.0000000
1433.00008773804;60.0000000;60.0017519;-0.0001951924;-7.153432E-06;60.0000000
1434.00001525879;60.0000000;60.0017519;-0.0001951924;-2.78801E-06;60.0000000
1435.00006198883;60.0000000;60.0017519;-0.0001951924;-1.086611E-06;60.0000000
1436.00010871887;60.0000000;60.0017519;-0.0001951924;-4.235005E-07;60.0000000
1437.00003623962;60.0000000;60.0016923;-0.0001885519;-2.956396E-05;60.0000000
1438.00008296967;60.0000000;60.0016923;-0.0001885519;-1.152239E-05;60.0000000
1439.00001049042;60.0000000;60.0016923;-0.0001885519;-4.490785E-06;60.0000000
1440.00005722046;60.0000000;60.0016923;-0.0001885519;-1.750258E-06;60.0000000
1441.0001039505;60.0000000;60.0016923;-0.0001885519;-6.821531E-07;60.0000000
1442.00003147125;60.0000000;60.0016923;-0.0001885519;-2.658653E-07;60.0000000
1443.00007820129;60.0000000;60.0016923;-0.0001885519;-1.036195E-07;60.0000000
1444.00012493134;60.0000000;60.0016923;-0.0001885519;-4.038511E-08;60.0000000
1445.00005245209;60.0000000;60.0016923;-0.0001885519;-1.573987E-08;60.0000000
1446.00009918213;60.0000000;60.0016923;-0.0001885519;-6.134525E-09;60.0000000
1447.00002670288;60.0000000;60.0016923;-0.0001885519;-2.390897E-09;60.0000000
1448.00007343292;60.0000000;60.0016326;-0.0001819003;-3.727135E-05;60.0000000
1449.00012016296;60.0000000;60.0016326;-0.0001819003;-1.45263E-05;60.0000000
1450.00004768372;60.0000000;60.0016922;-0.0001885408;1.756722E-05;60.0000000
1451.00009441376;60.0000000;60.0016922;-0.0001885408;6.846725E-06;60.0000000
1452.00002193451;60.0000000;60.0016326;-0.0001819003;-2.673043E-05;60.0000000
1453.00006866455;60.0000000;60.0016326;-0.0001819003;-1.041804E-05;60.0000000
1454.00011539459;60.0000000;60.0016326;-0.0001819003;-4.060371E-06;60.0000000
1455.00004291534;60.0000000;60.0016326;-0.0001819003;-1.582507E-06;60.0000000
1456.00008964539;60.0000000;60.0016326;-0.0001819003;-6.16773E-07;60.0000000
1457.00001716614;60.0000000;60.0016326;-0.0001819003;-2.403838E-07;60.0000000
1458.00006389618;60.0000000;60.0015730;-0.0001752598;-4.195267E-05;60.0000000
1459.00011062622;60.0000000;60.0016325;-0.0001818891;3.066153E-05;60.0000000
1460.00003814697;60.0000000;60.0015730;-0.0001752598;-3.506219E-05;60.0000000
1461.00008487701;60.0000000;60.0015730;-0.0001752598;-1.366529E-05;60.0000000
1462.00001239777;60.0000000;60.0016325;-0.0001818891;1.786382E-05;60.0000000
1463.00005912781;60.0000000;60.0015730;-0.0001752598;-1.912619E-05;60.0000000
1464.00010585785;60.0000000;60.0015730;-0.0001752598;-7.454324E-06;60.0000000
1465.0000333786;60.0000000;60.0015730;-0.0001752598;-2.905281E-06;60.0000000
1466.00008010864;60.0000000;60.0015730;-0.0001752598;-1.132317E-06;60.0000000
1467.00012683868;60.0000000;60.0015730;-0.0001752598;-4.41314E-07;60.0000000
1468.00005435944;60.0000000;60.0015730;-0.0001752598;-1.719996E-07;60.0000000
1469.00010108948;60.0000000;60.0015730;-0.0001752598;-6.703589E-08;60.0000000
1470.00002861023;60.0000000;60.0015134;-0.0001686193;-2.325489E-05;60.0000000
1471.00007534027;60.0000000;60.0015729;-0.0001752486;2.028612E-05;60.0000000
1472.00012207031;60.0000000;60.0015134;-0.0001686193;-3.910595E-05;60.0000000
1473.00004959106;60.0000000;60.0015134;-0.0001686193;-1.524132E-05;60.0000000
1474.00009632111;60.0000000;60.0015134;-0.0001686193;-3.274059E-05;60.0000000
1475.00002384186;60.0000000;60.0015134;-0.0001686193;-1.276046E-05;60.0000000
1476.0000705719;60.0000000;60.0015134;-0.0001686193;-4.973318E-06;60.0000000
1477.00011730194;60.0000000;60.0015134;-0.0001686193;-1.938322E-06;60.0000000
1478.00004482269;60.0000000;60.0015134;-0.0001686193;-7.554502E-07;60.0000000
1479.00009155273;60.0000000;60.0015134;-0.0001686193;-2.944324E-07;60.0000000
1480.00001907349;60.0000000;60.0014538;-0.0001619788;-2.951365E-05;60.0000000
1481.00006580353;60.0000000;60.0015133;-0.0001686082;2.564278E-05;60.0000000
1482.00011253357;60.0000000;60.0015134;-0.0001686193;-8.565862E-06;60.0000000
1483.00004005432;60.0000000;60.0014538;-0.0001619788;-3.27374E-05;60.0000000
1484.00008678436;60.0000000;60.0014538;-0.0001619788;-1.275922E-05;60.0000000
1485.00001430511;60.0000000;60.0014538;-0.0001619788;-4.972833E-06;60.0000000
1486.00006103516;60.0000000;60.0013942;-0.0001553383;-3.50119E-05;60.0000000
1487.0001077652;60.0000000;60.0014537;-0.0001619677;1.244282E-05;60.0000000
1488.00003528595;60.0000000;60.0014537;-0.0001619677;4.849519E-06;60.0000000
1489.00008201599;60.0000000;60.0014537;-0.0001619677;1.890072E-06;60.0000000
1490.00012874603;60.0000000;60.0014537;-0.0001619677;7.366451E-07;60.0000000
1491.00005626678;60.0000000;60.0014537;-0.0001619677;2.871033E-07;60.0000000
1492.00010299683;60.0000000;60.0014537;-0.0001619677;1.118969E-07;60.0000000
1493.00003051758;60.0000000;60.0014537;-0.0001619677;4.361117E-08;60.0000000
1494.00007724762;60.0000000;60.0014537;-0.0001619677;1.699721E-08;60.0000000
1495.00012397766;60.0000000;60.0014537;-0.0001619677;6.624567E-09;60.0000000
1496.00005149841;60.0000000;60.0014537;-0.0001619677;2.581887E-09;60.0000000
1497.00009822845;60.0000000;60.0013942;-0.0001553383;-2.608751E-05;60.0000000
1498.00002574921;60.0000000;60.0014537;-0.0001619677;4.272143E-05;60.0000000
1499.00007247925;60.0000000;60.0014537;-0.0001619677;1.665044E-05;60.0000000
1500.00011920929;60.0000000;60.0013942;-0.0001553383;-2.286016E-05;60.0000000
1501.00004673004;60.0000000;60.0013942;-0.0001553383;-8.90962E-06;60.0000000
1502.00009346008;60.0000000;60.0013942;-0.0001553383;-3.472474E-06;60.0000000
1503.00002098083;60.0000000;60.0013942;-0.0001553383;-1.353377E-06;60.0000000
1504.00006771088;60.0000000;60.0013942;-0.0001553383;-5.274711E-07;60.0000000
1505.00011444092;60.0000000;60.0013346;-0.0001486978;-4.729694E-05;60.0000000
1506.00004196167;60.0000000;60.0013941;-0.0001553272;4.756075E-06;60.0000000
1507.00008869171;60.0000000;60.0013941;-0.0001553272;1.853653E-06;60.0000000
1508.00001621246;60.0000000;60.0013346;-0.0001486978;-3.229582E-05;60.0000000
1509.0000629425;60.0000000;60.0013941;-0.0001553272;3.442523E-05;60.0000000
1510.00010967255;60.0000000;60.0013941;-0.0001553272;1.341704E-05;60.0000000
1511.0000371933;60.0000000;60.0013346;-0.0001486978;-2.778906E-05;60.0000000
1512.00008392334;60.0000000;60.0013941;-0.0001553272;2.631493E-05;60.0000000
1513.00013065338;60.0000000;60.0013941;-0.0001553272;1.02561E-05;60.0000000
1514.00005817413;60.0000000;60.0013346;-0.0001486978;-2.902102E-05;60.0000000
1515.00010490417;60.0000000;60.0013941;-0.0001553272;4.157811E-05;60.0000000
1516.00003242493;60.0000000;60.0013941;-0.0001553272;1.620483E-05;60.0000000
1517.00007915497;60.0000000;60.0013346;-0.0001486978;-3.547301E-05;60.0000000
1518.00012588501;60.0000000;60.0013346;-0.0001486978;-1.382541E-05;60.0000000
1519.00005340576;60.0000000;60.0013346;-0.0001486978;-5.388373E-06;60.0000000
1520.0001001358;60.0000000;60.0013346;-0.0001486978;-2.100088E-06;60.0000000
1521.00002765656;60.0000000;60.0013346;-0.0001486978;-8.184973E-07;60.0000000
1522.0000743866;60.0000000;60.0013346;-0.0001486978;-3.190047E-07;60.0000000
1523.00012111664;60.0000000;60.0012750;-0.0001420574;-2.625668E-05;60.0000000
1524.00004863739;60.0000000;60.0013345;-0.0001486867;2.691216E-05;60.0000000
1525.00009536743;60.0000000;60.0012750;-0.0001420574;-2.252941E-05;60.0000000
1526.00002288818;60.0000000;60.0012750;-0.0001420574;-8.78071E-06;60.0000000
1527.00006961823;60.0000000;60.0012750;-0.0001420574;-3.422233E-06;60.0000000
1528.00011634827;60.0000000;60.0012750;-0.0001420574;-1.333796E-06;60.0000000
1529.00004386902;60.0000000;60.0012750;-0.0001420574;-5.198394E-07;60.0000000
1530.00009059906;60.0000000;60.0012750;-0.0001420574;-2.026045E-07;60.0000000
1531.00001811981;60.0000000;60.0012750;-0.0001420574;-7.896394E-08;60.0000000
1532.00006484985;60.0000000;60.0012750;-0.0001420574;-3.077575E-08;60.0000000
1533.0001115799;60.0000000;60.0012750;-0.0001420574;-1.199467E-08;60.0000000
1534.00003910065;60.0000000;60.0012750;-0.0001420574;-4.674856E-09;60.0000000
1535.00008583069;60.0000000;60.0012750;-0.0001420574;-1.821999E-09;60.0000000
1536.00001335144;60.0000000;60.0012750;-0.0001420574;-7.101136E-10;60.0000000
1537.00006008148;60.0000000;60.0012750;-0.0001420574;-2.767628E-10;60.0000000
1538.00010681152;60.0000000;60.0012750;-0.0001420574;-1.078667E-10;60.0000000
1539.00003433228;60.0000000;60.0012750;-0.0001420574;-4.204044E-11;60.0000000
1540.00008106232;60.0000000;60.0011558;-0.0001287764;-6.334036E-05;60.0000000
1541.00012779236;60.0000000;60.0012153;-0.0001354057;1.401965E-06;60.0000000
1542.00005531311;60.0000000;60.0012153;-0.0001354057;5.464079E-07;60.0000000
1543.00010204315;60.0000000;60.0012153;-0.0001354057;2.129594E-07;60.0000000
1544.0000295639;60.0000000;60.0011558;-0.0001287764;-3.12291E-05;60.0000000
1545.00007629395;60.0000000;60.0012153;-0.0001354057;1.101842E-05;60.0000000
1546.00012302399;60.0000000;60.0012153;-0.0001354057;4.294367E-06;60.0000000
1547.00005054474;60.0000000;60.0012153;-0.0001354057;5.80099E-06;60.0000000
1548.00009727478;60.0000000;60.0011558;-0.0001287764;-2.092889E-05;60.0000000
1549.00002479553;60.0000000;60.0011558;-0.0001287764;-8.156914E-06;60.0000000
1550.00007152557;60.0000000;60.0011558;-0.0001287764;-3.179111E-06;60.0000000
1551.00011825562;60.0000000;60.0011558;-0.0001287764;-1.239041E-06;60.0000000
1552.00004577637;60.0000000;60.0011557;-0.0001287652;2.300708E-05;60.0000000
1553.00009250641;60.0000000;60.0011557;-0.0001287652;8.96688E-06;60.0000000
1554.00002002716;60.0000000;60.0011557;-0.0001287652;3.494791E-06;60.0000000
1555.0000667572;60.0000000;60.0010962;-0.0001221359;-4.042668E-05;60.0000000
1556.00011348724;60.0000000;60.0010962;-0.0001221359;-1.575607E-05;60.0000000
1557.000041008;60.0000000;60.0010962;-0.0001221359;-6.140839E-06;60.0000000
1558.00008773804;60.0000000;60.0010962;-0.0001221359;-2.393358E-06;60.0000000
1559.00001525879;60.0000000;60.0010962;-0.0001221359;-9.327975E-07;60.0000000
1560.00006198883;60.0000000;60.0010962;-0.0001221359;-3.635526E-07;60.0000000
1561.00010871887;60.0000000;60.0010962;-0.0001221359;-1.416926E-07;60.0000000
1562.00003623962;60.0000000;60.0010962;-0.0001221359;-5.522388E-08;60.0000000
1563.00008296967;60.0000000;60.0010962;-0.0001221359;-2.152319E-08;60.0000000
1564.00012969971;60.0000000;60.0010962;-0.0001221359;-8.388543E-09;60.0000000
1565.00005722046;60.0000000;60.0010962;-0.0001221359;-3.269387E-09;60.0000000
1566.0001039505;60.0000000;60.0010366;-0.0001154954;-4.709263E-05;60.0000000
1567.00003147125;60.0000000;60.0010366;-0.0001154954;-1.835409E-05;60.0000000
1568.00007820129;60.0000000;60.0010366;-0.0001154954;-7.1534E-06;60.0000000
1569.00012493134;60.0000000;60.0010366;-0.0001154954;-2.787997E-06;60.0000000
1570.00005245209;60.0000000;60.0010366;-0.0001154954;-1.086606E-06;60.0000000
1571.00009918213;60.0000000;60.0010366;-0.0001154954;-4.234986E-07;60.0000000
1572.00002670288;60.0000000;60.0009770;-0.0001088549;-3.737304E-05;60.0000000
1573.00007343292;60.0000000;60.0009770;-0.0001088549;-1.456593E-05;60.0000000
1574.00012016296;60.0000000;60.0010365;-0.0001154843;4.72119E-05;60.0000000
1575.00004768372;60.0000000;60.0009770;-0.0001088549;-2.338818E-05;60.0000000
1576.00009441376;60.0000000;60.0009770;-0.0001088549;-9.115412E-06;60.0000000
1577.00002193451;60.0000000;60.0009770;-0.0001088549;-3.55268E-06;60.0000000
1578.00006866455;60.0000000;60.0009770;-0.0001088549;-1.384637E-06;60.0000000
1579.00011539459;60.0000000;60.0009770;-0.0001088549;-5.396545E-07;60.0000000
1580.00004291534;60.0000000;60.0009770;-0.0001088549;-2.103273E-07;60.0000000
1581.00008964539;60.0000000;60.0009770;-0.0001088549;-8.197388E-08;60.0000000
1582.00001716614;60.0000000;60.0009770;-0.0001088549;-3.194885E-08;60.0000000
1583.00006389618;60.0000000;60.0009174;-0.0001022144;-3.308622E-05;60.0000000
1584.00011062622;60.0000000;60.0009174;-0.0001022144;-1.289517E-05;60.0000000
1585.00003814697;60.0000000;60.0009174;-0.0001022144;-5.025819E-06;60.0000000
1586.00008487701;60.0000000;60.0009174;-0.0001022144;-1.958784E-06;60.0000000
1587.00013160706;60.0000000;60.0008578;-9.557396E-05;-3.016233E-05;60.0000000
1588.00005912781;60.0000000;60.0008578;-9.557396E-05;-1.17556E-05;60.0000000
1589.00010585785;60.0000000;60.0009173;-0.0001022033;4.830721E-05;60.0000000
1590.0000333786;60.0000000;60.0008578;-9.557396E-05;-4.362328E-06;60.0000000
1591.00008010864;60.0000000;60.0008578;-9.557396E-05;-1.700193E-06;60.0000000
1592.00012683868;60.0000000;60.0008578;-9.557396E-05;-6.626406E-07;60.0000000
1593.00005435944;60.0000000;60.0007982;-8.893348E-05;-2.348702E-05;60.0000000
1594.00010108948;60.0000000;60.0007982;-8.893348E-05;-9.153934E-06;60.0000000
1595.00002861023;60.0000000;60.0007982;-8.893348E-05;-3.567694E-06;60.0000000
1596.00007534027;60.0000000;60.0007982;-8.893348E-05;-1.390489E-06;60.0000000
1597.00012207031;60.0000000;60.0007982;-8.893348E-05;-5.41935E-07;60.0000000
1598.00004959106;60.0000000;60.0007386;-8.229299E-05;-4.730258E-05;60.0000000
1599.00009632111;60.0000000;60.0007386;-8.229299E-05;-1.843591E-05;60.0000000
1600.00002384186;60.0000000;60.0007386;-8.229299E-05;-7.185292E-06;60.0000000
1601.0000705719;60.0000000;60.0006790;-7.56525E-05;-4.989178E-05;60.0000000
1602.00011730194;60.0000000;60.0006790;-7.56525E-05;-1.944504E-05;60.0000000
1603.00004482269;60.0000000;60.0006194;-6.901202E-05;-6.055637E-05;60.0000000
1604.00009155273;60.0000000;60.0006194;-6.901202E-05;-2.360151E-05;60.0000000
1605.00001907349;60.0000000;60.0006194;-6.901202E-05;-9.198553E-06;60.0000000
1606.00006580353;60.0000000;60.0005598;-6.237154E-05;-5.067644E-05;60.0000000
1607.00011253357;60.0000000;60.0005002;-5.573105E-05;-7.272863E-05;60.0000000
1608.00004005432;60.0000000;60.0005002;-5.573105E-05;-2.834557E-05;60.0000000
1609.00008678436;60.0000000;60.0004406;-4.909057E-05;-4.825551E-05;60.0000000
1610.0001335144;60.0000000;60.0003213;-3.579845E-05;-9.537658E-05;60.0000000
1611.00006103516;60.0000000;60.0002021;-2.251748E-05;-0.0001195492;60.0000000
1612.0001077652;60.0000000;60.0000829;-9.236514E-06;-0.0001178515;60.0000000
1613.00003528595;60.0000000;59.9997849;2.396591E-05;-0.000228436;60.0000000
1614.00008201599;60.0000000;59.9993677;7.044931E-05;-0.0003450839;60.0000000
1615.00012874603;60.0000000;59.9988908;0.0001235843;-0.0004287934;60.0000000
1616.00005626678;60.0000000;59.9984140;0.0001767082;-0.0004548232;60.0000000
1617.00010299683;60.0000000;59.9979372;0.0002298321;-0.000443718;60.0000000
1618.00003051758;60.0000000;59.9976391;0.0002630457;-0.0003308129;60.0000000
1619.00007724762;60.0000000;59.9974603;0.0002829671;-0.0002282885;60.0000000
1620.00012397766;60.0000000;59.9974007;0.0002896076;-0.0001122029;60.0000000
1621.00005149841;60.0000000;59.9973411;0.0002962481;-9.082181E-05;60.0000000
1622.00009822845;60.0000000;59.9973411;0.0002962481;-3.539729E-05;60.0000000
1623.00002574921;60.0000000;59.9973411;0.0002962481;-1.379589E-05;60.0000000
1624.00007247925;60.0000000;59.9973411;0.0002962481;-5.376871E-06;60.0000000
1625.00011920929;60.0000000;59.9973411;0.0002962481;-2.095605E-06;60.0000000
1626.00004673004;60.0000000;59.9973411;0.0002962481;-8.167501E-07;60.0000000
1627.00009346008;60.0000000;59.9973411;0.0002962481;-3.183237E-07;60.0000000
1628.00002098083;60.0000000;59.9974602;0.0002829783;8.999927E-05;60.0000000
1629.00006771088;60.0000000;59.9973411;0.0002962481;-3.287079E-05;60.0000000
1630.00011444092;60.0000000;59.9973411;0.0002962481;-1.28112E-05;60.0000000
1631.00004196167;60.0000000;59.9974602;0.0002829783;6.295441E-05;60.0000000
1632.00008869171;60.0000000;59.9974007;0.0002896076;-4.813454E-06;60.0000000
1633.00013542175;60.0000000;59.9974007;0.0002896076;-1.876016E-06;60.0000000
1634.0000629425;60.0000000;59.9974602;0.0002829783;2.535735E-05;60.0000000
1635.00010967255;60.0000000;59.9974007;0.0002896076;-2.313539E-05;60.0000000
1636.0000371933;60.0000000;59.9974602;0.0002829783;1.41729E-05;60.0000000
1637.00008392334;60.0000000;59.9974602;0.0002829783;5.523808E-06;60.0000000
1638.00013065338;60.0000000;59.9974602;0.0002829783;2.152873E-06;60.0000000
1639.00005817413;60.0000000;59.9974602;0.0002829783;8.3907E-07;60.0000000
1640.00010490417;60.0000000;59.9975198;0.0002763378;4.741838E-05;60.0000000
1641.00003242493;60.0000000;59.9975198;0.0002763378;1.848104E-05;60.0000000
1642.00007915497;60.0000000;59.9974603;0.0002829671;-4.568601E-05;60.0000000
1643.00012588501;60.0000000;59.9974603;0.0002829671;-1.780586E-05;60.0000000
1644.00005340576;60.0000000;59.9975198;0.0002763378;1.625005E-05;60.0000000
1645.0001001358;60.0000000;59.9975198;0.0002763378;6.333366E-06;60.0000000
1646.00002765656;60.0000000;59.9975198;0.0002763378;2.468394E-06;60.0000000
1647.0000743866;60.0000000;59.9975198;0.0002763378;9.620426E-07;60.0000000
1648.00012111664;60.0000000;59.9975198;0.0002763378;3.749507E-07;60.0000000
1649.00004863739;60.0000000;59.9975198;0.0002763378;1.461349E-07;60.0000000
1650.00009536743;60.0000000;59.9975794;0.0002696973;3.313072E-05;60.0000000
1651.00002288818;60.0000000;59.9975794;0.0002696973;1.291251E-05;60.0000000
1652.00006961823;60.0000000;59.9975794;0.0002696973;5.032578E-06;60.0000000
1653.00011634827;60.0000000;59.9975794;0.0002696973;1.961419E-06;60.0000000
1654.00004386902;60.0000000;59.9975795;0.0002696862;-4.388913E-06;60.0000000
1655.00009059906;60.0000000;59.9975795;0.0002696862;-1.710554E-06;60.0000000
1656.0001373291;60.0000000;59.9975795;0.0002696862;-6.666788E-07;60.0000000
1657.00006484985;60.0000000;59.9976390;0.0002630568;4.675251E-05;60.0000000
1658.0001115799;60.0000000;59.9976390;0.0002630568;1.822153E-05;60.0000000
1659.00003910065;60.0000000;59.9976390;0.0002630568;7.101737E-06;60.0000000
1660.00008583069;60.0000000;59.9976390;0.0002630568;2.767862E-06;60.0000000
1661.00013256073;60.0000000;59.9976390;0.0002630568;1.078759E-06;60.0000000
1662.00006008148;60.0000000;59.9976390;0.0002630568;4.2044E-07;60.0000000
1663.00010681152;60.0000000;59.9976390;0.0002630568;1.638641E-07;60.0000000
1664.00003433228;60.0000000;59.9976390;0.0002630568;6.386511E-08;60.0000000
1665.00008106232;60.0000000;59.9976390;0.0002630568;2.489106E-08;60.0000000
1666.00012779236;60.0000000;59.9976391;0.0002630457;-2.674683E-05;60.0000000
1667.00005531311;60.0000000;59.9976391;0.0002630457;-1.042443E-05;60.0000000
1668.00010204315;60.0000000;59.9976986;0.0002564163;3.30827E-05;60.0000000
1669.0000295639;60.0000000;59.9976391;0.0002630457;-3.411855E-05;60.0000000
1670.00007629395;60.0000000;59.9976391;0.0002630457;-1.329751E-05;60.0000000
1671.00012302399;60.0000000;59.9976986;0.0002564163;2.783564E-05;60.0000000
1672.00005054474;60.0000000;59.9976986;0.0002564163;1.084879E-05;60.0000000
1673.00009727478;60.0000000;59.9976986;0.0002564163;4.228253E-06;60.0000000
1674.00002479553;60.0000000;59.9976986;0.0002564163;1.647938E-06;60.0000000
1675.00007152557;60.0000000;59.9976986;0.0002564163;6.422745E-07;60.0000000
1676.00011825562;60.0000000;59.9976986;0.0002564163;2.503228E-07;60.0000000
1677.00004577637;60.0000000;59.9977582;0.0002497758;3.317133E-05;60.0000000
1678.00009250641;60.0000000;59.9977582;0.0002497758;1.292834E-05;60.0000000
1679.00013923645;60.0000000;59.9977582;0.0002497758;5.038746E-06;60.0000000
1680.0000667572;60.0000000;59.9977582;0.0002497758;1.963823E-06;60.0000000
1681.00011348724;60.0000000;59.9977582;0.0002497758;7.653887E-07;60.0000000
1682.000041008;60.0000000;59.9978179;0.0002431242;3.756872E-05;60.0000000
1683.00008773804;60.0000000;59.9977583;0.0002497647;-3.244916E-05;60.0000000
1684.00013446808;60.0000000;59.9977583;0.0002497647;-1.264688E-05;60.0000000
1685.00006198883;60.0000000;59.9978179;0.0002431242;3.227894E-05;60.0000000
1686.00010871887;60.0000000;59.9978179;0.0002431242;1.258053E-05;60.0000000
1687.00003623962;60.0000000;59.9978179;0.0002431242;4.903192E-06;60.0000000
1688.00008296967;60.0000000;59.9978179;0.0002431242;1.910991E-06;60.0000000
1689.00012969971;60.0000000;59.9978179;0.0002431242;7.447981E-07;60.0000000
1690.00005722046;60.0000000;59.9978179;0.0002431242;2.902809E-07;60.0000000
1691.0001039505;60.0000000;59.9978179;0.0002431242;1.131353E-07;60.0000000
1692.00003147125;60.0000000;59.9978179;0.0002431242;4.409385E-08;60.0000000
1693.00007820129;60.0000000;59.9978775;0.0002364837;4.710854E-05;60.0000000
1694.00012493134;60.0000000;59.9978775;0.0002364837;1.836029E-05;60.0000000
1695.00005245209;60.0000000;59.9978775;0.0002364837;7.155819E-06;60.0000000
1696.00009918213;60.0000000;59.9978775;0.0002364837;2.78894E-06;60.0000000
1697.00002670288;60.0000000;59.9978775;0.0002364837;1.086974E-06;60.0000000
1698.00007343292;60.0000000;59.9978775;0.0002364837;4.236418E-07;60.0000000
1699.00012016296;60.0000000;59.9979371;0.0002298432;5.314289E-05;60.0000000
1700.00004768372;60.0000000;59.9979371;0.0002298432;2.071214E-05;60.0000000
1701.00009441376;60.0000000;59.9979371;0.0002298432;8.07244E-06;60.0000000
1702.00002193451;60.0000000;59.9978776;0.0002364726;-2.294232E-05;60.0000000
1703.00006866455;60.0000000;59.9979371;0.0002298432;2.407663E-05;60.0000000
1704.00011539459;60.0000000;59.9979371;0.0002298432;9.383732E-06;60.0000000
1705.00004291534;60.0000000;59.9979371;0.0002298432;3.657256E-06;60.0000000
1706.00008964539;60.0000000;59.9979371;0.0002298432;1.425395E-06;60.0000000
1707.00013637543;60.0000000;59.9979371;0.0002298432;5.555397E-07;60.0000000
1708.00006389618;60.0000000;59.9979371;0.0002298432;2.165185E-07;60.0000000
1709.00011062622;60.0000000;59.9979371;0.0002298432;8.438685E-08;60.0000000
1710.00003814697;60.0000000;59.9979967;0.0002232028;3.43187E-05;60.0000000
1711.00008487701;60.0000000;59.9979372;0.0002298321;-9.814272E-06;60.0000000
1712.00013160706;60.0000000;59.9979967;0.0002232028;2.552452E-05;60.0000000
1713.00005912781;60.0000000;59.9979967;0.0002232028;9.948038E-06;60.0000000
1714.00010585785;60.0000000;59.9979967;0.0002232028;3.877191E-06;60.0000000
1715.0000333786;60.0000000;59.9979967;0.0002232028;1.511113E-06;60.0000000
1716.00008010864;60.0000000;59.9979967;0.0002232028;5.889478E-07;60.0000000
1717.00012683868;60.0000000;59.9979967;0.0002232028;2.295391E-07;60.0000000
1718.00005435944;60.0000000;59.9979967;0.0002232028;8.946157E-08;60.0000000
1719.00010108948;60.0000000;59.9980563;0.0002165623;2.616723E-05;60.0000000
1720.00002861023;60.0000000;59.9980563;0.0002165623;1.019853E-05;60.0000000
1721.00007534027;60.0000000;59.9980563;0.0002165623;3.974819E-06;60.0000000
1722.00012207031;60.0000000;59.9980563;0.0002165623;1.549163E-06;60.0000000
1723.00004959106;60.0000000;59.9980563;0.0002165623;6.037777E-07;60.0000000
1724.00009632111;60.0000000;59.9981159;0.0002099218;3.330909E-05;60.0000000
1725.00002384186;60.0000000;59.9981159;0.0002099218;1.298203E-05;60.0000000
1726.0000705719;60.0000000;59.9981159;0.0002099218;5.059671E-06;60.0000000
1727.00011730194;60.0000000;59.9981159;0.0002099218;1.971978E-06;60.0000000
1728.00004482269;60.0000000;59.9981159;0.0002099218;7.685675E-07;60.0000000
1729.00009155273;60.0000000;59.9981159;0.0002099218;2.995448E-07;60.0000000
1730.00013828278;60.0000000;59.9981159;0.0002099218;1.167459E-07;60.0000000
1731.00006580353;60.0000000;59.9981159;0.0002099218;4.550105E-08;60.0000000
1732.00011253357;60.0000000;59.9981159;0.0002099218;1.773378E-08;60.0000000
1733.00004005432;60.0000000;59.9981159;0.0002099218;6.911639E-09;60.0000000
1734.00008678436;60.0000000;59.9981159;0.0002099218;2.693773E-09;60.0000000
1735.0001335144;60.0000000;59.9981159;0.0002099218;1.049883E-09;60.0000000
1736.00006103516;60.0000000;59.9981159;0.0002099218;4.091858E-10;60.0000000
1737.0001077652;60.0000000;59.9981755;0.0002032813;3.720814E-05;60.0000000
1738.00003528595;60.0000000;59.9981755;0.0002032813;1.450166E-05;60.0000000
1739.00008201599;60.0000000;59.9981755;0.0002032813;5.651942E-06;60.0000000
1740.00012874603;60.0000000;59.9981755;0.0002032813;2.202813E-06;60.0000000
1741.00005626678;60.0000000;59.9981755;0.0002032813;8.585338E-07;60.0000000
1742.00010299683;60.0000000;59.9981755;0.0002032813;3.346087E-07;60.0000000
1743.00003051758;60.0000000;59.9981755;0.0002032813;1.304118E-07;60.0000000
1744.00007724762;60.0000000;59.9981755;0.0002032813;5.082727E-08;60.0000000
1745.00012397766;60.0000000;59.9982351;0.0001966408;2.324857E-05;60.0000000
1746.00005149841;60.0000000;59.9982351;0.0001966408;9.061001E-06;60.0000000
1747.00009822845;60.0000000;59.9982351;0.0001966408;3.531474E-06;60.0000000
1748.00002574921;60.0000000;59.9982352;0.0001966297;-9.653534E-06;60.0000000
1749.00007247925;60.0000000;59.9982352;0.0001966297;-3.76241E-06;60.0000000
1750.00011920929;60.0000000;59.9982947;0.0001900003;2.462213E-05;60.0000000
1751.00004673004;60.0000000;59.9982352;0.0001966297;-1.975324E-05;60.0000000
1752.00009346008;60.0000000;59.9982352;0.0001966297;-7.698713E-06;60.0000000
1753.00014019012;60.0000000;59.9982947;0.0001900003;4.401182E-05;60.0000000
1754.00006771088;60.0000000;59.9982947;0.0001900003;1.715336E-05;60.0000000
1755.00011444092;60.0000000;59.9982947;0.0001900003;6.685425E-06;60.0000000
1756.00004196167;60.0000000;59.9982947;0.0001900003;2.605606E-06;60.0000000
1757.00008869171;60.0000000;59.9983543;0.0001833598;2.714788E-05;60.0000000
1758.00013542175;60.0000000;59.9982948;0.0001899892;-1.550778E-05;60.0000000
1759.0000629425;60.0000000;59.9983543;0.0001833598;2.330551E-05;60.0000000
1760.00010967255;60.0000000;59.9983543;0.0001833598;9.083192E-06;60.0000000
1761.0000371933;60.0000000;59.9983543;0.0001833598;3.540123E-06;60.0000000
1762.00008392334;60.0000000;59.9983543;0.0001833598;1.379743E-06;60.0000000
1763.00013065338;60.0000000;59.9983543;0.0001833598;5.37747E-07;60.0000000
1764.00005817413;60.0000000;59.9983543;0.0001833598;2.095838E-07;60.0000000
1765.00010490417;60.0000000;59.9983543;0.0001833598;8.168411E-08;60.0000000
1766.00003242493;60.0000000;59.9984139;0.0001767193;2.32606E-05;60.0000000
1767.00007915497;60.0000000;59.9984139;0.0001767193;9.065688E-06;60.0000000
1768.00012588501;60.0000000;59.9984139;0.0001767193;3.533301E-06;60.0000000
1769.00005340576;60.0000000;59.9984139;0.0001767193;1.377084E-06;60.0000000
1770.0001001358;60.0000000;59.9984139;0.0001767193;5.367106E-07;60.0000000
1771.00002765656;60.0000000;59.9984139;0.0001767193;2.091799E-07;60.0000000
1772.0000743866;60.0000000;59.9984735;0.0001700789;4.717289E-05;60.0000000
1773.00012111664;60.0000000;59.9984735;0.0001700789;1.838536E-05;60.0000000
1774.00004863739;60.0000000;59.9984735;0.0001700789;7.165592E-06;60.0000000
1775.00009536743;60.0000000;59.9984735;0.0001700789;2.792749E-06;60.0000000
1776.00014209747;60.0000000;59.9984735;0.0001700789;1.088458E-06;60.0000000
1777.00006961823;60.0000000;59.9984735;0.0001700789;4.242205E-07;60.0000000
1778.00011634827;60.0000000;59.9984735;0.0001700789;1.653375E-07;60.0000000
1779.00004386902;60.0000000;59.9985331;0.0001634384;3.31382E-05;60.0000000
1780.00009059906;60.0000000;59.9985331;0.0001634384;1.291543E-05;60.0000000
1781.0001373291;60.0000000;59.9985331;0.0001634384;5.033715E-06;60.0000000
1782.00006484985;60.0000000;59.9985927;0.0001567979;4.382084E-05;60.0000000
1783.0001115799;60.0000000;59.9985927;0.0001567979;1.707893E-05;60.0000000
1784.00003910065;60.0000000;59.9986523;0.0001501574;5.963419E-05;60.0000000
1785.00008583069;60.0000000;59.9986523;0.0001501574;5.294119E-05;60.0000000
1786.00013256073;60.0000000;59.9986523;0.0001501574;2.063353E-05;60.0000000
1787.00006008148;60.0000000;59.9986523;0.0001501574;8.0418E-06;60.0000000
1788.00010681152;60.0000000;59.9986523;0.0001501574;3.134246E-06;60.0000000
1789.00003433228;60.0000000;59.9986523;0.0001501574;1.221555E-06;60.0000000
1790.00008106232;60.0000000;59.9987119;0.0001435169;4.233508E-05;60.0000000
1791.00012779236;60.0000000;59.9987715;0.0001368764;4.263221E-05;60.0000000
1792.00005531311;60.0000000;59.9988311;0.000130236;4.601456E-05;60.0000000
1793.00010204315;60.0000000;59.9988311;0.000130236;1.793392E-05;60.0000000
1794.0000295639;60.0000000;59.9989503;0.000116955;9.304119E-05;60.0000000
1795.00007629395;60.0000000;59.9990695;0.000103674;0.0001223138;60.0000000
1796.00012302399;60.0000000;59.9992484;8.374142E-05;0.0001808695;60.0000000
1797.00005054474;60.0000000;59.9996060;4.389851E-05;0.0003103926;60.0000000
1798.00009727478;60.0000000;60.0002020;-2.250634E-05;0.0005021294;60.0000000
1799.00014400482;60.0000000;60.0009173;-0.0001022033;0.0006374523;60.0000000
1800.00007152557;60.0000000;60.0015133;-0.0001686082;0.0005986195;60.0000000
1801.00011825562;60.0000000;60.0020498;-0.0002283837;0.0005665928;60.0000000
1802.00004577637;60.0000000;60.0022286;-0.0002483051;0.0003218914;60.0000000
1803.00009250641;60.0000000;60.0023478;-0.0002615861;0.0002019456;60.0000000
1804.00013923645;60.0000000;60.0023478;-0.0002615861;7.870717E-05;60.0000000
1805.0000667572;60.0000000;60.0023478;-0.0002615861;3.067568E-05;60.0000000
1806.00011348724;60.0000000;60.0024074;-0.0002682266;5.904703E-05;60.0000000
1807.000041008;60.0000000;60.0024074;-0.0002682266;2.301325E-05;60.0000000
1808.00008773804;60.0000000;60.0023479;-0.0002615972;-1.422051E-05;60.0000000
1809.00013446808;60.0000000;60.0023479;-0.0002615972;-5.542362E-06;60.0000000
1810.00006198883;60.0000000;60.0023479;-0.0002615972;-2.160104E-06;60.0000000
1811.00010871887;60.0000000;60.0024074;-0.0002682266;3.217639E-05;60.0000000
1812.00003623962;60.0000000;60.0023479;-0.0002615972;-1.354795E-05;60.0000000
1813.00008296967;60.0000000;60.0023479;-0.0002615972;-5.280235E-06;60.0000000
1814.00012969971;60.0000000;60.0023479;-0.0002615972;-2.057942E-06;60.0000000
1815.00005722046;60.0000000;60.0023479;-0.0002615972;-8.020712E-07;60.0000000
1816.0001039505;60.0000000;60.0023479;-0.0002615972;-3.126027E-07;60.0000000
1817.00003147125;60.0000000;60.0023479;-0.0002615972;-1.218352E-07;60.0000000
1818.00007820129;60.0000000;60.0023478;-0.0002615861;1.096572E-05;60.0000000
1819.00012493134;60.0000000;60.0023478;-0.0002615861;4.273827E-06;60.0000000
1820.00005245209;60.0000000;60.0023478;-0.0002615861;1.6657E-06;60.0000000
1821.00009918213;60.0000000;60.0022883;-0.0002549567;-2.870038E-05;60.0000000
1822.00014591217;60.0000000;60.0022883;-0.0002549567;-1.118581E-05;60.0000000
1823.00007343292;60.0000000;60.0022883;-0.0002549567;-4.359606E-06;60.0000000
1824.00012016296;60.0000000;60.0022883;-0.0002549567;-1.699132E-06;60.0000000
1825.00004768372;60.0000000;60.0022883;-0.0002549567;-6.62227E-07;60.0000000
1826.00009441376;60.0000000;60.0022883;-0.0002549567;-2.580992E-07;60.0000000
1827.0001411438;60.0000000;60.0022883;-0.0002549567;-1.005927E-07;60.0000000
1828.00006866455;60.0000000;60.0022883;-0.0002549567;-3.920544E-08;60.0000000
1829.00011539459;60.0000000;60.0022883;-0.0002549567;-1.52801E-08;60.0000000
1830.00004291534;60.0000000;60.0022883;-0.0002549567;-5.95533E-09;60.0000000
1831.00008964539;60.0000000;60.0022883;-0.0002549567;-2.321056E-09;60.0000000
1832.00013637543;60.0000000;60.0022287;-0.0002483162;-2.613326E-05;60.0000000
1833.00006389618;60.0000000;60.0022287;-0.0002483162;-1.018529E-05;60.0000000
1834.00011062622;60.0000000;60.0022287;-0.0002483162;-3.96966E-06;60.0000000
1835.00003814697;60.0000000;60.0022287;-0.0002483162;-1.547152E-06;60.0000000
1836.00008487701;60.0000000;60.0022287;-0.0002483162;-6.029939E-07;60.0000000
1837.00013160706;60.0000000;60.0022287;-0.0002483162;-2.350135E-07;60.0000000
1838.00005912781;60.0000000;60.0022287;-0.0002483162;-9.159518E-08;60.0000000
1839.00010585785;60.0000000;60.0022287;-0.0002483162;-3.56987E-08;60.0000000
1840.0000333786;60.0000000;60.0021691;-0.0002416758;-3.72219E-05;60.0000000
1841.00008010864;60.0000000;60.0021691;-0.0002416758;-1.450702E-05;60.0000000
1842.00012683868;60.0000000;60.0021691;-0.0002416758;-5.654031E-06;60.0000000
1843.00005435944;60.0000000;60.0021691;-0.0002416758;-2.203627E-06;60.0000000
1844.00010108948;60.0000000;60.0021691;-0.0002416758;-8.58851E-07;60.0000000
1845.00002861023;60.0000000;60.0021691;-0.0002416758;-3.347323E-07;60.0000000
1846.00007534027;60.0000000;60.0021691;-0.0002416758;-1.3046E-07;60.0000000
1847.00012207031;60.0000000;60.0021691;-0.0002416758;-5.084606E-08;60.0000000
1848.00004959106;60.0000000;60.0021691;-0.0002416758;-1.981696E-08;60.0000000
1849.00009632111;60.0000000;60.0021095;-0.0002350353;-2.323648E-05;60.0000000
1850.00014305115;60.0000000;60.0021690;-0.0002416646;2.396199E-05;60.0000000
1851.0000705719;60.0000000;60.0021095;-0.0002350353;-4.354984E-05;60.0000000
1852.00011730194;60.0000000;60.0021095;-0.0002350353;-1.69733E-05;60.0000000
1853.00004482269;60.0000000;60.0021095;-0.0002350353;-6.61525E-06;60.0000000
1854.00009155273;60.0000000;60.0021095;-0.0002350353;-2.578256E-06;60.0000000
1855.00013828278;60.0000000;60.0021095;-0.0002350353;-1.004861E-06;60.0000000
1856.00006580353;60.0000000;60.0021095;-0.0002350353;-3.916389E-07;60.0000000
1857.00011253357;60.0000000;60.0020499;-0.0002283948;-4.7244E-05;60.0000000
1858.00004005432;60.0000000;60.0020499;-0.0002283948;-1.841308E-05;60.0000000
1859.00008678436;60.0000000;60.0020499;-0.0002283948;-7.176393E-06;60.0000000
1860.0001335144;60.0000000;60.0020499;-0.0002283948;-2.796959E-06;60.0000000
1861.00006103516;60.0000000;60.0020499;-0.0002283948;-1.090099E-06;60.0000000
1862.0001077652;60.0000000;60.0020499;-0.0002283948;-4.248599E-07;60.0000000
1863.00003528595;60.0000000;60.0020499;-0.0002283948;-1.655867E-07;60.0000000
1864.00008201599;60.0000000;60.0020499;-0.0002283948;-6.45365E-08;60.0000000
1865.00012874603;60.0000000;60.0020499;-0.0002283948;-2.515274E-08;60.0000000
1866.00005626678;60.0000000;60.0019307;-0.0002151138;-9.484656E-05;60.0000000
1867.00010299683;60.0000000;60.0019902;-0.0002217432;-1.377612E-05;60.0000000
1868.00003051758;60.0000000;60.0019902;-0.0002217432;-5.369165E-06;60.0000000
1869.00007724762;60.0000000;60.0019902;-0.0002217432;-2.092602E-06;60.0000000
1870.00012397766;60.0000000;60.0019902;-0.0002217432;-8.155797E-07;60.0000000
1871.00005149841;60.0000000;60.0019902;-0.0002217432;-3.178676E-07;60.0000000
1872.00009822845;60.0000000;60.0019902;-0.0002217432;4.519308E-06;60.0000000
1873.0001449585;60.0000000;60.0019902;-0.0002217432;1.761375E-06;60.0000000
1874.00007247925;60.0000000;60.0019902;-0.0002217432;6.864859E-07;60.0000000
1875.00011920929;60.0000000;60.0019307;-0.0002151138;-2.292224E-05;60.0000000
1876.00004673004;60.0000000;60.0019902;-0.0002217432;3.873149E-05;60.0000000
1877.00009346008;60.0000000;60.0019307;-0.0002151138;-1.099313E-05;60.0000000
1878.00014019012;60.0000000;60.0018711;-0.0002084734;-5.137587E-05;60.0000000
1879.00006771088;60.0000000;60.0019306;-0.0002151027;3.166336E-06;60.0000000
1880.00011444092;60.0000000;60.0019306;-0.0002151027;1.234062E-06;60.0000000
1881.00004196167;60.0000000;60.0018711;-0.0002084734;-3.763909E-05;60.0000000
1882.00008869171;60.0000000;60.0018711;-0.0002084734;-1.466962E-05;60.0000000
1883.00013542175;60.0000000;60.0019306;-0.0002151027;3.142816E-05;60.0000000
1884.0000629425;60.0000000;60.0018711;-0.0002084734;-1.383957E-05;60.0000000
1885.00010967255;60.0000000;60.0018711;-0.0002084734;-5.393892E-06;60.0000000
1886.0000371933;60.0000000;60.0018711;-0.0002084734;-2.102239E-06;60.0000000
1887.00008392334;60.0000000;60.0018711;-0.0002084734;-8.193357E-07;60.0000000
1888.00013065338;60.0000000;60.0018711;-0.0002084734;-3.193314E-07;60.0000000
1889.00005817413;60.0000000;60.0018711;-0.0002084734;-1.244576E-07;60.0000000
1890.00010490417;60.0000000;60.0018115;-0.0002018329;-3.725649E-05;60.0000000
1891.00003242493;60.0000000;60.0018115;-0.0002018329;-1.452051E-05;60.0000000
1892.00007915497;60.0000000;60.0018115;-0.0002018329;-5.659287E-06;60.0000000
1893.00012588501;60.0000000;60.0018115;-0.0002018329;-2.205675E-06;60.0000000
1894.00005340576;60.0000000;60.0018115;-0.0002018329;-8.596493E-07;60.0000000
1895.0001001358;60.0000000;60.0018115;-0.0002018329;-3.350434E-07;60.0000000
1896.00014686584;60.0000000;60.0017519;-0.0001951924;-5.310836E-05;60.0000000
1897.0000743866;60.0000000;60.0017519;-0.0001951924;-2.069868E-05;60.0000000
1898.00012111664;60.0000000;60.0018114;-0.0002018217;2.907836E-05;60.0000000
1899.00004863739;60.0000000;60.0018114;-0.0002018217;1.133313E-05;60.0000000
1900.00009536743;60.0000000;60.0017519;-0.0001951924;-2.493255E-05;60.0000000
1901.00014209747;60.0000000;60.0018114;-0.0002018217;3.729502E-05;60.0000000
1902.00006961823;60.0000000;60.0017519;-0.0001951924;-2.725323E-05;60.0000000
1903.00011634827;60.0000000;60.0016923;-0.0001885519;-4.002069E-05;60.0000000
1904.00004386902;60.0000000;60.0017518;-0.0001951812;2.619092E-05;60.0000000
1905.00009059906;60.0000000;60.0017518;-0.0001951812;1.020776E-05;60.0000000
1906.0001373291;60.0000000;60.0016923;-0.0001885519;-2.211009E-05;60.0000000
1907.00006484985;60.0000000;60.0017518;-0.0001951812;2.852828E-05;60.0000000
1908.0001115799;60.0000000;60.0017518;-0.0001951812;1.111873E-05;60.0000000
1909.00003910065;60.0000000;60.0017518;-0.0001951812;4.333464E-06;60.0000000
1910.00008583069;60.0000000;60.0016923;-0.0001885519;-2.766063E-05;60.0000000
1911.00013256073;60.0000000;60.0016923;-0.0001885519;-1.078057E-05;60.0000000
1912.00006008148;60.0000000;60.0016923;-0.0001885519;-4.201667E-06;60.0000000
1913.00010681152;60.0000000;60.0016923;-0.0001885519;-1.637576E-06;60.0000000
1914.00003433228;60.0000000;60.0016923;-0.0001885519;-6.38236E-07;60.0000000
1915.00008106232;60.0000000;60.0016923;-0.0001885519;-2.487489E-07;60.0000000
1916.00012779236;60.0000000;60.0016923;-0.0001885519;-9.694848E-08;60.0000000
1917.00005531311;60.0000000;60.0016923;-0.0001885519;-3.778512E-08;60.0000000
1918.00010204315;60.0000000;60.0016922;-0.0001885408;1.394737E-05;60.0000000
1919.00014877319;60.0000000;60.0016326;-0.0001819003;-3.177208E-05;60.0000000
1920.00007629395;60.0000000;60.0016326;-0.0001819003;-1.238299E-05;60.0000000
1921.00012302399;60.0000000;60.0016326;-0.0001819003;-4.8262E-06;60.0000000
1922.00005054474;60.0000000;60.0016326;-0.0001819003;-1.880984E-06;60.0000000
1923.00009727478;60.0000000;60.0016326;-0.0001819003;-7.33103E-07;60.0000000
1924.00014400482;60.0000000;60.0016326;-0.0001819003;-2.857228E-07;60.0000000
1925.00007152557;60.0000000;60.0016326;-0.0001819003;-1.113588E-07;60.0000000
1926.00011825562;60.0000000;60.0016326;-0.0001819003;-4.340148E-08;60.0000000
1927.00004577637;60.0000000;60.0016326;-0.0001819003;-1.691548E-08;60.0000000
1928.00009250641;60.0000000;60.0016326;-0.0001819003;-6.592714E-09;60.0000000
1929.00013923645;60.0000000;60.0016326;-0.0001819003;-2.569473E-09;60.0000000
1930.0000667572;60.0000000;60.0016326;-0.0001819003;-1.001438E-09;60.0000000
1931.00011348724;60.0000000;60.0015730;-0.0001752598;-4.709175E-05;60.0000000
1932.000041008;60.0000000;60.0016325;-0.0001818891;2.343501E-05;60.0000000
1933.00008773804;60.0000000;60.0015730;-0.0001752598;-3.787868E-05;60.0000000
1934.00013446808;60.0000000;60.0015730;-0.0001752598;-1.4763E-05;60.0000000
1935.00006198883;60.0000000;60.0015730;-0.0001752598;-5.753797E-06;60.0000000
1936.00010871887;60.0000000;60.0015134;-0.0001686193;-4.410149E-05;60.0000000
1937.00003623962;60.0000000;60.0015134;-0.0001686193;-1.718831E-05;60.0000000
1938.00008296967;60.0000000;60.0015729;-0.0001752486;1.649075E-05;60.0000000
1939.00012969971;60.0000000;60.0015134;-0.0001686193;-1.966134E-05;60.0000000
1940.00005722046;60.0000000;60.0015134;-0.0001686193;-7.662896E-06;60.0000000
1941.0001039505;60.0000000;60.0015729;-0.0001752486;3.415899E-05;60.0000000
1942.00015068054;60.0000000;60.0015134;-0.0001686193;-2.847548E-05;60.0000000
1943.00007820129;60.0000000;60.0015134;-0.0001686193;-1.109816E-05;60.0000000
1944.00012493134;60.0000000;60.0015134;-0.0001686193;-4.325444E-06;60.0000000
1945.00005245209;60.0000000;60.0015134;-0.0001686193;-1.685818E-06;60.0000000
1946.00009918213;60.0000000;60.0015134;-0.0001686193;-6.570379E-07;60.0000000
1947.00014591217;60.0000000;60.0015134;-0.0001686193;-2.560768E-07;60.0000000
1948.00007343292;60.0000000;60.0014538;-0.0001619788;-4.719116E-05;60.0000000
1949.00012016296;60.0000000;60.0014538;-0.0001619788;-1.839249E-05;60.0000000
1950.00004768372;60.0000000;60.0014538;-0.0001619788;-7.16837E-06;60.0000000
1951.00009441376;60.0000000;60.0014538;-0.0001619788;-2.793831E-06;60.0000000
1952.0001411438;60.0000000;60.0014538;-0.0001619788;-1.08888E-06;60.0000000
1953.00006866455;60.0000000;60.0014538;-0.0001619788;-4.243848E-07;60.0000000
1954.00011539459;60.0000000;60.0014538;-0.0001619788;-1.654016E-07;60.0000000
1955.00004291534;60.0000000;60.0014538;-0.0001619788;-6.446433E-08;60.0000000
1956.00008964539;60.0000000;60.0014538;-0.0001619788;-2.512461E-08;60.0000000
1957.00013637543;60.0000000;60.0014538;-0.0001619788;-9.792173E-09;60.0000000
1958.00006389618;60.0000000;60.0014538;-0.0001619788;-3.816444E-09;60.0000000
1959.00011062622;60.0000000;60.0014538;-0.0001619788;-1.487437E-09;60.0000000
1960.00003814697;60.0000000;60.0014538;-0.0001619788;-5.797203E-10;60.0000000
1961.00008487701;60.0000000;60.0014538;-0.0001619788;-2.259427E-10;60.0000000
1962.00013160706;60.0000000;60.0013942;-0.0001553383;-2.322885E-05;60.0000000
1963.00005912781;60.0000000;60.0013942;-0.0001553383;-9.053312E-06;60.0000000
1964.00010585785;60.0000000;60.0013942;-0.0001553383;-3.528477E-06;60.0000000
1965.00015258789;60.0000000;60.0013942;-0.0001553383;-1.375204E-06;60.0000000
1966.00008010864;60.0000000;60.0013942;-0.0001553383;-5.359781E-07;60.0000000
1967.00012683868;60.0000000;60.0013942;-0.0001553383;-2.088944E-07;60.0000000
1968.00005435944;60.0000000;60.0013942;-0.0001553383;-8.141541E-08;60.0000000
1969.00010108948;60.0000000;60.0013942;-0.0001553383;-3.17312E-08;60.0000000
1970.00014781952;60.0000000;60.0013346;-0.0001486978;-4.187135E-05;60.0000000
1971.00007534027;60.0000000;60.0013346;-0.0001486978;-1.631912E-05;60.0000000
1972.00012207031;60.0000000;60.0013346;-0.0001486978;-6.360286E-06;60.0000000
1973.00004959106;60.0000000;60.0013346;-0.0001486978;-2.478886E-06;60.0000000
1974.00009632111;60.0000000;60.0013346;-0.0001486978;-9.661316E-07;60.0000000
1975.00014305115;60.0000000;60.0013346;-0.0001486978;-3.765443E-07;60.0000000
1976.0000705719;60.0000000;60.0013346;-0.0001486978;-1.46756E-07;60.0000000
1977.00011730194;60.0000000;60.0013346;-0.0001486978;-5.719733E-08;60.0000000
1978.00004482269;60.0000000;60.0013346;-0.0001486978;-2.229233E-08;60.0000000
1979.00009155273;60.0000000;60.0012750;-0.0001420574;-4.186767E-05;60.0000000
1980.00013828278;60.0000000;60.0012750;-0.0001420574;-1.631769E-05;60.0000000
1981.00006580353;60.0000000;60.0012750;-0.0001420574;-6.359726E-06;60.0000000
1982.00011253357;60.0000000;60.0012750;-0.0001420574;-2.478667E-06;60.0000000
1983.00004005432;60.0000000;60.0012750;-0.0001420574;-9.660465E-07;60.0000000
1984.00008678436;60.0000000;60.0012750;-0.0001420574;-3.765111E-07;60.0000000
1985.0001335144;60.0000000;60.0012750;-0.0001420574;-1.467431E-07;60.0000000
1986.00006103516;60.0000000;60.0012153;-0.0001354057;-2.365856E-05;60.0000000
1987.0001077652;60.0000000;60.0012153;-0.0001354057;-2.291027E-06;60.0000000
1988.00003528595;60.0000000;60.0011558;-0.0001287764;-3.391119E-05;60.0000000
1989.00008201599;60.0000000;60.0011558;-0.0001287764;-1.844029E-05;60.0000000
1990.00012874603;60.0000000;60.0011558;-0.0001287764;-3.68861E-05;60.0000000
1991.00005626678;60.0000000;60.0010962;-0.0001221359;-5.623514E-05;60.0000000
1992.00010299683;60.0000000;60.0010962;-0.0001221359;-2.191733E-05;60.0000000
1993.00014972687;60.0000000;60.0010962;-0.0001221359;-8.542155E-06;60.0000000
1994.00007724762;60.0000000;60.0010962;-0.0001221359;-3.329257E-06;60.0000000
1995.00012397766;60.0000000;60.0010962;-0.0001221359;-1.297559E-06;60.0000000
1996.00005149841;60.0000000;60.0010962;-0.0001221359;-5.057164E-07;60.0000000
1997.00009822845;60.0000000;60.0010962;-0.0001221359;-1.971001E-07;60.0000000
1998.0001449585;60.0000000;60.0010366;-0.0001154954;-2.947572E-05;60.0000000
1999.00007247925;60.0000000;60.0010366;-0.0001154954;-1.1488E-05;60.0000000
2000;60.0000000;60.0009770;-0.0001088549;-3.060974E-05;60.0000000
2001.00016593933;60.0000000;60.0009770;-0.0001088549;-1.192997E-05;60.0000000
2002.00009346008;60.0000000;60.0009174;-0.0001022144;-4.185763E-05;60.0000000
2003.00002098083;60.0000000;60.0008578;-9.557396E-05;-6.340513E-05;60.0000000
2004.00018692017;60.0000000;60.0007982;-8.893348E-05;-5.411069E-05;60.0000000
2005.00011444092;60.0000000;60.0007386;-8.229299E-05;-4.43181E-05;60.0000000
2006.00004196167;60.0000000;60.0006194;-6.901202E-05;-9.347927E-05;60.0000000
2007.000207901;60.0000000;60.0003810;-4.245008E-05;-0.0001957083;60.0000000
2008.00013542175;60.0000000;60.0000233;-2.596028E-06;-0.0002992938;60.0000000
2009.0000629425;60.0000000;59.9995465;5.052785E-05;-0.0004245391;60.0000000
2009.99999046326;60.0000000;59.9990100;0.0001103034;-0.000503602;60.0000000
2011.00015640259;60.0000000;59.9984140;0.0001767082;-0.0005476826;60.0000000
2012.00008392334;60.0000000;59.9979372;0.0002298321;-0.0004799095;60.0000000
2013.00001144409;60.0000000;59.9976391;0.0002630457;-0.0003548017;60.0000000
2014.00017738342;60.0000000;59.9975199;0.0002763266;-0.0001987187;60.0000000
2015.00010490417;60.0000000;59.9975199;0.0002763266;-7.744948E-05;60.0000000
2016.00003242493;60.0000000;59.9975199;0.0002763266;-3.01855E-05;60.0000000
2017.00019836426;60.0000000;59.9974603;0.0002829671;-4.116353E-05;60.0000000
2018.00012588501;60.0000000;59.9974603;0.0002829671;-1.604325E-05;60.0000000
2019.00005340576;60.0000000;59.9974603;0.0002829671;-6.252767E-06;60.0000000
2019.99998092651;60.0000000;59.9974603;0.0002829671;-2.43698E-06;60.0000000
2021.00014686584;60.0000000;59.9974603;0.0002829671;-9.497992E-07;60.0000000
2022.0000743866;60.0000000;59.9974603;0.0002829671;-3.701788E-07;60.0000000
2023.00000190735;60.0000000;59.9974603;0.0002829671;-1.442751E-07;60.0000000
2024.00016784668;60.0000000;59.9974603;0.0002829671;-5.623041E-08;60.0000000
2025.00009536743;60.0000000;59.9974603;0.0002829671;-2.191549E-08;60.0000000
2026.00002288818;60.0000000;59.9975198;0.0002763378;4.700381E-05;60.0000000
2027.00018882751;60.0000000;59.9975198;0.0002763378;1.831947E-05;60.0000000
2028.00011634827;60.0000000;59.9975198;0.0002763378;7.139909E-06;60.0000000
2029.00004386902;60.0000000;59.9975198;0.0002763378;2.782739E-06;60.0000000
2030.00020980835;60.0000000;59.9975198;0.0002763378;1.084557E-06;60.0000000
2031.0001373291;60.0000000;59.9975198;0.0002763378;4.226999E-07;60.0000000
2032.00006484985;60.0000000;59.9975198;0.0002763378;1.647449E-07;60.0000000
2032.99999237061;60.0000000;59.9975198;0.0002763378;6.420839E-08;60.0000000
2034.00015830994;60.0000000;59.9975794;0.0002696973;4.711638E-05;60.0000000
2035.00008583069;60.0000000;59.9975794;0.0002696973;1.836334E-05;60.0000000
2036.00001335144;60.0000000;59.9975794;0.0002696973;7.157009E-06;60.0000000
2037.00017929077;60.0000000;59.9975794;0.0002696973;2.789404E-06;60.0000000
2038.00010681152;60.0000000;59.9975794;0.0002696973;1.087155E-06;60.0000000
2039.00003433228;60.0000000;59.9975794;0.0002696973;4.237123E-07;60.0000000
2040.00020027161;60.0000000;59.9975794;0.0002696973;1.651395E-07;60.0000000
2041.00012779236;60.0000000;59.9976390;0.0002630568;2.946326E-05;60.0000000
2042.00005531311;60.0000000;59.9975795;0.0002696862;-3.030561E-05;60.0000000
2042.99998283386;60.0000000;59.9976390;0.0002630568;2.997731E-05;60.0000000
2044.00014877319;60.0000000;59.9976390;0.0002630568;1.168349E-05;60.0000000
2045.00007629395;60.0000000;59.9976390;0.0002630568;4.553573E-06;60.0000000
2046.0000038147;60.0000000;59.9976390;0.0002630568;1.77473E-06;60.0000000
2047.00016975403;60.0000000;59.9976390;0.0002630568;6.916908E-07;60.0000000
2048.00009727478;60.0000000;59.9976390;0.0002630568;2.695826E-07;60.0000000
2049.00002479553;60.0000000;59.9976390;0.0002630568;1.050683E-07;60.0000000
2050.00019073486;60.0000000;59.9976390;0.0002630568;4.094978E-08;60.0000000
2051.00011825562;60.0000000;59.9976390;0.0002630568;1.595994E-08;60.0000000
2052.00004577637;60.0000000;59.9976390;0.0002630568;6.220298E-09;60.0000000
2053.0002117157;60.0000000;59.9976986;0.0002564163;2.940133E-05;60.0000000
2054.00013923645;60.0000000;59.9976986;0.0002564163;1.1459E-05;60.0000000
2055.0000667572;60.0000000;59.9976986;0.0002564163;4.466081E-06;60.0000000
2055.99999427795;60.0000000;59.9976986;0.0002564163;1.74063E-06;60.0000000
2057.00016021729;60.0000000;59.9976986;0.0002564163;6.784005E-07;60.0000000
2058.00008773804;60.0000000;59.9976986;0.0002564163;2.644027E-07;60.0000000
2059.00001525879;60.0000000;59.9976986;0.0002564163;1.030495E-07;60.0000000
2060.00018119812;60.0000000;59.9977582;0.0002497758;4.189915E-05;60.0000000
2061.00010871887;60.0000000;59.9977582;0.0002497758;1.632996E-05;60.0000000
2062.00003623962;60.0000000;59.9977582;0.0002497758;6.364508E-06;60.0000000
2063.00020217896;60.0000000;59.9977582;0.0002497758;2.480531E-06;60.0000000
2064.00012969971;60.0000000;59.9977582;0.0002497758;9.667729E-07;60.0000000
2065.00005722046;60.0000000;59.9977582;0.0002497758;3.767942E-07;60.0000000
2065.99998474121;60.0000000;59.9978179;0.0002431242;3.741727E-05;60.0000000
2067.00015068054;60.0000000;59.9977583;0.0002497647;-3.839461E-05;60.0000000
2068.00007820129;60.0000000;59.9977583;0.0002497647;-1.496408E-05;60.0000000
2069.00000572205;60.0000000;59.9978179;0.0002431242;4.125919E-05;60.0000000
2070.00017166138;60.0000000;59.9978179;0.0002431242;1.608054E-05;60.0000000
2071.00009918213;60.0000000;59.9977583;0.0002497647;-3.094069E-05;60.0000000
2072.00002670288;60.0000000;59.9978775;0.0002364837;5.302879E-05;60.0000000
2073.00019264221;60.0000000;59.9978180;0.0002431131;-5.420841E-06;60.0000000
2074.00012016296;60.0000000;59.9978180;0.0002431131;-2.112742E-06;60.0000000
2075.00004768372;60.0000000;59.9978775;0.0002364837;3.219485E-05;60.0000000
2076.00021362305;60.0000000;59.9978775;0.0002364837;1.254776E-05;60.0000000
2077.0001411438;60.0000000;59.9978775;0.0002364837;4.890419E-06;60.0000000
2078.00006866455;60.0000000;59.9978775;0.0002364837;1.906013E-06;60.0000000
2078.9999961853;60.0000000;59.9978775;0.0002364837;7.428578E-07;60.0000000
2080.00016212463;60.0000000;59.9978775;0.0002364837;2.895246E-07;60.0000000
2081.00008964539;60.0000000;59.9978775;0.0002364837;1.128406E-07;60.0000000
2082.00001716614;60.0000000;59.9979371;0.0002298432;2.617634E-05;60.0000000
2083.00018310547;60.0000000;59.9978776;0.0002364726;-2.281619E-05;60.0000000
2084.00011062622;60.0000000;59.9978776;0.0002364726;-8.892483E-06;60.0000000
2085.00003814697;60.0000000;59.9978776;0.0002364726;-3.465795E-06;60.0000000
2086.0002040863;60.0000000;59.9978776;0.0002364726;-1.350774E-06;60.0000000
2087.00013160706;60.0000000;59.9979371;0.0002298432;3.249182E-05;60.0000000
2088.00005912781;60.0000000;59.9979371;0.0002298432;1.26635E-05;60.0000000
2088.99998664856;60.0000000;59.9979371;0.0002298432;4.935528E-06;60.0000000
2090.00015258789;60.0000000;59.9979371;0.0002298432;1.923594E-06;60.0000000
2091.00008010864;60.0000000;59.9979371;0.0002298432;7.4971E-07;60.0000000
2092.00000762939;60.0000000;59.9979371;0.0002298432;2.921952E-07;60.0000000
2093.00017356873;60.0000000;59.9979371;0.0002298432;1.138814E-07;60.0000000
2094.00010108948;60.0000000;59.9979372;0.0002298321;-2.961574E-05;60.0000000
2095.00002861023;60.0000000;59.9979967;0.0002232028;3.670313E-05;60.0000000
2096.00019454956;60.0000000;59.9979967;0.0002232028;2.536189E-05;60.0000000
2097.00012207031;60.0000000;59.9979967;0.0002232028;9.884652E-06;60.0000000
2098.00004959106;60.0000000;59.9979967;0.0002232028;1.780826E-05;60.0000000
2099.0002155304;60.0000000;59.9979967;0.0002232028;6.940668E-06;60.0000000
2100.00014305115;60.0000000;59.9979967;0.0002232028;2.705086E-06;60.0000000
2101.0000705719;60.0000000;59.9979967;0.0002232028;1.054292E-06;60.0000000
2101.99999809265;60.0000000;59.9979967;0.0002232028;4.109044E-07;60.0000000
2103.00016403198;60.0000000;59.9979967;0.0002232028;1.601477E-07;60.0000000
2104.00009155273;60.0000000;59.9979967;0.0002232028;6.241665E-08;60.0000000
2105.00001907349;60.0000000;59.9980563;0.0002165623;4.711568E-05;60.0000000
2106.00018501282;60.0000000;59.9980563;0.0002165623;1.836307E-05;60.0000000
2107.00011253357;60.0000000;59.9980563;0.0002165623;7.156903E-06;60.0000000
2108.00004005432;60.0000000;59.9980563;0.0002165623;2.789362E-06;60.0000000
2109.00020599365;60.0000000;59.9980563;0.0002165623;1.087138E-06;60.0000000
2110.0001335144;60.0000000;59.9980563;0.0002165623;4.23706E-07;60.0000000
2111.00006103516;60.0000000;59.9980563;0.0002165623;1.65137E-07;60.0000000
2111.99998855591;60.0000000;59.9980563;0.0002165623;6.436122E-08;60.0000000
2113.00015449524;60.0000000;59.9981159;0.0002099218;3.723307E-05;60.0000000
2114.00008201599;60.0000000;59.9981159;0.0002099218;1.451138E-05;60.0000000
2115.00000953674;60.0000000;59.9981159;0.0002099218;5.655728E-06;60.0000000
2116.00017547607;60.0000000;59.9981159;0.0002099218;2.204288E-06;60.0000000
2117.00010299683;60.0000000;59.9981159;0.0002099218;8.591087E-07;60.0000000
2118.00003051758;60.0000000;59.9981159;0.0002099218;3.348327E-07;60.0000000
2119.00019645691;60.0000000;59.9981159;0.0002099218;1.304992E-07;60.0000000
2120.00012397766;60.0000000;59.9981159;0.0002099218;5.086131E-08;60.0000000
2121.00005149841;60.0000000;59.9981159;0.0002099218;1.982291E-08;60.0000000
2122.00021743774;60.0000000;59.9981159;0.0002099218;7.725865E-09;60.0000000
2123.0001449585;60.0000000;59.9981159;0.0002099218;3.011112E-09;60.0000000
2124.00007247925;60.0000000;59.9981755;0.0002032813;2.940008E-05;60.0000000
2125;60.0000000;59.9981755;0.0002032813;1.145851E-05;60.0000000
2126.00016593933;60.0000000;59.9981755;0.0002032813;4.465891E-06;60.0000000
2127.00009346008;60.0000000;59.9981755;0.0002032813;1.740556E-06;60.0000000
2128.00002098083;60.0000000;59.9981755;0.0002032813;6.783717E-07;60.0000000
2129.00018692017;60.0000000;59.9982351;0.0001966408;4.212337E-05;60.0000000
2130.00011444092;60.0000000;59.9982351;0.0001966408;1.641735E-05;60.0000000
2131.00004196167;60.0000000;59.9982351;0.0001966408;6.398569E-06;60.0000000
2132.000207901;60.0000000;59.9982351;0.0001966408;2.493806E-06;60.0000000
2133.00013542175;60.0000000;59.9982351;0.0001966408;9.719467E-07;60.0000000
2134.0000629425;60.0000000;59.9982351;0.0001966408;3.788107E-07;60.0000000
2134.99999046326;60.0000000;59.9982351;0.0001966408;1.476394E-07;60.0000000
2136.00015640259;60.0000000;59.9982351;0.0001966408;5.754161E-08;60.0000000
2137.00008392334;60.0000000;59.9982351;0.0001966408;2.242652E-08;60.0000000
2138.00001144409;60.0000000;59.9982351;0.0001966408;8.740608E-09;60.0000000
2139.00017738342;60.0000000;59.9982947;0.0001900003;3.721139E-05;60.0000000
2140.00010490417;60.0000000;59.9982947;0.0001900003;1.450293E-05;60.0000000
2141.00003242493;60.0000000;59.9982947;0.0001900003;5.652435E-06;60.0000000
2142.00019836426;60.0000000;59.9982947;0.0001900003;2.203004E-06;60.0000000
2143.00012588501;60.0000000;59.9982947;0.0001900003;8.586086E-07;60.0000000
2144.00005340576;60.0000000;59.9982947;0.0001900003;3.346379E-07;60.0000000
2145.00021934509;60.0000000;59.9982947;0.0001900003;1.304232E-07;60.0000000
2146.00014686584;60.0000000;59.9982947;0.0001900003;5.08317E-08;60.0000000
2147.0000743866;60.0000000;59.9983543;0.0001833598;2.324857E-05;60.0000000
2148.00000190735;60.0000000;59.9983543;0.0001833598;9.061001E-06;60.0000000
2149.00016784668;60.0000000;59.9983543;0.0001833598;3.531474E-06;60.0000000
2150.00009536743;60.0000000;59.9983543;0.0001833598;1.376372E-06;60.0000000
2151.00002288818;60.0000000;59.9984139;0.0001767193;4.762779E-05;60.0000000
2152.00018882751;60.0000000;59.9983544;0.0001833487;-1.85829E-05;60.0000000
2153.00011634827;60.0000000;59.9983544;0.0001833487;-7.242581E-06;60.0000000
2154.00004386902;60.0000000;59.9984139;0.0001767193;3.43228E-05;60.0000000
2155.00020980835;60.0000000;59.9984139;0.0001767193;1.337712E-05;60.0000000
2156.0001373291;60.0000000;59.9984139;0.0001767193;5.213657E-06;60.0000000
2157.00006484985;60.0000000;59.9984139;0.0001767193;2.031993E-06;60.0000000
2157.99999237061;60.0000000;59.9984139;0.0001767193;7.919578E-07;60.0000000
2159.00015830994;60.0000000;59.9984139;0.0001767193;3.08661E-07;60.0000000
2160.00008583069;60.0000000;59.9984735;0.0001700789;3.732829E-05;60.0000000
2161.00001335144;60.0000000;59.9984735;0.0001700789;1.454849E-05;60.0000000
2162.00017929077;60.0000000;59.9984140;0.0001767082;-2.367939E-05;60.0000000
2163.00010681152;60.0000000;59.9984735;0.0001700789;3.778344E-05;60.0000000
2164.00003433228;60.0000000;59.9984735;0.0001700789;1.472588E-05;60.0000000
2165.00020027161;60.0000000;59.9984735;0.0001700789;5.739329E-06;60.0000000
2166.00012779236;60.0000000;59.9984735;0.0001700789;2.236871E-06;60.0000000
2167.00005531311;60.0000000;59.9984735;0.0001700789;8.71808E-07;60.0000000
2168.00022125244;60.0000000;59.9984735;0.0001700789;3.397822E-07;60.0000000
2169.00014877319;60.0000000;59.9984735;0.0001700789;1.324282E-07;60.0000000
2170.00007629395;60.0000000;59.9985331;0.0001634384;5.302939E-05;60.0000000
2171.0000038147;60.0000000;59.9985331;0.0001634384;2.06679E-05;60.0000000
2172.00016975403;60.0000000;59.9985331;0.0001634384;8.055199E-06;60.0000000
2173.00009727478;60.0000000;59.9985331;0.0001634384;3.139468E-06;60.0000000
2174.00002479553;60.0000000;59.9985331;0.0001634384;1.22359E-06;60.0000000
2175.00019073486;60.0000000;59.9985927;0.0001567979;4.756825E-05;60.0000000
2176.00011825562;60.0000000;59.9985927;0.0001567979;1.853946E-05;60.0000000
2177.00004577637;60.0000000;59.9985927;0.0001567979;7.225648E-06;60.0000000
2178.0002117157;60.0000000;59.9985928;0.0001567868;-1.112243E-05;60.0000000
2179.00013923645;60.0000000;59.9986523;0.0001501574;2.868337E-05;60.0000000
2180.0000667572;60.0000000;59.9985928;0.0001567868;-2.596638E-05;60.0000000
2180.99999427795;60.0000000;59.9985928;0.0001567868;-1.012025E-05;60.0000000
2182.00016021729;60.0000000;59.9986523;0.0001501574;1.924548E-05;60.0000000
2183.00008773804;60.0000000;59.9986523;0.0001501574;7.500817E-06;60.0000000
2184.00001525879;60.0000000;59.9986523;0.0001501574;2.923401E-06;60.0000000
2185.00018119812;60.0000000;59.9986523;0.0001501574;1.139379E-06;60.0000000
2186.00010871887;60.0000000;59.9986523;0.0001501574;4.440666E-07;60.0000000
2187.00003623962;60.0000000;59.9987119;0.0001435169;2.340184E-05;60.0000000
2188.00020217896;60.0000000;59.9987120;0.0001435058;-9.726059E-06;60.0000000
2189.00012969971;60.0000000;59.9987120;0.0001435058;-6.689402E-06;60.0000000
2190.00005722046;60.0000000;59.9987715;0.0001368764;3.041112E-05;60.0000000
2191.00022315979;60.0000000;59.9987715;0.0001368764;1.185256E-05;60.0000000
2192.00015068054;60.0000000;59.9988311;0.000130236;3.401838E-05;60.0000000
2193.00007820129;60.0000000;59.9988311;0.000130236;1.325847E-05;60.0000000
2194.00000572205;60.0000000;59.9988311;0.000130236;5.167414E-06;60.0000000
2195.00017166138;60.0000000;59.9988907;0.0001235955;5.499175E-05;60.0000000
2196.00009918213;60.0000000;59.9989503;0.000116955;6.852408E-05;60.0000000
2197.00002670288;60.0000000;59.9989503;0.000116955;2.670687E-05;60.0000000
2198.00019264221;60.0000000;59.9989503;0.000116955;1.040885E-05;60.0000000
2199.00012016296;60.0000000;59.9990099;0.0001103145;3.345569E-05;60.0000000
2200.00004768372;60.0000000;59.9990695;0.000103674;3.626793E-05;60.0000000
2201.00021362305;60.0000000;59.9991888;9.038191E-05;7.926194E-05;60.0000000
2202.0001411438;60.0000000;59.9993676;7.046045E-05;0.0001404559;60.0000000
2203.00006866455;60.0000000;59.9996656;3.725802E-05;0.0002430892;60.0000000
2203.9999961853;60.0000000;60.0000828;-9.225372E-06;0.0003373857;60.0000000
2205.00016212463;60.0000000;60.0007385;-8.228185E-05;0.0005317999;60.0000000
2206.00008964539;60.0000000;60.0013345;-0.0001486867;0.0005747261;60.0000000
2207.00001716614;60.0000000;60.0018114;-0.0002018217;0.0005150363;60.0000000
2208.00018310547;60.0000000;60.0021690;-0.0002416646;0.000407403;60.0000000
2209.00011062622;60.0000000;60.0022882;-0.0002549456;0.0002267744;60.0000000
2210.00003814697;60.0000000;60.0023478;-0.0002615861;0.0001116128;60.0000000
2211.0002040863;60.0000000;60.0024074;-0.0002682266;6.672922E-05;60.0000000
2212.00013160706;60.0000000;60.0024074;-0.0002682266;2.600734E-05;60.0000000
2213.00005912781;60.0000000;60.0024074;-0.0002682266;1.013621E-05;60.0000000
2213.99998664856;60.0000000;60.0024074;-0.0002682266;3.950531E-06;60.0000000
2215.00015258789;60.0000000;60.0024074;-0.0002682266;1.539697E-06;60.0000000
2216.00008010864;60.0000000;60.0024074;-0.0002682266;6.000881E-07;60.0000000
2217.00000762939;60.0000000;60.0024074;-0.0002682266;2.338809E-07;60.0000000
2218.00017356873;60.0000000;60.0024074;-0.0002682266;9.115377E-08;60.0000000
2219.00010108948;60.0000000;60.0024074;-0.0002682266;3.552667E-08;60.0000000
2220.00002861023;60.0000000;60.0024074;-0.0002682266;1.384632E-08;60.0000000
2221.00019454956;60.0000000;60.0024074;-0.0002682266;5.396524E-09;60.0000000
2222.00012207031;60.0000000;60.0024074;-0.0002682266;2.103265E-09;60.0000000
2223.00004959106;60.0000000;60.0024074;-0.0002682266;8.197354E-10;60.0000000
2224.0002155304;60.0000000;60.0024074;-0.0002682266;3.194872E-10;60.0000000
2225.00014305115;60.0000000;60.0024074;-0.0002682266;1.245184E-10;60.0000000
2226.0000705719;60.0000000;60.0023479;-0.0002615972;-2.608847E-05;60.0000000
2226.99999809265;60.0000000;60.0023479;-0.0002615972;-1.016783E-05;60.0000000
2228.00016403198;60.0000000;60.0023479;-0.0002615972;-3.962856E-06;60.0000000
2229.00009155273;60.0000000;60.0023479;-0.0002615972;-1.544501E-06;60.0000000
2230.00001907349;60.0000000;60.0022883;-0.0002549567;-3.367573E-05;60.0000000
2231.00018501282;60.0000000;60.0023478;-0.0002615861;1.622465E-05;60.0000000
2232.00011253357;60.0000000;60.0022883;-0.0002549567;-2.669481E-05;60.0000000
2233.00004005432;60.0000000;60.0022883;-0.0002549567;-1.040415E-05;60.0000000
2234.00020599365;60.0000000;60.0022883;-0.0002549567;-4.054958E-06;60.0000000
2235.0001335144;60.0000000;60.0022883;-0.0002549567;-1.580397E-06;60.0000000
2236.00006103516;60.0000000;60.0022883;-0.0002549567;-6.159509E-07;60.0000000
2236.99998855591;60.0000000;60.0022883;-0.0002549567;-2.400634E-07;60.0000000
2238.00015449524;60.0000000;60.0022883;-0.0002549567;-9.356336E-08;60.0000000
2239.00008201599;60.0000000;60.0022883;-0.0002549567;-3.646579E-08;60.0000000
2240.00000953674;60.0000000;60.0022883;-0.0002549567;-1.421234E-08;60.0000000
2241.00017547607;60.0000000;60.0022883;-0.0002549567;-5.539178E-09;60.0000000
2242.00010299683;60.0000000;60.0022883;-0.0002549567;-2.158863E-09;60.0000000
2243.00003051758;60.0000000;60.0022287;-0.0002483162;-2.61332E-05;60.0000000
2244.00019645691;60.0000000;60.0022287;-0.0002483162;-1.018527E-05;60.0000000
2245.00012397766;60.0000000;60.0022287;-0.0002483162;-3.969651E-06;60.0000000
2246.00005149841;60.0000000;60.0022287;-0.0002483162;-1.547149E-06;60.0000000
2247.00021743774;60.0000000;60.0022287;-0.0002483162;-6.029925E-07;60.0000000
2248.0001449585;60.0000000;60.0022287;-0.0002483162;-2.350129E-07;60.0000000
2249.00007247925;60.0000000;60.0022287;-0.0002483162;-9.159496E-08;60.0000000
2250;60.0000000;60.0022287;-0.0002483162;-3.569862E-08;60.0000000
2251.00016593933;60.0000000;60.0022287;-0.0002483162;-1.391333E-08;60.0000000
2252.00009346008;60.0000000;60.0021691;-0.0002416758;-2.940432E-05;60.0000000
2253.00002098083;60.0000000;60.0021691;-0.0002416758;-1.146017E-05;60.0000000
2254.00018692017;60.0000000;60.0021691;-0.0002416758;-4.466536E-06;60.0000000
2255.00011444092;60.0000000;60.0021691;-0.0002416758;-1.740807E-06;60.0000000
2256.00004196167;60.0000000;60.0021691;-0.0002416758;-6.784697E-07;60.0000000
2257.000207901;60.0000000;60.0021691;-0.0002416758;-2.644298E-07;60.0000000
2258.00013542175;60.0000000;60.0021095;-0.0002350353;-2.333182E-05;60.0000000
2259.0000629425;60.0000000;60.0021095;-0.0002350353;-9.093445E-06;60.0000000
2259.99999046326;60.0000000;60.0021095;-0.0002350353;-3.544119E-06;60.0000000
2261.00015640259;60.0000000;60.0021095;-0.0002350353;-1.3813E-06;60.0000000
2262.00008392334;60.0000000;60.0021095;-0.0002350353;-5.38354E-07;60.0000000
2263.00001144409;60.0000000;60.0021095;-0.0002350353;-2.098204E-07;60.0000000
2264.00017738342;60.0000000;60.0021095;-0.0002350353;-8.177631E-08;60.0000000
2265.00010490417;60.0000000;60.0021095;-0.0002350353;-3.187185E-08;60.0000000
2266.00003242493;60.0000000;60.0021095;-0.0002350353;-1.242187E-08;60.0000000
2267.00019836426;60.0000000;60.0021095;-0.0002350353;-4.841355E-09;60.0000000
2268.00012588501;60.0000000;60.0021095;-0.0002350353;-1.886891E-09;60.0000000
2269.00005340576;60.0000000;60.0020499;-0.0002283948;-4.709209E-05;60.0000000
2270.00021934509;60.0000000;60.0020499;-0.0002283948;-1.835388E-05;60.0000000
2271.00014686584;60.0000000;60.0020499;-0.0002283948;-7.153319E-06;60.0000000
2272.0000743866;60.0000000;60.0020499;-0.0002283948;-2.787966E-06;60.0000000
2273.00000190735;60.0000000;60.0020499;-0.0002283948;-1.086594E-06;60.0000000
2274.00016784668;60.0000000;60.0020499;-0.0002283948;-4.234938E-07;60.0000000
2275.00009536743;60.0000000;60.0020499;-0.0002283948;-1.650543E-07;60.0000000
2276.00002288818;60.0000000;60.0020499;-0.0002283948;-6.432899E-08;60.0000000
2277.00018882751;60.0000000;60.0020499;-0.0002283948;-2.507186E-08;60.0000000
2278.00011634827;60.0000000;60.0020499;-0.0002283948;-9.771615E-09;60.0000000
2279.00004386902;60.0000000;60.0019903;-0.0002217543;-4.186279E-05;60.0000000
2280.00020980835;60.0000000;60.0019903;-0.0002217543;-1.631579E-05;60.0000000
2281.0001373291;60.0000000;60.0019903;-0.0002217543;-6.358986E-06;60.0000000
2282.00006484985;60.0000000;60.0019903;-0.0002217543;-2.478379E-06;60.0000000
2282.99999237061;60.0000000;60.0019903;-0.0002217543;-9.659343E-07;60.0000000
2284.00015830994;60.0000000;60.0019307;-0.0002151138;-4.223545E-05;60.0000000
2285.00008583069;60.0000000;60.0019307;-0.0002151138;-1.646103E-05;60.0000000
2286.00001335144;60.0000000;60.0019307;-0.0002151138;-6.415592E-06;60.0000000
2287.00017929077;60.0000000;60.0019307;-0.0002151138;-2.500441E-06;60.0000000
2288.00010681152;60.0000000;60.0018711;-0.0002084734;-4.283352E-05;60.0000000
2289.00003433228;60.0000000;60.0019306;-0.0002151027;2.045144E-05;60.0000000
2290.00020027161;60.0000000;60.0019307;-0.0002151138;-1.184429E-05;60.0000000
2291.00012779236;60.0000000;60.0018711;-0.0002084734;-3.769001E-05;60.0000000
2292.00005531311;60.0000000;60.0018711;-0.0002084734;-1.468947E-05;60.0000000
2293.00022125244;60.0000000;60.0018711;-0.0002084734;-2.142538E-05;60.0000000
2294.00014877319;60.0000000;60.0018711;-0.0002084734;-8.350419E-06;60.0000000
2295.00007629395;60.0000000;60.0018711;-0.0002084734;-3.254528E-06;60.0000000
2296.0000038147;60.0000000;60.0018711;-0.0002084734;-1.268434E-06;60.0000000
2297.00016975403;60.0000000;60.0018711;-0.0002084734;-4.943651E-07;60.0000000
2298.00009727478;60.0000000;60.0018711;-0.0002084734;-1.92676E-07;60.0000000
2299.00002479553;60.0000000;60.0018711;-0.0002084734;-7.509438E-08;60.0000000
2300.00019073486;60.0000000;60.0018711;-0.0002084734;-2.926761E-08;60.0000000
2301.00011825562;60.0000000;60.0018115;-0.0002018329;-2.614376E-05;60.0000000
2302.00004577637;60.0000000;60.0018115;-0.0002018329;-1.018938E-05;60.0000000
2303.0002117157;60.0000000;60.0018115;-0.0002018329;-3.971255E-06;60.0000000
2304.00013923645;60.0000000;60.0018115;-0.0002018329;-1.547774E-06;60.0000000
2305.0000667572;60.0000000;60.0018115;-0.0002018329;-6.032361E-07;60.0000000
2305.99999427795;60.0000000;60.0018115;-0.0002018329;-2.351079E-07;60.0000000
2307.00016021729;60.0000000;60.0018115;-0.0002018329;-9.163196E-08;60.0000000
2308.00008773804;60.0000000;60.0018115;-0.0002018329;-3.571304E-08;60.0000000
2309.00001525879;60.0000000;60.0018115;-0.0002018329;-1.391895E-08;60.0000000
2310.00018119812;60.0000000;60.0017519;-0.0001951924;-3.721341E-05;60.0000000
2311.00010871887;60.0000000;60.0017519;-0.0001951924;-1.450371E-05;60.0000000
2312.00003623962;60.0000000;60.0018114;-0.0002018217;2.736553E-05;60.0000000
2313.00020217896;60.0000000;60.0017519;-0.0001951924;-3.634678E-05;60.0000000
2314.00012969971;60.0000000;60.0017519;-0.0001951924;-1.416595E-05;60.0000000
2315.00005722046;60.0000000;60.0017519;-0.0001951924;-5.521099E-06;60.0000000
2316.00022315979;60.0000000;60.0017519;-0.0001951924;-2.151817E-06;60.0000000
2317.00015068054;60.0000000;60.0016923;-0.0001885519;-4.269764E-05;60.0000000
2318.00007820129;60.0000000;60.0017518;-0.0001951812;6.548624E-06;60.0000000
2319.00000572205;60.0000000;60.0016923;-0.0001885519;-3.923646E-05;60.0000000
2320.00017166138;60.0000000;60.0016923;-0.0001885519;-1.529219E-05;60.0000000
2321.00009918213;60.0000000;60.0016923;-0.0001885519;-5.960044E-06;60.0000000
2322.00002670288;60.0000000;60.0016923;-0.0001885519;-1.337994E-05;60.0000000
2323.00019264221;60.0000000;60.0016326;-0.0001819003;-3.139096E-05;60.0000000
2324.00012016296;60.0000000;60.0016922;-0.0001885408;2.497354E-05;60.0000000
2325.00004768372;60.0000000;60.0016326;-0.0001819003;-4.324448E-05;60.0000000
2326.00021362305;60.0000000;60.0016922;-0.0001885408;2.035369E-05;60.0000000
2327.0001411438;60.0000000;60.0016922;-0.0001885408;7.932737E-06;60.0000000
2328.00006866455;60.0000000;60.0016326;-0.0001819003;-4.399962E-05;60.0000000
2328.9999961853;60.0000000;60.0016922;-0.0001885408;3.582918E-05;60.0000000
2330.00016212463;60.0000000;60.0016922;-0.0001885408;1.396422E-05;60.0000000
2331.00008964539;60.0000000;60.0016326;-0.0001819003;-2.395643E-05;60.0000000
2332.00001716614;60.0000000;60.0016922;-0.0001885408;3.25221E-05;60.0000000
2333.00018310547;60.0000000;60.0016326;-0.0001819003;-2.918368E-05;60.0000000
2334.00011062622;60.0000000;60.0016326;-0.0001819003;-1.137417E-05;60.0000000
2335.00003814697;60.0000000;60.0016326;-0.0001819003;-4.43302E-06;60.0000000
2336.0002040863;60.0000000;60.0016326;-0.0001819003;-1.727744E-06;60.0000000
2337.00013160706;60.0000000;60.0016326;-0.0001819003;-6.733785E-07;60.0000000
2338.00005912781;60.0000000;60.0016326;-0.0001819003;-2.624455E-07;60.0000000
2339.00022506714;60.0000000;60.0016326;-0.0001819003;-1.022866E-07;60.0000000
2340.00015258789;60.0000000;60.0016326;-0.0001819003;-3.986564E-08;60.0000000
2341.00008010864;60.0000000;60.0016326;-0.0001819003;-1.55374E-08;60.0000000
2342.00000762939;60.0000000;60.0015730;-0.0001752598;-3.721404E-05;60.0000000
2343.00017356873;60.0000000;60.0015730;-0.0001752598;-1.450396E-05;60.0000000
2344.00010108948;60.0000000;60.0015730;-0.0001752598;-5.652837E-06;60.0000000
2345.00002861023;60.0000000;60.0015730;-0.0001752598;-2.203161E-06;60.0000000
2346.00019454956;60.0000000;60.0015730;-0.0001752598;-8.586695E-07;60.0000000
2347.00012207031;60.0000000;60.0015730;-0.0001752598;-3.346616E-07;60.0000000
2348.00004959106;60.0000000;60.0015730;-0.0001752598;-1.304325E-07;60.0000000
2349.0002155304;60.0000000;60.0015730;-0.0001752598;-5.083531E-08;60.0000000
2350.00014305115;60.0000000;60.0015134;-0.0001686193;-3.309358E-05;60.0000000
2351.0000705719;60.0000000;60.0015134;-0.0001686193;-1.289803E-05;60.0000000
2351.99999809265;60.0000000;60.0015134;-0.0001686193;-1.118672E-05;60.0000000
2353.00016403198;60.0000000;60.0015134;-0.0001686193;-4.359961E-06;60.0000000
2354.00009155273;60.0000000;60.0015134;-0.0001686193;-1.69927E-06;60.0000000
2355.00001907349;60.0000000;60.0015134;-0.0001686193;-6.622809E-07;60.0000000
2356.00018501282;60.0000000;60.0015134;-0.0001686193;-2.581202E-07;60.0000000
2357.00011253357;60.0000000;60.0015134;-0.0001686193;-1.006009E-07;60.0000000
2358.00004005432;60.0000000;60.0015134;-0.0001686193;-3.920863E-08;60.0000000
2359.00020599365;60.0000000;60.0015134;-0.0001686193;-1.528134E-08;60.0000000
2360.0001335144;60.0000000;60.0015134;-0.0001686193;-5.955817E-09;60.0000000
2361.00006103516;60.0000000;60.0014538;-0.0001619788;-5.29801E-05;60.0000000
2362.00022697449;60.0000000;60.0014538;-0.0001619788;-2.064869E-05;60.0000000
2363.00015449524;60.0000000;60.0014538;-0.0001619788;-8.04771E-06;60.0000000
2364.00008201599;60.0000000;60.0014538;-0.0001619788;-3.136549E-06;60.0000000
2365.00000953674;60.0000000;60.0014538;-0.0001619788;-1.222452E-06;60.0000000
2366.00017547607;60.0000000;60.0014538;-0.0001619788;-4.764439E-07;60.0000000
2367.00010299683;60.0000000;60.0014538;-0.0001619788;-1.856913E-07;60.0000000
2368.00003051758;60.0000000;60.0014538;-0.0001619788;-7.237213E-08;60.0000000
2369.00019645691;60.0000000;60.0014538;-0.0001619788;-2.820663E-08;60.0000000
2370.00012397766;60.0000000;60.0013942;-0.0001553383;-3.721898E-05;60.0000000
2371.00005149841;60.0000000;60.0013942;-0.0001553383;-1.450589E-05;60.0000000
2372.00021743774;60.0000000;60.0013942;-0.0001553383;-5.653587E-06;60.0000000
2373.0001449585;60.0000000;60.0013942;-0.0001553383;-2.203454E-06;60.0000000
2374.00007247925;60.0000000;60.0013942;-0.0001553383;-8.587836E-07;60.0000000
2375;60.0000000;60.0013942;-0.0001553383;-3.347061E-07;60.0000000
2376.00016593933;60.0000000;60.0013942;-0.0001553383;-1.304498E-07;60.0000000
2377.00009346008;60.0000000;60.0013941;-0.0001553272;2.808908E-06;60.0000000
2378.00002098083;60.0000000;60.0013941;-0.0001553272;1.094756E-06;60.0000000
2379.00018692017;60.0000000;60.0013346;-0.0001486978;-2.89229E-05;60.0000000
2380.00011444092;60.0000000;60.0013346;-0.0001486978;-1.127254E-05;60.0000000
2381.00004196167;60.0000000;60.0013346;-0.0001486978;-1.545045E-05;60.0000000
2382.000207901;60.0000000;60.0013346;-0.0001486978;-6.021727E-06;60.0000000
2383.00013542175;60.0000000;60.0013346;-0.0001486978;-2.346934E-06;60.0000000
2384.0000629425;60.0000000;60.0013346;-0.0001486978;-9.147042E-07;60.0000000
2385.00022888184;60.0000000;60.0012750;-0.0001420574;-3.343026E-05;60.0000000
2386.00015640259;60.0000000;60.0012750;-0.0001420574;-1.302926E-05;60.0000000
2387.00008392334;60.0000000;60.0012750;-0.0001420574;-5.078079E-06;60.0000000
2388.00001144409;60.0000000;60.0012750;-0.0001420574;-1.979152E-06;60.0000000
2389.00017738342;60.0000000;60.0012154;-0.0001354169;-5.374914E-05;60.0000000
2390.00010490417;60.0000000;60.0012749;-0.0001420462;1.619713E-05;60.0000000
2391.00003242493;60.0000000;60.0012749;-0.0001420462;6.312742E-06;60.0000000
2392.00019836426;60.0000000;60.0012749;-0.0001420462;2.460355E-06;60.0000000
2393.00012588501;60.0000000;60.0012154;-0.0001354169;-2.223088E-05;60.0000000
2394.00005340576;60.0000000;60.0012154;-0.0001354169;-8.664359E-06;60.0000000
2395.00021934509;60.0000000;60.0011558;-0.0001287764;-2.950924E-05;60.0000000
2396.00014686584;60.0000000;60.0012153;-0.0001354057;6.003671E-05;60.0000000
2397.0000743866;60.0000000;60.0011558;-0.0001287764;-1.472109E-05;60.0000000
2398.00000190735;60.0000000;60.0011558;-0.0001287764;-5.73746E-06;60.0000000
2399.00016784668;60.0000000;60.0011558;-0.0001287764;-2.236143E-06;60.0000000
2400.00009536743;60.0000000;60.0010962;-0.0001221359;-2.410029E-05;60.0000000
2401.00002288818;60.0000000;60.0010962;-0.0001221359;-9.392951E-06;60.0000000
2402.00018882751;60.0000000;60.0010366;-0.0001154954;-4.551983E-05;60.0000000
2403.00011634827;60.0000000;60.0010366;-0.0001154954;-1.77411E-05;60.0000000
2404.00004386902;60.0000000;60.0010366;-0.0001154954;-6.914492E-06;60.0000000
2405.00020980835;60.0000000;60.0010366;-0.0001154954;-2.694884E-06;60.0000000
2406.0001373291;60.0000000;60.0009770;-0.0001088549;-3.825831E-05;60.0000000
2407.00006484985;60.0000000;60.0009770;-0.0001088549;-1.491096E-05;60.0000000
2408.00023078918;60.0000000;60.0009770;-0.0001088549;-5.811462E-06;60.0000000
2409.00015830994;60.0000000;60.0009770;-0.0001088549;-2.264984E-06;60.0000000
2410.00008583069;60.0000000;60.0009174;-0.0001022144;-3.395653E-05;60.0000000
2411.00001335144;60.0000000;60.0008578;-9.557396E-05;-6.621214E-05;60.0000000
2412.00017929077;60.0000000;60.0008578;-9.557396E-05;-2.580581E-05;60.0000000
2413.00010681152;60.0000000;60.0007982;-8.893348E-05;-4.313143E-05;60.0000000
2414.00003433228;60.0000000;60.0007386;-8.229299E-05;-4.003899E-05;60.0000000
2415.00020027161;60.0000000;60.0006790;-7.56525E-05;-4.173733E-05;60.0000000
2416.00012779236;60.0000000;60.0005598;-6.237154E-05;-8.654864E-05;60.0000000
2417.00005531311;60.0000000;60.0003810;-4.245008E-05;-0.0001421977;60.0000000
2418.00022125244;60.0000000;60.0001425;-1.5877E-05;-0.0001989701;60.0000000
2419.00014877319;60.0000000;59.9996657;3.724688E-05;-0.0003656138;60.0000000
2420.00007629395;60.0000000;59.9991889;9.037076E-05;-0.0004251399;60.0000000
2421.0000038147;60.0000000;59.9985928;0.0001567868;-0.0005276789;60.0000000
2422.00016975403;60.0000000;59.9981160;0.0002099106;-0.0004966297;60.0000000
2423.00009727478;60.0000000;59.9978180;0.0002431131;-0.0003752482;60.0000000
2424.00002479553;60.0000000;59.9976987;0.0002564052;-0.0001989175;60.0000000
2425.00019073486;60.0000000;59.9976391;0.0002630457;-0.0001007557;60.0000000
2426.00011825562;60.0000000;59.9975795;0.0002696862;-6.540134E-05;60.0000000
2427.00004577637;60.0000000;59.9975795;0.0002696862;-2.54898E-05;60.0000000
2428.0002117157;60.0000000;59.9975795;0.0002696862;-9.934506E-06;60.0000000
2429.00013923645;60.0000000;59.9975199;0.0002763266;-4.10799E-05;60.0000000
2430.0000667572;60.0000000;59.9975794;0.0002696973;2.11349E-05;60.0000000
2431.00023269653;60.0000000;59.9975794;0.0002696973;8.237207E-06;60.0000000
2432.00016021729;60.0000000;59.9975794;0.0002696973;3.210405E-06;60.0000000
2433.00008773804;60.0000000;59.9975794;0.0002696973;1.251237E-06;60.0000000
2434.00001525879;60.0000000;59.9975794;0.0002696973;4.876625E-07;60.0000000
2435.00018119812;60.0000000;59.9975794;0.0002696973;1.900637E-07;60.0000000
2436.00010871887;60.0000000;59.9975794;0.0002696973;7.407625E-08;60.0000000
2437.00003623962;60.0000000;59.9975795;0.0002696862;-1.565203E-05;60.0000000
2438.00020217896;60.0000000;59.9975795;0.0002696862;-6.100292E-06;60.0000000
2439.00012969971;60.0000000;59.9976390;0.0002630568;3.064072E-05;60.0000000
2440.00005722046;60.0000000;59.9975795;0.0002696862;-1.740753E-05;60.0000000
2441.00022315979;60.0000000;59.9975795;0.0002696862;-6.784486E-06;60.0000000
2442.00015068054;60.0000000;59.9976390;0.0002630568;2.670536E-05;60.0000000
2443.00007820129;60.0000000;59.9976390;0.0002630568;1.040826E-05;60.0000000
2444.00000572205;60.0000000;59.9976390;0.0002630568;4.056562E-06;60.0000000
2445.00017166138;60.0000000;59.9976390;0.0002630568;1.581022E-06;60.0000000
2446.00009918213;60.0000000;59.9976390;0.0002630568;6.161945E-07;60.0000000
2447.00002670288;60.0000000;59.9976390;0.0002630568;2.401583E-07;60.0000000
2448.00019264221;60.0000000;59.9976390;0.0002630568;9.360036E-08;60.0000000
2449.00012016296;60.0000000;59.9976390;0.0002630568;3.648021E-08;60.0000000
2450.00004768372;60.0000000;59.9976986;0.0002564163;4.710558E-05;60.0000000
2451.00021362305;60.0000000;59.9976986;0.0002564163;1.835913E-05;60.0000000
2452.0001411438;60.0000000;59.9976391;0.0002630457;-2.586291E-05;60.0000000
2453.00006866455;60.0000000;59.9976986;0.0002564163;2.293835E-05;60.0000000
2454.00023460388;60.0000000;59.9976986;0.0002564163;8.940092E-06;60.0000000
2455.00016212463;60.0000000;59.9976986;0.0002564163;3.48435E-06;60.0000000
2456.00008964539;60.0000000;59.9976986;0.0002564163;1.358006E-06;60.0000000
2457.00001716614;60.0000000;59.9976986;0.0002564163;5.292752E-07;60.0000000
2458.00018310547;60.0000000;59.9976986;0.0002564163;2.06282E-07;60.0000000
2459.00011062622;60.0000000;59.9977582;0.0002497758;3.728838E-05;60.0000000
2460.00003814697;60.0000000;59.9976987;0.0002564052;-3.835595E-05;60.0000000
2461.0002040863;60.0000000;59.9976987;0.0002564052;-1.494902E-05;60.0000000
2462.00013160706;60.0000000;59.9977583;0.0002497647;1.277492E-05;60.0000000
2463.00005912781;60.0000000;59.9977583;0.0002497647;4.978955E-06;60.0000000
2464.00022506714;60.0000000;59.9977583;0.0002497647;1.940519E-06;60.0000000
2465.00015258789;60.0000000;59.9978179;0.0002431242;3.383007E-05;60.0000000
2466.00008010864;60.0000000;59.9977583;0.0002497647;-1.294728E-05;60.0000000
2467.00000762939;60.0000000;59.9978179;0.0002431242;2.802764E-05;60.0000000
2468.00017356873;60.0000000;59.9978179;0.0002431242;1.092361E-05;60.0000000
2469.00010108948;60.0000000;59.9977583;0.0002497647;-1.897134E-05;60.0000000
2470.00002861023;60.0000000;59.9978775;0.0002364837;6.909629E-05;60.0000000
2471.00019454956;60.0000000;59.9978180;0.0002431131;-2.419687E-06;60.0000000
2472.00012207031;60.0000000;59.9978180;0.0002431131;-9.430595E-07;60.0000000
2473.00004959106;60.0000000;59.9978775;0.0002364837;3.6778E-05;60.0000000
2474.0002155304;60.0000000;59.9978180;0.0002431131;-3.267832E-05;60.0000000
2475.00014305115;60.0000000;59.9978180;0.0002431131;-1.273619E-05;60.0000000
2476.0000705719;60.0000000;59.9978180;0.0002431131;-4.963858E-06;60.0000000
2477.00023651123;60.0000000;59.9978775;0.0002364837;2.415388E-05;60.0000000
2478.00016403198;60.0000000;59.9978775;0.0002364837;9.413837E-06;60.0000000
2479.00009155273;60.0000000;59.9978775;0.0002364837;3.66899E-06;60.0000000
2480.00001907349;60.0000000;59.9978775;0.0002364837;1.429968E-06;60.0000000
2481.00018501282;60.0000000;59.9978775;0.0002364837;5.57322E-07;60.0000000
2482.00011253357;60.0000000;59.9978775;0.0002364837;2.172131E-07;60.0000000
2483.00004005432;60.0000000;59.9978775;0.0002364837;8.465757E-08;60.0000000
2484.00020599365;60.0000000;59.9979371;0.0002298432;2.94319E-05;60.0000000
2485.0001335144;60.0000000;59.9979371;0.0002298432;1.147091E-05;60.0000000
2486.00006103516;60.0000000;59.9979371;0.0002298432;4.470724E-06;60.0000000
2487.00022697449;60.0000000;59.9979371;0.0002298432;1.742439E-06;60.0000000
2488.00015449524;60.0000000;59.9979371;0.0002298432;6.791058E-07;60.0000000
2489.00008201599;60.0000000;59.9979967;0.0002232028;3.333845E-05;60.0000000
2490.00000953674;60.0000000;59.9979372;0.0002298321;-1.635611E-05;60.0000000
2491.00017547607;60.0000000;59.9979372;0.0002298321;-6.3747E-06;60.0000000
2492.00010299683;60.0000000;59.9979967;0.0002232028;4.452784E-05;60.0000000
2493.00003051758;60.0000000;59.9979372;0.0002298321;-5.835313E-06;60.0000000
2494.00019645691;60.0000000;59.9979967;0.0002232028;3.487128E-05;60.0000000
2495.00012397766;60.0000000;59.9979967;0.0002232028;1.359089E-05;60.0000000
2496.00005149841;60.0000000;59.9979967;0.0002232028;5.296971E-06;60.0000000
2497.00021743774;60.0000000;59.9979967;0.0002232028;2.064464E-06;60.0000000
2498.0001449585;60.0000000;59.9979967;0.0002232028;8.046133E-07;60.0000000
2499.00007247925;60.0000000;59.9979967;0.0002232028;3.135935E-07;60.0000000
2500;60.0000000;59.9979967;0.0002232028;1.222213E-07;60.0000000
2501.00016593933;60.0000000;59.9980563;0.0002165623;2.617999E-05;60.0000000
2502.00009346008;60.0000000;59.9980563;0.0002165623;1.02035E-05;60.0000000
2503.00002098083;60.0000000;59.9980563;0.0002165623;3.976758E-06;60.0000000
2504.00018692017;60.0000000;59.9980563;0.0002165623;1.549919E-06;60.0000000
2505.00011444092;60.0000000;59.9980563;0.0002165623;6.040722E-07;60.0000000
2506.00004196167;60.0000000;59.9980563;0.0002165623;2.354337E-07;60.0000000
2507.000207901;60.0000000;59.9980563;0.0002165623;9.175896E-08;60.0000000
2508.00013542175;60.0000000;59.9980563;0.0002165623;3.576253E-08;60.0000000
2509.0000629425;60.0000000;59.9980563;0.0002165623;1.393824E-08;60.0000000
2510.00022888184;60.0000000;59.9980563;0.0002165623;5.432352E-09;60.0000000
2511.00015640259;60.0000000;59.9980563;0.0002165623;2.117228E-09;60.0000000
2512.00008392334;60.0000000;59.9981159;0.0002099218;2.939973E-05;60.0000000
2513.00001144409;60.0000000;59.9981159;0.0002099218;1.145838E-05;60.0000000
2514.00017738342;60.0000000;59.9981159;0.0002099218;4.465838E-06;60.0000000
2515.00010490417;60.0000000;59.9981159;0.0002099218;1.740535E-06;60.0000000
2516.00003242493;60.0000000;59.9981159;0.0002099218;6.783637E-07;60.0000000
2517.00019836426;60.0000000;59.9981159;0.0002099218;2.643884E-07;60.0000000
2518.00012588501;60.0000000;59.9981159;0.0002099218;1.030439E-07;60.0000000
2519.00005340576;60.0000000;59.9981159;0.0002099218;4.016077E-08;60.0000000
2520.00021934509;60.0000000;59.9981159;0.0002099218;1.565244E-08;60.0000000
2521.00014686584;60.0000000;59.9981159;0.0002099218;6.100448E-09;60.0000000
2522.0000743866;60.0000000;59.9981159;0.0002099218;2.377615E-09;60.0000000
2523.00000190735;60.0000000;59.9981159;0.0002099218;9.26662E-10;60.0000000
2524.00016784668;60.0000000;59.9981159;0.0002099218;3.611612E-10;60.0000000
2525.00009536743;60.0000000;59.9981159;0.0002099218;1.407605E-10;60.0000000
2526.00002288818;60.0000000;59.9981755;0.0002032813;5.297783E-05;60.0000000
2527.00018882751;60.0000000;59.9981755;0.0002032813;2.064781E-05;60.0000000
2528.00011634827;60.0000000;59.9981755;0.0002032813;8.047367E-06;60.0000000
2529.00004386902;60.0000000;59.9981755;0.0002032813;3.136416E-06;60.0000000
2530.00020980835;60.0000000;59.9981756;0.0002032701;-1.733759E-05;60.0000000
2531.0001373291;60.0000000;59.9981756;0.0002032701;-6.757229E-06;60.0000000
2532.00006484985;60.0000000;59.9981756;0.0002032701;-2.633592E-06;60.0000000
2533.00023078918;60.0000000;59.9982351;0.0001966408;4.076232E-05;60.0000000
2534.00015830994;60.0000000;59.9982351;0.0001966408;1.588689E-05;60.0000000
2535.00008583069;60.0000000;59.9982351;0.0001966408;6.191824E-06;60.0000000
2536.00001335144;60.0000000;59.9982351;0.0001966408;2.413229E-06;60.0000000
2537.00017929077;60.0000000;59.9982351;0.0001966408;9.405422E-07;60.0000000
2538.00010681152;60.0000000;59.9982947;0.0001900003;4.222555E-05;60.0000000
2539.00003433228;60.0000000;59.9982947;0.0001900003;1.645717E-05;60.0000000
2540.00020027161;60.0000000;59.9982947;0.0001900003;6.41409E-06;60.0000000
2541.00012779236;60.0000000;59.9982947;0.0001900003;2.499856E-06;60.0000000
2542.00005531311;60.0000000;59.9982947;0.0001900003;9.743045E-07;60.0000000
2543.00022125244;60.0000000;59.9982947;0.0001900003;3.797297E-07;60.0000000
2544.00014877319;60.0000000;59.9982947;0.0001900003;1.479975E-07;60.0000000
2545.00007629395;60.0000000;59.9982948;0.0001899892;-8.657305E-06;60.0000000
2546.0000038147;60.0000000;59.9982948;0.0001899892;-3.374136E-06;60.0000000
2547.00016975403;60.0000000;59.9983543;0.0001833598;4.744655E-05;60.0000000
2548.00009727478;60.0000000;59.9982948;0.0001899892;-1.452625E-05;60.0000000
2549.00002479553;60.0000000;59.9983543;0.0001833598;3.612723E-05;60.0000000
2550.00019073486;60.0000000;59.9983543;0.0001833598;1.408038E-05;60.0000000
2551.00011825562;60.0000000;59.9983543;0.0001833598;5.48775E-06;60.0000000
2552.00004577637;60.0000000;59.9983543;0.0001833598;2.138819E-06;60.0000000
2553.0002117157;60.0000000;59.9983543;0.0001833598;8.335927E-07;60.0000000
2554.00013923645;60.0000000;59.9983543;0.0001833598;1.798766E-05;60.0000000
2555.0000667572;60.0000000;59.9983543;0.0001833598;7.010588E-06;60.0000000
2556.00023269653;60.0000000;59.9983543;0.0001833598;2.732337E-06;60.0000000
2557.00016021729;60.0000000;59.9983543;0.0001833598;1.064913E-06;60.0000000
2558.00008773804;60.0000000;59.9984139;0.0001767193;3.762303E-05;60.0000000
2559.00001525879;60.0000000;59.9984139;0.0001767193;1.466336E-05;60.0000000
2560.00018119812;60.0000000;59.9984139;0.0001767193;5.714962E-06;60.0000000
2561.00010871887;60.0000000;59.9984139;0.0001767193;2.227374E-06;60.0000000
2562.00003623962;60.0000000;59.9984139;0.0001767193;8.681066E-07;60.0000000
2563.00020217896;60.0000000;59.9984139;0.0001767193;3.383396E-07;60.0000000
2564.00012969971;60.0000000;59.9984139;0.0001767193;1.31866E-07;60.0000000
2565.00005722046;60.0000000;59.9984139;0.0001767193;5.139401E-08;60.0000000
2566.00022315979;60.0000000;59.9984139;0.0001767193;2.003053E-08;60.0000000
2567.00015068054;60.0000000;59.9984139;0.0001767193;7.806785E-09;60.0000000
2568.00007820129;60.0000000;59.9984139;0.0001767193;3.04265E-09;60.0000000
2569.00000572205;60.0000000;59.9984735;0.0001700789;3.720917E-05;60.0000000
2570.00017166138;60.0000000;59.9984140;0.0001767082;-3.838683E-05;60.0000000
2571.00009918213;60.0000000;59.9984140;0.0001767082;-1.496105E-05;60.0000000
2572.00002670288;60.0000000;59.9984735;0.0001700789;4.118136E-05;60.0000000
2573.00019264221;60.0000000;59.9984735;0.0001700789;1.60502E-05;60.0000000
2574.00012016296;60.0000000;59.9984735;0.0001700789;6.255475E-06;60.0000000
2575.00004768372;60.0000000;59.9984735;0.0001700789;2.438037E-06;60.0000000
2576.00021362305;60.0000000;59.9984735;0.0001700789;9.50211E-07;60.0000000
2577.0001411438;60.0000000;59.9984735;0.0001700789;3.703394E-07;60.0000000
2578.00006866455;60.0000000;59.9984735;0.0001700789;1.443377E-07;60.0000000
2579.00023460388;60.0000000;59.9985331;0.0001634384;3.726424E-05;60.0000000
2580.00016212463;60.0000000;59.9985331;0.0001634384;1.452353E-05;60.0000000
2581.00008964539;60.0000000;59.9985331;0.0001634384;5.660463E-06;60.0000000
2582.00001716614;60.0000000;59.9985331;0.0001634384;2.206133E-06;60.0000000
2583.00018310547;60.0000000;59.9985331;0.0001634384;8.598281E-07;60.0000000
2584.00011062622;60.0000000;59.9985331;0.0001634384;3.351131E-07;60.0000000
2585.00003814697;60.0000000;59.9985331;0.0001634384;1.306084E-07;60.0000000
2586.0002040863;60.0000000;59.9985331;0.0001634384;5.09039E-08;60.0000000
2587.00013160706;60.0000000;59.9985331;0.0001634384;1.983951E-08;60.0000000
2588.00005912781;60.0000000;59.9985331;0.0001634384;7.732337E-09;60.0000000
2589.00022506714;60.0000000;59.9985331;0.0001634384;3.013635E-09;60.0000000
2590.00015258789;60.0000000;59.9985927;0.0001567979;4.709253E-05;60.0000000
2591.00008010864;60.0000000;59.9985927;0.0001567979;1.835405E-05;60.0000000
2592.00000762939;60.0000000;59.9985927;0.0001567979;7.153387E-06;60.0000000
2593.00017356873;60.0000000;59.9985927;0.0001567979;2.787993E-06;60.0000000
2594.00010108948;60.0000000;59.9986523;0.0001501574;3.416037E-05;60.0000000
2595.00002861023;60.0000000;59.9986523;0.0001501574;1.331381E-05;60.0000000
2596.00019454956;60.0000000;59.9986523;0.0001501574;5.188983E-06;60.0000000
2597.00012207031;60.0000000;59.9986523;0.0001501574;2.022377E-06;60.0000000
2598.00004959106;60.0000000;59.9986523;0.0001501574;7.882101E-07;60.0000000
2599.0002155304;60.0000000;59.9986523;0.0001501574;3.072004E-07;60.0000000
2600.00014305115;60.0000000;59.9986523;0.0001501574;1.197296E-07;60.0000000
2601.0000705719;60.0000000;59.9986523;0.0001501574;4.666394E-08;60.0000000
2602.00023651123;60.0000000;59.9987119;0.0001435169;2.324695E-05;60.0000000
2603.00016403198;60.0000000;59.9987119;0.0001435169;9.060367E-06;60.0000000
2604.00009155273;60.0000000;59.9987119;0.0001435169;3.531226E-06;60.0000000
2605.00001907349;60.0000000;59.9987715;0.0001368764;2.460504E-05;60.0000000
2606.00018501282;60.0000000;59.9987715;0.0001368764;9.589674E-06;60.0000000
2607.00011253357;60.0000000;59.9987715;0.0001368764;3.737521E-06;60.0000000
2608.00004005432;60.0000000;59.9988311;0.000130236;4.854803E-05;60.0000000
2609.00020599365;60.0000000;59.9988311;0.000130236;1.892132E-05;60.0000000
2610.0001335144;60.0000000;59.9988311;0.000130236;7.374478E-06;60.0000000
2611.00006103516;60.0000000;59.9988311;0.000130236;2.874161E-06;60.0000000
2612.00022697449;60.0000000;59.9988311;0.000130236;1.120188E-06;60.0000000
2613.00015449524;60.0000000;59.9988311;0.000130236;4.365869E-07;60.0000000
2614.00008201599;60.0000000;59.9988311;0.000130236;1.701573E-07;60.0000000
2615.00000953674;60.0000000;59.9988907;0.0001235955;2.619868E-05;60.0000000
2616.00017547607;60.0000000;59.9989503;0.000116955;4.741877E-05;60.0000000
2617.00010299683;60.0000000;59.9989503;0.000116955;1.84812E-05;60.0000000
2618.00003051758;60.0000000;59.9989503;0.000116955;7.202942E-06;60.0000000
2619.00019645691;60.0000000;59.9990099;0.0001103145;2.603607E-05;60.0000000
2620.00012397766;60.0000000;59.9990099;0.0001103145;1.014741E-05;60.0000000
2621.00005149841;60.0000000;59.9990695;0.000103674;4.581388E-05;60.0000000
2622.00021743774;60.0000000;59.9990695;0.000103674;1.78557E-05;60.0000000
2623.0001449585;60.0000000;59.9991292;9.702239E-05;4.422957E-05;60.0000000
2624.00007247925;60.0000000;59.9991292;9.702239E-05;1.723823E-05;60.0000000
2625.00023841858;60.0000000;59.9991292;9.702239E-05;6.718501E-06;60.0000000
2626.00016593933;60.0000000;59.9991888;9.038191E-05;3.20174E-05;60.0000000
2627.00009346008;60.0000000;59.9993080;7.710094E-05;7.291535E-05;60.0000000
2628.00002098083;60.0000000;59.9994272;6.381996E-05;0.0001016421;60.0000000
2629.00018692017;60.0000000;59.9996060;4.389851E-05;0.000162874;60.0000000
2630.00011444092;60.0000000;59.9999040;1.069608E-05;0.0002422652;60.0000000
2631.00004196167;60.0000000;60.0004405;-4.907942E-05;0.0004472433;60.0000000
2632.000207901;60.0000000;60.0009769;-0.0001088438;0.0005113956;60.0000000
2633.00013542175;60.0000000;60.0015133;-0.0001686082;0.000513796;60.0000000
2634.0000629425;60.0000000;60.0019902;-0.0002217432;0.0004879963;60.0000000
2635.00022888184;60.0000000;60.0022882;-0.0002549456;0.000361579;60.0000000
2636.00015640259;60.0000000;60.0024074;-0.0002682266;0.0002001295;60.0000000
2637.00008392334;60.0000000;60.0024670;-0.0002748671;0.0001012281;60.0000000
2638.00001144409;60.0000000;60.0024670;-0.0002748671;3.945308E-05;60.0000000
2639.00017738342;60.0000000;60.0024670;-0.0002748671;1.537662E-05;60.0000000
2640.00010490417;60.0000000;60.0025266;-0.0002815075;3.906672E-05;60.0000000
2641.00003242493;60.0000000;60.0025266;-0.0002815075;1.522603E-05;60.0000000
2642.00019836426;60.0000000;60.0025266;-0.0002815075;5.934261E-06;60.0000000
2643.00012588501;60.0000000;60.0024671;-0.0002748782;-5.057604E-05;60.0000000
2644.00005340576;60.0000000;60.0025266;-0.0002815075;1.330655E-05;60.0000000
2645.00021934509;60.0000000;60.0024671;-0.0002748782;-3.66026E-05;60.0000000
2646.00014686584;60.0000000;60.0025266;-0.0002815075;1.508392E-05;60.0000000
2647.0000743866;60.0000000;60.0024671;-0.0002748782;-2.020964E-05;60.0000000
2648.00024032593;60.0000000;60.0024671;-0.0002748782;-7.876592E-06;60.0000000
2649.00016784668;60.0000000;60.0024671;-0.0002748782;-3.069858E-06;60.0000000
2650.00009536743;60.0000000;60.0024671;-0.0002748782;-1.19646E-06;60.0000000
2651.00002288818;60.0000000;60.0024671;-0.0002748782;-4.663135E-07;60.0000000
2652.00018882751;60.0000000;60.0024075;-0.0002682377;-2.958065E-05;60.0000000
2653.00011634827;60.0000000;60.0024075;-0.0002682377;-1.152889E-05;60.0000000
2654.00004386902;60.0000000;60.0024075;-0.0002682377;-4.493319E-06;60.0000000
2655.00020980835;60.0000000;60.0024075;-0.0002682377;-1.751246E-06;60.0000000
2656.0001373291;60.0000000;60.0024075;-0.0002682377;-6.825383E-07;60.0000000
2657.00006484985;60.0000000;60.0024075;-0.0002682377;-2.660154E-07;60.0000000
2658.00023078918;60.0000000;60.0024075;-0.0002682377;-1.03678E-07;60.0000000
2659.00015830994;60.0000000;60.0024075;-0.0002682377;-4.040793E-08;60.0000000
2660.00008583069;60.0000000;60.0024075;-0.0002682377;-1.574876E-08;60.0000000
2661.00001335144;60.0000000;60.0024075;-0.0002682377;-6.137991E-09;60.0000000
2662.00017929077;60.0000000;60.0024075;-0.0002682377;-2.392247E-09;60.0000000
2663.00010681152;60.0000000;60.0024075;-0.0002682377;-9.323649E-10;60.0000000
2664.00003433228;60.0000000;60.0024075;-0.0002682377;-3.633839E-10;60.0000000
2665.00020027161;60.0000000;60.0024075;-0.0002682377;-1.416268E-10;60.0000000
2666.00012779236;60.0000000;60.0024075;-0.0002682377;-5.519827E-11;60.0000000
2667.00005531311;60.0000000;60.0023479;-0.0002615972;-5.29778E-05;60.0000000
2668.00022125244;60.0000000;60.0023479;-0.0002615972;-2.06478E-05;60.0000000
2669.00014877319;60.0000000;60.0023479;-0.0002615972;-8.047363E-06;60.0000000
2670.00007629395;60.0000000;60.0023479;-0.0002615972;-3.136414E-06;60.0000000
2671.00024223328;60.0000000;60.0023479;-0.0002615972;-1.2224E-06;60.0000000
2672.00016975403;60.0000000;60.0023479;-0.0002615972;-4.764233E-07;60.0000000
2673.00009727478;60.0000000;60.0023479;-0.0002615972;-1.856833E-07;60.0000000
2674.00002479553;60.0000000;60.0023479;-0.0002615972;-7.236903E-08;60.0000000
2675.00019073486;60.0000000;60.0023479;-0.0002615972;-2.820541E-08;60.0000000
2676.00011825562;60.0000000;60.0022883;-0.0002549567;-3.308475E-05;60.0000000
2677.00004577637;60.0000000;60.0022883;-0.0002549567;-1.289459E-05;60.0000000
2678.0002117157;60.0000000;60.0022883;-0.0002549567;-5.025596E-06;60.0000000
2679.00013923645;60.0000000;60.0022883;-0.0002549567;-1.958698E-06;60.0000000
2680.0000667572;60.0000000;60.0022883;-0.0002549567;-7.633913E-07;60.0000000
2681.00023269653;60.0000000;60.0022883;-0.0002549567;-2.975275E-07;60.0000000
2682.00016021729;60.0000000;60.0022883;-0.0002549567;-1.159597E-07;60.0000000
2683.00008773804;60.0000000;60.0022287;-0.0002483162;-4.713655E-05;60.0000000
2684.00001525879;60.0000000;60.0022287;-0.0002483162;-1.83712E-05;60.0000000
2685.00018119812;60.0000000;60.0022287;-0.0002483162;-7.160073E-06;60.0000000
2686.00010871887;60.0000000;60.0022287;-0.0002483162;-2.790598E-06;60.0000000
2687.00003623962;60.0000000;60.0022287;-0.0002483162;-1.08762E-06;60.0000000
2688.00020217896;60.0000000;60.0021691;-0.0002416758;-2.98228E-05;60.0000000
2689.00012969971;60.0000000;60.0022286;-0.0002483051;1.156652E-05;60.0000000
2690.00005722046;60.0000000;60.0022286;-0.0002483051;4.507987E-06;60.0000000
2691.00022315979;60.0000000;60.0022286;-0.0002483051;1.756962E-06;60.0000000
2692.00015068054;60.0000000;60.0022286;-0.0002483051;6.847661E-07;60.0000000
2693.00007820129;60.0000000;60.0021691;-0.0002416758;-3.27514E-05;60.0000000
2694.00024414063;60.0000000;60.0021691;-0.0002416758;-1.276467E-05;60.0000000
2695.00017166138;60.0000000;60.0021691;-0.0002416758;-4.974958E-06;60.0000000
2696.00009918213;60.0000000;60.0021691;-0.0002416758;-1.938962E-06;60.0000000
2697.00002670288;60.0000000;60.0021691;-0.0002416758;-7.556994E-07;60.0000000
2698.00019264221;60.0000000;60.0021691;-0.0002416758;-2.945295E-07;60.0000000
2699.00012016296;60.0000000;60.0021691;-0.0002416758;-1.147912E-07;60.0000000
2700.00004768372;60.0000000;60.0021691;-0.0002416758;-4.473923E-08;60.0000000
2701.00021362305;60.0000000;60.0021691;-0.0002416758;-1.743686E-08;60.0000000
2702.0001411438;60.0000000;60.0021691;-0.0002416758;-6.795918E-09;60.0000000
2703.00006866455;60.0000000;60.0021691;-0.0002416758;-2.648671E-09;60.0000000
2704.00023460388;60.0000000;60.0021095;-0.0002350353;-3.30748E-05;60.0000000
2705.00016212463;60.0000000;60.0021095;-0.0002350353;-1.289072E-05;60.0000000
2706.00008964539;60.0000000;60.0021095;-0.0002350353;-5.024084E-06;60.0000000
2707.00001716614;60.0000000;60.0020499;-0.0002283948;-5.493588E-05;60.0000000
2708.00018310547;60.0000000;60.0020499;-0.0002283948;-2.141095E-05;60.0000000
2709.00011062622;60.0000000;60.0021094;-0.0002350241;1.774372E-05;60.0000000
2710.00003814697;60.0000000;60.0020499;-0.0002283948;-3.487324E-05;60.0000000
2711.0002040863;60.0000000;60.0020499;-0.0002283948;-1.359165E-05;60.0000000
2712.00013160706;60.0000000;60.0020499;-0.0002283948;-5.297267E-06;60.0000000
2713.00005912781;60.0000000;60.0020499;-0.0002283948;-2.06458E-06;60.0000000
2714.00022506714;60.0000000;60.0020499;-0.0002283948;-8.046583E-07;60.0000000
2715.00015258789;60.0000000;60.0020499;-0.0002283948;-3.13611E-07;60.0000000
2716.00008010864;60.0000000;60.0020499;-0.0002283948;-1.222281E-07;60.0000000
2717.00024604797;60.0000000;60.0020499;-0.0002283948;-4.763773E-08;60.0000000
2718.00017356873;60.0000000;60.0020499;-0.0002283948;-1.856653E-08;60.0000000
2719.00010108948;60.0000000;60.0019903;-0.0002217543;-2.613959E-05;60.0000000
2720.00002861023;60.0000000;60.0019903;-0.0002217543;-1.018776E-05;60.0000000
2721.00019454956;60.0000000;60.0019903;-0.0002217543;-3.970621E-06;60.0000000
2722.00012207031;60.0000000;60.0019903;-0.0002217543;-1.547527E-06;60.0000000
2723.00004959106;60.0000000;60.0019903;-0.0002217543;-6.031399E-07;60.0000000
2724.0002155304;60.0000000;60.0019903;-0.0002217543;-2.350703E-07;60.0000000
2725.00014305115;60.0000000;60.0019307;-0.0002151138;-2.622397E-05;60.0000000
2726.0000705719;60.0000000;60.0019902;-0.0002217432;3.156811E-05;60.0000000
2727.00023651123;60.0000000;60.0019307;-0.0002151138;-2.948527E-05;60.0000000
2728.00016403198;60.0000000;60.0019307;-0.0002151138;-1.149172E-05;60.0000000
2729.00009155273;60.0000000;60.0019307;-0.0002151138;-4.478832E-06;60.0000000
2730.00001907349;60.0000000;60.0019307;-0.0002151138;-1.745599E-06;60.0000000
2731.00018501282;60.0000000;60.0019307;-0.0002151138;-6.803374E-07;60.0000000
2732.00011253357;60.0000000;60.0019306;-0.0002151027;4.888207E-06;60.0000000
2733.00004005432;60.0000000;60.0018711;-0.0002084734;-3.524041E-05;60.0000000
2734.00020599365;60.0000000;60.0019306;-0.0002151027;2.112424E-05;60.0000000
2735.0001335144;60.0000000;60.0018711;-0.0002084734;-2.111652E-05;60.0000000
2736.00006103516;60.0000000;60.0018711;-0.0002084734;-8.230047E-06;60.0000000
2737.00022697449;60.0000000;60.0018711;-0.0002084734;-3.207614E-06;60.0000000
2738.00015449524;60.0000000;60.0018711;-0.0002084734;-1.25015E-06;60.0000000
2739.00008201599;60.0000000;60.0018711;-0.0002084734;-4.872388E-07;60.0000000
2740.00024795532;60.0000000;60.0018711;-0.0002084734;-1.898985E-07;60.0000000
2741.00017547607;60.0000000;60.0018711;-0.0002084734;-7.401187E-08;60.0000000
2742.00010299683;60.0000000;60.0018711;-0.0002084734;-2.88457E-08;60.0000000
2743.00003051758;60.0000000;60.0018115;-0.0002018329;-3.721923E-05;60.0000000
2744.00019645691;60.0000000;60.0018115;-0.0002018329;-1.450598E-05;60.0000000
2745.00012397766;60.0000000;60.0018115;-0.0002018329;-5.653625E-06;60.0000000
2746.00005149841;60.0000000;60.0018115;-0.0002018329;-2.203468E-06;60.0000000
2747.00021743774;60.0000000;60.0018115;-0.0002018329;-8.587891E-07;60.0000000
2748.0001449585;60.0000000;60.0018115;-0.0002018329;-3.347082E-07;60.0000000
2749.00007247925;60.0000000;60.0017519;-0.0001951924;-4.198943E-05;60.0000000
2750.00023841858;60.0000000;60.0017519;-0.0001951924;-1.636515E-05;60.0000000
2751.00016593933;60.0000000;60.0017519;-0.0001951924;-6.378223E-06;60.0000000
2752.00009346008;60.0000000;60.0017519;-0.0001951924;-2.485876E-06;60.0000000
2753.00002098083;60.0000000;60.0017519;-0.0001951924;-9.688562E-07;60.0000000
2754.00018692017;60.0000000;60.0017519;-0.0001951924;-3.776062E-07;60.0000000
2755.00011444092;60.0000000;60.0017519;-0.0001951924;-1.471699E-07;60.0000000
2756.00004196167;60.0000000;60.0017519;-0.0001951924;-5.735863E-08;60.0000000
2757.000207901;60.0000000;60.0017519;-0.0001951924;-2.23552E-08;60.0000000
2758.00013542175;60.0000000;60.0016923;-0.0001885519;-5.298649E-05;60.0000000
2759.0000629425;60.0000000;60.0017518;-0.0001951812;3.223771E-05;60.0000000
2760.00022888184;60.0000000;60.0017518;-0.0001951812;1.256446E-05;60.0000000
2761.00015640259;60.0000000;60.0016923;-0.0001885519;-4.799196E-05;60.0000000
2762.00008392334;60.0000000;60.0016923;-0.0001885519;-1.87046E-05;60.0000000
2763.00024986267;60.0000000;60.0016923;-0.0001885519;-7.290011E-06;60.0000000
2764.00017738342;60.0000000;60.0016923;-0.0001885519;-2.84124E-06;60.0000000
2765.00010490417;60.0000000;60.0016923;-0.0001885519;-1.107357E-06;60.0000000
2766.00003242493;60.0000000;60.0016923;-0.0001885519;-4.315863E-07;60.0000000
2767.00019836426;60.0000000;60.0016923;-0.0001885519;-1.682083E-07;60.0000000
2768.00012588501;60.0000000;60.0016923;-0.0001885519;-6.555824E-08;60.0000000
2769.00005340576;60.0000000;60.0016923;-0.0001885519;-2.555095E-08;60.0000000
2770.00021934509;60.0000000;60.0016326;-0.0001819003;-3.313921E-05;60.0000000
2771.00014686584;60.0000000;60.0016326;-0.0001819003;-1.291582E-05;60.0000000
2772.0000743866;60.0000000;60.0016922;-0.0001885408;2.436504E-05;60.0000000
2773.00024032593;60.0000000;60.0016326;-0.0001819003;-1.990277E-05;60.0000000
2774.00016784668;60.0000000;60.0016326;-0.0001819003;-7.756992E-06;60.0000000
2775.00009536743;60.0000000;60.0016326;-0.0001819003;-3.023244E-06;60.0000000
2776.00002288818;60.0000000;60.0016326;-0.0001819003;-1.178292E-06;60.0000000
2777.00018882751;60.0000000;60.0016326;-0.0001819003;-4.592327E-07;60.0000000
2778.00011634827;60.0000000;60.0015730;-0.0001752598;-5.315676E-05;60.0000000
2779.00004386902;60.0000000;60.0016325;-0.0001818891;2.107121E-05;60.0000000
2780.00020980835;60.0000000;60.0016325;-0.0001818891;8.212384E-06;60.0000000
2781.0001373291;60.0000000;60.0015729;-0.0001752486;-1.046794E-05;60.0000000
2782.00006484985;60.0000000;60.0015729;-0.0001752486;-4.079821E-06;60.0000000
2783.00023078918;60.0000000;60.0015729;-0.0001752486;-1.590087E-06;60.0000000
2784.00015830994;60.0000000;60.0015729;-0.0001752486;-6.197275E-07;60.0000000
2785.00008583069;60.0000000;60.0015729;-0.0001752486;-2.415353E-07;60.0000000
2786.00001335144;60.0000000;60.0015134;-0.0001686193;-4.188289E-05;60.0000000
2787.00017929077;60.0000000;60.0015729;-0.0001752486;2.546513E-05;60.0000000
2788.00010681152;60.0000000;60.0015134;-0.0001686193;-4.2964E-05;60.0000000
2789.00003433228;60.0000000;60.0015134;-0.0001686193;-1.674498E-05;60.0000000
2790.00020027161;60.0000000;60.0015134;-0.0001686193;-6.526261E-06;60.0000000
2791.00012779236;60.0000000;60.0015134;-0.0001686193;-2.543573E-06;60.0000000
2792.00005531311;60.0000000;60.0015134;-0.0001686193;-9.913432E-07;60.0000000
2793.00022125244;60.0000000;60.0015134;-0.0001686193;-3.863704E-07;60.0000000
2794.00014877319;60.0000000;60.0015134;-0.0001686193;-1.505857E-07;60.0000000
2795.00007629395;60.0000000;60.0014538;-0.0001619788;-4.191768E-05;60.0000000
2796.00024223328;60.0000000;60.0014538;-0.0001619788;-1.633718E-05;60.0000000
2797.00016975403;60.0000000;60.0014538;-0.0001619788;-6.367323E-06;60.0000000
2798.00009727478;60.0000000;60.0014538;-0.0001619788;-2.481628E-06;60.0000000
2799.00002479553;60.0000000;60.0014538;-0.0001619788;-9.672005E-07;60.0000000
2800.00019073486;60.0000000;60.0014538;-0.0001619788;-3.769609E-07;60.0000000
2801.00011825562;60.0000000;60.0014538;-0.0001619788;-1.469184E-07;60.0000000
2802.00004577637;60.0000000;60.0013942;-0.0001553383;-3.726525E-05;60.0000000
2803.0002117157;60.0000000;60.0013942;-0.0001553383;-1.452392E-05;60.0000000
2804.00013923645;60.0000000;60.0013942;-0.0001553383;-5.660616E-06;60.0000000
2805.0000667572;60.0000000;60.0013942;-0.0001553383;-2.206193E-06;60.0000000
2806.00023269653;60.0000000;60.0013942;-0.0001553383;-8.598512E-07;60.0000000
2807.00016021729;60.0000000;60.0013942;-0.0001553383;-3.351222E-07;60.0000000
2808.00008773804;60.0000000;60.0013942;-0.0001553383;-1.30612E-07;60.0000000
2809.00001525879;60.0000000;60.0013941;-0.0001553272;1.560549E-05;60.0000000
2810.00018119812;60.0000000;60.0013346;-0.0001486978;-3.106341E-05;60.0000000
2811.00010871887;60.0000000;60.0013346;-0.0001486978;-1.210679E-05;60.0000000
2812.00003623962;60.0000000;60.0013346;-0.0001486978;-4.718552E-06;60.0000000
2813.00020217896;60.0000000;60.0013346;-0.0001486978;-1.839029E-06;60.0000000
2814.00012969971;60.0000000;60.0013346;-0.0001486978;-7.167512E-07;60.0000000
2815.00005722046;60.0000000;60.0012750;-0.0001420574;-3.335311E-05;60.0000000
2816.00022315979;60.0000000;60.0012750;-0.0001420574;-1.299919E-05;60.0000000
2817.00015068054;60.0000000;60.0012750;-0.0001420574;-5.06636E-06;60.0000000
2818.00007820129;60.0000000;60.0011558;-0.0001287764;-6.812211E-05;60.0000000
2819.00024414063;60.0000000;60.0011558;-0.0001287764;-2.655021E-05;60.0000000
2820.00017166138;60.0000000;60.0011558;-0.0001287764;-1.034779E-05;60.0000000
2821.00009918213;60.0000000;60.0011558;-0.0001287764;-4.032993E-06;60.0000000
2822.00002670288;60.0000000;60.0010962;-0.0001221359;-3.097074E-05;60.0000000
2823.00019264221;60.0000000;60.0010366;-0.0001154954;-5.392965E-05;60.0000000
2824.00012016296;60.0000000;60.0010366;-0.0001154954;-2.101878E-05;60.0000000
2825.00004768372;60.0000000;60.0009770;-0.0001088549;-5.005093E-05;60.0000000
2826.00021362305;60.0000000;60.0009174;-0.0001022144;-5.671506E-05;60.0000000
2827.0001411438;60.0000000;60.0007982;-8.893348E-05;-7.84069E-05;60.0000000
2828.00006866455;60.0000000;60.0006790;-7.56525E-05;-8.976477E-05;60.0000000
2829.00023460388;60.0000000;60.0003810;-4.245008E-05;-0.0002034669;60.0000000
2830.00016212463;60.0000000;59.9999041;1.068494E-05;-0.0003604639;60.0000000
2831.00008964539;60.0000000;59.9993081;7.70898E-05;-0.0005138353;60.0000000
2832.00001716614;60.0000000;59.9987120;0.0001435058;-0.000554624;60.0000000
2833.00018310547;60.0000000;59.9981756;0.0002032701;-0.0005303602;60.0000000
2834.00011062622;60.0000000;59.9978180;0.0002431131;-0.000402838;60.0000000
2835.00003814697;60.0000000;59.9976391;0.0002630457;-0.0002626482;60.0000000
2836.0002040863;60.0000000;59.9976391;0.0002630457;-0.0001023657;60.0000000
2837.00013160706;60.0000000;59.9975795;0.0002696862;-9.287422E-05;60.0000000
2838.00005912781;60.0000000;59.9975795;0.0002696862;-3.61972E-05;60.0000000
2839.00022506714;60.0000000;59.9975795;0.0002696862;-1.410766E-05;60.0000000
2840.00015258789;60.0000000;59.9975795;0.0002696862;-5.498378E-06;60.0000000
2841.00008010864;60.0000000;59.9975795;0.0002696862;-2.142962E-06;60.0000000
2842.00024604797;60.0000000;59.9975795;0.0002696862;-8.352072E-07;60.0000000
2843.00017356873;60.0000000;59.9975795;0.0002696862;-3.255173E-07;60.0000000
2844.00010108948;60.0000000;59.9975795;0.0002696862;-1.268685E-07;60.0000000
2845.00002861023;60.0000000;59.9975795;0.0002696862;-4.692644E-06;60.0000000
2846.00019454956;60.0000000;59.9976390;0.0002630568;5.105996E-05;60.0000000
2847.00012207031;60.0000000;59.9976390;0.0002630568;1.990033E-05;60.0000000
2848.00004959106;60.0000000;59.9976390;0.0002630568;7.756042E-06;60.0000000
2849.0002155304;60.0000000;59.9976390;0.0002630568;3.022873E-06;60.0000000
2850.00014305115;60.0000000;59.9976390;0.0002630568;1.884092E-05;60.0000000
2851.0000705719;60.0000000;59.9976390;0.0002630568;7.343142E-06;60.0000000
2852.00023651123;60.0000000;59.9976390;0.0002630568;2.861948E-06;60.0000000
2853.00016403198;60.0000000;59.9976390;0.0002630568;1.115428E-06;60.0000000
2854.00009155273;60.0000000;59.9976390;0.0002630568;4.347318E-07;60.0000000
2855.00001907349;60.0000000;59.9976390;0.0002630568;1.694342E-07;60.0000000
2856.00018501282;60.0000000;59.9976390;0.0002630568;6.603604E-08;60.0000000
2857.00011253357;60.0000000;59.9976986;0.0002564163;2.942464E-05;60.0000000
2858.00004005432;60.0000000;59.9976986;0.0002564163;1.146809E-05;60.0000000
2859.00020599365;60.0000000;59.9976986;0.0002564163;4.469622E-06;60.0000000
2860.0001335144;60.0000000;59.9976986;0.0002564163;1.74201E-06;60.0000000
2861.00006103516;60.0000000;59.9976986;0.0002564163;6.789384E-07;60.0000000
2862.00022697449;60.0000000;59.9976986;0.0002564163;2.646124E-07;60.0000000
2863.00015449524;60.0000000;59.9976986;0.0002564163;1.031312E-07;60.0000000
2864.00008201599;60.0000000;59.9976986;0.0002564163;4.01948E-08;60.0000000
2865.00024795532;60.0000000;59.9976986;0.0002564163;1.56657E-08;60.0000000
2866.00017547607;60.0000000;59.9977582;0.0002497758;2.940501E-05;60.0000000
2867.00010299683;60.0000000;59.9977582;0.0002497758;1.146044E-05;60.0000000
2868.00003051758;60.0000000;59.9977582;0.0002497758;4.466641E-06;60.0000000
2869.00019645691;60.0000000;59.9977582;0.0002497758;1.740848E-06;60.0000000
2870.00012397766;60.0000000;59.9977582;0.0002497758;6.784857E-07;60.0000000
2871.00005149841;60.0000000;59.9977582;0.0002497758;2.644359E-07;60.0000000
2872.00021743774;60.0000000;59.9977582;0.0002497758;1.030624E-07;60.0000000
2873.0001449585;60.0000000;59.9977582;0.0002497758;4.0168E-08;60.0000000
2874.00007247925;60.0000000;59.9978179;0.0002431242;2.946388E-05;60.0000000
2875.00023841858;60.0000000;59.9977583;0.0002497647;-3.560798E-05;60.0000000
2876.00016593933;60.0000000;59.9978179;0.0002431242;2.798098E-05;60.0000000
2877.00009346008;60.0000000;59.9978179;0.0002431242;1.090543E-05;60.0000000
2878.00002098083;60.0000000;59.9978179;0.0002431242;4.250328E-06;60.0000000
2879.00018692017;60.0000000;59.9978179;0.0002431242;1.656541E-06;60.0000000
2880.00011444092;60.0000000;59.9978775;0.0002364837;3.785361E-05;60.0000000
2881.00004196167;60.0000000;59.9978180;0.0002431131;-1.826505E-05;60.0000000
2882.000207901;60.0000000;59.9978180;0.0002431131;-7.118697E-06;60.0000000
2883.00013542175;60.0000000;59.9978775;0.0002364837;3.437109E-05;60.0000000
2884.0000629425;60.0000000;59.9978775;0.0002364837;1.339594E-05;60.0000000
2885.00022888184;60.0000000;59.9978775;0.0002364837;5.22099E-06;60.0000000
2886.00015640259;60.0000000;59.9978775;0.0002364837;2.034852E-06;60.0000000
2887.00008392334;60.0000000;59.9978775;0.0002364837;7.930719E-07;60.0000000
2888.00024986267;60.0000000;59.9978775;0.0002364837;3.090953E-07;60.0000000
2889.00017738342;60.0000000;59.9978775;0.0002364837;1.204682E-07;60.0000000
2890.00010490417;60.0000000;59.9978775;0.0002364837;4.695179E-08;60.0000000
2891.00003242493;60.0000000;59.9978775;0.0002364837;1.829919E-08;60.0000000
2892.00019836426;60.0000000;59.9978775;0.0002364837;7.132007E-09;60.0000000
2893.00012588501;60.0000000;59.9978775;0.0002364837;2.779659E-09;60.0000000
2894.00005340576;60.0000000;59.9979371;0.0002298432;4.709244E-05;60.0000000
2895.00021934509;60.0000000;59.9979371;0.0002298432;1.835401E-05;60.0000000
2896.00014686584;60.0000000;59.9979371;0.0002298432;7.153373E-06;60.0000000
2897.0000743866;60.0000000;59.9979371;0.0002298432;2.787987E-06;60.0000000
2898.00024032593;60.0000000;59.9979967;0.0002232028;4.817796E-05;60.0000000
2899.00016784668;60.0000000;59.9979372;0.0002298321;-1.836847E-05;60.0000000
2900.00009536743;60.0000000;59.9979372;0.0002298321;-1.23826E-05;60.0000000
2901.00002288818;60.0000000;59.9979967;0.0002232028;2.819223E-05;60.0000000
2902.00018882751;60.0000000;59.9979967;0.0002232028;1.098776E-05;60.0000000
2903.00011634827;60.0000000;59.9979372;0.0002298321;-2.506716E-05;60.0000000
2904.00004386902;60.0000000;59.9979372;0.0002298321;-2.547002E-05;60.0000000
2905.00020980835;60.0000000;59.9979967;0.0002232028;1.616172E-05;60.0000000
2906.0001373291;60.0000000;59.9979967;0.0002232028;6.298937E-06;60.0000000
2907.00006484985;60.0000000;59.9979967;0.0002232028;2.454975E-06;60.0000000
2908.00023078918;60.0000000;59.9979967;0.0002232028;9.568124E-07;60.0000000
2909.00015830994;60.0000000;59.9980563;0.0002165623;2.977181E-05;60.0000000
2910.00008583069;60.0000000;59.9980563;0.0002165623;1.16034E-05;60.0000000
2911.00025177002;60.0000000;59.9979968;0.0002231916;-3.26232E-05;60.0000000
2912.00017929077;60.0000000;59.9980563;0.0002165623;1.663487E-05;60.0000000
2913.00010681152;60.0000000;59.9980563;0.0002165623;6.483346E-06;60.0000000
2914.00003433228;60.0000000;59.9980563;0.0002165623;2.526847E-06;60.0000000
2915.00020027161;60.0000000;59.9980563;0.0002165623;9.848244E-07;60.0000000
2916.00012779236;60.0000000;59.9980563;0.0002165623;3.838298E-07;60.0000000
2917.00005531311;60.0000000;59.9980563;0.0002165623;1.495955E-07;60.0000000
2918.00022125244;60.0000000;59.9980563;0.0002165623;5.830399E-08;60.0000000
2919.00014877319;60.0000000;59.9980563;0.0002165623;2.272365E-08;60.0000000
2920.00007629395;60.0000000;59.9981159;0.0002099218;4.186784E-05;60.0000000
2921.00024223328;60.0000000;59.9981159;0.0002099218;1.631776E-05;60.0000000
2922.00016975403;60.0000000;59.9981159;0.0002099218;6.359753E-06;60.0000000
2923.00009727478;60.0000000;59.9981159;0.0002099218;2.478678E-06;60.0000000
2924.00002479553;60.0000000;59.9981159;0.0002099218;9.660506E-07;60.0000000
2925.00019073486;60.0000000;59.9981159;0.0002099218;3.765128E-07;60.0000000
2926.00011825562;60.0000000;59.9981159;0.0002099218;1.467437E-07;60.0000000
2927.00004577637;60.0000000;59.9981159;0.0002099218;5.719254E-08;60.0000000
2928.0002117157;60.0000000;59.9981159;0.0002099218;2.229047E-08;60.0000000
2929.00013923645;60.0000000;59.9981159;0.0002099218;8.687585E-09;60.0000000
2930.0000667572;60.0000000;59.9981755;0.0002032813;3.307715E-05;60.0000000
2931.00023269653;60.0000000;59.9981755;0.0002032813;1.289163E-05;60.0000000
2932.00016021729;60.0000000;59.9981160;0.0002099106;-2.106407E-05;60.0000000
2933.00008773804;60.0000000;59.9981755;0.0002032813;3.357915E-05;60.0000000
2934.00025367737;60.0000000;59.9981755;0.0002032813;1.308728E-05;60.0000000
2935.00018119812;60.0000000;59.9981755;0.0002032813;5.100695E-06;60.0000000
2936.00010871887;60.0000000;59.9981755;0.0002032813;1.987967E-06;60.0000000
2937.00003623962;60.0000000;59.9981755;0.0002032813;7.747988E-07;60.0000000
2938.00020217896;60.0000000;59.9981755;0.0002032813;3.019735E-07;60.0000000
2939.00012969971;60.0000000;59.9981755;0.0002032813;1.176925E-07;60.0000000
2940.00005722046;60.0000000;59.9981755;0.0002032813;4.586997E-08;60.0000000
2941.00022315979;60.0000000;59.9981755;0.0002032813;1.787756E-08;60.0000000
2942.00015068054;60.0000000;59.9981755;0.0002032813;6.967679E-09;60.0000000
2943.00007820129;60.0000000;59.9981755;0.0002032813;2.715613E-09;60.0000000
2944.00024414063;60.0000000;59.9982351;0.0001966408;2.322982E-05;60.0000000
2945.00017166138;60.0000000;59.9982351;0.0001966408;9.053692E-06;60.0000000
2946.00009918213;60.0000000;59.9982351;0.0001966408;3.528625E-06;60.0000000
2947.00002670288;60.0000000;59.9982351;0.0001966408;1.375262E-06;60.0000000
2948.00019264221;60.0000000;59.9982947;0.0001900003;2.376476E-05;60.0000000
2949.00012016296;60.0000000;59.9982947;0.0001900003;9.262183E-06;60.0000000
2950.00004768372;60.0000000;59.9982947;0.0001900003;3.609884E-06;60.0000000
2951.00021362305;60.0000000;59.9982947;0.0001900003;1.406932E-06;60.0000000
2952.0001411438;60.0000000;59.9982947;0.0001900003;5.483437E-07;60.0000000
2953.00006866455;60.0000000;59.9982947;0.0001900003;2.137138E-07;60.0000000
2954.00023460388;60.0000000;59.9982947;0.0001900003;8.329376E-08;60.0000000
2955.00016212463;60.0000000;59.9982947;0.0001900003;3.246328E-08;60.0000000
2956.00008964539;60.0000000;59.9982947;0.0001900003;1.265238E-08;59.9990000
2957.00025558472;59.9999829;59.9982948;0.0002375631;-2.377865E-05;59.9990000
2958.00018310547;60.0001060;59.9983543;-6.785071E-05;2.787796E-05;59.9990000
2959.00011062622;59.9991831;59.9981160;-0.0007535021;-0.0001436603;59.9990000
2960.00003814697;59.9989780;59.9981755;0.0001753501;2.077058E-05;59.9990000
2961.0002040863;59.9990000;59.9985927;4.538036E-05;0.0002473228;59.9990000
2962.00013160706;59.9990000;59.9982948;7.857165E-05;-0.0001268805;59.9990000
2963.00005912781;59.9990000;59.9981160;9.84931E-05;-0.0001421902;59.9990000
2964.00022506714;59.9990000;59.9984735;5.866133E-05;0.0001675217;59.9990000
2965.00015258789;59.9990000;59.9984140;6.529067E-05;1.240176E-05;59.9990000
2966.00008010864;59.9990000;59.9982948;7.857165E-05;-5.763915E-05;59.9990000
2967.00024604797;59.9990000;59.9984139;6.530181E-05;7.849305E-05;59.9990000
2968.00017356873;59.9990000;59.9984735;5.866133E-05;7.245121E-05;59.9980000
2969.00010108948;59.9989829;59.9982948;0.0001261456;-8.022775E-05;59.9980000
2970.00002861023;59.9991060;59.9983543;-0.0001792682;5.877248E-06;59.9980000
2971.00019454956;59.9981831;59.9981756;-0.0008723958;-0.000149427;59.9980000
2972.00012207031;59.9979780;59.9981755;6.393253E-05;-2.158855E-05;59.9970000
2973.00004959106;59.9979829;59.9985927;-1.846324E-05;0.0002472754;59.9970000
2974.0002155304;59.9981060;59.9983544;-0.0002906969;-8.26995E-05;59.9970000
2975.00014305115;59.9971831;59.9978776;-0.0009497752;-0.0003101601;59.9970000
2976.0000705719;59.9969780;59.9982351;-5.412549E-05;0.0001675303;59.9960000
2977.00023651123;59.9969829;59.9986523;-0.0001365213;0.0002669634;59.9960000
2978.00016403198;59.9971060;59.9981756;-0.000382193;-0.0002375811;59.9960000
2979.00009155273;59.9961831;59.9977583;-0.001047901;-0.0003368371;59.9960000
2980.00025749207;59.9959780;59.9982947;-0.0001721835;0.0002299131;59.9950000
2981.00018501282;59.9959829;59.9987120;-0.0002545904;0.0002762784;59.9950000
2982.00011253357;59.9961060;59.9981160;-0.0004869701;-0.0002710117;59.9950000
2983.00004005432;59.9951831;59.9977583;-0.001159318;-0.0002965963;59.9950000
2984.00020599365;59.9949780;59.9983543;-0.0002902415;0.0002926881;59.9940000
2985.0001335144;59.9949829;59.9987120;-0.000366008;0.0002613298;59.9940000
2986.00006103516;59.9951060;59.9980564;-0.0005917471;-0.0002934497;59.9940000
2987.00022697449;59.9941831;59.9976987;-0.001264095;-0.0002913474;59.9940000
2988.00015449524;59.9939780;59.9983543;-0.0004016591;0.0003259255;59.9930000
2989.00008201599;59.9939829;59.9985928;-0.0004641445;0.0002092013;59.9930000
2990.00024795532;59.9941060;59.9978180;-0.0006766027;-0.0003817579;59.9930000
2991.00017547607;59.9931831;59.9975795;-0.001362232;-0.0002746783;59.9930000
2992.00010299683;59.9929780;59.9982351;-0.0004997956;0.0003258602;59.9910000
2993.00003051758;59.9929658;59.9984140;-0.0005080667;0.0001918236;59.9910000
2994.00019645691;59.9932119;59.9977583;-0.00103259;-0.000300236;59.9910000
2995.00012397766;59.9913662;59.9969835;-0.002370657;-0.0006015648;59.9910000
2996.00005149841;59.9909561;59.9965663;-0.0004531996;-0.0004478147;59.9890000
2997.00021743774;59.9909658;59.9968642;-0.0005582269;6.653134E-06;59.9890000
2998.0001449585;59.9912119;59.9966855;-0.001135897;-0.0001661103;59.9890000
2999.00007247925;59.9893662;59.9952550;-0.002400907;-0.001033515;59.9890000
3000.00023841858;59.9889561;59.9938244;-0.000370539;-0.001231296;59.9870000
3001.00016593933;59.9889658;59.9936455;-0.0004224423;-0.0005351608;59.9870000
3002.00009346008;59.9892119;59.9940032;-0.001059876;-1.097931E-05;59.9870000
3003.00025939941;59.9873662;59.9926920;-0.002338179;-0.0008922312;59.9870000
3004.00018692017;59.9869561;59.9912018;-0.0003011705;-0.001205631;59.9850000
3005.00011444092;59.9869658;59.9909038;-0.0003398039;-0.0006016837;59.9850000
3006.00004196167;59.9872119;59.9912613;-0.0009772158;-4.777527E-05;59.9850000
3007.000207901;59.9853662;59.9900097;-0.002262159;-0.0008694141;59.9850000
3008.00013542175;59.9849561;59.9884600;-0.0002185209;-0.001228245;59.9820000
3009.0000629425;59.9849487;59.9881619;-0.0002095693;-0.0005944083;59.9820000
3010.00022888184;59.9853179;59.9884003;-0.001132496;-9.706902E-05;59.9820000
3011.00015640259;59.9825493;59.9867911;-0.003089798;-0.001141246;59.9820000
3012.00008392334;59.9819341;59.9844665;-2.434125E-05;-0.001795301;59.9790000
3013.00024986267;59.9819487;59.9838705;-6.568473E-05;-0.0009978303;59.9790000
3014.00017738342;59.9823179;59.9842876;-0.001008522;-0.0001411054;59.9790000
3015.00010490417;59.9795493;59.9826784;-0.002965824;-0.001169477;59.9790000
3016.00003242493;59.9789341;59.9805922;7.307109E-05;-0.001650239;59.9760000
3017.00019836426;59.9789487;59.9802345;5.176829E-06;-0.0007788404;59.9760000
3018.00012588501;59.9793179;59.9806517;-0.0009376712;-6.265295E-05;59.9760000
3019.00005340576;59.9765493;59.9788637;-0.002875052;-0.001262406;59.9760000
3020.00021934509;59.9759341;59.9765987;0.0001837644;-0.001811731;59.9720000
3021.00014686584;59.9759316;59.9761815;0.0001700734;-0.0008938021;59.9720000
3022.0000743866;59.9764238;59.9766582;-0.001078199;-7.116213E-05;59.9720000
3023.00024032593;59.9727324;59.9745125;-0.003687917;-0.001520653;59.9720000
3024.00016784668;59.9719121;59.9716515;0.0003727854;-0.00225089;59.9680000
3025.00009536743;59.9719316;59.9711746;0.0002822597;-0.001079088;59.9680000
3026.00026130676;59.9724238;59.9718302;-0.0009859458;-5.088183E-05;59.9680000
3027.00018882751;59.9687324;59.9699230;-0.003622237;-0.001337164;59.9680000
3028.00011634827;59.9679121;59.9671812;0.000425185;-0.002093991;59.9640000
3029.00004386902;59.9679316;59.9669426;0.0003081086;-0.000891397;59.9640000
3030.00020980835;59.9684238;59.9676579;-0.0009667485;4.33308E-05;59.9640000
3031.0001373291;59.9647324;59.9657507;-0.00360304;-0.001307881;59.9640000
3032.00006484985;59.9639121;59.9630684;0.000437753;-0.002041493;59.9590000
3033.00023078918;59.9639146;59.9628299;0.0003682504;-0.0008345512;59.9590000
3034.00015830994;59.9645298;59.9635452;-0.001205402;7.387336E-05;59.9590000
3035.00008583069;59.9599155;59.9611015;-0.00449412;-0.001673053;59.9590000
3036.00025177002;59.9588901;59.9577636;0.0005551993;-0.002561421;59.9540000
3037.00017929077;59.9589146;59.9574059;0.0004154914;-0.001108865;59.9540000
3038.00010681152;59.9595298;59.9582404;-0.001171442;3.545046E-05;59.9540000
3039.00003433228;59.9549155;59.9560947;-0.004493362;-0.001509557;59.9540000
3040.00020027161;59.9538901;59.9528164;0.0005493165;-0.002463697;59.9490000
3041.00012779236;59.9539146;59.9526375;0.0003896871;-0.0009699879;59.9490000
3042.00005531311;59.9545298;59.9534720;-0.001197247;8.552619E-05;59.9490000
3043.00022125244;59.9499155;59.9512667;-0.004512526;-0.001527313;59.9490000
3044.00014877319;59.9488901;59.9480481;0.000523501;-0.002442075;59.9430000
3045.00007629395;59.9488975;59.9478096;0.0004180861;-0.001009275;59.9430000
3046.00024223328;59.9496357;59.9487036;-0.001474273;0.0001091203;59.9430000
3047.00016975403;59.9440986;59.9460215;-0.005448619;-0.001839524;59.9430000
3048.00009727478;59.9428682;59.9421472;0.000595957;-0.002930254;59.9370000
3049.00026321411;59.9428975;59.9418491;0.0004136851;-0.001195963;59.9370000
3050.00019073486;59.9436357;59.9428028;-0.001485325;7.18904E-05;59.9370000
3051.00011825562;59.9380986;59.9401207;-0.005459672;-0.001878925;59.9370000
3052.00004577637;59.9368682;59.9360675;0.000604837;-0.003072236;59.9310000
3053.0002117157;59.9368975;59.9355310;0.0004491271;-0.001384874;59.9310000
3054.00013923645;59.9376357;59.9364847;-0.001449883;-6.459852E-06;59.9310000
3055.0000667572;59.9320986;59.9339218;-0.005437511;-0.0018271;59.9310000
3056.00023269653;59.9308682;59.9300475;0.0006070654;-0.002938542;59.9240000
3057.00016021729;59.9308804;59.9296301;0.0004856595;-0.00128645;59.9240000
3058.00008773804;59.9317417;59.9306434;-0.001718776;8.899366E-05;59.9240000
3059.00025367737;59.9252817;59.9276037;-0.006365482;-0.002105196;59.9240000
3060.00018119812;59.9238462;59.9228949;0.0007075539;-0.003492083;59.9160000
3061.00010871887;59.9238633;59.9222988;0.0005701461;-0.001567698;59.9160000
3062.00003623962;59.9248477;59.9234909;-0.001952995;7.227062E-05;59.9160000
3063.00020217896;59.9174648;59.9202127;-0.00728533;-0.002317303;59.9160000
3064.00012969971;59.9158242;59.9149079;0.0007895918;-0.003944831;59.9080000
3065.00005722046;59.9158633;59.9141925;0.0005819898;-0.001813708;59.9080000
3066.00022315979;59.9168477;59.9155634;-0.001961073;0.0001292841;59.9080000
3067.00015068054;59.9094648;59.9123449;-0.00730006;-0.002240992;59.9080000
3068.00007820129;59.9078242;59.9071593;0.0007615815;-0.003835609;59.9000000
3069.00024414063;59.9078633;59.9063248;0.0005672492;-0.001866702;59.9000000
3070.00017166138;59.9088477;59.9075764;-0.001962521;-3.988485E-06;59.9000000
3071.00009918213;59.9014648;59.9042387;-0.007288227;-0.002392951;59.9000000
3072.00002670288;59.8998242;59.8988742;0.0007933466;-0.00401159;59.8910000
3073.00019264221;59.8998462;59.8980397;0.0006465883;-0.001908852;59.8910000
3074.00012016296;59.9009536;59.8993510;-0.002188629;3.180701E-05;59.8910000
3075.00004768372;59.8926479;59.8955960;-0.008180032;-0.002679402;59.8910000
3076.00021362305;59.8908022;59.8896951;0.0008967878;-0.004439927;59.8820000
3077.0001411438;59.8908462;59.8888010;0.0006731836;-0.00209773;59.8820000
3078.00006866455;59.8919536;59.8903507;-0.002188596;0.0001097914;59.8820000
3079.00023460388;59.8836479;59.8867745;-0.008199921;-0.002539451;59.8820000
3080.00016212463;59.8818022;59.8809928;0.0008636188;-0.004318742;59.8720000
3081.00008964539;59.8818291;59.8800391;0.000694229;-0.002080784;59.8720000
3082.00025558472;59.8830596;59.8814696;-0.002453054;3.715341E-05;59.8720000
3083.00018310547;59.8738311;59.8772974;-0.009110164;-0.002959903;59.8720000
3084.00011062622;59.8717803;59.8706216;0.0009884745;-0.004971373;59.8620000
3085.00003814697;59.8718291;59.8696083;0.0007422277;-0.002333791;59.8620000
3086.0002040863;59.8730596;59.8712176;-0.002424977;8.170897E-05;59.8620000
3087.00013160706;59.8638311;59.8672242;-0.009102008;-0.002834435;59.8620000
3088.00005912781;59.8617803;59.8607869;0.0009700571;-0.004775584;59.8510000
3089.00022506714;59.8618120;59.8598331;0.000764755;-0.002217437;59.8510000
3090.00015258789;59.8631655;59.8615020;-0.002707886;0.000150555;59.8510000
3091.00008010864;59.8530142;59.8570318;-0.01004398;-0.003147836;59.8510000
3092.00024604797;59.8507583;59.8495812;0.001076462;-0.005521636;59.8400000
3093.00017356873;59.8508120;59.8482102;0.0008341569;-0.002767089;59.8400000
3094.00010108948;59.8521655;59.8500579;-0.002658405;2.38383E-05;59.8400000
3095.00002861023;59.8420142;59.8458857;-0.01002771;-0.003029517;59.8400000
3096.00019454956;59.8397583;59.8387928;0.001052886;-0.005243365;59.8280000
3097.00012207031;59.8397949;59.8375410;0.000844874;-0.002587371;59.8280000
3098.00004959106;59.8412715;59.8393887;-0.002946473;9.708566E-05;59.8280000
3099.0002155304;59.8301973;59.8346204;-0.01096156;-0.003405875;59.8280000
3100.00014305115;59.8277363;59.8266930;0.001147492;-0.00589191;59.8150000
3101.0000705719;59.8277778;59.8253220;0.0009168483;-0.002890432;59.8150000
3102.00023651123;59.8293774;59.8274678;-0.003206508;0.0001684808;59.8150000
3103.00016403198;59.8173804;59.8221631;-0.01187402;-0.003756922;59.8150000
3104.00009155273;59.8147144;59.8134012;0.001263501;-0.006526692;59.8020000
3105.00025749207;59.8147778;59.8117322;0.0009825623;-0.003323591;59.8020000
3106.00018501282;59.8163774;59.8138779;-0.003140782;1.764226E-05;59.8020000
3107.00011253357;59.8043804;59.8090500;-0.01186142;-0.003495704;59.8020000
3108.00004005432;59.8017144;59.8004670;0.00125617;-0.006286743;59.7890000
3109.00020599365;59.8017778;59.7988575;0.0009686017;-0.003182082;59.7890000
3110.0001335144;59.8033774;59.8011225;-0.003168035;0.000138503;59.7890000
3111.00006103516;59.7913804;59.7961754;-0.01187539;-0.003557816;59.7890000
3112.00022697449;59.7887144;59.7875328;0.001248838;-0.006355706;59.7740000
3113.00015449524;59.7887437;59.7860425;0.001043148;-0.003118257;59.7740000
3114.00008201599;59.7905894;59.7884267;-0.00370435;0.0002287546;59.7740000
3115.00024795532;59.7767466;59.7824068;-0.01371658;-0.004254666;59.7740000
3116.00017547607;59.7736704;59.7722740;0.001444646;-0.007500745;59.7600000
3117.00010299683;59.7737607;59.7704261;0.001064241;-0.003740672;59.7600000
3118.00003051758;59.7754834;59.7728699;-0.003391102;5.034839E-05;59.7600000
3119.00019645691;59.7625635;59.7676248;-0.01277746;-0.003827197;59.7600000
3120.00012397766;59.7596924;59.7585649;0.001328748;-0.006695864;59.7440000
3121.00005149841;59.7597266;59.7568363;0.001113697;-0.003375474;59.7440000
3122.00021743774;59.7616953;59.7593993;-0.003952518;0.0002605834;59.7440000
3123.0001449585;59.7469297;59.7530217;-0.01463709;-0.004517389;59.7440000
3124.00007247925;59.7436484;59.7421140;0.001545959;-0.008063422;59.7280000
3125.00023841858;59.7437266;59.7400278;0.001203778;-0.00410518;59.7280000
3126.00016593933;59.7456953;59.7427696;-0.003882359;0.0001095822;59.7280000
3127.00009346008;59.7309297;59.7368688;-0.01462005;-0.004272768;59.7280000
3128.00025939941;59.7276484;59.7261996;0.001536422;-0.007798062;59.7120000
3129.00018692017;59.7277266;59.7239346;0.001214162;-0.004104051;59.7120000
3130.00011444092;59.7296953;59.7265571;-0.003858682;3.478075E-05;59.7120000
3131.00004196167;59.7149297;59.7205967;-0.01458974;-0.004310797;59.7120000
3132.000207901;59.7116484;59.7099275;0.001566738;-0.007801736;59.6950000
3133.00013542175;59.7117095;59.7079605;0.00125885;-0.003903929;59.6950000
3134.0000629425;59.7138013;59.7107619;-0.004132712;0.0002059355;59.6950000
3135.00022888184;59.6981128;59.7042651;-0.0155162;-0.004664334;59.6950000
3136.00015640259;59.6946265;59.6927018;0.001675383;-0.008474161;59.6770000
3137.00008392334;59.6946924;59.6904367;0.001364785;-0.004317993;59.6770000
3138.00024986267;59.6969072;59.6933573;-0.004338854;0.0001469328;59.6770000
3139.00017738342;59.6802959;59.6866221;-0.01640797;-0.004853441;59.6770000
3140.00010490417;59.6766045;59.6745820;0.001772217;-0.008803128;59.6580000
3141.00003242493;59.6766753;59.6722573;0.001432347;-0.004489856;59.6580000
3142.00019836426;59.6790132;59.6754759;-0.004603278;0.0002237661;59.6580000
3143.00012588501;59.6614790;59.6683831;-0.01734476;-0.005107111;59.6580000
3144.00005340576;59.6575825;59.6557469;0.00183733;-0.00926471;59.6390000
3145.00021934509;59.6576753;59.6533626;0.001420615;-0.004683384;59.6390000
3146.00014686584;59.6600132;59.6566409;-0.004621662;0.0002232899;59.6390000
3147.0000743866;59.6424790;59.6496672;-0.01737641;-0.005021514;59.6390000
3148.00024032593;59.6385825;59.6370906;0.001799036;-0.00919354;59.6200000
3149.00016784668;59.6386753;59.6345871;0.001395601;-0.00473968;59.6200000
3150.00009536743;59.6410132;59.6378654;-0.004646675;0.0001939265;59.6200000
3151.00026130676;59.6234790;59.6308322;-0.01739479;-0.005080548;59.6200000
3152.00018882751;59.6195825;59.6183152;0.001774012;-0.009213203;59.5990000
3153.00011634827;59.6196411;59.6159905;0.001445803;-0.004652541;59.5990000
3154.00004386902;59.6222251;59.6192688;-0.005194054;0.0002167968;59.5990000
3155.00020980835;59.6028452;59.6112222;-0.01925366;-0.005784822;59.5990000
3156.0001373291;59.5985386;59.5970959;0.00196543;-0.01039485;59.5780000
3157.00006484985;59.5986411;59.5941752;0.001536642;-0.005393512;59.5780000
3158.00023078918;59.6012251;59.5976323;-0.005123136;6.556848E-05;59.5780000
3159.00015830994;59.5818452;59.5900030;-0.01922923;-0.005572806;59.5780000
3160.00008583069;59.5775386;59.5761747;0.00195665;-0.01013342;59.5560000
3161.00025177002;59.5776240;59.5733136;0.001568796;-0.005285028;59.5560000
3162.00017929077;59.5803311;59.5768898;-0.005403037;0.0001704165;59.5560000
3163.00010681152;59.5600283;59.5687241;-0.02016157;-0.00590026;59.5560000
3164.00003433228;59.5555166;59.5541806;0.002039479;-0.01066876;59.5340000
3165.00020027161;59.5556240;59.5512002;0.00158143;-0.005525523;59.5340000
3166.00012779236;59.5583311;59.5549553;-0.005410335;0.0002153967;59.5340000
3167.00005531311;59.5380283;59.5469088;-0.02018215;-0.005799294;59.5340000
3168.00022125244;59.5335166;59.5321865;0.002038821;-0.01075117;59.5100000
3169.00014877319;59.5335898;59.5292657;0.001669281;-0.005519331;59.5100000
3170.00007629395;59.5365430;59.5330208;-0.005920065;0.0002040712;59.5100000
3171.00024223328;59.5143945;59.5239014;-0.02199673;-0.006567953;59.5100000
3172.00016975403;59.5094727;59.5077486;0.002254595;-0.01186988;59.4860000
3173.00009727478;59.5095898;59.5044106;0.001764554;-0.006164447;59.4860000
3174.00026321411;59.5125430;59.5087021;-0.005884556;0.0002760042;59.4860000
3175.00019073486;59.4903945;59.4999404;-0.02200108;-0.006343587;59.4860000
3176.00011825562;59.4854727;59.4839663;0.002230339;-0.01169825;59.4620000
3177.00004577637;59.4855898;59.4805687;0.001746939;-0.00617805;59.4620000
3178.0002117157;59.4885430;59.4847411;-0.005888902;0.0001992764;59.4620000
3179.00013923645;59.4663945;59.4758601;-0.02199213;-0.006409221;59.4620000
3180.0000667572;59.4614727;59.4598264;0.002245927;-0.01173245;59.4360000
3181.00023269653;59.4615557;59.4566673;0.001831112;-0.006001052;59.4360000
3182.00016021729;59.4647549;59.4609588;-0.006415589;0.0003374893;59.4360000
3183.00008773804;59.4407607;59.4511838;-0.02384361;-0.007003108;59.4360000
3184.00025367737;59.4354287;59.4336600;0.002431439;-0.01281334;59.4100000
3185.00018119812;59.4355557;59.4300836;0.001896146;-0.006619257;59.4100000
3186.00010871887;59.4387549;59.4346136;-0.006377127;0.0002661517;59.4100000
3187.00003623962;59.4147607;59.4253153;-0.02385826;-0.006737687;59.4100000
3188.00020217896;59.4094287;59.4080300;0.002390214;-0.01257864;59.3830000
3189.00012969971;59.4095386;59.4042152;0.001929058;-0.006700149;59.3830000
3190.00005722046;59.4128608;59.4086259;-0.00662972;0.0001581008;59.3830000
3191.00022315979;59.3879438;59.3986721;-0.02475001;-0.007204499;59.3830000
3192.00015068054;59.3824067;59.3807311;0.002507004;-0.0131306;59.3560000
3193.00007820129;59.3825386;59.3769759;0.00195572;-0.006872371;59.3560000
3194.00024414063;59.3858608;59.3815654;-0.006622979;0.0002022984;59.3560000
3195.00017166138;59.3609438;59.3717904;-0.02476319;-0.007077705;59.3560000
3196.00009918213;59.3554067;59.3540282;0.002473901;-0.0130017;59.3270000
3197.00026512146;59.3555044;59.3503326;0.002011125;-0.006806719;59.3270000
3198.00019264221;59.3590728;59.3548625;-0.007158502;0.0001727788;59.3270000
3199.00012016296;59.3323101;59.3441338;-0.02661684;-0.007766963;59.3270000
3200.00004768372;59.3263628;59.3250007;0.002643949;-0.01404534;59.2980000
3201.00021362305;59.3265044;59.3208879;0.002060672;-0.007422124;59.2980000
3202.0001411438;59.3300728;59.3257755;-0.007148809;0.0001992578;59.2980000
3203.00006866455;59.3033101;59.3154044;-0.02664699;-0.007504066;59.2980000
3204.00023460388;59.2973628;59.2963905;0.002600519;-0.01389566;59.2680000
3205.00016212463;59.2974873;59.2922777;0.002064816;-0.007378223;59.2680000
3206.00008964539;59.3011787;59.2971653;-0.007443462;0.0001836486;59.2680000
3207.00025558472;59.2734932;59.2861981;-0.02758742;-0.007942813;59.2680000
3208.00018310547;59.2673408;59.2666478;0.002655337;-0.01434708;59.2380000
3209.00011062622;59.2674873;59.2622369;0.002069362;-0.007679847;59.2380000
3210.00003814697;59.2711787;59.2670649;-0.007432275;5.681274E-05;59.2380000
3211.0002040863;59.2434932;59.2561574;-0.02758289;-0.007942477;59.2380000
3212.00013160706;59.2373408;59.2366070;0.002659883;-0.014385;59.2060000
3213.00005912781;59.2374531;59.2321962;0.002169044;-0.007722214;59.2060000
3214.00022506714;59.2413906;59.2370242;-0.007930173;2.344063E-05;59.2060000
3215.00015258789;59.2118594;59.2251033;-0.02939227;-0.008651095;59.2060000
3216.00008010864;59.2052969;59.2038841;0.00290741;-0.01559597;59.1740000
3217.00024604797;59.2054531;59.1992348;0.002276161;-0.008293385;59.1740000
3218.00017356873;59.2093906;59.2045396;-0.007876179;0.0001122193;59.1740000
3219.00010108948;59.1798594;59.1930360;-0.02938477;-0.008381022;59.1740000
3220.00026702881;59.1732969;59.1722936;0.002861785;-0.01522363;59.1410000
3221.00019454956;59.1734360;59.1677041;0.002271447;-0.008141022;59.1410000
3222.00012207031;59.1774966;59.1729492;-0.008173027;9.025522E-05;59.1410000
3223.00004959106;59.1470425;59.1607303;-0.03031412;-0.0088635;59.1410000
3224.0002155304;59.1402749;59.1390342;0.002974173;-0.01596396;59.1070000
3225.00014305115;59.1404189;59.1343851;0.002354563;-0.008431835;59.1070000
3226.0000705719;59.1446025;59.1400474;-0.008435191;0.0002395217;59.1070000
3227.00023651123;59.1132256;59.1278882;-0.03129513;-0.008812149;59.1070000
3228.00016403198;59.1062529;59.1056556;0.002988425;-0.0162416;59.0720000
3229.00009155273;59.1064019;59.1005891;0.002379419;-0.008765767;59.0720000
3230.00025749207;59.1107085;59.1060728;-0.00868923;4.898816E-05;59.0720000
3231.00018501282;59.0784087;59.0931983;-0.03218167;-0.009380943;59.0720000
3232.00011253357;59.0712310;59.0703101;0.003110417;-0.01685861;59.0370000
3233.00004005432;59.0714019;59.0651245;0.002431183;-0.009086441;59.0370000
3234.00020599365;59.0757085;59.0706080;-0.008637443;-0.0001174437;59.0370000
3235.0001335144;59.0434087;59.0580315;-0.03216309;-0.009255419;59.0370000
3236.00006103516;59.0362310;59.0353221;0.00310908;-0.01668352;59.0010000
3237.00022697449;59.0363848;59.0301365;0.00247742;-0.009003376;59.0010000
3238.00015449524;59.0408145;59.0356201;-0.008890002;-4.301811E-05;59.0010000
3239.00008201599;59.0075918;59.0223879;-0.0330548;-0.009630716;59.0010000
3240.00024795532;59.0002090;58.9989633;0.003232543;-0.01722932;58.9630000
3241.00017547607;59.0003506;58.9935989;0.002632466;-0.009300485;58.9630000
3242.00010299683;59.0050264;58.9994997;-0.00937902;7.919695E-05;58.9630000
3243.00026893616;58.9699580;58.9854331;-0.03487524;-0.01021917;58.9630000
3244.00019645691;58.9621650;58.9608163;0.003415894;-0.01816654;58.9250000
3245.00012397766;58.9623506;58.9552135;0.002675406;-0.009786379;58.9250000
3246.00005149841;58.9670264;58.9611739;-0.00934272;-5.004419E-05;58.9250000
3247.00021743774;58.9319580;58.9474053;-0.03487214;-0.01006493;58.9250000
3248.0001449585;58.9241650;58.9229078;0.003405699;-0.01803247;58.8870000
3249.00007247925;58.9243506;58.9171857;0.002678504;-0.009809585;58.8870000
3250.00023841858;58.9290264;58.9229673;-0.009319701;-0.0001814307;58.8870000
3251.00016593933;58.8939580;58.9090795;-0.03483584;-0.0102051;58.8870000
3252.00009346008;58.8861650;58.8845224;0.003448639;-0.01811511;58.8470000
3253.00025939941;58.8863164;58.8789195;0.002803311;-0.009750239;58.8470000
3254.00018692017;58.8912383;58.8849991;-0.009825677;1.756988E-05;58.8470000
3255.00011444092;58.8543242;58.8700981;-0.03665332;-0.01083454;58.8470000
3256.00004196167;58.8461211;58.8437528;0.00370137;-0.01942827;58.8070000
3257.000207901;58.8463164;58.8379115;0.00291562;-0.0103787;58.8070000
3258.00013542175;58.8512383;58.8445276;-0.009773143;0.0001578932;58.8070000
3259.0000629425;58.8143242;58.8298649;-0.03662734;-0.01066539;58.8070000
3260.00022888184;58.8061211;58.8038177;0.003694139;-0.01917674;58.7650000
3261.00015640259;58.8062822;58.7980956;0.002990256;-0.01018729;58.7650000
3262.00008392334;58.8114502;58.8047713;-0.01030273;0.0002399727;58.7650000
3263.00024986267;58.7726904;58.7890358;-0.03846179;-0.01135319;58.7650000
3264.00017738342;58.7640771;58.7613196;0.003916609;-0.02039374;58.7230000
3265.00010490417;58.7642822;58.7553590;0.003072326;-0.010765;58.7230000
3266.00027084351;58.7694502;58.7622732;-0.01024723;0.000175076;58.7230000
3267.00019836426;58.7306904;58.7471337;-0.03847269;-0.01104282;58.7230000
3268.00012588501;58.7220771;58.7197156;0.003872487;-0.02012023;58.6800000
3269.00005340576;58.7222651;58.7135762;0.0030957;-0.01079893;58.6800000
3270.00021934509;58.7275562;58.7203711;-0.01050935;7.360315E-05;58.6800000
3271.00014686584;58.6878735;58.7042183;-0.03933412;-0.01171213;58.6800000
3272.0000743866;58.6790552;58.6760253;0.004032896;-0.02080023;58.6360000
3273.00024032593;58.6792480;58.6700648;0.003200253;-0.0109197;58.6360000
3274.00016784668;58.6846621;58.6773962;-0.01076337;0.0003858246;58.6360000
3275.00009536743;58.6440566;58.6610646;-0.0402804;-0.01175699;58.6360000
3276.00026130676;58.6350332;58.6324544;0.004068573;-0.02107279;58.5910000
3277.00018882751;58.6352310;58.6261958;0.003233242;-0.0112058;58.5910000
3278.00011634827;58.6407681;58.6333483;-0.01100924;0.0001620487;58.5910000
3279.00004386902;58.5992397;58.6164803;-0.04117871;-0.01219997;58.5910000
3280.00020980835;58.5900112;58.5870952;0.004192081;-0.02167394;58.5460000
3281.0001373291;58.5902310;58.5807770;0.003279904;-0.01148482;58.5460000
3282.00006484985;58.5957681;58.5882872;-0.01100243;0.000279234;58.5460000
3283.00023078918;58.5542397;58.5717172;-0.04120511;-0.01195835;58.5460000
3284.00015830994;58.5450112;58.5422725;0.004172327;-0.02159781;58.4990000
3285.00008583069;58.5451968;58.5357159;0.00338186;-0.01155925;58.4990000
3286.00025177002;58.5509800;58.5432261;-0.01149806;0.0002212484;58.4990000
3287.00017929077;58.5076060;58.5252256;-0.04296573;-0.0129904;58.4990000
3288.00010681152;58.4979673;58.4944100;0.004435408;-0.02281402;58.4520000
3289.00027275085;58.4981968;58.4880918;0.003451395;-0.01185919;58.4520000
3290.00020027161;58.5039800;58.4964961;-0.01152814;0.0006864265;58.4520000
3291.00012779236;58.4606060;58.4791512;-0.04306886;-0.01241794;58.4520000
3292.00005531311;58.4509673;58.4485144;0.004312358;-0.02249989;58.4030000
3293.00022125244;58.4511626;58.4418386;0.003463336;-0.01196374;58.4030000
3294.00014877319;58.4571919;58.4499448;-0.01208057;0.0004362828;58.4030000
3295.00007629395;58.4119722;58.4315271;-0.04492615;-0.01320602;58.4030000
3296.00024223328;58.4019233;58.3996386;0.004465493;-0.02349741;58.3540000
3297.00016975403;58.4021626;58.3928436;0.003462779;-0.01239627;58.3540000
3298.00009727478;58.4081919;58.4008902;-0.01207448;0.0002457407;58.3540000
3299.00026321411;58.3629722;58.3825321;-0.04492671;-0.01323555;58.3540000
3300.00019073486;58.3529233;58.3506436;0.004464936;-0.02353198;58.3040000
3301.00011825562;58.3531455;58.3437294;0.003523077;-0.01247343;58.3040000
3302.00004577637;58.3592979;58.3517164;-0.01230633;0.0001615823;58.3040000
3303.0002117157;58.3131553;58.3331198;-0.04584419;-0.01346211;58.3040000
3304.00013923645;58.3029014;58.3010525;0.004502874;-0.02372385;58.2530000
3305.0000667572;58.3031284;58.2941979;0.003518452;-0.01252775;58.2530000
3306.00023269653;58.3094038;58.3022445;-0.01261639;0.0001734101;58.2530000
3307.00016021729;58.2623384;58.2832307;-0.04681996;-0.01375885;58.2530000
3308.00008773804;58.2518794;58.2504482;0.004542273;-0.02425366;58.2010000
3309.00025367737;58.2521113;58.2430572;0.003581702;-0.01304399;58.2010000
3310.00018119812;58.2585098;58.2509845;-0.01283863;-0.0001082498;58.2010000
3311.00010871887;58.2105215;58.2315535;-0.04770792;-0.01410102;58.2010000
3312.0002746582;58.1998574;58.1979365;0.004682772;-0.02482381;58.1480000
3313.00020217896;58.2000942;58.1904262;0.00369958;-0.01329673;58.1480000
3314.00012969971;58.2066157;58.1987113;-0.01305942;4.668031E-05;58.1480000
3315.00005722046;58.1577046;58.1790418;-0.04861431;-0.01429238;58.1480000
3316.00022315979;58.1468354;58.1449480;0.004764976;-0.02522267;58.0940000
3317.00015068054;58.1470771;58.1373185;0.003759154;-0.0135049;58.0940000
3318.00007820129;58.1537217;58.1456631;-0.01330525;-4.173686E-07;58.0940000
3319.00024414063;58.1038877;58.1256957;-0.04953917;-0.01448147;58.0940000
3320.00017166138;58.0928135;58.0912442;0.004815472;-0.02551835;58.0400000
3321.00009918213;58.0930771;58.0836147;0.003726152;-0.01363337;58.0400000
3322.00026512146;58.0997217;58.0918997;-0.01333162;-9.330233E-05;58.0400000
3323.00019264221;58.0498877;58.0719919;-0.04957217;-0.01448275;58.0400000
3324.00012016296;58.0388135;58.0375404;0.00478247;-0.02550885;57.9840000
3325.00004768372;58.0390430;58.0296726;0.00381486;-0.01378624;57.9840000
3326.00021362305;58.0459336;58.0377191;-0.01381393;-0.0003100647;57.9840000
3327.0001411438;57.9942539;58.0165000;-0.05133277;-0.01541771;57.9840000
3328.00006866455;57.9827695;57.9806776;0.005045574;-0.02664634;57.9280000
3329.00023460388;57.9830430;57.9726308;0.003930935;-0.01430953;57.9280000
3330.00016212463;57.9899336;57.9812139;-0.01375764;-0.0001660014;57.9280000
3331.00008964539;57.9382539;57.9605908;-0.05134289;-0.01502561;57.9280000
3332.00025558472;57.9267695;57.9251856;0.004988974;-0.02625789;57.8700000
3333.00018310547;57.9270088;57.9169601;0.003989393;-0.01425344;57.8700000
3334.00011062622;57.9341455;57.9251855;-0.01425691;-0.0003545713;57.8700000
3335.00027656555;57.8806201;57.9031319;-0.05310716;-0.01602053;57.8700000
3336.0002040863;57.8687256;57.8659386;0.005294895;-0.02763199;57.8120000
3337.00013160706;57.8690088;57.8577131;0.00412833;-0.01474333;57.8120000
3338.00005912781;57.8761455;57.8668922;-0.01422423;6.010482E-05;57.8120000
3339.00022506714;57.8226201;57.8452558;-0.05312097;-0.0156469;57.8120000
3340.00015258789;57.8107256;57.8077049;0.005320934;-0.02772585;57.7530000
3341.00008010864;57.8109917;57.7989430;0.004261707;-0.01510478;57.7530000
3342.00024604797;57.8182515;57.8077048;-0.01434314;-0.0003650768;57.7530000
3343.00017356873;57.7638032;57.7857108;-0.05391225;-0.0160592;57.7530000
3344.00010108948;57.7517036;57.7482791;0.005451862;-0.02776501;57.6930000
3345.00026702881;57.7519746;57.7403515;0.004263767;-0.014574;57.6930000
3346.00019454956;57.7593574;57.7499479;-0.01473287;0.0003508125;57.6930000
3347.00012207031;57.7039863;57.7274174;-0.05495438;-0.01619078;57.6930000
3348.00004959106;57.6916816;57.6890320;0.005451462;-0.02841284;57.6310000
3349.0002155304;57.6919404;57.6804489;0.004348063;-0.01522697;57.6310000
3350.00014305115;57.6995693;57.6896876;-0.0152063;-0.0001254717;57.6310000
3351.0000705719;57.6423525;57.6660246;-0.05672603;-0.0171184;57.6310000
3352.00023651123;57.6296377;57.6262683;0.005703535;-0.02952065;57.5690000
3353.00016403198;57.6299404;57.6179236;0.00440659;-0.0154771;57.5690000
3354.00009155273;57.6375693;57.6279968;-0.01524075;0.0003083346;57.5690000
3355.00025749207;57.5803525;57.6048703;-0.05682025;-0.01663785;57.5690000
3356.00018501282;57.5676377;57.5651736;0.005602669;-0.0293331;57.5060000
3357.00011253357;57.5679233;57.5559348;0.004452917;-0.01594266;57.5060000
3358.0002784729;57.5756753;57.5652331;-0.01540687;-0.0003437469;57.5060000
3359.00020599365;57.5175356;57.5409145;-0.05756575;-0.01764441;57.5060000
3360.0001335144;57.5046157;57.5006218;0.005859053;-0.03001431;57.4420000
3361.00006103516;57.5049062;57.4921578;0.004587062;-0.0157178;57.4420000
3362.00022697449;57.5127812;57.5028270;-0.01572426;0.0005938608;57.4420000
3363.00015449524;57.4537188;57.4788065;-0.05862854;-0.01717867;57.4420000
3364.00008201599;57.4405938;57.4380369;0.005784883;-0.03016143;57.3780000
3365.00024795532;57.4409062;57.4288577;0.004509081;-0.0162054;57.3780000
3366.00017547607;57.4487812;57.4387520;-0.0157159;-9.14281E-05;57.3780000
3367.00010299683;57.3897188;57.4145526;-0.05860025;-0.01751263;57.3780000
3368.00026893616;57.3765938;57.3743195;0.005753397;-0.02993825;57.3120000
3369.00019645691;57.3768721;57.3656171;0.004519629;-0.01585275;57.3120000
3370.00012397766;57.3849932;57.3759883;-0.01635607;0.0003300846;57.3120000
3371.00005149841;57.3240850;57.3506565;-0.06053865;-0.0181443;57.3120000
3372.00021743774;57.3105498;57.3085160;0.005898476;-0.03131372;57.2450000
3373.0001449585;57.3108550;57.2987408;0.004664838;-0.01702395;57.2450000
3374.00007247925;57.3190991;57.3086351;-0.01645652;-0.0003926356;57.2450000
3375.00023841858;57.2572681;57.2833032;-0.06135128;-0.0183906;57.2450000
3376.00016593933;57.2435278;57.2415800;0.005974831;-0.03113554;57.1770000
3377.00009346008;57.2438379;57.2323411;0.004645528;-0.01659143;57.1770000
3378.00025939941;57.2522051;57.2426528;-0.01682112;3.890332E-05;57.1770000
3379.00018692017;57.1894512;57.2169632;-0.06238823;-0.0185148;57.1770000
3380.00011444092;57.1755059;57.1742863;0.005979634;-0.03177554;57.1090000
3381.00004196167;57.1758379;57.1640343;0.004679711;-0.01745143;57.1090000
3382.000207901;57.1842051;57.1738094;-0.01672715;-0.0006153506;57.1090000
3383.00013542175;57.1214512;57.1481795;-0.06230092;-0.01866685;57.1090000
3384.0000629425;57.1075059;57.1059198;0.006020469;-0.03158695;57.0390000
3385.00022888184;57.1078037;57.0965618;0.004716086;-0.01683606;57.0390000
3386.00015640259;57.1164170;57.1071714;-0.01738134;0.0001202279;57.0390000
3387.00008392334;57.0518174;57.0811243;-0.06433301;-0.01869239;57.0390000
3388.00024986267;57.0374619;57.0378513;0.005972239;-0.03219362;56.9680000
3389.00017738342;57.0377866;57.0275397;0.004654705;-0.01765328;56.9680000
3390.00010490417;57.0465229;57.0371955;-0.01763524;-0.0007984945;56.9680000
3391.00027084351;56.9810005;57.0095987;-0.06512644;-0.02000557;56.9680000
3392.00019836426;56.9664399;56.9651932;0.006240467;-0.03334413;56.8970000
3393.00012588501;56.9667866;56.9553584;0.004786322;-0.01778329;56.8970000
3394.00005340576;56.9755229;56.9659084;-0.01760325;-0.0002994027;56.8970000
3395.00021934509;56.9100005;56.9392652;-0.0652007;-0.01925801;56.8970000
3396.00014686584;56.8954399;56.8951578;0.006132993;-0.03292679;56.8240000
3397.0000743866;56.8957524;56.8845481;0.004860335;-0.01811727;56.8240000
3398.00024032593;56.9047349;56.8940848;-0.01801391;-0.001032759;56.8240000
3399.00016784668;56.8373667;56.8652958;-0.06679668;-0.02092261;56.8240000
3400.00009536743;56.8223960;56.8194003;0.006607211;-0.03454937;56.7510000
3401.00026130676;56.8227524;56.8093270;0.005107804;-0.01832886;56.7510000
3402.00018882751;56.8317349;56.8205327;-0.0179524;-8.416915E-05;56.7510000
3403.00011634827;56.7643667;56.7929954;-0.06687463;-0.01984962;56.7510000
3404.00004386902;56.7493960;56.7475171;0.00648278;-0.0339383;56.6760000
3405.00020980835;56.7497183;56.7370862;0.005118375;-0.01836605;56.6760000
3406.0001373291;56.7589468;56.7476958;-0.018473;-0.0005146523;56.6760000
3407.00006484985;56.6897329;56.7184300;-0.06862704;-0.02115882;56.6760000
3408.00023078918;56.6743521;56.6715807;0.006754095;-0.03514839;56.6010000
3409.00015830994;56.6747183;56.6618055;0.005149649;-0.01836197;56.6010000
3410.00008583069;56.6839468;56.6735476;-0.01856791;0.0001725747;56.6010000
3411.00025177002;56.6147329;56.6446991;-0.06876844;-0.02063344;56.6010000
3412.00017929077;56.5993521;56.5975518;0.006645897;-0.03515341;56.5250000
3413.00010681152;56.5997012;56.5865845;0.005221847;-0.01912012;56.5250000
3414.00027275085;56.6090527;56.5973133;-0.01868161;-0.0007167822;56.5250000
3415.00020027161;56.5389160;56.5672726;-0.06946149;-0.0217476;56.5250000
3416.00012779236;56.5233301;56.5197081;0.006934804;-0.0358018;56.4480000
3417.00005531311;56.5236841;56.5096348;0.005375233;-0.01880863;56.4480000
3418.00022125244;56.5331587;56.5215558;-0.01895984;9.913593E-05;56.4480000
3419.00014877319;56.4620991;56.4916939;-0.07047186;-0.02138745;56.4480000
3420.00007629395;56.4463081;56.4430565;0.006979472;-0.03634352;56.3690000
3421.00024223328;56.4466499;56.4317316;0.005571014;-0.01974861;56.3690000
3422.00016975403;56.4563706;56.4429372;-0.01928193;-0.0006604776;56.3690000
3423.00009727478;56.3834653;56.4124794;-0.07215195;-0.0220413;56.3690000
3424.00026321411;56.3672642;56.3640804;0.007143793;-0.03634023;56.2900000
3425.00019073486;56.3676499;56.3541263;0.00541562;-0.01888211;56.2900000
3426.00011825562;56.3773706;56.3665241;-0.01957016;0.0003385858;56.2900000
3427.00004577637;56.3044653;56.3361854;-0.07245345;-0.02162789;56.2900000
3428.0002117157;56.2882642;56.2869520;0.006935264;-0.03677113;56.2100000
3429.00013923645;56.2886328;56.2751503;0.00546052;-0.0202121;56.2100000
3430.0000667572;56.2984766;56.2857598;-0.01962479;-0.001203623;56.2100000
3431.00023269653;56.2246484;56.2550039;-0.07317379;-0.02240765;56.2100000
3432.00016021729;56.2082422;56.2065453;0.007064064;-0.03657936;56.1290000
3433.00008773804;56.2086157;56.1962336;0.005387395;-0.0192231;56.1290000
3434.00025367737;56.2185825;56.2080949;-0.02013618;-0.0001211496;56.1290000
3435.00018119812;56.1438315;56.1769814;-0.07435754;-0.02225836;56.1290000
3436.00010871887;56.1272202;56.1265559;0.007034952;-0.03774323;56.0470000
3437.0002746582;56.1275986;56.1138601;0.005588001;-0.02110968;56.0470000
3438.00020217896;56.1376885;56.1239928;-0.02004177;-0.001855868;56.0470000
3439.00012969971;56.0620146;56.0923428;-0.07491555;-0.02324761;56.0470000
3440.00005722046;56.0451982;56.0429902;0.007292884;-0.03741108;55.9640000
3441.00022315979;56.0455815;56.0328573;0.00552447;-0.01940425;55.9640000
3442.00015068054;56.0557944;56.0449570;-0.02062325;-9.416392E-05;55.9640000
3443.00007820129;55.9791978;56.0131878;-0.07619593;-0.02272041;55.9640000
3444.00024414063;55.9621763;55.9616894;0.007187061;-0.03858192;55.8800000
3445.00017166138;55.9625645;55.9490532;0.005661645;-0.02139898;55.8800000
3446.00009918213;55.9729004;55.9590667;-0.02055243;-0.002075128;55.8800000
3447.00026512146;55.8953809;55.9266419;-0.07676427;-0.02387189;55.8800000
3448.00019264221;55.8781543;55.8759780;0.007461227;-0.03838081;55.7950000
3449.00012016296;55.8785474;55.8654278;0.005667483;-0.01998871;55.7950000
3450.00004768372;55.8890063;55.8773488;-0.02105792;-0.0004253431;55.7950000
3451.00021362305;55.8105640;55.8444471;-0.0779288;-0.0236259;55.7950000
3452.0001411438;55.7931323;55.7915778;0.007477886;-0.03970758;55.7090000
3453.00006866455;55.7935303;55.7785244;0.005927128;-0.02200957;55.7090000
3454.00023460388;55.8041123;55.7890743;-0.02094429;-0.001955599;55.7090000
3455.00016212463;55.7247471;55.7552785;-0.07842778;-0.02475757;55.7090000
3456.00008964539;55.7071104;55.7028265;0.007867926;-0.03975223;55.6220000
3457.00025558472;55.7075132;55.6925148;0.005975772;-0.02033909;55.6220000
3458.00018310547;55.7182183;55.7057470;-0.02149329;0.0002428487;55.6220000
3459.00011062622;55.6379302;55.6720109;-0.07969562;-0.0239795;55.6220000
3460.00027656555;55.6200884;55.6183071;0.00767503;-0.04026705;55.5340000
3461.0002040863;55.6204961;55.6058497;0.005986032;-0.0218723;55.5340000
3462.00013160706;55.6313242;55.6169957;-0.02154939;-0.001576915;55.5340000
3463.00005912781;55.5501133;55.5824251;-0.08037093;-0.02516959;55.5340000
3464.00022506714;55.5320664;55.5289597;0.00790864;-0.04049875;55.4450000
3465.00015258789;55.5324790;55.5181116;0.006004426;-0.02094997;55.4450000
3466.00008010864;55.5434302;55.5309862;-0.02202237;-0.0001948558;55.4450000
3467.00024604797;55.4612964;55.4959387;-0.08150299;-0.02495872;55.4450000
3468.00017356873;55.4430444;55.4405660;0.007924574;-0.04164134;55.3550000
3469.00010108948;55.4434619;55.4271550;0.00627;-0.02293188;55.3550000
3470.00026702881;55.4545361;55.4386586;-0.02190284;-0.001693015;55.3550000
3471.00019454956;55.3714795;55.4036111;-0.08209565;-0.0255348;55.3550000
3472.00012207031;55.3530225;55.3495497;0.008121305;-0.04095256;55.2650000
3473.00004959106;55.3534619;55.3388804;0.00607776;-0.02100448;55.2650000
3474.0002155304;55.3645361;55.3522914;-0.0223076;8.98502E-05;55.2650000
3475.00014305115;55.2814795;55.3176016;-0.08254025;-0.02465483;55.2650000
3476.0000705719;55.2630225;55.2624673;0.007796234;-0.04137043;55.1730000
3477.00023651123;55.2634277;55.2487583;0.006186511;-0.02302224;55.1730000
3478.00016403198;55.2747480;55.2594870;-0.02249757;-0.002245957;55.1730000
3479.00009155273;55.1898457;55.2236647;-0.08402844;-0.02620103;55.1730000
3480.00025749207;55.1709785;55.1690073;0.008125876;-0.04158868;55.0800000
3481.00018501282;55.1714106;55.1574439;0.006157698;-0.02175299;55.0800000
3482.00011253357;55.1828540;55.1701396;-0.02304433;-0.0006544674;55.0800000
3483.0002784729;55.0970288;55.1344962;-0.08530733;-0.02554202;55.0800000
3484.00020599365;55.0779565;55.0781102;0.007975059;-0.0424847;54.9870000
3485.0001335144;55.0784106;55.0638647;0.006222231;-0.02373875;54.9870000
3486.00006103516;55.0898540;55.0746530;-0.02276728;-0.002513549;54.9870000
3487.00022697449;55.0040288;55.0386519;-0.08499043;-0.02646216;54.9870000
3488.00015449524;54.9849565;54.9841137;0.008086086;-0.04156574;54.8920000
3489.00008201599;54.9853765;54.9732655;0.006049898;-0.0213008;54.8920000
3490.00024795532;54.9970659;54.9860209;-0.02375637;-0.0004656869;54.8920000
3491.00017547607;54.9093950;54.9492449;-0.08731759;-0.02618542;54.8920000
3492.00010299683;54.8899126;54.8915476;0.007981897;-0.04348977;54.7970000
3493.00026893616;54.8903765;54.8769445;0.006197081;-0.02434092;54.7970000
3494.00019645691;54.9020659;54.8870176;-0.02331033;-0.003199459;54.7970000
3495.00012397766;54.8143950;54.8493475;-0.08677193;-0.02777779;54.7970000
3496.00005149841;54.7949126;54.7924251;0.008441216;-0.04346674;54.7000000
3497.00021743774;54.7953423;54.7808021;0.006419512;-0.02248553;54.7000000
3498.0001449585;54.8072778;54.7940939;-0.0240441;-0.0005790347;54.7000000
3499.00007247925;54.7177612;54.7561855;-0.08890352;-0.02708895;54.7000000
3500.00023841858;54.6978686;54.6968789;0.008446204;-0.04475921;54.6030000
3501.00016593933;54.6983423;54.6822757;0.00658958;-0.02480058;54.6030000
3502.00009346008;54.7102778;54.6936601;-0.02366152;-0.002582855;54.6030000
3503.00025939941;54.6207612;54.6556325;-0.08850766;-0.02788268;54.6030000
3504.00018692017;54.6008686;54.5985312;0.008596362;-0.0435749;54.5040000
3505.00011444092;54.6013081;54.5877427;0.006409861;-0.02205035;54.5040000
3506.00028038025;54.6134897;54.6013325;-0.02468454;-0.0002772916;54.5040000
3507.000207901;54.5221274;54.5620532;-0.09081562;-0.02787134;54.5040000
3508.00013542175;54.5018247;54.5009584;0.008604337;-0.04611133;54.4050000
3509.0000629425;54.5023081;54.4856996;0.006748916;-0.02567789;54.4050000
3510.00022888184;54.5144897;54.4971436;-0.0241064;-0.002878174;54.4050000
3511.00015640259;54.4231274;54.4581623;-0.09027068;-0.02866228;54.4050000
3512.00008392334;54.4028247;54.3994517;0.008883626;-0.04484464;54.3050000
3513.00024986267;54.4032910;54.3873518;0.006723823;-0.02327604;54.3050000
3514.00017738342;54.4155957;54.4011205;-0.02468929;-0.0006176689;54.3050000
3515.00010490417;54.3233106;54.3619008;-0.0915392;-0.02797741;54.3050000
3516.00027084351;54.3028027;54.3015809;0.008729879;-0.04562552;54.2030000
3517.00019836426;54.3032568;54.2867393;0.006887214;-0.02522002;54.2030000
3518.00012588501;54.3158076;54.2983621;-0.02488439;-0.002631259;54.2030000
3519.00005340576;54.2216768;54.2590231;-0.0931454;-0.02878556;54.2030000
3520.00021934509;54.2007588;54.1998953;0.008861834;-0.04513944;54.1010000
3521.00014686584;54.2012568;54.1876763;0.006559981;-0.02348567;54.1010000
3522.0000743866;54.2138076;54.2001933;-0.02531125;-0.001483133;54.1010000
3523.00024032593;54.1196768;54.1599006;-0.09346601;-0.02893745;54.1010000
3524.00016784668;54.0987588;54.0988655;0.008753737;-0.04637041;53.9980000
3525.00009536743;54.0992397;54.0851563;0.006665491;-0.02479527;53.9980000
3526.00026130676;54.1119136;54.0982693;-0.02557093;-0.001591505;53.9980000
3527.00018882751;54.0168599;54.0600032;-0.09466367;-0.0277577;53.9980000
3528.00011634827;53.9957368;54.0007562;0.008292316;-0.0447909;53.8940000
3529.0002822876;53.9962227;53.9884776;0.006008773;-0.02334457;53.8940000
3530.00020980835;54.0090195;54.0022462;-0.0265995;-0.0006100777;53.8940000
3531.0001373291;53.9130430;53.9639206;-0.09639782;-0.02742744;53.8940000
3532.00006484985;53.8917148;53.9047927;0.007480392;-0.04463037;53.7890000
3533.00023078918;53.8922056;53.8924545;0.00516758;-0.02334121;53.7890000
3534.00015830994;53.9051255;53.9052099;-0.02762659;-0.001270113;53.7890000
3535.00008583069;53.8082261;53.8643808;-0.09785818;-0.02927833;53.7890000
3536.00025177002;53.7866929;53.8020939;0.007307492;-0.0472227;53.6830000
3537.00017929077;53.7871885;53.7882061;0.005131413;-0.0252395;53.6830000
3538.00010681152;53.8002314;53.8013786;-0.02800803;-0.001734371;53.6830000
3539.00027275085;53.7024092;53.7612648;-0.09903149;-0.02908893;53.6830000
3540.00020027161;53.6806709;53.6999316;0.006963395;-0.04651356;53.5760000
3541.00012779236;53.6811714;53.6872357;0.004618601;-0.02423333;53.5760000
3542.00005531311;53.6943374;53.7006467;-0.02884619;-0.001230452;53.5760000
3543.00022125244;53.5955923;53.6591024;-0.1004225;-0.02980671;53.5760000
3544.00014877319;53.5736489;53.5961003;0.006693835;-0.0478165;53.4680000
3545.00007629395;53.5741543;53.5825103;0.004412745;-0.02527826;53.4680000
3546.00024223328;53.5874434;53.5958022;-0.02933756;-0.001705925;53.4680000
3547.00016975403;53.4877754;53.5541386;-0.1016128;-0.03007371;53.4680000
3548.00009727478;53.4656270;53.4907789;0.006478887;-0.04807111;53.3600000
3549.00026321411;53.4661543;53.4771889;0.004114302;-0.02536394;53.3600000
3550.00019073486;53.4794434;53.4902423;-0.02960943;-0.001928377;53.3600000
3551.00011825562;53.3797754;53.4479827;-0.1018182;-0.03053769;53.3600000
3552.00028419495;53.3576270;53.3840270;0.006339827;-0.04862714;53.2500000
3553.0002117157;53.3581201;53.3696026;0.004163356;-0.02607145;53.2500000
3554.00013923645;53.3716553;53.3820003;-0.0300849;-0.002567299;53.2500000
3555.0000667572;53.2701416;53.3392043;-0.1036583;-0.03111757;53.2500000
3556.00023269653;53.2475830;53.2753677;0.006357421;-0.04876908;53.1390000
3557.00016021729;53.2481030;53.2619565;0.003948664;-0.02552634;53.1390000
3558.00008773804;53.2617612;53.2753676;-0.0307113;-0.001778828;53.1390000
3559.00025367737;53.1593247;53.2329888;-0.1050434;-0.03055074;53.1390000
3560.00018119812;53.1365610;53.1689734;0.005927755;-0.04865429;53.0280000
3561.00010871887;53.1371030;53.1545491;0.003548386;-0.02608318;53.0280000
3562.0002746582;53.1507612;53.1671256;-0.03101859;-0.002427532;53.0280000
3563.00020217896;53.0483247;53.1252236;-0.1054038;-0.030458;53.0280000
3564.00012969971;53.0255610;53.0628175;0.005388037;-0.04760664;52.9160000
3565.00005722046;53.0260859;53.0502409;0.002850375;-0.02457181;52.9160000
3566.00022315979;53.0398672;53.0632943;-0.03206852;-0.001675666;52.9160000
3567.00015068054;52.9365078;53.0197234;-0.10698;-0.03124891;52.9160000
3568.00007820129;52.9135391;52.9546947;0.005039544;-0.04957295;52.8020000
3569.00024414063;52.9140518;52.9398531;0.002765907;-0.02671069;52.8020000
3570.00017166138;52.9280791;52.9524296;-0.03269745;-0.002675449;52.8020000
3571.00009918213;52.8228740;52.9095740;-0.109113;-0.03119535;52.8020000
3572.00026512146;52.7994951;52.8460950;0.004604829;-0.04850197;52.6880000
3573.00019264221;52.8000518;52.8339952;0.001858735;-0.02461668;52.6880000
3574.00012016296;52.8140791;52.8484791;-0.03381713;-0.0007928503;52.6880000
3575.00028610229;52.7088740;52.8047294;-0.1101331;-0.031077;52.6880000
3576.00021362305;52.6854951;52.7391643;0.003817184;-0.04977042;52.5730000
3577.0001411438;52.6860347;52.7242035;0.00143743;-0.02684741;52.5730000
3578.00006866455;52.7001851;52.7368396;-0.03433135;-0.002741061;52.5730000
3579.00023460388;52.5940571;52.6919574;-0.1112333;-0.03254581;52.5730000
3580.00016212463;52.5704732;52.6267499;0.003612604;-0.05000248;52.4570000
3581.00008964539;52.5710176;52.6145309;0.0008914387;-0.02523419;52.4570000
3582.00025558472;52.5852910;52.6288360;-0.03536209;-0.00118105;52.4570000
3583.00018310547;52.4782402;52.5834174;-0.1129165;-0.03236885;52.4570000
3584.00011062622;52.4544512;52.5157661;0.003137194;-0.05154812;52.3400000
3585.00027656555;52.4550005;52.4998517;0.0007918519;-0.0280948;52.3400000
3586.0002040863;52.4693970;52.5124877;-0.0355745;-0.003249396;52.3400000
3587.00013160706;52.3614233;52.4665923;-0.113788;-0.03339223;52.3400000
3588.00005912781;52.3374292;52.4010272;0.00296875;-0.05050541;52.2220000
3589.00022506714;52.3379834;52.3885697;0.0002023401;-0.02554015;52.2220000
3590.00015258789;52.3525029;52.4022192;-0.03657573;-0.001714139;52.2220000
3591.00008010864;52.2436064;52.3551912;-0.1153752;-0.03355625;52.2220000
3592.00024604797;52.2194072;52.2864670;0.002668987;-0.05258809;52.1030000
3593.00017356873;52.2199663;52.2701950;0.0002916628;-0.02869749;52.1030000
3594.00010108948;52.2346089;52.2820562;-0.03658594;-0.00396783;52.1030000
3595.00026702881;52.1247896;52.2364587;-0.116257;-0.03346442;52.1030000
3596.00019454956;52.1003853;52.1705360;0.002410547;-0.05079279;51.9830000
3597.00012207031;52.1009492;52.1568268;-0.0002882453;-0.02645759;51.9830000
3598.00028800964;52.1157148;52.1690458;-0.03750451;-0.002927222;51.9830000
3599.0002155304;52.0049727;52.1220178;-0.1177284;-0.0339663;51.9830000
3600.00014305115;51.9803633;52.0531148;0.002206706;-0.05288164;51.8630000
3601.0000705719;51.9809492;52.0360679;-0.00020369;-0.02931208;51.8630000
3602.00023651123;51.9957148;52.0467967;-0.03725392;-0.004856387;51.8630000
3603.00016403198;51.8849727;51.9998283;-0.1174844;-0.03459486;51.8630000
3604.00009155273;51.8603633;51.9328327;0.002238138;-0.05179916;51.7410000
3605.00025749207;51.8609150;51.9188851;-0.0004224274;-0.02700005;51.7410000
3606.00018501282;51.8759268;51.9312232;-0.03824953;-0.003074222;51.7410000
3607.00011253357;51.7633389;51.8834800;-0.1198181;-0.03455979;51.7410000
3608.0002784729;51.7383193;51.8132062;0.002140661;-0.05394008;51.6190000
3609.00020599365;51.7389150;51.7955036;-0.000268504;-0.03011762;51.6190000
3610.0001335144;51.7539268;51.8061131;-0.03790301;-0.005263943;51.6190000
3611.00006103516;51.6413389;51.7575950;-0.1193852;-0.03586943;51.6190000
3612.00022697449;51.6163193;51.6885728;0.002434066;-0.05347177;51.4960000
3613.00015449524;51.6168979;51.6747445;-0.0003591888;-0.02751421;51.4960000
3614.00008201599;51.6320327;51.6880363;-0.03859134;-0.002674465;51.4960000
3615.00024795532;51.5185220;51.6398758;-0.1208256;-0.03473829;51.4960000
3616.00017547607;51.4932974;51.5695424;0.002075285;-0.05405076;51.3710000
3617.00010299683;51.4938638;51.5529127;-0.0003941874;-0.02953839;51.3710000
3618.00026893616;51.5092446;51.5642971;-0.03901142;-0.004593968;51.3710000
3619.00019645691;51.3938882;51.5141100;-0.1224443;-0.03667616;51.3710000
3620.00012397766;51.3682534;51.4437170;0.002334216;-0.05453135;51.2460000
3621.00028991699;51.3688638;51.4291137;-0.0005279998;-0.02836498;51.2460000
3622.00021743774;51.3842446;51.4414519;-0.0392515;-0.003626761;51.2460000
3623.0001449585;51.2688882;51.3915629;-0.1227176;-0.03624358;51.2460000
3624.00007247925;51.2432534;51.3193817;0.002260156;-0.05572045;51.1200000
3625.00023841858;51.2438467;51.3015003;-0.0001892471;-0.03089167;51.1200000
3626.00016593933;51.2593506;51.3128251;-0.03909862;-0.005130658;51.1200000
3627.00009346008;51.1430713;51.2647242;-0.1234761;-0.03546559;51.1200000
3628.00025939941;51.1172314;51.1964173;0.002005427;-0.05288644;50.9940000
3629.00018692017;51.1178467;51.1819929;-0.000912637;-0.02765235;50.9940000
3630.00011444092;51.1333506;51.1933177;-0.03982201;-0.003940967;50.9940000
3631.00028038025;51.0170713;51.1430711;-0.1239605;-0.03649229;50.9940000
3632.000207901;50.9912314;51.0710091;0.00193949;-0.05576417;50.8660000
3633.00013542175;50.9918125;51.0522337;-0.0003986475;-0.03148825;50.8660000
3634.0000629425;51.0075625;51.0620683;-0.03973956;-0.006278863;50.8660000
3635.00022888184;50.8894375;51.0118813;-0.1253091;-0.0372935;50.8660000
3636.00015640259;50.8631875;50.9423823;0.002176309;-0.05420467;50.7380000
3637.00008392334;50.8638125;50.9284943;-0.0008733533;-0.02778262;50.7380000
3638.00024986267;50.8795625;50.9403556;-0.04044008;-0.003674453;50.7380000
3639.00017738342;50.7614375;50.8896322;-0.1259498;-0.03676365;50.7380000
3640.00010490417;50.7351875;50.8166165;0.00192738;-0.05646139;50.6080000
3641.00027084351;50.7357783;50.7975430;-0.0004493794;-0.03188547;50.6080000
3642.00019836426;50.7517744;50.8082717;-0.0404875;-0.005874382;50.6080000
3643.00012588501;50.6318037;50.7570715;-0.1273685;-0.03781639;50.6080000
3644.00029182434;50.6051436;50.6859631;0.002167164;-0.05534671;50.4780000
3645.00021934509;50.6057783;50.6709426;-0.0008281544;-0.0289162;50.4780000
3646.00014686584;50.6217744;50.6826848;-0.0409792;-0.004177819;50.4780000
3647.0000743866;50.5018037;50.6307692;-0.1277805;-0.037746;50.4780000
3648.00024032593;50.4751436;50.5568595;0.00206729;-0.05732288;50.3470000
3649.00016784668;50.4757612;50.5379648;-0.0004488011;-0.03210426;50.3470000
3650.00009536743;50.4918804;50.5490511;-0.04082555;-0.005752678;50.3470000
3651.00026130676;50.3709868;50.4971356;-0.128339;-0.03826029;50.3470000
3652.00018882751;50.3441216;50.4254312;0.002198501;-0.05582378;50.2150000
3653.00011634827;50.3447441;50.4099936;-0.0007386887;-0.0293883;50.2150000
3654.0002822876;50.3609863;50.4213184;-0.0414408;-0.004625711;50.2150000
3655.00020980835;50.2391699;50.3679723;-0.1295071;-0.03889855;50.2150000
3656.0001373291;50.2120996;50.2923936;0.00239759;-0.05872899;50.0820000
3657.00006484985;50.2127271;50.2730817;-0.0001438321;-0.03288903;50.0820000
3658.00023078918;50.2290923;50.2841681;-0.04111818;-0.006010483;50.0820000
3659.00015830994;50.1063530;50.2337427;-0.1302221;-0.03735572;50.0820000
3660.00008583069;50.0790776;50.1644225;0.001920765;-0.05408003;49.9490000
3661.00025177002;50.0797271;50.1501173;-0.001261974;-0.0281424;49.9490000
3662.00017929077;50.0960923;50.1607269;-0.0421832;-0.004662625;49.9490000
3663.00010681152;49.9733530;50.1061291;-0.1308222;-0.03956533;49.9490000
3664.00027275085;49.9460776;50.0295968;0.002124179;-0.05954394;49.8150000
3665.00020027161;49.9467100;50.0099868;-0.0004199366;-0.03328156;49.8150000
3666.00012779236;49.9631982;50.0223845;-0.04183918;-0.005313619;49.8150000
3667.00005531311;49.8395362;49.9740452;-0.1318877;-0.0357399;49.8150000
3668.00022125244;49.8120557;49.9067516;0.0009648399;-0.05221079;49.6790000
3669.00014877319;49.8126758;49.8937577;-0.002304779;-0.02663728;49.6790000
3670.00007629395;49.8294102;49.9046653;-0.04415557;-0.003949507;49.6790000
3671.00024223328;49.7039024;49.8490543;-0.1348183;-0.04000344;49.6790000
3672.00016975403;49.6760117;49.7712702;0.001074032;-0.06040069;49.5430000
3673.00009727478;49.6766758;49.7509450;-0.001545725;-0.03403212;49.5430000
3674.00026321411;49.6934102;49.7625082;-0.04346956;-0.006144722;49.5430000
3675.00019073486;49.5679024;49.7108907;-0.1345772;-0.03833999;49.5430000
3676.00011825562;49.5400117;49.6393055;0.0006244294;-0.0557677;49.4060000
3677.00028419495;49.5406587;49.6248215;-0.002598566;-0.02886168;49.4060000
3678.0002117157;49.5575161;49.6360868;-0.044788;-0.004523677;49.4060000
3679.00013923645;49.4310854;49.5808930;-0.1362094;-0.0399775;49.4060000
3680.0000667572;49.4029897;49.5033474;0.0005918266;-0.06035623;49.2690000
3681.00023269653;49.4036587;49.4820685;-0.001957581;-0.03466888;49.2690000
3682.00016021729;49.4205161;49.4915455;-0.04394777;-0.007680508;49.2690000
3683.00008773804;49.2940854;49.4376034;-0.1355086;-0.04030285;49.2690000
3684.00025367737;49.2659897;49.3648262;0.0007613143;-0.05715388;49.1300000
3685.00018119812;49.2666245;49.3498653;-0.002396882;-0.02968971;49.1300000
3686.00010871887;49.2837280;49.3606537;-0.04513077;-0.005201502;49.1300000
3687.0002746582;49.1554516;49.3049831;-0.1379234;-0.04048095;49.1300000
3688.00020217896;49.1269458;49.2291064;0.0005628327;-0.05943599;48.9910000
3689.00012969971;49.1276245;49.2099733;-0.002297497;-0.03298122;48.9910000
3690.00005722046;49.1447280;49.2214173;-0.04510443;-0.005835185;48.9910000
3691.00022315979;49.0164516;49.1692633;-0.1382889;-0.0384429;48.9910000
3692.00015068054;48.9879458;49.0987510;-0.0004003281;-0.05509155;48.8510000
3693.00007820129;48.9886074;49.0844458;-0.003750996;-0.02858244;48.8510000
3694.00024414063;49.0058340;49.0942211;-0.04667079;-0.005382322;48.8510000
3695.00017166138;48.8766348;49.0365834;-0.1399565;-0.04172199;48.8510000
3696.00009918213;48.8479238;48.9583821;-0.0002757413;-0.06136066;48.7100000
3697.00026512146;48.8485903;48.9371628;-0.002891968;-0.03497392;48.7100000
3698.00019264221;48.8659399;48.9475339;-0.04617694;-0.007192856;48.7100000
3699.00012016296;48.7358179;48.8952608;-0.1407725;-0.03905547;48.7100000
3700.00028610229;48.7069018;48.8253445;-0.00107941;-0.05492079;48.5680000
3701.00021362305;48.7075732;48.8115757;-0.004561662;-0.02820144;48.5680000
3702.0001411438;48.7250459;48.8206358;-0.04799934;-0.005673992;48.5680000
3703.00006866455;48.5940010;48.7607927;-0.1424637;-0.04327694;48.5680000
3704.00023460388;48.5648799;48.6802072;-0.0006463593;-0.06333666;48.4260000
3705.00016212463;48.5655732;48.6582727;-0.003302309;-0.0360679;48.4260000
3706.00008964539;48.5830459;48.6696571;-0.04699896;-0.006969561;48.4260000
3707.00025558472;48.4520010;48.6175031;-0.14232;-0.03887283;48.4260000
3708.00018310547;48.4228799;48.5473485;-0.00166486;-0.05491217;48.2830000
3709.00011062622;48.4235562;48.5342353;-0.005256072;-0.02780661;48.2830000
3710.00027656555;48.4411519;48.5433549;-0.04899918;-0.005538199;48.2830000
3711.0002040863;48.3091841;48.4823198;-0.144043;-0.04398203;48.2830000
3712.00013160706;48.2798579;48.4003634;-0.001137361;-0.06438482;48.1390000
3713.00005912781;48.2805391;48.3777136;-0.003701944;-0.03690897;48.1390000
3714.00022506714;48.2982578;48.3886212;-0.04794306;-0.007615236;48.1390000
3715.00015258789;48.1653672;48.3354539;-0.1445756;-0.03978506;48.1390000
3716.00008010864;48.1358359;48.2652993;-0.002049494;-0.05524895;47.9940000
3717.00024604797;48.1365220;48.2519477;-0.005685969;-0.02813123;47.9940000
3718.00017356873;48.1543638;48.2608289;-0.0500001;-0.0058683;47.9940000
3719.00010108948;48.0205503;48.2004494;-0.1465413;-0.04368673;47.9940000
3720.00026702881;47.9908140;48.1172413;-0.001625285;-0.06521185;47.8480000
3721.00019454956;47.9915049;48.0910153;-0.003863245;-0.03947274;47.8480000
3722.00012207031;48.0094697;48.0984062;-0.04831012;-0.01065461;47.8480000
3723.00028800964;47.8747334;48.0428547;-0.1461014;-0.04241261;47.8480000
3724.0002155304;47.8447920;47.9720444;-0.001631274;-0.05665482;47.7020000
3725.00014305115;47.8455049;47.9589313;-0.005413732;-0.02851266;47.7020000
3726.0000705719;47.8634697;47.9682893;-0.05007978;-0.005657509;47.7020000
3727.00023651123;47.7287334;47.9091615;-0.1474726;-0.04276646;47.7020000
3728.00016403198;47.6987920;47.8263707;-0.00166763;-0.06461179;47.5550000
3729.00009155273;47.6994878;47.8005619;-0.003987991;-0.0389338;47.5550000
3730.00025749207;47.7175757;47.8080719;-0.04874692;-0.01042071;47.5550000
3731.00018501282;47.5819165;47.7517457;-0.1471641;-0.0428654;47.5550000
3732.00011253357;47.5517700;47.6793260;-0.001579161;-0.05772563;47.4070000
3733.0002784729;47.5524707;47.6654976;-0.005270263;-0.02936686;47.4070000
3734.00020599365;47.5706816;47.6748557;-0.0505339;-0.006090726;47.4070000
3735.0001335144;47.4340996;47.6141781;-0.1491785;-0.04398949;47.4070000
3736.00006103516;47.4037480;47.5307316;-0.001429451;-0.06530504;47.2590000
3737.00022697449;47.4044707;47.5071878;-0.00412157;-0.03777283;47.2590000
3738.00015449524;47.4226816;47.5177377;-0.049518;-0.008085808;47.2590000
3739.00008201599;47.2860996;47.4634380;-0.1488732;-0.04074084;47.2590000
3740.00024795532;47.2557480;47.3925681;-0.00252541;-0.05596717;47.1100000
3741.00017547607;47.2564536;47.3800510;-0.006398523;-0.02788059;47.1100000
3742.00010299683;47.2747876;47.3899455;-0.05202071;-0.005207031;47.1100000
3743.00026893616;47.1372827;47.3290295;-0.1513509;-0.04375852;47.1100000
3744.00019645691;47.1067261;47.2446889;-0.002566793;-0.0658903;46.9600000
3745.00012397766;47.1074365;47.2178669;-0.004882009;-0.04010257;46.9600000
3746.00028991699;47.1258936;47.2242446;-0.05041115;-0.01155062;46.9600000
3747.00021743774;46.9874658;47.1669049;-0.150852;-0.04387145;46.9600000
3748.0001449585;46.9567041;47.0941276;-0.002420763;-0.05842651;46.8090000
3749.00007247925;46.9574194;47.0791072;-0.006086802;-0.03039896;46.8090000
3750.00023841858;46.9759995;47.0865578;-0.05203428;-0.007610976;46.8090000
3751.00016593933;46.8366489;47.0241518;-0.1526229;-0.04557189;46.8090000
3752.00009346008;46.8056821;46.9390363;-0.001881432;-0.06701273;46.6580000
3753.00025939941;46.8064194;46.9134659;-0.004455504;-0.03969524;46.6580000
3754.00018692017;46.8249995;46.9226449;-0.05059555;-0.009652774;46.6580000
3755.00011444092;46.6856489;46.8683452;-0.1520873;-0.04131895;46.6580000
3756.00028038025;46.6546821;46.7956276;-0.002727235;-0.05744119;46.5050000
3757.000207901;46.6553853;46.7816204;-0.006494492;-0.02928942;46.5050000
3758.00013542175;46.6742114;46.7917532;-0.0533384;-0.0055384;46.5050000
3759.0000629425;46.5330151;46.7325062;-0.1557034;-0.0428074;46.5050000
3760.00022888184;46.5016382;46.6528148;-0.003695291;-0.06250037;46.3530000
3761.00015640259;46.5024023;46.6330261;-0.007032949;-0.0345415;46.3530000
3762.00008392334;46.5211055;46.6440528;-0.05367765;-0.006797133;46.3530000
3763.00024986267;46.3808320;46.5885014;-0.1557422;-0.04098909;46.3530000
3764.00017738342;46.3496602;46.5132803;-0.00516765;-0.05882843;46.1990000
3765.00010490417;46.3503682;46.4949221;-0.008486049;-0.03250074;46.1990000
3766.00027084351;46.3693174;46.5004654;-0.05511739;-0.009574766;46.1990000
3767.00019836426;46.2271982;46.4349598;-0.1574972;-0.0482429;46.1990000
3768.00012588501;46.1956162;46.3491888;-0.003876307;-0.06832984;46.0450000
3769.00029182434;46.1963682;46.3242144;-0.006624518;-0.03992176;46.0450000
3770.00021934509;46.2153174;46.3329167;-0.05360783;-0.01021626;46.0450000
3771.00014686584;46.0731982;46.2764711;-0.1569971;-0.04275462;46.0450000
3772.0000743866;46.0416162;46.2035150;-0.004803992;-0.05811771;45.8900000
3773.00024032593;46.0423511;46.1878390;-0.008540632;-0.030698;45.8900000
3774.00016784668;46.0614233;46.1948723;-0.05563679;-0.008018843;45.8900000
3775.00009536743;45.9183814;46.1319298;-0.1590144;-0.04600956;45.8900000
3776.00026130676;45.8865942;46.0496754;-0.004849791;-0.06528842;45.7340000
3777.00018882751;45.8873340;46.0280389;-0.007958243;-0.03672387;45.7340000
3778.00011634827;45.9065293;46.0384696;-0.05573171;-0.008004736;45.7340000
3779.0002822876;45.7625644;45.9838123;-0.1607446;-0.04081889;45.7340000
3780.00020980835;45.7305723;45.9096045;-0.006541077;-0.05833974;45.5780000
3781.0001373291;45.7313340;45.8923192;-0.01021782;-0.03168714;45.5780000
3782.00006484985;45.7505293;45.8983988;-0.0575065;-0.009008473;45.5780000
3783.00023078918;45.6065644;45.8345027;-0.1614901;-0.0470573;45.5780000
3784.00015830994;45.5745723;45.7498641;-0.006124333;-0.0672214;45.4210000
3785.00008583069;45.5753169;45.7253069;-0.008943288;-0.0392587;45.4210000
3786.00025177002;45.5946353;45.7327575;-0.0566835;-0.01085463;45.4210000
3787.00017929077;45.4497476;45.6726760;-0.1618043;-0.04541889;45.4210000
3788.00010681152;45.4175503;45.5915541;-0.00589489;-0.06426655;45.2630000
3789.00027275085;45.4182998;45.5695004;-0.00902869;-0.0366951;45.2630000
3790.00020027161;45.4377412;45.5750436;-0.05685518;-0.01110265;45.2630000
3791.00012779236;45.2919307;45.5109090;-0.1622366;-0.04806307;45.2630000
3792.00029373169;45.2595283;45.4260916;-0.004979948;-0.0677643;45.1050000
3793.00022125244;45.2602998;45.4024882;-0.008024573;-0.03890717;45.1050000
3794.00014877319;45.2797412;45.4108924;-0.05616983;-0.01019979;45.1050000
3795.00007629395;45.1339307;45.3517646;-0.1621091;-0.04455758;45.1050000
3796.00024223328;45.1015283;45.2726097;-0.005483342;-0.06276771;44.9460000
3797.00016975403;45.1022827;45.2523441;-0.008852284;-0.03505604;44.9460000
3798.00009727478;45.1218472;45.2589602;-0.0570971;-0.009839492;44.9460000
3799.00026321411;44.9751138;45.1968522;-0.1634165;-0.04621766;44.9460000
3800.00019073486;44.9425064;45.1143593;-0.005483363;-0.06558421;44.7870000
3801.00011825562;44.9432827;45.0917692;-0.008676814;-0.03745499;44.7870000
3802.00028419495;44.9628472;45.0999350;-0.05709429;-0.009814977;44.7870000
3803.0002117157;44.8161138;45.0419993;-0.1638785;-0.04359619;44.7870000
3804.00013923645;44.7835064;44.9640364;-0.006450143;-0.06177949;44.6260000
3805.0000667572;44.7842485;44.9435324;-0.009780873;-0.03488079;44.6260000
3806.00023269653;44.8040591;44.9502081;-0.05862992;-0.009799296;44.6260000
3807.00016021729;44.6554800;44.8880405;-0.166367;-0.04627185;44.6260000
3808.00008773804;44.6224624;44.8036999;-0.006357101;-0.06663141;44.4660000
3809.00025367737;44.6232656;44.7788448;-0.009417585;-0.03917874;44.4660000
3810.00018119812;44.6429531;44.7845072;-0.05785494;-0.01191649;44.4660000
3811.00010871887;44.4952969;44.7225184;-0.1648998;-0.04690981;44.4660000
3812.0002746582;44.4624844;44.6406812;-0.006104249;-0.06537964;44.3040000
3813.00020217896;44.4632314;44.6191639;-0.00935799;-0.03682978;44.3040000
3814.00012969971;44.4831650;44.6272106;-0.05865858;-0.009674238;44.3040000
3815.00029563904;44.3336631;44.5654006;-0.1671477;-0.04604193;44.3040000
3816.00022315979;44.3004404;44.4817752;-0.006282003;-0.06612547;44.1420000
3817.00015068054;44.3012314;44.4574565;-0.009390592;-0.03866719;44.1420000
3818.00007820129;44.3211650;44.4638938;-0.05851186;-0.01125782;44.1420000
3819.00024414063;44.1716631;44.4025011;-0.1670475;-0.04632582;44.1420000
3820.00017166138;44.1384404;44.3214984;-0.006473997;-0.06462993;43.9790000
3821.00009918213;44.1392144;44.3005175;-0.009906891;-0.03619981;43.9790000
3822.00026512146;44.1592710;44.3080277;-0.0594465;-0.009774276;43.9790000
3823.00019264221;44.0088462;44.2465753;-0.1686877;-0.04576748;43.9790000
3824.00012016296;43.9754185;44.1643805;-0.007045866;-0.06515157;43.8160000
3825.00028610229;43.9762144;44.1410751;-0.01030327;-0.03775648;43.8160000
3826.00021362305;43.9962710;44.1470952;-0.05967685;-0.01120873;43.8160000
3827.0001411438;43.8458462;44.0860004;-0.1689579;-0.04596168;43.8160000
3828.00006866455;43.8124185;44.0058322;-0.007541862;-0.06393952;43.6520000
3829.00023460388;43.8131973;43.9849109;-0.01101732;-0.03594889;43.6520000
3830.00016212463;43.8333770;43.9914674;-0.06074946;-0.01034005;43.6520000
3831.00008964539;43.6820293;43.9292402;-0.1706166;-0.04641496;43.6520000
3832.00025558472;43.6483965;43.8469262;-0.008025941;-0.06544949;43.4880000
3833.00018310547;43.6491973;43.8233227;-0.01128604;-0.03803715;43.4880000
3834.00011062622;43.6693770;43.8286871;-0.06088535;-0.01172141;43.4880000
3835.00027656555;43.5180293;43.7653274;-0.1706263;-0.04771095;43.4880000
3836.0002040863;43.4843965;43.6825366;-0.007982532;-0.06610426;43.3220000
3837.00013160706;43.4851631;43.6603040;-0.01130023;-0.03751002;43.3220000
3838.00029754639;43.5055889;43.6653704;-0.06146391;-0.01175936;43.3220000
3839.00022506714;43.3523955;43.6001629;-0.1724233;-0.04900752;43.3220000
3840.00015258789;43.3183525;43.5137958;-0.007510186;-0.06902926;43.1570000
3841.00008010864;43.3191802;43.4869141;-0.01052444;-0.04144207;43.1570000
3842.00024604797;43.3394829;43.4906096;-0.0602366;-0.01406268;43.1570000
3843.00017356873;43.1872124;43.4257001;-0.170517;-0.04957123;43.1570000
3844.00010108948;43.1533745;43.3429689;-0.006944458;-0.06679574;42.9910000
3845.00026702881;43.1541631;43.3209152;-0.01036557;-0.03764874;42.9910000
3846.00019454956;43.1745889;43.3275313;-0.06070192;-0.01083323;42.9910000
3847.00012207031;43.0213955;43.2654829;-0.1720133;-0.04659188;42.9910000
3848.00028800964;42.9873525;43.1829900;-0.007531825;-0.06577646;42.8240000
3849.0002155304;42.9881460;43.1574792;-0.01060367;-0.03944837;42.8240000
3850.00014305115;43.0086948;43.1600422;-0.06078723;-0.014006;42.8240000
3851.0000705719;42.8545786;43.0958480;-0.1725717;-0.04895455;42.8240000
3852.00023651123;42.8203306;43.0149645;-0.007334066;-0.06532272;42.6560000
3853.00016403198;42.8211289;42.9929108;-0.01082702;-0.03713746;42.6560000
3854.00009155273;42.8418008;42.9967255;-0.06144883;-0.01236151;42.6560000
3855.00025749207;42.6867617;42.9321737;-0.1739057;-0.04870235;42.6560000
3856.00018501282;42.6523086;42.8476543;-0.007327436;-0.06774264;42.4880000
3857.00011253357;42.6531289;42.8225011;-0.01055853;-0.03992673;42.4880000
3858.0002784729;42.6738008;42.8268523;-0.06124012;-0.01306767;42.4880000
3859.00020599365;42.5187617;42.7631945;-0.1737966;-0.04837816;42.4880000
3860.0001335144;42.4843086;42.6827879;-0.007676574;-0.06476736;42.3200000
3861.00029945374;42.4851289;42.6622839;-0.01142567;-0.03597982;42.3200000
3862.00022697449;42.5058008;42.6670522;-0.06215373;-0.01129575;42.3200000
3863.00015449524;42.3507617;42.6020832;-0.1745641;-0.04859529;42.3200000
3864.00008201599;42.3163086;42.5172061;-0.007946004;-0.06782062;42.1510000
3865.00024795532;42.3171118;42.4931855;-0.01125572;-0.03925704;42.1510000
3866.00017547607;42.3379067;42.4979538;-0.06228257;-0.01268456;42.1510000
3867.00010299683;42.1819448;42.4328656;-0.1753919;-0.04927011;42.1510000
3868.00026893616;42.1472866;42.3475117;-0.007785153;-0.06839104;41.9810000
3869.00019645691;42.1480947;42.3224182;-0.01101124;-0.04015075;41.9810000
3870.00012397766;42.1690127;42.3265309;-0.06226383;-0.01329785;41.9810000
3871.00028991699;42.0121279;42.2631115;-0.1762712;-0.04833546;41.9810000
3872.00021743774;41.9772646;42.1803207;-0.008014636;-0.06641702;41.8110000
3873.0001449585;41.9780947;42.1565384;-0.0114703;-0.03861756;41.8110000
3874.00007247925;41.9990127;42.1601147;-0.06266313;-0.01310838;41.8110000
3875.00023841858;41.8421279;42.0955033;-0.1765377;-0.04893873;41.8110000
3876.00016593933;41.8072646;42.0131893;-0.008334249;-0.0662794;41.6410000
3877.00009346008;41.8080947;41.9906587;-0.01192937;-0.03781885;41.6410000
3878.00025939941;41.8290127;41.9950695;-0.06321518;-0.01226683;41.6410000
3879.00018692017;41.6721279;41.9308157;-0.1771296;-0.04847559;41.6410000
3880.00011444092;41.6372646;41.8467731;-0.008733546;-0.06726339;41.4700000
3881.00028038025;41.6380776;41.8212623;-0.01194905;-0.04004248;41.4700000
3882.000207901;41.6591187;41.8240041;-0.06334768;-0.01416594;41.4700000
3883.00013542175;41.5013110;41.7573065;-0.1777021;-0.05079108;41.4700000
3884.00030136108;41.4662427;41.6707010;-0.008084927;-0.06959867;41.2980000
3885.00022888184;41.4670605;41.6450710;-0.01132308;-0.04087124;41.2980000
3886.00015640259;41.4882246;41.6494817;-0.06320645;-0.01341897;41.2980000
3887.00008392334;41.3294941;41.5855856;-0.1785852;-0.04881743;41.2980000
3888.00024986267;41.2942207;41.5016026;-0.008324732;-0.06735051;41.1260000
3889.00017738342;41.2950605;41.4771647;-0.01177919;-0.0392943;41.1260000
3890.00010490417;41.3162246;41.4813370;-0.063636;-0.01306487;41.1260000
3891.00027084351;41.1574941;41.4160103;-0.1788553;-0.04958193;41.1260000
3892.00019836426;41.1222207;41.3283319;-0.008183152;-0.07011744;40.9540000
3893.00012588501;41.1230605;41.3009138;-0.01130556;-0.04217955;40.9540000
3894.00029182434;41.1442246;41.3038940;-0.06302955;-0.0147833;40.9540000
3895.00021934509;40.9854941;41.2410111;-0.1785212;-0.04852638;40.9540000
3896.00014686584;40.9502207;41.1582799;-0.008400195;-0.06663295;40.7810000
3897.0000743866;40.9510435;41.1335439;-0.01177385;-0.03931933;40.7810000
3898.00024032593;40.9723306;41.1357493;-0.06371031;-0.0142685;40.7810000
3899.00016784668;40.8126772;41.0706610;-0.1796684;-0.04972218;40.7810000
3900.00009536743;40.7771987;40.9870357;-0.008512338;-0.06751338;40.6070000
3901.00026130676;40.7780264;40.9633727;-0.01204145;-0.03890102;40.6070000
3902.00018882751;40.7994365;40.9685583;-0.06460876;-0.01226257;40.6070000
3903.00011634827;40.6388604;40.9070463;-0.1816775;-0.04685694;40.6070000
3904.0002822876;40.6031768;40.8255667;-0.009825011;-0.0651096;40.4330000
3905.00020980835;40.6040264;40.8019037;-0.01343763;-0.038012;40.4330000
3906.0001373291;40.6254365;40.8048243;-0.06575257;-0.01333838;40.4330000
3907.00030326843;40.4648604;40.7383651;-0.1822701;-0.05037056;40.4330000
3908.00023078918;40.4291768;40.6517596;-0.009846504;-0.0695516;40.2590000
3909.00015830994;40.4300264;40.6266064;-0.01329308;-0.04057661;40.2590000
3910.00008583069;40.4514365;40.6310172;-0.06577406;-0.01338203;40.2590000
3911.00025177002;40.2908604;40.5670614;-0.1825705;-0.04887423;40.2590000
3912.00017929077;40.2551768;40.4808135;-0.01018676;-0.06889847;40.0840000
3913.00010681152;40.2560093;40.4520244;-0.01318066;-0.0425711;40.0840000
3914.00027275085;40.2775425;40.4519052;-0.0654557;-0.0168947;40.0840000
3915.00020027161;40.1160434;40.3828830;-0.1823999;-0.05328001;40.0840000
3916.00012779236;40.0801548;40.2950258;-0.008901333;-0.07144344;39.9080000
3917.00029373169;40.0809922;40.2695150;-0.01229641;-0.04151967;39.9080000
3918.00022125244;40.1026484;40.2745814;-0.06544802;-0.0133223;39.9080000
3919.00014877319;39.9402266;40.2125330;-0.1838814;-0.04755678;39.9080000
3920.00007629395;39.9041328;40.1290268;-0.009932136;-0.0667465;39.7330000
3921.00024223328;39.9050093;40.1028008;-0.01337859;-0.04023599;39.7330000
3922.00016975403;39.9265425;40.1039929;-0.06579973;-0.01522811;39.7330000
3923.00009727478;39.7650434;40.0375337;-0.1830295;-0.05092252;39.7330000
3924.00026321411;39.7291548;39.9531931;-0.009922731;-0.06840832;39.5560000
3925.00019073486;39.7299751;39.9295301;-0.01347611;-0.03928829;39.5560000
3926.00011825562;39.7517544;39.9341793;-0.06688002;-0.01272996;39.5560000
3927.00028419495;39.5884097;39.8704619;-0.1858396;-0.0484075;39.5560000
3928.0002117157;39.5521108;39.7854657;-0.01078889;-0.06785293;39.3800000
3929.00013923645;39.5529922;39.7597165;-0.01432438;-0.04027422;39.3800000
3930.00030517578;39.5746484;39.7626371;-0.0672369;-0.01411205;39.3800000
3931.00023269653;39.4122266;39.6965355;-0.1852187;-0.05040704;39.3800000
3932.00016021729;39.3761328;39.6111221;-0.01105693;-0.06888907;39.2030000
3933.00008773804;39.3769751;39.5860881;-0.01454104;-0.04034384;39.2030000
3934.00025367737;39.3987544;39.5890684;-0.067759;-0.01417537;39.2030000
3935.00018119812;39.2354097;39.5221324;-0.18636;-0.05102795;39.2030000
3936.00010871887;39.1991108;39.4339771;-0.01095729;-0.07081995;39.0250000
3937.0002746582;39.1999580;39.4060821;-0.01415855;-0.04273492;39.0250000
3938.00020217896;39.2218604;39.4082279;-0.06758231;-0.01552028;39.0250000
3939.00012969971;39.0575928;39.3422455;-0.1870018;-0.05086624;39.0250000
3940.00029563904;39.0210889;39.2546863;-0.01072997;-0.07043159;38.8480000
3941.00022315979;39.0219751;39.2258973;-0.0139627;-0.0432531;38.8480000
3942.00015068054;39.0437544;39.2255396;-0.06680875;-0.01725227;38.8480000
3943.00007820129;38.8804097;39.1577692;-0.1853168;-0.05251504;38.8480000
3944.00024414063;38.8441108;39.0721173;-0.01019299;-0.06974135;38.6690000
3945.00017166138;38.8449409;39.0485735;-0.01383147;-0.03968279;38.6690000
3946.00009918213;38.8669663;39.0544743;-0.06797241;-0.0120675;38.6690000
3947.00026512146;38.7017759;38.9924855;-0.188549;-0.04706899;38.6690000
3948.00019264221;38.6650669;38.9086814;-0.01176011;-0.0667371;38.4910000
3949.00012016296;38.6659580;38.8820977;-0.01527446;-0.04049514;38.4910000
3950.00028610229;38.6878604;38.8826937;-0.06852555;-0.01559069;38.4910000
3951.00021362305;38.5235928;38.8142080;-0.1876661;-0.05249824;38.4910000
3952.0001411438;38.4870889;38.7257547;-0.01129468;-0.07145656;38.3120000
3953.00006866455;38.4879409;38.6980385;-0.01455179;-0.04287318;38.3120000
3954.00023460388;38.5099663;38.7004823;-0.06830755;-0.01537549;38.3120000
3955.00016212463;38.3447759;38.6346788;-0.1884591;-0.05077328;38.3120000
3956.00008964539;38.3080669;38.5455102;-0.01107253;-0.0714229;38.1320000
3957.00025558472;38.3089238;38.5145754;-0.01400695;-0.04491684;38.1320000
3958.00018310547;38.3310723;38.5128469;-0.06759662;-0.01868435;38.1320000
3959.00011062622;38.1649590;38.4422154;-0.1879225;-0.05501662;38.1320000
3960.00027656555;38.1280449;38.3528084;-0.009573846;-0.07295686;37.9530000
3961.0002040863;38.1289409;38.3263440;-0.0131374;-0.04268796;37.9530000
3962.00013160706;38.1509663;38.3309931;-0.06713887;-0.01395275;37.9530000
3963.00029754639;37.9857759;38.2681698;-0.1876225;-0.04834652;37.9530000
3964.00022506714;37.9490669;38.1838293;-0.01077383;-0.0675248;37.7730000
3965.00015258789;37.9499238;38.1571860;-0.01418639;-0.04084071;37.7730000
3966.00008010864;37.9720723;38.1583781;-0.06810148;-0.01535749;37.7730000
3967.00024604797;37.8059590;38.0917401;-0.1888723;-0.05105063;37.7730000
3968.00017356873;37.7690449;38.0079360;-0.01114791;-0.06808053;37.5920000
3969.00010108948;37.7699067;37.9845113;-0.01495499;-0.03911817;37.5920000
3970.00026702881;37.7921782;37.9886837;-0.06950092;-0.01296858;37.5920000
3971.00019454956;37.6251421;37.9234166;-0.1911367;-0.04948529;37.5920000
3972.00012207031;37.5880229;37.8360362;-0.01207835;-0.0697643;37.4120000
3973.00028800964;37.5889238;37.8074855;-0.01544536;-0.04279884;37.4120000
3974.0002155304;37.6110723;37.8080220;-0.0692874;-0.01647882;37.4120000
3975.00014305115;37.4449590;37.7397747;-0.1898789;-0.05269722;37.4120000
3976.0000705719;37.4080449;37.6506657;-0.01156346;-0.07199876;37.2310000
3977.00023651123;37.4089067;37.6224727;-0.01483927;-0.04343247;37.2310000
3978.00016403198;37.4311782;37.6239628;-0.06908635;-0.01619712;37.2310000
3979.00009155273;37.2641421;37.5557751;-0.1903967;-0.05258519;37.2310000
3980.00025749207;37.2270229;37.4663682;-0.01111258;-0.07214623;37.0490000
3981.00018501282;37.2278896;37.4378771;-0.01439108;-0.04361168;37.0490000
3982.00011253357;37.2502842;37.4395461;-0.06895688;-0.01606859;37.0490000
3983.0002784729;37.0823252;37.3727293;-0.1911321;-0.05160997;37.0490000
3984.00020599365;37.0450010;37.2854085;-0.01114498;-0.07051396;36.8670000
3985.0001335144;37.0458896;37.2582287;-0.01465309;-0.04229959;36.8670000
3986.00029945374;37.0682842;37.2603149;-0.06926538;-0.015415;36.8670000
3987.00022697449;36.9003252;37.1949882;-0.1916066;-0.05029017;36.8670000
3988.00015449524;36.8630010;37.1116609;-0.01206444;-0.06756698;36.6850000
3989.00008201599;36.8638896;37.0883555;-0.01600423;-0.03878779;36.6850000
3990.00024795532;36.8862842;37.0928258;-0.07088215;-0.01258791;36.6850000
3991.00017547607;36.7183252;37.0294065;-0.1934359;-0.04803145;36.6850000
3992.00010299683;36.6810010;36.9442911;-0.0136945;-0.06796993;36.5030000
3993.00026893616;36.6818896;36.9157404;-0.01704987;-0.04229456;36.5030000
3994.00019645691;36.7042842;36.9131774;-0.07114416;-0.0183462;36.5030000
3995.00012397766;36.5363252;36.8412346;-0.1927483;-0.05563778;36.5030000
3996.00028991699;36.4990010;36.7500991;-0.0123361;-0.07429818;36.3210000
3997.00021743774;36.4998896;36.7204756;-0.01557194;-0.04512;36.3210000
3998.0001449585;36.5222842;36.7211909;-0.07003149;-0.01729454;36.3210000
3999.00007247925;36.3543252;36.6534800;-0.1921071;-0.05262896;36.3210000
4000;36.3170010;36.5643711;-0.01192074;-0.07195259;36.1380000
4001.00040435791;36.3178726;36.5364165;-0.01529494;-0.04317819;36.1380000
4002.00033187866;36.3403901;36.5385027;-0.07020603;-0.0157379;36.1380000
4003.00025939941;36.1715083;36.4715070;-0.1930735;-0.05160799;36.1380000
4004.00018692017;36.1339790;36.3841862;-0.0121509;-0.07053731;35.9550000
4005.00011444092;36.1348726;36.3569469;-0.01568829;-0.04231419;35.9550000
4006.00004196167;36.1573901;36.3584370;-0.07053296;-0.01581392;35.9550000
4006.99996948242;35.9885083;36.2922163;-0.1934868;-0.05104152;35.9550000
4008.00037384033;35.9509790;36.2045974;-0.01253097;-0.07059205;35.7710000
4009.00030136108;35.9518555;36.1750931;-0.01576842;-0.04374967;35.7710000
4010.00022888184;35.9744961;36.1741991;-0.07064624;-0.01780104;35.7710000
4011.00015640259;35.8046914;36.1059517;-0.1940865;-0.05300405;35.7710000
4012.00008392334;35.7669570;36.0185117;-0.01221511;-0.07109445;35.5880000
4013.00001144409;35.7678726;35.9912724;-0.01583597;-0.0424848;35.5880000
4014.000415802;35.7903901;35.9930009;-0.0707072;-0.0157233;35.5880000
4015.00034332275;35.6215083;35.9259457;-0.1935681;-0.0516144;35.5880000
4016.00027084351;35.5839790;35.8373136;-0.01249935;-0.07131035;35.4040000
4017.00019836426;35.5848555;35.8079285;-0.01575008;-0.04382582;35.4040000
4018.00012588501;35.6074961;35.8076901;-0.07070095;-0.01744277;35.4040000
4019.00005340576;35.4376914;35.7388467;-0.1940748;-0.053426;35.4040000
4019.99998092651;35.3999570;35.6489033;-0.01192448;-0.07271302;35.2200000
4021.00038528442;35.4008555;35.6204123;-0.01535831;-0.0438032;35.2200000
4022.00031280518;35.4234961;35.6222004;-0.07053497;-0.01619132;35.2200000
4023.00024032593;35.2536914;35.5548472;-0.1940749;-0.05203132;35.2200000
4024.00016784668;35.2159570;35.4660959;-0.01205736;-0.0715519;35.0350000
4025.00009536743;35.2168384;35.4374260;-0.01542368;-0.04348265;35.0350000
4026.00002288818;35.2396021;35.4383201;-0.07079952;-0.01657706;35.0350000
4027.00042724609;35.0688745;35.3700728;-0.194952;-0.05277702;35.0350000
4028.00035476685;35.0309351;35.2795929;-0.01180641;-0.07295163;34.8510000
4029.0002822876;35.0318555;35.2494330;-0.01513778;-0.0449562;34.8510000
4030.00020980835;35.0544961;35.2493734;-0.07010858;-0.01775529;34.8510000
4031.0001373291;34.8846914;35.1827354;-0.1937281;-0.05201109;34.8510000
4032.00006484985;34.8469570;35.0991101;-0.01228178;-0.06835134;34.6660000
4032.99999237061;34.8478384;35.0753278;-0.01619266;-0.03928521;34.6660000
4034.00039672852;34.8706021;35.0787849;-0.07185407;-0.01349559;34.6660000
4035.00032424927;34.6998745;35.0141139;-0.196405;-0.04910827;34.6660000
4036.00025177002;34.6619351;34.9294753;-0.01391024;-0.06794763;34.4810000
4037.00017929077;34.6628384;34.9028320;-0.01758585;-0.04100266;34.4810000
4038.00010681152;34.6856021;34.9024148;-0.07281559;-0.01663541;34.4810000
4039.00003433228;34.5148745;34.8323197;-0.1967622;-0.05389674;34.4810000
4039.99996185303;34.4769351;34.7426147;-0.01370293;-0.07278308;34.2960000
4041.00036621094;34.4778384;34.7137065;-0.0171262;-0.04405293;34.2960000
4042.00029373169;34.5006021;34.7140641;-0.07244226;-0.01717052;34.2960000
4043.00022125244;34.3298745;34.6465916;-0.1966811;-0.05238172;34.2960000
4044.00014877319;34.2919351;34.5596284;-0.0139273;-0.07053843;34.1100000
4045.00007629395;34.2928213;34.5332832;-0.01758855;-0.04177566;34.1100000
4046.0000038147;34.3157080;34.5342369;-0.07326982;-0.01608626;34.1100000
4047.00040817261;34.1440576;34.4655127;-0.1980813;-0.05281765;34.1100000
4048.00033569336;34.1059131;34.3771786;-0.01423937;-0.07155773;33.9250000
4049.00026321411;34.1068384;34.3491048;-0.01783908;-0.04318189;33.9250000
4050.00019073486;34.1296021;34.3488664;-0.07308874;-0.01733063;33.9250000
4051.00011825562;33.9588745;34.2807979;-0.1972611;-0.05277226;33.9250000
4052.00004577637;33.9209351;34.1924638;-0.01435463;-0.07164066;33.7390000
4052.99997329712;33.9218213;34.1626019;-0.01762406;-0.04432145;33.7390000
4054.00037765503;33.9447080;34.1603965;-0.07295335;-0.01890131;33.7390000
4055.00030517578;33.7730576;34.0911955;-0.1977118;-0.0540628;33.7390000
4056.00023269653;33.7349131;34.0040536;-0.0140026;-0.07127833;33.5530000
4057.00016021729;33.7358213;33.9775891;-0.01773405;-0.04208694;33.5530000
4058.00008773804;33.7587080;33.9789004;-0.07345517;-0.01593675;33.5530000
4059.00001525879;33.5870576;33.9107127;-0.1983265;-0.05240916;33.5530000
4060.0004196167;33.5489131;33.8210673;-0.01433838;-0.07223888;33.3670000
4061.00034713745;33.5498213;33.7900729;-0.01756512;-0.04519842;33.3670000
4062.0002746582;33.5727080;33.7876291;-0.07286786;-0.01937943;33.3670000
4063.00020217896;33.4010576;33.7166400;-0.197427;-0.05547333;33.3670000
4064.00012969971;33.3629131;33.6265177;-0.01338581;-0.07364056;33.1810000
4065.00005722046;33.3638213;33.5982055;-0.01691139;-0.04404227;33.1810000
4065.99998474121;33.3867080;33.5993380;-0.07261258;-0.01676578;33.1810000
4067.00038909912;33.2150576;33.5310907;-0.1974773;-0.05279576;33.1810000
4068.00031661987;33.1769131;33.4431142;-0.0136751;-0.07130206;32.9940000
4069.00024414063;33.1778042;33.4153385;-0.01721288;-0.04286067;32.9940000
4070.00017166138;33.2008140;33.4152789;-0.07308004;-0.01710671;32.9940000
4071.00009918213;33.0282407;33.3465547;-0.1986038;-0.05314983;32.9940000
4072.00002670288;32.9898911;33.2597107;-0.01399232;-0.07076271;32.8080000
4073.00043106079;32.9908213;33.2333655;-0.01782055;-0.04179088;32.8080000
4074.00035858154;33.0137080;33.2341404;-0.0734819;-0.01623883;32.8080000
4075.00028610229;32.8420576;33.1669659;-0.1984661;-0.05176775;32.8080000
4076.00021362305;32.8039131;33.0830426;-0.01511555;-0.06840849;32.6210000
4077.0001411438;32.8048042;33.0584259;-0.0190053;-0.03989784;32.6210000
4078.00006866455;32.8278140;33.0589623;-0.07493886;-0.01567827;32.6210000
4078.9999961853;32.6552407;32.9919071;-0.2006486;-0.05149451;32.6210000
4080.00040054321;32.6168911;32.9050631;-0.0160371;-0.07018532;32.4340000
4081.00032806396;32.6178042;32.8759760;-0.01951226;-0.04332246;32.4340000
4082.00025558472;32.6408140;32.8725190;-0.0750009;-0.0194211;32.4340000
4083.00018310547;32.4682407;32.7992649;-0.2000199;-0.05696164;32.4340000
4084.00011062622;32.4298911;32.7072353;-0.01483069;-0.07530949;32.2480000
4085.00003814697;32.4308213;32.6778502;-0.01832023;-0.04531409;32.2480000
4085.99996566772;32.4537080;32.6778502;-0.07389525;-0.01796103;32.2480000
4087.00037002563;32.2820576;32.6094241;-0.19874;-0.05334172;32.2480000
4088.00029754639;32.2439131;32.5200171;-0.01477846;-0.07242831;32.0610000
4089.00022506714;32.2448042;32.4898572;-0.0180506;-0.04476079;32.0610000
4090.00015258789;32.2678140;32.4874134;-0.07365212;-0.01929096;32.0610000
4091.00008010864;32.0952407;32.4160666;-0.1988837;-0.05571529;32.0610000
4092.00000762939;32.0568911;32.3256464;-0.01387374;-0.07388918;31.8740000
4093.0004119873;32.0578042;32.2969169;-0.01738875;-0.04442367;31.8740000
4094.00033950806;32.0808140;32.2969765;-0.07326919;-0.01762209;31.8740000
4095.00026702881;31.9082407;32.2298021;-0.1989656;-0.05232239;31.8740000
4096.00019454956;31.8698911;32.1443290;-0.01450688;-0.06959216;31.6860000
4097.00012207031;31.8707871;32.1178646;-0.01822668;-0.04148547;31.6860000
4098.00004959106;31.8939199;32.1178050;-0.07439265;-0.0165986;31.6860000
4098.99997711182;31.7204238;32.0500941;-0.2007415;-0.05224071;31.6860000
4100.00038146973;31.6818691;31.9627137;-0.01513476;-0.07079073;31.4990000
4101.00030899048;31.6828042;31.9341034;-0.01874654;-0.04328624;31.4990000
4102.00023651123;31.7058140;31.9316001;-0.07434142;-0.01883156;31.4990000
4103.00016403198;31.5332407;31.8595380;-0.1994933;-0.05600067;31.4990000
4104.00009155273;31.4948911;31.7678661;-0.01434389;-0.07477815;31.3120000
4105.00001907349;31.4958042;31.7372889;-0.01765303;-0.04587083;31.3120000
4106.0004234314;31.5188140;31.7360968;-0.07339401;-0.01887896;31.3120000
4107.00035095215;31.3462407;31.6667170;-0.1988447;-0.05425122;31.3120000
4108.0002784729;31.3078911;31.5788002;-0.01411371;-0.07176875;31.1250000
4109.00020599365;31.3088042;31.5525145;-0.017901;-0.04217012;31.1250000
4110.0001335144;31.3318140;31.5533490;-0.07386778;-0.01635438;31.1250000
4111.00006103516;31.1592407;31.4839096;-0.1993118;-0.05341377;31.1250000
4111.99998855591;31.1208911;31.3960523;-0.01458747;-0.07144839;30.9370000
4113.00039291382;31.1217871;31.3697071;-0.01832055;-0.04210506;30.9370000
4114.00032043457;31.1449199;31.3706011;-0.07459276;-0.01631233;30.9370000
4115.00024795532;30.9714238;31.3027114;-0.2009217;-0.05237396;30.9370000
4116.00017547607;30.9328691;31.2133641;-0.01509581;-0.07211691;30.7500000
4117.00010299683;30.9338042;31.1827273;-0.01848179;-0.04502657;30.7500000
4118.00003051758;30.9568140;31.1802835;-0.07408331;-0.01931692;30.7500000
4118.99995803833;30.7842407;31.1111421;-0.1995606;-0.05414275;30.7500000
4120.00036239624;30.7458911;31.0247154;-0.0149956;-0.07092047;30.5620000
4121.00028991699;30.7467871;30.9981317;-0.01870211;-0.04215994;30.5620000
4122.00021743774;30.7699199;30.9974761;-0.07480167;-0.01727886;30.5620000
4123.0001449585;30.5964238;30.9267849;-0.2008184;-0.05449226;30.5620000
4124.00007247925;30.5578691;30.8350534;-0.01472694;-0.07433801;30.3750000
4125;30.5588042;30.8028073;-0.01793362;-0.04681786;30.3750000
4126.00040435791;30.5818140;30.7988734;-0.07336912;-0.02089984;30.3750000
4127.00033187866;30.4092407;30.7257385;-0.1984014;-0.05748599;30.3750000
4128.00025939941;30.3708911;30.6325764;-0.01308602;-0.07625075;30.1870000
4129.00018692017;30.3717871;30.6025357;-0.01640736;-0.04614634;30.1870000
4130.00011444092;30.3949199;30.6027741;-0.07260652;-0.01812546;30.1870000
4131.00004196167;30.2214238;30.5339307;-0.1988291;-0.05378776;30.1870000
4131.99996948242;30.1828691;30.4444046;-0.01298339;-0.07266995;30.0000000
4133.00037384033;30.1838042;30.4158539;-0.0166018;-0.04394829;30.0000000
4134.00030136108;30.2068140;30.4159731;-0.07248888;-0.01732319;30.0000000
4135.00022888184;30.0342407;30.3464145;-0.1979197;-0.05384496;30.0000000
4136.00015640259;29.9958911;30.2562327;-0.01293631;-0.07313105;29.8130000
4137.00008392334;29.9968042;30.2269668;-0.01639155;-0.04457691;29.8130000
4138.00001144409;30.0198140;30.2262516;-0.07218567;-0.01813246;29.8130000
4139.000415802;29.8472407;30.1565737;-0.1976031;-0.0542426;29.8130000
4140.00034332275;29.8088911;30.0680012;-0.01279909;-0.07221481;29.6250000
4141.00027084351;29.8097871;30.0410003;-0.01645912;-0.04277715;29.6250000
4142.00019836426;29.8329199;30.0426096;-0.07281102;-0.01597753;29.6250000
4143.00012588501;29.6594238;29.9762101;-0.199306;-0.05127666;29.6250000
4144.00005340576;29.6208691;29.8885316;-0.01366605;-0.07064796;29.4380000
4144.99998092651;29.6218042;29.8596234;-0.01724463;-0.04344789;29.4380000
4146.00038528442;29.6448140;29.8579545;-0.07293248;-0.01822121;29.4380000
4147.00031280518;29.4722407;29.7863693;-0.1981374;-0.05536086;29.4380000
4148.00024032593;29.4338911;29.6965451;-0.01319395;-0.07332027;29.2500000
4149.00016784668;29.4347871;29.6700806;-0.01691374;-0.04285933;29.2500000
4150.00009536743;29.4579199;29.6729416;-0.0734051;-0.01523576;29.2500000
4151.00002288818;29.2844238;29.6067805;-0.1999266;-0.05091013;29.2500000
4152.00042724609;29.2458691;29.5200557;-0.01439295;-0.06988765;29.0630000
4153.00035476685;29.2468042;29.4926972;-0.01814419;-0.04219082;29.0630000
4154.0002822876;29.2698140;29.4923396;-0.07397815;-0.01696056;29.0630000
4155.00020980835;29.0972407;29.4210524;-0.1992163;-0.05474615;29.0630000
4156.0001373291;29.0588911;29.3303341;-0.0141732;-0.07370026;28.8750000
4157.00006484985;29.0597871;29.3013663;-0.01761407;-0.04458148;28.8750000
4157.99999237061;29.0829199;29.3020219;-0.07385972;-0.01729308;28.8750000
4159.00039672852;28.9094238;29.2347283;-0.200255;-0.05231396;28.8750000
4160.00032424927;28.8708691;29.1465730;-0.014562;-0.07132895;28.6880000
4161.00025177002;28.8718042;29.1176648;-0.01814058;-0.04368267;28.6880000
4162.00017929077;28.8948140;29.1172475;-0.07396789;-0.01749392;28.6880000
4163.00010681152;28.7222407;29.0490002;-0.1995448;-0.05294774;28.6880000
4164.00003433228;28.6838911;28.9597125;-0.01466103;-0.07230102;28.5010000
4164.99996185303;28.6848042;28.9291949;-0.01797681;-0.04510955;28.5010000
4166.00036621094;28.7078140;28.9259762;-0.07349199;-0.01978579;28.5010000
4167.00029373169;28.5352407;28.8525433;-0.1984911;-0.05721951;28.5010000
4168.00022125244;28.4968911;28.7581296;-0.01303624;-0.07690265;28.3140000
4169.00014877319;28.4978042;28.7255854;-0.01612622;-0.04790821;28.3140000
4170.00007629395;28.5208140;28.7245125;-0.07188047;-0.0193874;28.3140000
4171.0000038147;28.3482407;28.6554308;-0.1973644;-0.05436702;28.3140000
4172.00040817261;28.3098911;28.5648913;-0.01234118;-0.07345877;28.1260000
4173.00033569336;28.3107871;28.5361023;-0.01580198;-0.04430325;28.1260000
4174.00026321411;28.3339199;28.5372347;-0.07210075;-0.01674315;28.1260000
4175.00019073486;28.1604238;28.4685702;-0.1983433;-0.05309879;28.1260000
4176.00011825562;28.1218691;28.3786268;-0.01245106;-0.07260707;27.9390000
4177.00004577637;28.1228042;28.3503146;-0.01609604;-0.04375185;27.9390000
4177.99997329712;28.1458140;28.3513875;-0.07208939;-0.01659293;27.9390000
4179.00037765503;27.9732407;28.2844514;-0.1978123;-0.05188036;27.9390000
4180.00030517578;27.9348911;28.1954021;-0.01295518;-0.07170787;27.7520000
4181.00023269653;27.9358042;28.1657786;-0.01637058;-0.04421443;27.7520000
4182.00016021729;27.9588140;28.1653614;-0.07219789;-0.01759828;27.7520000
4183.00008773804;27.7862407;28.0971736;-0.1977814;-0.05290964;27.7520000
4184.00001525879;27.7478911;28.0091972;-0.01304377;-0.07140891;27.5660000
4185.0004196167;27.7488213;27.9813022;-0.01669932;-0.04311401;27.5660000
4186.00034713745;27.7717080;27.9817791;-0.07232748;-0.01673752;27.5660000
4187.0002746582;27.6000576;27.9126377;-0.1970925;-0.05335137;27.5660000
4188.00020217896;27.5619131;27.8210253;-0.01288528;-0.07378287;27.3790000
4189.00012969971;27.5628042;27.7892561;-0.01597811;-0.04621653;27.3790000
4190.00005722046;27.5858140;27.7879448;-0.0717058;-0.01890387;27.3790000
4190.99998474121;27.4132407;27.7185649;-0.1971565;-0.05438829;27.3790000
4192.00038909912;27.3748911;27.6283235;-0.0121665;-0.07327703;27.1920000
4193.00031661987;27.3758042;27.6004881;-0.01578112;-0.04360887;27.1920000
4194.00024414063;27.3988140;27.6031107;-0.07194713;-0.01556023;27.1920000
4195.00017166138;27.2262407;27.5363535;-0.19769;-0.0514446;27.1920000
4196.00009918213;27.1878911;27.4492712;-0.01305201;-0.07024711;27.0060000
4197.00002670288;27.1888213;27.4222703;-0.01680719;-0.04206279;27.0060000
4198.00043106079;27.2117080;27.4231643;-0.07248181;-0.0160983;27.0060000
4199.00035858154;27.0400576;27.3544998;-0.1973;-0.05270446;27.0060000
4200.00028610229;27.0019131;27.2656292;-0.01339823;-0.07182519;26.8190000
4201.00021362305;27.0028042;27.2380323;-0.01695593;-0.04302798;26.8190000
4202.0001411438;27.0258140;27.2392840;-0.0729692;-0.01621849;26.8190000
4203.00006866455;26.8532407;27.1726460;-0.1987254;-0.0513765;26.8190000
4203.9999961853;26.8148911;27.0875306;-0.01430651;-0.06901427;26.6330000
4205.00040054321;26.8158213;27.0623774;-0.01826755;-0.0404462;26.6330000
4206.00032806396;26.8387080;27.0648808;-0.07412149;-0.01446699;26.6330000
4207.00025558472;26.6670576;26.9993157;-0.199285;-0.05004024;26.6330000
4208.00018310547;26.6289131;26.9127101;-0.01563559;-0.06959525;26.4470000
4209.00011062622;26.6298213;26.8832058;-0.01902835;-0.04348634;26.4470000
4210.00003814697;26.6527080;26.8794508;-0.074185;-0.01953071;26.4470000
4210.99996566772;26.4810576;26.8052430;-0.1983856;-0.05748172;26.4470000
4212.00037002563;26.4429131;26.7109484;-0.01387946;-0.07692167;26.2610000
4213.00029754639;26.4438213;26.6788811;-0.01698666;-0.04756373;26.2610000
4214.00022506714;26.4667080;26.6776890;-0.07242885;-0.01939276;26.2610000
4215.00015258789;26.2950576;26.6083688;-0.197174;-0.05444333;26.2610000
4216.00008010864;26.2569131;26.5183062;-0.01313941;-0.07326192;26.0750000
4217.00000762939;26.2578213;26.4898152;-0.01664506;-0.04408254;26.0750000
4218.0004119873;26.2807080;26.4912457;-0.07237946;-0.01644877;26.0750000
4219.00033950806;26.1090576;26.4235348;-0.1973039;-0.05230458;26.0750000
4220.00026702881;26.0709131;26.3347239;-0.01340878;-0.07168545;25.8900000
4221.00019454956;26.0718384;26.3063521;-0.01697529;-0.04339661;25.8900000
4222.00012207031;26.0946021;26.3066501;-0.07228471;-0.01696216;25.8900000
4223.00004959106;25.9238745;26.2397141;-0.1965833;-0.05186393;25.8900000
4223.99997711182;25.8859351;26.1545391;-0.01402876;-0.0693548;25.7040000
4225.00038146973;25.8868213;26.1289091;-0.0177697;-0.04094374;25.7040000
4226.00030899048;25.9097080;26.1305780;-0.07353066;-0.01518102;25.7040000
4227.00023651123;25.7380576;26.0637016;-0.1985481;-0.0511595;25.7040000
4228.00016403198;25.6999131;25.9760232;-0.01477914;-0.07063635;25.5190000
4229.00009155273;25.7008384;25.9468765;-0.01825931;-0.04352964;25.5190000
4230.00001907349;25.7236021;25.9455056;-0.07338279;-0.01802691;25.5190000
4231.0004234314;25.5528745;25.8746357;-0.197243;-0.05487739;25.5190000
4232.00035095215;25.5149351;25.7824869;-0.01391153;-0.07476941;25.3340000
4233.0002784729;25.5158384;25.7510752;-0.01705586;-0.04644581;25.3340000
4234.00020599365;25.5386021;25.7498831;-0.07219926;-0.01897682;25.3340000
4235.0001335144;25.3678745;25.6795497;-0.1961193;-0.05501473;25.3340000
4236.00006103516;25.3299351;25.5879969;-0.01285418;-0.07436085;25.1490000
4236.99998855591;25.3308384;25.5577774;-0.01613134;-0.04550024;25.1490000
4238.00039291382;25.3536021;25.5576582;-0.07139428;-0.01795298;25.1490000
4239.00032043457;25.1828745;25.4882187;-0.1954139;-0.05399894;25.1490000
4240.00024795532;25.1449351;25.3995270;-0.01246757;-0.07220276;24.9650000
4241.00017547607;25.1458555;25.3727645;-0.01617748;-0.04262715;24.9650000
4242.00010299683;25.1684961;25.3751487;-0.07142055;-0.01536756;24.9650000
4243.00003051758;24.9986914;25.3086896;-0.1950601;-0.05109333;24.9650000
4244.00043487549;24.9609570;25.2201767;-0.01306912;-0.07119357;24.7800000
4245.00036239624;24.9618384;25.1900167;-0.01626942;-0.0443338;24.7800000
4246.00028991699;24.9846021;25.1890034;-0.07143274;-0.01805836;24.7800000
4247.00021743774;24.8138745;25.1212329;-0.1956383;-0.05287702;24.7800000
4248.0001449585;24.7759351;25.0352830;-0.01299747;-0.07014477;24.5960000
4249.00007247925;24.7768555;25.0094146;-0.016807;-0.04137912;24.5960000
4250;24.7994961;25.0104875;-0.07190397;-0.01579372;24.5960000
4251.00040435791;24.6296914;24.9419422;-0.195311;-0.05262694;24.5960000
4252.00033187866;24.5919570;24.8517603;-0.01313415;-0.07270291;24.4120000
4253.00025939941;24.5928555;24.8207659;-0.01628905;-0.04536257;24.4120000
4254.00018692017;24.6154961;24.8191566;-0.07108718;-0.01881651;24.4120000
4255.00011444092;24.4456914;24.7490615;-0.1943216;-0.0547496;24.4120000
4256.00004196167;24.4079570;24.6586413;-0.01211813;-0.07357607;24.2290000
4256.99996948242;24.4088726;24.6303291;-0.01561945;-0.04406944;24.2290000
4258.00037384033;24.4313901;24.6317596;-0.07045749;-0.01648064;24.2290000
4259.00030136108;24.2625083;24.5644660;-0.1932918;-0.05213138;24.2290000
4260.00022888184;24.2249790;24.4757742;-0.01221642;-0.07159997;24.0450000
4261.00015640259;24.2258555;24.4469256;-0.01552692;-0.04367153;24.0450000
4262.00008392334;24.2484961;24.4471044;-0.07052428;-0.01714272;24.0450000
4263.00001144409;24.0786914;24.3779630;-0.1938649;-0.05362209;24.0450000
4264.000415802;24.0409570;24.2873044;-0.01163492;-0.07341935;23.8620000
4265.00034332275;24.0418726;24.2573232;-0.01495029;-0.0450445;23.8620000
4266.00027084351;24.0643901;24.2573232;-0.06962894;-0.01777866;23.8620000
4267.00019836426;23.8955083;24.1899104;-0.19245;-0.05267852;23.8620000
4268.00012588501;23.8579790;24.1041989;-0.01170665;-0.06988434;23.6790000
4269.00005340576;23.8588726;24.0790457;-0.01547646;-0.04071802;23.6790000
4269.99998092651;23.8813901;24.0819664;-0.07048053;-0.01434053;23.6790000
4271.00038528442;23.7125083;24.0173549;-0.1936137;-0.04945662;23.6790000
4272.00031280518;23.6749790;23.9330144;-0.0130231;-0.06786174;23.4970000
4273.00024032593;23.6758896;23.9070863;-0.01675416;-0.0405365;23.4970000
4274.00016784668;23.6982842;23.9075632;-0.07118714;-0.01584051;23.4970000
4275.00009536743;23.5303252;23.8389582;-0.1931631;-0.05263472;23.4970000
4276.00002288818;23.4930010;23.7507433;-0.01307638;-0.07132848;23.3150000
4277.00042724609;23.4938896;23.7235636;-0.0165845;-0.04249102;23.3150000
4278.00035476685;23.5162842;23.7248749;-0.07111045;-0.01599715;23.3150000
4279.0002822876;23.3483252;23.6578197;-0.1932591;-0.05169512;23.3150000
4280.00020980835;23.3110010;23.5707969;-0.01330519;-0.07028229;23.1330000
4281.0001373291;23.3118896;23.5439152;-0.01684651;-0.04198061;23.1330000
4282.00006484985;23.3342842;23.5443921;-0.0712795;-0.016389;23.1330000
4282.99999237061;23.1663252;23.4747738;-0.1931426;-0.05356419;23.1330000
4284.00039672852;23.1290010;23.3848900;-0.01286989;-0.07272878;22.9510000
4285.00032424927;23.1298896;23.3556838;-0.01615223;-0.0442287;22.9510000
4286.00025177002;23.1522842;23.3557434;-0.07053871;-0.0174419;22.9510000
4287.00017929077;22.9843252;23.2883901;-0.1926542;-0.05245983;22.9510000
4288.00010681152;22.9470010;23.1996984;-0.01251429;-0.071706;22.7690000
4289.00003433228;22.9478896;23.1701941;-0.01576341;-0.04405406;22.7690000
4290.00043869019;22.9702842;23.1703729;-0.07016318;-0.01720788;22.7690000
4291.00036621094;22.8023252;23.1042714;-0.1924181;-0.0514781;22.7690000
4292.00029373169;22.7650010;23.0186195;-0.01261692;-0.06943282;22.5880000
4293.00022125244;22.7659067;22.9915590;-0.01618589;-0.04178792;22.5880000
4294.00014877319;22.7881782;22.9916782;-0.07028024;-0.016514;22.5880000
4295.00007629395;22.6211421;22.9235501;-0.1915972;-0.05256375;22.5880000
4296.0000038147;22.5840229;22.8354544;-0.0124592;-0.07127749;22.4080000
4297.00040817261;22.5849238;22.8074402;-0.01588598;-0.04298411;22.4080000
4298.00033569336;22.6070723;22.8078575;-0.06971474;-0.01672992;22.4080000
4299.00026321411;22.4409590;22.7400274;-0.1903527;-0.05251052;22.4080000
4300.00019073486;22.4040449;22.6515741;-0.01211035;-0.07153225;22.2270000
4301.00011825562;22.4049067;22.6236195;-0.01541271;-0.04303772;22.2270000
4302.00004577637;22.4271782;22.6251692;-0.06966644;-0.01604575;22.2270000
4302.99997329712;22.2601421;22.5581140;-0.1911029;-0.05176286;22.2270000
4304.00037765503;22.2230229;22.4709124;-0.01206455;-0.07041932;22.0470000
4305.00030517578;22.2239238;22.4434347;-0.01555111;-0.04238218;22.0470000
4306.00023269653;22.2460723;22.4440307;-0.06939978;-0.0163814;22.0470000
4307.00016021729;22.0799590;22.3760218;-0.1900178;-0.05243279;22.0470000
4308.00008773804;22.0430449;22.2878069;-0.01180203;-0.07132531;21.8680000
4309.00001525879;22.0439409;22.2599716;-0.01521284;-0.04293778;21.8680000
4310.0004196167;22.0659663;22.2603888;-0.0687428;-0.01670326;21.8680000
4311.00034713745;21.9007759;22.1935124;-0.1887748;-0.05180528;21.8680000
4312.0002746582;21.8640669;22.1083374;-0.0118332;-0.06917237;21.6880000
4313.00020217896;21.8649238;22.0833630;-0.01543171;-0.040391;21.6880000
4314.00012969971;21.8870723;22.0855684;-0.06945969;-0.01461735;21.6880000
4315.00005722046;21.7209590;22.0206589;-0.1904231;-0.04975632;21.6880000
4315.99998474121;21.6840449;21.9347686;-0.01246627;-0.06892633;21.5090000
4317.00038909912;21.6849409;21.9074101;-0.0159302;-0.041813;21.5090000
4318.00031661987;21.7069663;21.9066352;-0.06932735;-0.0170885;21.5090000
4319.00024414063;21.5417759;21.8378515;-0.1891468;-0.05326553;21.5090000
4320.00017166138;21.5050669;21.7498154;-0.01188646;-0.07146084;21.3310000
4321.00009918213;21.5059580;21.7230529;-0.01538089;-0.04230795;21.3310000
4322.00002670288;21.5278604;21.7251391;-0.06879801;-0.01538361;21.3310000
4323.00043106079;21.3635928;21.6589779;-0.1881975;-0.05089185;21.3310000
4324.00035858154;21.3270889;21.5736241;-0.01217147;-0.06890116;21.1520000
4325.00028610229;21.3279409;21.5488286;-0.01575399;-0.04017339;21.1520000
4326.00021362305;21.3499663;21.5505571;-0.06943006;-0.01489479;21.1520000
4327.0001411438;21.1847759;21.4824290;-0.1893226;-0.05203412;21.1520000
4328.00006866455;21.1480669;21.3931412;-0.01192276;-0.07181288;20.9750000
4328.9999961853;21.1489751;21.3645310;-0.0152589;-0.04354691;20.9750000
4330.00040054321;21.1707544;21.3647694;-0.06817136;-0.017007;20.9750000
4331.00032806396;21.0074097;21.2985487;-0.1868521;-0.05149847;20.9750000
4332.00025558472;20.9711108;21.2133140;-0.01177475;-0.06915814;20.7970000
4333.00018310547;20.9719580;21.1873264;-0.01518853;-0.0410386;20.7970000
4334.00011062622;20.9938604;21.1878032;-0.06842633;-0.01594078;20.7970000
4335.00003814697;20.8295928;21.1215825;-0.1878192;-0.0509985;20.7970000
4336.00044250488;20.7930889;21.0375995;-0.01194589;-0.06809814;20.6200000
4337.00037002563;20.7939751;21.0140557;-0.01576303;-0.03912636;20.6200000
4338.00029754639;20.8157544;21.0173935;-0.06902082;-0.01349725;20.6200000
4339.00022506714;20.6524097;20.9534974;-0.1879605;-0.04876939;20.6200000
4340.00015258789;20.6161108;20.8682031;-0.01287657;-0.06823166;20.4440000
4341.00008010864;20.6169922;20.8400101;-0.01613977;-0.04203523;20.4440000
4342.00000762939;20.6386484;20.8378644;-0.06848782;-0.01794824;20.4440000
4343.0004119873;20.4762266;20.7675309;-0.1859981;-0.05455996;20.4440000
4344.00033950806;20.4401328;20.6771702;-0.01128512;-0.07344421;20.2670000
4345.00026702881;20.4409751;20.6499309;-0.01452353;-0.04330232;20.2670000
4346.00019454956;20.4627544;20.6526727;-0.06771491;-0.01534073;20.2670000
4347.00012207031;20.2994097;20.5883593;-0.1866081;-0.04982432;20.2670000
4348.00004959106;20.2631108;20.5022902;-0.01143785;-0.06902144;20.0920000
4348.99997711182;20.2640093;20.4754085;-0.01489472;-0.04147469;20.0920000
4350.00038146973;20.2855425;20.4752893;-0.06716976;-0.01645803;20.0920000
4351.00030899048;20.1240434;20.4063863;-0.1841272;-0.05308372;20.0920000
4352.00023651123;20.0881548;20.3169794;-0.01045601;-0.07232329;19.9160000
4353.00016403198;20.0889922;20.2892632;-0.01360537;-0.04320164;19.9160000
4354.00009155273;20.1106484;20.2915878;-0.06645149;-0.01555282;19.9160000
4355.00001907349;19.9482266;20.2276916;-0.184679;-0.04963434;19.9160000
4356.0004234314;19.9121328;20.1423974;-0.01053051;-0.06858875;19.7410000
4357.00035095215;19.9130093;20.1150388;-0.01385078;-0.04164996;19.7410000
4358.0002784729;19.9345425;20.1153965;-0.06617895;-0.01623064;19.7410000
4359.00020599365;19.7730434;20.0488777;-0.183402;-0.05139003;19.7410000
4360.0001335144;19.7371548;19.9640603;-0.01024219;-0.06885013;19.5670000
4361.00006103516;19.7380264;19.9396820;-0.01385859;-0.03991657;19.5670000
4361.99998855591;19.7594365;19.9431390;-0.06623331;-0.01366608;19.5670000
4363.00039291382;19.5988604;19.8794217;-0.1830563;-0.04874157;19.5670000
4364.00032043457;19.5631768;19.7953791;-0.01091828;-0.06734987;19.3930000
4365.00024795532;19.5640264;19.7709412;-0.01444456;-0.03927688;19.3930000
4366.00017547607;19.5854365;19.7736830;-0.06673958;-0.01384402;19.3930000
4367.00010299683;19.4248604;19.7080583;-0.1833501;-0.0499978;19.3930000
4368.00003051758;19.3891768;19.6230025;-0.01109916;-0.06846298;19.2190000
4369.00043487549;19.3900264;19.5988626;-0.01465864;-0.03961267;19.2190000
4370.00036239624;19.4114365;19.6023793;-0.06704;-0.01354309;19.2190000
4371.00028991699;19.2508604;19.5372314;-0.1837036;-0.04962858;19.2190000
4372.00021743774;19.2151768;19.4506855;-0.01128667;-0.0692798;19.0460000
4373.0001449585;19.2160435;19.4233269;-0.01453511;-0.04180473;19.0460000
4374.00007247925;19.2373306;19.4244594;-0.06635203;-0.01577022;19.0460000
4375;19.0776772;19.3577022;-0.1821242;-0.05145369;19.0460000
4376.00040435791;19.0421987;19.2708582;-0.01060949;-0.07019804;18.8740000
4377.00033187866;19.0430605;19.2440958;-0.01388844;-0.04186124;18.8740000
4378.00025939941;19.0642246;19.2462415;-0.06551945;-0.01513247;18.8740000
4379.00018692017;18.9054941;19.1812725;-0.1807786;-0.05006535;18.8740000
4380.00011444092;18.8702207;19.0958590;-0.01035882;-0.06875922;18.7020000
4381.00004196167;18.8710605;19.0698714;-0.0136406;-0.04078184;18.7020000
4382.00044631958;18.8922246;19.0729708;-0.06537788;-0.01409984;18.7020000
4383.00037384033;18.7334941;19.0096707;-0.180823;-0.04860054;18.7020000
4384.00030136108;18.6982207;18.9249725;-0.01048288;-0.06787547;18.5300000
4385.00022888184;18.6990605;18.8974948;-0.01359864;-0.04149444;18.5300000
4386.00015640259;18.7202246;18.8975544;-0.06499723;-0.01626655;18.5300000
4387.00008392334;18.5614941;18.8290686;-0.1798646;-0.05281561;18.5300000
4388.00001144409;18.5262207;18.7395424;-0.00898653;-0.07229726;18.3590000
4389.000415802;18.5270776;18.7109322;-0.01202369;-0.04367041;18.3590000
4390.00034332275;18.5481187;18.7137336;-0.06342896;-0.01532981;18.3590000
4391.00027084351;18.3903110;18.6508507;-0.1782084;-0.04885255;18.3590000
4392.00019836426;18.3552427;18.5686559;-0.009082658;-0.06630135;18.1890000
4393.00012588501;18.3560947;18.5461850;-0.01276794;-0.0378171;18.1890000
4394.00005340576;18.3770127;18.5509533;-0.06409357;-0.01208189;18.1890000
4394.99998092651;18.2201279;18.4862823;-0.1779615;-0.04882963;18.1890000
4396.00038528442;18.1852646;18.4003324;-0.00935295;-0.06855888;18.0190000
4397.00031280518;18.1860947;18.3740468;-0.0125297;-0.04093038;18.0190000
4398.00024032593;18.2070127;18.3767290;-0.06362291;-0.01444769;18.0190000
4399.00016784668;18.0501279;18.3122367;-0.1775108;-0.04953576;18.0190000
4400.00009536743;18.0152646;18.2265849;-0.008935414;-0.06874198;17.8490000
4401.00002288818;18.0160947;18.2005376;-0.01213872;-0.04081764;17.8490000
4402.00042724609;18.0370127;18.2038755;-0.06330498;-0.01395403;17.8490000
4403.00035476685;17.8801279;18.1398005;-0.1772393;-0.04907384;17.8490000
4404.0002822876;17.8452646;18.0551619;-0.008776866;-0.06797126;17.6800000
4405.00020980835;17.8461118;18.0283398;-0.01194142;-0.04110633;17.6800000
4406.0001373291;17.8669067;18.0298299;-0.06260302;-0.01523864;17.6800000
4407.00006484985;17.7109448;17.9648013;-0.175719;-0.05015551;17.6800000
4407.99999237061;17.6762866;17.8782553;-0.007979423;-0.06955998;17.5120000
4409.00039672852;17.6771289;17.8518505;-0.01115455;-0.04135811;17.5120000
4410.00032424927;17.6978008;17.8554864;-0.06175644;-0.01395707;17.5120000
4411.00025177002;17.5427617;17.7919478;-0.1743262;-0.04883355;17.5120000
4412.00017929077;17.5083086;17.7074880;-0.007754578;-0.06770639;17.3440000
4413.00010681152;17.5091289;17.6826925;-0.01102553;-0.03968511;17.3440000
4414.00003433228;17.5298008;17.6868648;-0.06168718;-0.01303219;17.3440000
4415.00043869019;17.3747617;17.6236243;-0.1742902;-0.0482385;17.3440000
4416.00036621094;17.3403086;17.5396413;-0.007771659;-0.06717481;17.1760000
4417.00029373169;17.3411289;17.5153226;-0.01109573;-0.03922674;17.1760000
4418.00022125244;17.3618008;17.5190181;-0.06170426;-0.01320333;17.1760000
4419.00014877319;17.2067617;17.4536914;-0.1740748;-0.04965413;17.1760000
4420.00007629395;17.1723086;17.3669667;-0.007250826;-0.069425;17.0090000
4421.0000038147;17.1731460;17.3403234;-0.01036347;-0.04146604;17.0090000
4422.00040817261;17.1936948;17.3445553;-0.06073298;-0.01362679;17.0090000
4423.00033569336;17.0395786;17.2822089;-0.1727234;-0.04792386;17.0090000
4424.00026321411;17.0053306;17.1970934;-0.007014173;-0.06785676;16.8430000
4425.00019073486;17.0061631;17.1698541;-0.01002451;-0.04121059;16.8430000
4426.00011825562;17.0265889;17.1733708;-0.06001553;-0.01384037;16.8430000
4427.00004577637;16.8733955;17.1116204;-0.1713601;-0.04753315;16.8430000
4427.99997329712;16.8393525;17.0304985;-0.007031391;-0.06526424;16.6780000
4429.00037765503;16.8401802;17.0073719;-0.01046402;-0.03781858;16.6780000
4430.00030517578;16.8604829;17.0120806;-0.06028908;-0.01202151;16.6780000
4431.00023269653;16.7082124;16.9497938;-0.1708617;-0.0472475;16.6780000
4432.00016021729;16.6743745;16.8677182;-0.007362195;-0.06559511;16.5120000
4433.00008773804;16.6751631;16.8453664;-0.01075009;-0.03734521;16.5120000
4434.00001525879;16.6955889;16.8521018;-0.06109973;-0.01050224;16.5120000
4435.0004196167;16.5423955;16.7911262;-0.1725307;-0.04584287;16.5120000
4436.00034713745;16.5083525;16.7083354;-0.008015978;-0.06556927;16.3480000
4437.0002746582;16.5091973;16.6840763;-0.01137;-0.03852203;16.3480000
4438.00020217896;16.5293770;16.6884274;-0.06085642;-0.01246024;16.3480000
4439.00012969971;16.3780293;16.6249485;-0.1705841;-0.04813398;16.3480000
4440.00005722046;16.3443965;16.5409059;-0.007800844;-0.06716266;16.1840000
4440.99998474121;16.3451973;16.5170641;-0.01103439;-0.0388621;16.1840000
4442.00038909912;16.3653770;16.5229649;-0.06069347;-0.01158771;16.1840000
4443.00031661987;16.2140293;16.4602012;-0.1705008;-0.04737064;16.1840000
4444.00024414063;16.1803965;16.3747282;-0.00755821;-0.06783877;16.0210000
4445.00017166138;16.1812144;16.3482637;-0.01054712;-0.04074039;16.0210000
4446.00009918213;16.2012710;16.3519592;-0.0596617;-0.01366727;16.0210000
4447.00002670288;16.0508462;16.2896127;-0.1688033;-0.04776198;16.0210000
4448.00043106079;16.0174185;16.2086100;-0.00729427;-0.06515351;15.8580000
4449.00035858154;16.0182144;16.1873908;-0.01078411;-0.03650123;15.8580000
4450.00028610229;16.0382710;16.1948413;-0.06031707;-0.009775159;15.8580000
4451.00021362305;15.8878462;16.1352367;-0.1697641;-0.0446035;15.8580000
4452.0001411438;15.8544185;16.0553069;-0.008374675;-0.0633776;15.6960000
4453.00006866455;15.8552314;16.0324783;-0.01173279;-0.03688365;15.6960000
4453.9999961853;15.8751650;16.0365314;-0.06058842;-0.01207686;15.6960000
4455.00040054321;15.7256631;15.9734101;-0.1689315;-0.04773686;15.6960000
4456.00032806396;15.6924404;15.8882350;-0.007893077;-0.06779408;15.5340000
4457.00025558472;15.6932314;15.8619494;-0.01078252;-0.04057382;15.5340000
4458.00018310547;15.7131650;15.8662409;-0.05966471;-0.0132226;15.5340000
4459.00011062622;15.5636631;15.8035368;-0.1680543;-0.04794102;15.5340000
4460.00003814697;15.5304404;15.7196135;-0.007155326;-0.06709775;15.3740000
4461.00044250488;15.5312656;15.6939239;-0.01020632;-0.04001046;15.3740000
4462.00037002563;15.5509531;15.6976194;-0.05842453;-0.01338103;15.3740000
4463.00029754639;15.4032969;15.6347961;-0.1653764;-0.0480382;15.3740000
4464.00022506714;15.3704844;15.5517072;-0.006441399;-0.06663461;15.2130000
4465.00015258789;15.3712485;15.5275077;-0.00944387;-0.03891939;15.2130000
4466.00008010864;15.3910591;15.5322165;-0.05807377;-0.01234249;15.2130000
4467.00000762939;15.2424800;15.4692740;-0.1657245;-0.04776266;15.2130000
4468.0004119873;15.2094624;15.3865428;-0.005893928;-0.0662522;15.0540000
4469.00033950806;15.2102827;15.3633565;-0.009187918;-0.03813553;15.0540000
4470.00026702881;15.2298472;15.3693170;-0.05735969;-0.01133227;15.0540000
4471.00019454956;15.0831138;15.3087587;-0.1638517;-0.04583213;15.0540000
4472.00012207031;15.0505064;15.2280540;-0.006117851;-0.06430312;14.8950000
4473.00004959106;15.0512827;15.2064175;-0.009417549;-0.03642437;14.8950000
4473.99997711182;15.0708472;15.2133317;-0.05769558;-0.01008648;14.8950000
4475.00038146973;14.9241138;15.1539654;-0.1643204;-0.0446004;14.8950000
4476.00030899048;14.8915064;15.0733800;-0.006599844;-0.0638341;14.7370000
4477.00023651123;14.8922998;15.0498361;-0.009734597;-0.03741487;14.7370000
4478.00016403198;14.9117412;15.0543065;-0.05744156;-0.01192272;14.7370000
4479.00009155273;14.7659307;14.9933905;-0.1631816;-0.0462076;14.7370000
4480.00001907349;14.7335283;14.9126858;-0.006383164;-0.06448378;14.5790000
4481.0004234314;14.7342998;14.8909301;-0.009633653;-0.03657512;14.5790000
4482.00035095215;14.7537412;14.8976059;-0.05758634;-0.01028259;14.5790000
4483.0002784729;14.6079307;14.8378820;-0.1634592;-0.04492632;14.5790000
4484.00020599365;14.5755283;14.7572369;-0.0066674;-0.0638889;14.4220000
4485.0001335144;14.5763169;14.7357196;-0.009992028;-0.03616523;14.4220000
4486.00006103516;14.5956353;14.7423954;-0.05764592;-0.01014489;14.4220000
4486.99998855591;14.4507476;14.6823735;-0.1627733;-0.04500723;14.4220000
4488.00039291382;14.4185503;14.6021456;-0.006963551;-0.06368247;14.2660000
4489.00032043457;14.4193340;14.5811648;-0.01031204;-0.03580236;14.2660000
4490.00024795532;14.4385293;14.5882577;-0.05771362;-0.009765621;14.2660000
4491.00017547607;14.2945644;14.5283551;-0.1621421;-0.04488236;14.2660000
4492.00010299683;14.2625723;14.4453258;-0.006955696;-0.06540307;14.1100000
4493.00003051758;14.2633340;14.4198150;-0.009715978;-0.03918187;14.1100000
4494.00043487549;14.2825293;14.4235105;-0.05673902;-0.01309647;14.1100000
4495.00036239624;14.1385644;14.3614621;-0.1609284;-0.04739271;14.1100000
4496.00028991699;14.1065723;14.2807574;-0.006001025;-0.06484033;13.9550000
4497.00021743774;14.1073511;14.2591805;-0.009247188;-0.03657547;13.9550000
4498.0001449585;14.1264233;14.2657966;-0.05629686;-0.01036414;13.9550000
4499.00007247925;13.9833814;14.2066688;-0.1600995;-0.04457572;13.9550000
4500;13.9515942;14.1264410;-0.006160685;-0.06352743;13.8010000
4501.00040435791;13.9523682;14.1039700;-0.009271309;-0.03656587;13.8010000
4502.00033187866;13.9713174;14.1101689;-0.0559757;-0.01055429;13.8010000
4503.00025939941;13.8291982;14.0514583;-0.1591126;-0.04430339;13.8010000
4504.00018692017;13.7976162;13.9728994;-0.006295248;-0.06239733;13.6470000
4505.00011444092;13.7983682;13.9516801;-0.009461844;-0.03546213;13.6470000
4506.00004196167;13.8173174;13.9577002;-0.05614632;-0.01029748;13.6470000
4507.00044631958;13.6751982;13.8973803;-0.1591039;-0.04536508;13.6470000
4508.00037384033;13.6436162;13.8148279;-0.005841612;-0.06527422;13.4950000
4509.00030136108;13.6444023;13.7906284;-0.008771318;-0.03822101;13.4950000
4510.00022888184;13.6631055;13.7962312;-0.0548117;-0.01142973;13.4950000
4511.00015640259;13.5228320;13.7361497;-0.1563715;-0.04555748;13.4950000
4512.00008392334;13.4916602;13.6552662;-0.005166078;-0.06427788;13.3420000
4513.00001144409;13.4923853;13.6326165;-0.008053903;-0.0369578;13.3420000
4514.000415802;13.5112114;13.6384577;-0.05441965;-0.0109182;13.3420000
4515.00034332275;13.3700151;13.5776014;-0.1566053;-0.04596259;13.3420000
4516.00027084351;13.3386382;13.4942145;-0.004185495;-0.0659715;13.1910000
4517.00019836426;13.3394194;13.4706111;-0.007145702;-0.03807099;13.1910000
4518.00012588501;13.3579995;13.4775252;-0.0530334;-0.01054561;13.1910000
4519.00005340576;13.2186489;13.4190530;-0.1540603;-0.04423572;13.1910000
4519.99998092651;13.1876821;13.3398981;-0.003982967;-0.06265008;13.0400000
4521.00038528442;13.1884194;13.3193345;-0.007114884;-0.03502242;13.0400000
4522.00031280518;13.2069995;13.3271427;-0.0531022;-0.008984894;13.0400000
4523.00024032593;13.0676489;13.2699222;-0.1542686;-0.04284296;13.0400000
4524.00016784668;13.0366821;13.1903500;-0.004144734;-0.06252456;12.8900000
4525.00009536743;13.0374365;13.1671042;-0.007025382;-0.03666934;12.8900000
4526.00002288818;13.0558936;13.1718726;-0.05237522;-0.0113997;12.8900000
4527.00042724609;12.9174658;13.1123275;-0.1525704;-0.04514365;12.8900000
4528.00035476685;12.8867041;13.0319805;-0.003295714;-0.06383274;12.7410000
4529.0002822876;12.8874536;13.0089135;-0.006160368;-0.03706107;12.7410000
4530.00020980835;12.9057876;13.0143971;-0.0512911;-0.01109856;12.7410000
4531.0001373291;12.7682827;12.9559845;-0.1509002;-0.04434988;12.7410000
4532.00006484985;12.7377261;12.8759951;-0.002600907;-0.0633272;12.5930000
4532.99999237061;12.7384707;12.8541202;-0.005562466;-0.03606136;12.5930000
4534.00039672852;12.7566816;12.8615111;-0.05060693;-0.009490322;12.5930000
4535.00032424927;12.6200996;12.8050060;-0.1497164;-0.04260685;12.5930000
4536.00025177002;12.5897480;12.7272219;-0.002598255;-0.06125595;12.4450000
4537.00017929077;12.5904707;12.7078504;-0.005755241;-0.03379256;12.4450000
4538.00010681152;12.6086816;12.7167314;-0.05096573;-0.007810271;12.4450000
4539.00003433228;12.4720996;12.6606435;-0.1501217;-0.0416887;12.4450000
4540.00043869019;12.4417480;12.5821442;-0.002923851;-0.06146281;12.2980000
4541.00036621094;12.4424878;12.5597329;-0.005789723;-0.03582201;12.2980000
4542.00029373169;12.4605757;12.5640244;-0.05019006;-0.01145387;12.2980000
4543.00022125244;12.3249165;12.5024528;-0.1480228;-0.04650624;12.2980000
4544.00014877319;12.2947700;12.4218077;-0.001521411;-0.06440871;12.1520000
4545.00007629395;12.2955049;12.4019594;-0.00463694;-0.03522002;12.1520000
4546.0000038147;12.3134697;12.4119133;-0.04936938;-0.007648237;12.1520000
4547.00040817261;12.1787334;12.3572559;-0.1472603;-0.0407635;12.1520000
4548.00033569336;12.1487920;12.2808427;-0.002165888;-0.05979342;12.0060000
4549.00026321411;12.1495049;12.2609348;-0.005191287;-0.03364678;12.0060000
4550.00019073486;12.1674697;12.2677893;-0.0495784;-0.009079766;12.0060000
4551.00011825562;12.0327334;12.2104497;-0.1471705;-0.04288796;12.0060000
4552.00004577637;12.0027920;12.1318311;-0.001830345;-0.06194684;11.8610000
4553.00045013428;12.0035220;12.1101946;-0.00471072;-0.0354466;11.8610000
4554.00037765503;12.0213638;12.1169895;-0.0487924;-0.00964298;11.8610000
4555.00030517578;11.8875503;12.0606632;-0.1457852;-0.04247903;11.8610000
4556.00023269653;11.8578140;11.9828195;-0.001466871;-0.06133789;11.7170000
4557.00016021729;11.8585391;11.9620175;-0.004404308;-0.03470304;11.7170000
4558.00008773804;11.8762578;11.9691701;-0.04822706;-0.009166541;11.7170000
4559.00001525879;11.7433672;11.9130821;-0.1445342;-0.04213275;11.7170000
4560.0004196167;11.7138359;11.8356556;-0.001197851;-0.0609726;11.5740000
4561.00034713745;11.7145562;11.8149132;-0.004106009;-0.03455525;11.5740000
4562.0002746582;11.7321519;11.8221253;-0.04763659;-0.009086836;11.5740000
4563.00020217896;11.6001841;11.7652030;-0.1431386;-0.04272414;11.5740000
4564.00012969971;11.5708579;11.6870017;-0.0006513912;-0.06159424;11.4320000
4565.00005722046;11.5715732;11.6669745;-0.003603336;-0.03431636;11.4320000
4565.99998474121;11.5890459;11.6754979;-0.04698122;-0.008223724;11.4320000
4567.00038909912;11.4580010;11.6203041;-0.1419636;-0.04127097;11.4320000
4568.00031661987;11.4288799;11.5434737;-0.0005646339;-0.06024608;11.2900000
4569.00024414063;11.4295732;11.5236849;-0.003459653;-0.03369875;11.2900000
4570.00017166138;11.4470459;11.5318507;-0.0467977;-0.008224344;11.2900000
4571.00009918213;11.3160010;11.4755840;-0.1416606;-0.04200573;11.2900000
4572.00002670288;11.2868799;11.3981576;-0.0001951633;-0.06088912;11.1490000
4573.00043106079;11.2875903;11.3786668;-0.003170957;-0.03370186;11.1490000
4574.00035858154;11.3049399;11.3875478;-0.04628991;-0.007783454;11.1490000
4575.00028610229;11.1748179;11.3330097;-0.1406332;-0.04068509;11.1490000
4576.00021362305;11.1459018;11.2581462;-0.0003888104;-0.05876461;11.0090000
4577.0001411438;11.1466074;11.2408013;-0.003567769;-0.0316282;11.0090000
4578.00006866455;11.1638340;11.2506360;-0.04649418;-0.006425957;11.0090000
4578.9999961853;11.0346348;11.1975283;-0.1402846;-0.03927629;11.0090000
4580.00040054321;11.0059238;11.1222477;-0.0009292727;-0.05859605;10.8700000
4581.00032806396;11.0066245;11.1021609;-0.003766827;-0.03325984;10.8700000
4582.00025558472;11.0237280;11.1091942;-0.04608233;-0.008728897;10.8700000
4583.00018310547;10.8954516;11.0538215;-0.1389082;-0.04154383;10.8700000
4584.00011062622;10.8669458;10.9780044;-0.0004285611;-0.05976256;10.7310000
4585.00003814697;10.8676245;10.9598846;-0.003401789;-0.03242598;10.7310000
4586.00044250488;10.8847280;10.9701365;-0.0460759;-0.006388709;10.7310000
4587.00037002563;10.7564516;10.9185786;-0.1393268;-0.03829377;10.7310000
4588.00029754639;10.7279458;10.8453841;-0.001139371;-0.05697759;10.5940000
4589.00022506714;10.7286587;10.8268470;-0.004161252;-0.03171981;10.5940000
4590.00015258789;10.7455161;10.8345360;-0.04595223;-0.007766244;10.5940000
4591.00008010864;10.6190854;10.7788653;-0.1373205;-0.04141572;10.5940000
4592.00000762939;10.5909897;10.7025713;-0.0006587133;-0.05996529;10.4570000
4593.0004119873;10.5916587;10.6842727;-0.003540177;-0.03262892;10.4570000
4594.00033950806;10.6085161;10.6948226;-0.04564991;-0.006326627;10.4570000
4595.00026702881;10.4820854;10.6424303;-0.1373835;-0.03886437;10.4570000
4596.00019454956;10.4539897;10.5684609;-0.000980665;-0.05765867;10.3210000
4597.00012207031;10.4546758;10.5497450;-0.00386321;-0.03210779;10.3210000
4598.00004959106;10.4714102;10.5580896;-0.04542844;-0.007544947;10.3210000
4599.00045394897;10.3459024;10.5026574;-0.1361111;-0.04119471;10.3210000
4600.00038146973;10.3180117;10.4264230;-0.0003914209;-0.05990961;10.1850000
4601.00030899048;10.3186758;10.4081244;-0.003236976;-0.03263512;10.1850000
4602.00023651123;10.3354102;10.4188531;-0.04506784;-0.006212723;10.1850000
4603.00016403198;10.2099024;10.3664608;-0.1360892;-0.03883552;10.1850000
4604.00009155273;10.1820117;10.2923722;-0.000608596;-0.0577548;10.0510000
4605.00001907349;10.1827100;10.2737159;-0.003509445;-0.03209909;10.0510000
4606.0004234314;10.1991982;10.2822393;-0.04449702;-0.007411879;10.0510000
4607.00035095215;10.0755362;10.2286548;-0.1339611;-0.03991086;10.0510000
4608.0002784729;10.0480557;10.1541490;-0.0003050296;-0.05845892;9.9180000
4609.00020599365;10.0487271;10.1352543;-0.003059919;-0.03247581;9.9180000
4610.0001335144;10.0650923;10.1446122;-0.04384168;-0.006960629;9.9180000
4611.00006103516;9.9423530;10.0926370;-0.1327729;-0.03879103;9.9180000
4611.99998855591;9.9150776;10.0184888;-9.21376E-05;-0.05786079;9.7850000
4613.00039291382;9.9157271;9.9987597;-0.00267056;-0.0327961;9.7850000
4614.00032043457;9.9320923;10.0071043;-0.04333942;-0.00771275;9.7850000
4615.00024795532;9.8093530;9.9550695;-0.132264;-0.03902153;9.7850000
4616.00017547607;9.7820776;9.8817558;0.0003237836;-0.05743923;9.6530000
4617.00010299683;9.7827441;9.8631591;-0.002428392;-0.0319888;9.6530000
4618.00003051758;9.7989863;9.8720401;-0.04285822;-0.007085514;9.6530000
4619.00043487549;9.6771699;9.8186941;-0.1309245;-0.03973619;9.6530000
4620.00036239624;9.6500996;9.7431154;0.0009801583;-0.05904203;9.5220000
4621.00028991699;9.6507612;9.7229094;-0.001556804;-0.0334799;9.5220000
4622.00021743774;9.6668804;9.7319692;-0.04170776;-0.007484324;9.5220000
4623.0001449585;9.5459868;9.6795172;-0.1291615;-0.03931557;9.5220000
4624.00007247925;9.5191216;9.6059055;0.001588566;-0.05765451;9.3920000
4625;9.5197783;9.5882029;-0.00119141;-0.03146541;9.3920000
4626.00040435791;9.5357744;9.5988720;-0.04122289;-0.005772312;9.3920000
4627.00033187866;9.4158037;9.5481486;-0.128157;-0.037611;9.3920000
4628.00025939941;9.3891436;9.4743580;0.001677496;-0.05719034;9.2620000
4629.00018692017;9.3897783;9.4556422;-0.0009061028;-0.03188873;9.2620000
4630.00011444092;9.4057744;9.4658345;-0.04088446;-0.006191662;9.2620000
4631.00004196167;9.2858037;9.4143958;-0.1277389;-0.03819139;9.2620000
4632.00044631958;9.2591436;9.3414397;0.002002646;-0.05683149;9.1340000
4633.00037384033;9.2598125;9.3235583;-0.0007690662;-0.03126107;9.1340000
4634.00030136108;9.2755625;9.3345254;-0.04023616;-0.005465657;9.1340000
4635.00022888184;9.1574375;9.2854113;-0.1259252;-0.03637121;9.1340000
4636.00015640259;9.1311875;9.2139453;0.001779328;-0.05535646;9.0060000
4637.00008392334;9.1318125;9.1956467;-0.0007789158;-0.03098843;9.0060000
4638.00001144409;9.1475625;9.2054218;-0.0401132;-0.006092;9.0060000
4639.000415802;9.0294375;9.1551752;-0.125676;-0.03734383;9.0060000
4640.00034332275;9.0031875;9.0832920;0.002074953;-0.0559169;8.8800000
4641.00027084351;9.0038467;9.0654702;-0.0006315634;-0.03093328;8.8800000
4642.00019836426;9.0193506;9.0762585;-0.03948116;-0.005454873;8.8800000
4643.00012588501;8.9030713;9.0275616;-0.1237923;-0.03611008;8.8800000
4644.00005340576;8.8772314;8.9563341;0.002014697;-0.0550932;8.7540000
4645.00045776367;8.8778467;8.9383931;-0.0005115559;-0.03066045;8.7540000
4646.00038528442;8.8933506;8.9487046;-0.03930803;-0.005605315;8.7540000
4647.00031280518;8.7770713;8.9003057;-0.1236523;-0.03602576;8.7540000
4648.00024032593;8.7512314;8.8296146;0.002094861;-0.05477232;8.6290000
4649.00016784668;8.7518638;8.8122696;-0.0005453699;-0.03016526;8.6290000
4650.00009536743;8.7672446;8.8229984;-0.03908955;-0.005141511;8.6290000
4651.00002288818;8.6518882;8.7740631;-0.1226619;-0.0361672;8.6290000
4652.00042724609;8.6262534;8.7028355;0.002209594;-0.05504532;8.5040000
4653.00035476685;8.6268638;8.6854310;-0.0003405176;-0.03027482;8.5040000
4654.0002822876;8.6422446;8.6966961;-0.03894445;-0.00485908;8.5040000
4655.00020980835;8.5268882;8.6482377;-0.1225699;-0.0357898;8.5040000
4656.0001373291;8.5012534;8.5776658;0.002228503;-0.05451695;8.3810000
4657.00006484985;8.5018979;8.5610957;-0.0005097361;-0.02959068;8.3810000
4657.99999237061;8.5170327;8.5725397;-0.03853601;-0.004533134;8.3810000
4659.00039672852;8.4035220;8.5241408;-0.1207437;-0.03564605;8.3810000
4660.00032424927;8.3782974;8.4531517;0.002230233;-0.05471882;8.2590000
4661.00025177002;8.3789150;8.4359259;-0.0003155558;-0.03006242;8.2590000
4662.00017929077;8.3939268;8.4472507;-0.03802976;-0.004733501;8.2590000
4663.00010681152;8.2813389;8.3993287;-0.1195784;-0.03540808;8.2590000
4664.00003433228;8.2563193;8.3291144;0.002373724;-0.05420071;8.1370000
4665.00043869019;8.2569150;8.3123059;-0.0001350595;-0.02962674;8.1370000
4666.00036621094;8.2719268;8.3243459;-0.03792895;-0.004131728;8.1370000
4667.00029373169;8.1593389;8.2782120;-0.1196768;-0.03399399;8.1370000
4668.00022125244;8.1343193;8.2099647;0.00205615;-0.0524789;8.0170000
4669.00014877319;8.1349492;8.1933350;-0.0005677026;-0.02891305;8.0170000
4670.00007629395;8.1497148;8.2043022;-0.03764449;-0.004502315;8.0170000
4671.0000038147;8.0389727;8.1573338;-0.117875;-0.03467317;8.0170000
4672.00040817261;8.0143633;8.0885500;0.0020468;-0.0530949;7.8970000
4673.00033569336;8.0149492;8.0713243;-0.0003436753;-0.02952161;7.8970000
4674.00026321411;8.0297148;8.0819934;-0.03738725;-0.004927059;7.8970000
4675.00019073486;7.9189727;8.0355615;-0.1176775;-0.0344886;7.8970000
4676.00011825562;7.8943633;7.9671354;0.002204412;-0.05284661;7.7780000
4677.00004577637;7.8949663;7.9505057;-0.0003000423;-0.02906939;7.7780000
4678.00045013428;7.9096089;7.9615325;-0.03708468;-0.004524028;7.7780000
4679.00037765503;7.7997896;7.9161734;-0.1167823;-0.03363952;7.7780000
4680.00030517578;7.7753853;7.8484625;0.002084484;-0.05208894;7.6600000
4681.00023269653;7.7759834;7.8323097;-0.0004371968;-0.02846052;7.6600000
4682.00016021729;7.7905029;7.8432768;-0.0369164;-0.004324465;7.6600000
4683.00008773804;7.6816064;7.7970833;-0.1158089;-0.0341024;7.6600000
4684.00001525879;7.6574072;7.7288360;0.002182203;-0.05253682;7.5430000
4685.0004196167;7.6580005;7.7126236;-0.0002969094;-0.02868574;7.5430000
4686.00034713745;7.6723970;7.7238887;-0.03651051;-0.004211104;7.5430000
4687.0002746582;7.5644233;7.6781721;-0.1147439;-0.03374131;7.5430000
4688.00020217896;7.5404292;7.6104612;0.00225189;-0.05207285;7.4270000
4689.00012969971;7.5410176;7.5951428;-0.000290913;-0.02795463;7.4270000
4690.00005722046;7.5552910;7.6069444;-0.03626551;-0.003620226;7.4270000
4690.99998474121;7.4482402;7.5617046;-0.1138398;-0.0332301;7.4270000
4692.00038909912;7.4244512;7.4939937;0.002220495;-0.05189766;7.3120000
4693.00031661987;7.4250347;7.4781389;-0.000226636;-0.02818722;7.3120000
4694.00024414063;7.4391851;7.4901193;-0.03592236;-0.00357505;7.3120000
4695.00017166138;7.3330571;7.4454755;-0.1128509;-0.03282031;7.3120000
4696.00009918213;7.3094732;7.3791356;0.002121203;-0.05094495;7.1980000
4697.00002670288;7.3100518;7.3638172;-0.0003497838;-0.02757017;7.1980000
4698.00043106079;7.3240791;7.3754996;-0.03571352;-0.00353656;7.1980000
4699.00035858154;7.2188740;7.3308558;-0.1119299;-0.03275335;7.1980000
4700.00028610229;7.1954951;7.2645158;0.002106758;-0.05092685;7.0840000
4701.00021362305;7.1960518;7.2490186;-0.0002608057;-0.02765825;7.0840000
4702.0001411438;7.2100791;7.2604626;-0.03559798;-0.003699176;7.0840000
4703.00006866455;7.1048740;7.2165937;-0.1119007;-0.03232625;7.0840000
4703.9999961853;7.0814951;7.1510286;0.002049623;-0.05034443;6.9720000
4705.00040054321;7.0820859;7.1352930;-0.000386538;-0.02759718;6.9720000
4706.00032806396;7.0958672;7.1463197;-0.03507962;-0.003895428;6.9720000
4707.00025558472;6.9925078;7.1032853;-0.1100509;-0.0318181;6.9720000
4708.00018310547;6.9695391;7.0388526;0.00190226;-0.04953391;6.8610000
4709.00011062622;6.9701030;7.0233554;-0.0004410637;-0.02711988;6.8610000
4710.00003814697;6.9837612;7.0341438;-0.03480881;-0.003855031;6.8610000
4711.00044250488;6.8813247;6.9915266;-0.1091144;-0.0314828;6.8610000
4712.00037002563;6.8585610;6.9267959;0.001936501;-0.04958082;6.7500000
4713.00029754639;6.8591030;6.9105835;-0.0002436433;-0.027658;6.7500000
4714.00022506714;6.8727612;6.9198221;-0.03443872;-0.005040536;6.7500000
4715.00015258789;6.7703247;6.8750591;-0.1085052;-0.03328877;6.7500000
4716.00008010864;6.7475610;6.8079443;0.002811307;-0.05172721;6.6400000
4717.00000762939;6.7481201;6.7901821;0.0007562637;-0.02934995;6.6400000
4718.0004119873;6.7616553;6.7995399;-0.0331533;-0.005546242;6.6400000
4719.00033950806;6.6601416;6.7554326;-0.1065806;-0.03309203;6.6400000
4720.00026702881;6.6375830;6.6892714;0.003694131;-0.05104333;6.5320000
4721.00019454956;6.6381543;6.6729397;0.001468046;-0.02817487;6.5320000
4722.00012207031;6.6514434;6.6834301;-0.03197013;-0.004414449;6.5320000
4723.00004959106;6.5517754;6.6406340;-0.1041192;-0.03183502;6.5320000
4724.00045394897;6.5296270;6.5760226;0.004111966;-0.04962426;6.4240000
4725.00038146973;6.5301543;6.5602274;0.001993079;-0.02733311;6.4240000
4726.00030899048;6.5434434;6.5707773;-0.03145172;-0.00409079;6.4240000
4727.00023651123;6.4437754;6.5273256;-0.1035277;-0.03210539;6.4240000
4728.00016403198;6.4216270;6.4619393;0.004789752;-0.05013854;6.3170000
4729.00009155273;6.4221714;6.4456076;0.002683067;-0.02783846;6.3170000
4730.00001907349;6.4353374;6.4565152;-0.03050281;-0.004012494;6.3170000
4731.0004234314;6.3365923;6.4143748;-0.1020127;-0.03123301;6.3170000
4732.00035095215;6.3146489;6.3506574;0.005183336;-0.04885094;6.2110000
4733.0002784729;6.3151885;6.3354582;0.002986391;-0.02666476;6.2110000
4734.00020599365;6.3282314;6.3467234;-0.02994054;-0.003334123;6.2110000
4735.0001335144;6.2304092;6.3058347;-0.1008777;-0.03009572;6.2110000
4736.00006103516;6.2086709;6.2439651;0.005176981;-0.04733434;6.1060000
4736.99998855591;6.2092056;6.2294216;0.002942895;-0.02572028;6.1060000
4738.00039291382;6.2221255;6.2404483;-0.02965867;-0.003115416;6.1060000
4739.00032043457;6.1252261;6.1996789;-0.09989691;-0.02991829;6.1060000
4740.00024795532;6.1036929;6.1377496;0.00522892;-0.04732631;6.0020000
4741.00017547607;6.1042227;6.1221928;0.003143649;-0.02634819;6.0020000
4742.00010299683;6.1170195;6.1323851;-0.02906616;-0.003875081;6.0020000
4743.00003051758;6.0210430;6.0920329;-0.09863869;-0.02993135;6.0020000
4744.00043487549;5.9997148;6.0309977;0.005452036;-0.04677396;5.8990000
4745.00036239624;6.0002397;6.0165138;0.003283134;-0.02545786;5.8990000
4746.00028991699;6.0129136;6.0274213;-0.02870756;-0.003110271;5.8990000
4747.00021743774;5.9178599;5.9879036;-0.09766085;-0.02909869;5.8990000
4748.0001449585;5.8967368;5.9275240;0.005421332;-0.04604705;5.7970000
4749.00007247925;5.8972568;5.9132189;0.003268417;-0.02506705;5.7970000
4750;5.9098076;5.9237092;-0.02837701;-0.003236762;5.7970000
4751.00040435791;5.8156768;5.8841915;-0.09661811;-0.0291698;5.7970000
4752.00033187866;5.7947588;5.8236928;0.00554187;-0.04617262;5.6950000
4753.00025939941;5.7952568;5.8096857;0.003439242;-0.02493728;5.6950000
4754.00018692017;5.8078076;5.8205932;-0.02825266;-0.00291097;5.6950000
4755.00011444092;5.7136768;5.7808966;-0.09647384;-0.02916125;5.6950000
4756.00004196167;5.6927588;5.7199211;0.005739268;-0.04643203;5.5950000
4757.00044631958;5.6932910;5.7060332;0.003528212;-0.02494889;5.5950000
4758.00037384033;5.7055957;5.7177752;-0.02765909;-0.002398859;5.5950000
4759.00030136108;5.6133106;5.6789727;-0.09455549;-0.02838881;5.5950000
4760.00022888184;5.5928027;5.6191296;0.005660471;-0.04547444;5.4960000
4761.00015640259;5.5933081;5.6049437;0.003602027;-0.02482442;5.4960000
4762.00008392334;5.6054897;5.6151360;-0.02711383;-0.003328588;5.4960000
4763.00001144409;5.5141274;5.5752010;-0.09317185;-0.02938695;5.4960000
4764.000415802;5.4938247;5.5142850;0.006228179;-0.0465617;5.3970000
4765.00034332275;5.4943081;5.4989667;0.004379387;-0.02589549;5.3970000
4766.00027084351;5.5064897;5.5085033;-0.02626341;-0.004097171;5.3970000
4767.00019836426;5.4151274;5.4683895;-0.09230152;-0.02977404;5.3970000
4768.00012588501;5.3948247;5.4084272;0.006992258;-0.04612217;5.3000000
4769.00005340576;5.3953423;5.3938241;0.004968633;-0.0252958;5.3000000
4770.00045776367;5.4072778;5.4043740;-0.02518949;-0.003234596;5.3000000
4771.00038528442;5.3177612;5.3656311;-0.08995593;-0.02851556;5.3000000
4772.00031280518;5.2978686;5.3069205;0.007327394;-0.04488597;5.2030000
4773.00024032593;5.2983423;5.2929730;0.005397713;-0.02440271;5.2030000
4774.00016784668;5.3102778;5.3035229;-0.02476041;-0.002918085;5.2030000
4775.00009536743;5.2207612;5.2659721;-0.08965967;-0.02759582;5.2030000
4776.00002288818;5.2008686;5.2081556;0.007524034;-0.04403163;5.1080000
4777.00042724609;5.2013765;5.1941485;0.005505846;-0.02418204;5.1080000
4778.00035476685;5.2130659;5.2036851;-0.02394179;-0.003484715;5.1080000
4779.0002822876;5.1253950;5.1664323;-0.08744988;-0.02760799;5.1080000
4780.00020980835;5.1059126;5.1092715;0.007789825;-0.04364021;5.0130000
4781.0001373291;5.1063765;5.0955624;0.005905401;-0.02382731;5.0130000
4782.00006484985;5.1180659;5.1059335;-0.02363521;-0.002819991;5.0130000
4782.99999237061;5.0303950;5.0692172;-0.08720308;-0.02701278;5.0130000
4784.00039672852;5.0109126;5.0130100;0.007930377;-0.04282858;4.9200000
4785.00032424927;5.0114106;5.0002546;0.005844536;-0.02295908;4.9200000
4786.00025177002;5.0228540;5.0108045;-0.02311841;-0.002402834;4.9200000
4787.00017929077;4.9370288;4.9751014;-0.08537477;-0.02614377;4.9200000
4788.00010681152;4.9179565;4.9199671;0.007768168;-0.0418787;4.8270000
4789.00003433228;4.9184106;4.9072117;0.005849316;-0.02259412;4.8270000
4790.00043869019;4.9298540;4.9170464;-0.02303394;-0.00268004;4.8270000
4791.00036621094;4.8440288;4.8805685;-0.08520397;-0.02674728;4.8270000
4792.00029373169;4.8249565;4.8245997;0.008031937;-0.04258773;4.7350000
4793.00022125244;4.8254277;4.8116655;0.006085434;-0.02299567;4.7350000
4794.00014877319;4.8367480;4.8220962;-0.02256545;-0.002475186;4.7350000
4795.00007629395;4.7518457;4.7857971;-0.08404319;-0.02654698;4.7350000
4796.0000038147;4.7329785;4.7306032;0.0081709;-0.04204916;4.6450000
4797.00040817261;4.7334619;4.7184437;0.006126416;-0.02233732;4.6450000
4798.00033569336;4.7445361;4.7294706;-0.02199331;-0.001849946;4.6450000
4799.00026321411;4.6614795;4.6937675;-0.08211306;-0.02590665;4.6450000
4800.00019073486;4.6430225;4.6394677;0.008130441;-0.04126749;4.5550000
4801.00011825562;4.6434619;4.6276659;0.006213076;-0.02184969;4.5550000
4802.00004577637;4.6545361;4.6389311;-0.0219332;-0.001552901;4.5550000
4803.00045013428;4.5714795;4.6035261;-0.08208618;-0.02562066;4.5550000
4804.00037765503;4.5530225;4.5502991;0.008037809;-0.04051991;4.4660000
4805.00030517578;4.5534790;4.5387358;0.006046297;-0.02146084;4.4660000
4806.00023269653;4.5644302;4.5496434;-0.02176134;-0.001602122;4.4660000
4807.00016021729;4.4822964;4.5134635;-0.08111579;-0.02605043;4.4660000
4808.00008773804;4.4640444;4.4594020;0.008165682;-0.04114744;4.3780000
4809.00001525879;4.4644961;4.4473023;0.006269857;-0.02197828;4.3780000
4810.0004196167;4.4753242;4.4586271;-0.02128548;-0.001539098;4.3780000
4811.00034713745;4.3941133;4.4237585;-0.08007382;-0.02521896;4.3780000
4812.0002746582;4.3760664;4.3716044;0.008059644;-0.03973819;4.2910000
4813.00020217896;4.3765132;4.3603986;0.006100136;-0.02094208;4.2910000
4814.00012969971;4.3872183;4.3716639;-0.02114978;-0.001217514;4.2910000
4815.00005722046;4.3069302;4.3372721;-0.07927905;-0.02476627;4.2910000
4816.00046157837;4.2890884;4.2855949;0.0078658;-0.03927757;4.2050000
4817.00038909912;4.2895303;4.2743891;0.005942203;-0.0207799;4.2050000
4818.00031661987;4.3001123;4.2849988;-0.02093588;-0.001537899;4.2050000
4819.00024414063;4.2207471;4.2510838;-0.07840608;-0.02455899;4.2050000
4820.00017166138;4.2031104;4.2000026;0.007736888;-0.03886111;4.1200000
4821.00009918213;4.2035474;4.1884989;0.005882395;-0.02083129;4.1200000
4822.00002670288;4.2140063;4.1987508;-0.02065704;-0.001793303;4.1200000
4823.00043106079;4.1355640;4.1649551;-0.07742832;-0.02453427;4.1200000
4824.00035858154;4.1181323;4.1144104;0.007719372;-0.03853586;4.0360000
4825.00028610229;4.1185645;4.1033835;0.005847679;-0.02043689;4.0360000
4826.00021362305;4.1289004;4.1141122;-0.02044608;-0.001310175;4.0360000
4827.0001411438;4.0513809;4.0807337;-0.07655166;-0.02404936;4.0360000
4828.00006866455;4.0341543;4.0310235;0.007567576;-0.03784086;3.9530000
4828.9999961853;4.0345815;4.0203542;0.005691941;-0.0199789;3.9530000
4830.00040054321;4.0447944;4.0307849;-0.02026982;-0.001333;3.9530000
4831.00032806396;3.9681978;3.9973468;-0.07565656;-0.02408486;3.9530000
4832.00025558472;3.9511763;3.9479346;0.007493994;-0.03764487;3.8710000
4833.00018310547;3.9515986;3.9376230;0.005614419;-0.01971109;3.8710000
4834.00011062622;3.9616885;3.9477557;-0.02001535;-0.001371788;3.8710000
4835.00003814697;3.8860146;3.9143772;-0.07469655;-0.0240816;3.8710000
4836.00044250488;3.8691982;3.8646073;0.007558381;-0.03790443;3.7900000
4837.00037002563;3.8696157;3.8546532;0.005674897;-0.01957267;3.7900000
4838.00029754639;3.8795825;3.8653224;-0.01971586;-0.0009244643;3.7900000
4839.00022506714;3.8048315;3.8322420;-0.07371806;-0.02371523;3.7900000
4840.00015258789;3.7882202;3.7819953;0.0076545;-0.03802712;3.7100000
4841.00008010864;3.7886328;3.7719220;0.005820209;-0.01964123;3.7100000
4842.00000762939;3.7984766;3.7835449;-0.01937801;-0.000352155;3.7100000
4843.0004119873;3.7246484;3.7520141;-0.07284068;-0.02253917;3.7100000
4844.00033950806;3.7082422;3.7031383;0.007443664;-0.03673403;3.6310000
4845.00026702881;3.7086499;3.6933034;0.005618723;-0.01899843;3.6310000
4846.00019454956;3.7183706;3.7046283;-0.01924751;-0.0003144023;3.6310000
4847.00012207031;3.6454653;3.6727399;-0.07195814;-0.02275896;3.6310000
4848.00004959106;3.6292642;3.6241025;0.007364166;-0.03663597;3.5520000
4849.00045394897;3.6296499;3.6151021;0.005529734;-0.01845879;3.5520000
4850.00038146973;3.6393706;3.6266654;-0.01936306;3.291143E-05;3.5520000
4851.00030899048;3.5664653;3.5944790;-0.07204049;-0.02284326;3.5520000
4852.00023651123;3.5502642;3.5450072;0.007374784;-0.03720952;3.4750000
4853.00016403198;3.5506841;3.5347551;0.005584665;-0.01940648;3.4750000
4854.00009155273;3.5601587;3.5460204;-0.01867735;-0.000491955;3.4750000
4855.00001907349;3.4890991;3.5150857;-0.07006984;-0.02222291;3.4750000
4856.0004234314;3.4733081;3.4671635;0.007301803;-0.0360429;3.3990000
4857.00035095215;3.4737012;3.4580439;0.005504915;-0.018277;3.3990000
4858.0002784729;3.4830527;3.4697264;-0.0185048;0.0001936733;3.3990000
4859.00020599365;3.4129160;3.4396262;-0.06927806;-0.02143088;3.3990000
4860.0001335144;3.3973301;3.3925385;0.007065118;-0.0352539;3.3240000
4861.00006103516;3.3977183;3.3831805;0.005330703;-0.01814017;3.3240000
4862.00046539307;3.4069468;3.3942669;-0.0183138;-0.0001199305;3.3240000
4863.00039291382;3.3377329;3.3644647;-0.06840807;-0.02130003;3.3240000
4864.00032043457;3.3223521;3.3179135;0.00693985;-0.03489536;3.2490000
4865.00024795532;3.3227183;3.3090323;0.005235798;-0.01773889;3.2490000
4866.00017547607;3.3319468;3.3201188;-0.01840872;2.884952E-05;3.2490000
4867.00010299683;3.2627329;3.2906146;-0.06853619;-0.02102422;3.2490000
4868.00003051758;3.2473521;3.2440037;0.006818383;-0.03485335;3.1760000
4869.00043487549;3.2477524;3.2341093;0.00513206;-0.01835946;3.1760000
4870.00036239624;3.2567349;3.2443613;-0.01782188;-0.000677696;3.1760000
4871.00028991699;3.1893667;3.2153935;-0.06658473;-0.02088315;3.1760000
4872.00021743774;3.1743960;3.1702132;0.006739474;-0.03397885;3.1030000
4873.0001449585;3.1747524;3.1614512;0.005093966;-0.01735172;3.1030000
4874.00007247925;3.1837349;3.1724185;-0.01793967;0.0001449192;3.1030000
4875;3.1163667;3.1439871;-0.06676228;-0.02022874;3.1030000
4876.00040435791;3.1013960;3.0986876;0.006575201;-0.03381582;3.0320000
4877.00033187866;3.1017866;3.0889124;0.004947432;-0.01790833;3.0320000
4878.00025939941;3.1105229;3.0990451;-0.01739565;-0.0005781149;3.0320000
4879.00018692017;3.0450005;3.0714483;-0.06488685;-0.01988095;3.0320000
4880.00011444092;3.0304399;3.0279965;0.0063738;-0.03259688;2.9610000
4881.00004196167;3.0307866;3.0195921;0.004760284;-0.01663064;2.9610000
4882.00044631958;3.0395229;3.0297845;-0.01758945;-6.206182E-05;2.9610000
4883.00037384033;2.9740005;3.0017705;-0.06503417;-0.01997469;2.9610000
4884.00030136108;2.9594399;2.9571862;0.006352664;-0.03332156;2.8910000
4885.00022888184;2.9598037;2.9477089;0.004811115;-0.01756633;2.8910000
4886.00015640259;2.9684170;2.9573649;-0.01718006;-0.0007235532;2.8910000
4887.00008392334;2.9038174;2.9300065;-0.06398563;-0.01972332;2.8910000
4888.00001144409;2.8894619;2.8869123;0.006299695;-0.03233731;2.8230000
4889.000415802;2.8898379;2.8786868;0.004607011;-0.01646503;2.8230000
4890.00034332275;2.8982051;2.8885811;-0.01681313;-0.0001755184;2.8230000
4891.00027084351;2.8354512;2.8612823;-0.06220095;-0.01951569;2.8230000
4892.00019836426;2.8215059;2.8177113;0.006266535;-0.03254617;2.7550000
4893.00012588501;2.8218379;2.8084725;0.004853723;-0.0171211;2.7550000
4894.00005340576;2.8302051;2.8182477;-0.01655315;-0.0004912119;2.7550000
4895.00045776367;2.7674512;2.7916641;-0.06202066;-0.01917197;2.7550000
4896.00038528442;2.7535059;2.7494640;0.006294088;-0.03160622;2.6880000
4897.00031280518;2.7538550;2.7416557;0.00467432;-0.01593948;2.6880000
4898.00024032593;2.7620991;2.7519673;-0.01649353;0.0002570717;2.6880000
4899.00016784668;2.7002681;2.7251453;-0.06122227;-0.01906025;2.6880000
4900.00009536743;2.6865278;2.6823492;0.006223381;-0.03194477;2.6220000
4901.00002288818;2.6868721;2.6737660;0.004725874;-0.01651982;2.6220000
4902.00042724609;2.6949932;2.6838392;-0.01611662;-7.913505E-05;2.6220000
4903.00035476685;2.6340850;2.6577324;-0.06021285;-0.01872398;2.6220000
4904.0002822876;2.6205498;2.6164264;0.006131294;-0.03087988;2.5580000
4905.00020980835;2.6209062;2.6090353;0.004489293;-0.01539002;2.5580000
4906.0001373291;2.6287812;2.6192873;-0.01577554;0.0004311703;2.5580000
4907.00006484985;2.5697188;2.5936575;-0.05850052;-0.01818665;2.5580000
4908.00046920776;2.5565938;2.5523514;0.005972677;-0.03072541;2.4940000
4909.00039672852;2.5569062;2.5438875;0.004617178;-0.01599963;2.4940000
4910.00032424927;2.5647812;2.5535434;-0.01558124;-0.000161502;2.4940000
4911.00025177002;2.5057188;2.5279135;-0.05830621;-0.01841724;2.4940000
4912.00017929077;2.4925938;2.4872632;0.006093922;-0.03037447;2.4310000
4913.00010681152;2.4929233;2.4796933;0.004591241;-0.01534897;2.4310000
4914.00003433228;2.5006753;2.4900645;-0.01538808;0.0005338456;2.4310000
4915.00043869019;2.4425356;2.4651498;-0.05748055;-0.01765332;2.4310000
4916.00036621094;2.4296157;2.4247379;0.005957535;-0.03000648;2.3690000
4917.00029373169;2.4299404;2.4166912;0.004543901;-0.0154641;2.3690000
4918.00022125244;2.4375693;2.4268240;-0.01511008;0.0003643965;2.3690000
4919.00014877319;2.3803525;2.4029226;-0.05660325;-0.01704068;2.3690000
4920.00007629395;2.3676377;2.3641796;0.005713418;-0.02873789;2.3070000
4921.0000038147;2.3679404;2.3572057;0.004263742;-0.014362;2.3070000
4922.00040817261;2.3755693;2.3669809;-0.01535039;0.0004997253;2.3070000
4923.00033569336;2.3183525;2.3423643;-0.05676388;-0.01745784;2.3070000
4924.00026321411;2.3056377;2.3026080;0.005665686;-0.02954589;2.2470000
4925.00019073486;2.3059746;2.2945612;0.004240402;-0.01531772;2.2470000
4926.00011825562;2.3133574;2.3038596;-0.01472303;-0.0001214763;2.2470000
4927.00004577637;2.2579863;2.2807927;-0.05488478;-0.01661305;2.2470000
4928.00045013428;2.2456816;2.2431225;0.005441378;-0.02802006;2.1880000
4929.00037765503;2.2459917;2.2357315;0.004062437;-0.01437966;2.1880000
4930.00030517578;2.2532515;2.2446722;-0.01456235;1.747401E-06;2.1880000
4931.00023269653;2.1988032;2.2214264;-0.05399198;-0.01664028;2.1880000
4932.00016021729;2.1867036;2.1836371;0.005411974;-0.02812847;2.1300000
4933.00008773804;2.1870088;2.1759480;0.004102158;-0.01459902;2.1300000
4934.00001525879;2.1941455;2.1848291;-0.0142172;-8.049802E-05;2.1300000
4935.0004196167;2.1406201;2.1623582;-0.05302096;-0.01615878;2.1300000
4936.00034713745;2.1287256;2.1259398;0.005294762;-0.02714803;2.0720000
4937.0002746582;2.1290088;2.1188468;0.004002017;-0.01389268;2.0720000
4938.00020217896;2.1361455;2.1276682;-0.01431069;9.923604E-05;2.0720000
4939.00012969971;2.0826201;2.1051974;-0.05311446;-0.01605304;2.0720000
4940.00005722046;2.0707256;2.0683617;0.005247755;-0.02735747;2.0160000
4941.00046157837;2.0710430;2.0609110;0.003899715;-0.01420574;2.0160000
4942.00038909912;2.0779336;2.0692557;-0.0137623;-0.0002913629;2.0160000
4943.00031661987;2.0262539;2.0476193;-0.05123464;-0.01563578;2.0160000
4944.00024414063;2.0147695;2.0122737;0.005090575;-0.0263166;1.9600000
4945.00017166138;2.0150430;2.0054787;0.003836464;-0.01340711;1.9600000
4946.00009918213;2.0219336;2.0138234;-0.01382555;-1.776686E-05;1.9600000
4947.00002670288;1.9702539;1.9917101;-0.05124476;-0.01581396;1.9600000
4948.00043106079;1.9587695;1.9557685;0.005146863;-0.02675025;1.9060000
4949.00035858154;1.9590771;1.9484968;0.003850706;-0.01388425;1.9060000
4950.00028610229;1.9657217;1.9569009;-0.01322033;-0.0001442571;1.9060000
4951.00021362305;1.9158877;1.9360394;-0.04935462;-0.01503107;1.9060000
4952.0001411438;1.9048135;1.9017667;0.004980092;-0.02547547;1.8520000
4953.00006866455;1.9050771;1.8951505;0.003777872;-0.01299493;1.8520000
4954.00047302246;1.9117217;1.9033164;-0.01326663;4.05829E-05;1.8520000
4955.00040054321;1.8618877;1.8818588;-0.0493345;-0.0153746;1.8520000
4956.00032806396;1.8508135;1.8469901;0.005066619;-0.0259892;1.7990000
4957.00025558472;1.8510942;1.8400758;0.003850039;-0.01338232;1.7990000
4958.00018310547;1.8576157;1.8484801;-0.01292224;4.952241E-05;1.7990000
4959.00011062622;1.8087046;1.8277378;-0.04835761;-0.0149222;1.7990000
4960.00003814697;1.7978354;1.7935843;0.005028334;-0.02540782;1.7470000
4961.00044250488;1.7981113;1.7872661;0.003781262;-0.01280702;1.7470000
4962.00037002563;1.8045098;1.7959088;-0.01271878;0.0003995585;1.7470000
4963.00029754639;1.7565215;1.7758221;-0.04751501;-0.01435857;1.7470000
4964.00022506714;1.7458574;1.7425627;0.004835837;-0.02460483;1.6960000
4965.00015258789;1.7461284;1.7363041;0.003618037;-0.01243201;1.6960000
4966.00008010864;1.7524038;1.7447680;-0.0125633;0.00044138;1.6960000
4967.00000762939;1.7053384;1.7248005;-0.04666061;-0.01423423;1.6960000
4968.0004119873;1.6948794;1.6916604;0.004741466;-0.0245067;1.6460000
4969.00033950806;1.6951455;1.6854614;0.003552937;-0.01240027;1.6460000
4970.00026702881;1.7012979;1.6936272;-0.01229639;0.0002652362;1.6460000
4971.00019454956;1.6551553;1.6737790;-0.04569479;-0.01418602;1.6460000
4972.00012207031;1.6449014;1.6411752;0.004712039;-0.02418139;1.5970000
4973.00004959106;1.6451626;1.6350358;0.003552782;-0.01222372;1.5970000
4974.00045394897;1.6511919;1.6432017;-0.01199777;0.0003137247;1.5970000
4975.00038146973;1.6059722;1.6240091;-0.04475702;-0.01376127;1.5970000
4976.00030899048;1.5959233;1.5922398;0.004621344;-0.02354616;1.5480000
4977.00023651123;1.5961626;1.5863985;0.003512371;-0.01182487;1.5480000
4978.00016403198;1.6021919;1.5943259;-0.01201161;0.0003349579;1.5480000
4979.00009155273;1.5569722;1.5748353;-0.04473766;-0.01393083;1.5480000
4980.00001907349;1.5469233;1.5428872;0.00466063;-0.02370815;1.5010000
4981.0004234314;1.5471968;1.5368670;0.003476442;-0.01196725;1.5010000
4982.00035095215;1.5529800;1.5450328;-0.01147652;0.0004456842;1.5010000
4983.0002784729;1.5096060;1.5269727;-0.04293755;-0.01294744;1.5010000
4984.00020599365;1.4999673;1.4964552;0.004430372;-0.02249565;1.4540000
4985.0001335144;1.5001968;1.4907926;0.003373314;-0.01132516;1.4540000
4986.00006103516;1.5059800;1.4987796;-0.01155973;0.0005746018;1.4540000
4987.00046539307;1.4626060;1.4803023;-0.04297428;-0.01315364;1.4540000
4988.00039291382;1.4529673;1.4495463;0.004420222;-0.02272495;1.4090000
4989.00032043457;1.4532310;1.4439434;0.003261364;-0.01137492;1.4090000
4990.00024795532;1.4587681;1.4518708;-0.01106746;0.0005269613;1.4090000
4991.00017547607;1.4172397;1.4346451;-0.04119708;-0.01231954;1.4090000
4992.00010299683;1.4080112;1.4053196;0.004167079;-0.02163438;1.3640000
4993.00003051758;1.4082310;1.3998955;0.003155283;-0.01089626;1.3640000
4994.00043487549;1.4137681;1.4073461;-0.01112041;0.0003868156;1.3640000
4995.00036239624;1.3722397;1.3898820;-0.04122347;-0.01250848;1.3640000
4996.00028991699;1.3630112;1.3606162;0.004134032;-0.02164627;1.3200000
4997.00021743774;1.3632480;1.3550132;0.003094584;-0.01099605;1.3200000
4998.0001449585;1.3686621;1.3624638;-0.01088232;0.0003687742;1.3200000
4999.00007247925;1.3280566;1.3454766;-0.04032631;-0.01216942;1.3200000
5000;1.3190332;1.3169856;0.004009388;-0.02106702;1.2770000
5001.00040435791;1.3192651;1.3115018;0.002992572;-0.0107462;1.2770000
5002.00033187866;1.3245562;1.3185352;-0.01063905;0.0001834533;1.2770000
5003.00025939941;1.2848735;1.3020844;-0.03943062;-0.01188082;1.2770000
5004.00018692017;1.2760552;1.2744278;0.003876633;-0.02048941;1.2350000
5005.00011444092;1.2762822;1.2689441;0.002895718;-0.0105364;1.2350000
5006.00004196167;1.2814502;1.2756794;-0.01040391;0.0001170448;1.2350000
5007.00044631958;1.2426904;1.2595863;-0.03852312;-0.01160853;1.2350000
5008.00037384033;1.2340771;1.2327046;0.003762295;-0.01993344;1.1930000
5009.00030136108;1.2342822;1.2273401;0.002851597;-0.0102616;1.1930000
5010.00022888184;1.2394502;1.2340158;-0.01044139;0.0001615721;1.1930000
5011.00015640259;1.2006904;1.2178034;-0.03854731;-0.0116768;1.1930000
5012.00008392334;1.1920771;1.1905045;0.00378459;-0.02023079;1.1530000
5013.00001144409;1.1923164;1.1849612;0.002798665;-0.01049802;1.1530000
5014.000415802;1.1972383;1.1914581;-0.009876817;-3.9948E-05;1.1530000
5015.00034332275;1.1603242;1.1764974;-0.03669781;-0.01094383;1.1530000
5016.00027084351;1.1521211;1.1506290;0.003603746;-0.01911677;1.1130000
5017.00019836426;1.1523164;1.1454433;0.00274495;-0.009885757;1.1130000
5018.00012588501;1.1572383;1.1519402;-0.009930531;0.0001846241;1.1130000
5019.00005340576;1.1203242;1.1368007;-0.0367316;-0.01094568;1.1130000
5020.00045776367;1.1121211;1.1108727;0.003576593;-0.01916851;1.0750000
5021.00038528442;1.1123506;1.1057466;0.00261601;-0.009880771;1.0750000
5022.00031280518;1.1170264;1.1119455;-0.009428689;1.514745E-05;1.0750000
5023.00024032593;1.0819580;1.0976405;-0.03489834;-0.01039726;1.0750000
5024.00016784668;1.0741650;1.0729641;0.003399426;-0.01820883;1.0370000
5025.00009536743;1.0743506;1.0680765;0.002579253;-0.009376514;1.0370000
5026.00002288818;1.0790264;1.0741561;-0.009452154;0.0001282753;1.0370000
5027.00042724609;1.0439580;1.0597319;-0.03490853;-0.01042243;1.0370000
5028.00035476685;1.0361650;1.0350556;0.003389231;-0.01822363;0.9990000
5029.0002822876;1.0363506;1.0300487;0.002582351;-0.009443282;0.9990000
5030.00020980835;1.0410264;1.0358900;-0.009422506;-1.730125E-05;0.9990000
5031.0001373291;1.0059580;1.0212273;-0.03485231;-0.01060751;0.9990000
5032.00006484985;0.9981650;0.9965510;0.003445453;-0.01829138;0.9630000
5033.00046920776;0.9983848;0.9916037;0.002536783;-0.009428014;0.9630000
5034.00039672852;1.0028145;0.9975642;-0.008883773;5.72544E-05;0.9630000
5035.00032424927;0.9695918;0.9841532;-0.03302864;-0.009752235;0.9630000
5036.00025177002;0.9622090;0.9610266;0.00322549;-0.0170843;0.9280000
5037.00017929077;0.9624019;0.9563774;0.002403006;-0.008840777;0.9280000
5038.00010681152;0.9667085;0.9619802;-0.008678913;5.135158E-05;0.9280000
5039.00003433228;0.9344087;0.9488077;-0.03213815;-0.009570308;0.9280000
5040.00043869019;0.9272310;0.9261579;0.003127375;-0.01672676;0.8930000
5041.00036621094;0.9274019;0.9217471;0.002361815;-0.008552407;0.8930000
5042.00029373169;0.9317085;0.9271711;-0.008700183;6.578514E-05;0.8930000
5043.00022125244;0.8994087;0.9138197;-0.03213949;-0.009671991;0.8930000
5044.00014877319;0.8922310;0.8908124;0.003165869;-0.01699071;0.8590000
5045.00007629395;0.8924189;0.8861631;0.002379297;-0.008799808;0.8590000
5046.0000038147;0.8966025;0.8915871;-0.008383905;-5.300923E-05;0.8590000
5047.00040817261;0.8652256;0.8786530;-0.03115751;-0.009442205;0.8590000
5048.00033569336;0.8582529;0.8563609;0.003132677;-0.01647424;0.8260000
5049.00026321411;0.8584360;0.8520096;0.002348826;-0.00842563;0.8260000
5050.00019073486;0.8624966;0.8574337;-0.008115591;7.473713E-05;0.8260000
5051.00011825562;0.8320425;0.8448572;-0.03021684;-0.009154412;0.8260000
5052.00004577637;0.8252749;0.8231015;0.003078092;-0.01605523;0.7940000
5053.00045013428;0.8254531;0.8189291;0.002310221;-0.008162694;0.7940000
5054.00037765503;0.8293906;0.8244723;-0.007868681;0.000281016;0.7940000
5055.00030517578;0.7998594;0.8123130;-0.02930421;-0.008795114;0.7940000
5056.00023269653;0.7932969;0.7911534;0.002988823;-0.01559541;0.7620000
5057.00016021729;0.7934531;0.7871002;0.002291158;-0.007930876;0.7620000
5058.00008773804;0.7973906;0.7925838;-0.007881104;0.0003452599;0.7620000
5059.00001525879;0.7678594;0.7803053;-0.02930336;-0.008820371;0.7620000
5060.0004196167;0.7612969;0.7590861;0.002996322;-0.01561478;0.7320000
5061.00034713745;0.7614873;0.7551521;0.002190227;-0.007855182;0.7320000
5062.0002746582;0.7651787;0.7604569;-0.007364534;0.0002360944;0.7320000
5063.00020217896;0.7374932;0.7490725;-0.02746201;-0.008229841;0.7320000
5064.00012969971;0.7313408;0.7291050;0.002827232;-0.01466662;0.7020000
5065.00005722046;0.7314873;0.7252902;0.002174841;-0.007464128;0.7020000
5066.00046157837;0.7351787;0.7305354;-0.00737328;0.0003495674;0.7020000
5067.00038909912;0.7074932;0.7189722;-0.02745084;-0.008316825;0.7020000
5068.00031661987;0.7013408;0.6989450;0.002845059;-0.01476754;0.6730000
5069.00024414063;0.7015044;0.6951302;0.002145093;-0.007510426;0.6730000
5070.00017166138;0.7050728;0.7001966;-0.00708431;0.0002350478;0.6730000
5071.00009918213;0.6783101;0.6892294;-0.02651608;-0.007928236;0.6730000
5072.00002670288;0.6723628;0.6699771;0.002757996;-0.01412571;0.6440000
5073.00043106079;0.6725044;0.6663412;0.002121584;-0.00715437;0.6440000
5074.00035858154;0.6760728;0.6714076;-0.007107818;0.0003513631;0.6440000
5075.00028610229;0.6493101;0.6603212;-0.02652631;-0.007974774;0.6440000
5076.00021362305;0.6433628;0.6410093;0.002754408;-0.01419573;0.6170000
5077.0001411438;0.6435386;0.6372541;0.002036141;-0.007258991;0.6170000
5078.00006866455;0.6468608;0.6421417;-0.006575772;0.0002015927;0.6170000
5079.00047302246;0.6219438;0.6319494;-0.02466949;-0.007401183;0.6170000
5080.00040054321;0.6164067;0.6141872;0.002567604;-0.01310155;0.5900000
5081.00032806396;0.6165386;0.6110281;0.001949904;-0.006515626;0.5900000
5082.00025558472;0.6198608;0.6157964;-0.006648717;0.0004167879;0.5900000
5083.00018310547;0.5949438;0.6056041;-0.02474243;-0.007299984;0.5900000
5084.00011062622;0.5894067;0.5877823;0.002501299;-0.01308703;0.5640000
5085.00003814697;0.5895557;0.5843848;0.001862587;-0.006648639;0.5640000
5086.00044250488;0.5927549;0.5889743;-0.006417316;0.0002635191;0.5640000
5087.00037002563;0.5687607;0.5791993;-0.02384534;-0.007052652;0.5640000
5088.00029754639;0.5634287;0.5620927;0.002383229;-0.01255819;0.5380000
5089.00022506714;0.5635557;0.5588740;0.001808082;-0.00633917;0.5380000
5090.00015258789;0.5667549;0.5634039;-0.006465181;0.0003560688;0.5380000
5091.00008010864;0.5427607;0.5532713;-0.02385336;-0.007228147;0.5380000
5092.00000762939;0.5374287;0.5359263;0.002401769;-0.01278146;0.5140000
5093.0004119873;0.5375898;0.5325883;0.001744755;-0.00651597;0.5140000
5094.00033950806;0.5405430;0.5368203;-0.005897726;0.0001259074;0.5140000
5095.00026702881;0.5183945;0.5277605;-0.02198103;-0.006577892;0.5140000
5096.00019454956;0.5134727;0.5119652;0.002230462;-0.0116293;0.4900000
5097.00012207031;0.5135898;0.5091041;0.001687286;-0.005786066;0.4900000
5098.00004959106;0.5165430;0.5132764;-0.005948543;0.0003491922;0.4900000
5099.00045394897;0.4943945;0.5040378;-0.02201193;-0.006613106;0.4900000
5100.00038146973;0.4894727;0.4880042;0.002226117;-0.01180339;0.4660000
5101.00030899048;0.4895898;0.4849642;0.001702873;-0.00598438;0.4660000
5102.00023651123;0.4925430;0.4891366;-0.005932967;0.0002421161;0.4660000
5103.00016403198;0.4703945;0.4800171;-0.02200963;-0.006565393;0.4660000
5104.00009155273;0.4654727;0.4641027;0.002215142;-0.01167236;0.4440000
5105.00001907349;0.4656240;0.4612416;0.001576818;-0.005839346;0.4440000
5106.0004234314;0.4683311;0.4654735;-0.005468071;0.0003440935;0.4440000
5107.00035095215;0.4480283;0.4573674;-0.02023325;-0.005806177;0.4440000
5108.0002784729;0.4435166;0.4429431;0.001954523;-0.0105604;0.4220000
5109.00020599365;0.4436240;0.4403203;0.001456632;-0.005300722;0.4220000
5110.0001335144;0.4463311;0.4439562;-0.005521853;0.0001883744;0.4220000
5111.00006103516;0.4260283;0.4353137;-0.02022726;-0.006193988;0.4220000
5112.00046539307;0.4215166;0.4204125;0.002013641;-0.01097031;0.4010000
5113.00039291382;0.4216411;0.4173131;0.001521277;-0.005749275;0.4010000
5114.00032043457;0.4242251;0.4210084;-0.00516504;5.734125E-05;0.4010000
5115.00024795532;0.4048452;0.4132003;-0.01925122;-0.005691324;0.4010000
5116.00017547607;0.4005386;0.3992528;0.001947948;-0.01025532;0.3800000
5117.00010299683;0.4006411;0.3968090;0.001466025;-0.005090889;0.3800000
5118.00003051758;0.4032251;0.4003256;-0.005200382;0.0002003807;0.3800000
5119.00043487549;0.3838452;0.3922791;-0.01925999;-0.00581009;0.3800000
5120.00036239624;0.3795386;0.3782720;0.001945809;-0.0103099;0.3610000
5121.00028991699;0.3796753;0.3756493;0.001388671;-0.005217835;0.3610000
5122.00021743774;0.3820132;0.3791660;-0.004680167;0.0001756405;0.3610000
5123.0001449585;0.3644790;0.3721327;-0.01742828;-0.005106433;0.3610000
5124.00007247925;0.3605825;0.3596158;0.00174052;-0.009200885;0.3420000
5125.00047683716;0.3606753;0.3572911;0.001317163;-0.004634801;0.3420000
5126.00040435791;0.3630132;0.3603905;-0.004705181;0.0001287409;0.3420000
5127.00033187866;0.3454790;0.3530592;-0.01742009;-0.005288139;0.3420000
5128.00025939941;0.3415825;0.3406019;0.001742068;-0.00920848;0.3230000
5129.00018692017;0.3416753;0.3382176;0.001325353;-0.004662742;0.3230000
5130.00011444092;0.3440132;0.3414958;-0.004716913;0.0002312516;0.3230000
5131.00004196167;0.3264790;0.3342838;-0.01744511;-0.005165748;0.3230000
5132.00044631958;0.3225825;0.3216476;0.001736977;-0.009277105;0.3050000
5133.00037384033;0.3226924;0.3193229;0.001266046;-0.004660052;0.3050000
5134.00030136108;0.3249072;0.3225416;-0.004470805;0.0001861595;0.3050000
5135.00022888184;0.3082959;0.3157467;-0.01653327;-0.004892706;0.3050000
5136.00015640259;0.3046045;0.3038854;0.001626995;-0.008728023;0.2880000
5137.00008392334;0.3047095;0.3015607;0.001191977;-0.004448966;0.2880000
5138.00001144409;0.3068013;0.3045410;-0.004219517;0.0001211069;0.2880000
5139.000415802;0.2911128;0.2983422;-0.01563621;-0.004492174;0.2880000
5140.00034332275;0.2876265;0.2873153;0.001495611;-0.008072635;0.2720000
5141.00027084351;0.2877266;0.2852887;0.001063291;-0.004065029;0.2720000
5142.00019836426;0.2896953;0.2880305;-0.004022845;0.0001022647;0.2720000
5143.00012588501;0.2749297;0.2820105;-0.01474726;-0.0043535;0.2720000
5144.00005340576;0.2716484;0.2714009;0.001402576;-0.007802062;0.2560000
5145.00045776367;0.2717266;0.2693742;0.001053765;-0.003967543;0.2560000
5146.00038528442;0.2736953;0.2720564;-0.004025731;0.000134003;0.2560000
5147.00031280518;0.2589297;0.2660365;-0.01475015;-0.004321992;0.2560000
5148.00024032593;0.2556484;0.2555461;0.001386398;-0.007680322;0.2400000
5149.00016784668;0.2557266;0.2534598;0.001044228;-0.003947356;0.2400000
5150.00009536743;0.2576953;0.2559632;-0.004015347;7.428906E-06;0.2400000
5151.00002288818;0.2429297;0.2497644;-0.01471984;-0.004488628;0.2400000
5152.00042724609;0.2396484;0.2392144;0.001423355;-0.007824854;0.2260000
5153.00035476685;0.2397607;0.2371281;0.000986026;-0.004014087;0.2260000
5154.0002822876;0.2414834;0.2395123;-0.003462676;-9.16041E-05;0.2260000
5155.00020980835;0.2285635;0.2343268;-0.01285567;-0.003833729;0.2260000
5156.0001373291;0.2256924;0.2253861;0.001237252;-0.006649092;0.2110000
5157.00006484985;0.2257437;0.2237171;0.0009679862;-0.003345245;0.2110000
5158.00046920776;0.2275894;0.2259224;-0.00375958;3.80847E-05;0.2110000
5159.00039672852;0.2137466;0.2199621;-0.01377845;-0.004271867;0.2110000
5160.00032424927;0.2106704;0.2100081;0.001362854;-0.007375414;0.1980000
5161.00025177002;0.2107778;0.2079815;0.000954786;-0.003820469;0.1980000
5162.00017929077;0.2123774;0.2103060;-0.00318848;-4.33868E-05;0.1980000
5163.00010681152;0.2003804;0.2055378;-0.01191577;-0.003475571;0.1980000
5164.00003433228;0.1977144;0.1971931;0.001175269;-0.006139853;0.1850000
5165.00043869019;0.1977778;0.1957029;0.0008744093;-0.003061071;0.1850000
5166.00036621094;0.1993774;0.1977294;-0.003235654;4.036734E-05;0.1850000
5167.00029373169;0.1873804;0.1926632;-0.01192974;-0.003625437;0.1850000
5168.00022125244;0.1847144;0.1841993;0.001174579;-0.006266611;0.1720000
5169.00014877319;0.1847778;0.1827687;0.0008670781;-0.003072744;0.1720000
5170.00007629395;0.1863774;0.1850337;-0.003269559;0.0002037534;0.1720000
5171.00048065186;0.1743804;0.1798482;-0.01195036;-0.00365251;0.1720000
5172.00040817261;0.1717144;0.1713843;0.001153966;-0.006275905;0.1600000
5173.00033569336;0.1717949;0.1698346;0.0008121618;-0.003144676;0.1600000
5174.00026321411;0.1732715;0.1718014;-0.002992455;-4.155211E-05;0.1600000
5175.00019073486;0.1621973;0.1673312;-0.01104076;-0.003283838;0.1600000
5176.00011825562;0.1597363;0.1596422;0.001041734;-0.005699536;0.1490000
5177.00004577637;0.1598120;0.1582117;0.0007225723;-0.002880523;0.1490000
5178.00045013428;0.1611655;0.1600593;-0.002769979;1.65571E-06;0.1490000
5179.00037765503;0.1510142;0.1557083;-0.01011936;-0.003133722;0.1490000
5180.00030517578;0.1487583;0.1485557;0.0009678856;-0.005331798;0.1380000
5181.00023269653;0.1488120;0.1473635;0.0007056591;-0.002606428;0.1380000
5182.00016021729;0.1501655;0.1492113;-0.002786914;0.0001091634;0.1380000
5183.00008773804;0.1400142;0.1448602;-0.01013628;-0.003074612;0.1380000
5184.00001525879;0.1377583;0.1376481;0.0009575906;-0.005325751;0.1280000
5185.0004196167;0.1378291;0.1364559;0.0006477901;-0.002590445;0.1280000
5186.00034713745;0.1390596;0.1381248;-0.002526055;2.942497E-05;0.1280000
5187.0002746582;0.1298311;0.1340718;-0.009196445;-0.002882798;0.1280000
5188.00020217896;0.1277803;0.1276345;0.0008756196;-0.004813438;0.1180000
5189.00012969971;0.1278291;0.1265615;0.0006360245;-0.002335812;0.1180000
5190.00005722046;0.1290596;0.1281112;-0.00252454;2.543346E-05;0.1180000
5191.00046157837;0.1198311;0.1240582;-0.00919493;-0.002882517;0.1180000
5192.00038909912;0.1177803;0.1176805;0.0008704944;-0.004772343;0.1090000
5193.00031661987;0.1178462;0.1167267;0.0005700444;-0.002245161;0.1090000
5194.00024414063;0.1189536;0.1181572;-0.002278454;-1.168503E-05;0.1090000
5195.00017166138;0.1106479;0.1145215;-0.008283149;-0.002609259;0.1090000
5196.00009918213;0.1088022;0.1086206;0.0007936709;-0.004403096;0.1000000
5197.00002670288;0.1088462;0.1077860;0.0005634374;-0.002038729;0.1000000
5198.00043106079;0.1099536;0.1091569;-0.002278421;3.7406E-05;0.1000000
5199.00035858154;0.1016479;0.1054020;-0.008269835;-0.002669695;0.1000000
5200.00028610229;0.0998022;0.0996203;0.0007937043;-0.004358653;0.0920000
5201.00021362305;0.0998633;0.0987857;0.0005158969;-0.00202459;0.0920000
5202.0001411438;0.1008477;0.1000970;-0.002020525;-1.776914E-07;0.0920000
5203.00006866455;0.0934648;0.0968785;-0.007359512;-0.00228882;0.0920000
5204.00047302246;0.0918242;0.0916333;0.0007087695;-0.003895989;0.0840000
5205.00040054321;0.0918633;0.0909179;0.0005011675;-0.001783911;0.0840000
5206.00032806396;0.0928477;0.0921100;-0.002021974;1.910649E-05;0.0840000
5207.00025558472;0.0854648;0.0886530;-0.007334387;-0.002434919;0.0840000
5208.00018310547;0.0838242;0.0834674;0.0007272537;-0.003908782;0.0760000
5209.00011062622;0.0838633;0.0827521;0.0005196405;-0.001795549;0.0760000
5210.00003814697;0.0848477;0.0840038;-0.002010141;4.108376E-05;0.0760000
5211.00044250488;0.0774648;0.0804872;-0.007315915;-0.002474354;0.0760000
5212.00037002563;0.0758242;0.0752420;0.0007523672;-0.003955683;0.0690000
5213.00029754639;0.0758804;0.0745266;0.0004971912;-0.00181969;0.0690000
5214.00022506714;0.0767417;0.0757783;-0.001733806;5.347823E-05;0.0690000
5215.00015258789;0.0702817;0.0727386;-0.006380512;-0.002138501;0.0690000
5216.00008010864;0.0688462;0.0683875;0.0006526696;-0.003323722;0.0630000
5217.00048446655;0.0688975;0.0679701;0.0004002036;-0.001421956;0.0630000
5218.0004119873;0.0696357;0.0689834;-0.001505447;4.141349E-05;0.0630000
5219.00033950806;0.0640986;0.0663609;-0.005486434;-0.001817619;0.0630000
5220.00026702881;0.0628682;0.0625462;0.0005515015;-0.002869916;0.0570000
5221.00019454956;0.0628975;0.0622481;0.0003692295;-0.001190149;0.0570000
5222.00012207031;0.0636357;0.0632018;-0.001529781;7.186602E-05;0.0570000
5223.00004959106;0.0580986;0.0603408;-0.005484195;-0.001989914;0.0570000
5224.00045394897;0.0568682;0.0564069;0.0005670219;-0.003032205;0.0510000
5225.00038146973;0.0568975;0.0560492;0.0003913905;-0.00129235;0.0510000
5226.00030899048;0.0576357;0.0570029;-0.00150762;2.323375E-05;0.0510000
5227.00023651123;0.0520986;0.0542612;-0.005475326;-0.001909651;0.0510000
5228.00016403198;0.0508682;0.0503869;0.0005692503;-0.002944634;0.0460000
5229.00009155273;0.0509146;0.0500291;0.000346056;-0.001249479;0.0460000
5230.00001907349;0.0515298;0.0509232;-0.001247518;2.212448E-05;0.0460000
5231.0004234314;0.0469155;0.0486583;-0.004556157;-0.00157227;0.0460000
5232.00035095215;0.0458901;0.0454993;0.0004732294;-0.002416875;0.0410000
5233.0002784729;0.0459146;0.0453800;0.0003069596;-0.0008954948;0.0410000
5234.00020599365;0.0465298;0.0461548;-0.001273323;9.302877E-05;0.0410000
5235.0001335144;0.0419155;0.0437111;-0.00456204;-0.001647912;0.0410000
5236.00006103516;0.0408901;0.0403733;0.0004872681;-0.002543465;0.0360000
5237.00046539307;0.0409146;0.0401348;0.0003342792;-0.001055126;0.0360000
5238.00039291382;0.0415298;0.0409692;-0.001252643;6.108004E-05;0.0360000
5239.00032043457;0.0369155;0.0384659;-0.00453472;-0.001697156;0.0360000
5240.00024795532;0.0358901;0.0352473;0.0005013067;-0.002510495;0.0320000
5241.00017547607;0.0359316;0.0351876;0.0002808113;-0.0009303756;0.0320000
5242.00010299683;0.0364238;0.0359028;-0.0009940347;3.311407E-05;0.0320000
5243.00003051758;0.0327324;0.0339360;-0.003623685;-0.001372658;0.0320000
5244.00043487549;0.0319121;0.0314922;0.0003905342;-0.001922464;0.0280000
5245.00036239624;0.0319316;0.0314325;0.0002535252;-0.0006921164;0.0280000
5246.00028991699;0.0324238;0.0322073;-0.001027961;0.0001558779;0.0280000
5247.00021743774;0.0287324;0.0300617;-0.00363769;-0.001408227;0.0280000
5248.0001449585;0.0279121;0.0274987;0.00038981;-0.002011947;0.0240000
5249.00007247925;0.0279316;0.0274390;0.0002528009;-0.0007427272;0.0240000
5250.00047683716;0.0284238;0.0282138;-0.001028685;0.0001316101;0.0240000
5251.00040435791;0.0247324;0.0261874;-0.003651696;-0.001336823;0.0240000
5252.00033187866;0.0239121;0.0236244;0.0003758048;-0.001975792;0.0210000
5253.00025939941;0.0239487;0.0236243;0.0001845813;-0.0006925794;0.0210000
5254.00018692017;0.0243179;0.0243395;-0.0007914691;0.000117105;0.0210000
5255.00011444092;0.0215493;0.0226707;-0.002742131;-0.001083583;0.0210000
5256.00004196167;0.0209341;0.0207038;0.0002834719;-0.001526406;0.0180000
5257.00044631958;0.0209487;0.0208229;0.0001624538;-0.00045528;0.0180000
5258.00037384033;0.0213179;0.0213593;-0.0007936751;0.0001072954;0.0180000
5259.00030136108;0.0185493;0.0196309;-0.002737697;-0.001130356;0.0180000
5260.00022888184;0.0179341;0.0177831;0.0002746365;-0.001488393;0.0150000
5261.00015640259;0.0179487;0.0179022;0.0001536184;-0.0004378847;0.0150000
5262.00008392334;0.0183179;0.0184983;-0.0008091622;0.0001414819;0.0150000
5263.00048828125;0.0155493;0.0167102;-0.002746532;-0.001149496;0.0150000
5264.000415802;0.0149341;0.0148029;0.0002724305;-0.001528872;0.0130000
5265.00034332275;0.0149658;0.0148624;0.0001104789;-0.000498149;0.0130000
5266.00027084351;0.0152119;0.0153392;-0.0005402251;3.732592E-05;0.0130000
5267.00019836426;0.0133662;0.0141472;-0.001831809;-0.0007849319;0.0130000
5268.00012588501;0.0129561;0.0130148;0.0001653348;-0.000914357;0.0110000
5269.00005340576;0.0129658;0.0133723;5.366711E-05;-0.0001028758;0.0110000
5270.00045776367;0.0132119;0.0134916;-0.0005572051;-4.106955E-05;0.0110000
5271.00038528442;0.0113662;0.0120611;-0.001822216;-0.0009521015;0.0110000
5272.00031280518;0.0109561;0.0108690;0.0001815795;-0.00102449;0.0090000
5273.00024032593;0.0109658;0.0112265;6.991178E-05;-0.0001400435;0.0090000
5274.00016784668;0.0112119;0.0114650;-0.0005542414;2.759251E-05;0.0090000
5275.00009536743;0.0093662;0.0100345;-0.001819252;-0.0009088617;0.0090000
5276.00002288818;0.0089561;0.0089020;0.0001779027;-0.0009517747;0.0070000
5277.00042724609;0.0089658;0.0092596;6.622386E-05;-9.764484E-05;0.0070000
5278.00035476685;0.0092119;0.0094981;-0.0005579293;5.948082E-05;0.0070000
5279.0002822876;0.0073662;0.0080080;-0.001816299;-0.0009250548;0.0070000
5280.00020980835;0.0069561;0.0068755;0.0001808552;-0.000977507;0.0060000
5281.0001373291;0.0069829;0.0072330;2.161364E-05;-0.0001328509;0.0060000
5282.00006484985;0.0071060;0.0074119;-0.0002971034;9.968785E-07;0.0060000
5283.00046920776;0.0061831;0.0064582;-0.0009030467;-0.0006191983;0.0060000
5284.00039672852;0.0059780;0.0061006;7.22777E-05;-0.0004128283;0.0050000
5285.00032424927;0.0059829;0.0066370;-2.339904E-05;0.0001785549;0.0050000
5286.00025177002;0.0061060;0.0064582;-0.0003022621;-9.330513E-05;0.0050000
5287.00017929077;0.0051831;0.0056238;-0.0009214975;-0.0005376805;0.0050000
5288.00010681152;0.0049780;0.0053854;4.054599E-05;-0.0003115467;0.0040000
5289.00003433228;0.0049829;0.0058621;-4.847913E-05;0.0001639887;0.0040000
5290.00043869019;0.0051060;0.0056238;-0.0003207128;-0.0001139168;0.0040000
5291.00036621094;0.0041831;0.0048489;-0.0009465776;-0.000515962;0.0040000
5292.00029373169;0.0039780;0.0047296;2.196073E-06;-0.0002170712;0.0030000
5293.00022125244;0.0039829;0.0051468;-8.01997E-05;0.0001710871;0.0030000
5294.00014877319;0.0041060;0.0047893;-0.0003391524;-0.0002031029;0.0030000
5295.00007629395;0.0031831;0.0041337;-0.0009783093;-0.0004803462;0.0030000
5296.00048065186;0.0029780;0.0040144;-2.953564E-05;-0.0002366172;0.0020000
5297.00040817261;0.0029829;0.0043720;-0.0001052909;9.868056E-05;0.0020000
5298.00033569336;0.0031060;0.0041337;-0.0003775246;-0.0001452567;0.0020000
5299.00026321411;0.0021831;0.0034184;-0.00101003;-0.0005075464;0.0020000
5300.00019073486;0.0019780;0.0032395;-5.461572E-05;-0.0002567582;0.0010000
5301.00011825562;0.0019829;0.0035375;-0.0001237305;7.638716E-05;0.0010000
5302.00004577637;0.0021060;0.0033588;-0.0004026047;-0.00011731;0.0010000
5303.00045013428;0.0011831;0.0026435;-0.00103511;-0.0004890605;0.0010000
5304.00037765503;0.0009780;0.0022859;-5.97855E-05;-0.0003675301;0.0010000
5305.00030517578;0.0010000;0.0025838;-0.0001764631;3.660239E-05;0.0010000
5306.00023269653;0.0010000;0.0024051;-0.0001565528;-0.0001229491;0.0010000
5307.00016021729;0.0010000;0.0022263;-0.0001366313;-0.0001336202;0.0010000
5308.00008773804;0.0010000;0.0024050;-0.0001565416;6.523991E-05;0.0010000
5309.00001525879;0.0010000;0.0024646;-0.0001631821;4.865565E-05;0.0010000
5310.0004196167;0.0010000;0.0022263;-0.0001366313;-0.000110524;0.0010000
5311.00034713745;0.0010000;0.0023454;-0.0001499012;5.691402E-05;0.0010000
5312.0002746582;0.0010000;0.0024050;-0.0001565416;4.831428E-05;0.0000000
5313.00020217896;0.0009829;0.0022263;-8.905739E-05;-0.0001053561;0.0000000
5314.00012969971;0.0011060;0.0022858;-0.0003944712;5.950398E-06;0.0000000
5315.00005722046;0.0001831;0.0020475;-0.001080123;-0.0001767545;0.0000000
5316.00046157837;-0.0000220;0.0018686;-0.0001247085;-0.0001319682;0.0000000
5317.00038909912;0.0000000;0.0021070;-0.0002347567;8.135893E-05;0.0000000
5318.00031661987;0.0000000;0.0018687;-0.000208206;-0.0001473645;0.0000000
5319.00024414063;0.0000000;0.0016899;-0.0001882845;-0.0001519211;0.0000000
5320.00017166138;0.0000000;0.0018090;-0.0002015543;1.566686E-05;0.0000000
5321.00009918213;0.0000000;0.0018686;-0.0002081948;2.933483E-05;0.0000000
5322.00002670288;0.0000000;0.0016899;-0.0001882845;-7.83636E-05;0.0000000
5323.00043106079;0.0000000;0.0017494;-0.0001949138;2.234712E-05;0.0000000
5324.00035858154;0.0000000;0.0018686;-0.0002081948;7.118233E-05;0.0000000
5325.00028610229;0.0000000;0.0016899;-0.0001882845;-7.782356E-05;0.0000000
5326.00021362305;0.0000000;0.0016303;-0.000181644;-5.973019E-05;0.0000000
5327.0001411438;0.0000000;0.0018090;-0.0002015543;8.886055E-05;0.0000000
5328.00006866455;0.0000000;0.0017495;-0.000194925;-1.825599E-05;0.0000000
5329.00047302246;0.0000000;0.0016303;-0.000181644;-7.220291E-05;0.0000000
5330.00040054321;0.0000000;0.0017494;-0.0001949138;5.785537E-05;0.0000000
5331.00032806396;0.0000000;0.0017494;-0.0001949138;2.25488E-05;0.0000000
5332.00025558472;0.0000000;0.0016303;-0.000181644;-5.037401E-05;0.0000000
5333.00018310547;0.0000000;0.0016898;-0.0001882733;2.737936E-05;0.0000000
5334.00011062622;0.0000000;0.0017494;-0.0001949138;3.680331E-05;0.0000000
5335.00003814697;0.0000000;0.0016303;-0.000181644;-5.883599E-05;0.0000000
5336.00044250488;0.0000000;0.0016302;-0.0001816329;3.825543E-06;0.0000000
5337.00037002563;0.0000000;0.0016898;-0.0001882733;3.456475E-05;0.0000000
5338.00029754639;0.0000000;0.0016898;-0.0001882733;1.347142E-05;0.0000000
5339.00022506714;0.0000000;0.0015707;-0.0001750035;-4.733829E-05;0.0000000
5340.00015258789;0.0000000;0.0016302;-0.0001816329;7.638683E-06;0.0000000
5341.00008010864;0.0000000;0.0016302;-0.0001816329;2.977134E-06;0.0000000
5342.00048446655;0.0000000;0.0015707;-0.0001750035;-2.818926E-05;0.0000000
5343.0004119873;0.0000000;0.0016302;-0.0001816329;3.080215E-05;0.0000000
5344.00033950806;0.0000000;0.0016302;-0.0001816329;1.200496E-05;0.0000000
5345.00026702881;0.0000000;0.0015707;-0.0001750035;-2.467071E-05;0.0000000
5346.00019454956;0.0000000;0.0015707;-0.0001750035;-9.615271E-06;0.0000000
5347.00012207031;0.0000000;0.0015707;-0.0001750035;-3.747498E-06;0.0000000
5348.00004959106;0.0000000;0.0015707;-0.0001750035;-1.460566E-06;0.0000000
5349.00045394897;0.0000000;0.0015707;-0.0001750035;-5.692474E-07;0.0000000
5350.00038146973;0.0000000;0.0015707;-0.0001750035;-2.218609E-07;0.0000000
5351.00030899048;0.0000000;0.0015707;-0.0001750035;-8.646904E-08;0.0000000
5352.00023651123;0.0000000;0.0015111;-0.000168363;-3.310747E-05;0.0000000
5353.00016403198;0.0000000;0.0016302;-0.0001816329;5.830512E-05;0.0000000
5354.00009155273;0.0000000;0.0015111;-0.000168363;-5.215317E-05;0.0000000
5355.00001907349;0.0000000;0.0015111;-0.000168363;-2.03264E-05;0.0000000
5356.0004234314;0.0000000;0.0015706;-0.0001749924;3.909025E-05;0.0000000
5357.00035095215;0.0000000;0.0015706;-0.0001749924;1.52352E-05;0.0000000
5358.0002784729;0.0000000;0.0014514;-0.0001617114;-7.321734E-05;0.0000000
5359.00020599365;0.0000000;0.0014514;-0.0001617114;-2.853604E-05;0.0000000
5360.0001335144;0.0000000;0.0015110;-0.0001683519;1.827714E-05;0.0000000
5361.00006103516;0.0000000;0.0015110;-0.0001683519;7.123412E-06;0.0000000
5362.00046539307;0.0000000;0.0014514;-0.0001617114;-2.045246E-05;0.0000000
5363.00039291382;0.0000000;0.0014514;-0.0001617114;-7.97123E-06;0.0000000
5364.00032043457;0.0000000;0.0014514;-0.0001617114;-3.106742E-06;0.0000000
5365.00024795532;0.0000000;0.0014514;-0.0001617114;-1.210835E-06;0.0000000
5366.00017547607;0.0000000;0.0014514;-0.0001617114;-4.719163E-07;0.0000000
5367.00010299683;0.0000000;0.0014514;-0.0001617114;-1.839267E-07;0.0000000
5368.00003051758;0.0000000;0.0014514;-0.0001617114;-7.168439E-08;0.0000000
5369.00043487549;0.0000000;0.0014514;-0.0001617114;-2.793858E-08;0.0000000
5370.00036239624;0.0000000;0.0014514;-0.0001617114;-1.088891E-08;0.0000000
5371.00028991699;0.0000000;0.0013918;-0.0001550709;-2.323301E-05;0.0000000
5372.00021743774;0.0000000;0.0013918;-0.0001550709;-9.054933E-06;0.0000000
5373.0001449585;0.0000000;0.0013918;-0.0001550709;-3.529109E-06;0.0000000
5374.00007247925;0.0000000;0.0013918;-0.0001550709;-1.37545E-06;0.0000000
5375.00047683716;0.0000000;0.0013918;-0.0001550709;-5.36074E-07;0.0000000
5376.00040435791;0.0000000;0.0013918;-0.0001550709;-2.089318E-07;0.0000000
5377.00033187866;0.0000000;0.0013322;-0.0001484304;-4.717279E-05;0.0000000
5378.00025939941;0.0000000;0.0013322;-0.0001484304;-1.838533E-05;0.0000000
5379.00018692017;0.0000000;0.0013322;-0.0001484304;-7.165576E-06;0.0000000
5380.00011444092;0.0000000;0.0013322;-0.0001484304;-2.792743E-06;0.0000000
5381.00004196167;0.0000000;0.0013322;-0.0001484304;-1.088456E-06;0.0000000
5382.00044631958;0.0000000;0.0012726;-0.0001417899;-5.3402E-05;0.0000000
5383.00037384033;0.0000000;0.0012726;-0.0001417899;-2.081313E-05;0.0000000
5384.00030136108;0.0000000;0.0012726;-0.0001417899;-8.111798E-06;0.0000000
5385.00022888184;0.0000000;0.0012726;-0.0001417899;-3.161528E-06;0.0000000
5386.00015640259;0.0000000;0.0012726;-0.0001417899;-1.232188E-06;0.0000000
5387.00008392334;0.0000000;0.0012130;-0.0001351495;-2.3709E-05;0.0000000
5388.00048828125;0.0000000;0.0012130;-0.0001351495;-9.240449E-06;0.0000000
5389.000415802;0.0000000;0.0012130;-0.0001351495;-3.601413E-06;0.0000000
5390.00034332275;0.0000000;0.0011534;-0.000128509;-3.080253E-05;0.0000000
5391.00027084351;0.0000000;0.0011534;-0.000128509;-1.200511E-05;0.0000000
5392.00019836426;0.0000000;0.0010938;-0.0001218685;-5.76567E-05;0.0000000
5393.00012588501;0.0000000;0.0010938;-0.0001218685;-2.247137E-05;0.0000000
5394.00005340576;0.0000000;0.0010938;-0.0001218685;-8.758091E-06;0.0000000
5395.00045776367;0.0000000;0.0010342;-0.000115228;-3.648718E-05;0.0000000
5396.00038528442;0.0000000;0.0010342;-0.000115228;-1.422067E-05;0.0000000
5397.00031280518;0.0000000;0.0010342;-0.000115228;-5.542427E-06;0.0000000
5398.00024032593;0.0000000;0.0009746;-0.0001085875;-2.538889E-05;0.0000000
5399.00016784668;0.0000000;0.0009150;-0.000101947;-5.698654E-05;0.0000000
5400.00009536743;0.0000000;0.0008554;-9.530656E-05;-7.518796E-05;0.0000000
5401.00002288818;0.0000000;0.0007958;-8.866608E-05;-7.639544E-05;0.0000000
5402.00042724609;0.0000000;0.0006170;-6.874462E-05;-0.0001493594;0.0000000
5403.00035476685;0.0000000;0.0003786;-4.218268E-05;-0.000209635;0.0000000
5404.0002822876;0.0000000;-0.0002175;2.423331E-05;-0.0004442788;0.0000000
5405.00020980835;0.0000000;-0.0008731;9.727865E-05;-0.000588769;0.0000000
5406.0001373291;0.0000000;-0.0014692;0.0001636946;-0.0005941464;0.0000000
5407.00006484985;0.0000000;-0.0020056;0.000223459;-0.0005608412;0.0000000
5408.00046920776;0.0000000;-0.0023632;0.0002633019;-0.0004415632;0.0000000
5409.00039672852;0.0000000;-0.0024825;0.000276594;-0.000238753;0.0000000
5410.00032424927;0.0000000;-0.0025421;0.0002832345;-0.000119185;0.0000000
5411.00025177002;0.0000000;-0.0025421;0.0002832345;-4.645166E-05;0.0000000
5412.00017929077;0.0000000;-0.0026017;0.000289875;-4.750317E-05;0.0000000
5413.00010681152;0.0000000;-0.0026017;0.000289875;-1.851409E-05;0.0000000
5414.00003433228;0.0000000;-0.0025422;0.0002832457;2.213382E-05;0.0000000
5415.00043869019;0.0000000;-0.0026017;0.000289875;-2.439174E-05;0.0000000
5416.00036621094;0.0000000;-0.0025422;0.0002832457;4.338235E-05;0.0000000
5417.00029373169;0.0000000;-0.0025422;0.0002832457;1.690802E-05;0.0000000
5418.00022125244;0.0000000;-0.0026613;0.0002965155;-7.573755E-05;0.0000000
5419.00014877319;0.0000000;-0.0026018;0.0002898861;1.749407E-05;0.0000000
5420.00007629395;0.0000000;-0.0025422;0.0002832457;3.621712E-05;0.0000000
5421.00048065186;0.0000000;-0.0025422;0.0002832457;1.411542E-05;0.0000000
5422.00040817261;0.0000000;-0.0025422;0.0002832457;3.055731E-05;0.0000000
5423.00033569336;0.0000000;-0.0025422;0.0002832457;1.190954E-05;0.0000000
5424.00026321411;0.0000000;-0.0025422;0.0002832457;4.641676E-06;0.0000000
5425.00019073486;0.0000000;-0.0025422;0.0002832457;1.809067E-06;0.0000000
5426.00011825562;0.0000000;-0.0025422;0.0002832457;7.050737E-07;0.0000000
5427.00004577637;0.0000000;-0.0025422;0.0002832457;2.747985E-07;0.0000000
5428.00045013428;0.0000000;-0.0025422;0.0002832457;1.071012E-07;0.0000000
5429.00037765503;0.0000000;-0.0025422;0.0002832457;4.174207E-08;0.0000000
5430.00030517578;0.0000000;-0.0024826;0.0002766052;2.324503E-05;0.0000000
5431.00023269653;0.0000000;-0.0024826;0.0002766052;9.059619E-06;0.0000000
5432.00016021729;0.0000000;-0.0024826;0.0002766052;3.530935E-06;0.0000000
5433.00008773804;0.0000000;-0.0024826;0.0002766052;1.376162E-06;0.0000000
5434.00049209595;0.0000000;-0.0024230;0.0002699647;4.762771E-05;0.0000000
5435.0004196167;0.0000000;-0.0024825;0.000276594;-4.62716E-06;0.0000000
5436.00034713745;0.0000000;-0.0024825;0.000276594;-1.803409E-06;0.0000000
5437.0002746582;0.0000000;-0.0024230;0.0002699647;2.248692E-05;0.0000000
5438.00020217896;0.0000000;-0.0024825;0.000276594;-2.058542E-05;0.0000000
5439.00012969971;0.0000000;-0.0024230;0.0002699647;1.806546E-05;0.0000000
5440.00005722046;0.0000000;-0.0023633;0.000263313;3.030865E-05;0.0000000
5441.00046157837;0.0000000;-0.0024229;0.0002699535;-1.758628E-05;0.0000000
5442.00038909912;0.0000000;-0.0024229;0.0002699535;-6.854152E-06;0.0000000
5443.00031661987;0.0000000;-0.0023633;0.000263313;2.672754E-05;0.0000000
5444.00024414063;0.0000000;-0.0023633;0.000263313;1.04169E-05;0.0000000
5445.00017166138;0.0000000;-0.0023633;0.000263313;4.05993E-06;0.0000000
5446.00009918213;0.0000000;-0.0023633;0.000263313;1.582335E-06;0.0000000
5447.00002670288;0.0000000;-0.0023633;0.000263313;6.167059E-07;0.0000000
5448.00043106079;0.0000000;-0.0023633;0.000263313;2.403577E-07;0.0000000
5449.00035858154;0.0000000;-0.0023633;0.000263313;9.367804E-08;0.0000000
5450.00028610229;0.0000000;-0.0023633;0.000263313;3.651049E-08;0.0000000
5451.00021362305;0.0000000;-0.0023037;0.0002566726;4.187321E-05;0.0000000
5452.0001411438;0.0000000;-0.0023037;0.0002566726;1.631985E-05;0.0000000
5453.00006866455;0.0000000;-0.0023037;0.0002566726;6.360569E-06;0.0000000
5454.00047302246;0.0000000;-0.0023632;0.0002633019;-2.071079E-05;0.0000000
5455.00040054321;0.0000000;-0.0022441;0.0002500321;6.510796E-05;0.0000000
5456.00032806396;0.0000000;-0.0023036;0.0002566614;-1.17701E-05;0.0000000
5457.00025558472;0.0000000;-0.0023037;0.0002566726;2.21692E-05;0.0000000
5458.00018310547;0.0000000;-0.0023037;0.0002566726;8.64032E-06;0.0000000
5459.00011062622;0.0000000;-0.0023037;0.0002566726;3.367516E-06;0.0000000
5460.00003814697;0.0000000;-0.0023037;0.0002566726;1.31247E-06;0.0000000
5461.00044250488;0.0000000;-0.0022441;0.0002500321;2.991043E-05;0.0000000
5462.00037002563;0.0000000;-0.0022441;0.0002500321;1.165742E-05;0.0000000
5463.00029754639;0.0000000;-0.0023036;0.0002566614;-4.834548E-05;0.0000000
5464.00022506714;0.0000000;-0.0021845;0.0002433916;7.128096E-05;0.0000000
5465.00015258789;0.0000000;-0.0022440;0.000250021;-6.465484E-06;0.0000000
5466.00008010864;0.0000000;-0.0022440;0.000250021;-2.519886E-06;0.0000000
5467.00048446655;0.0000000;-0.0021845;0.0002433916;4.603024E-05;0.0000000
5468.0004119873;0.0000000;-0.0021845;0.0002433916;1.794002E-05;0.0000000
5469.00033950806;0.0000000;-0.0022440;0.000250021;-1.909649E-05;0.0000000
5470.00026702881;0.0000000;-0.0021845;0.0002433916;2.970281E-05;0.0000000
5471.00019454956;0.0000000;-0.0021249;0.0002367511;4.09754E-05;0.0000000
5472.00012207031;0.0000000;-0.0022440;0.000250021;-4.732657E-05;0.0000000
5473.00004959106;0.0000000;-0.0021845;0.0002433916;2.334349E-05;0.0000000
5474.00045394897;0.0000000;-0.0021249;0.0002367511;4.217176E-05;0.0000000
5475.00038146973;0.0000000;-0.0021845;0.0002433916;3.233048E-06;0.0000000
5476.00030899048;0.0000000;-0.0021249;0.0002367511;4.835142E-05;0.0000000
5477.00023651123;0.0000000;-0.0021249;0.0002367511;1.884469E-05;0.0000000
5478.00016403198;0.0000000;-0.0021844;0.0002433805;-3.966774E-05;0.0000000
5479.00009155273;0.0000000;-0.0021249;0.0002367511;3.155207E-05;0.0000000
5480.00049591064;0.0000000;-0.0021249;0.0002367511;1.229724E-05;0.0000000
5481.0004234314;0.0000000;-0.0021249;0.0002367511;4.792781E-06;0.0000000
5482.00035095215;0.0000000;-0.0021249;0.0002367511;1.867959E-06;0.0000000
5483.0002784729;0.0000000;-0.0021249;0.0002367511;7.280265E-07;0.0000000
5484.00020599365;0.0000000;-0.0021249;0.0002367511;2.837442E-07;0.0000000
5485.0001335144;0.0000000;-0.0021249;0.0002367511;1.105877E-07;0.0000000
5486.00006103516;0.0000000;-0.0021249;0.0002367511;4.310094E-08;0.0000000
5487.00046539307;0.0000000;-0.0021249;0.0002367511;1.679835E-08;0.0000000
5488.00039291382;0.0000000;-0.0021249;0.0002367511;6.547061E-09;0.0000000
5489.00032043457;0.0000000;-0.0021249;0.0002367511;2.55168E-09;0.0000000
5490.00024795532;0.0000000;-0.0021249;0.0002367511;9.945028E-10;0.0000000
5491.00017547607;0.0000000;-0.0020653;0.0002301106;2.939929E-05;0.0000000
5492.00010299683;0.0000000;-0.0020653;0.0002301106;1.145821E-05;0.0000000
5493.00003051758;0.0000000;-0.0020653;0.0002301106;4.465771E-06;0.0000000
5494.00043487549;0.0000000;-0.0020653;0.0002301106;1.740509E-06;0.0000000
5495.00036239624;0.0000000;-0.0020653;0.0002301106;6.783534E-07;0.0000000
5496.00028991699;0.0000000;-0.0020653;0.0002301106;2.643844E-07;0.0000000
5497.00021743774;0.0000000;-0.0020652;0.0002300995;-1.971209E-05;0.0000000
5498.0001449585;0.0000000;-0.0020652;0.0002300995;-7.682674E-06;0.0000000
5499.00007247925;0.0000000;-0.0019461;0.0002168296;7.01856E-05;0.0000000
5500.00047683716;0.0000000;-0.0020056;0.000223459;4.164651E-06;0.0000000
5501.00040435791;0.0000000;-0.0020057;0.0002234702;2.540674E-05;0.0000000
5502.00033187866;0.0000000;-0.0019461;0.0002168296;5.699349E-05;0.0000000
5503.00025939941;0.0000000;-0.0019461;0.0002168296;2.221289E-05;0.0000000
5504.00018692017;0.0000000;-0.0020056;0.000223459;-1.743117E-05;0.0000000
5505.00011444092;0.0000000;-0.0019461;0.0002168296;2.255588E-05;0.0000000
5506.00004196167;0.0000000;-0.0019461;0.0002168296;8.791026E-06;0.0000000
5507.00044631958;0.0000000;-0.0019461;0.0002168296;2.435009E-05;0.0000000
5508.00037384033;0.0000000;-0.0019461;0.0002168296;9.490309E-06;0.0000000
5509.00030136108;0.0000000;-0.0019461;0.0002168296;3.698794E-06;0.0000000
5510.00022888184;0.0000000;-0.0018865;0.0002101892;5.441936E-05;0.0000000
5511.00015640259;0.0000000;-0.0018865;0.0002101892;2.120964E-05;0.0000000
5512.00008392334;0.0000000;-0.0018865;0.0002101892;8.266335E-06;0.0000000
5513.00048828125;0.0000000;-0.0018865;0.0002101892;3.221757E-06;0.0000000
5514.000415802;0.0000000;-0.0018865;0.0002101892;1.255661E-06;0.0000000
5515.00034332275;0.0000000;-0.0018865;0.0002101892;4.893869E-07;0.0000000
5516.00027084351;0.0000000;-0.0018865;0.0002101892;1.907358E-07;0.0000000
5517.00019836426;0.0000000;-0.0018865;0.0002101892;7.43382E-08;0.0000000
5518.00012588501;0.0000000;-0.0018865;0.0002101892;2.89729E-08;0.0000000
5519.00005340576;0.0000000;-0.0018865;0.0002101892;1.129202E-08;0.0000000
5520.00045776367;0.0000000;-0.0018865;0.0002101892;4.401001E-09;0.0000000
5521.00038528442;0.0000000;-0.0018865;0.0002101892;1.715266E-09;0.0000000
5522.00031280518;0.0000000;-0.0018865;0.0002101892;6.685151E-10;0.0000000
5523.00024032593;0.0000000;-0.0018865;0.0002101892;2.6055E-10;0.0000000
5524.00016784668;0.0000000;-0.0018865;0.0002101892;1.015479E-10;0.0000000
5525.00009536743;0.0000000;-0.0018269;0.0002035487;4.185902E-05;0.0000000
5526.00049972534;0.0000000;-0.0018269;0.0002035487;1.631432E-05;0.0000000
5527.00042724609;0.0000000;-0.0018269;0.0002035487;6.358413E-06;0.0000000
5528.00035476685;0.0000000;-0.0018269;0.0002035487;2.478155E-06;0.0000000
5529.0002822876;0.0000000;-0.0018269;0.0002035487;9.65847E-07;0.0000000
5530.00020980835;0.0000000;-0.0018269;0.0002035487;3.764334E-07;0.0000000
5531.0001373291;0.0000000;-0.0018269;0.0002035487;1.467128E-07;0.0000000
5532.00006484985;0.0000000;-0.0018269;0.0002035487;5.718047E-08;0.0000000
5533.00046920776;0.0000000;-0.0018269;0.0002035487;2.228576E-08;0.0000000
5534.00039672852;0.0000000;-0.0018269;0.0002035487;8.685749E-09;0.0000000
5535.00032424927;0.0000000;-0.0018269;0.0002035487;3.385222E-09;0.0000000
5536.00025177002;0.0000000;-0.0018269;0.0002035487;1.319371E-09;0.0000000
5537.00017929077;0.0000000;-0.0017673;0.0001969082;4.709187E-05;0.0000000
5538.00010681152;0.0000000;-0.0017673;0.0001969082;1.835379E-05;0.0000000
5539.00003433228;0.0000000;-0.0017673;0.0001969082;7.153285E-06;0.0000000
5540.00043869019;0.0000000;-0.0017673;0.0001969082;2.787952E-06;0.0000000
5541.00036621094;0.0000000;-0.0017673;0.0001969082;1.086589E-06;0.0000000
5542.00029373169;0.0000000;-0.0017673;0.0001969082;4.234917E-07;0.0000000
5543.00022125244;0.0000000;-0.0017077;0.0001902677;3.323882E-05;0.0000000
5544.00014877319;0.0000000;-0.0017077;0.0001902677;1.295464E-05;0.0000000
5545.00007629395;0.0000000;-0.0017077;0.0001902677;5.048999E-06;0.0000000
5546.00048065186;0.0000000;-0.0017077;0.0001902677;1.967819E-06;0.0000000
5547.00040817261;0.0000000;-0.0017076;0.0001902566;-3.304848E-06;0.0000000
5548.00033569336;0.0000000;-0.0017076;0.0001902566;-1.288046E-06;0.0000000
5549.00026321411;0.0000000;-0.0017076;0.0001902566;-5.020086E-07;0.0000000
5550.00019073486;0.0000000;-0.0016481;0.0001836272;3.282262E-05;0.0000000
5551.00011825562;0.0000000;-0.0016481;0.0001836272;1.279243E-05;0.0000000
5552.00004577637;0.0000000;-0.0016481;0.0001836272;4.985776E-06;0.0000000
5553.00045013428;0.0000000;-0.0015885;0.0001769868;2.807553E-05;0.0000000
5554.00037765503;0.0000000;-0.0016480;0.0001836161;-1.514623E-05;0.0000000
5555.00030517578;0.0000000;-0.0015885;0.0001769868;4.110919E-05;0.0000000
5556.00023269653;0.0000000;-0.0015885;0.0001769868;1.602208E-05;0.0000000
5557.00016021729;0.0000000;-0.0015885;0.0001769868;6.244513E-06;0.0000000
5558.00008773804;0.0000000;-0.0015885;0.0001769868;2.433763E-06;0.0000000
5559.00049209595;0.0000000;-0.0015885;0.0001769868;9.485454E-07;0.0000000
5560.0004196167;0.0000000;-0.0015885;0.0001769868;3.696902E-07;0.0000000
5561.00034713745;0.0000000;-0.0015885;0.0001769868;1.440847E-07;0.0000000
5562.0002746582;0.0000000;-0.0015885;0.0001769868;5.615617E-08;0.0000000
5563.00020217896;0.0000000;-0.0015289;0.0001703463;4.188087E-05;0.0000000
5564.00012969971;0.0000000;-0.0015289;0.0001703463;1.632283E-05;0.0000000
5565.00005722046;0.0000000;-0.0015289;0.0001703463;6.361732E-06;0.0000000
5566.00046157837;0.0000000;-0.0015289;0.0001703463;2.479449E-06;0.0000000
5567.00038909912;0.0000000;-0.0014693;0.0001637058;3.036526E-05;0.0000000
5568.00031661987;0.0000000;-0.0014693;0.0001637058;1.183469E-05;0.0000000
5569.00024414063;0.0000000;-0.0014693;0.0001637058;4.612502E-06;0.0000000
5570.00017166138;0.0000000;-0.0014693;0.0001637058;1.797697E-06;0.0000000
5571.00009918213;0.0000000;-0.0014693;0.0001637058;7.006422E-07;0.0000000
5572.00002670288;0.0000000;-0.0014693;0.0001637058;2.730714E-07;0.0000000
5573.00043106079;0.0000000;-0.0014097;0.0001570653;4.719778E-05;0.0000000
5574.00035858154;0.0000000;-0.0014097;0.0001570653;1.839507E-05;0.0000000
5575.00028610229;0.0000000;-0.0014097;0.0001570653;7.169374E-06;0.0000000
5576.00021362305;0.0000000;-0.0014097;0.0001570653;2.794223E-06;0.0000000
5577.0001411438;0.0000000;-0.0013501;0.0001504248;3.048793E-05;0.0000000
5578.00006866455;0.0000000;-0.0013501;0.0001504248;1.18825E-05;0.0000000
5579.00047302246;0.0000000;-0.0013501;0.0001504248;4.631138E-06;0.0000000
5580.00040054321;0.0000000;-0.0013501;0.0001504248;1.80496E-06;0.0000000
5581.00032806396;0.0000000;-0.0013501;0.0001504248;7.034729E-07;0.0000000
5582.00025558472;0.0000000;-0.0012905;0.0001437843;3.334794E-05;0.0000000
5583.00018310547;0.0000000;-0.0012309;0.0001371438;4.607094E-05;0.0000000
5584.00011062622;0.0000000;-0.0012309;0.0001371438;1.795589E-05;0.0000000
5585.00003814697;0.0000000;-0.0012309;0.0001371438;6.998207E-06;0.0000000
5586.00044250488;0.0000000;-0.0011713;0.0001305034;2.885987E-05;0.0000000
5587.00037002563;0.0000000;-0.0011713;0.0001305034;1.124797E-05;0.0000000
5588.00029754639;0.0000000;-0.0011713;0.0001305034;4.383833E-06;0.0000000
5589.00022506714;0.0000000;-0.0011713;0.0001305034;1.708574E-06;0.0000000
5590.00015258789;0.0000000;-0.0010520;0.0001172112;6.732213E-05;0.0000000
5591.00008010864;0.0000000;-0.0009924;0.0001105708;7.92162E-05;0.0000000
5592.00048446655;0.0000000;-0.0009924;0.0001105708;3.087407E-05;0.0000000
5593.0004119873;0.0000000;-0.0009328;0.0001039303;4.14319E-05;0.0000000
5594.00033950806;0.0000000;-0.0008732;9.728979E-05;4.22802E-05;0.0000000
5595.00026702881;0.0000000;-0.0006348;7.072785E-05;0.0001592919;0.0000000
5596.00019454956;0.0000000;-0.0002772;3.088494E-05;0.0003137125;0.0000000
5597.00012207031;0.0000000;0.0001997;-2.225008E-05;0.0004162301;0.0000000
5598.00004959106;0.0000000;0.0009149;-0.0001019359;0.0005873705;0.0000000
5599.00045394897;0.0000000;0.0016898;-0.0001882733;0.0006968278;0.0000000
5600.00038146973;0.0000000;0.0024050;-0.0002679592;0.0007053681;0.0000000
5601.00030899048;0.0000000;0.0029415;-0.0003277347;0.0006101381;0.0000000
5602.00023651123;0.0000000;0.0031799;-0.0003542966;0.0003776285;0.0000000
5603.00016403198;0.0000000;0.0032991;-0.0003675776;0.0001936361;0.0000000
5604.00009155273;0.0000000;0.0032396;-0.0003609483;4.6119E-05;0.0000000
5605.00049591064;0.0000000;0.0032396;-0.0003609483;1.797462E-05;0.0000000
5606.0004234314;0.0000000;0.0032991;-0.0003675776;3.01953E-05;0.0000000
5607.00035095215;0.0000000;0.0032396;-0.0003609483;-3.52439E-05;0.0000000
5608.0002784729;0.0000000;0.0032396;-0.0003609483;-1.373611E-05;0.0000000
5609.00020599365;0.0000000;0.0032991;-0.0003675776;3.643518E-05;0.0000000
5610.0001335144;0.0000000;0.0032396;-0.0003609483;-2.294515E-05;0.0000000
5611.00006103516;0.0000000;0.0032396;-0.0003609483;-8.942745E-06;0.0000000
5612.00046539307;0.0000000;0.0032396;-0.0003609483;-3.485384E-06;0.0000000
5613.00039291382;0.0000000;0.0031800;-0.0003543078;-4.844977E-05;0.0000000
5614.00032043457;0.0000000;0.0031800;-0.0003543078;-1.888302E-05;0.0000000
5615.00024795532;0.0000000;0.0031800;-0.0003543078;-7.359552E-06;0.0000000
5616.00017547607;0.0000000;0.0031800;-0.0003543078;-2.868344E-06;0.0000000
5617.00010299683;0.0000000;0.0031800;-0.0003543078;-1.117921E-06;0.0000000
5618.00003051758;0.0000000;0.0031204;-0.0003476673;-4.229469E-05;0.0000000
5619.00043487549;0.0000000;0.0031204;-0.0003476673;-1.648411E-05;0.0000000
5620.00036239624;0.0000000;0.0031204;-0.0003476673;-6.42459E-06;0.0000000
5621.00028991699;0.0000000;0.0031204;-0.0003476673;-2.503948E-06;0.0000000
5622.00021743774;0.0000000;0.0031204;-0.0003476673;-9.758993E-07;0.0000000
5623.0001449585;0.0000000;0.0030608;-0.0003410268;-4.223934E-05;0.0000000
5624.00007247925;0.0000000;0.0030608;-0.0003410268;-1.646254E-05;0.0000000
5625.00047683716;0.0000000;0.0030608;-0.0003410268;-6.416183E-06;0.0000000
5626.00040435791;0.0000000;0.0030608;-0.0003410268;-2.500671E-06;0.0000000
5627.00033187866;0.0000000;0.0030608;-0.0003410268;-9.746223E-07;0.0000000
5628.00025939941;0.0000000;0.0030608;-0.0003410268;-3.798535E-07;0.0000000
5629.00018692017;0.0000000;0.0030608;-0.0003410268;-1.480458E-07;0.0000000
5630.00011444092;0.0000000;0.0030608;-0.0003410268;-5.769999E-08;0.0000000
5631.00004196167;0.0000000;0.0030012;-0.0003343863;-2.615485E-05;0.0000000
5632.00044631958;0.0000000;0.0030012;-0.0003343863;-1.01937E-05;0.0000000
5633.00037384033;0.0000000;0.0030012;-0.0003343863;-3.972939E-06;0.0000000
5634.00030136108;0.0000000;0.0030012;-0.0003343863;-1.548431E-06;0.0000000
5635.00022888184;0.0000000;0.0030012;-0.0003343863;-6.034921E-07;0.0000000
5636.00015640259;0.0000000;0.0030012;-0.0003343863;-2.352076E-07;0.0000000
5637.00008392334;0.0000000;0.0029416;-0.0003277458;-2.949057E-05;0.0000000
5638.00048828125;0.0000000;0.0029416;-0.0003277458;-1.149378E-05;0.0000000
5639.000415802;0.0000000;0.0029416;-0.0003277458;-4.479637E-06;0.0000000
5640.00034332275;0.0000000;0.0029416;-0.0003277458;-1.745914E-06;0.0000000
5641.00027084351;0.0000000;0.0029416;-0.0003277458;-6.804599E-07;0.0000000
5642.00019836426;0.0000000;0.0029416;-0.0003277458;-2.652054E-07;0.0000000
5643.00012588501;0.0000000;0.0029415;-0.0003277347;2.955677E-05;0.0000000
5644.00005340576;0.0000000;0.0029415;-0.0003277347;1.151958E-05;0.0000000
5645.00045776367;0.0000000;0.0028820;-0.0003211053;-4.252266E-05;0.0000000
5646.00038528442;0.0000000;0.0028820;-0.0003211053;-1.657297E-05;0.0000000
5647.00031280518;0.0000000;0.0028820;-0.0003211053;-6.45922E-06;0.0000000
5648.00024032593;0.0000000;0.0028820;-0.0003211053;-2.517445E-06;0.0000000
5649.00016784668;0.0000000;0.0028224;-0.0003144649;-3.405493E-05;0.0000000
5650.00009536743;0.0000000;0.0028224;-0.0003144649;-1.327272E-05;0.0000000
5651.00049972534;0.0000000;0.0028224;-0.0003144649;-5.172965E-06;0.0000000
5652.00042724609;0.0000000;0.0028224;-0.0003144649;-2.016134E-06;0.0000000
5653.00035476685;0.0000000;0.0028819;-0.0003210942;3.635978E-05;0.0000000
5654.0002822876;0.0000000;0.0028224;-0.0003144649;-2.297454E-05;0.0000000
5655.00020980835;0.0000000;0.0027628;-0.0003078244;-3.218296E-05;0.0000000
5656.0001373291;0.0000000;0.0027628;-0.0003078244;-1.254313E-05;0.0000000
5657.00006484985;0.0000000;0.0027628;-0.0003078244;-4.888612E-06;0.0000000
5658.00046920776;0.0000000;0.0027628;-0.0003078244;-1.905309E-06;0.0000000
5659.00039672852;0.0000000;0.0027628;-0.0003078244;-7.425833E-07;0.0000000
5660.00032424927;0.0000000;0.0027628;-0.0003078244;-2.894177E-07;0.0000000
5661.00025177002;0.0000000;0.0027628;-0.0003078244;-1.127989E-07;0.0000000
5662.00017929077;0.0000000;0.0027628;-0.0003078244;-4.396274E-08;0.0000000
5663.00010681152;0.0000000;0.0027628;-0.0003078244;-1.713423E-08;0.0000000
5664.00003433228;0.0000000;0.0027031;-0.0003011728;-2.327442E-05;0.0000000
5665.00043869019;0.0000000;0.0027031;-0.0003011728;-9.071072E-06;0.0000000
5666.00036621094;0.0000000;0.0027031;-0.0003011728;-3.535399E-06;0.0000000
5667.00029373169;0.0000000;0.0027031;-0.0003011728;-1.377902E-06;0.0000000
5668.00022125244;0.0000000;0.0027031;-0.0003011728;-5.370295E-07;0.0000000
5669.00014877319;0.0000000;0.0027031;-0.0003011728;-2.093042E-07;0.0000000
5670.00007629395;0.0000000;0.0027031;-0.0003011728;-8.157512E-08;0.0000000
5671.00048065186;0.0000000;0.0026435;-0.0002945322;-2.94307E-05;0.0000000
5672.00040817261;0.0000000;0.0026435;-0.0002945322;-1.147045E-05;0.0000000
5673.00033569336;0.0000000;0.0026435;-0.0002945322;-4.470541E-06;0.0000000
5674.00026321411;0.0000000;0.0026435;-0.0002945322;-1.742368E-06;0.0000000
5675.00019073486;0.0000000;0.0026435;-0.0002945322;-6.790782E-07;0.0000000
5676.00011825562;0.0000000;0.0025839;-0.0002878918;-2.639703E-05;0.0000000
5677.00004577637;0.0000000;0.0026434;-0.0002945211;1.580042E-05;0.0000000
5678.00045013428;0.0000000;0.0025839;-0.0002878918;-3.098744E-05;0.0000000
5679.00037765503;0.0000000;0.0025243;-0.0002812513;-4.147608E-05;0.0000000
5680.00030517578;0.0000000;0.0025838;-0.0002878806;7.024722E-06;0.0000000
5681.00023269653;0.0000000;0.0025838;-0.0002878806;2.737846E-06;0.0000000
5682.00016021729;0.0000000;0.0025838;-0.0002878806;1.06706E-06;0.0000000
5683.00008773804;0.0000000;0.0025243;-0.0002812513;-2.89337E-05;0.0000000
5684.00049209595;0.0000000;0.0025243;-0.0002812513;-1.127674E-05;0.0000000
5685.0004196167;0.0000000;0.0025243;-0.0002812513;-4.395048E-06;0.0000000
5686.00034713745;0.0000000;0.0025243;-0.0002812513;-1.712945E-06;0.0000000
5687.0002746582;0.0000000;0.0025243;-0.0002812513;-6.676104E-07;0.0000000
5688.00020217896;0.0000000;0.0024647;-0.0002746108;-4.735155E-05;0.0000000
5689.00012969971;0.0000000;0.0025242;-0.0002812402;3.443389E-05;0.0000000
5690.00005722046;0.0000000;0.0024647;-0.0002746108;-3.946848E-05;0.0000000
5691.00046157837;0.0000000;0.0024647;-0.0002746108;-1.538261E-05;0.0000000
5692.00038909912;0.0000000;0.0024647;-0.0002746108;-5.995287E-06;0.0000000
5693.00031661987;0.0000000;0.0024647;-0.0002746108;-1.339368E-05;0.0000000
5694.00024414063;0.0000000;0.0024051;-0.0002679703;-5.231147E-05;0.0000000
5695.00017166138;0.0000000;0.0024646;-0.0002745997;1.675746E-05;0.0000000
5696.00009918213;0.0000000;0.0024646;-0.0002745997;6.531127E-06;0.0000000
5697.00050354004;0.0000000;0.0024646;-0.0002745997;2.54547E-06;0.0000000
5698.00043106079;0.0000000;0.0024646;-0.0002745997;9.920824E-07;0.0000000
5699.00035858154;0.0000000;0.0024051;-0.0002679703;-5.250223E-05;0.0000000
5700.00028610229;0.0000000;0.0024051;-0.0002679703;-2.046245E-05;0.0000000
5701.00021362305;0.0000000;0.0024051;-0.0002679703;-7.975123E-06;0.0000000
5702.0001411438;0.0000000;0.0024051;-0.0002679703;-3.108259E-06;0.0000000
5703.00006866455;0.0000000;0.0024051;-0.0002679703;-1.211426E-06;0.0000000
5704.00047302246;0.0000000;0.0023455;-0.0002613298;-4.233113E-05;0.0000000
5705.00040054321;0.0000000;0.0023455;-0.0002613298;-1.649832E-05;0.0000000
5706.00032806396;0.0000000;0.0023455;-0.0002613298;-6.430126E-06;0.0000000
5707.00025558472;0.0000000;0.0023455;-0.0002613298;-2.506105E-06;0.0000000
5708.00018310547;0.0000000;0.0023455;-0.0002613298;-9.767404E-07;0.0000000
5709.00011062622;0.0000000;0.0022859;-0.0002546894;-3.345445E-05;0.0000000
5710.00003814697;0.0000000;0.0023454;-0.0002613187;3.397367E-05;0.0000000
5711.00044250488;0.0000000;0.0022859;-0.0002546894;-3.377131E-05;0.0000000
5712.00037002563;0.0000000;0.0022263;-0.0002480489;-4.623594E-05;0.0000000
5713.00029754639;0.0000000;0.0022858;-0.0002546782;2.376855E-05;0.0000000
5714.00022506714;0.0000000;0.0022263;-0.0002480489;-4.362523E-05;0.0000000
5715.00015258789;0.0000000;0.0022263;-0.0002480489;-1.700269E-05;0.0000000
5716.00008010864;0.0000000;0.0021667;-0.0002414084;-3.602561E-05;0.0000000
5717.00048446655;0.0000000;0.0021667;-0.0002414084;-1.404077E-05;0.0000000
5718.0004119873;0.0000000;0.0021667;-0.0002414084;-5.472312E-06;0.0000000
5719.00033950806;0.0000000;0.0021667;-0.0002414084;-2.132803E-06;0.0000000
5720.00026702881;0.0000000;0.0021071;-0.0002347679;-2.406001E-05;0.0000000
5721.00019454956;0.0000000;0.0021071;-0.0002347679;-9.377253E-06;0.0000000
5722.00012207031;0.0000000;0.0021071;-0.0002347679;-3.654731E-06;0.0000000
5723.00004959106;0.0000000;0.0020475;-0.0002281274;-4.328339E-05;0.0000000
5724.00045394897;0.0000000;0.0020475;-0.0002281274;-1.686946E-05;0.0000000
5725.00038146973;0.0000000;0.0020475;-0.0002281274;-6.574777E-06;0.0000000
5726.00030899048;0.0000000;0.0019879;-0.0002214869;-2.869484E-05;0.0000000
5727.00023651123;0.0000000;0.0019879;-0.0002214869;-1.118365E-05;0.0000000
5728.00016403198;0.0000000;0.0019283;-0.0002148464;-4.156675E-05;0.0000000
5729.00009155273;0.0000000;0.0018687;-0.000208206;-4.559931E-05;0.0000000
5730.00049591064;0.0000000;0.0018091;-0.0002015655;-4.717097E-05;0.0000000
5731.0004234314;0.0000000;0.0017495;-0.000194925;-4.778352E-05;0.0000000
5732.00035095215;0.0000000;0.0016303;-0.000181644;-8.890512E-05;0.0000000
5733.0002784729;0.0000000;0.0015111;-0.000168363;-0.0001170269;0.0000000
5734.00020599365;0.0000000;0.0013322;-0.0001484304;-0.0001640092;0.0000000
5735.0001335144;0.0000000;0.0009746;-0.0001085875;-0.0002790911;0.0000000
5736.00006103516;0.0000000;0.0004978;-5.546365E-05;-0.0003945117;0.0000000
5737.00046539307;0.0000000;-0.0001579;1.759283E-05;-0.0005445031;0.0000000
5738.00039291382;0.0000000;-0.0008731;9.727865E-05;-0.0006543262;0.0000000
5739.00032043457;0.0000000;-0.0014096;0.0001570542;-0.0005894304;0.0000000
5740.00024795532;0.0000000;-0.0017672;0.0001968971;-0.0004280287;0.0000000
5741.00017547607;0.0000000;-0.0019460;0.0002168185;-0.0002613084;0.0000000
5742.00010299683;0.0000000;-0.0020056;0.000223459;-0.0001312424;0.0000000
5743.00050735474;0.0000000;-0.0019461;0.0002168296;-2.18014E-05;0.0000000
5744.00043487549;0.0000000;-0.0020056;0.000223459;-3.784655E-05;0.0000000
5745.00036239624;0.0000000;-0.0020057;0.0002234702;1.490964E-05;0.0000000
5746.00028991699;0.0000000;-0.0019461;0.0002168296;5.290231E-05;0.0000000
5747.00021743774;0.0000000;-0.0020652;0.0002300995;-5.554919E-05;0.0000000
5748.0001449585;0.0000000;-0.0020652;0.0002300995;-2.164998E-05;0.0000000
5749.00007247925;0.0000000;-0.0020057;0.0002234702;2.87076E-05;0.0000000
5750.00047683716;0.0000000;-0.0020652;0.0002300995;-4.170027E-05;0.0000000
5751.00040435791;0.0000000;-0.0020652;0.0002300995;-1.625244E-05;0.0000000
5752.00033187866;0.0000000;-0.0019461;0.0002168296;7.377533E-05;0.0000000
5753.00025939941;0.0000000;-0.0020056;0.000223459;-1.825883E-05;0.0000000
5754.00018692017;0.0000000;-0.0020652;0.0002300995;-4.897527E-05;0.0000000
5755.00011444092;0.0000000;-0.0020057;0.0002234702;1.805773E-05;0.0000000
5756.00004196167;0.0000000;-0.0019461;0.0002168296;3.026666E-05;0.0000000
5757.00044631958;0.0000000;-0.0020056;0.000223459;-1.755332E-05;0.0000000
5758.00037384033;0.0000000;-0.0020056;0.000223459;-6.841306E-06;0.0000000
5759.00030136108;0.0000000;-0.0019461;0.0002168296;3.035192E-05;0.0000000
5760.00022888184;0.0000000;-0.0019461;0.0002168296;1.182949E-05;0.0000000
5761.00015640259;0.0000000;-0.0019461;0.0002168296;4.610476E-06;0.0000000
5762.00008392334;0.0000000;-0.0019461;0.0002168296;1.796907E-06;0.0000000
5763.00048828125;0.0000000;-0.0019461;0.0002168296;7.003345E-07;0.0000000
5764.000415802;0.0000000;-0.0019461;0.0002168296;2.729514E-07;0.0000000
5765.00034332275;0.0000000;-0.0018865;0.0002101892;4.719774E-05;0.0000000
5766.00027084351;0.0000000;-0.0018865;0.0002101892;1.839505E-05;0.0000000
5767.00019836426;0.0000000;-0.0018865;0.0002101892;7.169367E-06;0.0000000
5768.00012588501;0.0000000;-0.0018865;0.0002101892;2.79422E-06;0.0000000
5769.00005340576;0.0000000;-0.0018865;0.0002101892;1.089031E-06;0.0000000
5770.00045776367;0.0000000;-0.0018865;0.0002101892;4.244437E-07;0.0000000
5771.00038528442;0.0000000;-0.0018865;0.0002101892;1.654245E-07;0.0000000
5772.00031280518;0.0000000;-0.0018865;0.0002101892;6.447327E-08;0.0000000
5773.00024032593;0.0000000;-0.0018269;0.0002035487;3.30989E-05;0.0000000
5774.00016784668;0.0000000;-0.0018864;0.000210178;-2.424545E-05;0.0000000
5775.00009536743;0.0000000;-0.0018864;0.000210178;-9.449525E-06;0.0000000
5776.00049972534;0.0000000;-0.0018864;0.000210178;-3.682899E-06;0.0000000
5777.00042724609;0.0000000;-0.0018269;0.0002035487;4.557696E-05;0.0000000
5778.00035476685;0.0000000;-0.0018269;0.0002035487;1.776336E-05;0.0000000
5779.0002822876;0.0000000;-0.0018269;0.0002035487;6.923169E-06;0.0000000
5780.00020980835;0.0000000;-0.0018269;0.0002035487;2.698266E-06;0.0000000
5781.0001373291;0.0000000;-0.0018269;0.0002035487;1.051634E-06;0.0000000
5782.00006484985;0.0000000;-0.0018269;0.0002035487;4.098683E-07;0.0000000
5783.00046920776;0.0000000;-0.0018269;0.0002035487;1.597439E-07;0.0000000
5784.00039672852;0.0000000;-0.0018269;0.0002035487;6.225927E-08;0.0000000
5785.00032424927;0.0000000;-0.0018269;0.0002035487;2.42652E-08;0.0000000
5786.00025177002;0.0000000;-0.0018269;0.0002035487;9.457222E-09;0.0000000
5787.00017929077;0.0000000;-0.0018269;0.0002035487;3.685899E-09;0.0000000
5788.00010681152;0.0000000;-0.0018269;0.0002035487;1.436558E-09;0.0000000
5789.00051116943;0.0000000;-0.0018268;0.0002035376;-1.981456E-05;0.0000000
5790.00043869019;0.0000000;-0.0018268;0.0002035376;-7.722614E-06;0.0000000
5791.00036621094;0.0000000;-0.0017673;0.0001969082;3.000843E-05;0.0000000
5792.00029373169;0.0000000;-0.0018268;0.0002035376;-2.132266E-05;0.0000000
5793.00022125244;0.0000000;-0.0017673;0.0001969082;2.103919E-05;0.0000000
5794.00014877319;0.0000000;-0.0017077;0.0001902677;3.433226E-05;0.0000000
5795.00007629395;0.0000000;-0.0017672;0.0001968971;-1.596877E-05;0.0000000
5796.00048065186;0.0000000;-0.0017077;0.0001902677;4.078861E-05;0.0000000
5797.00040817261;0.0000000;-0.0017077;0.0001902677;1.589713E-05;0.0000000
5798.00033569336;0.0000000;-0.0017672;0.0001968971;-2.315376E-05;0.0000000
5799.00026321411;0.0000000;-0.0017672;0.0001968971;-9.024046E-06;0.0000000
5800.00019073486;0.0000000;-0.0017077;0.0001902677;1.967272E-05;0.0000000
5801.00011825562;0.0000000;-0.0017672;0.0001968971;-2.535094E-05;0.0000000
5802.00004577637;0.0000000;-0.0017077;0.0001902677;3.713196E-05;0.0000000
5803.00045013428;0.0000000;-0.0017077;0.0001902677;1.447197E-05;0.0000000
5804.00037765503;0.0000000;-0.0017672;0.0001968971;-4.137198E-05;0.0000000
5805.00030517578;0.0000000;-0.0017077;0.0001902677;9.964019E-06;0.0000000
5806.00023269653;0.0000000;-0.0017077;0.0001902677;3.88342E-06;0.0000000
5807.00016021729;0.0000000;-0.0017077;0.0001902677;1.513541E-06;0.0000000
5808.00008773804;0.0000000;-0.0017077;0.0001902677;5.89894E-07;0.0000000
5809.00049209595;0.0000000;-0.0017077;0.0001902677;2.299079E-07;0.0000000
5810.0004196167;0.0000000;-0.0017077;0.0001902677;8.960528E-08;0.0000000
5811.00034713745;0.0000000;-0.0016481;0.0001836272;2.616728E-05;0.0000000
5812.0002746582;0.0000000;-0.0017076;0.0001902566;-4.269034E-05;0.0000000
5813.00020217896;0.0000000;-0.0016481;0.0001836272;2.050724E-05;0.0000000
5814.00012969971;0.0000000;-0.0016481;0.0001836272;7.992579E-06;0.0000000
5815.00005722046;0.0000000;-0.0016481;0.0001836272;3.115063E-06;0.0000000
5816.00046157837;0.0000000;-0.0016481;0.0001836272;1.214078E-06;0.0000000
5817.00038909912;0.0000000;-0.0015885;0.0001769868;3.768117E-05;0.0000000
5818.00031661987;0.0000000;-0.0016480;0.0001836161;-2.245954E-05;0.0000000
5819.00024414063;0.0000000;-0.0016481;0.0001836272;5.163321E-06;0.0000000
5820.00017166138;0.0000000;-0.0015885;0.0001769868;3.508614E-05;0.0000000
5821.00009918213;0.0000000;-0.0015885;0.0001769868;1.367462E-05;0.0000000
5822.00050354004;0.0000000;-0.0016480;0.0001836161;-2.075891E-05;0.0000000
5823.00043106079;0.0000000;-0.0015885;0.0001769868;2.492761E-05;0.0000000
5824.00035858154;0.0000000;-0.0015885;0.0001769868;9.715394E-06;0.0000000
5825.00028610229;0.0000000;-0.0015885;0.0001769868;3.78652E-06;0.0000000
5826.00021362305;0.0000000;-0.0015885;0.0001769868;1.475775E-06;0.0000000
5827.0001411438;0.0000000;-0.0015885;0.0001769868;5.751749E-07;0.0000000
5828.00006866455;0.0000000;-0.0015885;0.0001769868;2.241711E-07;0.0000000
5829.00047302246;0.0000000;-0.0015289;0.0001703463;5.306515E-05;0.0000000
5830.00040054321;0.0000000;-0.0015289;0.0001703463;2.068184E-05;0.0000000
5831.00032806396;0.0000000;-0.0015884;0.0001769756;-2.495764E-05;0.0000000
5832.00025558472;0.0000000;-0.0015289;0.0001703463;3.206165E-05;0.0000000
5833.00018310547;0.0000000;-0.0015289;0.0001703463;1.249585E-05;0.0000000
5834.00011062622;0.0000000;-0.0015884;0.0001769756;-2.447939E-05;0.0000000
5835.00051498413;0.0000000;-0.0015289;0.0001703463;2.760485E-05;0.0000000
5836.00044250488;0.0000000;-0.0015289;0.0001703463;1.075884E-05;0.0000000
5837.00037002563;0.0000000;-0.0015289;0.0001703463;4.193196E-06;0.0000000
5838.00029754639;0.0000000;-0.0015289;0.0001703463;2.023324E-05;0.0000000
5839.00022506714;0.0000000;-0.0014693;0.0001637058;3.111455E-05;0.0000000
5840.00015258789;0.0000000;-0.0015884;0.0001769756;-7.799661E-05;0.0000000
5841.00008010864;0.0000000;-0.0015289;0.0001703463;2.249015E-05;0.0000000
5842.00048446655;0.0000000;-0.0014693;0.0001637058;5.06244E-05;0.0000000
5843.0004119873;0.0000000;-0.0014693;0.0001637058;1.973057E-05;0.0000000
5844.00033950806;0.0000000;-0.0015288;0.0001703351;-1.549991E-05;0.0000000
5845.00026702881;0.0000000;-0.0015288;0.0001703351;-6.041003E-06;0.0000000
5846.00019454956;0.0000000;-0.0015288;0.0001703351;-2.354447E-06;0.0000000
5847.00012207031;0.0000000;-0.0014693;0.0001637058;2.517088E-05;0.0000000
5848.00004959106;0.0000000;-0.0014693;0.0001637058;9.810206E-06;0.0000000
5849.00045394897;0.0000000;-0.0014693;0.0001637058;3.823472E-06;0.0000000
5850.00038146973;0.0000000;-0.0014693;0.0001637058;1.490177E-06;0.0000000
5851.00030899048;0.0000000;-0.0014693;0.0001637058;5.807879E-07;0.0000000
5852.00023651123;0.0000000;-0.0014693;0.0001637058;2.263588E-07;0.0000000
5853.00016403198;0.0000000;-0.0014693;0.0001637058;8.822205E-08;0.0000000
5854.00009155273;0.0000000;-0.0014693;0.0001637058;3.438405E-08;0.0000000
5855.00049591064;0.0000000;-0.0014097;0.0001570653;4.710476E-05;0.0000000
5856.0004234314;0.0000000;-0.0014692;0.0001636946;-2.865354E-05;0.0000000
5857.00035095215;0.0000000;-0.0014692;0.0001636946;-1.116755E-05;0.0000000
5858.0002784729;0.0000000;-0.0014692;0.0001636946;-4.352491E-06;0.0000000
5859.00020599365;0.0000000;-0.0014692;0.0001636946;-1.696359E-06;0.0000000
5860.0001335144;0.0000000;-0.0014692;0.0001636946;-6.611463E-07;0.0000000
5861.00006103516;0.0000000;-0.0014097;0.0001570653;3.27606E-05;0.0000000
5862.00046539307;0.0000000;-0.0014097;0.0001570653;1.276826E-05;0.0000000
5863.00039291382;0.0000000;-0.0014097;0.0001570653;4.976355E-06;0.0000000
5864.00032043457;0.0000000;-0.0014097;0.0001570653;1.939506E-06;0.0000000
5865.00024795532;0.0000000;-0.0014097;0.0001570653;7.559115E-07;0.0000000
5866.00017547607;0.0000000;-0.0014097;0.0001570653;2.946122E-07;0.0000000
5867.00010299683;0.0000000;-0.0014097;0.0001570653;1.148234E-07;0.0000000
5868.00050735474;0.0000000;-0.0014097;0.0001570653;4.475179E-08;0.0000000
5869.00043487549;0.0000000;-0.0014097;0.0001570653;1.744176E-08;0.0000000
5870.00036239624;0.0000000;-0.0014097;0.0001570653;6.797825E-09;0.0000000
5871.00028991699;0.0000000;-0.0014097;0.0001570653;2.649414E-09;0.0000000
5872.00021743774;0.0000000;-0.0014097;0.0001570653;1.032594E-09;0.0000000
5873.0001449585;0.0000000;-0.0013501;0.0001504248;3.720839E-05;0.0000000
5874.00007247925;0.0000000;-0.0013501;0.0001504248;1.450176E-05;0.0000000
5875.00047683716;0.0000000;-0.0013501;0.0001504248;5.651978E-06;0.0000000
5876.00040435791;0.0000000;-0.0013501;0.0001504248;2.202826E-06;0.0000000
5877.00033187866;0.0000000;-0.0013501;0.0001504248;8.585391E-07;0.0000000
5878.00025939941;0.0000000;-0.0013501;0.0001504248;3.346107E-07;0.0000000
5879.00018692017;0.0000000;-0.0013501;0.0001504248;1.304126E-07;0.0000000
5880.00011444092;0.0000000;-0.0013501;0.0001504248;5.082759E-08;0.0000000
5881.00004196167;0.0000000;-0.0013501;0.0001504248;1.980976E-08;0.0000000
5882.00044631958;0.0000000;-0.0013501;0.0001504248;7.720741E-09;0.0000000
5883.00037384033;0.0000000;-0.0013501;0.0001504248;3.009115E-09;0.0000000
5884.00030136108;0.0000000;-0.0013501;0.0001504248;1.172786E-09;0.0000000
5885.00022888184;0.0000000;-0.0013501;0.0001504248;4.570866E-10;0.0000000
5886.00015640259;0.0000000;-0.0013501;0.0001504248;1.781469E-10;0.0000000
5887.00008392334;0.0000000;-0.0013501;0.0001504248;6.943175E-11;0.0000000
5888.00048828125;0.0000000;-0.0012309;0.0001371438;7.125791E-05;0.0000000
5889.000415802;0.0000000;-0.0012904;0.0001437732;1.683857E-06;0.0000000
5890.00034332275;0.0000000;-0.0013500;0.0001504137;-4.120271E-05;0.0000000
5891.00027084351;0.0000000;-0.0012309;0.0001371438;8.393161E-05;0.0000000
5892.00019836426;0.0000000;-0.0012904;0.0001437732;6.623357E-06;0.0000000
5893.00012588501;0.0000000;-0.0012904;0.0001437732;2.581416E-06;0.0000000
5894.00005340576;0.0000000;-0.0012309;0.0001371438;3.815165E-05;0.0000000
5895.00045776367;0.0000000;-0.0012904;0.0001437732;-1.448019E-05;0.0000000
5896.00038528442;0.0000000;-0.0012904;0.0001437732;-5.64357E-06;0.0000000
5897.00031280518;0.0000000;-0.0012904;0.0001437732;-2.199549E-06;0.0000000
5898.00024032593;0.0000000;-0.0012309;0.0001371438;5.203163E-05;0.0000000
5899.00016784668;0.0000000;-0.0012309;0.0001371438;2.643882E-05;0.0000000
5900.00009536743;0.0000000;-0.0012309;0.0001371438;1.030438E-05;0.0000000
5901.00049972534;0.0000000;-0.0012309;0.0001371438;1.181206E-05;0.0000000
5902.00042724609;0.0000000;-0.0012309;0.0001371438;4.603682E-06;0.0000000
5903.00035476685;0.0000000;-0.0012309;0.0001371438;1.794259E-06;0.0000000
5904.0002822876;0.0000000;-0.0012309;0.0001371438;6.993022E-07;0.0000000
5905.00020980835;0.0000000;-0.0012309;0.0001371438;2.725491E-07;0.0000000
5906.0001373291;0.0000000;-0.0012309;0.0001371438;1.062245E-07;0.0000000
5907.00006484985;0.0000000;-0.0012309;0.0001371438;4.140039E-08;0.0000000
5908.00046920776;0.0000000;-0.0012309;0.0001371438;1.613557E-08;0.0000000
5909.00039672852;0.0000000;-0.0011713;0.0001305034;2.323505E-05;0.0000000
5910.00032424927;0.0000000;-0.0012308;0.0001371327;-2.029385E-05;0.0000000
5911.00025177002;0.0000000;-0.0011713;0.0001305034;2.510886E-05;0.0000000
5912.00017929077;0.0000000;-0.0012308;0.0001371327;-3.722631E-05;0.0000000
5913.00010681152;0.0000000;-0.0011713;0.0001305034;1.484084E-05;0.0000000
5914.00051116943;0.0000000;-0.0011713;0.0001305034;5.784132E-06;0.0000000
5915.00043869019;0.0000000;-0.0011713;0.0001305034;2.254333E-06;0.0000000
5916.00036621094;0.0000000;-0.0011713;0.0001305034;8.786134E-07;0.0000000
5917.00029373169;0.0000000;-0.0011713;0.0001305034;3.424346E-07;0.0000000
5918.00022125244;0.0000000;-0.0011713;0.0001305034;1.33462E-07;0.0000000
5919.00014877319;0.0000000;-0.0011713;0.0001305034;5.201604E-08;0.0000000
5920.00007629395;0.0000000;-0.0011713;0.0001305034;2.027296E-08;0.0000000
5921.00048065186;0.0000000;-0.0011713;0.0001305034;7.901272E-09;0.0000000
5922.00040817261;0.0000000;-0.0011713;0.0001305034;3.079476E-09;0.0000000
5923.00033569336;0.0000000;-0.0011713;0.0001305034;1.200208E-09;0.0000000
5924.00026321411;0.0000000;-0.0011713;0.0001305034;4.677744E-10;0.0000000
5925.00019073486;0.0000000;-0.0011713;0.0001305034;1.823124E-10;0.0000000
5926.00011825562;0.0000000;-0.0011713;0.0001305034;7.105525E-11;0.0000000
5927.00004577637;0.0000000;-0.0011713;0.0001305034;2.769338E-11;0.0000000
5928.00045013428;0.0000000;-0.0011713;0.0001305034;1.079334E-11;0.0000000
5929.00037765503;0.0000000;-0.0011713;0.0001305034;4.206643E-12;0.0000000
5930.00030517578;0.0000000;-0.0011713;0.0001305034;1.639515E-12;0.0000000
5931.00023269653;0.0000000;-0.0011116;0.0001238517;2.326774E-05;0.0000000
5932.00016021729;0.0000000;-0.0011116;0.0001238517;9.068469E-06;0.0000000
5933.00008773804;0.0000000;-0.0011116;0.0001238517;3.534385E-06;0.0000000
5934.00049209595;0.0000000;-0.0011116;0.0001238517;1.377506E-06;0.0000000
5935.0004196167;0.0000000;-0.0011116;0.0001238517;5.368753E-07;0.0000000
5936.00034713745;0.0000000;-0.0011116;0.0001238517;2.092441E-07;0.0000000
5937.0002746582;0.0000000;-0.0010520;0.0001172112;3.728954E-05;0.0000000
5938.00020217896;0.0000000;-0.0011115;0.0001238406;-1.155512E-05;0.0000000
5939.00012969971;0.0000000;-0.0010520;0.0001172112;2.851473E-05;0.0000000
5940.00005722046;0.0000000;-0.0010520;0.0001172112;1.111345E-05;0.0000000
5941.00046157837;0.0000000;-0.0011115;0.0001238406;-3.745735E-05;0.0000000
5942.00038909912;0.0000000;-0.0010520;0.0001172112;2.718997E-05;0.0000000
5943.00031661987;0.0000000;-0.0010519;0.0001172001;-1.318645E-05;0.0000000
5944.00024414063;0.0000000;-0.0010519;0.0001172001;-5.139344E-06;0.0000000
5945.00017166138;0.0000000;-0.0010519;0.0001172001;-2.00303E-06;0.0000000
5946.00009918213;0.0000000;-0.0010519;0.0001172001;-7.806697E-07;0.0000000
5947.00050354004;0.0000000;-0.0010519;0.0001172001;-3.042616E-07;0.0000000
5948.00043106079;0.0000000;-0.0009924;0.0001105708;3.702698E-05;0.0000000
5949.00035858154;0.0000000;-0.0009924;0.0001105708;1.443106E-05;0.0000000
5950.00028610229;0.0000000;-0.0009924;0.0001105708;5.624422E-06;0.0000000
5951.00021362305;0.0000000;-0.0009924;0.0001105708;2.192087E-06;0.0000000
5952.0001411438;0.0000000;-0.0009924;0.0001105708;8.543535E-07;0.0000000
5953.00006866455;0.0000000;-0.0009924;0.0001105708;3.329795E-07;0.0000000
5954.00047302246;0.0000000;-0.0009924;0.0001105708;1.297769E-07;0.0000000
5955.00040054321;0.0000000;-0.0009924;0.0001105708;5.05798E-08;0.0000000
5956.00032806396;0.0000000;-0.0009924;0.0001105708;1.971319E-08;0.0000000
5957.00025558472;0.0000000;-0.0009924;0.0001105708;7.683105E-09;0.0000000
5958.00018310547;0.0000000;-0.0009924;0.0001105708;2.994447E-09;0.0000000
5959.00011062622;0.0000000;-0.0009328;0.0001039303;2.613352E-05;0.0000000
5960.00051498413;0.0000000;-0.0009328;0.0001039303;1.018539E-05;0.0000000
5961.00044250488;0.0000000;-0.0009328;0.0001039303;3.969699E-06;0.0000000
5962.00037002563;0.0000000;-0.0009328;0.0001039303;1.547168E-06;0.0000000
5963.00029754639;0.0000000;-0.0009328;0.0001039303;6.029999E-07;0.0000000
5964.00022506714;0.0000000;-0.0009328;0.0001039303;2.350158E-07;0.0000000
5965.00015258789;0.0000000;-0.0009328;0.0001039303;9.159606E-08;0.0000000
5966.00008010864;0.0000000;-0.0008732;9.728979E-05;2.94346E-05;0.0000000
5967.00048446655;0.0000000;-0.0008732;9.728979E-05;1.147197E-05;0.0000000
5968.0004119873;0.0000000;-0.0009327;0.0001039191;-1.871865E-05;0.0000000
5969.00033950806;0.0000000;-0.0008732;9.728979E-05;2.985007E-05;0.0000000
5970.00026702881;0.0000000;-0.0008732;9.728979E-05;1.16339E-05;0.0000000
5971.00019454956;0.0000000;-0.0008732;9.728979E-05;4.534246E-06;0.0000000
5972.00012207031;0.0000000;-0.0008732;9.728979E-05;1.572297E-05;0.0000000
5973.00004959106;0.0000000;-0.0008732;9.728979E-05;6.127937E-06;0.0000000
5974.00045394897;0.0000000;-0.0008732;9.728979E-05;2.388329E-06;0.0000000
5975.00038146973;0.0000000;-0.0008732;9.728979E-05;9.308375E-07;0.0000000
5976.00030899048;0.0000000;-0.0008732;9.728979E-05;3.627887E-07;0.0000000
5977.00023651123;0.0000000;-0.0008732;9.728979E-05;1.413948E-07;0.0000000
5978.00016403198;0.0000000;-0.0008732;9.728979E-05;5.510783E-08;0.0000000
5979.00009155273;0.0000000;-0.0008136;9.064931E-05;2.615383E-05;0.0000000
5980.00049591064;0.0000000;-0.0008136;9.064931E-05;1.019331E-05;0.0000000
5981.0004234314;0.0000000;-0.0008731;9.727865E-05;-4.303957E-05;0.0000000
5982.00035095215;0.0000000;-0.0008136;9.064931E-05;1.257515E-05;0.0000000
5983.0002784729;0.0000000;-0.0008136;9.064931E-05;4.901093E-06;0.0000000
5984.00020599365;0.0000000;-0.0008136;9.064931E-05;1.910174E-06;0.0000000
5985.0001335144;0.0000000;-0.0008136;9.064931E-05;7.444794E-07;0.0000000
5986.00006103516;0.0000000;-0.0008136;9.064931E-05;2.901567E-07;0.0000000
5987.00046539307;0.0000000;-0.0007540;8.400882E-05;2.334185E-05;0.0000000
5988.00039291382;0.0000000;-0.0007540;8.400882E-05;9.097353E-06;0.0000000
5989.00032043457;0.0000000;-0.0007540;8.400882E-05;3.545642E-06;0.0000000
5990.00024795532;0.0000000;-0.0007540;8.400882E-05;1.381894E-06;0.0000000
5991.00017547607;0.0000000;-0.0007540;8.400882E-05;5.385853E-07;0.0000000
5992.00010299683;0.0000000;-0.0007540;8.400882E-05;2.099106E-07;0.0000000
5993.00050735474;0.0000000;-0.0006944;7.736834E-05;3.72898E-05;0.0000000
5994.00043487549;0.0000000;-0.0006944;7.736834E-05;1.453349E-05;0.0000000
5995.00036239624;0.0000000;-0.0006944;7.736834E-05;5.664345E-06;0.0000000
5996.00028991699;0.0000000;-0.0006944;7.736834E-05;2.207646E-06;0.0000000
5997.00021743774;0.0000000;-0.0006944;7.736834E-05;8.604177E-07;0.0000000
5998.0001449585;0.0000000;-0.0006944;7.736834E-05;3.353429E-07;0.0000000
5999.00007247925;0.0000000;-0.0006944;7.736834E-05;1.30698E-07;0.0000000
6000.00047683716;0.0000000;-0.0006944;7.736834E-05;5.093879E-08;0.0000000
6001.00040435791;0.0000000;-0.0006944;7.736834E-05;1.985311E-08;0.0000000
6002.00033187866;0.0000000;-0.0006348;7.072785E-05;3.308151E-05;0.0000000
6003.00025939941;0.0000000;-0.0006348;7.072785E-05;1.289333E-05;0.0000000
6004.00018692017;0.0000000;-0.0006348;7.072785E-05;5.025102E-06;0.0000000
6005.00011444092;0.0000000;-0.0006348;7.072785E-05;1.958505E-06;0.0000000
6006.00051879883;0.0000000;-0.0006348;7.072785E-05;7.633162E-07;0.0000000
6007.00044631958;0.0000000;-0.0006348;7.072785E-05;2.974982E-07;0.0000000
6008.00037384033;0.0000000;-0.0006348;7.072785E-05;1.159482E-07;0.0000000
6009.00030136108;0.0000000;-0.0005752;6.408737E-05;2.617755E-05;0.0000000
6010.00022888184;0.0000000;-0.0005752;6.408737E-05;1.020255E-05;0.0000000
6011.00015640259;0.0000000;-0.0005752;6.408737E-05;3.976387E-06;0.0000000
6012.00008392334;0.0000000;-0.0005752;6.408737E-05;1.549774E-06;0.0000000
6013.00048828125;0.0000000;-0.0005752;6.408737E-05;6.040158E-07;0.0000000
6014.000415802;0.0000000;-0.0005156;5.744688E-05;2.636777E-05;0.0000000
6015.00034332275;0.0000000;-0.0005156;5.744688E-05;1.027669E-05;0.0000000
6016.00027084351;0.0000000;-0.0004560;5.08064E-05;4.257682E-05;0.0000000
6017.00019836426;0.0000000;-0.0004560;5.08064E-05;1.659407E-05;0.0000000
6018.00012588501;0.0000000;-0.0004560;5.08064E-05;6.467446E-06;0.0000000
6019.00005340576;0.0000000;-0.0003964;4.416591E-05;5.549843E-05;0.0000000
6020.00045776367;0.0000000;-0.0003964;4.416591E-05;2.16302E-05;0.0000000
6021.00038528442;0.0000000;-0.0003964;4.416591E-05;8.430248E-06;0.0000000
6022.00031280518;0.0000000;-0.0003964;4.416591E-05;3.285642E-06;0.0000000
6023.00024032593;0.0000000;-0.0003964;4.416591E-05;1.28056E-06;0.0000000
6024.00016784668;0.0000000;-0.0003963;4.415477E-05;-1.931603E-05;0.0000000
6025.00009536743;0.0000000;-0.0003368;3.752543E-05;1.85602E-05;0.0000000
6026.00049972534;0.0000000;-0.0002772;3.088494E-05;3.046249E-05;0.0000000
6027.00042724609;0.0000000;-0.0002772;3.088494E-05;1.187258E-05;0.0000000
6028.00035476685;0.0000000;-0.0002772;3.088494E-05;4.627273E-06;0.0000000
6029.0002822876;0.0000000;-0.0001580;1.760397E-05;7.829371E-05;0.0000000
6030.00020980835;0.0000000;-0.0002175;2.423331E-05;4.426014E-06;0.0000000
6031.0001373291;0.0000000;-0.0001580;1.760397E-05;2.491481E-05;0.0000000
6032.00006484985;0.0000000;-0.0000984;1.096349E-05;4.278417E-05;0.0000000
6033.00046920776;0.0000000;-0.0000388;4.323E-06;6.965266E-05;0.0000000
6034.00039672852;0.0000000;0.0000208;-2.317485E-06;6.435472E-05;0.0000000
6035.00032424927;0.0000000;0.0001997;-2.225008E-05;0.0001432363;0.0000000
6036.00025177002;0.0000000;0.0004977;-5.545251E-05;0.0002654587;0.0000000
6037.00017929077;0.0000000;0.0007957;-8.865494E-05;0.000290383;0.0000000
6038.00010681152;0.0000000;0.0014513;-0.0001617003;0.0005060778;0.0000000
6039.00051116943;0.0000000;0.0021666;-0.0002413972;0.0006376416;0.0000000
6040.00043869019;0.0000000;0.0028223;-0.0003144537;0.0006477582;0.0000000
6041.00036621094;0.0000000;0.0032991;-0.0003675776;0.0005346399;0.0000000
6042.00029373169;0.0000000;0.0035971;-0.00040078;0.0003783737;0.0000000
6043.00022125244;0.0000000;0.0036568;-0.0004074317;0.0001648864;0.0000000
6044.00014877319;0.0000000;0.0036568;-0.0004074317;6.426354E-05;0.0000000
6045.00007629395;0.0000000;0.0036568;-0.0004074317;2.504635E-05;0.0000000
6046.00048065186;0.0000000;0.0036568;-0.0004074317;9.761674E-06;0.0000000
6047.00040817261;0.0000000;0.0036568;-0.0004074317;3.804557E-06;0.0000000
6048.00033569336;0.0000000;0.0036568;-0.0004074317;1.482805E-06;0.0000000
6049.00026321411;0.0000000;0.0035972;-0.0004007911;-5.239986E-05;0.0000000
6050.00019073486;0.0000000;0.0035972;-0.0004007911;-2.042255E-05;0.0000000
6051.00011825562;0.0000000;0.0035972;-0.0004007911;-7.959574E-06;0.0000000
6052.00052261353;0.0000000;0.0035972;-0.0004007911;-3.102199E-06;0.0000000
6053.00045013428;0.0000000;0.0035972;-0.0004007911;-1.209065E-06;0.0000000
6054.00037765503;0.0000000;0.0035972;-0.0004007911;-4.71226E-07;0.0000000
6055.00030517578;0.0000000;0.0035972;-0.0004007911;-1.836577E-07;0.0000000
6056.00023269653;0.0000000;0.0035376;-0.0003941507;-2.330034E-05;0.0000000
6057.00016021729;0.0000000;0.0035376;-0.0003941507;-9.081175E-06;0.0000000
6058.00008773804;0.0000000;0.0035376;-0.0003941507;-3.539337E-06;0.0000000
6059.00049209595;0.0000000;0.0034184;-0.0003808697;-5.40071E-05;0.0000000
6060.0004196167;0.0000000;0.0035375;-0.0003941395;5.511861E-05;0.0000000
6061.00034713745;0.0000000;0.0034780;-0.0003875102;-1.566339E-05;0.0000000
6062.0002746582;0.0000000;0.0033588;-0.0003742292;-6.163598E-05;0.0000000
6063.00020217896;0.0000000;0.0034779;-0.0003874991;4.718629E-05;0.0000000
6064.00012969971;0.0000000;0.0034184;-0.0003808697;-2.339817E-05;0.0000000
6065.00005722046;0.0000000;0.0034184;-0.0003808697;-9.119303E-06;0.0000000
6066.00046157837;0.0000000;0.0034184;-0.0003808697;-3.554197E-06;0.0000000
6067.00038909912;0.0000000;0.0034184;-0.0003808697;-1.385228E-06;0.0000000
6068.00031661987;0.0000000;0.0033588;-0.0003742292;-3.774787E-05;0.0000000
6069.00024414063;0.0000000;0.0033588;-0.0003742292;-1.471202E-05;0.0000000
6070.00017166138;0.0000000;0.0033588;-0.0003742292;-5.733926E-06;0.0000000
6071.00009918213;0.0000000;0.0032992;-0.0003675887;-3.530853E-05;0.0000000
6072.00050354004;0.0000000;0.0033587;-0.0003742181;2.338426E-05;0.0000000
6073.00043106079;0.0000000;0.0033587;-0.0003742181;9.113885E-06;0.0000000
6074.00035858154;0.0000000;0.0032396;-0.0003609483;-8.068483E-05;0.0000000
6075.00028610229;0.0000000;0.0032991;-0.0003675776;1.571822E-06;0.0000000
6076.00021362305;0.0000000;0.0032991;-0.0003675776;6.126087E-07;0.0000000
6077.0001411438;0.0000000;0.0032991;-0.0003675776;2.387607E-07;0.0000000
6078.00006866455;0.0000000;0.0032991;-0.0003675776;8.863535E-06;0.0000000
6079.00047302246;0.0000000;0.0032991;-0.0003675776;3.454513E-06;0.0000000
6080.00040054321;0.0000000;0.0032396;-0.0003609483;-4.153869E-05;0.0000000
6081.00032806396;0.0000000;0.0032396;-0.0003609483;-1.618947E-05;0.0000000
6082.00025558472;0.0000000;0.0032396;-0.0003609483;-1.246954E-05;0.0000000
6083.00018310547;0.0000000;0.0032396;-0.0003609483;-4.859934E-06;0.0000000
6084.00011062622;0.0000000;0.0032396;-0.0003609483;-1.894132E-06;0.0000000
6085.00051498413;0.0000000;0.0032396;-0.0003609483;-7.382271E-07;0.0000000
6086.00044250488;0.0000000;0.0031800;-0.0003543078;-2.642008E-05;0.0000000
6087.00037002563;0.0000000;0.0031800;-0.0003543078;-1.029707E-05;0.0000000
6088.00029754639;0.0000000;0.0031800;-0.0003543078;-4.013226E-06;0.0000000
6089.00022506714;0.0000000;0.0031800;-0.0003543078;-1.564132E-06;0.0000000
6090.00015258789;0.0000000;0.0031800;-0.0003543078;-6.096116E-07;0.0000000
6091.00008010864;0.0000000;0.0031204;-0.0003476673;-4.732895E-05;0.0000000
6092.00048446655;0.0000000;0.0031204;-0.0003476673;-1.844619E-05;0.0000000
6093.0004119873;0.0000000;0.0031204;-0.0003476673;-7.189298E-06;0.0000000
6094.00033950806;0.0000000;0.0031204;-0.0003476673;-2.801988E-06;0.0000000
6095.00026702881;0.0000000;0.0030608;-0.0003410268;-2.722442E-05;0.0000000
6096.00019454956;0.0000000;0.0030608;-0.0003410268;-1.061056E-05;0.0000000
6097.00012207031;0.0000000;0.0030608;-0.0003410268;-4.135406E-06;0.0000000
6098.00052642822;0.0000000;0.0030608;-0.0003410268;-1.611751E-06;0.0000000
6099.00045394897;0.0000000;0.0030608;-0.0003410268;-6.281708E-07;0.0000000
6100.00038146973;0.0000000;0.0030012;-0.0003343863;-5.32226E-05;0.0000000
6101.00030899048;0.0000000;0.0030012;-0.0003343863;-2.074321E-05;0.0000000
6102.00023651123;0.0000000;0.0030012;-0.0003343863;-8.084549E-06;0.0000000
6103.00016403198;0.0000000;0.0030012;-0.0003343863;-3.150907E-06;0.0000000
6104.00009155273;0.0000000;0.0030012;-0.0003343863;-1.228048E-06;0.0000000
6105.00049591064;0.0000000;0.0030012;-0.0003343863;-4.786249E-07;0.0000000
6106.0004234314;0.0000000;0.0030012;-0.0003343863;-1.865413E-07;0.0000000
6107.00035095215;0.0000000;0.0030012;-0.0003343863;-7.270344E-08;0.0000000
6108.0002784729;0.0000000;0.0029416;-0.0003277458;-2.942724E-05;0.0000000
6109.00020599365;0.0000000;0.0030011;-0.0003343752;2.154917E-05;0.0000000
6110.0001335144;0.0000000;0.0030011;-0.0003343752;8.39867E-06;0.0000000
6111.00006103516;0.0000000;0.0029416;-0.0003277458;-1.991646E-05;0.0000000
6112.00046539307;0.0000000;0.0029416;-0.0003277458;-7.762327E-06;0.0000000
6113.00039291382;0.0000000;0.0029416;-0.0003277458;-2.068809E-05;0.0000000
6114.00032043457;0.0000000;0.0028820;-0.0003211053;-4.992205E-05;0.0000000
6115.00024795532;0.0000000;0.0029415;-0.0003277347;3.343205E-05;0.0000000
6116.00017547607;0.0000000;0.0029415;-0.0003277347;1.302995E-05;0.0000000
6117.00010299683;0.0000000;0.0028224;-0.0003144649;-7.915856E-05;0.0000000
6118.00050735474;0.0000000;0.0028224;-0.0003144649;-3.08516E-05;0.0000000
6119.00043487549;0.0000000;0.0028819;-0.0003210942;1.116555E-05;0.0000000
6120.00036239624;0.0000000;0.0028224;-0.0003144649;-3.743704E-05;0.0000000
6121.00028991699;0.0000000;0.0028224;-0.0003144649;-1.459088E-05;0.0000000
6122.00021743774;0.0000000;0.0028819;-0.0003210942;2.733156E-05;0.0000000
6123.0001449585;0.0000000;0.0028224;-0.0003144649;-2.236595E-05;0.0000000
6124.00007247925;0.0000000;0.0027628;-0.0003078244;-3.811591E-05;0.0000000
6125.00047683716;0.0000000;0.0027628;-0.0003078244;-1.485546E-05;0.0000000
6126.00040435791;0.0000000;0.0028223;-0.0003144537;1.739996E-05;0.0000000
6127.00033187866;0.0000000;0.0027628;-0.0003078244;-2.256805E-05;0.0000000
6128.00025939941;0.0000000;0.0027628;-0.0003078244;-8.795768E-06;0.0000000
6129.00018692017;0.0000000;0.0027628;-0.0003078244;-3.428101E-06;0.0000000
6130.00011444092;0.0000000;0.0027628;-0.0003078244;-1.336083E-06;0.0000000
6131.00051879883;0.0000000;0.0027031;-0.0003011728;-5.35874E-05;0.0000000
6132.00044631958;0.0000000;0.0027627;-0.0003078132;2.09736E-05;0.0000000
6133.00037384033;0.0000000;0.0027627;-0.0003078132;8.174345E-06;0.0000000
6134.00030136108;0.0000000;0.0026435;-0.0002945322;-7.697922E-05;0.0000000
6135.00022888184;0.0000000;0.0026435;-0.0002945322;-3.000221E-05;0.0000000
6136.00015640259;0.0000000;0.0027030;-0.0003011616;2.132508E-05;0.0000000
6137.00008392334;0.0000000;0.0026435;-0.0002945322;-2.470695E-05;0.0000000
6138.00048828125;0.0000000;0.0026435;-0.0002945322;-9.629392E-06;0.0000000
6139.000415802;0.0000000;0.0026435;-0.0002945322;-3.753002E-06;0.0000000
6140.00034332275;0.0000000;0.0025839;-0.0002878918;-3.086161E-05;0.0000000
6141.00027084351;0.0000000;0.0025839;-0.0002878918;-1.202814E-05;0.0000000
6142.00019836426;0.0000000;0.0025839;-0.0002878918;-4.687899E-06;0.0000000
6143.00012588501;0.0000000;0.0025243;-0.0002812513;-4.368606E-05;0.0000000
6144.00005340576;0.0000000;0.0025838;-0.0002878806;9.062116E-06;0.0000000
6145.00045776367;0.0000000;0.0025243;-0.0002812513;-4.935698E-05;0.0000000
6146.00038528442;0.0000000;0.0025243;-0.0002812513;-1.92366E-05;0.0000000
6147.00031280518;0.0000000;0.0025242;-0.0002812402;1.106263E-05;0.0000000
6148.00024032593;0.0000000;0.0025242;-0.0002812402;4.311597E-06;0.0000000
6149.00016784668;0.0000000;0.0024647;-0.0002746108;-2.440809E-05;0.0000000
6150.00009536743;0.0000000;0.0024647;-0.0002746108;-9.512917E-06;0.0000000
6151.00049972534;0.0000000;0.0024647;-0.0002746108;-3.707606E-06;0.0000000
6152.00042724609;0.0000000;0.0024051;-0.0002679703;-3.084392E-05;0.0000000
6153.00035476685;0.0000000;0.0024051;-0.0002679703;-1.202124E-05;0.0000000
6154.0002822876;0.0000000;0.0024051;-0.0002679703;-4.685212E-06;0.0000000
6155.00020980835;0.0000000;0.0023455;-0.0002613298;-4.368502E-05;0.0000000
6156.0001373291;0.0000000;0.0022859;-0.0002546894;-5.009976E-05;0.0000000
6157.00006484985;0.0000000;0.0022263;-0.0002480489;-6.138508E-05;0.0000000
6158.00046920776;0.0000000;0.0021667;-0.0002414084;-7.690227E-05;0.0000000
6159.00039672852;0.0000000;0.0021071;-0.0002347679;-7.706358E-05;0.0000000
6160.00032424927;0.0000000;0.0020475;-0.0002281274;-6.724308E-05;0.0000000
6161.00025177002;0.0000000;0.0018091;-0.0002015655;-0.0001795964;0.0000000
6162.00017929077;0.0000000;0.0014514;-0.0001617114;-0.0002971984;0.0000000
6163.00010681152;0.0000000;0.0009746;-0.0001085875;-0.0004207805;0.0000000
6164.00051116943;0.0000000;0.0002594;-2.890171E-05;-0.0006042366;0.0000000
6165.00043869019;0.0000000;-0.0005155;5.743574E-05;-0.0006938949;0.0000000
6166.00036621094;0.0000000;-0.0011115;0.0001238406;-0.0006206176;0.0000000
6167.00029373169;0.0000000;-0.0015288;0.0001703351;-0.0004759547;0.0000000
6168.00022125244;0.0000000;-0.0016480;0.0001836161;-0.0002521075;0.0000000
6169.00014877319;0.0000000;-0.0016480;0.0001836161;-9.825749E-05;0.0000000
6170.00007629395;0.0000000;-0.0017076;0.0001902566;-8.015428E-05;0.0000000
6171.00048065186;0.0000000;-0.0017672;0.0001968971;-8.421745E-05;0.0000000
6172.00040817261;0.0000000;-0.0017672;0.0001968971;-3.282327E-05;0.0000000
6173.00033569336;0.0000000;-0.0017077;0.0001902677;1.655689E-05;0.0000000
6174.00026321411;0.0000000;-0.0017077;0.0001902677;6.452954E-06;0.0000000
6175.00019073486;0.0000000;-0.0017672;0.0001968971;-2.067479E-05;0.0000000
6176.00011825562;0.0000000;-0.0017077;0.0001902677;3.895447E-05;0.0000000
6177.00052261353;0.0000000;-0.0017672;0.0001968971;-3.770661E-05;0.0000000
6178.00045013428;0.0000000;-0.0017672;0.0001968971;-1.469594E-05;0.0000000
6179.00037765503;0.0000000;-0.0017077;0.0001902677;3.14179E-05;0.0000000
6180.00030517578;0.0000000;-0.0017077;0.0001902677;1.224495E-05;0.0000000
6181.00023269653;0.0000000;-0.0017077;0.0001902677;4.772399E-06;0.0000000
6182.00016021729;0.0000000;-0.0017077;0.0001902677;1.860015E-06;0.0000000
6183.00008773804;0.0000000;-0.0017077;0.0001902677;7.249306E-07;0.0000000
6184.00049209595;0.0000000;-0.0017077;0.0001902677;2.825376E-07;0.0000000
6185.0004196167;0.0000000;-0.0017077;0.0001902677;1.101174E-07;0.0000000
6186.00034713745;0.0000000;-0.0017077;0.0001902677;4.291765E-08;0.0000000
6187.0002746582;0.0000000;-0.0016481;0.0001836272;5.29945E-05;0.0000000
6188.00020217896;0.0000000;-0.0016481;0.0001836272;2.065431E-05;0.0000000
6189.00012969971;0.0000000;-0.0017076;0.0001902566;-2.129968E-05;0.0000000
6190.00005722046;0.0000000;-0.0016481;0.0001836272;2.884413E-05;0.0000000
6191.00046157837;0.0000000;-0.0016480;0.0001836161;1.437477E-06;0.0000000
6192.00038909912;0.0000000;-0.0017076;0.0001902566;-3.251352E-05;0.0000000
6193.00031661987;0.0000000;-0.0016481;0.0001836272;3.434039E-05;0.0000000
6194.00024414063;0.0000000;-0.0016481;0.0001836272;1.338397E-05;0.0000000
6195.00017166138;0.0000000;-0.0016481;0.0001836272;5.216327E-06;0.0000000
6196.00009918213;0.0000000;-0.0016481;0.0001836272;2.033034E-06;0.0000000
6197.00050354004;0.0000000;-0.0016481;0.0001836272;7.923634E-07;0.0000000
6198.00043106079;0.0000000;-0.0015885;0.0001769868;2.644118E-05;0.0000000
6199.00035858154;0.0000000;-0.0016480;0.0001836161;-3.148345E-05;0.0000000
6200.00028610229;0.0000000;-0.0016481;0.0001836272;1.738963E-05;0.0000000
6201.00021362305;0.0000000;-0.0015885;0.0001769868;3.290987E-05;0.0000000
6202.0001411438;0.0000000;-0.0016480;0.0001836161;-2.431912E-05;0.0000000
6203.00006866455;0.0000000;-0.0016480;0.0001836161;-9.47824E-06;0.0000000
6204.00047302246;0.0000000;-0.0015885;0.0001769868;2.565549E-05;0.0000000
6205.00040054321;0.0000000;-0.0015885;0.0001769868;9.999081E-06;0.0000000
6206.00032806396;0.0000000;-0.0015885;0.0001769868;3.897085E-06;0.0000000
6207.00025558472;0.0000000;-0.0015885;0.0001769868;1.518867E-06;0.0000000
6208.00018310547;0.0000000;-0.0015885;0.0001769868;5.919698E-07;0.0000000
6209.00011062622;0.0000000;-0.0015885;0.0001769868;2.307169E-07;0.0000000
6210.00051498413;0.0000000;-0.0015885;0.0001769868;8.992058E-08;0.0000000
6211.00044250488;0.0000000;-0.0015885;0.0001769868;3.504604E-08;0.0000000
6212.00037002563;0.0000000;-0.0015885;0.0001769868;1.365899E-08;0.0000000
6213.00029754639;0.0000000;-0.0015885;0.0001769868;5.323515E-09;0.0000000
6214.00022506714;0.0000000;-0.0015289;0.0001703463;2.613443E-05;0.0000000
6215.00015258789;0.0000000;-0.0015289;0.0001703463;1.018575E-05;0.0000000
6216.00008010864;0.0000000;-0.0015289;0.0001703463;3.969838E-06;0.0000000
6217.00048446655;0.0000000;-0.0015289;0.0001703463;1.547222E-06;0.0000000
6218.0004119873;0.0000000;-0.0015289;0.0001703463;6.03021E-07;0.0000000
6219.00033950806;0.0000000;-0.0015289;0.0001703463;2.35024E-07;0.0000000
6220.00026702881;0.0000000;-0.0015289;0.0001703463;9.159928E-08;0.0000000
6221.00019454956;0.0000000;-0.0015884;0.0001769756;-3.298257E-05;0.0000000
6222.00012207031;0.0000000;-0.0015289;0.0001703463;2.01635E-05;0.0000000
6223.00052642822;0.0000000;-0.0015289;0.0001703463;7.858613E-06;0.0000000
6224.00045394897;0.0000000;-0.0015289;0.0001703463;3.06285E-06;0.0000000
6225.00038146973;0.0000000;-0.0015289;0.0001703463;1.193729E-06;0.0000000
6226.00030899048;0.0000000;-0.0014693;0.0001637058;3.353901E-05;0.0000000
6227.00023651123;0.0000000;-0.0014693;0.0001637058;1.307164E-05;0.0000000
6228.00016403198;0.0000000;-0.0015288;0.0001703351;-1.809519E-05;0.0000000
6229.00009155273;0.0000000;-0.0014693;0.0001637058;3.009306E-05;0.0000000
6230.00049591064;0.0000000;-0.0014693;0.0001637058;1.17286E-05;0.0000000
6231.0004234314;0.0000000;-0.0015288;0.0001703351;-3.72176E-05;0.0000000
6232.00035095215;0.0000000;-0.0014693;0.0001637058;8.684442E-06;0.0000000
6233.0002784729;0.0000000;-0.0014693;0.0001637058;3.384712E-06;0.0000000
6234.00020599365;0.0000000;-0.0014693;0.0001637058;1.319172E-06;0.0000000
6235.0001335144;0.0000000;-0.0014693;0.0001637058;5.1414E-07;0.0000000
6236.00006103516;0.0000000;-0.0014693;0.0001637058;2.003832E-07;0.0000000
6237.00046539307;0.0000000;-0.0014693;0.0001637058;7.80982E-08;0.0000000
6238.00039291382;0.0000000;-0.0014693;0.0001637058;3.043833E-08;0.0000000
6239.00032043457;0.0000000;-0.0014693;0.0001637058;1.186317E-08;0.0000000
6240.00024795532;0.0000000;-0.0014097;0.0001570653;5.29824E-05;0.0000000
6241.00017547607;0.0000000;-0.0014097;0.0001570653;2.064959E-05;0.0000000
6242.00010299683;0.0000000;-0.0014692;0.0001636946;-3.374069E-05;0.0000000
6243.00050735474;0.0000000;-0.0014097;0.0001570653;3.38621E-05;0.0000000
6244.00043487549;0.0000000;-0.0014097;0.0001570653;1.319756E-05;0.0000000
6245.00036239624;0.0000000;-0.0014097;0.0001570653;5.143675E-06;0.0000000
6246.00028991699;0.0000000;-0.0014097;0.0001570653;2.004718E-06;0.0000000
6247.00021743774;0.0000000;-0.0014097;0.0001570653;7.813276E-07;0.0000000
6248.0001449585;0.0000000;-0.0014097;0.0001570653;3.04518E-07;0.0000000
6249.00007247925;0.0000000;-0.0014097;0.0001570653;1.186842E-07;0.0000000
6250.00047683716;0.0000000;-0.0014097;0.0001570653;4.625648E-08;0.0000000
6251.00040435791;0.0000000;-0.0014097;0.0001570653;1.80282E-08;0.0000000
6252.00033187866;0.0000000;-0.0014097;0.0001570653;7.026388E-09;0.0000000
6253.00025939941;0.0000000;-0.0013501;0.0001504248;2.61351E-05;0.0000000
6254.00018692017;0.0000000;-0.0013501;0.0001504248;1.018601E-05;0.0000000
6255.00011444092;0.0000000;-0.0014096;0.0001570542;-2.211857E-05;0.0000000
6256.00051879883;0.0000000;-0.0014096;0.0001570542;-3.21599E-05;0.0000000
6257.00044631958;0.0000000;-0.0013501;0.0001504248;2.048414E-05;0.0000000
6258.00037384033;0.0000000;-0.0013501;0.0001504248;7.983576E-06;0.0000000
6259.00030136108;0.0000000;-0.0013501;0.0001504248;3.111554E-06;0.0000000
6260.00022888184;0.0000000;-0.0013501;0.0001504248;1.21271E-06;0.0000000
6261.00015640259;0.0000000;-0.0013501;0.0001504248;4.72647E-07;0.0000000
6262.00008392334;0.0000000;-0.0013501;0.0001504248;1.842115E-07;0.0000000
6263.00048828125;0.0000000;-0.0013501;0.0001504248;7.179538E-08;0.0000000
6264.000415802;0.0000000;-0.0013501;0.0001504248;2.798185E-08;0.0000000
6265.00034332275;0.0000000;-0.0013501;0.0001504248;1.090577E-08;0.0000000
6266.00027084351;0.0000000;-0.0013501;0.0001504248;4.250461E-09;0.0000000
6267.00019836426;0.0000000;-0.0012905;0.0001437843;2.613402E-05;0.0000000
6268.00012588501;0.0000000;-0.0013500;0.0001504137;-1.30042E-05;0.0000000
6269.00053024292;0.0000000;-0.0013500;0.0001504137;-5.068314E-06;0.0000000
6270.00045776367;0.0000000;-0.0013500;0.0001504137;-1.975347E-06;0.0000000
6271.00038528442;0.0000000;-0.0013500;0.0001504137;-7.698802E-07;0.0000000
6272.00031280518;0.0000000;-0.0013500;0.0001504137;-3.000565E-07;0.0000000
6273.00024032593;0.0000000;-0.0013500;0.0001504137;-1.169453E-07;0.0000000
6274.00016784668;0.0000000;-0.0013500;0.0001504137;-4.557877E-08;0.0000000
6275.00009536743;0.0000000;-0.0012904;0.0001437732;1.626638E-05;0.0000000
6276.00049972534;0.0000000;-0.0012904;0.0001437732;6.33973E-06;0.0000000
6277.00042724609;0.0000000;-0.0012904;0.0001437732;2.470874E-06;0.0000000
6278.00035476685;0.0000000;-0.0012904;0.0001437732;9.630089E-07;0.0000000
6279.0002822876;0.0000000;-0.0012904;0.0001437732;3.753273E-07;0.0000000
6280.00020980835;0.0000000;-0.0012904;0.0001437732;1.462817E-07;0.0000000
6281.0001373291;0.0000000;-0.0012309;0.0001371438;5.29459E-05;0.0000000
6282.00006484985;0.0000000;-0.0012904;0.0001437732;-1.284149E-05;0.0000000
6283.00046920776;0.0000000;-0.0012904;0.0001437732;-5.004899E-06;0.0000000
6284.00039672852;0.0000000;-0.0012309;0.0001371438;3.600799E-05;0.0000000
6285.00032424927;0.0000000;-0.0012904;0.0001437732;-2.775484E-05;0.0000000
6286.00025177002;0.0000000;-0.0012309;0.0001371438;3.619505E-05;0.0000000
6287.00017929077;0.0000000;-0.0012309;0.0001371438;1.410682E-05;0.0000000
6288.00010681152;0.0000000;-0.0012309;0.0001371438;8.759114E-06;0.0000000
6289.00051116943;0.0000000;-0.0012309;0.0001371438;3.413815E-06;0.0000000
6290.00043869019;0.0000000;-0.0012904;0.0001437732;-3.186311E-05;0.0000000
6291.00036621094;0.0000000;-0.0012309;0.0001371438;1.693111E-05;0.0000000
6292.00029373169;0.0000000;-0.0011713;0.0001305034;4.380679E-05;0.0000000
6293.00022125244;0.0000000;-0.0012308;0.0001371327;-1.227613E-05;0.0000000
6294.00014877319;0.0000000;-0.0012308;0.0001371327;-4.784551E-06;0.0000000
6295.00007629395;0.0000000;-0.0012308;0.0001371327;-1.864752E-06;0.0000000
6296.00048065186;0.0000000;-0.0011713;0.0001305034;5.216212E-05;0.0000000
6297.00040817261;0.0000000;-0.0011713;0.0001305034;2.032989E-05;0.0000000
6298.00033569336;0.0000000;-0.0011713;0.0001305034;7.92346E-06;0.0000000
6299.00026321411;0.0000000;-0.0011713;0.0001305034;3.088123E-06;0.0000000
6300.00019073486;0.0000000;-0.0011713;0.0001305034;1.203579E-06;0.0000000
6301.00011825562;0.0000000;-0.0011713;0.0001305034;4.69088E-07;0.0000000
6302.00052261353;0.0000000;-0.0011713;0.0001305034;1.828244E-07;0.0000000
6303.00045013428;0.0000000;-0.0011713;0.0001305034;7.125478E-08;0.0000000
6304.00037765503;0.0000000;-0.0012308;0.0001371327;-4.176098E-05;0.0000000
6305.00030517578;0.0000000;-0.0011713;0.0001305034;2.551265E-05;0.0000000
6306.00023269653;0.0000000;-0.0011713;0.0001305034;9.943411E-06;0.0000000
6307.00016021729;0.0000000;-0.0011713;0.0001305034;3.875388E-06;0.0000000
6308.00008773804;0.0000000;-0.0011713;0.0001305034;1.510411E-06;0.0000000
6309.00049209595;0.0000000;-0.0011713;0.0001305034;5.88674E-07;0.0000000
6310.0004196167;0.0000000;-0.0011713;0.0001305034;2.294324E-07;0.0000000
6311.00034713745;0.0000000;-0.0011713;0.0001305034;8.941997E-08;0.0000000
6312.0002746582;0.0000000;-0.0011713;0.0001305034;3.485093E-08;0.0000000
6313.00020217896;0.0000000;-0.0011713;0.0001305034;1.358295E-08;0.0000000
6314.00012969971;0.0000000;-0.0011713;0.0001305034;5.293879E-09;0.0000000
6315.00053405762;0.0000000;-0.0011713;0.0001305034;2.063259E-09;0.0000000
6316.00046157837;0.0000000;-0.0011116;0.0001238517;2.944903E-05;0.0000000
6317.00038909912;0.0000000;-0.0011116;0.0001238517;1.147759E-05;0.0000000
6318.00031661987;0.0000000;-0.0011116;0.0001238517;4.473328E-06;0.0000000
6319.00024414063;0.0000000;-0.0011116;0.0001238517;1.743454E-06;0.0000000
6320.00017166138;0.0000000;-0.0011116;0.0001238517;6.795015E-07;0.0000000
6321.00009918213;0.0000000;-0.0011116;0.0001238517;2.648318E-07;0.0000000
6322.00050354004;0.0000000;-0.0011116;0.0001238517;1.032167E-07;0.0000000
6323.00043106079;0.0000000;-0.0011116;0.0001238517;4.022812E-08;0.0000000
6324.00035858154;0.0000000;-0.0011116;0.0001238517;1.567869E-08;0.0000000
6325.00028610229;0.0000000;-0.0011116;0.0001238517;6.110679E-09;0.0000000
6326.00021362305;0.0000000;-0.0011116;0.0001238517;2.381602E-09;0.0000000
6327.0001411438;0.0000000;-0.0011115;0.0001238406;-6.884986E-06;0.0000000
6328.00006866455;0.0000000;-0.0011115;0.0001238406;-2.683384E-06;0.0000000
6329.00047302246;0.0000000;-0.0011115;0.0001238406;-1.045834E-06;0.0000000
6330.00040054321;0.0000000;-0.0011115;0.0001238406;-4.076079E-07;0.0000000
6331.00032806396;0.0000000;-0.0011115;0.0001238406;-1.588629E-07;0.0000000
6332.00025558472;0.0000000;-0.0010520;0.0001172112;2.312787E-05;0.0000000
6333.00018310547;0.0000000;-0.0011115;0.0001238406;-3.277479E-05;0.0000000
6334.00011062622;0.0000000;-0.0011115;0.0001238406;-1.277379E-05;0.0000000
6335.00051498413;0.0000000;-0.0010520;0.0001172112;2.111E-05;0.0000000
6336.00044250488;0.0000000;-0.0010520;0.0001172112;8.227502E-06;0.0000000
6337.00037002563;0.0000000;-0.0011115;0.0001238406;-2.288189E-05;0.0000000
6338.00029754639;0.0000000;-0.0009924;0.0001105708;6.136306E-05;0.0000000
6339.00022506714;0.0000000;-0.0010519;0.0001172001;-2.309644E-05;0.0000000
6340.00015258789;0.0000000;-0.0010519;0.0001172001;-9.001707E-06;0.0000000
6341.00008010864;0.0000000;-0.0010519;0.0001172001;-3.508365E-06;0.0000000
6342.00048446655;0.0000000;-0.0010519;0.0001172001;-1.367365E-06;0.0000000
6343.0004119873;0.0000000;-0.0009924;0.0001105708;5.235597E-05;0.0000000
6344.00033950806;0.0000000;-0.0009924;0.0001105708;2.040544E-05;0.0000000
6345.00026702881;0.0000000;-0.0009924;0.0001105708;7.952905E-06;0.0000000
6346.00019454956;0.0000000;-0.0009924;0.0001105708;1.705537E-05;0.0000000
6347.00012207031;0.0000000;-0.0009924;0.0001105708;6.647233E-06;0.0000000
6348.00052642822;0.0000000;-0.0009924;0.0001105708;2.590722E-06;0.0000000
6349.00045394897;0.0000000;-0.0009924;0.0001105708;1.009719E-06;0.0000000
6350.00038146973;0.0000000;-0.0009924;0.0001105708;3.935322E-07;0.0000000
6351.00030899048;0.0000000;-0.0009924;0.0001105708;1.533769E-07;0.0000000
6352.00023651123;0.0000000;-0.0009924;0.0001105708;5.97778E-08;0.0000000
6353.00016403198;0.0000000;-0.0009924;0.0001105708;2.329806E-08;0.0000000
6354.00009155273;0.0000000;-0.0009924;0.0001105708;9.080286E-09;0.0000000
6355.00049591064;0.0000000;-0.0009924;0.0001105708;3.53899E-09;0.0000000
6356.0004234314;0.0000000;-0.0009924;0.0001105708;1.379301E-09;0.0000000
6357.00035095215;0.0000000;-0.0009924;0.0001105708;5.37575E-10;0.0000000
6358.0002784729;0.0000000;-0.0009924;0.0001105708;2.095168E-10;0.0000000
6359.00020599365;0.0000000;-0.0009924;0.0001105708;8.165799E-11;0.0000000
6360.0001335144;0.0000000;-0.0009924;0.0001105708;3.182574E-11;0.0000000
6361.00053787231;0.0000000;-0.0009924;0.0001105708;1.24039E-11;0.0000000
6362.00046539307;0.0000000;-0.0009328;0.0001039303;4.709136E-05;0.0000000
6363.00039291382;0.0000000;-0.0009328;0.0001039303;1.835359E-05;0.0000000
6364.00032043457;0.0000000;-0.0009328;0.0001039303;7.153209E-06;0.0000000
6365.00024795532;0.0000000;-0.0009328;0.0001039303;2.787923E-06;0.0000000
6366.00017547607;0.0000000;-0.0009328;0.0001039303;1.086577E-06;0.0000000
6367.00010299683;0.0000000;-0.0009328;0.0001039303;4.234873E-07;0.0000000
6368.00050735474;0.0000000;-0.0009328;0.0001039303;1.650518E-07;0.0000000
6369.00043487549;0.0000000;-0.0009328;0.0001039303;6.432799E-08;0.0000000
6370.00036239624;0.0000000;-0.0009328;0.0001039303;2.507147E-08;0.0000000
6371.00028991699;0.0000000;-0.0009328;0.0001039303;9.771464E-09;0.0000000
6372.00021743774;0.0000000;-0.0009328;0.0001039303;3.808372E-09;0.0000000
6373.0001449585;0.0000000;-0.0009328;0.0001039303;1.484291E-09;0.0000000
6374.00007247925;0.0000000;-0.0009328;0.0001039303;5.784941E-10;0.0000000
6375.00047683716;0.0000000;-0.0009328;0.0001039303;2.254648E-10;0.0000000
6376.00040435791;0.0000000;-0.0009328;0.0001039303;8.787363E-11;0.0000000
6377.00033187866;0.0000000;-0.0009328;0.0001039303;3.424825E-11;0.0000000
6378.00025939941;0.0000000;-0.0009328;0.0001039303;1.334806E-11;0.0000000
6379.00018692017;0.0000000;-0.0009328;0.0001039303;5.202331E-12;0.0000000
6380.00011444092;0.0000000;-0.0009328;0.0001039303;2.027579E-12;0.0000000
6381.00051879883;0.0000000;-0.0009328;0.0001039303;7.902374E-13;0.0000000
6382.00044631958;0.0000000;-0.0009328;0.0001039303;3.079905E-13;0.0000000
6383.00037384033;0.0000000;-0.0008732;9.728979E-05;3.307376E-05;0.0000000
6384.00030136108;0.0000000;-0.0008732;9.728979E-05;1.289031E-05;0.0000000
6385.00022888184;0.0000000;-0.0008732;9.728979E-05;8.692624E-06;0.0000000
6386.00015640259;0.0000000;-0.0008732;9.728979E-05;3.387901E-06;0.0000000
6387.00008392334;0.0000000;-0.0008732;9.728979E-05;1.320415E-06;0.0000000
6388.00048828125;0.0000000;-0.0009327;0.0001039191;-4.947554E-05;0.0000000
6389.000415802;0.0000000;-0.0008732;9.728979E-05;3.906975E-06;0.0000000
6390.00034332275;0.0000000;-0.0008732;9.728979E-05;1.522721E-06;0.0000000
6391.00027084351;0.0000000;-0.0008732;9.728979E-05;5.934721E-07;0.0000000
6392.00019836426;0.0000000;-0.0008732;9.728979E-05;2.313024E-07;0.0000000
6393.00012588501;0.0000000;-0.0008732;9.728979E-05;9.01488E-08;0.0000000
6394.00053024292;0.0000000;-0.0008732;9.728979E-05;3.513498E-08;0.0000000
6395.00045776367;0.0000000;-0.0008732;9.728979E-05;1.369366E-08;0.0000000
6396.00038528442;0.0000000;-0.0008732;9.728979E-05;5.337027E-09;0.0000000
6397.00031280518;0.0000000;-0.0008732;9.728979E-05;2.080076E-09;0.0000000
6398.00024032593;0.0000000;-0.0008732;9.728979E-05;8.106979E-10;0.0000000
6399.00016784668;0.0000000;-0.0008732;9.728979E-05;3.159649E-10;0.0000000
6400.00009536743;0.0000000;-0.0008136;9.064931E-05;3.307389E-05;0.0000000
6401.00049972534;0.0000000;-0.0008136;9.064931E-05;1.289036E-05;0.0000000
6402.00042724609;0.0000000;-0.0008731;9.727865E-05;-2.106457E-05;0.0000000
6403.00035476685;0.0000000;-0.0008136;9.064931E-05;2.893576E-05;0.0000000
6404.0002822876;0.0000000;-0.0008136;9.064931E-05;1.127755E-05;0.0000000
6405.00020980835;0.0000000;-0.0008136;9.064931E-05;2.793468E-05;0.0000000
6406.0001373291;0.0000000;-0.0008136;9.064931E-05;1.088738E-05;0.0000000
6407.00054168701;0.0000000;-0.0008136;9.064931E-05;4.243296E-06;0.0000000
6408.00046920776;0.0000000;-0.0008136;9.064931E-05;1.653801E-06;0.0000000
6409.00039672852;0.0000000;-0.0008136;9.064931E-05;6.445595E-07;0.0000000
6410.00032424927;0.0000000;-0.0008136;9.064931E-05;2.512135E-07;0.0000000
6411.00025177002;0.0000000;-0.0008136;9.064931E-05;9.790902E-08;0.0000000
6412.00017929077;0.0000000;-0.0008136;9.064931E-05;3.815949E-08;0.0000000
6413.00010681152;0.0000000;-0.0008136;9.064931E-05;1.487244E-08;0.0000000
6414.00051116943;0.0000000;-0.0008136;9.064931E-05;5.79645E-09;0.0000000
6415.00043869019;0.0000000;-0.0008136;9.064931E-05;2.259134E-09;0.0000000
6416.00036621094;0.0000000;-0.0008136;9.064931E-05;8.804846E-10;0.0000000
6417.00029373169;0.0000000;-0.0007540;8.400882E-05;5.297812E-05;0.0000000
6418.00022125244;0.0000000;-0.0007540;8.400882E-05;2.064792E-05;0.0000000
6419.00014877319;0.0000000;-0.0007540;8.400882E-05;8.047412E-06;0.0000000
6420.00007629395;0.0000000;-0.0007540;8.400882E-05;3.136433E-06;0.0000000
6421.00048065186;0.0000000;-0.0007540;8.400882E-05;1.222407E-06;0.0000000
6422.00040817261;0.0000000;-0.0007540;8.400882E-05;4.764263E-07;0.0000000
6423.00033569336;0.0000000;-0.0007540;8.400882E-05;1.856844E-07;0.0000000
6424.00026321411;0.0000000;-0.0007540;8.400882E-05;7.236945E-08;0.0000000
6425.00019073486;0.0000000;-0.0007540;8.400882E-05;2.820559E-08;0.0000000
6426.00011825562;0.0000000;-0.0007540;8.400882E-05;1.099297E-08;0.0000000
6427.00052261353;0.0000000;-0.0007540;8.400882E-05;4.284447E-09;0.0000000
6428.00045013428;0.0000000;-0.0006944;7.736834E-05;3.307544E-05;0.0000000
6429.00037765503;0.0000000;-0.0007539;8.399768E-05;-1.645861E-05;0.0000000
6430.00030517578;0.0000000;-0.0007539;8.399768E-05;-6.414651E-06;0.0000000
6431.00023269653;0.0000000;-0.0007539;8.399768E-05;-2.500073E-06;0.0000000
6432.00016021729;0.0000000;-0.0007539;8.399768E-05;-9.743894E-07;0.0000000
6433.00008773804;0.0000000;-0.0006944;7.736834E-05;3.263851E-05;0.0000000
6434.00049209595;0.0000000;-0.0006944;7.736834E-05;1.272068E-05;0.0000000
6435.0004196167;0.0000000;-0.0007539;8.399768E-05;-2.806046E-05;0.0000000
6436.00034713745;0.0000000;-0.0006944;7.736834E-05;3.085234E-05;0.0000000
6437.0002746582;0.0000000;-0.0006944;7.736834E-05;1.202453E-05;0.0000000
6438.00020217896;0.0000000;-0.0006944;7.736834E-05;4.686492E-06;0.0000000
6439.00012969971;0.0000000;-0.0006944;7.736834E-05;1.826534E-06;0.0000000
6440.00053405762;0.0000000;-0.0006944;7.736834E-05;7.118812E-07;0.0000000
6441.00046157837;0.0000000;-0.0006944;7.736834E-05;2.774517E-07;0.0000000
6442.00038909912;0.0000000;-0.0006944;7.736834E-05;1.081352E-07;0.0000000
6443.00031661987;0.0000000;-0.0006944;7.736834E-05;4.214509E-08;0.0000000
6444.00024414063;0.0000000;-0.0006944;7.736834E-05;1.642581E-08;0.0000000
6445.00017166138;0.0000000;-0.0006348;7.072785E-05;2.323516E-05;0.0000000
6446.00009918213;0.0000000;-0.0006348;7.072785E-05;9.055775E-06;0.0000000
6447.00050354004;0.0000000;-0.0006348;7.072785E-05;3.529437E-06;0.0000000
6448.00043106079;0.0000000;-0.0006348;7.072785E-05;1.375578E-06;0.0000000
6449.00035858154;0.0000000;-0.0006943;7.73572E-05;-5.235277E-05;0.0000000
6450.00028610229;0.0000000;-0.0006943;7.73572E-05;-2.040419E-05;0.0000000
6451.00021362305;0.0000000;-0.0006348;7.072785E-05;1.813609E-05;0.0000000
6452.0001411438;0.0000000;-0.0006348;7.072785E-05;7.06844E-06;0.0000000
6453.00006866455;0.0000000;-0.0006348;7.072785E-05;2.754884E-06;0.0000000
6454.00047302246;0.0000000;-0.0006348;7.072785E-05;1.073701E-06;0.0000000
6455.00040054321;0.0000000;-0.0006348;7.072785E-05;4.184687E-07;0.0000000
6456.00032806396;0.0000000;-0.0006348;7.072785E-05;1.630958E-07;0.0000000
6457.00025558472;0.0000000;-0.0006348;7.072785E-05;6.356568E-08;0.0000000
6458.00018310547;0.0000000;-0.0006348;7.072785E-05;2.477436E-08;0.0000000
6459.00011062622;0.0000000;-0.0006348;7.072785E-05;9.655668E-09;0.0000000
6460.00051498413;0.0000000;-0.0006348;7.072785E-05;3.763242E-09;0.0000000
6461.00044250488;0.0000000;-0.0006348;7.072785E-05;1.466702E-09;0.0000000
6462.00037002563;0.0000000;-0.0006348;7.072785E-05;5.71639E-10;0.0000000
6463.00029754639;0.0000000;-0.0006348;7.072785E-05;2.227931E-10;0.0000000
6464.00022506714;0.0000000;-0.0006348;7.072785E-05;8.683233E-11;0.0000000
6465.00015258789;0.0000000;-0.0005752;6.408737E-05;4.185902E-05;0.0000000
6466.00008010864;0.0000000;-0.0006347;7.071671E-05;-1.303526E-05;0.0000000
6467.00048446655;0.0000000;-0.0005752;6.408737E-05;4.193193E-05;0.0000000
6468.0004119873;0.0000000;-0.0005752;6.408737E-05;1.634273E-05;0.0000000
6469.00033950806;0.0000000;-0.0005752;6.408737E-05;6.369488E-06;0.0000000
6470.00026702881;0.0000000;-0.0005752;6.408737E-05;2.482472E-06;0.0000000
6471.00019454956;0.0000000;-0.0005752;6.408737E-05;9.675293E-07;0.0000000
6472.00012207031;0.0000000;-0.0005752;6.408737E-05;3.770891E-07;0.0000000
6473.00052642822;0.0000000;-0.0005752;6.408737E-05;1.469683E-07;0.0000000
6474.00045394897;0.0000000;-0.0005752;6.408737E-05;5.728008E-08;0.0000000
6475.00038146973;0.0000000;-0.0005752;6.408737E-05;2.232459E-08;0.0000000
6476.00030899048;0.0000000;-0.0005752;6.408737E-05;8.700883E-09;0.0000000
6477.00023651123;0.0000000;-0.0005156;5.744688E-05;3.307716E-05;0.0000000
6478.00016403198;0.0000000;-0.0005751;6.407622E-05;-2.012664E-05;0.0000000
6479.00009155273;0.0000000;-0.0005751;6.407622E-05;-7.844243E-06;0.0000000
6480.00049591064;0.0000000;-0.0005156;5.744688E-05;2.013254E-05;0.0000000
6481.0004234314;0.0000000;-0.0005751;6.407622E-05;-2.929902E-05;0.0000000
6482.00035095215;0.0000000;-0.0005751;6.407622E-05;-1.141913E-05;0.0000000
6483.0002784729;0.0000000;-0.0004560;5.08064E-05;4.487161E-05;0.0000000
6484.00020599365;0.0000000;-0.0005155;5.743574E-05;-5.701334E-06;0.0000000
6485.0001335144;0.0000000;-0.0004560;5.08064E-05;4.479029E-05;0.0000000
6486.00053787231;0.0000000;-0.0004560;5.08064E-05;1.745676E-05;0.0000000
6487.00046539307;0.0000000;-0.0004560;5.08064E-05;6.803675E-06;0.0000000
6488.00039291382;0.0000000;-0.0003964;4.416591E-05;2.878405E-05;0.0000000
6489.00032043457;0.0000000;-0.0004560;5.08064E-05;4.18481E-07;0.0000000
6490.00024795532;0.0000000;-0.0004560;5.08064E-05;1.631006E-07;0.0000000
6491.00017547607;0.0000000;-0.0004560;5.08064E-05;6.356754E-08;0.0000000
6492.00010299683;0.0000000;-0.0004560;5.08064E-05;2.477509E-08;0.0000000
6493.00050735474;0.0000000;-0.0004560;5.08064E-05;9.655952E-09;0.0000000
6494.00043487549;0.0000000;-0.0003964;4.416591E-05;4.186275E-05;0.0000000
6495.00036239624;0.0000000;-0.0003964;4.416591E-05;1.631577E-05;0.0000000
6496.00028991699;0.0000000;-0.0003964;4.416591E-05;6.358979E-06;0.0000000
6497.00021743774;0.0000000;-0.0003964;4.416591E-05;2.478376E-06;0.0000000
6498.0001449585;0.0000000;-0.0003964;4.416591E-05;9.659331E-07;0.0000000
6499.00007247925;0.0000000;-0.0003964;4.416591E-05;3.764669E-07;0.0000000
6500.00047683716;0.0000000;-0.0003964;4.416591E-05;1.467259E-07;0.0000000
6501.00040435791;0.0000000;-0.0003964;4.416591E-05;5.718558E-08;0.0000000
6502.00033187866;0.0000000;-0.0003964;4.416591E-05;2.228776E-08;0.0000000
6503.00025939941;0.0000000;-0.0003964;4.416591E-05;8.686527E-09;0.0000000
6504.00018692017;0.0000000;-0.0003964;4.416591E-05;3.385525E-09;0.0000000
6505.00011444092;0.0000000;-0.0003368;3.752543E-05;3.307508E-05;0.0000000
6506.00051879883;0.0000000;-0.0003368;3.752543E-05;1.289083E-05;0.0000000
6507.00044631958;0.0000000;-0.0003963;4.415477E-05;-1.816566E-05;0.0000000
6508.00037384033;0.0000000;-0.0003368;3.752543E-05;1.610983E-05;0.0000000
6509.00030136108;0.0000000;-0.0003963;4.415477E-05;-4.073364E-05;0.0000000
6510.00022888184;0.0000000;-0.0003368;3.752543E-05;1.021281E-05;0.0000000
6511.00015640259;0.0000000;-0.0003368;3.752543E-05;3.980384E-06;0.0000000
6512.00008392334;0.0000000;-0.0003368;3.752543E-05;1.551332E-06;0.0000000
6513.00048828125;0.0000000;-0.0002772;3.088494E-05;3.781261E-05;0.0000000
6514.000415802;0.0000000;-0.0002772;3.088494E-05;1.473725E-05;0.0000000
6515.00034332275;0.0000000;-0.0003367;3.751428E-05;-2.727452E-05;0.0000000
6516.00027084351;0.0000000;-0.0002772;3.088494E-05;3.638226E-05;0.0000000
6517.00019836426;0.0000000;-0.0002772;3.088494E-05;1.417978E-05;0.0000000
6518.00012588501;0.0000000;-0.0002772;3.088494E-05;5.526489E-06;0.0000000
6519.00053024292;0.0000000;-0.0002772;3.088494E-05;2.153918E-06;0.0000000
6520.00045776367;0.0000000;-0.0002772;3.088494E-05;8.394771E-07;0.0000000
6521.00038528442;0.0000000;-0.0002772;3.088494E-05;3.271815E-07;0.0000000
6522.00031280518;0.0000000;-0.0002772;3.088494E-05;1.275171E-07;0.0000000
6523.00024032593;0.0000000;-0.0002772;3.088494E-05;4.969908E-08;0.0000000
6524.00016784668;0.0000000;-0.0002176;2.424446E-05;3.722736E-05;0.0000000
6525.00009536743;0.0000000;-0.0002176;2.424446E-05;1.450915E-05;0.0000000
6526.00049972534;0.0000000;-0.0002176;2.424446E-05;5.65486E-06;0.0000000
6527.00042724609;0.0000000;-0.0002176;2.424446E-05;2.20395E-06;0.0000000
6528.00035476685;0.0000000;-0.0002176;2.424446E-05;8.589769E-07;0.0000000
6529.0002822876;0.0000000;-0.0001580;1.760397E-05;2.356355E-05;0.0000000
6530.00020980835;0.0000000;-0.0002175;2.423331E-05;-3.493466E-05;0.0000000
6531.0001373291;0.0000000;-0.0002175;2.423331E-05;-1.361558E-05;0.0000000
6532.00054168701;0.0000000;-0.0001580;1.760397E-05;2.404298E-05;0.0000000
6533.00046920776;0.0000000;-0.0001580;1.760397E-05;9.370616E-06;0.0000000
6534.00039672852;0.0000000;-0.0002175;2.423331E-05;-3.813661E-05;0.0000000
6535.00032424927;0.0000000;-0.0001580;1.760397E-05;3.214882E-05;0.0000000
6536.00025177002;0.0000000;-0.0001580;1.760397E-05;1.252982E-05;0.0000000
6537.00017929077;0.0000000;-0.0001580;1.760397E-05;4.883428E-06;0.0000000
6538.00010681152;0.0000000;-0.0001580;1.760397E-05;1.903288E-06;0.0000000
6539.00051116943;0.0000000;-0.0001580;1.760397E-05;7.417958E-07;0.0000000
6540.00043869019;0.0000000;-0.0001580;1.760397E-05;2.891107E-07;0.0000000
6541.00036621094;0.0000000;-0.0001580;1.760397E-05;1.126793E-07;0.0000000
6542.00029373169;0.0000000;-0.0001580;1.760397E-05;4.391611E-08;0.0000000
6543.00022125244;0.0000000;-0.0001580;1.760397E-05;1.711606E-08;0.0000000
6544.00014877319;0.0000000;-0.0001580;1.760397E-05;6.670887E-09;0.0000000
6545.00007629395;0.0000000;-0.0001580;1.760397E-05;2.59994E-09;0.0000000
6546.00048065186;0.0000000;-0.0000984;1.096349E-05;5.297879E-05;0.0000000
6547.00040817261;0.0000000;-0.0001579;1.759283E-05;-3.224071E-05;0.0000000
6548.00033569336;0.0000000;-0.0001579;1.759283E-05;-1.256563E-05;0.0000000
6549.00026321411;0.0000000;-0.0000984;1.096349E-05;2.812089E-05;0.0000000
6550.00019073486;0.0000000;-0.0000984;1.096349E-05;1.095996E-05;0.0000000
6551.00011825562;0.0000000;-0.0000984;1.096349E-05;4.271582E-06;0.0000000
6552.00052261353;0.0000000;-0.0000984;1.096349E-05;1.664825E-06;0.0000000
6553.00045013428;0.0000000;-0.0000984;1.096349E-05;6.48856E-07;0.0000000
6554.00037765503;0.0000000;-0.0000984;1.096349E-05;2.52888E-07;0.0000000
6555.00030517578;0.0000000;-0.0000984;1.096349E-05;9.856166E-08;0.0000000
6556.00023269653;0.0000000;-0.0000984;1.096349E-05;3.841385E-08;0.0000000
6557.00016021729;0.0000000;-0.0000984;1.096349E-05;1.497158E-08;0.0000000
6558.00008773804;0.0000000;-0.0000984;1.096349E-05;5.835089E-09;0.0000000
6559.00049209595;0.0000000;-0.0000984;1.096349E-05;2.274193E-09;0.0000000
6560.0004196167;0.0000000;-0.0000388;4.323E-06;2.322965E-05;0.0000000
6561.00034713745;0.0000000;-0.0000983;1.095234E-05;-2.029595E-05;0.0000000
6562.0002746582;0.0000000;-0.0000388;4.323E-06;2.143935E-05;0.0000000
6563.00020217896;0.0000000;-0.0000983;1.095234E-05;-4.453303E-05;0.0000000
6564.00012969971;0.0000000;-0.0000983;1.095234E-05;-1.73565E-05;0.0000000
6565.00053405762;0.0000000;-0.0000388;4.323E-06;3.038096E-05;0.0000000
6566.00046157837;0.0000000;-0.0000388;4.323E-06;1.184081E-05;0.0000000
6567.00038909912;0.0000000;-0.0000388;4.323E-06;4.614888E-06;0.0000000
6568.00031661987;0.0000000;-0.0000388;4.323E-06;1.798627E-06;0.0000000
6569.00024414063;0.0000000;-0.0000388;4.323E-06;7.010045E-07;0.0000000
6570.00017166138;0.0000000;-0.0000388;4.323E-06;2.732125E-07;0.0000000
6571.00009918213;0.0000000;-0.0000388;4.323E-06;1.064831E-07;0.0000000
6572.00050354004;0.0000000;-0.0000388;4.323E-06;4.150117E-08;0.0000000
6573.00043106079;0.0000000;-0.0000388;4.323E-06;1.617485E-08;0.0000000
6574.00035858154;0.0000000;-0.0000388;4.323E-06;6.304056E-09;0.0000000
6575.00028610229;0.0000000;-0.0000388;4.323E-06;2.45697E-09;0.0000000
6576.00021362305;0.0000000;-0.0000388;4.323E-06;9.575901E-10;0.0000000
6577.0001411438;0.0000000;-0.0000388;4.323E-06;3.732154E-10;0.0000000
6578.00054550171;0.0000000;-0.0000388;4.323E-06;1.454586E-10;0.0000000
6579.00047302246;0.0000000;0.0000208;-2.317485E-06;3.307382E-05;0.0000000
6580.00040054321;0.0000000;0.0000208;-2.317485E-06;1.289034E-05;0.0000000
6581.00032806396;0.0000000;-0.0000387;4.311859E-06;-2.106458E-05;0.0000000
6582.00025558472;0.0000000;0.0000208;-2.317485E-06;1.787871E-05;0.0000000
6583.00018310547;0.0000000;0.0000208;-2.317485E-06;6.968126E-06;0.0000000
6584.00011062622;0.0000000;-0.0000387;4.311859E-06;-3.907297E-05;0.0000000
6585.00051498413;0.0000000;0.0000208;-2.317485E-06;7.961321E-06;0.0000000
6586.00044250488;0.0000000;0.0000208;-2.317485E-06;3.10288E-06;0.0000000
6587.00037002563;0.0000000;0.0000208;-2.317485E-06;1.20933E-06;0.0000000
6588.00029754639;0.0000000;0.0000208;-2.317485E-06;4.713295E-07;0.0000000
6589.00022506714;0.0000000;0.0000208;-2.317485E-06;1.83698E-07;0.0000000
6590.00015258789;0.0000000;0.0000208;-2.317485E-06;7.159527E-08;0.0000000
6591.00008010864;0.0000000;0.0000208;-2.317485E-06;2.790385E-08;0.0000000
6592.00048446655;0.0000000;0.0000208;-2.317485E-06;1.087537E-08;0.0000000
6593.0004119873;0.0000000;0.0000208;-2.317485E-06;4.238613E-09;0.0000000
6594.00033950806;0.0000000;0.0000208;-2.317485E-06;1.651976E-09;0.0000000
6595.00026702881;0.0000000;0.0000208;-2.317485E-06;6.438482E-10;0.0000000
6596.00019454956;0.0000000;0.0000208;-2.317485E-06;2.509362E-10;0.0000000
6597.00012207031;0.0000000;0.0000209;-2.328626E-06;-2.087989E-05;0.0000000
6598.00052642822;0.0000000;0.0000209;-2.328626E-06;-8.137819E-06;0.0000000
6599.00045394897;0.0000000;0.0000209;-2.328626E-06;-3.171669E-06;0.0000000
6600.00038146973;0.0000000;0.0000209;-2.328626E-06;-1.23614E-06;0.0000000
6601.00030899048;0.0000000;0.0000209;-2.328626E-06;-4.817786E-07;0.0000000
6602.00023651123;0.0000000;0.0000209;-2.328626E-06;-1.877705E-07;0.0000000
6603.00016403198;0.0000000;0.0000209;-2.328626E-06;-7.318248E-08;0.0000000
6604.00009155273;0.0000000;0.0000804;-8.95797E-06;2.605999E-05;0.0000000
6605.00049591064;0.0000000;0.0000209;-2.328626E-06;-2.286154E-05;0.0000000
6606.0004234314;0.0000000;0.0000209;-2.328626E-06;-8.910156E-06;0.0000000
6607.00035095215;0.0000000;0.0000209;-2.328626E-06;-9.632471E-06;0.0000000
6608.0002784729;0.0000000;0.0000209;-2.328626E-06;-3.754201E-06;0.0000000
6609.00020599365;0.0000000;0.0000804;-8.95797E-06;5.142571E-05;0.0000000
6610.0001335144;0.0000000;0.0000804;-8.95797E-06;2.004288E-05;0.0000000
6611.00053787231;0.0000000;0.0000209;-2.328626E-06;-1.537819E-05;0.0000000
6612.00046539307;0.0000000;0.0000804;-8.95797E-06;2.009495E-05;0.0000000
6613.00039291382;0.0000000;0.0000804;-8.95797E-06;7.831893E-06;0.0000000
6614.00032043457;0.0000000;0.0000804;-8.95797E-06;3.052436E-06;0.0000000
6615.00024795532;0.0000000;0.0000804;-8.95797E-06;8.119432E-06;0.0000000
6616.00017547607;0.0000000;0.0000804;-8.95797E-06;3.164502E-06;0.0000000
6617.00010299683;0.0000000;0.0000804;-8.95797E-06;1.233347E-06;0.0000000
6618.00050735474;0.0000000;0.0000209;-2.328626E-06;-3.253758E-05;0.0000000
6619.00043487549;0.0000000;0.0000804;-8.95797E-06;2.033694E-05;0.0000000
6620.00036239624;0.0000000;0.0000804;-8.95797E-06;7.926206E-06;0.0000000
6621.00028991699;0.0000000;0.0000804;-8.95797E-06;3.089194E-06;0.0000000
6622.00021743774;0.0000000;0.0000804;-8.95797E-06;1.203996E-06;0.0000000
6623.0001449585;0.0000000;0.0000804;-8.95797E-06;4.692506E-07;0.0000000
6624.00054931641;0.0000000;0.0000804;-8.95797E-06;1.828877E-07;0.0000000
6625.00047683716;0.0000000;0.0000804;-8.95797E-06;7.127946E-08;0.0000000
6626.00040435791;0.0000000;0.0000804;-8.95797E-06;2.778076E-08;0.0000000
6627.00033187866;0.0000000;0.0000804;-8.95797E-06;1.08274E-08;0.0000000
6628.00025939941;0.0000000;0.0000804;-8.95797E-06;4.219916E-09;0.0000000
6629.00018692017;0.0000000;0.0000804;-8.95797E-06;1.644688E-09;0.0000000
6630.00011444092;0.0000000;0.0000804;-8.95797E-06;6.41008E-10;0.0000000
6631.00051879883;0.0000000;0.0000804;-8.95797E-06;2.498293E-10;0.0000000
6632.00044631958;0.0000000;0.0000804;-8.95797E-06;9.736954E-11;0.0000000
6633.00037384033;0.0000000;0.0000804;-8.95797E-06;3.794923E-11;0.0000000
6634.00030136108;0.0000000;0.0000804;-8.95797E-06;1.47905E-11;0.0000000
6635.00022888184;0.0000000;0.0000804;-8.95797E-06;5.764512E-12;0.0000000
6636.00015640259;0.0000000;0.0000804;-8.95797E-06;2.246686E-12;0.0000000
6637.00008392334;0.0000000;0.0000804;-8.95797E-06;8.756333E-13;0.0000000
6638.00048828125;0.0000000;0.0000804;-8.95797E-06;3.412732E-13;0.0000000
6639.000415802;0.0000000;0.0000804;-8.95797E-06;1.330093E-13;0.0000000
6640.00034332275;0.0000000;0.0000804;-8.95797E-06;5.183962E-14;0.0000000
6641.00027084351;0.0000000;0.0000804;-8.95797E-06;2.02042E-14;0.0000000
6642.00019836426;0.0000000;0.0000804;-8.95797E-06;7.874472E-15;0.0000000
6643.00012588501;0.0000000;0.0000804;-8.95797E-06;3.069031E-15;0.0000000
6644.00053024292;0.0000000;0.0000804;-8.95797E-06;1.196137E-15;0.0000000
6645.00045776367;0.0000000;0.0000804;-8.95797E-06;4.661877E-16;0.0000000
6646.00038528442;0.0000000;0.0000804;-8.95797E-06;1.81694E-16;0.0000000
6647.00031280518;0.0000000;0.0000804;-8.95797E-06;7.081422E-17;0.0000000
6648.00024032593;0.0000000;0.0000804;-8.95797E-06;2.759944E-17;0.0000000
6649.00016784668;0.0000000;0.0000804;-8.95797E-06;1.075673E-17;0.0000000
6650.00009536743;0.0000000;0.0000804;-8.95797E-06;4.192373E-18;0.0000000
6651.00049972534;0.0000000;0.0000804;-8.95797E-06;1.633954E-18;0.0000000
6652.00042724609;0.0000000;0.0000804;-8.95797E-06;9.866788E-06;0.0000000
6653.00035476685;0.0000000;0.0000804;-8.95797E-06;3.845525E-06;0.0000000
6654.0002822876;0.0000000;0.0000804;-8.95797E-06;1.498772E-06;0.0000000
6655.00020980835;0.0000000;0.0000804;-8.95797E-06;5.841378E-07;0.0000000
6656.0001373291;0.0000000;0.0000804;-8.95797E-06;2.276644E-07;0.0000000
6657.00054168701;0.0000000;0.0000804;-8.95797E-06;8.87309E-08;0.0000000
6658.00046920776;0.0000000;0.0000804;-8.95797E-06;3.458237E-08;0.0000000
6659.00039672852;0.0000000;0.0000804;-8.95797E-06;1.347828E-08;0.0000000
6660.00032424927;0.0000000;0.0000804;-8.95797E-06;5.253084E-09;0.0000000
6661.00025177002;0.0000000;0.0000804;-8.95797E-06;2.04736E-09;0.0000000
6662.00017929077;0.0000000;0.0000804;-8.95797E-06;7.979469E-10;0.0000000
6663.00010681152;0.0000000;0.0000804;-8.95797E-06;3.109953E-10;0.0000000
6664.00051116943;0.0000000;0.0000804;-8.95797E-06;1.212087E-10;0.0000000
6665.00043869019;0.0000000;0.0000804;-8.95797E-06;4.724039E-11;0.0000000
6666.00036621094;0.0000000;0.0000804;-8.95797E-06;1.841167E-11;0.0000000
6667.00029373169;0.0000000;0.0000804;-8.95797E-06;7.175845E-12;0.0000000
6668.00022125244;0.0000000;0.0000804;-8.95797E-06;2.796745E-12;0.0000000
6669.00014877319;0.0000000;0.0000804;-8.95797E-06;1.090016E-12;0.0000000
6670.0005531311;0.0000000;0.0000804;-8.95797E-06;4.248274E-13;0.0000000
6671.00048065186;0.0000000;0.0000804;-8.95797E-06;1.655741E-13;0.0000000
6672.00040817261;0.0000000;0.0000804;-8.95797E-06;6.453156E-14;0.0000000
6673.00033569336;0.0000000;0.0000804;-8.95797E-06;2.515081E-14;0.0000000
6674.00026321411;0.0000000;0.0000804;-8.95797E-06;9.802386E-15;0.0000000
6675.00019073486;0.0000000;0.0000804;-8.95797E-06;3.820425E-15;0.0000000
6676.00011825562;0.0000000;0.0000804;-8.95797E-06;1.488989E-15;0.0000000
6677.00052261353;0.0000000;0.0000804;-8.95797E-06;5.80325E-16;0.0000000
6678.00045013428;0.0000000;0.0000804;-8.95797E-06;2.261784E-16;0.0000000
6679.00037765503;0.0000000;0.0000804;-8.95797E-06;8.815175E-17;0.0000000
6680.00030517578;0.0000000;0.0000804;-8.95797E-06;3.435665E-17;0.0000000
6681.00023269653;0.0000000;0.0000804;-8.95797E-06;1.339031E-17;0.0000000
6682.00016021729;0.0000000;0.0000804;-8.95797E-06;5.218797E-18;0.0000000
6683.00008773804;0.0000000;0.0000804;-8.95797E-06;2.033997E-18;0.0000000
6684.00049209595;0.0000000;0.0000804;-8.95797E-06;7.927387E-19;0.0000000
6685.0004196167;0.0000000;0.0000804;-8.95797E-06;3.089654E-19;0.0000000
6686.00034713745;0.0000000;0.0000804;-8.95797E-06;1.204175E-19;0.0000000
6687.0002746582;0.0000000;0.0000804;-8.95797E-06;4.693204E-20;0.0000000
6688.00020217896;0.0000000;0.0000804;-8.95797E-06;1.82915E-20;0.0000000
6689.00012969971;0.0000000;0.0000804;-8.95797E-06;7.129008E-21;0.0000000
6690.00053405762;0.0000000;0.0000804;-8.95797E-06;2.778491E-21;0.0000000
6691.00046157837;0.0000000;0.0000804;-8.95797E-06;1.082901E-21;0.0000000
6692.00038909912;0.0000000;0.0000804;-8.95797E-06;4.220546E-22;0.0000000
6693.00031661987;0.0000000;0.0000804;-8.95797E-06;1.644934E-22;0.0000000
6694.00024414063;0.0000000;0.0000804;-8.95797E-06;6.411037E-23;0.0000000
6695.00017166138;0.0000000;0.0000804;-8.95797E-06;2.498665E-23;0.0000000
6696.00009918213;0.0000000;0.0000804;-8.95797E-06;9.738407E-24;0.0000000
6697.00050354004;0.0000000;0.0000804;-8.95797E-06;3.795489E-24;0.0000000
6698.00043106079;0.0000000;0.0000804;-8.95797E-06;1.479271E-24;0.0000000
6699.00035858154;0.0000000;0.0000804;-8.95797E-06;5.765373E-25;0.0000000
6700.00028610229;0.0000000;0.0000804;-8.95797E-06;2.247021E-25;0.0000000
6701.00021362305;0.0000000;0.0000804;-8.95797E-06;8.757639E-26;0.0000000
6702.0001411438;0.0000000;0.0000804;-8.95797E-06;3.41324E-26;0.0000000
6703.00054550171;0.0000000;0.0000804;-8.95797E-06;1.330291E-26;0.0000000
6704.00047302246;0.0000000;0.0000804;-8.95797E-06;5.184735E-27;0.0000000
6705.00040054321;0.0000000;0.0000804;-8.95797E-06;2.020721E-27;0.0000000
6706.00032806396;0.0000000;0.0000804;-8.95797E-06;7.875648E-28;0.0000000
6707.00025558472;0.0000000;0.0000804;-8.95797E-06;3.069489E-28;0.0000000
6708.00018310547;0.0000000;0.0000804;-8.95797E-06;1.196316E-28;0.0000000
6709.00011062622;0.0000000;0.0000804;-8.95797E-06;4.662575E-29;0.0000000
6710.00051498413;0.0000000;0.0000804;-8.95797E-06;1.817212E-29;0.0000000
6711.00044250488;0.0000000;0.0000804;-8.95797E-06;7.082482E-30;0.0000000
6712.00037002563;0.0000000;0.0000804;-8.95797E-06;2.760357E-30;0.0000000
6713.00029754639;0.0000000;0.0000804;-8.95797E-06;1.075834E-30;0.0000000
6714.00022506714;0.0000000;0.0000804;-8.95797E-06;4.193001E-31;0.0000000
6715.00015258789;0.0000000;0.0000804;-8.95797E-06;1.634198E-31;0.0000000
6716.0005569458;0.0000000;0.0000804;-8.95797E-06;6.369196E-32;0.0000000
6717.00048446655;0.0000000;0.0000804;-8.95797E-06;2.482358E-32;0.0000000
6718.0004119873;0.0000000;0.0000804;-8.95797E-06;9.674851E-33;0.0000000
6719.00033950806;0.0000000;0.0000804;-8.95797E-06;3.770718E-33;0.0000000
6720.00026702881;0.0000000;0.0000804;-8.95797E-06;1.469616E-33;0.0000000
6721.00019454956;0.0000000;0.0000804;-8.95797E-06;5.727745E-34;0.0000000
6722.00012207031;0.0000000;0.0000804;-8.95797E-06;2.232356E-34;0.0000000
6723.00052642822;0.0000000;0.0000804;-8.95797E-06;8.700483E-35;0.0000000
6724.00045394897;0.0000000;0.0000804;-8.95797E-06;3.390964E-35;0.0000000
6725.00038146973;0.0000000;0.0000804;-8.95797E-06;1.321609E-35;0.0000000
6726.00030899048;0.0000000;0.0000804;-8.95797E-06;5.150896E-36;0.0000000
6727.00023651123;0.0000000;0.0000804;-8.95797E-06;2.007533E-36;0.0000000
6728.00016403198;0.0000000;0.0000804;-8.95797E-06;7.824245E-37;0.0000000
6729.00009155273;0.0000000;0.0000804;-8.95797E-06;3.049456E-37;0.0000000
6730.00049591064;0.0000000;0.0000804;-8.95797E-06;1.188508E-37;0.0000000
6731.0004234314;0.0000000;0.0000804;-8.95797E-06;4.632144E-38;0.0000000
6732.00035095215;0.0000000;0.0000804;-8.95797E-06;1.805352E-38;0.0000000
6733.0002784729;0.0000000;0.0000804;-8.95797E-06;7.036259E-39;0.0000000
6734.00020599365;0.0000000;0.0000804;-8.95797E-06;2.742342E-39;0.0000000
6735.0001335144;0.0000000;0.0000804;-8.95797E-06;1.068812E-39;0.0000000
6736.00053787231;0.0000000;0.0000804;-8.95797E-06;4.165626E-40;0.0000000
6737.00046539307;0.0000000;0.0000804;-8.95797E-06;1.62353E-40;0.0000000
6738.00039291382;0.0000000;0.0000804;-8.95797E-06;6.327703E-41;0.0000000
6739.00032043457;0.0000000;0.0000804;-8.95797E-06;2.466285E-41;0.0000000
6740.00024795532;0.0000000;0.0000804;-8.95797E-06;9.612907E-42;0.0000000
6741.00017547607;0.0000000;0.0000804;-8.95797E-06;3.747072E-42;0.0000000
6742.00010299683;0.0000000;0.0000804;-8.95797E-06;1.460153E-42;0.0000000
6743.00050735474;0.0000000;0.0000804;-8.95797E-06;5.703285E-43;0.0000000
6744.00043487549;0.0000000;0.0000804;-8.95797E-06;2.228065E-43;0.0000000
6745.00036239624;0.0000000;0.0000804;-8.95797E-06;8.547921E-44;0.0000000
6746.00028991699;0.0000000;0.0000804;-8.95797E-06;3.363116E-44;0.0000000
6747.00021743774;0.0000000;0.0000804;-8.95797E-06;1.401298E-44;0.0000000
6748.0001449585;0.0000000;0.0000804;-8.95797E-06;5.605194E-45;0.0000000
6749.00054931641;0.0000000;0.0000804;-8.95797E-06;5.605194E-45;0.0000000
6750.00047683716;0.0000000;0.0000804;-8.95797E-06;5.605194E-45;0.0000000
6751.00040435791;0.0000000;0.0000804;-8.95797E-06;5.605194E-45;0.0000000
6752.00033187866;0.0000000;0.0000804;-8.95797E-06;5.605194E-45;0.0000000
6753.00025939941;0.0000000;0.0000804;-8.95797E-06;5.605194E-45;0.0000000
6754.00018692017;0.0000000;0.0000804;-8.95797E-06;5.605194E-45;0.0000000
6755.00011444092;0.0000000;0.0000804;-8.95797E-06;5.605194E-45;0.0000000
6756.00051879883;0.0000000;0.0000804;-8.95797E-06;5.605194E-45;0.0000000
6757.00044631958;0.0000000;0.0000804;-8.95797E-06;5.605194E-45;0.0000000
6758.00037384033;0.0000000;0.0000804;-8.95797E-06;5.605194E-45;0.0000000
6759.00030136108;0.0000000;0.0000804;-8.95797E-06;5.605194E-45;0.0000000
6760.00022888184;0.0000000;0.0000804;-8.95797E-06;5.605194E-45;0.0000000
6761.00015640259;0.0000000;0.0000804;-8.95797E-06;5.605194E-45;0.0000000
6762.00008392334;0.0000000;0.0000804;-8.95797E-06;5.605194E-45;0.0000000
6763.00048828125;0.0000000;0.0000804;-8.95797E-06;5.605194E-45;0.0000000
6764.000415802;0.0000000;0.0000804;-8.95797E-06;5.605194E-45;0.0000000
6765.00034332275;0.0000000;0.0000804;-8.95797E-06;5.605194E-45;0.0000000
6766.00027084351;0.0000000;0.0000804;-8.95797E-06;5.605194E-45;0.0000000
6767.00019836426;0.0000000;0.0000804;-8.95797E-06;5.605194E-45;0.0000000
6768.00012588501;0.0000000;0.0000804;-8.95797E-06;5.605194E-45;0.0000000
6769.00053024292;0.0000000;0.0000804;-8.95797E-06;5.605194E-45;0.0000000
6770.00045776367;0.0000000;0.0000804;-8.95797E-06;5.605194E-45;0.0000000
6771.00038528442;0.0000000;0.0000804;-8.95797E-06;5.605194E-45;0.0000000
6772.00031280518;0.0000000;0.0000804;-8.95797E-06;5.605194E-45;0.0000000
6773.00024032593;0.0000000;0.0000804;-8.95797E-06;5.605194E-45;0.0000000
6774.00016784668;0.0000000;0.0000804;-8.95797E-06;1.766277E-05;0.0000000
6775.00009536743;0.0000000;0.0000804;-8.95797E-06;6.883965E-06;0.0000000
6776.00049972534;0.0000000;0.0000804;-8.95797E-06;2.682987E-06;0.0000000
6777.00042724609;0.0000000;0.0000804;-8.95797E-06;1.045679E-06;0.0000000
6778.00035476685;0.0000000;0.0000804;-8.95797E-06;4.075474E-07;0.0000000
6779.0002822876;0.0000000;0.0000804;-8.95797E-06;1.588393E-07;0.0000000
6780.00020980835;0.0000000;0.0000804;-8.95797E-06;6.190671E-08;0.0000000
6781.0001373291;0.0000000;0.0000804;-8.95797E-06;2.412779E-08;0.0000000
6782.00054168701;0.0000000;0.0000804;-8.95797E-06;9.403668E-09;0.0000000
6783.00046920776;0.0000000;0.0000804;-8.95797E-06;3.665027E-09;0.0000000
6784.00039672852;0.0000000;0.0000804;-8.95797E-06;1.428423E-09;0.0000000
6785.00032424927;0.0000000;0.0000804;-8.95797E-06;5.567199E-10;0.0000000
6786.00025177002;0.0000000;0.0000804;-8.95797E-06;2.169784E-10;0.0000000
6787.00017929077;0.0000000;0.0000804;-8.95797E-06;8.456612E-11;0.0000000
6788.00010681152;0.0000000;0.0000804;-8.95797E-06;3.295917E-11;0.0000000
6789.00051116943;0.0000000;0.0000804;-8.95797E-06;1.284565E-11;0.0000000
6790.00043869019;0.0000000;0.0000804;-8.95797E-06;5.006521E-12;0.0000000
6791.00036621094;0.0000000;0.0000804;-8.95797E-06;1.951263E-12;0.0000000
6792.00029373169;0.0000000;0.0000804;-8.95797E-06;7.604936E-13;0.0000000
6793.00022125244;0.0000000;0.0000804;-8.95797E-06;2.963981E-13;0.0000000
6794.00014877319;0.0000000;0.0000804;-8.95797E-06;1.155195E-13;0.0000000
6795.0005531311;0.0000000;0.0000804;-8.95797E-06;4.502305E-14;0.0000000
6796.00048065186;0.0000000;0.0000804;-8.95797E-06;1.754748E-14;0.0000000
6797.00040817261;0.0000000;0.0000804;-8.95797E-06;5.876541E-06;0.0000000
6798.00033569336;0.0000000;0.0000804;-8.95797E-06;2.290349E-06;0.0000000
6799.00026321411;0.0000000;0.0000804;-8.95797E-06;8.926505E-07;0.0000000
6800.00019073486;0.0000000;0.0000804;-8.95797E-06;1.604815E-05;0.0000000
6801.00011825562;0.0000000;0.0000804;-8.95797E-06;6.254676E-06;0.0000000
6802.00052261353;0.0000000;0.0000804;-8.95797E-06;2.437725E-06;0.0000000
6803.00045013428;0.0000000;0.0000804;-8.95797E-06;9.500893E-07;0.0000000
6804.00037765503;0.0000000;0.0000804;-8.95797E-06;3.702919E-07;0.0000000
6805.00030517578;0.0000000;0.0000804;-8.95797E-06;1.443192E-07;0.0000000
6806.00023269653;0.0000000;0.0000804;-8.95797E-06;5.624758E-08;0.0000000
6807.00016021729;0.0000000;0.0000804;-8.95797E-06;2.192218E-08;0.0000000
6808.00008773804;0.0000000;0.0000804;-8.95797E-06;8.544043E-09;0.0000000
6809.00049209595;0.0000000;0.0000804;-8.95797E-06;3.329992E-09;0.0000000
6810.0004196167;0.0000000;0.0000804;-8.95797E-06;1.297846E-09;0.0000000
6811.00034713745;0.0000000;0.0000804;-8.95797E-06;5.05828E-10;0.0000000
6812.0002746582;0.0000000;0.0000209;-2.328626E-06;-4.701215E-05;0.0000000
6813.00020217896;0.0000000;0.0000804;-8.95797E-06;2.868963E-05;0.0000000
6814.00012969971;0.0000000;0.0000804;-8.95797E-06;1.118162E-05;0.0000000
6815.00053405762;0.0000000;0.0000804;-8.95797E-06;2.005821E-05;0.0000000
6816.00046157837;0.0000000;0.0000804;-8.95797E-06;7.817576E-06;0.0000000
6817.00038909912;0.0000000;0.0000209;-2.328626E-06;-3.874189E-05;0.0000000
6818.00031661987;0.0000000;0.0000804;-8.95797E-06;3.191291E-05;0.0000000
6819.00024414063;0.0000000;0.0000804;-8.95797E-06;1.243788E-05;0.0000000
6820.00017166138;0.0000000;0.0000804;-8.95797E-06;4.847593E-06;0.0000000
6821.00009918213;0.0000000;0.0000804;-8.95797E-06;1.889322E-06;0.0000000
6822.00050354004;0.0000000;0.0000209;-2.328626E-06;-4.10524E-05;0.0000000
6823.00043106079;0.0000000;0.0000804;-8.95797E-06;3.101241E-05;0.0000000
6824.00035858154;0.0000000;0.0000804;-8.95797E-06;1.208691E-05;0.0000000
6825.00028610229;0.0000000;0.0000209;-2.328626E-06;-4.817809E-05;0.0000000
6826.00021362305;0.0000000;0.0000804;-8.95797E-06;3.411175E-05;0.0000000
6827.0001411438;0.0000000;0.0000804;-8.95797E-06;1.329486E-05;0.0000000
6828.00054550171;0.0000000;0.0000804;-8.95797E-06;5.181598E-06;0.0000000
6829.00047302246;0.0000000;0.0000804;-8.95797E-06;2.019499E-06;0.0000000
6830.00040054321;0.0000000;0.0000209;-2.328626E-06;-5.21018E-05;0.0000000
6831.00032806396;0.0000000;0.0000209;-2.328626E-06;-2.030638E-05;0.0000000
6832.00025558472;0.0000000;0.0000804;-8.95797E-06;1.527549E-05;0.0000000
6833.00018310547;0.0000000;0.0000209;-2.328626E-06;-2.339604E-05;0.0000000
6834.00011062622;0.0000000;0.0000804;-8.95797E-06;2.02311E-05;0.0000000
6835.00051498413;0.0000000;0.0000209;-2.328626E-06;-2.92606E-05;0.0000000
6836.00044250488;0.0000000;0.0000804;-8.95797E-06;4.479084E-05;0.0000000
6837.00037002563;0.0000000;0.0000804;-8.95797E-06;1.745698E-05;0.0000000
6838.00029754639;0.0000000;0.0000804;-8.95797E-06;6.803758E-06;0.0000000
6839.00022506714;0.0000000;0.0000209;-2.328626E-06;-2.343678E-05;0.0000000
6840.00015258789;0.0000000;0.0000804;-8.95797E-06;2.388392E-05;0.0000000
6841.0005569458;0.0000000;0.0000804;-8.95797E-06;9.308624E-06;0.0000000
6842.00048446655;0.0000000;0.0000804;-8.95797E-06;3.627983E-06;0.0000000
6843.0004119873;0.0000000;0.0000209;-2.328626E-06;-4.559836E-05;0.0000000
6844.00033950806;0.0000000;0.0000804;-8.95797E-06;1.937385E-05;0.0000000
6845.00026702881;0.0000000;0.0000804;-8.95797E-06;7.55085E-06;0.0000000
6846.00019454956;0.0000000;0.0000209;-2.328626E-06;-4.994599E-05;0.0000000
6847.00012207031;0.0000000;0.0000209;-2.328626E-06;-4.039E-05;0.0000000
6848.00052642822;0.0000000;0.0000804;-8.95797E-06;1.034674E-05;0.0000000
6849.00045394897;0.0000000;0.0000804;-8.95797E-06;4.032583E-06;0.0000000
6850.00038146973;0.0000000;0.0000804;-8.95797E-06;1.140016E-05;0.0000000
6851.00030899048;0.0000000;0.0000804;-8.95797E-06;4.443149E-06;0.0000000
6852.00023651123;0.0000000;0.0000804;-8.95797E-06;1.731692E-06;0.0000000
6853.00016403198;0.0000000;0.0000804;-8.95797E-06;6.749172E-07;0.0000000
6854.00009155273;0.0000000;0.0000804;-8.95797E-06;2.630452E-07;0.0000000
6855.00049591064;0.0000000;0.0000804;-8.95797E-06;1.025204E-07;0.0000000
6856.0004234314;0.0000000;0.0000804;-8.95797E-06;3.995673E-08;0.0000000
6857.00035095215;0.0000000;0.0000804;-8.95797E-06;1.557291E-08;0.0000000
6858.0002784729;0.0000000;0.0000804;-8.95797E-06;6.069454E-09;0.0000000
6859.00020599365;0.0000000;0.0000804;-8.95797E-06;2.365535E-09;0.0000000
6860.0001335144;0.0000000;0.0000804;-8.95797E-06;9.219541E-10;0.0000000
6861.00053787231;0.0000000;0.0000209;-2.328626E-06;-2.934922E-05;0.0000000
6862.00046539307;0.0000000;0.0000804;-8.95797E-06;2.157958E-05;0.0000000
6863.00039291382;0.0000000;0.0000804;-8.95797E-06;8.410519E-06;0.0000000
6864.00032043457;0.0000000;0.0000804;-8.95797E-06;3.277952E-06;0.0000000
6865.00024795532;0.0000000;0.0000804;-8.95797E-06;1.277563E-06;0.0000000
6866.00017547607;0.0000000;0.0000804;-8.95797E-06;6.65771E-06;0.0000000
6867.00010299683;0.0000000;0.0000804;-8.95797E-06;2.594805E-06;0.0000000
6868.00050735474;0.0000000;0.0000209;-2.328626E-06;-3.613425E-05;0.0000000
6869.00043487549;0.0000000;0.0000804;-8.95797E-06;9.106671E-06;0.0000000
6870.00036239624;0.0000000;0.0000209;-2.328626E-06;-4.933962E-05;0.0000000
6871.00028991699;0.0000000;0.0000209;-2.328626E-06;-1.922984E-05;0.0000000
6872.00021743774;0.0000000;0.0000804;-8.95797E-06;1.569507E-05;0.0000000
6873.0001449585;0.0000000;0.0000209;-2.328626E-06;-2.690121E-05;0.0000000
6874.00054931641;0.0000000;0.0000804;-8.95797E-06;4.24043E-05;0.0000000
6875.00047683716;0.0000000;0.0000804;-8.95797E-06;1.652684E-05;0.0000000
6876.00040435791;0.0000000;0.0000804;-8.95797E-06;6.44124E-06;0.0000000
6877.00033187866;0.0000000;0.0000804;-8.95797E-06;2.510437E-06;0.0000000
6878.00025939941;0.0000000;0.0000804;-8.95797E-06;9.784285E-07;0.0000000
6879.00018692017;0.0000000;0.0000209;-2.328626E-06;-5.250755E-05;0.0000000
6880.00011444092;0.0000000;0.0000804;-8.95797E-06;8.885056E-06;0.0000000
6881.00051879883;0.0000000;0.0000804;-8.95797E-06;3.4629E-06;0.0000000
6882.00044631958;0.0000000;0.0000804;-8.95797E-06;6.573238E-06;0.0000000
6883.00037384033;0.0000000;0.0000804;-8.95797E-06;2.561882E-06;0.0000000
6884.00030136108;0.0000000;0.0000804;-8.95797E-06;9.984792E-07;0.0000000
6885.00022888184;0.0000000;0.0000804;-8.95797E-06;1.805192E-05;0.0000000
6886.00015640259;0.0000000;0.0000804;-8.95797E-06;7.035634E-06;0.0000000
6887.0005607605;0.0000000;0.0000209;-2.328626E-06;-3.027618E-05;0.0000000
6888.00048828125;0.0000000;0.0000804;-8.95797E-06;2.121831E-05;0.0000000
6889.000415802;0.0000000;0.0000804;-8.95797E-06;8.269713E-06;0.0000000
6890.00034332275;0.0000000;0.0000209;-2.328626E-06;-3.856568E-05;0.0000000
6891.00027084351;0.0000000;0.0000804;-8.95797E-06;3.19816E-05;0.0000000
6892.00019836426;0.0000000;0.0000804;-8.95797E-06;1.246464E-05;0.0000000
6893.00012588501;0.0000000;0.0000209;-2.328626E-06;-4.215432E-05;0.0000000
6894.00053024292;0.0000000;0.0000804;-8.95797E-06;3.058293E-05;0.0000000
6895.00045776367;0.0000000;0.0000804;-8.95797E-06;1.191952E-05;0.0000000
6896.00038528442;0.0000000;0.0000804;-8.95797E-06;4.645568E-06;0.0000000
6897.00031280518;0.0000000;0.0000804;-8.95797E-06;1.810584E-06;0.0000000
6898.00024032593;0.0000000;0.0000804;-8.95797E-06;7.056648E-07;0.0000000
6899.00016784668;0.0000000;0.0000804;-8.95797E-06;2.750289E-07;0.0000000
6900.00009536743;0.0000000;0.0000804;-8.95797E-06;1.071909E-07;0.0000000
6901.00049972534;0.0000000;0.0000804;-8.95797E-06;4.177706E-08;0.0000000
6902.00042724609;0.0000000;0.0000804;-8.95797E-06;1.628237E-08;0.0000000
6903.00035476685;0.0000000;0.0000209;-2.328626E-06;-3.713921E-05;0.0000000
6904.0002822876;0.0000000;0.0000804;-8.95797E-06;3.253754E-05;0.0000000
6905.00020980835;0.0000000;0.0000804;-8.95797E-06;1.268132E-05;0.0000000
6906.0001373291;0.0000000;0.0000209;-2.328626E-06;-2.80758E-05;0.0000000
6907.00054168701;0.0000000;0.0000804;-8.95797E-06;1.840719E-05;0.0000000
6908.00046920776;0.0000000;0.0000804;-8.95797E-06;7.174099E-06;0.0000000
6909.00039672852;0.0000000;0.0000209;-2.328626E-06;-2.329245E-05;0.0000000
6910.00032424927;0.0000000;0.0000804;-8.95797E-06;2.394017E-05;0.0000000
6911.00025177002;0.0000000;0.0000804;-8.95797E-06;9.330546E-06;0.0000000
6912.00017929077;0.0000000;0.0000209;-2.328626E-06;-2.571305E-05;0.0000000
6913.00010681152;0.0000000;0.0000804;-8.95797E-06;2.712404E-05;0.0000000
6914.00051116943;0.0000000;0.0000804;-8.95797E-06;1.057144E-05;0.0000000
6915.00043869019;0.0000000;0.0000804;-8.95797E-06;4.120159E-06;0.0000000
6916.00036621094;0.0000000;0.0000804;-8.95797E-06;1.605809E-06;0.0000000
6917.00029373169;0.0000000;0.0000804;-8.95797E-06;6.25855E-07;0.0000000
6918.00022125244;0.0000000;0.0000209;-2.328626E-06;-3.799795E-05;0.0000000
6919.00014877319;0.0000000;0.0000804;-8.95797E-06;2.233608E-05;0.0000000
6920.0005531311;0.0000000;0.0000209;-2.328626E-06;-4.418353E-05;0.0000000
6921.00048065186;0.0000000;0.0000209;-2.328626E-06;-1.722028E-05;0.0000000
6922.00040817261;0.0000000;0.0000804;-8.95797E-06;1.937701E-05;0.0000000
6923.00033569336;0.0000000;0.0000209;-2.328626E-06;-3.946027E-05;0.0000000
6924.00026321411;0.0000000;0.0000209;-2.328626E-06;-1.537942E-05;0.0000000
6925.00019073486;0.0000000;0.0000804;-8.95797E-06;2.335554E-05;0.0000000
6926.00011825562;0.0000000;0.0000804;-8.95797E-06;9.102688E-06;0.0000000
6927.00052261353;0.0000000;0.0000209;-2.328626E-06;-1.964207E-05;0.0000000
6928.00045013428;0.0000000;0.0000804;-8.95797E-06;2.949017E-05;0.0000000
6929.00037765503;0.0000000;0.0000209;-2.328626E-06;-3.551872E-05;0.0000000
6930.00030517578;0.0000000;0.0000209;-2.328626E-06;-1.384322E-05;0.0000000
6931.00023269653;0.0000000;0.0000804;-8.95797E-06;2.395426E-05;0.0000000
6932.00016021729;0.0000000;0.0000209;-2.328626E-06;-4.355285E-05;0.0000000
6933.0005645752;0.0000000;0.0000209;-2.328626E-06;-1.697448E-05;0.0000000
6934.00049209595;0.0000000;0.0000804;-8.95797E-06;3.517305E-05;0.0000000
6935.0004196167;0.0000000;0.0000804;-8.95797E-06;1.370849E-05;0.0000000
6936.00034713745;0.0000000;0.0000804;-8.95797E-06;5.342808E-06;0.0000000
6937.0002746582;0.0000000;0.0000804;-8.95797E-06;2.590489E-05;0.0000000
6938.00020217896;0.0000000;0.0000209;-2.328626E-06;-3.691607E-05;0.0000000
6939.00012969971;0.0000000;0.0000209;-2.328626E-06;-1.438783E-05;0.0000000
6940.00053405762;0.0000000;0.0000209;-2.328626E-06;-5.607575E-06;0.0000000
6941.00046157837;0.0000000;0.0000209;-2.328626E-06;-2.185521E-06;0.0000000
6942.00038909912;0.0000000;0.0000209;-2.328626E-06;-8.517943E-07;0.0000000
6943.00031661987;0.0000000;0.0000209;-2.328626E-06;-3.31982E-07;0.0000000
6944.00024414063;0.0000000;0.0000209;-2.328626E-06;-1.412346E-05;0.0000000
6945.00017166138;0.0000000;0.0000209;-2.328626E-06;-5.504539E-06;0.0000000
6946.00009918213;0.0000000;0.0000209;-2.328626E-06;-2.145363E-06;0.0000000
6947.00050354004;0.0000000;0.0000804;-8.95797E-06;2.851343E-05;0.0000000
6948.00043106079;0.0000000;0.0000804;-8.95797E-06;1.111295E-05;0.0000000
6949.00035858154;0.0000000;0.0000209;-2.328626E-06;-1.885858E-05;0.0000000
6950.00028610229;0.0000000;0.0000804;-8.95797E-06;1.583977E-05;0.0000000
6951.00021362305;0.0000000;0.0000209;-2.328626E-06;-1.701633E-05;0.0000000
6952.0001411438;0.0000000;0.0000209;-2.328626E-06;-6.632019E-06;0.0000000
6953.00054550171;0.0000000;0.0000209;-2.328626E-06;-2.584792E-06;0.0000000
6954.00047302246;0.0000000;0.0000209;-2.328626E-06;-1.007408E-06;0.0000000
6955.00040054321;0.0000000;0.0000209;-2.328626E-06;-3.926316E-07;0.0000000
6956.00032806396;0.0000000;0.0000209;-2.328626E-06;-1.530259E-07;0.0000000
6957.00025558472;0.0000000;0.0000209;-2.328626E-06;-5.9641E-08;0.0000000
6958.00018310547;0.0000000;0.0000209;-2.328626E-06;-2.324474E-08;0.0000000
6959.00011062622;0.0000000;0.0000804;-8.95797E-06;2.934052E-05;0.0000000
6960.00051498413;0.0000000;0.0000209;-2.328626E-06;-2.571025E-05;0.0000000
6961.00044250488;0.0000000;0.0000209;-2.328626E-06;-1.002043E-05;0.0000000
6962.00037002563;0.0000000;0.0000804;-8.95797E-06;3.324016E-05;0.0000000
6963.00029754639;0.0000000;0.0000804;-8.95797E-06;1.295516E-05;0.0000000
6964.00022506714;0.0000000;0.0000209;-2.328626E-06;-2.103931E-05;0.0000000
6965.00015258789;0.0000000;0.0000209;-2.328626E-06;-8.199951E-06;0.0000000
6966.0005569458;0.0000000;0.0000804;-8.95797E-06;1.99939E-05;0.0000000
6967.00048446655;0.0000000;0.0000209;-2.328626E-06;-2.155707E-05;0.0000000
6968.0004119873;0.0000000;0.0000804;-8.95797E-06;3.86106E-05;0.0000000
6969.00033950806;0.0000000;0.0000804;-8.95797E-06;1.504826E-05;0.0000000
6970.00026702881;0.0000000;0.0000209;-2.328626E-06;-2.34846E-05;0.0000000
6971.00019454956;0.0000000;0.0000209;-2.328626E-06;-9.152991E-06;0.0000000
6972.00012207031;0.0000000;0.0000804;-8.95797E-06;2.578225E-05;0.0000000
6973.00052642822;0.0000000;0.0000209;-2.328626E-06;-3.696386E-05;0.0000000
6974.00045394897;0.0000000;0.0000804;-8.95797E-06;2.73823E-05;0.0000000
6975.00038146973;0.0000000;0.0000804;-8.95797E-06;1.06721E-05;0.0000000
6976.00030899048;0.0000000;0.0000804;-8.95797E-06;4.159388E-06;0.0000000
6977.00023651123;0.0000000;0.0000209;-2.328626E-06;-3.552446E-05;0.0000000
6978.00016403198;0.0000000;0.0000209;-2.328626E-06;-1.384546E-05;0.0000000
6979.00056838989;0.0000000;0.0000209;-2.328626E-06;-3.509529E-05;0.0000000
6980.00049591064;0.0000000;0.0000209;-2.328626E-06;-1.367819E-05;0.0000000
6981.0004234314;0.0000000;0.0000209;-2.328626E-06;-5.330997E-06;0.0000000
6982.00035095215;0.0000000;0.0000804;-8.95797E-06;3.971103E-05;0.0000000
6983.0002784729;0.0000000;0.0000209;-2.328626E-06;-3.741174E-05;0.0000000
6984.00020599365;0.0000000;0.0000209;-2.328626E-06;-1.458101E-05;0.0000000
6985.0001335144;0.0000000;0.0000209;-2.328626E-06;-5.682867E-06;0.0000000
6986.00053787231;0.0000000;0.0000209;-2.328626E-06;-2.214865E-06;0.0000000
6987.00046539307;0.0000000;0.0000209;-2.328626E-06;-8.632312E-07;0.0000000
6988.00039291382;0.0000000;0.0000804;-8.95797E-06;4.145231E-05;0.0000000
6989.00032043457;0.0000000;0.0000209;-2.328626E-06;-7.033983E-06;0.0000000
6990.00024795532;0.0000000;0.0000209;-2.328626E-06;-2.741455E-06;0.0000000
6991.00017547607;0.0000000;0.0000804;-8.95797E-06;3.607709E-05;0.0000000
6992.00010299683;0.0000000;0.0000209;-2.328626E-06;-3.295151E-05;0.0000000
6993.00050735474;0.0000000;0.0000209;-2.328626E-06;-1.284266E-05;0.0000000
6994.00043487549;0.0000000;0.0000804;-8.95797E-06;2.801292E-05;0.0000000
6995.00036239624;0.0000000;0.0000209;-2.328626E-06;-4.197102E-05;0.0000000
6996.00028991699;0.0000000;0.0000209;-2.328626E-06;-1.635797E-05;0.0000000
6997.00021743774;0.0000000;0.0000209;-2.328626E-06;-6.375425E-06;0.0000000
6998.0001449585;0.0000000;0.0000209;-2.328626E-06;-2.484786E-06;0.0000000
6999.00054931641;0.0000000;0.0000209;-2.328626E-06;-9.684312E-07;0.0000000
7000.00047683716;0.0000000;0.0000804;-8.95797E-06;3.676812E-05;0.0000000
7001.00040435791;0.0000000;0.0000209;-2.328626E-06;-3.268219E-05;0.0000000
7002.00033187866;0.0000000;0.0000209;-2.328626E-06;-1.27377E-05;0.0000000
7003.00025939941;0.0000000;0.0000804;-8.95797E-06;2.438513E-05;0.0000000
7004.00018692017;0.0000000;0.0000209;-2.328626E-06;-3.750838E-05;0.0000000
7005.00011444092;0.0000000;0.0000209;-2.328626E-06;-1.461868E-05;0.0000000
7006.00051879883;0.0000000;0.0000804;-8.95797E-06;2.732073E-05;0.0000000
7007.00044631958;0.0000000;0.0000804;-8.95797E-06;1.06481E-05;0.0000000
7008.00037384033;0.0000000;0.0000209;-2.328626E-06;-1.903975E-05;0.0000000
7009.00030136108;0.0000000;0.0000209;-2.328626E-06;-3.095995E-05;0.0000000
7010.00022888184;0.0000000;0.0000209;-2.328626E-06;-1.206647E-05;0.0000000
7011.00015640259;0.0000000;0.0000209;-2.328626E-06;-4.702837E-06;0.0000000
7012.0005607605;0.0000000;0.0000804;-8.95797E-06;3.995585E-05;0.0000000
7013.00048828125;0.0000000;0.0000209;-2.328626E-06;-1.744571E-05;0.0000000
7014.000415802;0.0000000;0.0000209;-2.328626E-06;-6.799367E-06;0.0000000
7015.00034332275;0.0000000;0.0000804;-8.95797E-06;2.669956E-05;0.0000000
7016.00027084351;0.0000000;0.0000209;-2.328626E-06;-1.894357E-05;0.0000000
7017.00019836426;0.0000000;0.0000209;-2.328626E-06;-7.38315E-06;0.0000000
7018.00012588501;0.0000000;0.0000804;-8.95797E-06;2.647204E-05;0.0000000
7019.00053024292;0.0000000;0.0000804;-8.95797E-06;1.811331E-05;0.0000000
7020.00045776367;0.0000000;0.0000209;-2.328626E-06;-1.902895E-05;0.0000000
7021.00038528442;0.0000000;0.0000209;-2.328626E-06;-7.416425E-06;0.0000000
7022.00031280518;0.0000000;0.0000209;-2.328626E-06;-2.89051E-06;0.0000000
7023.00024032593;0.0000000;0.0000209;-2.328626E-06;-1.12656E-06;0.0000000
7024.00016784668;0.0000000;0.0000209;-2.328626E-06;-4.566358E-06;0.0000000
7025.00009536743;0.0000000;0.0000804;-8.95797E-06;5.110918E-05;0.0000000
7026.00049972534;0.0000000;0.0000209;-2.328626E-06;-1.722605E-05;0.0000000
7027.00042724609;0.0000000;0.0000804;-8.95797E-06;3.5075E-05;0.0000000
7028.00035476685;0.0000000;0.0000804;-8.95797E-06;1.367028E-05;0.0000000
7029.0002822876;0.0000000;0.0000804;-8.95797E-06;3.212829E-05;0.0000000
7030.00020980835;0.0000000;0.0000209;-2.328626E-06;-4.036707E-05;0.0000000
7031.0001373291;0.0000000;0.0000209;-2.328626E-06;-1.573284E-05;0.0000000
7032.00054168701;0.0000000;0.0000209;-2.328626E-06;-6.131785E-06;0.0000000
7033.00046920776;0.0000000;0.0000804;-8.95797E-06;2.079996E-05;0.0000000
7034.00039672852;0.0000000;0.0000209;-2.328626E-06;-2.124291E-05;0.0000000
7035.00032424927;0.0000000;0.0000209;-2.328626E-06;-8.279304E-06;0.0000000
7036.00025177002;0.0000000;0.0000804;-8.95797E-06;2.979146E-05;0.0000000
7037.00017929077;0.0000000;0.0000804;-8.95797E-06;3.543362E-05;0.0000000
7038.00010681152;0.0000000;0.0000804;-8.95797E-06;1.381005E-05;0.0000000
7039.00051116943;0.0000000;0.0000209;-2.328626E-06;-2.763588E-05;0.0000000
7040.00043869019;0.0000000;0.0000804;-8.95797E-06;2.637463E-05;0.0000000
7041.00036621094;0.0000000;0.0000804;-8.95797E-06;1.61559E-05;0.0000000
7042.00029373169;0.0000000;0.0000209;-2.328626E-06;-1.979184E-05;0.0000000
7043.00022125244;0.0000000;0.0000804;-8.95797E-06;3.407499E-05;0.0000000
7044.00014877319;0.0000000;0.0000804;-8.95797E-06;1.328054E-05;0.0000000
7045.0005531311;0.0000000;0.0000209;-2.328626E-06;-4.771288E-05;0.0000000
7046.00048065186;0.0000000;0.0000209;-2.328626E-06;-1.859583E-05;0.0000000
7047.00040817261;0.0000000;0.0000209;-2.328626E-06;-2.711823E-05;0.0000000
7048.00033569336;0.0000000;0.0000209;-2.328626E-06;-1.056918E-05;0.0000000
7049.00026321411;0.0000000;0.0000804;-8.95797E-06;4.289307E-05;0.0000000
7050.00019073486;0.0000000;0.0000804;-8.95797E-06;1.671733E-05;0.0000000
7051.00011825562;0.0000000;0.0000209;-2.328626E-06;-1.66743E-05;0.0000000
7052.00052261353;0.0000000;0.0000209;-2.328626E-06;-6.498716E-06;0.0000000
7053.00045013428;0.0000000;0.0000209;-2.328626E-06;-6.201534E-06;0.0000000
7054.00037765503;0.0000000;0.0000209;-2.328626E-06;-2.228763E-05;0.0000000
7055.00030517578;0.0000000;0.0000209;-2.328626E-06;-8.686477E-06;0.0000000
7056.00023269653;0.0000000;0.0000209;-2.328626E-06;-3.385506E-06;0.0000000
7057.00016021729;0.0000000;0.0000804;-8.95797E-06;3.582608E-05;0.0000000
7058.0005645752;0.0000000;0.0000209;-2.328626E-06;-2.318255E-05;0.0000000
7059.00049209595;0.0000000;0.0000804;-8.95797E-06;3.275348E-05;0.0000000
7060.0004196167;0.0000000;0.0000209;-2.328626E-06;-2.902327E-05;0.0000000
7061.00034713745;0.0000000;0.0000209;-2.328626E-06;-1.131165E-05;0.0000000
7062.0002746582;0.0000000;0.0000209;-2.328626E-06;-4.408653E-06;0.0000000
7063.00020217896;0.0000000;0.0000209;-2.328626E-06;-1.718248E-06;0.0000000
7064.00012969971;0.0000000;0.0000209;-2.328626E-06;-6.696773E-07;0.0000000
7065.00053405762;0.0000000;0.0000209;-2.328626E-06;-2.610029E-07;0.0000000
7066.00046157837;0.0000000;0.0000209;-2.328626E-06;-1.017244E-07;0.0000000
7067.00038909912;0.0000000;0.0000209;-2.328626E-06;-3.964652E-08;0.0000000
7068.00031661987;0.0000000;0.0000209;-2.328626E-06;-1.545201E-08;0.0000000
7069.00024414063;0.0000000;0.0000804;-8.95797E-06;3.301225E-05;0.0000000
7070.00017166138;0.0000000;0.0000209;-2.328626E-06;-2.015194E-05;0.0000000
7071.00009918213;0.0000000;0.0000804;-8.95797E-06;4.503479E-05;0.0000000
7072.00050354004;0.0000000;0.0000804;-8.95797E-06;1.755205E-05;0.0000000
7073.00043106079;0.0000000;0.0000209;-2.328626E-06;-2.617747E-05;0.0000000
7074.00035858154;0.0000000;0.0000804;-8.95797E-06;3.680983E-05;0.0000000
7075.00028610229;0.0000000;0.0000804;-8.95797E-06;1.434642E-05;0.0000000
7076.00021362305;0.0000000;0.0000209;-2.328626E-06;-1.759835E-05;0.0000000
7077.0001411438;0.0000000;0.0000209;-2.328626E-06;-6.858859E-06;0.0000000
7078.00054550171;0.0000000;0.0000209;-2.328626E-06;-2.673202E-06;0.0000000
7079.00047302246;0.0000000;0.0000209;-2.328626E-06;-2.458118E-05;0.0000000
7080.00040054321;0.0000000;0.0000209;-2.328626E-06;-9.580376E-06;0.0000000
7081.00032806396;0.0000000;0.0000804;-8.95797E-06;2.235461E-05;0.0000000
7082.00025558472;0.0000000;0.0000209;-2.328626E-06;-1.44772E-05;0.0000000
7083.00018310547;0.0000000;0.0000804;-8.95797E-06;4.136994E-05;0.0000000
7084.00011062622;0.0000000;0.0000209;-2.328626E-06;-3.676519E-05;0.0000000
7085.00051498413;0.0000000;-0.0000387;4.311859E-06;-6.142038E-05;0.0000000
7086.00044250488;0.0000000;0.0000208;-2.317485E-06;2.30741E-05;0.0000000
7087.00037002563;0.0000000;0.0000804;-8.95797E-06;4.620099E-05;0.0000000
7088.00029754639;0.0000000;0.0000209;-2.328626E-06;-5.183216E-06;0.0000000
7089.00022506714;0.0000000;0.0000209;-2.328626E-06;-2.020129E-06;0.0000000
7090.00015258789;0.0000000;0.0000209;-2.328626E-06;-7.873337E-07;0.0000000
7091.0005569458;0.0000000;0.0000209;-2.328626E-06;-3.068589E-07;0.0000000
7092.00048446655;0.0000000;0.0000209;-2.328626E-06;-1.195965E-07;0.0000000
7093.0004119873;0.0000000;0.0000209;-2.328626E-06;-4.661206E-08;0.0000000
7094.00033950806;0.0000000;0.0000209;-2.328626E-06;-1.816679E-08;0.0000000
7095.00026702881;0.0000000;0.0000209;-2.328626E-06;-7.080402E-09;0.0000000
7096.00019454956;0.0000000;0.0000804;-8.95797E-06;2.934681E-05;0.0000000
7097.00012207031;0.0000000;0.0000209;-2.328626E-06;-3.557459E-05;0.0000000
7098.00052642822;0.0000000;0.0000209;-2.328626E-06;-1.386499E-05;0.0000000
7099.00045394897;0.0000000;0.0000804;-8.95797E-06;3.174176E-05;0.0000000
7100.00038146973;0.0000000;0.0000804;-8.95797E-06;1.237117E-05;0.0000000
7101.00030899048;0.0000000;0.0000209;-2.328626E-06;-1.83682E-05;0.0000000
7102.00023651123;0.0000000;0.0000804;-8.95797E-06;3.985345E-05;0.0000000
7103.00016403198;0.0000000;0.0000804;-8.95797E-06;1.553265E-05;0.0000000
7104.00056838989;0.0000000;0.0000209;-2.328626E-06;-1.713602E-05;0.0000000
7105.00049591064;0.0000000;0.0000209;-2.328626E-06;-6.678669E-06;0.0000000
7106.0004234314;0.0000000;0.0000209;-2.328626E-06;-2.602973E-06;0.0000000
7107.00035095215;0.0000000;0.0000209;-2.328626E-06;-1.014494E-06;0.0000000
7108.0002784729;0.0000000;0.0000209;-2.328626E-06;-3.953934E-07;0.0000000
7109.00020599365;0.0000000;0.0000209;-2.328626E-06;-1.541023E-07;0.0000000
7110.0001335144;0.0000000;0.0000804;-8.95797E-06;5.282883E-05;0.0000000
7111.00053787231;0.0000000;0.0000209;-2.328626E-06;-5.498775E-06;0.0000000
7112.00046539307;0.0000000;0.0000209;-2.328626E-06;-2.143116E-06;0.0000000
7113.00039291382;0.0000000;0.0000804;-8.95797E-06;4.617708E-05;0.0000000
7114.00032043457;0.0000000;0.0000804;-8.95797E-06;1.799726E-05;0.0000000
7115.00024795532;0.0000000;0.0000209;-2.328626E-06;-2.320146E-05;0.0000000
7116.00017547607;0.0000000;0.0000209;-2.328626E-06;-9.042639E-06;0.0000000
7117.00010299683;0.0000000;0.0000209;-2.328626E-06;-3.524317E-06;0.0000000
7118.00050735474;0.0000000;0.0000209;-2.328626E-06;-1.373583E-06;0.0000000
7119.00043487549;0.0000000;0.0000209;-2.328626E-06;-5.353461E-07;0.0000000
7120.00036239624;0.0000000;0.0000209;-2.328626E-06;-2.086481E-07;0.0000000
7121.00028991699;0.0000000;0.0000209;-2.328626E-06;-8.131943E-08;0.0000000
7122.00021743774;0.0000000;0.0000209;-2.328626E-06;-3.169379E-08;0.0000000
7123.0001449585;0.0000000;0.0000209;-2.328626E-06;-1.235248E-08;0.0000000
7124.00054931641;0.0000000;0.0000209;-2.328626E-06;-4.814308E-09;0.0000000
7125.00047683716;0.0000000;0.0000804;-8.95797E-06;3.30164E-05;0.0000000
7126.00040435791;0.0000000;0.0000209;-2.328626E-06;-2.89208E-05;0.0000000
7127.00033187866;0.0000000;0.0000209;-2.328626E-06;-1.127172E-05;0.0000000
7128.00025939941;0.0000000;0.0000804;-8.95797E-06;2.495649E-05;0.0000000
7129.00018692017;0.0000000;-0.0000387;4.311859E-06;-7.260071E-05;0.0000000
7130.00011444092;0.0000000;0.0000208;-2.317485E-06;1.349304E-05;0.0000000
7131.00051879883;0.0000000;0.0000804;-8.95797E-06;3.13912E-05;0.0000000
7132.00044631958;0.0000000;-0.0000387;4.311859E-06;-6.42064E-05;0.0000000
7133.00037384033;0.0000000;0.0000208;-2.317485E-06;1.212148E-05;0.0000000
7134.00030136108;0.0000000;0.0000208;-2.317485E-06;4.724277E-06;0.0000000
7135.00022888184;0.0000000;0.0000208;-2.317485E-06;1.84126E-06;0.0000000
7136.00015640259;0.0000000;0.0000208;-2.317485E-06;7.176208E-07;0.0000000
7137.0005607605;0.0000000;0.0000208;-2.317485E-06;2.796886E-07;0.0000000
7138.00048828125;0.0000000;0.0000208;-2.317485E-06;1.090071E-07;0.0000000
7139.000415802;0.0000000;0.0000208;-2.317485E-06;4.248488E-08;0.0000000
7140.00034332275;0.0000000;0.0000208;-2.317485E-06;1.655824E-08;0.0000000
7141.00027084351;0.0000000;0.0000208;-2.317485E-06;6.45348E-09;0.0000000
7142.00019836426;0.0000000;0.0000208;-2.317485E-06;2.515207E-09;0.0000000
7143.00012588501;0.0000000;0.0000208;-2.317485E-06;9.802877E-10;0.0000000
7144.00053024292;0.0000000;0.0000208;-2.317485E-06;3.820616E-10;0.0000000
7145.00045776367;0.0000000;0.0000208;-2.317485E-06;1.489063E-10;0.0000000
7146.00038528442;0.0000000;0.0000208;-2.317485E-06;5.80354E-11;0.0000000
7147.00031280518;0.0000000;0.0000208;-2.317485E-06;2.261897E-11;0.0000000
7148.00024032593;0.0000000;0.0000208;-2.317485E-06;8.815616E-12;0.0000000
7149.00016784668;0.0000000;0.0000208;-2.317485E-06;3.435836E-12;0.0000000
7150.00057220459;0.0000000;0.0000208;-2.317485E-06;1.339098E-12;0.0000000
7151.00049972534;0.0000000;0.0000208;-2.317485E-06;5.219058E-13;0.0000000
7152.00042724609;0.0000000;0.0000208;-2.317485E-06;2.034098E-13;0.0000000
7153.00035476685;0.0000000;0.0000208;-2.317485E-06;7.927785E-14;0.0000000
7154.0002822876;0.0000000;0.0000208;-2.317485E-06;3.089809E-14;0.0000000
7155.00020980835;0.0000000;0.0000208;-2.317485E-06;1.204236E-14;0.0000000
7156.0001373291;0.0000000;0.0000208;-2.317485E-06;4.69344E-15;0.0000000
7157.00054168701;0.0000000;0.0000208;-2.317485E-06;1.829242E-15;0.0000000
7158.00046920776;0.0000000;0.0000804;-8.95797E-06;4.185898E-05;0.0000000
7159.00039672852;0.0000000;0.0000209;-2.328626E-06;-9.77421E-06;0.0000000
7160.00032424927;0.0000000;0.0000209;-2.328626E-06;-3.809443E-06;0.0000000
7161.00025177002;0.0000000;0.0000804;-8.95797E-06;4.552764E-05;0.0000000
7162.00017929077;0.0000000;0.0000209;-2.328626E-06;-1.527413E-05;0.0000000
7163.00010681152;0.0000000;0.0000209;-2.328626E-06;-5.953008E-06;0.0000000
7164.00051116943;0.0000000;0.0000209;-2.328626E-06;-1.998292E-05;0.0000000
7165.00043869019;0.0000000;0.0000209;-2.328626E-06;-7.788228E-06;0.0000000
7166.00036621094;0.0000000;0.0000209;-2.328626E-06;-3.035418E-06;0.0000000
7167.00029373169;0.0000000;0.0000209;-2.328626E-06;-1.183037E-06;0.0000000
7168.00022125244;0.0000000;0.0000209;-2.328626E-06;-4.610819E-07;0.0000000
7169.00014877319;0.0000000;0.0000209;-2.328626E-06;-1.797041E-07;0.0000000
7170.0005531311;0.0000000;0.0000804;-8.95797E-06;3.294824E-05;0.0000000
7171.00048065186;0.0000000;0.0000209;-2.328626E-06;-1.650819E-05;0.0000000
7172.00040817261;0.0000000;0.0000209;-2.328626E-06;-6.433975E-06;0.0000000
7173.00033569336;0.0000000;0.0000209;-2.328626E-06;-2.507605E-06;0.0000000
7174.00026321411;0.0000000;0.0000209;-2.328626E-06;-9.773249E-07;0.0000000
7175.00019073486;0.0000000;0.0000209;-2.328626E-06;-3.809068E-07;0.0000000
7176.00011825562;0.0000000;0.0000209;-2.328626E-06;-1.484563E-07;0.0000000
7177.00052261353;0.0000000;0.0000209;-2.328626E-06;-5.785999E-08;0.0000000
7178.00045013428;0.0000000;0.0000209;-2.328626E-06;-2.25506E-08;0.0000000
7179.00037765503;0.0000000;0.0000209;-2.328626E-06;-8.78897E-09;0.0000000
7180.00030517578;0.0000000;0.0000209;-2.328626E-06;-3.425451E-09;0.0000000
7181.00023269653;0.0000000;0.0000209;-2.328626E-06;-1.33505E-09;0.0000000
7182.00016021729;0.0000000;0.0000209;-2.328626E-06;-5.203283E-10;0.0000000
7183.0005645752;0.0000000;0.0000209;-2.328626E-06;-2.02795E-10;0.0000000
7184.00049209595;0.0000000;0.0000209;-2.328626E-06;-7.903819E-11;0.0000000
7185.0004196167;0.0000000;0.0000209;-2.328626E-06;-3.080469E-11;0.0000000
7186.00034713745;0.0000000;0.0000209;-2.328626E-06;-1.200595E-11;0.0000000
7187.0002746582;0.0000000;0.0000209;-2.328626E-06;-4.679252E-12;0.0000000
7188.00020217896;0.0000000;0.0000209;-2.328626E-06;-1.823712E-12;0.0000000
7189.00012969971;0.0000000;0.0000209;-2.328626E-06;-7.107814E-13;0.0000000
7190.00053405762;0.0000000;0.0000209;-2.328626E-06;-2.770231E-13;0.0000000
7191.00046157837;0.0000000;0.0000209;-2.328626E-06;-1.079682E-13;0.0000000
7192.00038909912;0.0000000;0.0000209;-2.328626E-06;-4.207999E-14;0.0000000
7193.00031661987;0.0000000;0.0000209;-2.328626E-06;-1.640044E-14;0.0000000
7194.00024414063;0.0000000;0.0000209;-2.328626E-06;-6.391977E-15;0.0000000
7195.00017166138;0.0000000;0.0000209;-2.328626E-06;-2.491237E-15;0.0000000
7196.00057601929;0.0000000;0.0000209;-2.328626E-06;-9.709456E-16;0.0000000
7197.00050354004;0.0000000;0.0000209;-2.328626E-06;-3.784205E-16;0.0000000
7198.00043106079;0.0000000;0.0000209;-2.328626E-06;-1.474873E-16;0.0000000
7199.00035858154;0.0000000;0.0000209;-2.328626E-06;-5.748233E-17;0.0000000
7200.00028610229;0.0000000;0.0000209;-2.328626E-06;-2.240341E-17;0.0000000
7201.00021362305;0.0000000;0.0000209;-2.328626E-06;-8.731604E-18;0.0000000
7202.0001411438;0.0000000;0.0000209;-2.328626E-06;-3.403093E-18;0.0000000
7203.00054550171;0.0000000;0.0000209;-2.328626E-06;-1.326336E-18;0.0000000
7204.00047302246;0.0000000;0.0000209;-2.328626E-06;-5.169321E-19;0.0000000
7205.00040054321;0.0000000;0.0000209;-2.328626E-06;-2.014714E-19;0.0000000
7206.00032806396;0.0000000;0.0000209;-2.328626E-06;-7.852233E-20;0.0000000
7207.00025558472;0.0000000;0.0000209;-2.328626E-06;-3.060363E-20;0.0000000
7208.00018310547;0.0000000;0.0000209;-2.328626E-06;-1.192759E-20;0.0000000
7209.00011062622;0.0000000;0.0000209;-2.328626E-06;-4.648711E-21;0.0000000
7210.00051498413;0.0000000;0.0000804;-8.95797E-06;4.701235E-05;0.0000000
7211.00044250488;0.0000000;0.0000209;-2.328626E-06;-3.45661E-05;0.0000000
7212.00037002563;0.0000000;0.0000209;-2.328626E-06;-1.347194E-05;0.0000000
7213.00029754639;0.0000000;0.0000209;-2.328626E-06;-5.250613E-06;0.0000000
7214.00022506714;0.0000000;0.0000209;-2.328626E-06;-2.046397E-06;0.0000000
7215.00015258789;0.0000000;0.0000209;-2.328626E-06;-7.975715E-07;0.0000000
7216.0005569458;0.0000000;0.0000209;-2.328626E-06;-3.10849E-07;0.0000000
7217.00048446655;0.0000000;0.0000209;-2.328626E-06;-1.211517E-07;0.0000000
7218.0004119873;0.0000000;0.0000209;-2.328626E-06;-4.721817E-08;0.0000000
7219.00033950806;0.0000000;0.0000209;-2.328626E-06;-1.840301E-08;0.0000000
7220.00026702881;0.0000000;0.0000209;-2.328626E-06;-7.17247E-09;0.0000000
7221.00019454956;0.0000000;0.0000209;-2.328626E-06;-2.795429E-09;0.0000000
7222.00012207031;0.0000000;0.0000209;-2.328626E-06;-1.089503E-09;0.0000000
7223.00052642822;0.0000000;0.0000804;-8.95797E-06;2.934915E-05;0.0000000
7224.00045394897;0.0000000;0.0000209;-2.328626E-06;-1.175112E-05;0.0000000
7225.00038146973;0.0000000;0.0000209;-2.328626E-06;-4.579934E-06;0.0000000
7226.00030899048;0.0000000;0.0000209;-2.328626E-06;-1.785003E-06;0.0000000
7227.00023651123;0.0000000;0.0000209;-2.328626E-06;-6.95695E-07;0.0000000
7228.00016403198;0.0000000;0.0000209;-2.328626E-06;-2.711432E-07;0.0000000
7229.00056838989;0.0000000;0.0000209;-2.328626E-06;-1.056765E-07;0.0000000
7230.00049591064;0.0000000;0.0000209;-2.328626E-06;-4.118684E-08;0.0000000
7231.0004234314;0.0000000;0.0000209;-2.328626E-06;-1.605234E-08;0.0000000
7232.00035095215;0.0000000;0.0000209;-2.328626E-06;-6.256309E-09;0.0000000
7233.0002784729;0.0000000;0.0000209;-2.328626E-06;-2.438361E-09;0.0000000
7234.00020599365;0.0000000;0.0000209;-2.328626E-06;-9.503373E-10;0.0000000
7235.0001335144;0.0000000;0.0000209;-2.328626E-06;-3.703886E-10;0.0000000
7236.00053787231;0.0000000;0.0000209;-2.328626E-06;-1.443568E-10;0.0000000
7237.00046539307;0.0000000;0.0000209;-2.328626E-06;-5.626227E-11;0.0000000
7238.00039291382;0.0000000;0.0000209;-2.328626E-06;-2.19279E-11;0.0000000
7239.00032043457;0.0000000;0.0000209;-2.328626E-06;-8.546274E-12;0.0000000
7240.00024795532;0.0000000;0.0000209;-2.328626E-06;-3.330862E-12;0.0000000
7241.00017547607;0.0000000;0.0000209;-2.328626E-06;-1.298185E-12;0.0000000
7242.00057983398;0.0000000;0.0000209;-2.328626E-06;-5.059601E-13;0.0000000
7243.00050735474;0.0000000;0.0000209;-2.328626E-06;-1.971951E-13;0.0000000
7244.00043487549;0.0000000;0.0000209;-2.328626E-06;-7.685566E-14;0.0000000
7245.00036239624;0.0000000;0.0000209;-2.328626E-06;-2.995406E-14;0.0000000
7246.00028991699;0.0000000;0.0000209;-2.328626E-06;-1.167443E-14;0.0000000
7247.00021743774;0.0000000;0.0000209;-2.328626E-06;-4.550042E-15;0.0000000
7248.0001449585;0.0000000;0.0000209;-2.328626E-06;-1.773353E-15;0.0000000
7249.00054931641;0.0000000;0.0000208;-2.317485E-06;5.15336E-06;0.0000000
7250.00047683716;0.0000000;0.0000208;-2.317485E-06;2.008493E-06;0.0000000
7251.00040435791;0.0000000;0.0000208;-2.317485E-06;7.827987E-07;0.0000000
7252.00033187866;0.0000000;0.0000208;-2.317485E-06;3.050913E-07;0.0000000
7253.00025939941;0.0000000;0.0000208;-2.317485E-06;1.189076E-07;0.0000000
7254.00018692017;0.0000000;0.0000208;-2.317485E-06;4.634357E-08;0.0000000
7255.00011444092;0.0000000;0.0000208;-2.317485E-06;1.806214E-08;0.0000000
7256.00051879883;0.0000000;0.0000208;-2.317485E-06;7.039619E-09;0.0000000
7257.00044631958;0.0000000;0.0000208;-2.317485E-06;2.743652E-09;0.0000000
7258.00037384033;0.0000000;0.0000208;-2.317485E-06;1.069323E-09;0.0000000
7259.00030136108;0.0000000;0.0000208;-2.317485E-06;4.167624E-10;0.0000000
7260.00022888184;0.0000000;0.0000208;-2.317485E-06;1.624308E-10;0.0000000
7261.00015640259;0.0000000;0.0000208;-2.317485E-06;6.330649E-11;0.0000000
7262.0005607605;0.0000000;0.0000208;-2.317485E-06;2.467334E-11;0.0000000
7263.00048828125;0.0000000;0.0000208;-2.317485E-06;9.616297E-12;0.0000000
7264.000415802;0.0000000;0.0000208;-2.317485E-06;3.747897E-12;0.0000000
7265.00034332275;0.0000000;0.0000208;-2.317485E-06;1.460722E-12;0.0000000
7266.00027084351;0.0000000;0.0000208;-2.317485E-06;5.693081E-13;0.0000000
7267.00019836426;0.0000000;0.0000208;-2.317485E-06;2.218846E-13;0.0000000
7268.00012588501;0.0000000;0.0000208;-2.317485E-06;8.647826E-14;0.0000000
7269.00053024292;0.0000000;0.0000208;-2.317485E-06;3.370442E-14;0.0000000
7270.00045776367;0.0000000;0.0000208;-2.317485E-06;1.31361E-14;0.0000000
7271.00038528442;0.0000000;0.0000208;-2.317485E-06;5.119723E-15;0.0000000
7272.00031280518;0.0000000;0.0000208;-2.317485E-06;1.995383E-15;0.0000000
7273.00024032593;0.0000000;0.0000208;-2.317485E-06;7.776893E-16;0.0000000
7274.00016784668;0.0000000;0.0000208;-2.317485E-06;3.031E-16;0.0000000
7275.00057220459;0.0000000;0.0000208;-2.317485E-06;1.181315E-16;0.0000000
7276.00049972534;0.0000000;0.0000208;-2.317485E-06;4.604109E-17;0.0000000
7277.00042724609;0.0000000;0.0000208;-2.317485E-06;1.794426E-17;0.0000000
7278.00035476685;0.0000000;0.0000208;-2.317485E-06;6.993672E-18;0.0000000
7279.0002822876;0.0000000;0.0000208;-2.317485E-06;2.725744E-18;0.0000000
7280.00020980835;0.0000000;-0.0000387;4.311859E-06;-4.178875E-05;0.0000000
7281.0001373291;0.0000000;0.0000208;-2.317485E-06;1.306265E-05;0.0000000
7282.00054168701;0.0000000;0.0000208;-2.317485E-06;5.091093E-06;0.0000000
7283.00046920776;0.0000000;0.0000208;-2.317485E-06;1.984225E-06;0.0000000
7284.00039672852;0.0000000;0.0000208;-2.317485E-06;7.733404E-07;0.0000000
7285.00032424927;0.0000000;0.0000208;-2.317485E-06;3.01405E-07;0.0000000
7286.00025177002;0.0000000;0.0000208;-2.317485E-06;1.174709E-07;0.0000000
7287.00017929077;0.0000000;0.0000208;-2.317485E-06;4.578362E-08;0.0000000
7288.00058364868;0.0000000;0.0000208;-2.317485E-06;1.784391E-08;0.0000000
7289.00051116943;0.0000000;0.0000208;-2.317485E-06;6.954562E-09;0.0000000
7290.00043869019;0.0000000;0.0000208;-2.317485E-06;2.710501E-09;0.0000000
7291.00036621094;0.0000000;0.0000208;-2.317485E-06;1.056402E-09;0.0000000
7292.00029373169;0.0000000;0.0000804;-8.95797E-06;3.720839E-05;0.0000000
7293.00022125244;0.0000000;0.0000209;-2.328626E-06;-1.851651E-05;0.0000000
7294.00014877319;0.0000000;0.0000209;-2.328626E-06;-7.216706E-06;0.0000000
7295.0005531311;0.0000000;0.0000209;-2.328626E-06;-2.812671E-06;0.0000000
7296.00048065186;0.0000000;0.0000209;-2.328626E-06;-1.096222E-06;0.0000000
7297.00040817261;0.0000000;0.0000209;-2.328626E-06;-4.272466E-07;0.0000000
7298.00033569336;0.0000000;0.0000209;-2.328626E-06;-1.665169E-07;0.0000000
7299.00026321411;0.0000000;0.0000209;-2.328626E-06;-6.489903E-08;0.0000000
7300.00019073486;0.0000000;0.0000209;-2.328626E-06;-2.529403E-08;0.0000000
7301.00011825562;0.0000000;0.0000209;-2.328626E-06;-9.858204E-09;0.0000000
7302.00052261353;0.0000000;0.0000209;-2.328626E-06;-3.842179E-09;0.0000000
7303.00045013428;0.0000000;0.0000209;-2.328626E-06;-1.497468E-09;0.0000000
7304.00037765503;0.0000000;0.0000209;-2.328626E-06;-5.836297E-10;0.0000000
7305.00030517578;0.0000000;0.0000209;-2.328626E-06;-2.274664E-10;0.0000000
7306.00023269653;0.0000000;0.0000209;-2.328626E-06;-8.865372E-11;0.0000000
7307.00016021729;0.0000000;0.0000209;-2.328626E-06;-3.455228E-11;0.0000000
7308.0005645752;0.0000000;0.0000209;-2.328626E-06;-1.346656E-11;0.0000000
7309.00049209595;0.0000000;0.0000209;-2.328626E-06;-5.248514E-12;0.0000000
7310.0004196167;0.0000000;0.0000209;-2.328626E-06;-2.045579E-12;0.0000000
7311.00034713745;0.0000000;0.0000209;-2.328626E-06;-7.972528E-13;0.0000000
7312.0002746582;0.0000000;0.0000209;-2.328626E-06;-3.107248E-13;0.0000000
7313.00020217896;0.0000000;0.0000209;-2.328626E-06;-1.211032E-13;0.0000000
7314.00012969971;0.0000000;0.0000209;-2.328626E-06;-4.719931E-14;0.0000000
7315.00053405762;0.0000000;0.0000209;-2.328626E-06;-1.839566E-14;0.0000000
7316.00046157837;0.0000000;0.0000209;-2.328626E-06;-7.169605E-15;0.0000000
7317.00038909912;0.0000000;0.0000209;-2.328626E-06;-2.794313E-15;0.0000000
7318.00031661987;0.0000000;0.0000209;-2.328626E-06;-1.089068E-15;0.0000000
7319.00024414063;0.0000000;0.0000209;-2.328626E-06;-4.24458E-16;0.0000000
7320.00017166138;0.0000000;0.0000209;-2.328626E-06;-1.654301E-16;0.0000000
7321.00057601929;0.0000000;0.0000209;-2.328626E-06;-6.447545E-17;0.0000000
7322.00050354004;0.0000000;0.0000209;-2.328626E-06;-2.512894E-17;0.0000000
7323.00043106079;0.0000000;0.0000209;-2.328626E-06;-9.793862E-18;0.0000000
7324.00035858154;0.0000000;0.0000209;-2.328626E-06;-3.817103E-18;0.0000000
7325.00028610229;0.0000000;0.0000209;-2.328626E-06;-1.487694E-18;0.0000000
7326.00021362305;0.0000000;0.0000209;-2.328626E-06;-5.798204E-19;0.0000000
7327.0001411438;0.0000000;0.0000209;-2.328626E-06;-2.259817E-19;0.0000000
7328.00054550171;0.0000000;0.0000209;-2.328626E-06;-8.80751E-20;0.0000000
7329.00047302246;0.0000000;0.0000209;-2.328626E-06;-3.432677E-20;0.0000000
7330.00040054321;0.0000000;0.0000209;-2.328626E-06;-1.337866E-20;0.0000000
7331.00032806396;0.0000000;0.0000209;-2.328626E-06;-5.214258E-21;0.0000000
7332.00025558472;0.0000000;0.0000209;-2.328626E-06;-2.032228E-21;0.0000000
7333.00018310547;0.0000000;0.0000209;-2.328626E-06;-7.920492E-22;0.0000000
7334.00011062622;0.0000000;0.0000209;-2.328626E-06;-3.086967E-22;0.0000000
7335.00051498413;0.0000000;0.0000209;-2.328626E-06;-1.203128E-22;0.0000000
7336.00044250488;0.0000000;0.0000804;-8.95797E-06;4.178875E-05;0.0000000
7337.00037002563;0.0000000;0.0000209;-2.328626E-06;-2.085863E-05;0.0000000
7338.00029754639;0.0000000;0.0000209;-2.328626E-06;-8.129533E-06;0.0000000
7339.00022506714;0.0000000;0.0000209;-2.328626E-06;-3.168439E-06;0.0000000
7340.00015258789;0.0000000;0.0000209;-2.328626E-06;-1.234881E-06;0.0000000
7341.0005569458;0.0000000;0.0000209;-2.328626E-06;-4.81288E-07;0.0000000
7342.00048446655;0.0000000;0.0000209;-2.328626E-06;-1.875793E-07;0.0000000
7343.0004119873;0.0000000;0.0000209;-2.328626E-06;-7.310796E-08;0.0000000
7344.00033950806;0.0000000;0.0000209;-2.328626E-06;-2.849341E-08;0.0000000
7345.00026702881;0.0000000;0.0000209;-2.328626E-06;-1.110515E-08;0.0000000
7346.00019454956;0.0000000;0.0000209;-2.328626E-06;-4.328168E-09;0.0000000
7347.00012207031;0.0000000;0.0000209;-2.328626E-06;-1.686879E-09;0.0000000
7348.00052642822;0.0000000;0.0000209;-2.328626E-06;-6.574515E-10;0.0000000
7349.00045394897;0.0000000;0.0000209;-2.328626E-06;-2.56238E-10;0.0000000
7350.00038146973;0.0000000;0.0000209;-2.328626E-06;-9.986731E-11;0.0000000
7351.00030899048;0.0000000;0.0000209;-2.328626E-06;-3.892272E-11;0.0000000
7352.00023651123;0.0000000;0.0000209;-2.328626E-06;-1.516991E-11;0.0000000
7353.00016403198;0.0000000;0.0000209;-2.328626E-06;-5.912386E-12;0.0000000
7354.00056838989;0.0000000;0.0000209;-2.328626E-06;-2.304319E-12;0.0000000
7355.00049591064;0.0000000;0.0000209;-2.328626E-06;-8.980953E-13;0.0000000
7356.0004234314;0.0000000;0.0000209;-2.328626E-06;-3.500276E-13;0.0000000
7357.00035095215;0.0000000;0.0000209;-2.328626E-06;-1.364213E-13;0.0000000
7358.0002784729;0.0000000;0.0000209;-2.328626E-06;-5.316942E-14;0.0000000
7359.00020599365;0.0000000;0.0000209;-2.328626E-06;-2.072248E-14;0.0000000
7360.0001335144;0.0000000;0.0000209;-2.328626E-06;-8.076469E-15;0.0000000
7361.00053787231;0.0000000;0.0000209;-2.328626E-06;-3.147758E-15;0.0000000
7362.00046539307;0.0000000;0.0000209;-2.328626E-06;-1.226821E-15;0.0000000
7363.00039291382;0.0000000;0.0000209;-2.328626E-06;-4.781465E-16;0.0000000
7364.00032043457;0.0000000;0.0000209;-2.328626E-06;-1.863549E-16;0.0000000
7365.00024795532;0.0000000;0.0000209;-2.328626E-06;-7.263077E-17;0.0000000
7366.00017547607;0.0000000;0.0000209;-2.328626E-06;-2.830743E-17;0.0000000
7367.00057983398;0.0000000;0.0000209;-2.328626E-06;-1.103266E-17;0.0000000
7368.00050735474;0.0000000;0.0000209;-2.328626E-06;-4.299917E-18;0.0000000
7369.00043487549;0.0000000;0.0000209;-2.328626E-06;-1.675868E-18;0.0000000
7370.00036239624;0.0000000;0.0000209;-2.328626E-06;-6.531603E-19;0.0000000
7371.00028991699;0.0000000;0.0000209;-2.328626E-06;-2.545655E-19;0.0000000
7372.00021743774;0.0000000;0.0000209;-2.328626E-06;-9.921548E-20;0.0000000
7373.0001449585;0.0000000;0.0000209;-2.328626E-06;-3.866867E-20;0.0000000
7374.00054931641;0.0000000;0.0000209;-2.328626E-06;-1.507089E-20;0.0000000
7375.00047683716;0.0000000;0.0000209;-2.328626E-06;-5.873796E-21;0.0000000
7376.00040435791;0.0000000;0.0000209;-2.328626E-06;-2.289279E-21;0.0000000
7377.00033187866;0.0000000;0.0000209;-2.328626E-06;-8.922336E-22;0.0000000
7378.00025939941;0.0000000;-0.0000387;4.311859E-06;-3.720798E-05;0.0000000
7379.00018692017;0.0000000;0.0000208;-2.317485E-06;1.851667E-05;0.0000000
7380.00011444092;0.0000000;0.0000208;-2.317485E-06;7.216768E-06;0.0000000
7381.00051879883;0.0000000;0.0000208;-2.317485E-06;2.812694E-06;0.0000000
7382.00044631958;0.0000000;0.0000208;-2.317485E-06;1.096232E-06;0.0000000
7383.00037384033;0.0000000;0.0000208;-2.317485E-06;4.272501E-07;0.0000000
7384.00030136108;0.0000000;0.0000208;-2.317485E-06;1.665183E-07;0.0000000
7385.00022888184;0.0000000;0.0000208;-2.317485E-06;6.489958E-08;0.0000000
7386.00015640259;0.0000000;0.0000209;-2.328626E-06;-4.555473E-06;0.0000000
7387.0005607605;0.0000000;0.0000209;-2.328626E-06;-1.77547E-06;0.0000000
7388.00048828125;0.0000000;0.0000209;-2.328626E-06;-6.919793E-07;0.0000000
7389.000415802;0.0000000;0.0000804;-8.95797E-06;4.674265E-05;0.0000000
7390.00034332275;0.0000000;0.0000209;-2.328626E-06;-7.870829E-06;0.0000000
7391.00027084351;0.0000000;0.0000209;-2.328626E-06;-3.067611E-06;0.0000000
7392.00019836426;0.0000000;0.0000209;-2.328626E-06;-1.195584E-06;0.0000000
7393.00012588501;0.0000000;0.0000209;-2.328626E-06;-4.659721E-07;0.0000000
7394.00053024292;0.0000000;0.0000209;-2.328626E-06;-1.8161E-07;0.0000000
7395.00045776367;0.0000000;0.0000209;-2.328626E-06;-7.078148E-08;0.0000000
7396.00038528442;0.0000000;0.0000209;-2.328626E-06;-2.758668E-08;0.0000000
7397.00031280518;0.0000000;0.0000209;-2.328626E-06;-1.075175E-08;0.0000000
7398.00024032593;0.0000000;0.0000209;-2.328626E-06;-4.190436E-09;0.0000000
7399.00016784668;0.0000000;0.0000209;-2.328626E-06;-1.633199E-09;0.0000000
7400.00057220459;0.0000000;0.0000209;-2.328626E-06;-6.3653E-10;0.0000000
7401.00049972534;0.0000000;0.0000209;-2.328626E-06;-2.48084E-10;0.0000000
7402.00042724609;0.0000000;0.0000209;-2.328626E-06;-9.668933E-11;0.0000000
7403.00035476685;0.0000000;0.0000209;-2.328626E-06;-3.768412E-11;0.0000000
7404.0002822876;0.0000000;0.0000209;-2.328626E-06;-1.468718E-11;0.0000000
7405.00020980835;0.0000000;0.0000209;-2.328626E-06;-5.724244E-12;0.0000000
7406.0001373291;0.0000000;0.0000209;-2.328626E-06;-2.230991E-12;0.0000000
7407.00054168701;0.0000000;0.0000209;-2.328626E-06;-8.695163E-13;0.0000000
7408.00046920776;0.0000000;0.0000209;-2.328626E-06;-3.38889E-13;0.0000000
7409.00039672852;0.0000000;0.0000209;-2.328626E-06;-1.320801E-13;0.0000000
7410.00032424927;0.0000000;0.0000209;-2.328626E-06;-5.147746E-14;0.0000000
7411.00025177002;0.0000000;0.0000209;-2.328626E-06;-2.006305E-14;0.0000000
7412.00017929077;0.0000000;0.0000209;-2.328626E-06;-7.819459E-15;0.0000000
7413.00058364868;0.0000000;0.0000209;-2.328626E-06;-3.04759E-15;0.0000000
7414.00051116943;0.0000000;0.0000209;-2.328626E-06;-1.187781E-15;0.0000000
7415.00043869019;0.0000000;-0.0000387;4.311859E-06;-5.297778E-05;0.0000000
7416.00036621094;0.0000000;-0.0000387;4.311859E-06;-2.064779E-05;0.0000000
7417.00029373169;0.0000000;0.0000208;-2.317485E-06;1.804115E-05;0.0000000
7418.00022125244;0.0000000;0.0000208;-2.317485E-06;7.031437E-06;0.0000000
7419.00014877319;0.0000000;0.0000208;-2.317485E-06;2.740463E-06;0.0000000
7420.0005531311;0.0000000;0.0000208;-2.317485E-06;1.06808E-06;0.0000000
7421.00048065186;0.0000000;0.0000208;-2.317485E-06;4.162781E-07;0.0000000
7422.00040817261;0.0000000;0.0000208;-2.317485E-06;1.622421E-07;0.0000000
7423.00033569336;0.0000000;0.0000208;-2.317485E-06;6.323293E-08;0.0000000
7424.00026321411;0.0000000;0.0000208;-2.317485E-06;2.464468E-08;0.0000000
7425.00019073486;0.0000000;0.0000208;-2.317485E-06;9.605122E-09;0.0000000
7426.00011825562;0.0000000;0.0000208;-2.317485E-06;3.743542E-09;0.0000000
7427.00052261353;0.0000000;0.0000208;-2.317485E-06;1.459024E-09;0.0000000
7428.00045013428;0.0000000;0.0000208;-2.317485E-06;5.686465E-10;0.0000000
7429.00037765503;0.0000000;0.0000208;-2.317485E-06;2.216267E-10;0.0000000
7430.00030517578;0.0000000;0.0000208;-2.317485E-06;8.637777E-11;0.0000000
7431.00023269653;0.0000000;0.0000208;-2.317485E-06;3.366525E-11;0.0000000
7432.00016021729;0.0000000;0.0000208;-2.317485E-06;1.312084E-11;0.0000000
7433.0005645752;0.0000000;0.0000208;-2.317485E-06;5.113773E-12;0.0000000
7434.00049209595;0.0000000;0.0000208;-2.317485E-06;1.993064E-12;0.0000000
7435.0004196167;0.0000000;0.0000208;-2.317485E-06;7.767856E-13;0.0000000
7436.00034713745;0.0000000;0.0000208;-2.317485E-06;3.027478E-13;0.0000000
7437.0002746582;0.0000000;0.0000208;-2.317485E-06;1.179942E-13;0.0000000
7438.00020217896;0.0000000;0.0000208;-2.317485E-06;4.598758E-14;0.0000000
7439.00012969971;0.0000000;0.0000208;-2.317485E-06;1.79234E-14;0.0000000
7440.00053405762;0.0000000;0.0000208;-2.317485E-06;6.985543E-15;0.0000000
7441.00046157837;0.0000000;0.0000208;-2.317485E-06;2.722576E-15;0.0000000
7442.00038909912;0.0000000;0.0000208;-2.317485E-06;1.061108E-15;0.0000000
7443.00031661987;0.0000000;0.0000208;-2.317485E-06;4.13561E-16;0.0000000
7444.00024414063;0.0000000;0.0000208;-2.317485E-06;1.611831E-16;0.0000000
7445.00017166138;0.0000000;0.0000208;-2.317485E-06;6.282018E-17;0.0000000
7446.00057601929;0.0000000;0.0000208;-2.317485E-06;2.448381E-17;0.0000000
7447.00050354004;0.0000000;0.0000208;-2.317485E-06;9.542427E-18;0.0000000
7448.00043106079;0.0000000;0.0000208;-2.317485E-06;3.719107E-18;0.0000000
7449.00035858154;0.0000000;0.0000208;-2.317485E-06;1.449501E-18;0.0000000
7450.00028610229;0.0000000;0.0000208;-2.317485E-06;5.649347E-19;0.0000000
7451.00021362305;0.0000000;0.0000208;-2.317485E-06;2.201801E-19;0.0000000
7452.0001411438;0.0000000;0.0000208;-2.317485E-06;8.581395E-20;0.0000000
7453.00054550171;0.0000000;0.0000208;-2.317485E-06;3.34455E-20;0.0000000
7454.00047302246;0.0000000;0.0000208;-2.317485E-06;1.303519E-20;0.0000000
7455.00040054321;0.0000000;0.0000208;-2.317485E-06;5.080393E-21;0.0000000
7456.00032806396;0.0000000;-0.0000387;4.311859E-06;-3.301827E-05;0.0000000
7457.00025558472;0.0000000;0.0000804;-8.95797E-06;5.507881E-05;0.0000000
7458.00018310547;0.0000000;-0.0000387;4.311859E-06;-6.45294E-05;0.0000000
7459.00058746338;0.0000000;-0.0000387;4.311859E-06;-2.514997E-05;0.0000000
7460.00051498413;0.0000000;0.0000208;-2.317485E-06;2.321622E-05;0.0000000
7461.00044250488;0.0000000;0.0000208;-2.317485E-06;9.048389E-06;0.0000000
7462.00037002563;0.0000000;-0.0000387;4.311859E-06;-4.936233E-05;0.0000000
7463.00029754639;0.0000000;0.0000208;-2.317485E-06;2.777365E-05;0.0000000
7464.00022506714;0.0000000;0.0000208;-2.317485E-06;1.082463E-05;0.0000000
7465.00015258789;0.0000000;-0.0000387;4.311859E-06;-3.756992E-05;0.0000000
7466.0005569458;0.0000000;0.0000208;-2.317485E-06;2.25029E-05;0.0000000
7467.00048446655;0.0000000;0.0000208;-2.317485E-06;8.770377E-06;0.0000000
7468.0004119873;0.0000000;0.0000208;-2.317485E-06;3.418205E-06;0.0000000
7469.00033950806;0.0000000;0.0000208;-2.317485E-06;1.332226E-06;0.0000000
7470.00026702881;0.0000000;0.0000208;-2.317485E-06;5.192276E-07;0.0000000
7471.00019454956;0.0000000;0.0000208;-2.317485E-06;2.02366E-07;0.0000000
7472.00012207031;0.0000000;0.0000208;-2.317485E-06;7.8871E-08;0.0000000
7473.00052642822;0.0000000;0.0000208;-2.317485E-06;3.073952E-08;0.0000000
7474.00045394897;0.0000000;-0.0000387;4.311859E-06;-4.700037E-05;0.0000000
7475.00038146973;0.0000000;-0.0000387;4.311859E-06;-1.831813E-05;0.0000000
7476.00030899048;0.0000000;0.0000208;-2.317485E-06;1.894912E-05;0.0000000
7477.00023651123;0.0000000;0.0000208;-2.317485E-06;7.385313E-06;0.0000000
7478.00016403198;0.0000000;0.0000208;-2.317485E-06;2.878384E-06;0.0000000
7479.00056838989;0.0000000;0.0000208;-2.317485E-06;1.121834E-06;0.0010000
7480.00049591064;0.0000171;0.0000208;-4.947917E-05;4.372285E-07;0.0010000
7481.0004234314;-0.0001060;-0.0000387;0.0002555224;-3.697515E-05;0.0010000
7482.00035095215;0.0008169;0.0003785;0.0009212412;0.0002710491;0.0010000
7483.0002784729;0.0010220;0.0002594;-9.704818E-07;-1.59721E-05;0.0010000
7484.00020599365;0.0010000;-0.0002771;0.0001422913;-0.0002791913;0.0010000
7485.0001335144;0.0010000;0.0001400;9.581908E-05;0.0001943336;0.0010000
7486.00053787231;0.0010000;0.0003786;6.923486E-05;0.0001657621;0.0010000
7487.00046539307;0.0010000;-0.0000983;0.0001223699;-0.0002182053;0.0010000
7488.00039291382;0.0010000;0.0000804;0.0001024596;6.270002E-05;0.0010000
7489.00032043457;0.0010000;0.0003785;6.9246E-05;0.0001895816;0.0010000
7490.00024795532;0.0010000;0.0000209;0.0001090889;-0.0001640665;0.0010000
7491.00017547607;0.0010000;0.0000208;0.0001091;-4.633052E-05;0.0020000
7492.00057983398;0.0010171;0.0003189;2.831256E-05;0.0001566502;0.0020000
7493.00050735474;0.0008940;0.0001401;0.0003470185;-6.636669E-05;0.0020000
7494.00043487549;0.0018169;0.0003785;0.001032659;0.0001690398;0.0020000
7495.00036239624;0.0020220;0.0007361;5.733432E-05;0.0002737835;0.0030000
7496.00028991699;0.0020171;0.0010937;5.340378E-05;0.0003338183;0.0030000
7497.00021743774;0.0018940;0.0015110;0.0003056937;0.0003839546;0.0030000
7498.0001449585;0.0028169;0.0025242;0.0009050076;0.0007819418;0.0030000
7499.00054931641;0.0030220;0.0040143;-0.0001964971;0.001188074;0.0040000
7500.00047683716;0.0030171;0.0050872;-0.0002801246;0.0010856;0.0040000
7501.00040435791;0.0028940;0.0056237;-4.111565E-05;0.0007402578;0.0040000
7502.00033187866;0.0038169;0.0060409;0.0006246031;0.0005559687;0.0040000
7503.00025939941;0.0040220;0.0063389;-0.0003440808;0.0003830116;0.0050000
7504.00018692017;0.0040171;0.0062794;-0.0003015391;0.0001022642;0.0050000
7505.00059127808;0.0038940;0.0062794;-2.75459E-06;3.98569E-05;0.0050000
7506.00051879883;0.0048169;0.0066370;0.0006696047;0.0002613166;0.0050000
7507.00044631958;0.0050220;0.0069946;-0.0003057197;0.0002979798;0.0060000
7508.00037384033;0.0050171;0.0069946;-0.0002698074;0.0001161359;0.0060000
7509.00030136108;0.0048940;0.0069946;2.897711E-05;4.526332E-05;0.0060000
7510.00022888184;0.0058169;0.0072330;0.0007146174;0.0001768732;0.0060000
7511.00015640259;0.0060220;0.0075310;-0.0002540665;0.000211807;0.0070000
7512.0005607605;0.0060171;0.0075310;-0.0002181542;8.255057E-05;0.0070000
7513.00048828125;0.0058940;0.0075310;8.06303E-05;3.217362E-05;0.0070000
7514.000415802;0.0068169;0.0078290;0.0007596301;0.0002164235;0.0070000
7515.00034332275;0.0070220;0.0081271;-0.000209065;0.0002533346;0.0090000
7516.00027084351;0.0070342;0.0081271;-0.0002207266;9.873571E-05;0.0090000
7517.00019836426;0.0067881;0.0080676;0.0003834829;1.52919E-05;0.0090000
7518.00012588501;0.0086338;0.0088423;0.001721561;0.0005292836;0.0090000
7519.00053024292;0.0090439;0.0100940;-0.0002888746;0.0009260813;0.0110000
7520.00045776367;0.0090342;0.0104517;-0.0002568927;0.0005502056;0.0110000
7521.00038528442;0.0087881;0.0103921;0.0003473279;0.0001725806;0.0110000
7522.00031280518;0.0106338;0.0110477;0.001698676;0.000540985;0.0110000
7523.00024032593;0.0110439;0.0120014;-0.0002785573;0.0007460986;0.0130000
7524.00016784668;0.0110342;0.0121802;-0.0002266428;0.000370319;0.0130000
7525.00057220459;0.0107881;0.0120611;0.0003842071;8.103323E-05;0.0130000
7526.00049972534;0.0126338;0.0129550;0.001709004;0.000662565;0.0130000
7527.00042724609;0.0130439;0.0140875;-0.0002881503;0.000926486;0.0150000
7528.00035476685;0.0130342;0.0143260;-0.0002428875;0.0004817819;0.0150000
7529.0002822876;0.0127881;0.0141472;0.000374614;6.818711E-05;0.0150000
7530.00020980835;0.0146338;0.0149220;0.001712681;0.0005536295;0.0150000
7531.0001373291;0.0150439;0.0159949;-0.0002778331;0.0008062674;0.0180000
7532.00054168701;0.0150513;0.0161737;-0.0002734925;0.0003937694;0.0180000
7533.00046920776;0.0146821;0.0159950;0.0006427824;5.709915E-05;0.0180000
7534.00039672852;0.0174507;0.0173658;0.002626647;0.0009742539;0.0180000
7535.00032424927;0.0180659;0.0193923;-0.0004055967;0.001560636;0.0210000
7536.00025177002;0.0180513;0.0198096;-0.000344343;0.0008243834;0.0210000
7537.00017929077;0.0176821;0.0195117;0.000585213;0.0001484383;0.0210000
7538.00058364868;0.0204507;0.0208229;0.002575718;0.0009812997;0.0210000
7539.00051116943;0.0210659;0.0226706;-0.0004366042;0.001434497;0.0240000
7540.00043869019;0.0210513;0.0230283;-0.00036871;0.0007089586;0.0240000
7541.00036621094;0.0206821;0.0226707;0.0005674976;8.017948E-05;0.0240000
7542.00029373169;0.0234507;0.0241011;0.002544721;0.001023248;0.0240000
7543.00022125244;0.0240659;0.0258893;-0.0004609712;0.001406522;0.0280000
7544.00014877319;0.0240684;0.0259490;-0.0004074485;0.0005115813;0.0280000
7545.0005531311;0.0235762;0.0255913;0.0008275657;3.053167E-07;0.0280000
7546.00048065186;0.0272676;0.0277370;0.003437284;0.001443083;0.0280000
7547.00040817261;0.0280879;0.0304788;-0.0006101382;0.002121259;0.0320000
7548.00033569336;0.0280684;0.0307173;-0.0004930506;0.0008862112;0.0320000
7549.00026321411;0.0275762;0.0301809;0.000761874;4.60292E-05;0.0320000
7550.00019073486;0.0312676;0.0322670;0.003378232;0.0014605;0.0320000
7551.00059509277;0.0320879;0.0348300;-0.000649268;0.002038534;0.0360000
7552.00052261353;0.0320684;0.0348897;-0.000512259;0.0007472028;0.0360000
7553.00045013428;0.0315762;0.0343532;0.0007426767;5.927826E-07;0.0360000
7554.00037765503;0.0352676;0.0362605;0.003378957;0.001315929;0.0360000
7555.00030517578;0.0360879;0.0386446;-0.0006286112;0.001853031;0.0410000
7556.00023269653;0.0360854;0.0385255;-0.0005192657;0.0005659733;0.0410000
7557.00016021729;0.0354702;0.0378699;0.001047735;-0.0001370501;0.0410000
7558.0005645752;0.0400845;0.0404328;0.004323172;0.001683488;0.0410000
7559.00049209595;0.0411099;0.0436514;-0.0007128551;0.002473194;0.0460000
7560.0004196167;0.0410854;0.0437111;-0.0005399449;0.0008739831;0.0460000
7561.00034713745;0.0404702;0.0429363;0.001040337;-8.82629E-05;0.0460000
7562.0002746582;0.0450845;0.0452012;0.004348977;0.001546952;0.0460000
7563.00020217896;0.0461099;0.0482410;-0.0006671294;0.002325506;0.0510000
7564.00012969971;0.0460854;0.0483603;-0.0005008596;0.0008628672;0.0510000
7565.00053405762;0.0454702;0.0475258;0.001086074;-0.0001368581;0.0510000
7566.00046157837;0.0500845;0.0497907;0.004394713;0.001524258;0.0510000
7567.00038909912;0.0511099;0.0527113;-0.0006081115;0.002245913;0.0570000
7568.00031661987;0.0511025;0.0526518;-0.0004694942;0.0007412399;0.0570000
7569.00024414063;0.0503643;0.0518174;0.001416224;-0.0001746301;0.0570000
7570.00017166138;0.0559014;0.0546187;0.00537729;0.001874477;0.0570000
7571.00057601929;0.0571318;0.0584930;-0.0006672866;0.002923143;0.0630000
7572.00050354004;0.0571025;0.0587315;-0.0004783742;0.00115577;0.0630000
7573.00043106079;0.0563643;0.0577778;0.001420636;-9.220644E-05;0.0630000
7574.00035858154;0.0619014;0.0603407;0.005408264;0.001767017;0.0630000
7575.00028610229;0.0631318;0.0640362;-0.000616391;0.002760265;0.0690000
7576.00021362305;0.0631025;0.0643343;-0.0004341191;0.001109478;0.0690000
7577.0001411438;0.0623643;0.0634403;0.00145824;-7.885673E-05;0.0690000
7578.00054550171;0.0679014;0.0660628;0.005439227;0.001820457;0.0690000
7579.00047302246;0.0691318;0.0698179;-0.0005920685;0.002858828;0.0760000
7580.00040054321;0.0691196;0.0701160;-0.0004573705;0.001188801;0.0760000
7581.00032806396;0.0682583;0.0691623;0.001740424;-6.66921E-05;0.0760000
7582.00025558472;0.0747183;0.0723809;0.006367198;0.002263127;0.0760000
7583.00018310547;0.0761538;0.0769704;-0.000692546;0.003519468;0.0840000
7584.00058746338;0.0761367;0.0774474;-0.0005418683;0.001505176;0.0840000
7585.00051498413;0.0751523;0.0763149;0.001974632;-7.868474E-05;0.0840000
7586.00044250488;0.0825352;0.0797122;0.007293698;0.00236235;0.0840000
7587.00037002563;0.0841758;0.0850171;-0.0007812355;0.003951218;0.0920000
7588.00029754639;0.0841367;0.0856132;-0.0005603413;0.001735882;0.0920000
7589.00022506714;0.0831523;0.0844211;0.0019628;-2.708764E-05;0.0920000
7590.00015258789;0.0905352;0.0877589;0.007288495;0.002368452;0.0920000
7591.0005569458;0.0921758;0.0929445;-0.0007731466;0.003873551;0.1000000
7592.00048446655;0.0921367;0.0936002;-0.0005588929;0.001729709;0.1000000
7593.0004119873;0.0911523;0.0923485;0.001970889;-6.827577E-05;0.1000000
7594.00033950806;0.0985352;0.0956267;0.007303224;0.002310361;0.1000000
7595.00026702881;0.1001758;0.1007527;-0.0007517767;0.003812946;0.1090000
7596.00019454956;0.1001538;0.1015873;-0.0006050295;0.001835621;0.1090000
7597.00059890747;0.0990464;0.1003952;0.002216907;3.451969E-05;0.1090000
7598.00052642822;0.1073521;0.1042098;0.00820167;0.002719772;0.1090000
7599.00045394897;0.1091978;0.1102298;-0.0008884203;0.004515575;0.1180000
7600.00038146973;0.1091538;0.1111240;-0.0006648273;0.00211788;0.1180000
7601.00030899048;0.1080464;0.1096339;0.002190312;-6.250842E-05;0.1180000
7602.00023651123;0.1163521;0.1132697;0.008194996;0.00257349;0.1180000
7603.00016403198;0.1181978;0.1191109;-0.0008751728;0.004349282;0.1280000
7604.00056838989;0.1181709;0.1199455;-0.0006925132;0.002024377;0.1280000
7605.00049591064;0.1169404;0.1184554;0.002461411;-8.706139E-05;0.1280000
7606.0004234314;0.1261689;0.1226276;0.009118521;0.002928657;0.1280000
7607.00035095215;0.1282197;0.1291841;-0.000966826;0.004882541;0.1380000
7608.0002784729;0.1281709;0.1300783;-0.0007073094;0.002234834;0.1380000
7609.00020599365;0.1269404;0.1285286;0.002453255;-5.877366E-05;0.1380000
7610.0001335144;0.1361689;0.1326412;0.009117005;0.002924541;0.1380000
7611.00053787231;0.1382197;0.1393169;-0.0009816223;0.004989034;0.1490000
7612.00046539307;0.1381880;0.1402707;-0.0007763201;0.002304518;0.1490000
7613.00039291382;0.1368345;0.1386017;0.002696332;-9.241443E-05;0.1490000
7614.00032043457;0.1469858;0.1430124;0.01003906;0.003122595;0.1490000
7615.00024795532;0.1492417;0.1501649;-0.001048173;0.005310431;0.1600000
7616.00017547607;0.1491880;0.1512379;-0.0007726656;0.002511854;0.1600000
7617.00057983398;0.1478345;0.1493902;0.002719897;-0.0001179158;0.1600000
7618.00050735474;0.1579858;0.1538604;0.010056;0.003163396;0.1600000
7619.00043487549;0.1602417;0.1611918;-0.00105117;0.005447206;0.1720000
7620.00036239624;0.1602051;0.1623244;-0.0008298772;0.002574144;0.1720000
7621.00028991699;0.1587285;0.1602978;0.002981402;-0.0002255664;0.1720000
7622.00021743774;0.1698027;0.1650661;0.01099649;0.003335883;0.1720000
7623.0001449585;0.1722637;0.1729339;-0.001105922;0.005805786;0.1850000
7624.00054931641;0.1722222;0.1742453;-0.0008686379;0.002810356;0.1850000
7625.00047683716;0.1706226;0.1722784;0.003234785;-7.631922E-05;0.1850000
7626.00040435791;0.1826196;0.1774639;0.01191558;0.003715355;0.1850000
7627.00033187866;0.1852856;0.1861661;-0.001215291;0.006448252;0.1980000
7628.00025939941;0.1852222;0.1877160;-0.0009210822;0.003182487;0.1980000
7629.00018692017;0.1836226;0.1855702;0.003202274;-6.680194E-05;0.1980000
7630.00059127808;0.1956196;0.1903981;0.01192291;0.003482941;0.1980000
7631.00051879883;0.1982856;0.1988023;-0.001174757;0.006172021;0.2110000
7632.00044631958;0.1982222;0.2002925;-0.0008738969;0.003035502;0.2110000
7633.00037384033;0.1966226;0.1980872;0.003256088;-0.0001625237;0.2110000
7634.00030136108;0.2086196;0.2030939;0.01195681;0.0035484;0.2110000
7635.00022888184;0.2112856;0.2116769;-0.001160785;0.006342453;0.2260000
7636.00015640259;0.2112563;0.2131075;-0.0009484435;0.003084868;0.2260000
7637.0005607605;0.2094106;0.2109022;0.003779122;-0.0001292608;0.2260000
7638.00048828125;0.2232534;0.2170413;0.01377807;0.004358858;0.2260000
7639.000415802;0.2263296;0.2271145;-0.001376514;0.007483762;0.2400000
7640.00034332275;0.2262393;0.2289624;-0.0009961093;0.003722972;0.2400000
7641.00027084351;0.2245166;0.2265186;0.003459234;-3.20384E-05;0.2400000
7642.00019836426;0.2374365;0.2317637;0.01284559;0.003828156;0.2400000
7643.00012588501;0.2403076;0.2408832;-0.001267257;0.006769872;0.2560000
7644.00053024292;0.2402734;0.2424330;-0.001032284;0.003282167;0.2560000
7645.00045776367;0.2383047;0.2399892;0.00402065;-0.0002038697;0.2560000
7646.00038528442;0.2530703;0.2463668;0.01470522;0.004512239;0.2560000
7647.00031280518;0.2563516;0.2569765;-0.001444625;0.007868649;0.2720000
7648.00024032593;0.2562734;0.2588839;-0.001082522;0.003902743;0.2720000
7649.00016784668;0.2543047;0.2562613;0.003990334;-9.926988E-05;0.2720000
7650.00057220459;0.2690703;0.2625197;0.01468818;0.004469078;0.2720000
7651.00049972534;0.2723516;0.2733677;-0.001488211;0.007968773;0.2880000
7652.00042724609;0.2722734;0.2755136;-0.001152682;0.004074275;0.2880000
7653.00035476685;0.2703047;0.2727718;0.003933455;-8.434038E-05;0.2880000
7654.0002822876;0.2850703;0.2789110;0.01464459;0.004431477;0.2880000
7655.00020980835;0.2883516;0.2894014;-0.001491966;0.007758882;0.3050000
7656.0001373291;0.2882905;0.2912492;-0.001170797;0.003833828;0.3050000
7657.00054168701;0.2861987;0.2885074;0.004214125;-0.0001626251;0.3050000
7658.00046920776;0.3018872;0.2952426;0.01557105;0.004781923;0.3050000
7659.00039672852;0.3053735;0.3068059;-0.001620532;0.008496937;0.3230000
7660.00032424927;0.3053076;0.3088326;-0.001283372;0.004177478;0.3230000
7661.00025177002;0.3030928;0.3057332;0.004440188;-0.0002766866;0.3230000
7662.00017929077;0.3197041;0.3127068;0.01648275;0.004932164;0.3230000
7663.00058364868;0.3233955;0.3246873;-0.001690804;0.008781604;0.3420000
7664.00051116943;0.3233247;0.3268332;-0.001331013;0.004337787;0.3420000
7665.00043869019;0.3209868;0.3237934;0.004684691;-0.0001816717;0.3420000
7666.00036621094;0.3385210;0.3312438;0.01738633;0.005323317;0.3420000
7667.00029373169;0.3424175;0.3441185;-0.001822334;0.009466598;0.3610000
7668.00022125244;0.3423247;0.3463239;-0.001385685;0.004604364;0.3610000
7669.00014877319;0.3399868;0.3428669;0.004676502;-0.0003491905;0.3610000
7670.0005531311;0.3575210;0.3499597;0.01741798;0.005043287;0.3610000
7671.00048065186;0.3614175;0.3625363;-0.001757466;0.009195532;0.3800000
7672.00040817261;0.3613247;0.3647418;-0.001320829;0.004548379;0.3800000
7673.00033569336;0.3589868;0.3614635;0.004721448;-0.0002513692;0.3800000
7674.00026321411;0.3765210;0.3687948;0.01743635;0.005190972;0.3800000
7675.00019073486;0.3804175;0.3815502;-0.001759015;0.009310763;0.4010000
7676.00059509277;0.3803589;0.3836960;-0.001410874;0.004513686;0.4010000
7677.00052261353;0.3777749;0.3801794;0.005255534;-0.0004069894;0.4010000
7678.00045013428;0.3971548;0.3885835;0.0192753;0.005910612;0.4010000
7679.00037765503;0.4014614;0.4029482;-0.001970343;0.01054887;0.4220000
7680.00030517578;0.4013589;0.4055709;-0.001508353;0.00525696;0.4220000
7681.00023269653;0.3987749;0.4017562;0.005191268;-0.0003205384;0.4220000
7682.00016021729;0.4181548;0.4098028;0.01925087;0.005728336;0.4220000
7683.0005645752;0.4224614;0.4240483;-0.001981496;0.01043888;0.4440000
7684.00049209595;0.4223760;0.4267306;-0.00157372;0.005278464;0.4440000
7685.0004196167;0.4196689;0.4229755;0.005418045;-0.0002655487;0.4440000
7686.00034713745;0.4399717;0.4316181;0.02012344;0.006182752;0.4440000
7687.0002746582;0.4444834;0.4464000;-0.002104168;0.01089756;0.4660000
7688.00020217896;0.4443760;0.4492015;-0.001626187;0.005481754;0.4660000
7689.00012969971;0.4416689;0.4453868;0.005372219;-0.0002229056;0.4660000
7690.00053405762;0.4619717;0.4536718;0.02011746;0.005959725;0.4660000
7691.00046157837;0.4664834;0.4683345;-0.00209687;0.01072166;0.4900000
7692.00038909912;0.4664102;0.4711361;-0.001714048;0.005421497;0.4900000
7693.00031661987;0.4634570;0.4671425;0.00590187;-0.0003455037;0.4900000
7694.00024414063;0.4856055;0.4765600;0.02194533;0.006688807;0.4900000
7695.00017166138;0.4905273;0.4928916;-0.002325925;0.01199778;0.5140000
7696.00057601929;0.4904102;0.4957528;-0.001782759;0.005920656;0.5140000
7697.00050354004;0.4874570;0.4912228;0.005892924;-0.0005130839;0.5140000
7698.00043106079;0.5096055;0.5001634;0.02198952;0.006338714;0.5140000
7699.00035858154;0.5145273;0.5161375;-0.002241904;0.01165043;0.5380000
7700.00028610229;0.5144102;0.5191774;-0.00171865;0.005905692;0.5380000
7701.00021362305;0.5114570;0.5148859;0.00593046;-0.0003760186;0.5380000
7702.0001411438;0.5336055;0.5239457;0.02201377;0.006441426;0.5380000
7703.00054550171;0.5385273;0.5399197;-0.002217638;0.01166176;0.5640000
7704.00047302246;0.5384443;0.5429000;-0.001782901;0.005853599;0.5640000
7705.00040054321;0.5352451;0.5384297;0.006483721;-0.0005002007;0.5640000
7706.00032806396;0.5592393;0.5485624;0.02387189;0.007128418;0.5640000
7707.00025558472;0.5645713;0.5662650;-0.002423083;0.0129213;0.5900000
7708.00018310547;0.5644443;0.5696625;-0.001867857;0.006563121;0.5900000
7709.00058746338;0.5612451;0.5648942;0.006431967;-0.0004155573;0.5900000
7710.00051498413;0.5852393;0.5743712;0.02389319;0.006782164;0.5900000
7711.00044250488;0.5905713;0.5917161;-0.002361926;0.0126047;0.6170000
7712.00037002563;0.5904614;0.5951137;-0.001854285;0.006441291;0.6170000
7713.00029754639;0.5871392;0.5905242;0.006724413;-0.0003431591;0.6170000
7714.00022506714;0.6120562;0.6010741;0.02477828;0.007511034;0.6170000
7715.00015258789;0.6175933;0.6193727;-0.002518569;0.01342661;0.6440000
7716.0005569458;0.6174614;0.6229491;-0.001947363;0.006834737;0.6440000
7717.00048446655;0.6141392;0.6180019;0.006671189;-0.0004145337;0.6440000
7718.0004119873;0.6390562;0.6283134;0.02475162;0.007344486;0.6440000
7719.00033950806;0.6445933;0.6466716;-0.002551872;0.01341246;0.6730000
7720.00026702881;0.6444956;0.6501288;-0.002062533;0.00674371;0.6730000
7721.00019454956;0.6409272;0.6450624;0.00716687;-0.0005192023;0.6730000
7722.00059890747;0.6676899;0.6564468;0.02655216;0.008042268;0.6730000
7723.00052642822;0.6736372;0.6762355;-0.002781684;0.01448603;0.7020000
7724.00045394897;0.6734956;0.6799311;-0.002151923;0.007287695;0.7020000
7725.00038146973;0.6699272;0.6744475;0.007123963;-0.0005813916;0.7020000
7726.00030899048;0.6966899;0.6852954;0.02656902;0.00771635;0.7020000
7727.00023651123;0.7026372;0.7047862;-0.002731624;0.0141788;0.7320000
7728.00016403198;0.7025127;0.7084817;-0.002149426;0.007171151;0.7320000
7729.00056838989;0.6988213;0.7029385;0.007431896;-0.0006451596;0.7320000
7730.00049591064;0.7265068;0.7143825;0.02752273;0.008062366;0.7320000
7731.0004234314;0.7326592;0.7347077;-0.002806364;0.01481117;0.7620000
7732.00035095215;0.7325127;0.7385225;-0.002153972;0.007488583;0.7620000
7733.0002784729;0.7288213;0.7331581;0.007407429;-0.0004403229;0.7620000
7734.00020599365;0.7565068;0.7446021;0.02749827;0.0081775;0.7620000
7735.0001335144;0.7626592;0.7649868;-0.00283746;0.01492018;0.7940000
7736.00053787231;0.7625469;0.7689209;-0.002293509;0.007596211;0.7940000
7737.00046539307;0.7586094;0.7635564;0.007865483;-0.0003933298;0.7940000
7738.00039291382;0.7881406;0.7760137;0.02926781;0.008887599;0.7940000
7739.00032043457;0.7947031;0.7977098;-0.003084999;0.01592821;0.8260000
7740.00024795532;0.7945469;0.8018822;-0.002400614;0.00808357;0.8260000
7741.00017547607;0.7906094;0.7962198;0.007791569;-0.0004011554;0.8260000
7742.00057983398;0.8201406;0.8081406;0.02925367;0.008538266;0.8260000
7743.00050735474;0.8267031;0.8294195;-0.003052654;0.01552708;0.8590000
7744.00043487549;0.8265640;0.8334131;-0.002395922;0.007835544;0.8590000
7745.00036239624;0.8225034;0.8275718;0.008114979;-0.0006055076;0.8590000
7746.00028991699;0.8529575;0.8401483;0.03021623;0.008915527;0.8590000
7747.00021743774;0.8597251;0.8620828;-0.003098626;0.01606999;0.8930000
7748.0001449585;0.8595811;0.8665533;-0.002459117;0.008315688;0.8930000
7749.00054931641;0.8553975;0.8607120;0.00835058;-0.0004038874;0.8930000
7750.00047683716;0.8867744;0.8737653;0.0311109;0.009307955;0.8930000
7751.00040435791;0.8937471;0.8964747;-0.003225777;0.01669837;0.9280000
7752.00033187866;0.8935981;0.9010644;-0.002563647;0.008624635;0.9280000
7753.00025939941;0.8892915;0.8952231;0.008544845;-0.0003075757;0.9280000
7754.00018692017;0.9215913;0.9084552;0.03199744;0.009491344;0.9280000
7755.00059127808;0.9287690;0.9315222;-0.003314567;0.01696762;0.9630000
7756.00051879883;0.9285981;0.9361119;-0.00256894;0.008701517;0.9630000
7757.00044631958;0.9242915;0.9302110;0.008546192;-0.000323747;0.9630000
7758.00037384033;0.9565913;0.9434432;0.03199878;0.009499907;0.9630000
7759.00030136108;0.9637690;0.9665102;-0.00331323;0.01693629;0.9990000
7760.00022888184;0.9636152;0.9711594;-0.002621806;0.00872233;0.9990000
7761.00015640259;0.9591855;0.9651393;0.008805391;-0.0003670415;0.9990000
7762.0005607605;0.9924082;0.9787291;0.03293034;0.009737482;0.9990000
7763.00048828125;0.9997910;1.0024518;-0.00339021;0.01740711;1.0370000
7764.000415802;0.9996494;1.0071606;-0.002717088;0.008917048;1.0370000
7765.00034332275;0.9949736;1.0008425;0.009340893;-0.0004703369;1.0370000
7766.00027084351;1.0300420;1.0153264;0.03479061;0.01031686;1.0370000
7767.00019836426;1.0378350;1.0404199;-0.003553628;0.01841573;1.0750000
7768.00060272217;1.0376494;1.0454864;-0.002753387;0.00948852;1.0750000
7769.00053024292;1.0329736;1.0388703;0.009337795;-0.000447808;1.0750000
7770.00045776367;1.0680420;1.0531157;0.03481409;0.01018286;1.0750000
7771.00038528442;1.0758350;1.0779708;-0.00350359;0.01823986;1.1130000
7772.00031280518;1.0756494;1.0829181;-0.002690069;0.009362721;1.1130000
7773.00024032593;1.0709736;1.0764808;0.009381192;-0.0003864156;1.1130000
7774.00016784668;1.1060420;1.0907858;0.03485085;0.01025482;1.1130000
7775.00057220459;1.1138350;1.1157006;-0.003473485;0.0183064;1.1530000
7776.00049972534;1.1136836;1.1207075;-0.002761752;0.009430532;1.1530000
7777.00042724609;1.1087617;1.1142702;0.009907089;-0.0003465184;1.1530000
7778.00035476685;1.1456758;1.1297077;0.03667496;0.01103765;1.1530000
7779.0002822876;1.1538789;1.1561721;-0.003693003;0.01951269;1.1930000
7780.00020980835;1.1536836;1.1615963;-0.00286078;0.01011421;1.1930000
7781.0001373291;1.1487617;1.1549801;0.009827994;-0.0002243963;1.1930000
7782.00054168701;1.1856758;1.1700600;0.0366357;0.01086685;1.1930000
7783.00046920776;1.1938789;1.1961072;-0.003685771;0.01918234;1.2350000
7784.00039672852;1.1937178;1.2012333;-0.002915483;0.009800407;1.2350000
7785.00032424927;1.1885498;1.1943192;0.01040406;-0.0005236832;1.2350000
7786.00025177002;1.2273096;1.2104124;0.03852326;0.01144353;1.2350000
7787.00017929077;1.2359229;1.2378305;-0.003821915;0.02021018;1.2770000
7788.00058364868;1.2357178;1.2433142;-0.002924497;0.01042361;1.2770000
7789.00051116943;1.2305498;1.2363405;0.01040169;-0.0003097193;1.2770000
7790.00043869019;1.2693096;1.2523740;0.03852754;0.01150946;1.2770000
7791.00036621094;1.2779229;1.2799114;-0.003830929;0.02031248;1.3200000
7792.00029373169;1.2777349;1.2854547;-0.002987725;0.01046807;1.3200000
7793.00022125244;1.2724438;1.2782425;0.01066382;-0.000443094;1.3200000
7794.00014877319;1.3121265;1.2948125;0.0394421;0.01183199;1.3200000
7795.0005531311;1.3209448;1.3231843;-0.003944832;0.02091895;1.3640000
7796.00048065186;1.3207520;1.3286681;-0.003059075;0.01065076;1.3640000
7797.00040817261;1.3153379;1.3210387;0.01093775;-0.000635694;1.3640000
7798.00033569336;1.3559434;1.3380855;0.0403751;0.0120963;1.3640000
7799.00026321411;1.3649668;1.3672918;-0.004040296;0.02147784;1.4090000
7800.00019073486;1.3647690;1.3727755;-0.003118627;0.01084064;1.4090000
7801.00059509277;1.3592319;1.3647885;0.01121683;-0.0007791246;1.4090000
7802.00052261353;1.4007603;1.3820141;0.04134646;0.01221882;1.4090000
7803.00045013428;1.4099888;1.4117568;-0.004064173;0.02183772;1.4540000
7804.00037765503;1.4097690;1.4176578;-0.003105513;0.01123099;1.4540000
7805.00030517578;1.4042319;1.4097900;0.01121667;-0.0005439704;1.4540000
7806.00023269653;1.4457603;1.4272541;0.04131972;0.01242414;1.4540000
7807.00016021729;1.4549888;1.4568776;-0.004077633;0.02182661;1.5010000
7808.0005645752;1.4548032;1.4623613;-0.003167626;0.01097715;1.5010000
7809.00049209595;1.4490200;1.4543147;0.01177206;-0.0007259814;1.5010000
7810.0004196167;1.4923940;1.4728516;0.04317997;0.0131261;1.5010000
7811.00034713745;1.5020327;1.5041440;-0.004274298;0.023083;1.5480000
7812.0002746582;1.5018032;1.5102834;-0.003270364;0.01182315;1.5480000
7813.00020217896;1.4960200;1.5020580;0.01168924;-0.0005514855;1.5480000
7814.00060653687;1.5393940;1.5202373;0.043137;0.01297259;1.5480000
7815.00053405762;1.5490327;1.5511721;-0.004277429;0.02283037;1.5970000
7816.00046157837;1.5488374;1.5570135;-0.00333544;0.01154492;1.5970000
7817.00038909912;1.5428081;1.5484900;0.01225496;-0.0008258639;1.5970000
7818.00031661987;1.5880278;1.5676230;0.04502084;0.01350241;1.5970000
7819.00024414063;1.5980767;1.6001671;-0.004443844;0.02396741;1.6460000
7820.00017166138;1.5978374;1.6065449;-0.003394647;0.01230419;1.6460000
7821.00057601929;1.5918081;1.5979619;0.01220238;-0.0005832939;1.6460000
7822.00050354004;1.6370278;1.6171545;0.04496163;0.01365033;1.6460000
7823.00043106079;1.6470767;1.6496390;-0.004496423;0.02394268;1.6960000
7824.00035858154;1.6468545;1.6559572;-0.003488159;0.01221653;1.6960000
7825.00028610229;1.6407021;1.6470165;0.01244751;-0.0008261288;1.6960000
7826.00021362305;1.6868447;1.6666263;0.04587247;0.01386919;1.6960000
7827.0001411438;1.6970986;1.6998261;-0.004600766;0.02447193;1.7470000
7828.00054550171;1.6968716;1.7062635;-0.00356986;0.01249569;1.7470000
7829.00047302246;1.6905962;1.6975016;0.01264468;-0.0006111586;1.7470000
7830.00040054321;1.7376616;1.7175287;0.04673534;0.01425605;1.7470000
7831.00032806396;1.7481206;1.7512649;-0.004733142;0.0249217;1.7990000
7832.00025558472;1.7478887;1.7577619;-0.003672964;0.01270975;1.7990000
7833.00018310547;1.7414902;1.7488212;0.01286028;-0.0006133533;1.7990000
7834.00058746338;1.7894785;1.7690271;0.04764323;0.0143827;1.7990000
7835.00051498413;1.8001426;1.8031209;-0.004800585;0.02518738;1.8520000
7836.00044250488;1.7999058;1.8097968;-0.003724426;0.01289894;1.8520000
7837.00037002563;1.7933843;1.8009157;0.01310097;-0.0004993589;1.8520000
7838.00029754639;1.8422954;1.8215388;0.04854962;0.01472352;1.8520000
7839.00022506714;1.8531646;1.8559903;-0.00486952;0.02551936;1.9060000
7840.00015258789;1.8529229;1.8629641;-0.003790641;0.01321988;1.9060000
7841.0005569458;1.8462783;1.8542022;0.01332026;-0.0002965432;1.9060000
7842.00048446655;1.8961123;1.8751234;0.04944791;0.01497926;1.9060000
7843.0004119873;1.9071865;1.9100517;-0.004959858;0.02590307;1.9600000
7844.00033950806;1.9069229;1.9172043;-0.003817403;0.01346891;1.9600000
7845.00026702881;1.9002783;1.9085617;0.01328021;-0.0001266745;1.9600000
7846.00019454956;1.9501123;1.9294828;0.04940786;0.01504115;1.9600000
7847.00059890747;1.9611865;1.9645899;-0.005019823;0.02601531;2.0160000
7848.00052642822;1.9609570;1.9718618;-0.003985819;0.01355875;2.0160000
7849.00045394897;1.9540664;1.9632191;0.0137094;-9.418539E-05;2.0160000
7850.00038146973;2.0057461;1.9852131;0.0511419;0.01581109;2.0160000
7851.00030899048;2.0172305;2.0215124;-0.005289578;0.02701099;2.0720000
7852.00023651123;2.0169570;2.0287842;-0.00408859;0.01394158;2.0720000
7853.00016403198;2.0100664;2.0196051;0.01366639;-0.000283044;2.0720000
7854.00056838989;2.0617461;2.0409435;0.05117194;0.01530693;2.0720000
7855.00049591064;2.0732305;2.0767659;-0.005206405;0.02652102;2.1300000
7856.0004234314;2.0729912;2.0839781;-0.004093925;0.01372971;2.1300000
7857.00035095215;2.0658545;2.0748586;0.01425199;-0.0003119529;2.1300000
7858.0002784729;2.1193799;2.0973891;0.05304911;0.01606414;2.1300000
7859.00020599365;2.1312744;2.1346420;-0.005359584;0.02767874;2.1880000
7860.00061035156;2.1309912;2.1421523;-0.004113334;0.01431768;2.1880000
7861.00053787231;2.1238545;2.1329732;0.01423922;-0.0001376505;2.1880000
7862.00046539307;2.1773799;2.1555036;0.05303635;0.01613359;2.1880000
7863.00039291382;2.1892744;2.1926969;-0.005365701;0.0276447;2.2470000
7864.00032043457;2.1890083;2.2000284;-0.004147103;0.01419293;2.2470000
7865.00024795532;2.1817485;2.1906704;0.01452417;-0.0002629093;2.2470000
7866.00017547607;2.2361968;2.2135585;0.05399366;0.01636071;2.2470000
7867.00057983398;2.2482964;2.2511691;-0.005390381;0.02800477;2.3070000
7868.00050735474;2.2480254;2.2586197;-0.004149141;0.01442337;2.3070000
7869.00043487549;2.2406426;2.2493214;0.01481428;-0.0001248621;2.3070000
7870.00036239624;2.2960137;2.2730440;0.05490297;0.01697667;2.3070000
7871.00028991699;2.3083184;2.3117870;-0.005542713;0.02888743;2.3690000
7872.00021743774;2.3080596;2.3195357;-0.004346347;0.0148914;2.3690000
7873.0001449585;2.3004307;2.3095817;0.01528771;-0.0003764974;2.3690000
7874.00054931641;2.3576475;2.3340791;0.05671448;0.0174191;2.3690000
7875.00047683716;2.3703623;2.3740142;-0.00573501;0.02972387;2.4310000
7876.00040435791;2.3700596;2.3817033;-0.00436502;0.0151584;2.4310000
7877.00033187866;2.3624307;2.3713917;0.01530888;-0.0004613115;2.4310000
7878.00025939941;2.4196475;2.3955315;0.05677548;0.01722969;2.4310000
7879.00018692017;2.4323623;2.4353474;-0.005660717;0.0295926;2.4940000
7880.00059127808;2.4320767;2.4429173;-0.00432502;0.01502153;2.4940000
7881.00051879883;2.4243247;2.4324269;0.01566758;-0.0006419712;2.4940000
7882.00044631958;2.4824644;2.4572223;0.05777334;0.01757914;2.4940000
7883.00037384033;2.4953843;2.4976939;-0.005671392;0.030079;2.5580000
7884.00030136108;2.4950938;2.5053830;-0.004313064;0.01528217;2.5580000
7885.00022888184;2.4872188;2.4948926;0.01597834;-0.0005551496;2.5580000
7886.00015640259;2.5462812;2.5204628;0.05870995;0.01811572;2.5580000
7887.0005607605;2.5594062;2.5617689;-0.005763246;0.03079074;2.6220000
7888.00048828125;2.5590938;2.5697560;-0.004354623;0.01573839;2.6220000
7889.000415802;2.5512188;2.5593252;0.01593014;-0.0003574953;2.6220000
7890.00034332275;2.6102812;2.5848359;0.05866838;0.01819216;2.6220000
7891.00027084351;2.6234062;2.6262015;-0.005811445;0.03087581;2.6880000
7892.00019836426;2.6231279;2.6343674;-0.004517902;0.01586231;2.6880000
7893.00060272217;2.6150068;2.6237578;0.01638436;-0.0004165676;2.6880000
7894.00053024292;2.6759150;2.6502818;0.06043411;0.01885491;2.6880000
7895.00045776367;2.6894502;2.6926607;-0.006029581;0.03165606;2.7550000
7896.00038528442;2.6891450;2.7010650;-0.004643201;0.01626447;2.7550000
7897.00031280518;2.6809009;2.6902766;0.01657778;-0.0003587201;2.7550000
7898.00024032593;2.7427319;2.7166217;0.06135965;0.01879797;2.7550000
7899.00016784668;2.7564722;2.7590602;-0.006046161;0.03169121;2.8230000
7900.00057220459;2.7561621;2.7674646;-0.00462388;0.01628214;2.8230000
7901.00049972534;2.7477949;2.7567954;0.0168826;-0.0002922948;2.8230000
7902.00042724609;2.8105488;2.7837962;0.06230363;0.01923344;2.8230000
7903.00035476685;2.8244941;2.8271287;-0.006137291;0.03236765;2.8910000
7904.0002822876;2.8241621;2.8359503;-0.004677995;0.01678258;2.8910000
7905.00020980835;2.8157949;2.8255195;0.01680193;6.939465E-05;2.8910000
7906.0001373291;2.8785488;2.8523415;0.06224287;0.01926329;2.8910000
7907.00054168701;2.8924941;2.8954357;-0.006171496;0.03224781;2.9610000
7908.00046920776;2.8921963;2.9044361;-0.00482727;0.01686038;2.9610000
7909.00039672852;2.8835830;2.8941841;0.01723031;0.0002057212;2.9610000
7910.00032424927;2.9481826;2.9217213;0.06401595;0.01978328;2.9610000
7911.00025177002;2.9625381;2.9658288;-0.006382267;0.03302921;3.0320000
7912.00017929077;2.9622134;2.9753656;-0.004978406;0.01749187;3.0320000
7913.00058364868;2.9534771;2.9649944;0.01739125;0.0004089659;3.0320000
7914.00051116943;3.0189995;2.9929489;0.0648426;0.02014855;3.0320000
7915.00043869019;3.0335601;3.0375331;-0.006544224;0.03346321;3.1030000
7916.00036621094;3.0332134;3.0467720;-0.005023686;0.01744296;3.1030000
7917.00029373169;3.0244771;3.0361623;0.01737254;0.000199472;3.1030000
7918.00022125244;3.0899995;3.0636400;0.06487701;0.01977229;3.1030000
7919.00014877319;3.1045601;3.1075686;-0.006436762;0.03293509;3.1760000
7920.0005531311;3.1042476;3.1163902;-0.004964878;0.01699583;3.1760000
7921.00048065186;3.0952651;3.1057210;0.01803555;4.292944E-05;3.1760000
7922.00040817261;3.1626333;3.1344503;0.06682497;0.02052849;3.1760000
7923.00033569336;3.1776040;3.1801671;-0.006559012;0.03423404;3.2490000
7924.00026321411;3.1772476;3.1894655;-0.004973267;0.01773241;3.2490000
7925.00019073486;3.1682651;3.1784386;0.01806701;5.373449E-05;3.2490000
7926.00059509277;3.2356333;3.2070488;0.06686971;0.0204622;3.2490000
7927.00052261353;3.2506040;3.2524675;-0.006481064;0.03405481;3.3240000
7928.00045013428;3.2502817;3.2617063;-0.004983838;0.01764759;3.3240000
7929.00037765503;3.2410532;3.2508583;0.0186341;0.0001751786;3.3240000
7930.00030517578;3.3102671;3.2808989;0.06870181;0.02148753;3.3240000
7931.00023269653;3.3256479;3.3281654;-0.006725806;0.03549981;3.3990000
7932.00016021729;3.3252817;3.3378214;-0.00510808;0.0184087;3.3990000
7933.0005645752;3.3160532;3.3264370;0.01856962;9.57142E-05;3.3990000
7934.00049209595;3.3852671;3.3558815;0.06870375;0.02108822;3.3990000
7935.0004196167;3.4006479;3.4029096;-0.006697305;0.03521371;3.4750000
7936.00034713745;3.4002988;3.4121484;-0.00508067;0.01805428;3.4750000
7937.0002746582;3.3909473;3.4004063;0.01893568;-0.0002509428;3.4750000
7938.00020217896;3.4610840;3.4306258;0.06969565;0.02149606;3.4750000
7939.00060653687;3.4766699;3.4784287;-0.006727211;0.03581367;3.5520000
7940.00053405762;3.4763159;3.4877271;-0.005081303;0.01832534;3.5520000
7941.00046157837;3.4668413;3.4758658;0.01924712;-0.0002212025;3.5520000
7942.00038909912;3.5379009;3.5066813;0.07065289;0.02190388;3.5520000
7943.00031661987;3.5536919;3.5551995;-0.00678516;0.03637927;3.6310000
7944.00024414063;3.5533501;3.5649747;-0.005204038;0.01881701;3.6310000
7945.00017166138;3.5436294;3.5531730;0.01971532;-3.088014E-06;3.6310000
7946.00057601929;3.6165347;3.5848826;0.07244587;0.02259731;3.6310000
7947.00050354004;3.6327358;3.6343544;-0.006969403;0.03717806;3.7100000
7948.00043106079;3.6323501;3.6446662;-0.005281083;0.019451;3.7100000
7949.00035858154;3.6226294;3.6328644;0.01963829;0.0002825051;3.7100000
7950.00028610229;3.6955347;3.6645740;0.07236884;0.02273779;3.7100000
7951.00021362305;3.7117358;3.7142247;-0.007066369;0.03735859;3.7900000
7952.0001411438;3.7113672;3.7246556;-0.005438894;0.0195653;3.7900000
7953.00054550171;3.7015234;3.7127943;0.01978589;0.0002444388;3.7900000
7954.00047302246;3.7753516;3.7445634;0.073222;0.02275875;3.7900000
7955.00040054321;3.7917578;3.7942737;-0.007155315;0.03741752;3.8710000
7956.00032806396;3.7913843;3.8045854;-0.005478646;0.01952001;3.8710000
7957.00025558472;3.7814175;3.7927837;0.02003829;0.0003099035;3.8710000
7958.00018310547;3.8561685;3.8247913;0.07416002;0.02295975;3.8710000
7959.00058746338;3.8727798;3.8750380;-0.00721254;0.0378171;3.9530000
7960.00051498413;3.8724014;3.8857669;-0.005546442;0.01994647;3.9530000
7961.00044250488;3.8623115;3.8743228;0.02022944;0.0006854356;3.9530000
7962.00037002563;3.9379854;3.9066285;0.07503017;0.0232662;3.9530000
7963.00029754639;3.9548018;3.9571732;-0.00731109;0.03811504;4.0360000
7964.00022506714;3.9544185;3.9684385;-0.005668844;0.02038294;4.0360000
7965.00015258789;3.9442056;3.9574713;0.0203527;0.001159401;4.0360000
7966.0005569458;4.0208022;3.9903730;0.0757992;0.02383288;4.0360000
7967.00048446655;4.0378237;4.0412754;-0.007517392;0.03852854;4.1200000
7968.0004119873;4.0374355;4.0523619;-0.005819312;0.02038002;4.1200000
7969.00033950806;4.0270996;4.0409178;0.02055416;0.0008343287;4.1200000
7970.00026702881;4.1046191;4.0741175;0.07667965;0.0239108;4.1200000
7971.00019454956;4.1218457;4.1254967;-0.007625535;0.03883339;4.2050000
7972.00059890747;4.1214526;4.1361661;-0.005845071;0.02022678;4.2050000
7973.00052642822;4.1109937;4.1243047;0.02087369;0.0005153246;4.2050000
7974.00045394897;4.1894360;4.1576832;0.07769145;0.02390945;4.2050000
7975.00038146973;4.2068677;4.2095989;-0.007608991;0.03912727;4.2910000
7976.00030899048;4.2064697;4.2205066;-0.005819165;0.02049994;4.2910000
7977.00023651123;4.1958877;4.2088241;0.02117845;0.0007678555;4.2910000
7978.00016403198;4.2752529;4.2429775;0.07862209;0.02455702;4.2910000
7979.00056838989;4.2928896;4.2957872;-0.007713468;0.03993274;4.3780000
7980.00049591064;4.2924868;4.3072314;-0.005947494;0.02110564;4.3780000
7981.0004234314;4.2817817;4.2951316;0.0213954;0.0006901127;4.3780000
7982.00035095215;4.3620698;4.3294042;0.07953795;0.02459484;4.3780000
7983.0002784729;4.3799116;4.3826312;-0.007779573;0.04016777;4.4660000
7984.00020599365;4.3795039;4.3938369;-0.005951114;0.02103402;4.4660000
7985.00061035156;4.3686758;4.3814988;0.02171713;0.0005357615;4.4660000
7986.00053787231;4.4498867;4.4166654;0.08047226;0.02518548;4.4660000
7987.00046539307;4.4679336;4.4710248;-0.007906914;0.04096812;4.5550000
7988.00039291382;4.4675210;4.4824094;-0.006062475;0.02141183;4.5550000
7989.00032043457;4.4565698;4.4692368;0.02199753;0.0001577246;4.5550000
7990.00024795532;4.5387036;4.5039266;0.08151799;0.02478421;4.5550000
7991.00017547607;4.5569556;4.5582264;-0.007790026;0.04087192;4.6450000
7992.00057983398;4.5565381;4.5696110;-0.005909675;0.02143951;4.6450000
7993.00050735474;4.5454639;4.5572729;0.02235614;0.0007070953;4.6450000
7994.00043487549;4.6285205;4.5935124;0.08241613;0.025995;4.6450000
7995.00036239624;4.6469775;4.6489447;-0.007953555;0.04194007;4.7350000
7996.00028991699;4.6465381;4.6611638;-0.006082684;0.02229697;4.7350000
7997.00021743774;4.6354639;4.6487064;0.02219643;0.0009251838;4.7350000
7998.0001449585;4.7185205;4.6839922;0.08236267;0.02547301;4.7350000
7999.00054931641;4.7369775;4.7388285;-0.007940608;0.04143152;4.8270000
8000;4.7365723;4.7507495;-0.006131672;0.02196895;4.8270000
8001.00040435791;4.7252520;4.7382922;0.02274501;0.0008418698;4.8270000
8002.00080871582;4.8101543;4.7754258;0.08412977;0.02659635;4.8270000
8003.00025939941;4.8290215;4.8320502;-0.0082437;0.04284192;4.9200000
8004.00066375732;4.8285894;4.8445077;-0.00637514;0.02277478;4.9200000
8005.00011444092;4.8171460;4.8318119;0.0228269;0.000969069;4.9200000
8006.00051879883;4.9029712;4.8674553;0.0850899;0.02572142;4.9200000
8006.99996948242;4.9220435;4.9225896;-0.008053029;0.04172524;5.0130000
8008.00037384033;4.9215894;4.9351067;-0.006107626;0.02242954;5.0130000
8009.00077819824;4.9101460;4.9239010;0.02292839;0.001782552;5.0130000
8010.00022888184;4.9959712;4.9615711;0.08496558;0.02726593;5.0130000
8011.00063323975;5.0150435;5.0187915;-0.008409777;0.04347859;5.1080000
8012.00008392334;5.0146235;5.0321430;-0.0066525;0.02351069;5.1080000
8013.00048828125;5.0029341;5.0201625;0.02306743;0.001682283;5.1080000
8013.99993896484;5.0906050;5.0564617;0.08668177;0.02641311;5.1080000
8015.00034332275;5.1100874;5.1127285;-0.008458329;0.04260992;5.2030000
8016.00074768066;5.1096235;5.1250667;-0.006421164;0.02262052;5.2030000
8017.00019836426;5.0979341;5.1129670;0.02331205;0.001349552;5.2030000
8018.00060272217;5.1856050;5.1502794;0.08681349;0.02694497;5.2030000
8019.00005340576;5.2050874;5.2076190;-0.00844613;0.04339588;5.3000000
8020.00045776367;5.2046577;5.2204341;-0.006557247;0.02313945;5.3000000
8020.99990844727;5.1927222;5.2077980;0.02383331;0.001160853;5.3000000
8022.00031280518;5.2822388;5.2448123;0.08879235;0.02671777;5.3000000
8023.00071716309;5.3021314;5.3020328;-0.008324948;0.04328903;5.3970000
8024.00016784668;5.3016577;5.3149075;-0.006275739;0.02319654;5.3970000
8025.00057220459;5.2897222;5.3028078;0.02405506;0.001557089;5.3970000
8026.00002288818;5.3792388;5.3417295;0.08880158;0.02812412;5.3970000
8027.00042724609;5.3991314;5.4010957;-0.008554791;0.04503366;5.4960000
8028.000831604;5.3986919;5.4147452;-0.006687056;0.02425752;5.4960000
8029.0002822876;5.3865103;5.4015727;0.02436084;0.001274316;5.4960000
8030.00068664551;5.4778726;5.4400176;0.0905849;0.0277864;5.4960000
8031.0001373291;5.4981753;5.4989069;-0.008589328;0.04460356;5.5950000
8032.00054168701;5.4976919;5.5116624;-0.006454996;0.02359566;5.5950000
8032.99999237061;5.4855103;5.4984302;0.02459956;0.001014023;5.5950000
8034.00039672852;5.5768726;5.5374115;0.09076384;0.02801585;5.5950000
8035.00080108643;5.5971753;5.5970162;-0.008490088;0.04509462;5.6950000
8036.00025177002;5.5967090;5.6108445;-0.006522859;0.02437941;5.6950000
8037.00065612793;5.5844043;5.5981488;0.0247707;0.001602583;5.6950000
8038.00010681152;5.6766894;5.6376666;0.0915874;0.02859101;5.6950000
8039.00051116943;5.6971973;5.6976884;-0.008648466;0.04560658;5.7970000
8039.99996185303;5.6967432;5.7113976;-0.006679632;0.02450571;5.7970000
8041.00036621094;5.6841924;5.6983442;0.02525136;0.001439591;5.7970000
8042.00077056885;5.7783232;5.7389945;0.09336628;0.02924689;5.7970000
8043.00022125244;5.7992412;5.8006257;-0.008919883;0.04678193;5.8990000
8044.00062561035;5.7987432;5.8148712;-0.006843817;0.02523886;5.8990000
8045.00007629395;5.7861924;5.8020563;0.02506061;0.001853416;5.8990000
8046.00048065186;5.8803232;5.8414548;0.09331499;0.02861389;5.8990000
8046.99993133545;5.9012412;5.9015959;-0.008805145;0.04571121;6.0020000
8048.00033569336;5.9007603;5.9156626;-0.006756731;0.02479645;6.0020000
8049.00074005127;5.8880864;5.9038014;0.02534022;0.002350965;6.0020000
8050.00019073486;5.9831401;5.9443325;0.0941806;0.02952046;6.0020000
8051.00059509277;6.0042632;6.0063213;-0.009080874;0.04715861;6.1060000
8052.00004577637;6.0037773;6.0215205;-0.007122736;0.02599795;6.1060000
8053.00045013428;5.9909805;6.0094804;0.02529295;0.00261513;6.1060000
8054.00085449219;6.0869570;6.0494154;0.09491196;0.02925517;6.1060000
8055.00030517578;6.1082852;6.1101526;-0.009145561;0.04633836;6.2110000
8056.00070953369;6.1077944;6.1243385;-0.007038615;0.02507584;6.2110000
8057.00016021729;6.0948745;6.1120600;0.02570242;0.002162003;6.2110000
8058.0005645752;6.1917739;6.1528891;0.095934;0.0296565;6.2110000
8059.00001525879;6.2133071;6.2149971;-0.009211729;0.04724327;6.3170000
8060.0004196167;6.2128115;6.2295407;-0.007108717;0.02564286;6.3170000
8061.00082397461;6.1997686;6.2170238;0.02595768;0.002196414;6.3170000
8062.0002746582;6.2975908;6.2579125;0.09689481;0.02973278;6.3170000
8063.00067901611;6.3193291;6.3197821;-0.009159846;0.0471057;6.4240000
8064.00012969971;6.3188286;6.3335509;-0.006934593;0.02509961;6.4240000
8065.00053405762;6.3056626;6.3193054;0.02662318;0.0009772704;6.4240000
8065.99998474121;6.4044077;6.3601941;0.09827253;0.02935636;6.4240000
8067.00038909912;6.4263511;6.4218849;-0.008697702;0.0467614;6.5320000
8068.00079345703;6.4258457;6.4346404;-0.006323634;0.02432387;6.5320000
8069.00024414063;6.4125566;6.4195008;0.02763254;0.0001402536;6.5320000
8070.00064849854;6.5122246;6.4602107;0.100014;0.02900592;6.5320000
8071.00009918213;6.5343730;6.5221399;-0.007918268;0.04679623;6.6400000
8072.00050354004;6.5338457;6.5350146;-0.005473986;0.02440002;6.6400000
8072.99995422363;6.5205566;6.5200538;0.02846227;0.0003015315;6.6400000
8074.00035858154;6.6202246;6.5611213;0.1008039;0.02926917;6.6400000
8075.00076293945;6.6423730;6.6234678;-0.007174879;0.04709646;6.7500000
8076.00021362305;6.6418799;6.6372962;-0.004932004;0.02509788;6.7500000
8077.00061798096;6.6283447;6.6234083;0.02948229;0.001230699;6.7500000
8078.00006866455;6.7298584;6.6662639;0.1030491;0.03073862;6.7500000
8079.00047302246;6.7524170;6.7305177;-0.007013158;0.04884474;6.8610000
8079.99992370605;6.7518970;6.7450018;-0.004723941;0.02614611;6.8610000
8081.00032806396;6.7382388;6.7311139;0.02998915;0.001656757;6.8610000
8082.00073242188;6.8406753;6.7740291;0.1042615;0.03095079;6.8610000
8083.00018310547;6.8634390;6.8385809;-0.006769436;0.04907361;6.9720000
8084.00058746338;6.8628970;6.8536014;-0.004456494;0.02654184;6.9720000
8085.00003814697;6.8492388;6.8403692;0.03018354;0.00220041;6.9720000
8086.00044250488;6.9516753;6.8825692;0.1045356;0.03064715;6.9720000
8087.00084686279;6.9744390;6.9462269;-0.006395742;0.04849622;7.0840000
8088.00029754639;6.9739141;6.9615453;-0.004163565;0.02655165;7.0840000
8089.0007019043;6.9601328;6.9494457;0.03064906;0.002918128;7.0840000
8090.00015258789;7.0634922;6.9936722;0.1054875;0.03219723;7.0840000
8091.0005569458;7.0864609;7.0594758;-0.006618386;0.05037507;7.1980000
8092.00000762939;7.0859482;7.0755690;-0.0044842;0.02770464;7.1980000
8093.0004119873;7.0719209;7.0627541;0.03100572;0.002869618;7.1980000
8094.00081634521;7.1771260;7.1063250;0.1073416;0.03179624;7.1980000
8095.00026702881;7.2005049;7.1713537;-0.00654892;0.04969322;7.3120000
8096.00067138672;7.1999482;7.1866721;-0.004161434;0.02699135;7.3120000
8097.00012207031;7.1859209;7.1736188;0.03135504;0.00250139;7.3120000
8098.00052642822;7.2911260;7.2174877;0.1076577;0.03183385;7.3120000
8098.99997711182;7.3145049;7.2829336;-0.006279278;0.04997669;7.4270000
8100.00038146973;7.3139653;7.2985500;-0.003972569;0.02727829;7.4270000
8101.00078582764;7.2998149;7.2854967;0.0318427;0.002608454;7.4270000
8102.00023651123;7.4059429;7.3303789;0.1087447;0.03258451;7.4270000
8103.00064086914;7.4295268;7.3965996;-0.006214147;0.05064857;7.5430000
8104.00009155273;7.4289824;7.4121565;-0.003864883;0.02748078;7.5430000
8105.00049591064;7.4147090;7.3988647;0.03227575;0.002556673;7.5430000
8105.99994659424;7.5217598;7.4450582;0.1097438;0.03341416;7.5430000
8107.00035095215;7.5455488;7.5122922;-0.006263381;0.05152642;7.6600000
8108.00075531006;7.5449995;7.5265975;-0.003738757;0.02698435;7.6600000
8109.00020599365;7.5306030;7.5107426;0.03298623;0.0007862182;7.6600000
8110.00061035156;7.6385767;7.5541347;0.1114786;0.030991;7.6600000
8111.00006103516;7.6625708;7.6191038;-0.005211697;0.04924793;7.7780000
8112.00046539307;7.6620166;7.6326937;-0.002571456;0.02578202;7.7780000
8112.99991607666;7.6474971;7.6176734;0.03435934;0.00091396;7.7780000
8114.00032043457;7.7563936;7.6632708;0.1133182;0.03247819;7.7780000
8115.00072479248;7.7805928;7.7304452;-0.004553303;0.05116028;7.8970000
8116.00017547607;7.7800337;7.7453465;-0.002023258;0.02724818;7.8970000
8117.00057983398;7.7653911;7.7303857;0.03519969;0.001440899;7.8970000
8118.00003051758;7.8752104;7.7755660;0.1149172;0.03239563;7.8970000
8119.00043487549;7.8996147;7.8427404;-0.003889771;0.05113822;8.0170000
8120.0008392334;7.8990508;7.8577013;-0.00133044;0.02728147;8.0170000
8121.00028991699;7.8842852;7.8435154;0.03610497;0.001955486;8.0170000
8122.0006942749;7.9950273;7.8888744;0.1165148;0.0326181;8.0170000
8123.0001449585;8.0196367;7.9559892;-0.003221052;0.05122244;8.1370000
8124.00054931641;8.0190508;7.9717248;-0.0006645531;0.0278751;8.1370000
8125;8.0042852;7.9590888;0.03659817;0.003108269;8.1370000
8126.00040435791;8.1150273;8.0057591;0.1168619;0.0338615;8.1370000
8127.00080871582;8.1396367;8.0743640;-0.003039976;0.05260304;8.2590000
8128.00025939941;8.1390850;8.0910533;-0.0006848844;0.02897212;8.2590000
8129.00066375732;8.1240732;8.0784769;0.03716877;0.003574832;8.2590000
8130.00011444092;8.2366611;8.1259817;0.1187639;0.03462385;8.2590000
8131.00051879883;8.2616807;8.1955403;-0.003115174;0.05346649;8.3810000
8131.99996948242;8.2610850;8.2130641;-0.0006860876;0.02982125;8.3810000
8133.00037384033;8.2460732;8.2012624;0.03708125;0.004370777;8.3810000
8134.00077819824;8.3586611;8.2494229;0.1186033;0.03530998;8.3810000
8135.00022888184;8.3836807;8.3194583;-0.003328872;0.05392458;8.5040000
8136.00063323975;8.3831021;8.3368629;-0.0009340793;0.02988682;8.5040000
8137.00008392334;8.3679673;8.3243460;0.03721174;0.0039652;8.5040000
8138.00048828125;8.4814780;8.3731621;0.119373;0.03562554;8.5040000
8138.99993896484;8.5067026;8.4436148;-0.003541228;0.05425822;8.6290000
8140.00034332275;8.5061362;8.4597081;-0.001011991;0.02922854;8.6290000
8141.00074768066;8.4907554;8.4451646;0.03795722;0.002477105;8.6290000
8142.00019836426;8.6061118;8.4927290;0.1216823;0.03429328;8.6290000
8143.00060272217;8.6317466;8.5622877;-0.003003244;0.0531843;8.7540000
8144.00005340576;8.6311362;8.5779042;-0.0002539172;0.02855509;8.7540000
8145.00045776367;8.6157554;8.5638971;0.03865553;0.002621614;8.7540000
8146.00086212158;8.7311118;8.6125940;0.1222544;0.03506225;8.7540000
8147.00031280518;8.7567466;8.6834043;-0.002570566;0.05427819;8.8800000
8148.00071716309;8.7561533;8.7003320;-1.490349E-05;0.02975421;8.8800000
8149.00016784668;8.7406494;8.6873383;0.03908041;0.003628424;8.8800000
8150.00057220459;8.8569287;8.7359160;0.1234048;0.03536494;8.8800000
8151.00002288818;8.8827686;8.8069051;-0.0023756;0.05452399;9.0060000
8152.00042724609;8.8821533;8.8246673;0.0001705736;0.0303299;9.0060000
8153.000831604;8.8666494;8.8126869;0.03915299;0.004503808;9.0060000
8154.0002822876;8.9829287;8.8623374;0.1233578;0.03629234;9.0060000
8155.00068664551;9.0087686;8.9338630;-0.002482328;0.0551994;9.1340000
8156.0001373291;9.0081875;8.9515656;-2.466049E-05;0.03061032;9.1340000
8157.00054168701;8.9924375;8.9392275;0.03959519;0.004344643;9.1340000
8157.99999237061;9.1105625;8.9881032;0.1253108;0.03579409;9.1340000
8159.00039672852;9.1368125;9.0592116;-0.002353897;0.05478667;9.2620000
8160.00080108643;9.1361875;9.0773314;0.0002242681;0.030654;9.2620000
8161.00025177002;9.1204375;9.0663046;0.03969802;0.00524384;9.2620000
8162.00065612793;9.2385625;9.1174453;0.1251612;0.03759179;9.2620000
8163.00010681152;9.2648125;9.1904014;-0.002709297;0.05653824;9.3920000
8164.00051116943;9.2642217;9.2081040;-0.0001797955;0.03102657;9.3920000
8164.99996185303;9.2482256;9.1946334;0.04016382;0.003811999;9.3920000
8166.00036621094;9.3681963;9.2426151;0.1274034;0.03504179;9.3920000
8167.00077056885;9.3948564;9.3127697;-0.002025977;0.05391558;9.5220000
8168.00022125244;9.3942217;9.3299955;0.0007236339;0.0298258;9.5220000
8169.00062561035;9.3782256;9.3187899;0.04081489;0.004831518;9.5220000
8170.00007629395;9.4981963;9.3713611;0.1275431;0.03834275;9.5220000
8171.00048065186;9.5248564;9.4458669;-0.00237106;0.05766701;9.6530000
8171.99993133545;9.5242388;9.4639271;0.0002380102;0.03161994;9.6530000
8173.00033569336;9.5081196;9.4501586;0.0409136;0.003878607;9.6530000
8174.00074005127;9.6290132;9.4997495;0.1286861;0.03611755;9.6530000
8175.00019073486;9.6558784;9.5713347;-0.001838164;0.05511078;9.7850000
8176.00059509277;9.6552559;9.5884412;0.0009130798;0.03018444;9.7850000
8177.00004577637;9.6390137;9.5766992;0.04166168;0.004686558;9.7850000
8178.00045013428;9.7608301;9.6298665;0.1297479;0.03869349;9.7850000
8179.00085449219;9.7879004;9.7052067;-0.002130221;0.05831166;9.9180000
8180.00030517578;9.7872729;9.7241610;0.0004510442;0.03243877;9.9180000
8181.00070953369;9.7709077;9.7115249;0.04159805;0.004879351;9.9180000
8182.00016021729;9.8936470;9.7624868;0.1306422;0.03741379;9.9180000
8183.0005645752;9.9209224;9.8359793;-0.001965532;0.05676611;10.0510000
8184.00001525879;9.9202729;9.8543972;0.0007589795;0.03154809;10.0510000
8185.0004196167;9.9039077;9.8428936;0.04177981;0.005261196;10.0510000
8186.00082397461;10.0266470;9.8949879;0.1306978;0.0381568;10.0510000
8187.0002746582;10.0539224;9.9688977;-0.001956441;0.05727424;10.1850000
8188.00067901611;10.0532900;9.9877923;0.0006673834;0.032065;10.1850000
8189.00012969971;10.0368018;9.9765272;0.04196044;0.005558351;10.1850000
8190.00053405762;10.1604638;10.0287407;0.1315773;0.03838845;10.1850000
8190.99998474121;10.1879443;10.1033658;-0.002092096;0.05786428;10.3210000
8192.00038909912;10.1873242;10.1230353;0.0004337444;0.03271777;10.3210000
8193.00079345703;10.1705898;10.1126046;0.0422314;0.006420381;10.3210000
8194.00024414063;10.2960976;10.1664275;0.1330934;0.03973716;10.3210000
8195.00064849854;10.3239883;10.2412909;-0.002473559;0.05842236;10.4570000
8196.00009918213;10.3233242;10.2595300;0.0003786264;0.03205951;10.4570000
8197.00050354004;10.3065898;10.2470727;0.04240208;0.004905484;10.4570000
8197.99995422363;10.4320976;10.2989286;0.1334832;0.03798443;10.4570000
8199.00035858154;10.4599883;10.3734344;-0.002043877;0.05757898;10.5940000
8200.00076293945;10.4593413;10.3922099;0.0007009688;0.03205734;10.5940000
8201.00021362305;10.4424839;10.3811831;0.04286383;0.005805939;10.5940000
8202.00061798096;10.5689146;10.4367345;0.1342454;0.04066915;10.5940000
8203.00006866455;10.5970103;10.5138033;-0.002502715;0.06003735;10.7310000
8204.00047302246;10.5963413;10.5325192;0.0003322554;0.03289257;10.7310000
8204.99992370605;10.5794839;10.5192275;0.04274747;0.004665791;10.7310000
8206.00032806396;10.7059146;10.5706066;0.1345939;0.0375805;10.7310000
8207.00073242188;10.7340103;10.6439799;-0.001742468;0.05671671;10.8700000
8208.00018310547;10.7333755;10.6622785;0.001043849;0.03142574;10.8700000
8209.00058746338;10.7162720;10.6513710;0.043791;0.005624253;10.8700000
8210.00003814697;10.8445484;10.7079953;0.1364774;0.04130191;10.8700000
8211.00044250488;10.8730542;10.7856005;-0.002201439;0.06059365;11.0090000
8212.00084686279;10.8723755;10.8050912;0.0006190473;0.03356078;11.0090000
8213.00029754639;10.8552720;10.7928128;0.04351895;0.005530004;11.0090000
8214.0007019043;10.9835484;10.8454436;0.1366503;0.03865134;11.0090000
8215.00015258789;11.0120542;10.9197110;-0.001656663;0.05768729;11.1490000
8216.0005569458;11.0113926;10.9389633;0.001142811;0.03240507;11.1490000
8217.00000762939;10.9941660;10.9296054;0.0440161;0.006956691;11.1490000
8218.0004119873;11.1233652;10.9864086;0.1373948;0.04188418;11.1490000
8219.00081634521;11.1520762;11.0638946;-0.002206273;0.06080756;11.2900000
8220.00026702881;11.1514097;11.0839814;0.0005361326;0.0339883;11.2900000
8221.00067138672;11.1340601;11.0729546;0.04389416;0.006454;11.2900000
8222.00012207031;11.2641821;11.1266583;0.1383304;0.03973009;11.2900000
8223.00052642822;11.2930982;11.2012833;-0.001887394;0.05832403;11.4320000
8223.99997711182;11.2924268;11.2198204;0.001063585;0.03221096;11.4320000
8225.00038146973;11.2749541;11.2096877;0.04462078;0.006481329;11.4320000
8226.00078582764;11.4059990;11.2655371;0.1395301;0.04109302;11.4320000
8227.00023651123;11.4351201;11.3423079;-0.001862218;0.06006526;11.5740000
8228.00064086914;11.4344268;11.3619774;0.001046093;0.03345259;11.5740000
8229.00009155273;11.4169541;11.3510103;0.04469625;0.006348629;11.5740000
8230.00049591064;11.5479990;11.4066213;0.1396322;0.04094908;11.5740000
8230.99994659424;11.5771201;11.4832729;-0.0017469;0.05989501;11.7170000
8232.00035095215;11.5764438;11.5024060;0.001173589;0.03309166;11.7170000
8233.00075531006;11.5588481;11.4913792;0.04512919;0.006231432;11.7170000
8234.00020599365;11.6908159;11.5471691;0.1407574;0.04095627;11.7170000
8235.00061035156;11.7201421;11.6241783;-0.001597015;0.06011983;11.8610000
8236.00006103516;11.7194609;11.6436690;0.001319547;0.03339457;11.8610000
8237.00046539307;11.7017422;11.6331787;0.04551417;0.006682637;11.8610000
8237.99991607666;11.8346328;11.6904586;0.1416885;0.04211193;11.8610000
8239.00032043457;11.8641641;11.7676466;-0.001621258;0.06058396;12.0060000
8240.00072479248;11.8634780;11.7860645;0.001450743;0.03291602;12.0060000
8241.00017547607;11.8456362;11.7734880;0.0461766;0.005203092;12.0060000
8242.00057983398;11.9794497;11.8282646;0.1433421;0.03991093;12.0060000
8243.00003051758;12.0091860;11.9043201;-0.0007770341;0.05918076;12.1520000
8244.00043487549;12.0084951;11.9239896;0.002191436;0.03318109;12.1520000
8245.0008392334;11.9905303;11.9145721;0.04686411;0.007280173;12.1520000
8246.00028991699;12.1252666;11.9722098;0.144423;0.042548;12.1520000
8247.0006942749;12.1552080;12.0509475;-0.0009304266;0.06184865;12.2980000
8248.0001449585;12.1544951;12.0726436;0.001895734;0.03542792;12.2980000
8249.00054931641;12.1365303;12.0637029;0.04651529;0.008344132;12.2980000
8250;12.2712666;12.1212214;0.1440874;0.04283863;12.2980000
8251.00040435791;12.3012080;12.1992439;-0.001186286;0.06152196;12.4450000
8252.00080871582;12.3005122;12.2190326;0.001804819;0.0340798;12.4450000
8253.00025939941;12.2824243;12.2086019;0.04688917;0.006978543;12.4450000
8254.00066375732;12.4180835;12.2647494;0.1453263;0.04148791;12.4450000
8255.00011444092;12.4482300;12.3428911;-0.0008962145;0.06109142;12.5930000
8256.00051879883;12.4475293;12.3645872;0.001918289;0.03511038;12.5930000
8256.99996948242;12.4293184;12.3561829;0.04707566;0.008628367;12.5930000
8258.00037384033;12.5659004;12.4155491;0.1458663;0.04412933;12.5930000
8259.00077819824;12.5962520;12.4945849;-0.001391252;0.06245951;12.7410000
8260.00022888184;12.5955293;12.5141352;0.001745814;0.03432396;12.7410000
8261.00063323975;12.5773184;12.5028104;0.04722858;0.006561262;12.7410000
8262.00008392334;12.7139004;12.5597328;0.1462916;0.0418712;12.7410000
8263.00048828125;12.7442520;12.6396626;-0.001065656;0.06225808;12.8900000
8263.99993896484;12.7435464;12.6622528;0.001685136;0.03612687;12.8900000
8265.00034332275;12.7252124;12.6531929;0.04721434;0.008538459;12.8900000
8266.00074768066;12.8627173;12.7111286;0.1468766;0.04315929;12.8900000
8267.00019836426;12.8932739;12.7881974;-0.001097319;0.06094877;13.0400000
8268.00060272217;12.8925635;12.8064365;0.002174184;0.03298877;13.0400000
8269.00005340576;12.8741064;12.7949328;0.04827445;0.005937403;13.0400000
8270.00045776367;13.0125342;12.8518551;0.1487618;0.04164344;13.0400000
8271.00086212158;13.0432959;12.9315465;-0.0004397808;0.06211618;13.1910000
8272.00031280518;13.0425806;12.9549116;0.002296511;0.03652706;13.1910000
8273.00071716309;13.0240005;12.9472822;0.04826391;0.009552971;13.1910000
8274.00016784668;13.1633511;13.0059331;0.1492709;0.04403215;13.1910000
8275.00057220459;13.1943179;13.0833596;-0.0006138636;0.06150965;13.3420000
8276.00002288818;13.1935806;13.1024331;0.002684077;0.03371231;13.3420000
8277.00042724609;13.1750005;13.0921216;0.04895031;0.006951643;13.3420000
8278.000831604;13.3143511;13.1495803;0.1500901;0.04227969;13.3420000
8279.0002822876;13.3453179;13.2294506;-6.691553E-05;0.06244314;13.4950000
8280.00068664551;13.3446147;13.2521599;0.002730774;0.03619249;13.4950000
8281.0001373291;13.3257886;13.2438153;0.04937545;0.009052237;13.4950000
8282.00054168701;13.4669849;13.3027643;0.1517736;0.04413935;13.4950000
8282.99999237061;13.4983618;13.3815616;-0.0001348434;0.06241176;13.6470000
8284.00039672852;13.4975977;13.4007543;0.00326922;0.03412985;13.6470000
8285.00080108643;13.4788945;13.3897872;0.04990728;0.006746389;13.6470000
8286.00025177002;13.6191680;13.4481996;0.151653;0.04283256;13.6470000
8287.00065612793;13.6503398;13.5275930;0.0006136466;0.06224668;13.8010000
8288.00010681152;13.6496318;13.5483354;0.003666405;0.03502294;13.8010000
8289.00051116943;13.6306826;13.5387391;0.05074932;0.007900838;13.8010000
8289.99996185303;13.7728018;13.5976881;0.1538597;0.04363966;13.8010000
8291.00036621094;13.8043838;13.6760682;0.001062234;0.06197031;13.9550000
8292.00077056885;13.8036318;13.6950224;0.0044812;0.03384716;13.9550000
8293.00022125244;13.7846826;13.6841148;0.05171023;0.006695296;13.9550000
8294.00062561035;13.9268018;13.7428254;0.1548472;0.04306808;13.9550000
8295.00007629395;13.9583838;13.8242453;0.001711007;0.06371343;14.1100000
8296.00048065186;13.9576489;13.8482660;0.004517903;0.03755503;14.1100000
8296.99993133545;13.9385767;13.8407558;0.05166719;0.01006627;14.1100000
8298.00033569336;14.0816186;13.9000028;0.1554565;0.04459678;14.1100000
8299.00074005127;14.1134058;13.9808267;0.001451321;0.06391665;14.2660000
8300.00019073486;14.1126660;14.0047878;0.004300774;0.03760352;14.2660000
8301.00059509277;14.0934707;13.9984697;0.05161603;0.01089551;14.2660000
8302.00004577637;14.2374356;14.0597433;0.1558918;0.04617542;14.2660000
8303.00045013428;14.2694277;14.1407460;0.0009311484;0.06449691;14.4220000
8304.00085449219;14.2686660;14.1630977;0.004043411;0.03681965;14.4220000
8305.00030517578;14.2494707;14.1550511;0.05155125;0.009595973;14.4220000
8306.00070953369;14.3934356;14.2156690;0.1559;0.04536492;14.4220000
8307.00016021729;14.4254277;14.2979830;0.0007933257;0.06503837;14.5790000
8308.0005645752;14.4246831;14.3212288;0.003758394;0.03746037;14.5790000
8309.00001525879;14.4053647;14.3119305;0.05170448;0.008946978;14.5790000
8310.0004196167;14.5502524;14.3709391;0.1569448;0.04412461;14.5790000
8311.00082397461;14.5824497;14.4499749;0.001267832;0.06247924;14.7370000
8312.0002746582;14.5817002;14.4697040;0.004660632;0.03445471;14.7370000
8313.00067901611;14.5622588;14.4587368;0.05309146;0.006892867;14.7370000
8314.00012969971;14.7080693;14.5179242;0.159024;0.04341219;14.7370000
8315.00053405762;14.7404717;14.5994633;0.002132684;0.06388544;14.8950000
8315.99998474121;14.7397002;14.6233052;0.005150736;0.03754681;14.8950000
8317.00038909912;14.7202588;14.6164506;0.05312334;0.01053723;14.8950000
8318.00079345703;14.8660693;14.6791547;0.1586641;0.04705603;14.8950000
8319.00024414063;14.8984717;14.7636145;0.001447332;0.06702208;15.0540000
8320.00064849854;14.8977173;14.7888869;0.004258427;0.03950962;15.0540000
8321.00009918213;14.8781528;14.7813767;0.05260286;0.01082331;15.0540000
8322.00050354004;15.0248862;14.8418158;0.1591082;0.04571523;15.0540000
8322.99995422363;15.0574936;14.9241298;0.001195001;0.06523784;15.2130000
8324.00035858154;15.0567173;14.9490446;0.00412944;0.0386695;15.2130000
8325.00076293945;15.0371528;14.9427265;0.05234106;0.01126884;15.2130000
8326.00021362305;15.1838862;15.0037616;0.15878;0.04618585;15.2130000
8327.00061798096;15.2164936;15.0847643;0.00101289;0.06457768;15.3740000
8328.00006866455;15.2157515;15.1064604;0.004210799;0.03648286;15.3740000
8329.00047302246;15.1959409;15.0973409;0.05333212;0.008816095;15.3740000
8329.99992370605;15.3445200;15.1565879;0.1613947;0.04407781;15.3740000
8331.00032806396;15.3775376;15.2356237;0.001975763;0.06253094;15.5340000
8332.00073242188;15.3767344;15.2552932;0.005614013;0.0344607;15.5340000
8333.00018310547;15.3570469;15.2443857;0.05463576;0.006901494;15.5340000
8334.00058746338;15.5047031;15.3026789;0.1620924;0.04295827;15.5340000
8335.00003814697;15.5375156;15.3830260;0.003462852;0.06298977;15.6960000
8336.00044250488;15.5367686;15.4050797;0.006656827;0.03611692;15.6960000
8337.00084686279;15.5168350;15.3967947;0.05598396;0.009168995;15.6960000
8338.00029754639;15.6663369;15.4583066;0.1645063;0.04574477;15.6960000
8339.0007019043;15.6995596;15.5401438;0.003839842;0.06492518;15.8580000
8340.00015258789;15.6987686;15.5628532;0.007127734;0.03732339;15.8580000
8341.0005569458;15.6788350;15.5553430;0.05636854;0.01014278;15.8580000
8342.00000762939;15.8283369;15.6182855;0.1647315;0.04705079;15.8580000
8343.0004119873;15.8615596;15.7013148;0.003932207;0.06599648;16.0210000
8344.00081634521;15.8607856;15.7232493;0.007258853;0.03709447;16.0210000
8345.00026702881;15.8407290;15.7134741;0.05705082;0.008601071;16.0210000
8346.00067138672;15.9911538;15.7733768;0.1664647;0.04452136;16.0210000
8347.00012207031;16.0245815;15.8541411;0.004982234;0.0637887;16.1840000
8348.00052642822;16.0237856;15.8764928;0.008345897;0.0366556;16.1840000
8348.99997711182;16.0037290;15.8693403;0.05784565;0.01012983;16.1840000
8350.00038146973;16.1541538;15.9313291;0.1670271;0.04639041;16.1840000
8351.00078582764;16.1875815;16.0159081;0.005119612;0.06690707;16.3480000
8352.00023651123;16.1868027;16.0425514;0.007957541;0.04041412;16.3480000
8353.00064086914;16.1666230;16.0383194;0.05743068;0.01326283;16.3480000
8354.00009155273;16.3179707;16.1012620;0.1672181;0.04808362;16.3480000
8355.00049591064;16.3516035;16.1829799;0.004693877;0.06577841;16.5120000
8355.99994659424;16.3508027;16.2058681;0.008033673;0.03777989;16.5120000
8357.00035095215;16.3306230;16.1994308;0.05775253;0.01106306;16.5120000
8358.00075531006;16.4819707;16.2626713;0.1675067;0.04763407;16.5120000
8359.00020599365;16.5156035;16.3476676;0.004617255;0.06761197;16.6780000
8360.00061035156;16.5148369;16.3735956;0.007523216;0.04020288;16.6780000
8361.00006103516;16.4944111;16.3672775;0.05782637;0.01184914;16.6780000
8362.00046539307;16.6476045;16.4294451;0.1691245;0.04716119;16.6780000
8363.00086975098;16.6816475;16.5104478;0.004809025;0.06482278;16.8430000
8364.00032043457;16.6808198;16.5311306;0.00851394;0.03599201;16.8430000
8365.00072479248;16.6605171;16.5220707;0.05882379;0.008801706;16.8430000
8366.00017547607;16.8127876;16.5841192;0.169423;0.04607341;16.8430000
8367.00057983398;16.8466255;16.6688770;0.005624616;0.06687936;17.0090000
8368.00003051758;16.8458369;16.6958183;0.008501163;0.04060872;17.0090000
8369.00043487549;16.8254111;16.6917652;0.05855195;0.01339351;17.0090000
8370.0008392334;16.9786045;16.7567938;0.1695313;0.04948011;17.0090000
8371.00028991699;17.0126475;16.8429821;0.004638077;0.06898502;17.1760000
8372.0006942749;17.0118540;16.8699831;0.007543885;0.04144653;17.1760000
8373.0001449585;16.9913052;16.8656319;0.05792669;0.01369221;17.1760000
8374.00054931641;17.1454214;16.9297665;0.1697178;0.04907069;17.1760000
8375;17.1796694;17.0131534;0.004201238;0.06709748;17.3440000
8376.00040435791;17.1788711;17.0364588;0.007554729;0.03850335;17.3440000
8377.00080871582;17.1581992;17.0289486;0.05858828;0.01054179;17.3440000
8378.00025939941;17.3132383;17.0896262;0.1714768;0.0456994;17.3440000
8379.00066375732;17.3476914;17.1734899;0.004971602;0.06632854;17.5120000
8380.00011444092;17.3468711;17.2013253;0.007903855;0.04105617;17.5120000
8381.00051879883;17.3261992;17.1992987;0.05832644;0.01495358;17.5120000
8381.99996948242;17.4812383;17.2661155;0.1705309;0.05129212;17.5120000
8383.00037384033;17.5156914;17.3530191;0.003687047;0.07008937;17.6800000
8384.00077819824;17.5148711;17.3789471;0.006831817;0.041108;17.6800000
8385.00022888184;17.4941992;17.3722714;0.05777239;0.0119937;17.6800000
8386.00063323975;17.6492383;17.4344390;0.1704949;0.04721109;17.6800000
8387.00008392334;17.6836914;17.5157994;0.004268614;0.06511806;17.8490000
8388.00048828125;17.6828882;17.5370782;0.007883813;0.03654434;17.8490000
8388.99993896484;17.6620933;17.5286144;0.05932241;0.009388438;17.8490000
8390.00034332275;17.8180552;17.5912589;0.172704;0.04660084;17.8490000
8391.00074768066;17.8527134;17.6745862;0.00532306;0.06604885;18.0190000
8392.00019836426;17.8519053;17.6986664;0.008662043;0.03853162;18.0190000
8393.00060272217;17.8309873;17.6916927;0.0602334;0.01089322;18.0190000
8394.00005340576;17.9878721;17.7542180;0.1743404;0.0470384;18.0190000
8395.00045776367;18.0227354;17.8383797;0.005931083;0.06681295;18.1890000
8396.00086212158;18.0219053;17.8647846;0.009094542;0.04031414;18.1890000
8397.00031280518;18.0009873;17.8617447;0.06022761;0.014061;18.1890000
8398.00071716309;18.1578721;17.9271310;0.1740159;0.04994363;18.1890000
8399.00016784668;18.1927354;18.0118292;0.005546749;0.06821948;18.3590000
8400.00057220459;18.1919053;18.0367440;0.008876231;0.03991541;18.3590000
8401.00002288818;18.1709873;18.0309623;0.06031478;0.01214489;18.3590000
8402.00042724609;18.3278721;18.0936068;0.1744085;0.04749751;18.3590000
8403.000831604;18.3627354;18.1778878;0.005985891;0.06715642;18.5300000
8404.0002822876;18.3619224;18.2053655;0.008982247;0.04114047;18.5300000
8405.00068664551;18.3408813;18.2026237;0.06038088;0.01452969;18.5300000
8406.0001373291;18.4986890;18.2690233;0.1747685;0.05085402;18.5300000
8407.00054168701;18.5337573;18.3561653;0.005091548;0.07000411;18.7020000
8407.99999237061;18.5329395;18.3825701;0.008243374;0.04138504;18.7020000
8409.00039672852;18.5117754;18.3765501;0.06030605;0.01245798;18.7020000
8410.00080108643;18.6705059;18.4403866;0.1756914;0.04846947;18.7020000
8411.00025177002;18.7057793;18.5258597;0.00526495;0.06808359;18.8740000
8412.00065612793;18.7049395;18.5523242;0.008493605;0.04082788;18.8740000
8413.00010681152;18.6837754;18.5482114;0.06034379;0.01357148;18.8740000
8414.00051116943;18.8425059;18.6143130;0.1754768;0.05034868;18.8740000
8414.99996185303;18.8777793;18.7013358;0.00487765;0.06969277;19.0460000
8416.00036621094;18.8769395;18.7273830;0.008152802;0.04109928;19.0460000
8417.00077056885;18.8557754;18.7218398;0.06016235;0.0126796;19.0460000
8418.00022125244;19.0145059;18.7850207;0.1756208;0.04810689;19.0460000
8419.00062561035;19.0497793;18.8706726;0.005174379;0.06815677;19.2190000
8420.00007629395;19.0489565;18.8987463;0.008176154;0.04188533;19.2190000
8421.00048065186;19.0276694;18.8966602;0.06009933;0.01523071;19.2190000
8421.99993133545;19.1873228;18.9624637;0.1759777;0.05058456;19.2190000
8423.00033569336;19.2228013;19.0465063;0.004775169;0.06797387;19.3930000
8424.00074005127;19.2219736;19.0698713;0.008337489;0.03883098;19.3930000
8425.00019073486;19.2005635;19.0630764;0.0610841;0.01111824;19.3930000
8426.00059509277;19.3611396;19.1251844;0.1780864;0.04675641;19.3930000
8427.00004577637;19.3968232;19.2086309;0.006014799;0.06629989;19.5670000
8428.00045013428;19.3959736;19.2343801;0.009394976;0.03973049;19.5670000
8429.00085449219;19.3745635;19.2306846;0.06179626;0.01341071;19.5670000
8430.00030517578;19.5351396;19.2967266;0.1783603;0.05013397;19.5670000
8431.00070953369;19.5708232;19.3826169;0.006016358;0.06885923;19.7410000
8432.00016021729;19.5699736;19.4084257;0.009389895;0.04064492;19.7410000
8433.0005645752;19.5485635;19.4031209;0.06197048;0.01272357;19.7410000
8434.00001525879;19.7091396;19.4674343;0.1787271;0.04875992;19.7410000
8435.0004196167;19.7448232;19.5509404;0.006648819;0.0669183;19.9160000
8436.00082397461;19.7439907;19.5734709;0.01034004;0.037948;19.9160000
8437.0002746582;19.7224575;19.5667952;0.06337215;0.01098515;19.9160000
8438.00067901611;19.8839566;19.6314662;0.1808011;0.0484127;19.9160000
8439.00012969971;19.9198452;19.7172373;0.007535008;0.06820652;20.0920000
8440.00053405762;19.9190078;19.7444767;0.01073749;0.04132878;20.0920000
8440.99998474121;19.8973516;19.7420329;0.06359689;0.01479813;20.0920000
8442.00038909912;20.0597734;19.8089689;0.1814857;0.05126305;20.0920000
8443.00079345703;20.0958672;19.8963493;0.007104794;0.07025748;20.2670000
8444.00024414063;20.0949907;19.9231118;0.01049147;0.04176996;20.2670000
8445.00064849854;20.0734575;19.9195355;0.06317825;0.01420595;20.2670000
8446.00009918213;20.2349566;19.9853986;0.1804744;0.05029144;20.2670000
8447.00050354004;20.2708452;20.0716465;0.007155164;0.06919555;20.4440000
8447.99995422363;20.2700249;20.0980514;0.01040305;0.04114493;20.4440000
8449.00035858154;20.2482456;20.0942367;0.06371398;0.01384438;20.4440000
8450.00076293945;20.4115903;20.1589674;0.1825607;0.04940922;20.4440000
8451.00021362305;20.4478892;20.2447980;0.007416987;0.06870329;20.6200000
8452.00061798096;20.4470078;20.2709049;0.01091262;0.04080524;20.6200000
8453.00006866455;20.4253516;20.2667326;0.06396461;0.01346565;20.6200000
8454.00047302246;20.5877734;20.3328937;0.1819397;0.05025893;20.6200000
8455.00087738037;20.6238672;20.4212278;0.007452585;0.07048835;20.7970000
8456.00032806396;20.6230249;20.4494804;0.01057809;0.04276273;20.7970000
8457.00073242188;20.6012456;20.4469770;0.06374291;0.01524145;20.7970000
8458.00018310547;20.7645903;20.5141514;0.1823173;0.05149727;20.7970000
8459.00058746338;20.8008892;20.6005782;0.007107225;0.06969708;20.9750000
8460.00003814697;20.8000420;20.6261486;0.01056748;0.04082678;20.9750000
8461.00044250488;20.7781396;20.6216186;0.06425689;0.013284;20.9750000
8462.00084686279;20.9424072;20.6881374;0.1836166;0.05046173;20.9750000
8463.00029754639;20.9789111;20.7755774;0.007358066;0.06996369;21.1520000
8464.0007019043;20.9780249;20.8028763;0.01075681;0.04196928;21.1520000
8465.00015258789;20.9562456;20.7998961;0.06397476;0.01469632;21.1520000
8466.0005569458;21.1195903;20.8658188;0.1826887;0.05049338;21.1520000
8467.00000762939;21.1558892;20.9509343;0.007624636;0.06858666;21.3310000
8468.0004119873;21.1550591;20.9765643;0.01103068;0.04047298;21.3310000
8469.00081634521;21.1330337;20.9728092;0.06493255;0.01358939;21.3310000
8470.00026702881;21.2982241;21.0380167;0.1851505;0.04951102;21.3310000
8471.00067138672;21.3349331;21.1217016;0.008374913;0.06734278;21.5090000
8472.00012207031;21.3340420;21.1466759;0.01206858;0.03963448;21.5090000
8473.00052642822;21.3121396;21.1439937;0.06555211;0.01410423;21.5090000
8473.99997711182;21.4764072;21.2113470;0.1848188;0.05117393;21.5090000
8475.00038146973;21.5129111;21.2986082;0.008580227;0.07022267;21.6880000
8476.00078582764;21.5120591;21.3266223;0.01180414;0.04251487;21.6880000
8477.00023651123;21.4900337;21.3239997;0.06557983;0.0150805;21.6880000
8478.00064086914;21.6552241;21.3914722;0.1855454;0.05165825;21.6880000
8479.00009155273;21.6919331;21.4776009;0.008497551;0.06957532;21.8680000
8480.00049591064;21.6910762;21.5026945;0.01208278;0.0404814;21.8680000
8480.99994659424;21.6689277;21.4982241;0.06636312;0.01328043;21.8680000
8482.00035095215;21.8350410;21.5643853;0.187187;0.05016018;21.8680000
8483.00075531006;21.8719551;21.6502160;0.009236875;0.06880641;22.0470000
8484.00020599365;21.8710591;21.6751903;0.01296645;0.0400952;22.0470000
8485.00061035156;21.8490337;21.6708988;0.06692808;0.01315414;22.0470000
8486.00006103516;22.0142241;21.7377156;0.1869667;0.05049144;22.0470000
8487.00046539307;22.0509331;21.8248576;0.009805959;0.0698469;22.2270000
8488.00086975098;22.0500762;21.8523353;0.01312555;0.04208734;22.2270000
8489.00032043457;22.0279277;21.8501895;0.0671469;0.01525621;22.2270000
8490.00072479248;22.1940410;21.9169467;0.1879044;0.05117663;22.2270000
8491.00017547607;22.2309551;22.0032543;0.009901113;0.06960783;22.4080000
8492.00057983398;22.2300933;22.0308512;0.01324334;0.04210962;22.4080000
8493.00003051758;22.2078218;22.0301956;0.06739744;0.01623221;22.4080000
8494.00043487549;22.3748579;22.0989793;0.1886414;0.05277492;22.4080000
8495.0008392334;22.4119771;22.1858829;0.009636175;0.07061768;22.5880000
8496.00028991699;22.4110762;22.2122282;0.0132489;0.04168847;22.5880000
8497.0006942749;22.3889277;22.2093075;0.06735659;0.01468221;22.5880000
8498.0001449585;22.5550410;22.2775548;0.1879481;0.05201253;22.5880000
8499.00054931641;22.5919551;22.3679751;0.009486551;0.07240102;22.7690000
8500;22.5910933;22.3987907;0.01247015;0.04500451;22.7690000
8501.00040435791;22.5688218;22.3986119;0.06657113;0.01754937;22.7690000
8502.00080871582;22.7358579;22.4688262;0.1876557;0.05435364;22.7690000
8503.00025939941;22.7729771;22.5591868;0.008265305;0.07325514;22.9510000
8504.00066375732;22.7721104;22.5869030;0.01163014;0.04341369;22.9510000
8505.00011444092;22.7497158;22.5825518;0.06649479;0.01437478;22.9510000
8506.00051879883;22.9176748;22.6499051;0.1886103;0.05146772;22.9510000
8506.99996948242;22.9549990;22.7404445;0.008264504;0.07228317;23.1330000
8508.00037384033;22.9541104;22.7713197;0.01136088;0.04500452;23.1330000
8509.00077819824;22.9317158;22.7709621;0.06578057;0.01740623;23.1330000
8510.00022888184;23.0996748;22.8398651;0.1877234;0.05346653;23.1330000
8511.00063323975;23.1369990;22.9279607;0.007649902;0.07160021;23.3150000
8512.00008392334;23.1361104;22.9550808;0.01116466;0.04253855;23.3150000
8513.00048828125;23.1137158;22.9525178;0.06583007;0.01520956;23.3150000
8513.99993896484;23.2816748;23.0193943;0.1879987;0.05127986;23.3150000
8515.00034332275;23.3189990;23.1048077;0.008224037;0.06904459;23.4970000
8516.00074768066;23.3181104;23.1304377;0.01190482;0.04062738;23.4970000
8517.00019836426;23.2957158;23.1273383;0.06663;0.01418696;23.4970000
8518.00060272217;23.4636748;23.1942147;0.1887986;0.05091145;23.4970000
8519.00005340576;23.5009990;23.2799858;0.008984117;0.06918102;23.6790000
8520.00045776367;23.5001104;23.3053773;0.01269147;0.04050382;23.6790000
8521.00086212158;23.4777158;23.3018607;0.06746313;0.01385529;23.6790000
8522.00031280518;23.6456748;23.3705252;0.1894325;0.0519869;23.6790000
8523.00071716309;23.6829990;23.4597534;0.009232845;0.07162907;23.8620000
8524.00016784668;23.6821274;23.4878272;0.01259376;0.04304766;23.8620000
8525.00057220459;23.6596099;23.4847277;0.06761775;0.01503418;23.8620000
8526.00002288818;23.8284917;23.5522002;0.1904321;0.05174089;23.8620000
8527.00042724609;23.8660210;23.6410111;0.009343484;0.07138407;24.0450000
8528.000831604;23.8651274;23.6702174;0.0126617;0.04377547;24.0450000
8529.0002822876;23.8426099;23.6696809;0.06740014;0.0169272;24.0450000
8530.00068664551;24.0114917;23.7402528;0.1898692;0.05439791;24.0450000
8531.0001373291;24.0490210;23.8305539;0.008614501;0.07319769;24.2290000
8532.00054168701;24.0481445;23.8585084;0.01202462;0.04355187;24.2290000
8532.99999237061;24.0255039;23.8543957;0.06746028;0.01451079;24.2290000
8534.00039672852;24.1953086;23.9188879;0.1913189;0.04956496;24.2290000
8535.00080108643;24.2330430;24.0029901;0.009819428;0.0676945;24.4120000
8536.00025177002;24.2321274;24.0286201;0.01361959;0.04016138;24.4120000
8537.00065612793;24.2096099;24.0267724;0.06850411;0.01481967;24.4120000
8538.00010681152;24.3784917;24.0948409;0.1912521;0.05189388;24.4120000
8539.00051116943;24.4160210;24.1822809;0.01031618;0.07061175;24.5960000
8539.99996185303;24.4151445;24.2092818;0.01383255;0.04212764;24.5960000
8541.00036621094;24.3925039;24.2073744;0.0690225;0.01549668;24.5960000
8542.00077056885;24.5623086;24.2775887;0.1922436;0.05369253;24.5960000
8543.00022125244;24.6000430;24.3700951;0.00980773;0.0743818;24.7800000
8544.00062561035;24.5991445;24.4010895;0.01296263;0.04588275;24.7800000
8545.00007629395;24.5765039;24.3995994;0.06810609;0.0170563;24.7800000
8546.00048065186;24.7463086;24.4686812;0.1914534;0.05360109;24.7800000
8546.99993133545;24.7840430;24.5602935;0.009117119;0.07384679;24.9650000
8548.00033569336;24.7831616;24.5905131;0.01231077;0.04528401;24.9650000
8549.00074005127;24.7603979;24.5886653;0.06779288;0.01660778;24.9650000
8550.00019073486;24.9311255;24.6577471;0.1918524;0.05347785;24.9650000
8551.00059509277;24.9690649;24.7481674;0.008713422;0.07301647;25.1490000
8552.00004577637;24.9681445;24.7765988;0.01223738;0.04381889;25.1490000
8553.00045013428;24.9455039;24.7734993;0.06756015;0.01527532;25.1490000
8554.00085449219;25.1153086;24.8401969;0.1911731;0.05130551;25.1490000
8555.00030517578;25.1530430;24.9289483;0.009155581;0.07131382;25.3340000
8556.00070953369;25.1521616;24.9585718;0.01241565;0.04402727;25.3340000
8557.00016021729;25.1293979;24.9588102;0.06766531;0.01748148;25.3340000
8558.0005645752;25.3001255;25.0284284;0.191665;0.05382041;25.3340000
8559.00001525879;25.3380649;25.1159876;0.008844873;0.07139394;25.5190000
8560.0004196167;25.3371616;25.1409024;0.01271307;0.04112913;25.5190000
8561.00082397461;25.3143979;25.1358956;0.06854714;0.01321517;25.5190000
8562.0002746582;25.4851255;25.2015799;0.1929852;0.04985271;25.5190000
8563.00067901611;25.5230649;25.2900928;0.01005874;0.07060245;25.7040000
8564.00012969971;25.5221616;25.3204912;0.01331597;0.04421309;25.7040000
8565.00053405762;25.4993979;25.3215045;0.0684793;0.01801102;25.7040000
8565.99998474121;25.6701255;25.3939837;0.1921602;0.05599432;25.7040000
8567.00038909912;25.7080649;25.4854172;0.008908426;0.0745822;25.8900000
8568.00079345703;25.7071787;25.5137294;0.01235052;0.04436923;25.8900000
8569.00024414063;25.6842920;25.5096167;0.06838376;0.01491224;25.8900000
8570.00064849854;25.8559424;25.5767315;0.1933746;0.05151163;25.8900000
8571.00009918213;25.8940869;25.6656617;0.009466205;0.07139903;26.0750000
8572.00050354004;25.8931616;25.6942719;0.01300615;0.04339919;26.0750000
8572.99995422363;25.8703979;25.6924242;0.06848824;0.01595885;26.0750000
8574.00035858154;26.0411255;25.7613867;0.192561;0.05305609;26.0750000
8575.00076293945;26.0790649;25.8512705;0.009481858;0.07258345;26.2610000
8576.00021362305;26.0781787;25.8801192;0.01286418;0.044005;26.2610000
8577.00061798096;26.0552920;25.8780330;0.06867163;0.01606287;26.2610000
8578.00006866455;26.2269424;25.9450882;0.1936691;0.05172457;26.2610000
8579.00047302246;26.2650869;26.0313958;0.01005292;0.06985606;26.4470000
8580.00087738037;26.2641787;26.0573238;0.01384414;0.04121253;26.4470000
8581.00032806396;26.2412920;26.0549396;0.0696848;0.01488963;26.4470000
8582.00073242188;26.4129424;26.1222929;0.1946491;0.05148325;26.4470000
8583.00018310547;26.4510869;26.2099713;0.01088014;0.07067338;26.6330000
8584.00058746338;26.4501787;26.2377470;0.01446549;0.04271222;26.6330000
8585.00003814697;26.4272920;26.2366742;0.07016004;0.01625082;26.6330000
8586.00044250488;26.5989424;26.3065308;0.1948454;0.05371109;26.6330000
8587.00084686279;26.6370869;26.3973683;0.01072449;0.07336115;26.8190000
8588.00029754639;26.6361787;26.4267534;0.01413053;0.04457304;26.8190000
8589.0007019043;26.6132920;26.4246672;0.06993798;0.01620834;26.8190000
8590.00015258789;26.7849424;26.4936894;0.1947163;0.0531917;26.8190000
8591.0005569458;26.8230869;26.5852421;0.01051571;0.07364074;27.0060000
8592.00000762939;26.8221958;26.6151041;0.01382104;0.04495433;27.0060000
8593.0004119873;26.7991860;26.6123622;0.07000034;0.01596966;27.0060000
8594.00081634521;26.9717593;26.6803115;0.1956104;0.05238498;27.0060000
8595.00026702881;27.0101089;26.7686456;0.01083293;0.07131501;27.1920000
8596.00067138672;27.0091787;26.7963618;0.01450841;0.04285444;27.1920000
8597.00012207031;26.9862920;26.7945736;0.07028266;0.01585294;27.1920000
8598.00052642822;27.1579424;26.8630594;0.1951208;0.05255986;27.1920000
8598.99997711182;27.1960869;26.9529432;0.0111061;0.07244416;27.3790000
8600.00038146973;27.1951958;26.9835800;0.01432511;0.04510019;27.3790000
8601.00078582764;27.1721860;26.9839972;0.07015242;0.01801547;27.3790000
8602.00023651123;27.3447593;27.0529002;0.1956562;0.0535894;27.3790000
8603.00064086914;27.3831089;27.1397441;0.01104479;0.07095086;27.5660000
8604.00009155273;27.3821958;27.1659702;0.01483872;0.04188541;27.5660000
8605.00049591064;27.3591860;27.1635860;0.07097816;0.01516891;27.5660000
8605.99994659424;27.5317593;27.2339195;0.1963226;0.05358245;27.5660000
8607.00035095215;27.5701089;27.3262471;0.01110017;0.07418566;27.7520000
8608.00075531006;27.5691787;27.3580760;0.01431742;0.04637802;27.7520000
8609.00020599365;27.5462920;27.3576587;0.06993893;0.01785924;27.7520000
8610.00061035156;27.7179424;27.4269789;0.1946841;0.05395027;27.7520000
8611.00006103516;27.7560869;27.5173992;0.01060963;0.07334477;27.9390000
8612.00046539307;27.7551958;27.5482744;0.01380207;0.04563394;27.9390000
8613.00086975098;27.7321860;27.5498241;0.0695032;0.01905296;27.9390000
8614.00032043457;27.9047593;27.6244491;0.1943695;0.05775126;27.9390000
8615.00072479248;27.9431089;27.7179092;0.009020882;0.07643644;28.1260000
8616.00017547607;27.9421958;27.7468174;0.01251598;0.04535376;28.1260000
8617.00057983398;27.9191860;27.7415126;0.06898083;0.0143894;28.1260000
8618.00003051758;28.0917593;27.8045147;0.1951421;0.04870075;28.1260000
8619.00043487549;28.1301089;27.8909415;0.01057713;0.06890787;28.3140000
8620.0008392334;28.1292129;27.9203862;0.01396487;0.04315501;28.3140000
8621.00028991699;28.1060801;27.9224723;0.06990504;0.01840319;28.3140000
8622.0006942749;28.2795762;27.9957264;0.1956362;0.05655196;28.3140000
8623.0001449585;28.3181309;28.0878156;0.009504914;0.07518566;28.5010000
8624.00054931641;28.3171958;28.1166643;0.01309012;0.04489446;28.5010000
8625;28.2941860;28.1130284;0.06936903;0.01533085;28.5010000
8626.00040435791;28.4667593;28.1776398;0.195351;0.0499677;28.5010000
8627.00080871582;28.5051089;28.2642454;0.0107661;0.06949413;28.6880000
8628.00025939941;28.5041958;28.2932132;0.01425456;0.04304063;28.6880000
8629.00066375732;28.4811860;28.2950610;0.06992248;0.01826704;28.6880000
8630.00011444092;28.6537593;28.3698648;0.1947688;0.05746049;28.6880000
8631.00051879883;28.6921089;28.4615963;0.00961283;0.07515772;28.8750000
8631.99996948242;28.6911958;28.4877032;0.01342004;0.04313785;28.8750000
8633.00037384033;28.6681860;28.4804910;0.0700974;0.01245662;28.8750000
8634.00077819824;28.8407593;28.5425395;0.1963649;0.04728225;28.8750000
8635.00022888184;28.8791089;28.6271780;0.01199921;0.0672553;29.0630000
8636.00063323975;28.8782129;28.6548942;0.01557953;0.04152454;29.0630000
8637.00008392334;28.8550801;28.6570400;0.07151306;0.01795946;29.0630000
8638.00048828125;29.0285762;28.7317246;0.1970849;0.05726734;29.0630000
8638.99993896484;29.0671309;28.8234561;0.0109934;0.07531466;29.2500000
8640.00034332275;29.0661958;28.8514107;0.01467822;0.04450241;29.2500000
8641.00074768066;29.0431860;28.8481325;0.07091727;0.01549707;29.2500000
8642.00019836426;29.2157593;28.9125055;0.1969258;0.04985001;29.2500000
8643.00060272217;29.2541089;28.9982766;0.01243389;0.06898535;29.4380000
8644.00005340576;29.2532129;29.0280193;0.01578843;0.04337123;29.4380000
8645.00045776367;29.2300801;29.0321916;0.07149617;0.01986864;29.4380000
8646.00086212158;29.4035762;29.1071146;0.1970414;0.05800486;29.4380000
8647.00031280518;29.4421309;29.1996807;0.01085695;0.07606579;29.6250000
8648.00071716309;29.4411958;29.2290061;0.01438905;0.04556746;29.6250000
8649.00016784668;29.4181860;29.2266220;0.07052848;0.01638153;29.6250000
8650.00057220459;29.5907593;29.2948097;0.196112;0.05266616;29.6250000
8651.00002288818;29.6291089;29.3860048;0.01101575;0.07325611;29.8130000
8652.00042724609;29.6282129;29.4184297;0.01407144;0.04645735;29.8130000
8653.000831604;29.6050801;29.4209927;0.06995848;0.019917;29.8130000
8654.0002822876;29.7785762;29.4942468;0.1956897;0.05715771;29.8130000
8655.00068664551;29.8171309;29.5874685;0.009432169;0.07627674;30.0000000
8656.0001373291;29.8161958;29.6184033;0.01278495;0.04674685;30.0000000
8657.00054168701;29.7931860;29.6167344;0.06884469;0.01725445;30.0000000
8657.99999237061;29.9657593;29.6831935;0.1946208;0.05194083;30.0000000
8659.00039672852;30.0041089;29.7721237;0.009776905;0.07152029;30.1870000
8660.00080108643;30.0031958;29.8013896;0.01323215;0.04397667;30.1870000
8661.00025177002;29.9801860;29.8013896;0.06910595;0.01724555;30.1870000
8662.00065612793;30.1527593;29.8696965;0.1946762;0.05309478;30.1870000
8663.00010681152;30.1911089;29.9574345;0.009965112;0.07116038;30.3750000
8664.00051116943;30.1902129;29.9857467;0.01347904;0.04311921;30.3750000
8664.99996185303;30.1670801;29.9837798;0.06987078;0.01559792;30.3750000
8666.00036621094;30.3405762;30.0505370;0.1963259;0.05138209;30.3750000
8667.00077056885;30.3791309;30.1355332;0.01098481;0.06885596;30.5620000
8668.00022125244;30.3781958;30.1618188;0.01485559;0.04118551;30.5620000
8669.00062561035;30.3551860;30.1600903;0.07092197;0.01517542;30.5620000
8670.00007629395;30.5277593;30.2301854;0.196293;0.05344979;30.5620000
8671.00048065186;30.5661089;30.3224534;0.01107718;0.07410095;30.7500000
8672.00088500977;30.5652129;30.3557127;0.01403991;0.04720815;30.7500000
8673.00033569336;30.5420801;30.3561896;0.07015938;0.01865486;30.7500000
8674.00074005127;30.7155762;30.4258078;0.1962957;0.05444895;30.7500000
8675.00019073486;30.7541309;30.5147379;0.01051633;0.07235151;30.9370000
8676.00059509277;30.7531958;30.5437058;0.01408826;0.04405439;30.9370000
8677.00004577637;30.7301860;30.5429309;0.07004839;0.01682796;30.9370000
8678.00045013428;30.9027593;30.6127876;0.195446;0.0538799;30.9370000
8679.00085449219;30.9411089;30.7023734;0.01052901;0.07256466;31.1250000
8680.00030517578;30.9402129;30.7309836;0.01400973;0.0437747;31.1250000
8681.00070953369;30.9170801;30.7280630;0.07050774;0.01531693;31.1250000
8682.00016021729;31.0905762;30.7954758;0.1968898;0.05176458;31.1250000
8683.0005645752;31.1291309;30.8832139;0.01124322;0.07067212;31.3120000
8684.00001525879;31.1281958;30.9134334;0.01467569;0.04419911;31.3120000
8685.0004196167;31.1051860;30.9151619;0.07035691;0.01841154;31.3120000
8686.00082397461;31.2777593;30.9853166;0.1957213;0.05445138;31.3120000
8687.0002746582;31.3161089;31.0719222;0.01113637;0.07094849;31.4990000
8688.00067901611;31.3151958;31.0991019;0.01482405;0.04242948;31.4990000
8689.00012969971;31.2921860;31.0966581;0.07097013;0.01518183;31.4990000
8690.00053405762;31.4647593;31.1637729;0.1966732;0.05138654;31.4990000
8690.99998474121;31.5031089;31.2503189;0.01209492;0.06989302;31.6860000
8692.00038909912;31.5021958;31.2798232;0.0155236;0.04351118;31.6860000
8693.00079345703;31.4791860;31.2808960;0.07127787;0.01780956;31.6860000
8694.00024414063;31.6517593;31.3533157;0.1963899;0.055903;31.6860000
8695.00064849854;31.6901089;31.4439744;0.01135338;0.07397531;31.8740000
8696.00009918213;31.6892129;31.4733594;0.01474778;0.04486414;31.8740000
8697.00050354004;31.6660801;31.4711541;0.07116609;0.01623922;31.8740000
8697.99995422363;31.8395762;31.5386265;0.1975415;0.05218197;31.8740000
8699.00035858154;31.8781309;31.6266030;0.01186837;0.07095613;32.0610000
8700.00076293945;31.8771958;31.6549748;0.01550671;0.04312597;32.0610000
8701.00021362305;31.8541860;31.6536635;0.07152662;0.01613917;32.0610000
8702.00061798096;32.0267593;31.7235201;0.1969242;0.05361261;32.0610000
8703.00006866455;32.0651089;31.8128675;0.0120338;0.07232815;32.2480000
8704.00047302246;32.0641958;31.8434447;0.01534294;0.04503041;32.2480000
8705.00087738037;32.0411860;31.8438619;0.07117026;0.01791438;32.2480000
8706.00032806396;32.2137593;31.9126457;0.1966874;0.05352206;32.2480000
8707.00073242188;32.2521089;32.0012182;0.01188331;0.07188436;32.4340000
8708.00018310547;32.2511787;32.0314377;0.01527988;0.044629;32.4340000
8709.00058746338;32.2282920;32.0325106;0.07073535;0.01816657;32.4340000
8710.00003814697;32.3999424;32.1023077;0.1954273;0.054215;32.4340000
8711.00044250488;32.4380869;32.1907609;0.01157209;0.07207747;32.6210000
8712.00084686279;32.4371958;32.2203845;0.01490398;0.04433768;32.6210000
8713.00029754639;32.4141860;32.2203845;0.07077777;0.01746863;32.6210000
8714.0007019043;32.5867593;32.2908967;0.1961023;0.0546037;32.6210000
8715.00015258789;32.6251089;32.3819130;0.01102597;0.07369245;32.8080000
8716.0005569458;32.6241958;32.4127882;0.01430191;0.04558588;32.8080000
8717.00000762939;32.6011860;32.4125498;0.07020228;0.01771879;32.8080000
8718.0004119873;32.7737593;32.4823469;0.1956065;0.0542117;32.8080000
8719.00081634521;32.8121089;32.5723499;0.01064304;0.0728915;32.9940000
8720.00026702881;32.8111787;32.6009005;0.01422555;0.04391212;32.9940000
8721.00067138672;32.7882920;32.5976223;0.07016582;0.01520864;32.9940000
8722.00012207031;32.9599424;32.6649755;0.1951301;0.05177424;32.9940000
8723.00052642822;32.9980869;32.7524155;0.01138773;0.07039847;33.1810000
8723.99997711182;32.9971958;32.7808469;0.01485246;0.04290613;33.1810000
8725.00038146973;32.9741860;32.7796548;0.07085907;0.01608404;33.1810000
8726.00078582764;33.1467593;32.8470081;0.1965356;0.05188927;33.1810000
8727.00023651123;33.1851089;32.9331964;0.01199716;0.06978473;33.3670000
8728.00064086914;33.1841787;32.9611510;0.01564607;0.04250397;33.3670000
8729.00009155273;33.1612920;32.9612106;0.07121445;0.01681994;33.3670000
8730.00049591064;33.3329424;33.0301136;0.1960061;0.05303741;33.3670000
8730.99994659424;33.3710869;33.1152290;0.01252269;0.06952506;33.5530000
8732.00035095215;33.3701787;33.1413954;0.01628735;0.04128135;33.5530000
8733.00075531006;33.3472920;33.1396669;0.07205495;0.01525489;33.5530000
8734.00020599365;33.5189424;33.2089275;0.1968067;0.05289558;33.5530000
8735.00061035156;33.5570869;33.2994669;0.01271902;0.0728752;33.7390000
8736.00006103516;33.5561787;33.3314150;0.01583949;0.04602314;33.7390000
8737.00046539307;33.5332920;33.3327263;0.07126841;0.01886687;33.7390000
8738.00086975098;33.7049424;33.4047287;0.1957147;0.05600048;33.7390000
8739.00032043457;33.7430869;33.4964007;0.0115008;0.07460429;33.9250000
8740.00072479248;33.7421787;33.5266799;0.01480722;0.04565179;33.9250000
8741.00017547607;33.7192920;33.5252493;0.07054164;0.01698847;33.9250000
8742.00057983398;33.8909424;33.5937947;0.1953731;0.05315996;33.9250000
8743.00003051758;33.9290869;33.6843341;0.01128539;0.07287828;34.1100000
8744.00043487549;33.9281616;33.7160438;0.01448;0.04594276;34.1100000
8745.0008392334;33.9053979;33.7174743;0.06959683;0.0188352;34.1100000
8746.00028991699;34.0761255;33.7887019;0.1934172;0.05551795;34.1100000
8747.0006942749;34.1140649;33.8797182;0.0102119;0.07405989;34.2960000
8748.0001449585;34.1131787;33.9100569;0.01342821;0.04545834;34.2960000
8749.00054931641;34.0902920;33.9090436;0.06911612;0.01711565;34.2960000
8750;34.2619424;33.9765757;0.1940605;0.05243222;34.2960000
8751.00040435791;34.3000869;34.0639561;0.01032474;0.07069793;34.4810000
8752.00080871582;34.2991616;34.0925663;0.01386469;0.04317969;34.4810000
8753.00025939941;34.2763979;34.0921491;0.0691874;0.01674632;34.4810000
8754.00066375732;34.4471255;34.1605156;0.1933266;0.05278597;34.4810000
8755.00011444092;34.4850649;34.2479557;0.01051969;0.07088552;34.6660000
8756.00051879883;34.4841616;34.2754930;0.0140957;0.04262484;34.6660000
8756.99996948242;34.4613979;34.2740029;0.06953794;0.01588001;34.6660000
8758.00037384033;34.6321255;34.3433231;0.1935709;0.05316042;34.6660000
8759.00077819824;34.6700649;34.4326705;0.01055147;0.07206523;34.8510000
8760.00022888184;34.6691616;34.4611019;0.01402785;0.04354413;34.8510000
8761.00063323975;34.6463979;34.4588369;0.06955644;0.01570038;34.8510000
8762.00008392334;34.8171255;34.5263690;0.1937886;0.05201488;34.8510000
8763.00048828125;34.8550649;34.6153587;0.01080904;0.07152649;35.0350000
8764.00089263916;34.8541445;34.6449822;0.01420018;0.04416315;35.0350000
8765.00034332275;34.8315039;34.6446842;0.06921082;0.01712763;35.0350000
8766.00074768066;35.0013086;34.7150773;0.192412;0.0544285;35.0350000
8767.00019836426;35.0390430;34.8076433;0.009969486;0.07470209;35.2200000
8768.00060272217;35.0381616;34.8411411;0.01279789;0.04769712;35.2200000
8769.00005340576;35.0153979;34.8429292;0.06787489;0.01967045;35.2200000
8770.00045776367;35.1861255;34.9120110;0.1919344;0.05436724;35.2200000
8771.00086212158;35.2240649;35.0007623;0.008981392;0.07234747;35.4040000
8772.00031280518;35.2231445;35.0297898;0.01243894;0.04403516;35.4040000
8773.00071716309;35.2005039;35.0278824;0.06762889;0.01603915;35.4040000
8774.00016784668;35.3703086;35.0939244;0.1913149;0.05109212;35.4040000
8775.00057220459;35.4080430;35.1802915;0.009563012;0.0696495;35.5880000
8776.00002288818;35.4071445;35.2088421;0.0129902;0.04285451;35.5880000
8777.00042724609;35.3845039;35.2087229;0.06798092;0.01675277;35.5880000
8778.000831604;35.5543086;35.2789968;0.1911954;0.0541556;35.5880000
8779.0002822876;35.5920430;35.3708476;0.008832546;0.07412563;35.7710000
8780.00068664551;35.5911274;35.4020208;0.0120151;0.04599349;35.7710000
8781.0001373291;35.5686099;35.3998750;0.06693283;0.01651333;35.7710000
8782.00054168701;35.7374917;35.4654401;0.1899597;0.05103338;35.7710000
8782.99999237061;35.7750210;35.5509728;0.009236334;0.06905198;35.9550000
8784.00039672852;35.7741445;35.5766028;0.01290544;0.0408215;35.9550000
8785.00080108643;35.7515039;35.5722517;0.06836767;0.01333704;35.9550000
8786.00025177002;35.9213086;35.6381148;0.1920736;0.05016045;35.9550000
8787.00065612793;35.9590430;35.7260316;0.01014906;0.07018307;36.1380000
8788.00010681152;35.9581274;35.7556551;0.01350428;0.04366465;36.1380000
8789.00051116943;35.9356099;35.7552379;0.06822941;0.01679767;36.1380000
8789.99996185303;36.1044917;35.8238429;0.1909176;0.0530767;36.1380000
8791.00036621094;36.1420210;35.9142631;0.00964966;0.07291553;36.3210000
8792.00077056885;36.1411274;35.9459132;0.0126956;0.04591988;36.3210000
8793.00022125244;36.1186099;35.9462708;0.06733441;0.01808504;36.3210000
8794.00062561035;36.2874917;36.0143989;0.1900758;0.05322985;36.3210000
8795.00007629395;36.3250210;36.1025542;0.009060137;0.07156291;36.5030000
8796.00048065186;36.3241104;36.1314028;0.0124658;0.04370573;36.5030000
8797.00088500977;36.3017158;36.1299127;0.06701167;0.01612789;36.5030000
8798.00033569336;36.4696748;36.1961931;0.1892467;0.05136614;36.5030000
8799.00074005127;36.5069990;36.2843483;0.009166563;0.07087635;36.6850000
8800.00019073486;36.5061104;36.3139122;0.01240904;0.04385788;36.6850000
8801.00059509277;36.4837158;36.3128394;0.06690842;0.01641471;36.6850000
8802.00004577637;36.6516748;36.3812059;0.188911;0.05286633;36.6850000
8803.00045013428;36.6889990;36.4705533;0.008698052;0.07207996;36.8670000
8804.00085449219;36.6881104;36.5002364;0.01192725;0.04436928;36.8670000
8805.00030517578;36.6657158;36.4987463;0.06647312;0.01634791;36.8670000
8806.00070953369;36.8336748;36.5664571;0.1885487;0.05239538;36.8670000
8807.00016021729;36.8709990;36.6559237;0.008322529;0.07203177;37.0490000
8808.0005645752;36.8701104;36.6848320;0.01163805;0.0438326;37.0490000
8809.00001525879;36.8477158;36.6821497;0.06631675;0.0154179;37.0490000
8810.0004196167;37.0156748;36.7484301;0.1885518;0.05109093;37.0490000
8811.00082397461;37.0529990;36.8359893;0.008538056;0.07038122;37.2310000
8812.0002746582;37.0521104;36.8651956;0.01182038;0.04350292;37.2310000
8813.00067901611;37.0297158;36.8649572;0.06622679;0.01687282;37.2310000
8814.00012969971;37.1976748;36.9321316;0.1883622;0.05209492;37.2310000
8815.00053405762;37.2349990;37.0195120;0.008368401;0.07065985;37.4120000
8815.99998474121;37.2340933;37.0468110;0.0119108;0.0423603;37.4120000
8817.00038909912;37.2118218;37.0438903;0.06631728;0.01474814;37.4120000
8818.00079345703;37.3788579;37.1086210;0.1880128;0.04979955;37.4120000
8819.00024414063;37.4159771;37.1945709;0.00911385;0.06897204;37.5920000
8820.00064849854;37.4150762;37.2225255;0.01254728;0.0421933;37.5920000
8821.00009918213;37.3929277;37.2219890;0.06638931;0.01616674;37.5920000
8822.00050354004;37.5590410;37.2910112;0.1868945;0.0531661;37.5920000
8822.99995422363;37.5959551;37.3816699;0.008406379;0.07306655;37.7730000
8824.00035858154;37.5950933;37.4120086;0.01144312;0.04505796;37.7730000
8825.00076293945;37.5728218;37.4098629;0.06576324;0.01615541;37.7730000
8826.00021362305;37.7398579;37.4761432;0.1872861;0.05133975;37.7730000
8827.00061798096;37.7769771;37.5623315;0.008360602;0.06964572;37.9530000
8828.00006866455;37.7760762;37.5882596;0.01201981;0.04118275;37.9530000
8829.00047302246;37.7539277;37.5833720;0.06634665;0.01318755;37.9530000
8830.00087738037;37.9200410;37.6485795;0.1872768;0.04965475;37.9530000
8831.00032806396;37.9569551;37.7353638;0.009220407;0.0693479;38.1320000
8832.00073242188;37.9560591;37.7637952;0.0125648;0.0425583;38.1320000
8833.00018310547;37.9340337;37.7624839;0.06619439;0.01580863;38.1320000
8834.00058746338;38.0992241;37.8293007;0.186233;0.05150163;38.1320000
8835.00003814697;38.1359331;37.9173964;0.008966006;0.07095873;38.3120000
8836.00044250488;38.1350762;37.9463643;0.01211956;0.0435344;38.3120000
8837.00084686279;38.1129277;37.9449934;0.06605457;0.01621087;38.3120000
8838.00029754639;38.2790410;38.0121082;0.1867722;0.0518835;38.3120000
8839.0007019043;38.3159551;38.0993694;0.008662696;0.07058492;38.4910000
8840.00015258789;38.3150591;38.1280988;0.01197388;0.04324102;38.4910000
8841.0005569458;38.2930337;38.1270855;0.06557027;0.01628738;38.4910000
8842.00000762939;38.4582241;38.1943196;0.1855624;0.05205024;38.4910000
8843.0004119873;38.4949331;38.2824749;0.008288754;0.07110181;38.6690000
8844.00081634521;38.4940420;38.3106082;0.01163045;0.04295064;38.6690000
8845.00026702881;38.4721396;38.3071512;0.06520031;0.01462261;38.6690000
8846.00067138672;38.6364072;38.3738488;0.1845401;0.05113491;38.6690000
8847.00012207031;38.6729111;38.4614676;0.008261641;0.07043631;38.8480000
8848.00052642822;38.6720591;38.4898394;0.0114457;0.04289502;38.8480000
8848.99997711182;38.6500337;38.4870976;0.06523467;0.01508436;38.8480000
8850.00038146973;38.8152241;38.5537952;0.1852866;0.0512845;38.8480000
8851.00078582764;38.8519331;38.6412948;0.008085985;0.07040133;39.0250000
8852.00023651123;38.8510249;38.6688322;0.01154165;0.04234564;39.0250000
8853.00064086914;38.8292456;38.6653751;0.06481273;0.01437372;39.0250000
8854.00009155273;38.9925903;38.7310594;0.1835532;0.05030222;39.0250000
8855.00049591064;39.0288892;38.8186186;0.0082169;0.07018633;39.2030000
8855.99994659424;39.0280420;38.8478249;0.01127205;0.04339353;39.2030000
8857.00035095215;39.0061396;38.8463348;0.06462276;0.01602707;39.2030000
8858.00075531006;39.1704072;38.9120787;0.1840688;0.05084496;39.2030000
8859.00020599365;39.2069111;38.9976710;0.008016142;0.0691523;39.3800000
8860.00061035156;39.2060249;39.0243739;0.0114813;0.04147141;39.3800000
8861.00006103516;39.1842456;39.0210360;0.06473909;0.01418149;39.3800000
8862.00046539307;39.3475903;39.0860051;0.1835592;0.04971593;39.3800000
8863.00086975098;39.3838892;39.1720742;0.008388973;0.06904721;39.5560000
8864.00032043457;39.3830078;39.2004460;0.01163225;0.04246491;39.5560000
8865.00072479248;39.3613516;39.1990155;0.06437875;0.01570952;39.5560000
8866.00017547607;39.5237734;39.2661899;0.182241;0.05168735;39.5560000
8867.00057983398;39.5598672;39.3535703;0.007860092;0.07044254;39.7330000
8868.00003051758;39.5590249;39.3814057;0.01103208;0.04252655;39.7330000
8869.00043487549;39.5372456;39.3774122;0.06436293;0.01407603;39.7330000
8870.0008392334;39.7005903;39.4423812;0.1831831;0.04969472;39.7330000
8871.00028991699;39.7368892;39.5262450;0.008258524;0.06750907;39.9080000
8872.0006942749;39.7359907;39.5499080;0.01207402;0.03899651;39.9080000
8873.0001449585;39.7144575;39.5444244;0.06497331;0.01198613;39.9080000
8874.00054931641;39.8759566;39.6085590;0.1824621;0.04843343;39.9080000
8875;39.9118452;39.6934360;0.00929555;0.06762105;40.0840000
8876.00040435791;39.9110078;39.7194832;0.01263087;0.04042063;40.0840000
8877.00080871582;39.8893516;39.7160262;0.06560315;0.01368314;40.0840000
8878.00025939941;40.0517734;39.7821277;0.1835849;0.05032878;40.0840000
8879.00066375732;40.0878672;39.8695081;0.009204034;0.06998304;40.2590000
8880.00011444092;40.0869907;39.8978203;0.01241805;0.04275646;40.2590000
8881.00051879883;40.0654575;39.8957938;0.06493215;0.01540246;40.2590000
8881.99996948242;40.2269566;39.9618953;0.1822017;0.05091562;40.2590000
8883.00037384033;40.2628452;40.0486797;0.008822727;0.06987135;40.4330000
8884.00077819824;40.2619736;40.0772899;0.01196763;0.04289367;40.4330000
8885.00022888184;40.2405635;40.0763958;0.06405678;0.01617099;40.4330000
8886.00063323975;40.4011396;40.1435703;0.1804946;0.0518288;40.4330000
8887.00008392334;40.4368232;40.2308315;0.007997963;0.07046477;40.6070000
8888.00048828125;40.4359736;40.2589649;0.0111125;0.04280084;40.6070000
8889.00089263916;40.4145635;40.2564019;0.0633876;0.01510871;40.6070000
8890.00034332275;40.5751396;40.3228611;0.1799051;0.05111544;40.6070000
8891.00074768066;40.6108232;40.4107779;0.007335431;0.07053494;40.7810000
8892.00019836426;40.6099736;40.4387325;0.01046989;0.04268083;40.7810000
8893.00060272217;40.5885635;40.4356330;0.06280476;0.01475185;40.7810000
8894.00005340576;40.7491396;40.5011981;0.1794219;0.05035207;40.7810000
8895.00045776367;40.7848232;40.5871480;0.007071358;0.06906165;40.9540000
8896.00086212158;40.7839565;40.6142682;0.01034636;0.0416996;40.9540000
8897.00031280518;40.7626694;40.6118244;0.06230938;0.01480062;40.9540000
8898.00071716309;40.9223228;40.6794160;0.1779885;0.05174811;40.9540000
8899.00016784668;40.9578013;40.7682866;0.006248076;0.07125288;41.1260000
8900.00057220459;40.9569395;40.7965988;0.00935435;0.04309316;41.1260000
8901.00002288818;40.9357754;40.7925457;0.06119788;0.01423659;41.1260000
8902.00042724609;41.0945059;40.8556074;0.1766696;0.04861375;41.1260000
8903.000831604;41.1297793;40.9401864;0.006342725;0.0676607;41.2980000
8904.0002822876;41.1289395;40.9672469;0.009504975;0.04106705;41.2980000
8905.00068664551;41.1077754;40.9636706;0.06129538;0.01379279;41.2980000
8906.0001373291;41.2665059;41.0280436;0.176621;0.04924878;41.2980000
8907.00054168701;41.3017793;41.1134571;0.006201147;0.06837251;41.4700000
8907.99999237061;41.3009395;41.1414712;0.00925715;0.04193753;41.4700000
8909.00039672852;41.2797754;41.1389678;0.06092802;0.01479415;41.4700000
8910.00080108643;41.4385059;41.2039369;0.1761872;0.04996744;41.4700000
8911.00025177002;41.4737793;41.2890523;0.005800578;0.0684438;41.6410000
8912.00065612793;41.4729224;41.3165897;0.008957267;0.04163835;41.6410000
8913.00010681152;41.4518813;41.3140267;0.06033598;0.01466693;41.6410000
8914.00051116943;41.6096890;41.3806647;0.174697;0.05099312;41.6410000
8914.99996185303;41.6447573;41.4652437;0.005305648;0.06832221;41.8110000
8916.00036621094;41.6439053;41.4881319;0.008944431;0.03868525;41.8110000
8917.00077056885;41.6229873;41.4791912;0.06073495;0.009683417;41.8110000
8918.00022125244;41.7798721;41.5390938;0.1751342;0.04489049;41.8110000
8919.00062561035;41.8147354;41.6200965;0.007076813;0.06397666;41.9810000
8920.00007629395;41.8139053;41.6449517;0.01041294;0.03839447;41.9810000
8921.00048065186;41.7929873;41.6417926;0.06155928;0.01318519;41.9810000
8922.00088500977;41.9498721;41.7089075;0.1751549;0.05072811;41.9810000
8923.00033569336;41.9847354;41.7970031;0.006307296;0.07048712;42.1510000
8924.00074005127;41.9839053;41.8255538;0.009231675;0.04295888;42.1510000
8925.00019073486;41.9629873;41.8219775;0.06042451;0.01451978;42.1510000
8926.00059509277;42.1198721;41.8848008;0.1744983;0.04848835;42.1510000
8927.00004577637;42.1547354;41.9683069;0.006162029;0.06696551;42.3200000
8928.00045013428;42.1538882;41.9945925;0.009386355;0.04039365;42.3200000
8929.00085449219;42.1330933;41.9915527;0.06022062;0.01399234;42.3200000
8930.00030517578;42.2890552;42.0565217;0.1733432;0.04968415;42.3200000
8931.00070953369;42.3237134;42.1412796;0.00580289;0.06817856;42.4880000
8932.00016021729;42.3228711;42.1682209;0.008918244;0.04118066;42.4880000
8933.0005645752;42.3021992;42.1650022;0.05947365;0.01413874;42.4880000
8934.00001525879;42.4572383;42.2288984;0.1720036;0.04906628;42.4880000
8935.0004196167;42.4916914;42.3136562;0.005398744;0.06785999;42.6560000
8936.00082397461;42.4908711;42.3405379;0.008437255;0.04098281;42.6560000
8937.0002746582;42.4701992;42.3372596;0.0589993;0.01403597;42.6560000
8938.00067901611;42.6252383;42.4033016;0.1712901;0.05043881;42.6560000
8939.00012969971;42.6596914;42.4909204;0.00436655;0.07010351;42.8240000
8940.00053405762;42.6588711;42.5192326;0.007245678;0.04270809;42.8240000
8940.99998474121;42.6381992;42.5151199;0.05790069;0.01409545;42.8240000
8942.00038909912;42.7932383;42.5785988;0.1704771;0.04883137;42.8240000
8943.00079345703;42.8276914;42.6627606;0.003938683;0.06737048;42.9910000
8944.00024414063;42.8268540;42.6871985;0.007297051;0.03934329;42.9910000
8945.00064849854;42.8063052;42.6808804;0.057899;0.01156007;42.9910000
8946.00009918213;42.9604214;42.7432269;0.1698894;0.04719073;42.9910000
8947.00050354004;42.9946694;42.8269714;0.004332933;0.06663427;43.1570000
8947.99995422363;42.9938369;42.8533166;0.007442886;0.04031605;43.1570000
8949.00035858154;42.9734111;42.8493827;0.05748039;0.01334076;43.1570000
8950.00076293945;43.1266045;42.9124444;0.1686789;0.04825305;43.1570000
8951.00021362305;43.1606475;42.9972619;0.003938396;0.06770843;43.3220000
8952.00061798096;43.1598198;43.0249184;0.00686632;0.04146521;43.3220000
8953.00006866455;43.1395171;43.0218786;0.05650543;0.0142714;43.3220000
8954.00047302246;43.2917876;43.0849403;0.1669917;0.04849992;43.3220000
8955.00087738037;43.3256255;43.1671351;0.003478927;0.0661368;43.4880000
8956.00032806396;43.3248369;43.1912154;0.006674238;0.03871828;43.4880000
8957.00073242188;43.3044111;43.1848377;0.05698403;0.01126585;43.4880000
8958.00018310547;43.4576045;43.2457536;0.1684216;0.04617248;43.4880000
8959.00058746338;43.4916475;43.3272928;0.004046372;0.06478196;43.6520000
8960.00003814697;43.4908027;43.3511346;0.007446893;0.03801505;43.6520000
8961.00044250488;43.4706230;43.3450550;0.05712589;0.01116064;43.6520000
8962.00084686279;43.6219707;43.4072226;0.1669996;0.04683059;43.6520000
8963.00029754639;43.6556035;43.4888214;0.004488701;0.06503275;43.8160000
8964.0007019043;43.6548027;43.5112923;0.007874993;0.03732132;43.8160000
8965.00015258789;43.6346230;43.5037225;0.05772003;0.0100264;43.8160000
8966.0005569458;43.7859707;43.5652941;0.1676602;0.04610221;43.8160000
8967.00000762939;43.8196035;43.6482638;0.004996499;0.06566587;43.9790000
8968.0004119873;43.8187856;43.6735958;0.008111586;0.03929543;43.9790000
8969.00081634521;43.7987290;43.6688870;0.05733906;0.01246643;43.9790000
8970.00026702881;43.9491538;43.7320679;0.1663877;0.04793145;43.9790000
8971.00067138672;43.9825815;43.8133091;0.004852098;0.06525115;44.1420000
8972.00012207031;43.9817856;43.8354224;0.008242325;0.0371753;44.1420000
8973.00052642822;43.9617290;43.8272565;0.05785499;0.009582255;44.1420000
8973.99997711182;44.1121538;43.8868016;0.1673087;0.04459945;44.1420000
8975.00038146973;44.1455815;43.9679235;0.005786401;0.06408735;44.3040000
8976.00078582764;44.1447686;43.9934939;0.008839029;0.03889269;44.3040000
8977.00023651123;44.1248350;43.9902156;0.05760833;0.01318104;44.3040000
8978.00064086914;44.2743369;44.0541118;0.165865;0.04860865;44.3040000
8979.00009155273;44.3075596;44.1376775;0.00500597;0.06704245;44.4660000
8980.00049591064;44.3067686;44.1636055;0.007935255;0.04018963;44.4660000
8981.00090026855;44.2868350;44.1590756;0.05684401;0.0129055;44.4660000
8982.00035095215;44.4363369;44.2218989;0.1652203;0.04788635;44.4660000
8983.00075531006;44.4695596;44.3051666;0.004394389;0.06654718;44.6260000
8984.00020599365;44.4687344;44.3301409;0.007525081;0.03941135;44.6260000
8985.00061035156;44.4490469;44.3242401;0.055989;0.01176869;44.6260000
8986.00006103516;44.5967031;44.3860501;0.1630538;0.04684788;44.6260000
8987.00046539307;44.6295156;44.4681257;0.004231666;0.06542344;44.7870000
8988.00086975098;44.6287515;44.4918483;0.00728727;0.03827384;44.7870000
8989.00032043457;44.6089409;44.4848746;0.05616952;0.01071465;44.7870000
8990.00072479248;44.7575200;44.5460289;0.1640195;0.04608544;44.7870000
8991.00017547607;44.7905376;44.6277469;0.004301804;0.06495754;44.9460000
8992.00057983398;44.7897173;44.6515292;0.00752939;0.03812855;44.9460000
8993.00003051758;44.7701528;44.6449727;0.05576757;0.01089563;44.9460000
8994.00043487549;44.9168862;44.7064847;0.1621533;0.04632385;44.9460000
8995.0008392334;44.9494936;44.7873682;0.004399547;0.06449146;45.1050000
8996.00028991699;44.9487173;44.8101967;0.007566436;0.03732556;45.1050000
8997.0006942749;44.9291528;44.8029846;0.05587766;0.01019045;45.1050000
8998.0001449585;45.0758862;44.8631853;0.1624095;0.04520437;45.1050000
8999.00054931641;45.1084936;44.9452013;0.004529562;0.06483705;45.2630000
9000;45.1077002;44.9710697;0.007405327;0.03928246;45.2630000
9001.00040435791;45.0882588;44.9664801;0.05512557;0.01245284;45.2630000
9002.00080871582;45.2340693;45.0287074;0.1607195;0.0473662;45.2630000
9003.00025939941;45.2664717;45.1134652;0.003469484;0.06737293;45.4210000
9004.00066375732;45.2657002;45.1412409;0.00604924;0.04136761;45.4210000
9005.00011444092;45.2462588;45.1373070;0.05369643;0.01359985;45.4210000
9006.00051879883;45.3920693;45.1986402;0.1593899;0.04720853;45.4210000
9006.99996948242;45.4244717;45.2802390;0.002491929;0.06528559;45.5780000
9008.00037384033;45.4236831;45.3028887;0.005690386;0.03743245;45.5780000
9009.00077819824;45.4043647;45.2943057;0.05355677;0.009283067;45.5780000
9010.00022888184;45.5492524;45.3527778;0.1588569;0.04383744;45.5780000
9011.00063323975;45.5814497;45.4313963;0.003226396;0.06209189;45.7340000
9012.00008392334;45.5806660;45.4514831;0.00667449;0.03471372;45.7340000
9013.00048828125;45.5614707;45.4418273;0.05436162;0.007647924;45.7340000
9014.00089263916;45.7054356;45.4997033;0.1590159;0.04285212;45.7340000
9015.00034332275;45.7374277;45.5793351;0.004208039;0.06251641;45.8900000
9016.00074768066;45.7366660;45.6024617;0.007233962;0.03678748;45.8900000
9017.00019836426;45.7174707;45.5960244;0.0545625;0.01040013;45.8900000
9018.00060272217;45.8614356;45.6568807;0.1588847;0.04575218;45.8900000
9019.00005340576;45.8934277;45.7375854;0.003957316;0.0641367;46.0450000
9020.00045776367;45.8926489;45.7596987;0.007143713;0.03668983;46.0450000
9021.00086212158;45.8735767;45.7518905;0.0543262;0.009529535;46.0450000
9022.00031280518;46.0166186;45.8110779;0.1581222;0.04429344;46.0450000
9023.00071716309;46.0484058;45.8920210;0.004103695;0.06389563;46.1990000
9024.00016784668;46.0476318;45.9163993;0.007001812;0.03804426;46.1990000
9025.00057220459;46.0286826;45.9112137;0.0535933;0.01163162;46.1990000
9026.00002288818;46.1708018;45.9726661;0.1564247;0.04651647;46.1990000
9027.00042724609;46.2023838;46.0575431;0.00290342;0.06718221;46.3530000
9028.000831604;46.2016318;46.0865706;0.005200044;0.04206648;46.3530000
9029.0002822876;46.1826826;46.0841268;0.05148605;0.01476549;46.3530000
9030.00068664551;46.3248018;46.1463541;0.1542312;0.04817721;46.3530000
9031.0001373291;46.3563838;46.2284893;0.001015316;0.06603824;46.5050000
9032.00054168701;46.3555977;46.2508410;0.0041509;0.03746316;46.5050000
9032.99999237061;46.3368945;46.2408871;0.05067607;0.008462286;46.5050000
9034.00039672852;46.4771680;46.2973326;0.152641;0.04235176;46.5050000
9035.00080108643;46.5083398;46.3765472;0.001621508;0.06209692;46.6580000
9036.00025177002;46.5076147;46.3987201;0.004562456;0.03590672;46.6580000
9037.00065612793;46.4887886;46.3898391;0.05126689;0.008484771;46.6580000
9038.00010681152;46.6299849;46.4480132;0.1537514;0.04333476;46.6580000
9039.00051116943;46.6613618;46.5271681;0.001803098;0.06240856;46.8090000
9039.99996185303;46.6605806;46.5488046;0.004982453;0.03574419;46.8090000
9041.00036621094;46.6420005;46.5406388;0.05100961;0.008980583;46.8090000
9042.00077056885;46.7813511;46.6008395;0.1518439;0.04489068;46.8090000
9043.00022125244;46.8123179;46.6840476;0.001314996;0.06551798;46.9600000
9044.00062561035;46.8115806;46.7088431;0.003975406;0.03869313;46.9600000
9045.00007629395;46.7930005;46.7003197;0.05004241;0.009723175;46.9600000
9046.00048065186;46.9323511;46.7569440;0.1512752;0.04288456;46.9600000
9047.00088500977;46.9633179;46.8346089;0.001363874;0.06132331;47.1100000
9048.00033569336;46.9625635;46.8548149;0.004583209;0.03441913;47.1100000
9049.00074005127;46.9441064;46.8453378;0.05045768;0.0077048;47.1100000
9050.00019073486;47.0825342;46.9019621;0.1509783;0.04208701;47.1100000
9051.00059509277;47.1132959;46.9818920;0.001750074;0.06252003;47.2590000
9052.00004577637;47.1125464;47.0057338;0.004528401;0.03708158;47.2590000
9053.00045013428;47.0942124;46.9990581;0.04979196;0.01023642;47.2590000
9054.00085449219;47.2317173;47.0565170;0.1495074;0.0435398;47.2590000
9055.00030517578;47.2622739;47.1353143;0.001340842;0.06234694;47.4070000
9056.00070953369;47.2615293;47.1574872;0.004269199;0.03603304;47.4070000
9057.00016021729;47.2433184;47.1496790;0.04936015;0.009266466;47.4070000
9058.0005645752;47.3799004;47.2077340;0.1482969;0.04356425;47.4070000
9059.00001525879;47.4102520;47.2886175;0.0008334676;0.06362765;47.5550000
9060.0004196167;47.4095293;47.3128766;0.00344589;0.03772206;47.5550000
9061.00082397461;47.3913184;47.3053069;0.04851027;0.009905579;47.5550000
9062.0002746582;47.5279004;47.3622888;0.1475666;0.04323708;47.5550000
9063.00067901611;47.5582520;47.4406689;0.0003820695;0.06191469;47.7020000
9064.00012969971;47.5575122;47.4606961;0.003513574;0.03448277;47.7020000
9065.00053405762;47.5394243;47.4496693;0.04866434;0.006721212;47.7020000
9065.99998474121;47.6750835;47.5058168;0.1471015;0.04141328;47.7020000
9067.00038909912;47.7052300;47.5831240;0.0009719348;0.06052687;47.8480000
9068.00079345703;47.7044951;47.6035684;0.004021046;0.03429195;47.8480000
9069.00024414063;47.6865303;47.5943298;0.04867379;0.007733636;47.8480000
9070.00064849854;47.8212666;47.6515502;0.1462792;0.0425016;47.8480000
9071.00009918213;47.8512080;47.7313608;0.000806205;0.06251118;47.9940000
9072.00050354004;47.8504951;47.7544874;0.003472983;0.03662613;47.9940000
9072.99995422363;47.8325303;47.7473944;0.04788667;0.009934785;47.9940000
9074.00035858154;47.9672666;47.8064626;0.1452862;0.04445638;47.9940000
9075.00076293945;47.9972080;47.8860348;-0.0001602313;0.0630917;48.1390000
9076.00021362305;47.9964780;47.9075521;0.002733427;0.03586683;48.1390000
9077.00061798096;47.9786362;47.8979559;0.04712722;0.008038071;48.1390000
9078.00006866455;48.1124497;47.9527324;0.1442927;0.04104922;48.1390000
9079.00047302246;48.1421860;48.0311125;-8.539855E-05;0.06122979;48.2830000
9080.00087738037;48.1414609;48.0551332;0.00249342;0.0367535;48.2830000
9081.00032806396;48.1237422;48.0488151;0.04622319;0.01035067;48.2830000
9082.00073242188;48.2566328;48.1067508;0.1423245;0.04387329;48.2830000
9083.00018310547;48.2861641;48.1859058;-0.001204466;0.06268739;48.4260000
9084.00058746338;48.2854438;48.2076615;0.001590792;0.03587992;48.4260000
9085.00003814697;48.2678481;48.1980056;0.04539365;0.008010418;48.4260000
9086.00044250488;48.3998159;48.2529014;0.1411214;0.04112385;48.4260000
9087.00084686279;48.4291421;48.3292550;-0.001159891;0.05988811;48.5680000
9088.00029754639;48.4284268;48.3495205;0.001765504;0.03388294;48.5680000
9089.0007019043;48.4109541;48.3395667;0.04530276;0.007071662;48.5680000
9090.00015258789;48.5419990;48.3952373;0.140232;0.04134404;48.5680000
9091.0005569458;48.5711201;48.4733790;-0.001313051;0.0610586;48.7100000
9092.00000762939;48.5704268;48.4944790;0.001435876;0.03484875;48.7100000
9093.0004119873;48.5529541;48.4843463;0.04499307;0.007317991;48.7100000
9094.00081634521;48.6839990;48.5399574;0.139929;0.04134384;48.7100000
9095.00026702881;48.7131201;48.6164897;-0.001436803;0.06004174;48.8510000
9096.00067138672;48.7124097;48.6366957;0.001459305;0.03392556;48.8510000
9097.00012207031;48.6950601;48.6266822;0.04470443;0.007031405;48.8510000
9098.00052642822;48.8251821;48.6819952;0.1389613;0.04106523;48.8510000
9098.99997711182;48.8540982;48.7594813;-0.001575202;0.06053611;48.9910000
9100.00038146973;48.8533926;48.7807601;0.001165451;0.03480168;48.9910000
9101.00078582764;48.8361660;48.7714619;0.04403209;0.007862584;48.9910000
9102.00023651123;48.9653652;48.8267749;0.1375768;0.0413142;48.9910000
9103.00064086914;48.9940762;48.9031881;-0.001904721;0.06000391;49.1300000
9104.00009155273;48.9933755;48.9239901;0.0008531469;0.03429071;49.1300000
9105.00049591064;48.9762720;48.9148707;0.04340108;0.007704194;49.1300000
9106.00090026855;49.1045484;48.9691108;0.1363532;0.04056747;49.1300000
9107.00035095215;49.1330542;49.0456432;-0.002206196;0.05983481;49.2690000
9108.00075531006;49.1323755;49.0666240;0.000448266;0.03431022;49.2690000
9109.00020599365;49.1152720;49.0570874;0.04304268;0.007476661;49.2690000
9110.00061035156;49.2435484;49.1110295;0.1360279;0.04032202;49.2690000
9111.00006103516;49.2720542;49.1866082;-0.002425132;0.05916393;49.4060000
9112.00046539307;49.2713413;49.2069334;0.0003975234;0.03366476;49.4060000
9113.00086975098;49.2544839;49.1969795;0.04244085;0.006934704;49.4060000
9114.00032043457;49.3809146;49.2498487;0.1341213;0.03939326;49.4060000
9115.00072479248;49.4090103;49.3245929;-0.002367855;0.05830319;49.5430000
9116.00017547607;49.4083413;49.3440836;0.0003807885;0.03283552;49.5430000
9117.00057983398;49.3914839;49.3333549;0.04251044;0.006163563;49.5430000
9118.00003051758;49.5179146;49.3867010;0.1341377;0.03948151;49.5430000
9119.00043487549;49.5460103;49.4619220;-0.002404522;0.05858284;49.6790000
9120.0008392334;49.5453242;49.4812339;0.0004116176;0.03281957;49.6790000
9121.00028991699;49.5285898;49.4698495;0.04231553;0.00575637;49.6790000
9122.0006942749;49.6540976;49.5221823;0.1333435;0.03864103;49.6790000
9123.0001449585;49.6819883;49.5962709;-0.002137078;0.05756655;49.8150000
9124.00054931641;49.6813242;49.6148675;0.0006752755;0.03202526;49.8150000
9125;49.6645898;49.6039004;0.0425327;0.0057451;49.8150000
9126.00040435791;49.7900976;49.6574253;0.1334279;0.03940789;49.8150000
9127.00080871582;49.8179883;49.7328251;-0.002198826;0.05862284;49.9490000
9128.00025939941;49.8172900;49.7528523;0.000549281;0.03327167;49.9490000
9129.00066375732;49.8008018;49.7424812;0.04174273;0.006562466;49.9490000
9130.00011444092;49.9244638;49.7951716;0.1313065;0.03919081;49.9490000
9131.00051879883;49.9519443;49.8695582;-0.002336367;0.05798634;50.0820000
9131.99996948242;49.9512729;49.8887509;0.0003853184;0.03254791;50.0820000
9133.00037384033;49.9349077;49.8782010;0.04129989;0.006112732;50.0820000
9134.00077819824;50.0576470;49.9296993;0.1302843;0.03822376;50.0820000
9135.00022888184;50.0849224;50.0037282;-0.002383226;0.05752531;50.2150000
9136.00063323975;50.0842729;50.0245303;7.564481E-05;0.03336479;50.2150000
9137.00008392334;50.0679077;50.0152320;0.04085077;0.007170093;50.2150000
9138.00048828125;50.1906470;50.0678628;0.129709;0.03929074;50.2150000
9139.00089263916;50.2179224;50.1421302;-0.002985103;0.05797482;50.3470000
9140.00034332275;50.2172559;50.1620978;-0.0003856705;0.03302523;50.3470000
9141.00074768066;50.2010137;50.1513094;0.04025668;0.006141144;50.3470000
9142.00019836426;50.3228301;50.2014965;0.1286749;0.0372613;50.3470000
9143.00060272217;50.3499004;50.2733797;-0.002818001;0.0558081;50.4780000
9144.00005340576;50.3492388;50.2917379;-7.516239E-05;0.03124178;50.4780000
9145.00045776367;50.3331196;50.2804131;0.04032816;0.005167231;50.4780000
9146.00086212158;50.4540132;50.3316730;0.1279147;0.03769847;50.4780000
9147.00031280518;50.4808784;50.4046887;-0.002768947;0.0565713;50.6080000
9148.00071716309;50.4802217;50.4233449;-9.521842E-05;0.03168498;50.6080000
9149.00016784668;50.4642256;50.4114241;0.04007572;0.004941381;50.6080000
9150.00057220459;50.5841963;50.4620880;0.1270165;0.03723422;50.6080000
9151.00002288818;50.6108564;50.5350441;-0.002725055;0.05632593;50.7380000
9152.00042724609;50.6102217;50.5532831;-8.833269E-05;0.03132936;50.7380000
9153.000831604;50.5942256;50.5409450;0.0401291;0.004574511;50.7380000
9154.0002822876;50.7141963;50.5904168;0.1272027;0.03634409;50.7380000
9155.00068664551;50.7408564;50.6618231;-0.00236618;0.05510536;50.8660000
9156.0001373291;50.7401875;50.6798237;0.0003922521;0.03073945;50.8660000
9157.00054168701;50.7244375;50.6683201;0.03991913;0.004840026;50.8660000
9157.99999237061;50.8425625;50.7188052;0.1254554;0.03705397;50.8660000
9159.00039672852;50.8688125;50.7908076;-0.002308886;0.05570703;50.9940000
9160.00080108643;50.8681875;50.8094042;0.0002161572;0.03135336;50.9940000
9161.00025177002;50.8524375;50.7980198;0.03972975;0.005159636;50.9940000
9162.00065612793;50.9705625;50.8473724;0.1253922;0.03645505;50.9940000
9163.00010681152;50.9968125;50.9184211;-0.002265822;0.05498904;51.1200000
9164.00051116943;50.9961533;50.9373158;0.0003211545;0.03130495;51.1200000
9164.99996185303;50.9806494;50.9268851;0.03913091;0.005726752;51.1200000
9166.00036621094;51.0969287;50.9764164;0.123349;0.03674315;51.1200000
9167.00077056885;51.1227686;51.0472864;-0.002418083;0.05500132;51.2460000
9168.00022125244;51.1221533;51.0661810;1.920853E-06;0.03126536;51.2460000
9169.00062561035;51.1066494;51.0553331;0.03885816;0.00542413;51.2460000
9170.00007629395;51.2229287;51.1045068;0.1231161;0.03645236;51.2460000
9171.00048065186;51.2487686;51.1751383;-0.002624418;0.05477101;51.3710000
9172.00088500977;51.2481362;51.1934370;-9.044539E-05;0.03080195;51.3710000
9173.00033569336;51.2327554;51.1817545;0.03856;0.004747548;51.3710000
9174.00074005127;51.3481118;51.2290805;0.1223116;0.03496385;51.3710000
9175.00019073486;51.3737466;51.2979239;-0.002294205;0.05315123;51.4960000
9176.00059509277;51.3731362;51.3153285;0.0002558962;0.02967027;51.4960000
9177.00004577637;51.3577554;51.3037653;0.03889304;0.004410983;51.4960000
9178.00045013428;51.4731118;51.3530582;0.1224255;0.03611264;51.4960000
9179.00085449219;51.4987466;51.4238685;-0.00239945;0.05467326;51.6190000
9180.00030517578;51.4981021;51.4415711;0.0002126079;0.03036232;51.6190000
9181.00070953369;51.4829673;51.4290542;0.03835843;0.004080155;51.6190000
9182.00016021729;51.5964780;51.4766782;0.1206525;0.03494701;51.6190000
9183.0005645752;51.6217026;51.5462368;-0.002162101;0.05345314;51.7410000
9184.00001525879;51.6210850;51.5630454;0.0004301709;0.02937802;51.7410000
9185.0004196167;51.6060732;51.5504689;0.03828384;0.003688436;51.7410000
9186.00082397461;51.7186611;51.5978545;0.1198923;0.03465008;51.7410000
9187.0002746582;51.7436807;51.6677111;-0.002020029;0.05357662;51.8630000
9188.00067901611;51.7430850;51.6852945;0.000402417;0.02990749;51.8630000
9189.00012969971;51.7280732;51.6731948;0.03820296;0.00415378;51.8630000
9190.00053405762;51.8406611;51.7208785;0.1197782;0.03500793;51.8630000
9190.99998474121;51.8656807;51.7901987;-0.002074356;0.05336343;51.9830000
9192.00038909912;51.8650508;51.8079608;0.0004233276;0.02992902;51.9830000
9193.00079345703;51.8502852;51.7960996;0.03759973;0.004315342;51.9830000
9194.00024414063;51.9610273;51.8424123;0.1179033;0.03411345;51.9830000
9195.00064849854;51.9856367;51.9103020;-0.001918893;0.05225157;52.1030000
9196.00009918213;51.9850508;51.9277066;0.00045165;0.02933628;52.1030000
9197.00050354004;51.9702852;51.9167990;0.0375218;0.004663444;52.1030000
9198.00090789795;52.0810273;51.9638270;0.1177457;0.0347588;52.1030000
9199.00035858154;52.1056367;52.0326704;-0.002182774;0.05312565;52.2220000
9200.00076293945;52.1050337;52.0507306;0.0001622969;0.02997745;52.2220000
9201.00021362305;52.0903911;52.0398230;0.03693365;0.004874807;52.2220000
9202.00061798096;52.2002104;52.0858973;0.1165516;0.03417835;52.2220000
9203.00006866455;52.2246147;52.1537870;-0.002335118;0.05233888;52.3400000
9204.00047302246;52.2240166;52.1723836;-8.57194E-05;0.03007613;52.3400000
9205.00087738037;52.2094971;52.1630258;0.03621418;0.005915704;52.3400000
9206.00032806396;52.3183936;52.2102326;0.1149937;0.03523596;52.3400000
9207.00073242188;52.3425928;52.2787183;-0.003023885;0.05307633;52.4570000
9208.00018310547;52.3419995;52.2958845;-0.0006510424;0.02949107;52.4570000
9209.00058746338;52.3276030;52.2843809;0.03558914;0.004367692;52.4570000
9210.00003814697;52.4355767;52.3301571;0.1138159;0.03381823;52.4570000
9211.00044250488;52.4595708;52.3973316;-0.003120145;0.05168283;52.5730000
9212.00084686279;52.4589824;52.4132460;-0.0006437465;0.02816555;52.5730000
9213.00029754639;52.4447090;52.4006695;0.03541719;0.003193178;52.5730000
9214.0007019043;52.5517598;52.4456709;0.1130181;0.03292814;52.5730000
9215.00015258789;52.5755488;52.5129646;-0.002995772;0.05147976;52.6880000
9216.0005569458;52.5749653;52.5295347;-0.0006283382;0.02852667;52.6880000
9217.00000762939;52.5608149;52.5180311;0.03501426;0.003988921;52.6880000
9218.0004119873;52.6669429;52.5635093;0.1118498;0.03346456;52.6880000
9219.00081634521;52.6905268;52.6308030;-0.003228537;0.05164749;52.8020000
9220.00026702881;52.6899482;52.6471942;-0.0008770796;0.02849446;52.8020000
9221.00067138672;52.6759209;52.6353926;0.03449994;0.003746876;52.8020000
9222.00012207031;52.7811260;52.6802152;0.1106964;0.03296859;52.8020000
9223.00052642822;52.8045049;52.7470320;-0.003393386;0.05124953;52.9160000
9223.99997711182;52.8039482;52.7643770;-0.001231699;0.02893132;52.9160000
9225.00038146973;52.7899209;52.7530522;0.03409219;0.004194443;52.9160000
9226.00078582764;52.8951260;52.7980536;0.1102687;0.03326122;52.9160000
9227.00023651123;52.9185049;52.8653472;-0.003874174;0.05168853;53.0280000
9228.00064086914;52.9179141;52.8831094;-0.001663812;0.02934035;53.0280000
9229.00009155273;52.9041328;52.8727383;0.03295623;0.004906;53.0280000
9230.00049591064;53.0074922;52.9167861;0.1078146;0.03281166;53.0280000
9231.00090026855;53.0304609;52.9828876;-0.0043245;0.05085097;53.1390000
9232.00035095215;53.0298970;53.0010074;-0.002273379;0.02926243;53.1390000
9233.00075531006;53.0162388;52.9912324;0.03198146;0.005216339;53.1390000
9234.00020599365;53.1186753;53.0351609;0.1061409;0.03281057;53.1390000
9235.00061035156;53.1414390;53.1004280;-0.00496972;0.05032778;53.2500000
9236.00006103516;53.1408970;53.1176537;-0.002902476;0.02850035;53.2500000
9237.00046539307;53.1272388;53.1068058;0.0314719;0.004249008;53.2500000
9238.00086975098;53.2296753;53.1499594;0.1057177;0.03194545;53.2500000
9239.00032043457;53.2524390;53.2145709;-0.005319895;0.04953933;53.3600000
9240.00072479248;53.2518799;53.2307237;-0.003085537;0.02753002;53.3600000
9241.00017547607;53.2383447;53.2191605;0.03106974;0.003490473;53.3600000
9242.00057983398;53.3398584;53.2614201;0.1047029;0.03113184;53.3600000
9243.00003051758;53.3624170;53.3257335;-0.005365939;0.04906615;53.4680000
9244.00043487549;53.3618457;53.3420652;-0.003139855;0.02749866;53.4680000
9245.0008392334;53.3485566;53.3308000;0.03038464;0.003650911;53.4680000
9246.00028991699;53.4482246;53.3729404;0.1026067;0.03114338;53.4680000
9247.0006942749;53.4703730;53.4367174;-0.005531426;0.04874371;53.5760000
9248.0001449585;53.4698457;53.4523338;-0.003392617;0.02694467;53.5760000
9249.00054931641;53.4565566;53.4399361;0.03025806;0.002696696;53.5760000
9250;53.5562246;53.4818977;0.1025001;0.03067082;53.5760000
9251.00040435791;53.5783730;53.5456747;-0.005638086;0.0485347;53.6830000
9252.00080871582;53.5778286;53.5608738;-0.003405209;0.0265921;53.6830000
9253.00025939941;53.5646626;53.5481782;0.02997988;0.00236543;53.6830000
9254.00066375732;53.6634077;53.5892457;0.1016093;0.02997271;53.6830000
9255.00011444092;53.6853511;53.6521286;-0.005493746;0.04775078;53.7890000
9256.00051879883;53.6848115;53.6678046;-0.003349924;0.02661353;53.7890000
9256.99996948242;53.6717686;53.6559434;0.02964341;0.002882847;53.7890000
9258.00037384033;53.7695908;53.6972493;0.1005341;0.03030879;53.7890000
9259.00077819824;53.7913291;53.7598341;-0.005600279;0.04776705;53.8940000
9260.00022888184;53.7907944;53.7753910;-0.003479103;0.02651396;53.8940000
9261.00063323975;53.7778745;53.7634701;0.02922209;0.002793786;53.8940000
9262.00008392334;53.8747739;53.8041204;0.0994736;0.02980556;53.8940000
9263.00048828125;53.8963071;53.8664073;-0.005692071;0.04739099;53.9980000
9264.00089263916;53.8957773;53.8820237;-0.003613441;0.02643288;53.9980000
9265.00034332275;53.8829805;53.8704009;0.02875575;0.002950904;53.9980000
9266.00074768066;53.9789570;53.9096802;0.09844782;0.0289506;53.9980000
9267.00019836426;54.0002852;53.9701193;-0.005576489;0.04600431;54.1010000
9268.00060272217;53.9997603;53.9854973;-0.003507206;0.02579719;54.1010000
9269.00005340576;53.9870864;53.9747090;0.02847021;0.003187654;54.1010000
9270.00045776367;54.0821401;54.0144652;0.09739693;0.02927307;54.1010000
9271.00086212158;54.1032632;54.0758580;-0.005798146;0.04676232;54.2030000
9272.00031280518;54.1027432;54.0925473;-0.003910873;0.0268908;54.2030000
9273.00071716309;54.0901924;54.0828914;0.02764158;0.004323917;54.2030000
9274.00016784668;54.1843232;54.1233033;0.09578305;0.03009663;54.2030000
9275.00057220459;54.2052412;54.1848749;-0.006496462;0.04712032;54.3050000
9276.00002288818;54.2047432;54.2011469;-0.004646184;0.02675864;54.3050000
9277.00042724609;54.1921924;54.1911335;0.0269461;0.00405538;54.3050000
9278.000831604;54.2863232;54.2311877;0.09512743;0.02979539;54.3050000
9279.0002822876;54.3072412;54.2922824;-0.007098952;0.04674844;54.4050000
9280.00068664551;54.3067090;54.3084353;-0.005140257;0.02655149;54.4050000
9281.0001373291;54.2944043;54.2981238;0.02588766;0.003783043;54.4050000
9282.00054168701;54.3866894;54.3375820;0.092711;0.02926609;54.4050000
9282.99999237061;54.4071973;54.3980211;-0.00757136;0.0461049;54.5040000
9284.00039672852;54.4066919;54.4133991;-0.005645737;0.02584097;54.5040000
9285.00080108643;54.3945103;54.4020743;0.0251963;0.002915612;54.5040000
9286.00025177002;54.4858726;54.4408172;0.09138715;0.02857134;54.5040000
9287.00065612793;54.5061753;54.5007199;-0.007899988;0.04546381;54.6030000
9288.00010681152;54.5056919;54.5154422;-0.005984792;0.02515382;54.6030000
9289.00051116943;54.4935103;54.5034022;0.02493693;0.002164242;54.6030000
9290.00091552734;54.5848726;54.5413106;0.09122075;0.02776313;54.6030000
9291.00036621094;54.6051753;54.6002596;-0.00796012;0.04461928;54.7000000
9292.00077056885;54.6046577;54.6148032;-0.005929866;0.0247816;54.7000000
9293.00022125244;54.5927222;54.6035380;0.02430795;0.00251713;54.7000000
9294.00062561035;54.6822388;54.6416849;0.0891408;0.02799991;54.7000000
9295.00007629395;54.7021314;54.7006935;-0.008175727;0.04480417;54.7970000
9296.00048065186;54.7016577;54.7154754;-0.006339013;0.02498284;54.7970000
9297.00088500977;54.6897222;54.7039718;0.02392537;0.002407712;54.7970000
9298.00033569336;54.7792388;54.7412842;0.08885119;0.02740265;54.7970000
9299.00074005127;54.7991314;54.7993392;-0.008359087;0.04396765;54.8920000
9300.00019073486;54.7986235;54.8135847;-0.006367461;0.02433954;54.8920000
9301.00059509277;54.7869341;54.8020811;0.02329933;0.002190156;54.8920000
9302.00004577637;54.8746050;54.8382610;0.08692697;0.02652205;54.8920000
9303.00045013428;54.8940874;54.8950046;-0.008266257;0.04293267;54.9870000
9304.00085449219;54.8936235;54.9088329;-0.006395115;0.02373503;54.9870000
9305.00030517578;54.8819341;54.8979849;0.02319864;0.002365479;54.9870000
9306.00070953369;54.9696050;54.9343437;0.08680633;0.02666984;54.9870000
9307.00016021729;54.9890874;54.9913257;-0.008413451;0.04314469;55.0800000
9308.0005645752;54.9885894;55.0057500;-0.006513554;0.02414919;55.0800000
9309.00001525879;54.9771460;54.9951405;0.02245603;0.002672205;55.0800000
9310.0004196167;55.0629712;55.0302475;0.0847788;0.02596604;55.0800000
9311.00082397461;55.0820435;55.0856799;-0.008397343;0.04196085;55.1730000
9312.0002746582;55.0815894;55.0990909;-0.006551537;0.02310528;55.1730000
9313.00067901611;55.0701460;55.0880045;0.02247119;0.001979997;55.1730000
9314.00012969971;55.1559712;55.1232904;0.08477402;0.02583336;55.1730000
9315.00053405762;55.1750435;55.1786631;-0.008395471;0.04181042;55.2650000
9315.99998474121;55.1745723;55.1915377;-0.006442326;0.02271832;55.2650000
9317.00038909912;55.1632520;55.1800937;0.02232145;0.001643726;55.2650000
9318.00079345703;55.2481543;55.2141875;0.08404491;0.02497412;55.2650000
9319.00024414063;55.2670215;55.2686661;-0.008089487;0.04095174;55.3550000
9320.00064849854;55.2665381;55.2818388;-0.006157891;0.0225671;55.3550000
9321.00009918213;55.2554639;55.2710504;0.02193526;0.001969571;55.3550000
9322.00050354004;55.3385205;55.3055614;0.08218784;0.02535884;55.3550000
9323.00090789795;55.3569775;55.3602785;-0.008102164;0.04125486;55.4450000
9324.00035858154;55.3565381;55.3732127;-0.006310968;0.0225238;55.4450000
9325.00076293945;55.3454639;55.3613514;0.02190173;0.001261323;55.4450000
9326.00021362305;55.4285205;55.3952068;0.08222735;0.0247009;55.4450000
9327.00061798096;55.4469775;55.4495662;-0.008022801;0.04075914;55.5340000
9328.00006866455;55.4465210;55.4624408;-0.00617739;0.02229914;55.5340000
9329.00047302246;55.4355698;55.4507584;0.02171658;0.001304808;55.5340000
9330.00087738037;55.5177036;55.4846734;0.08132337;0.02479041;55.5340000
9331.00032806396;55.5359556;55.5386752;-0.007951448;0.04061231;55.6220000
9332.00073242188;55.5355039;55.5511921;-0.006102107;0.02207576;55.6220000
9333.00018310547;55.5246758;55.5392117;0.02152628;0.001031641;55.6220000
9334.00058746338;55.6058867;55.5722326;0.08052048;0.02405256;55.6220000
9335.00003814697;55.6239336;55.6255787;-0.007745793;0.04000381;55.7090000
9336.00044250488;55.6234868;55.6383937;-0.005965577;0.02203568;55.7090000
9337.00084686279;55.6127817;55.6271286;0.02128432;0.001462625;55.7090000
9338.00029754639;55.6930698;55.6604475;0.07953313;0.02436657;55.7090000
9339.0007019043;55.7109116;55.7137340;-0.007791027;0.04007845;55.7950000
9340.00015258789;55.7104697;55.7264298;-0.006033443;0.02199554;55.7950000
9341.0005569458;55.6998877;55.7151646;0.02091767;0.001464025;55.7950000
9342.00000762939;55.7792529;55.7475894;0.07855392;0.02376497;55.7950000
9343.0004119873;55.7968896;55.8001607;-0.007755082;0.039404;55.8800000
9344.00081634521;55.7964526;55.8125585;-0.006000209;0.02154822;55.8800000
9345.00026702881;55.7859937;55.8015317;0.02062557;0.001427791;55.8800000
9346.00067138672;55.8644360;55.8333009;0.07762263;0.02327505;55.8800000
9347.00012207031;55.8818677;55.8849185;-0.0076446;0.03870215;55.9640000
9348.00052642822;55.8814355;55.8970779;-0.005899087;0.02117828;55.9640000
9348.99997711182;55.8710996;55.8867664;0.02034819;0.001717429;55.9640000
9350.00038146973;55.9486191;55.9182971;0.07665965;0.02317244;55.9640000
9351.00078582764;55.9658457;55.9696167;-0.007638905;0.03851596;56.0470000
9352.00023651123;55.9654185;55.9821933;-0.005975777;0.02135758;56.0470000
9353.00064086914;55.9552056;55.9720606;0.01995278;0.001902749;56.0470000
9354.00009155273;56.0318022;56.0031146;0.07560515;0.02295705;56.0470000
9355.00049591064;56.0488237;56.0535401;-0.007658301;0.03791462;56.1290000
9356.00090026855;56.0484014;56.0654014;-0.00595139;0.02072018;56.1290000
9357.00035095215;56.0383115;56.0549707;0.01971158;0.001467454;56.1290000
9358.00075531006;56.1139854;56.0853690;0.07472483;0.02235629;56.1290000
9359.00020599365;56.1308018;56.1350196;-0.007516812;0.03722208;56.2100000
9360.00061035156;56.1303843;56.1464637;-0.005799339;0.0202097;56.2100000
9361.00006103516;56.1204175;56.1358542;0.01958477;0.001168085;56.2100000
9362.00046539307;56.1951685;56.1660141;0.07391237;0.02206174;56.2100000
9363.00086975098;56.2117798;56.2154263;-0.007367221;0.03697378;56.2900000
9364.00032043457;56.2113672;56.2269300;-0.005692302;0.02017574;56.2900000
9365.00072479248;56.2015234;56.2165589;0.01936645;0.001307141;56.2900000
9366.00017547607;56.2753516;56.2464803;0.07300843;0.02196858;56.2900000
9367.00057983398;56.2917578;56.2954157;-0.007282554;0.03672006;56.3690000
9368.00003051758;56.2913501;56.3068598;-0.005636907;0.02006225;56.3690000
9369.00043487549;56.2816294;56.2962503;0.01914962;0.001115035;56.3690000
9370.0008392334;56.3545347;56.3264698;0.07204619;0.02210205;56.3690000
9371.00028991699;56.3707358;56.3754052;-0.007309315;0.03675189;56.4480000
9372.0006942749;56.3703501;56.3864917;-0.005707311;0.01981364;56.4480000
9373.0001449585;56.3606294;56.3750476;0.0191722;0.0005215524;56.4480000
9374.00054931641;56.4335347;56.4048499;0.07211526;0.02160029;56.4480000
9375;56.4497358;56.4531892;-0.007173832;0.03618115;56.5250000
9376.00040435791;56.4493159;56.4635605;-0.005396994;0.01916336;56.5250000
9377.00080871582;56.4398413;56.4520568;0.01889158;0.000248777;56.5250000
9378.00025939941;56.5109009;56.4816803;0.07043017;0.02136055;56.5250000
9379.00066375732;56.5266919;56.5296620;-0.006948108;0.0359115;56.6010000
9380.00011444092;56.5262988;56.5399737;-0.00528404;0.01903056;56.6010000
9381.00051879883;56.5169473;56.5287680;0.01867255;0.0004235182;56.6010000
9381.99996948242;56.5870840;56.5579146;0.06955206;0.0210692;56.6010000
9383.00037384033;56.6026699;56.6054791;-0.006844244;0.03550208;56.6760000
9384.00077819824;56.6022817;56.6159696;-0.005236009;0.01896361;56.6760000
9385.00022888184;56.5930532;56.6048832;0.01840849;0.0004176936;56.6760000
9386.00063323975;56.6622671;56.6339701;0.06858246;0.02101886;56.6760000
9387.00008392334;56.6776479;56.6818923;-0.006918212;0.03571841;56.7510000
9388.00048828125;56.6772817;56.6930384;-0.00546651;0.01938255;56.7510000
9389.00089263916;56.6680532;56.6821904;0.01815143;0.0007057923;56.7510000
9390.00034332275;56.7372671;56.7099064;0.06847814;0.02025764;56.7510000
9391.00074768066;56.7526479;56.7564577;-0.006869791;0.03461792;56.8240000
9392.00019836426;56.7522476;56.7664713;-0.005196749;0.01831055;56.8240000
9393.00060272217;56.7432651;56.7555637;0.01783024;0.000303791;56.8240000
9394.00005340576;56.8106333;56.7832201;0.0667392;0.02000463;56.8240000
9395.00045776367;56.8256040;56.8295330;-0.006711197;0.03442018;56.8970000
9396.00086212158;56.8252476;56.8400234;-0.005258262;0.01851583;56.8970000
9397.00031280518;56.8162651;56.8294138;0.01773552;0.0005490721;56.8970000
9398.00071716309;56.8836333;56.8561762;0.06674409;0.01948226;56.8970000
9399.00016784668;56.8986040;56.9015354;-0.006600047;0.03369154;56.9680000
9400.00057220459;56.8982134;56.9120258;-0.005051964;0.01825474;56.9680000
9401.00002288818;56.8894771;56.9022507;0.01725128;0.0009444914;56.9680000
9402.00042724609;56.9549995;56.9287747;0.06486201;0.01943506;56.9680000
9403.000831604;56.9695601;56.9734186;-0.006531467;0.03327601;57.0390000
9404.0002822876;56.9692134;56.9841474;-0.00517693;0.01826011;57.0390000
9405.00068664551;56.9604771;56.9744916;0.01711302;0.0009863713;57.0390000
9406.0001373291;57.0259995;57.0009559;0.0647304;0.01940558;57.0390000
9407.00054168701;57.0405601;57.0452422;-0.00662323;0.03306512;57.1090000
9407.99999237061;57.0401963;57.0553751;-0.005154726;0.01782546;57.1090000
9409.00039672852;57.0315830;57.0450635;0.01690949;0.0004541868;57.1090000
9410.00080108643;57.0961826;57.0702165;0.06396078;0.01835192;57.1090000
9411.00025177002;57.1105381;57.1134895;-0.006344463;0.03206683;57.1770000
9412.00065612793;57.1101621;57.1239203;-0.004897488;0.01767032;57.1770000
9413.00010681152;57.1017949;57.1143837;0.0164828;0.00084628;57.1770000
9414.00051116943;57.1645488;57.1397155;0.06208978;0.01855767;57.1770000
9415.00091552734;57.1784941;57.1820348;-0.006238246;0.03156376;57.2450000
9416.00036621094;57.1781621;57.1914525;-0.004845367;0.01685147;57.2450000
9417.00077056885;57.1697949;57.1810813;0.01662791;1.83353E-05;57.2450000
9418.00022125244;57.2325488;57.2059959;0.06228137;0.01800046;57.2450000
9419.00062561035;57.2464941;57.2484940;-0.006066574;0.03149758;57.3120000
9420.00007629395;57.2461450;57.2585077;-0.004692526;0.01721701;57.3120000
9421.00048065186;57.2379009;57.2489709;0.016389;0.0006635967;57.3120000
9422.00088500977;57.2997319;57.2740048;0.06131697;0.01829713;57.3120000
9423.00033569336;57.3134722;57.3162049;-0.006062283;0.03136049;57.3780000
9424.00074005127;57.3131279;57.3258013;-0.004677664;0.01686254;57.3780000
9425.00019073486;57.3050068;57.3156089;0.01617811;0.0001181933;57.3780000
9426.00059509277;57.3659150;57.3400467;0.0604603;0.01771607;57.3780000
9427.00004577637;57.3794502;57.3819488;-0.005950262;0.03096926;57.4420000
9428.00045013428;57.3790938;57.3916048;-0.004560611;0.01679226;57.4420000
9429.00085449219;57.3712188;57.3815913;0.01567765;0.0002187842;57.4420000
9430.00030517578;57.4302812;57.4051350;0.05863506;0.01714497;57.4420000
9431.00070953369;57.4434062;57.4455470;-0.005738522;0.02990755;57.5060000
9432.00016021729;57.4430938;57.4544878;-0.004436158;0.01596724;57.5060000
9433.0005645752;57.4352188;57.4445338;0.01579548;-4.417621E-05;57.5060000
9434.00001525879;57.4942812;57.4685544;0.05869975;0.01732823;57.5060000
9435.0004196167;57.5074062;57.5095027;-0.005733586;0.03027039;57.5690000
9436.00082397461;57.5070767;57.5186820;-0.004410221;0.01623095;57.5690000
9437.0002746582;57.4993247;57.5086684;0.01552926;2.274267E-05;57.5690000
9438.00067901611;57.5574644;57.5320929;0.05778776;0.01696646;57.5690000
9439.00012969971;57.5703843;57.5720876;-0.00560384;0.02959844;57.6310000
9440.00053405762;57.5700596;57.5810284;-0.004289825;0.01585629;57.6310000
9440.99998474121;57.5624307;57.5713129;0.01531766;6.428317E-05;57.6310000
9442.00038909912;57.6196475;57.5946182;0.05687724;0.01687769;57.6310000
9443.00079345703;57.6323623;57.6344937;-0.0055656;0.02951934;57.6930000
9444.00024414063;57.6320596;57.6437324;-0.004368263;0.01601238;57.6930000
9445.00064849854;57.6244307;57.6344342;0.01519273;0.0003920127;57.6930000
9446.00009918213;57.6816475;57.6577395;0.05675231;0.01701979;57.6930000
9447.00050354004;57.6943623;57.6974958;-0.005677252;0.02946805;57.7530000
9448.00090789795;57.6940254;57.7062578;-0.004331653;0.01566849;57.7530000
9449.00035858154;57.6866426;57.6966614;0.01466498;6.979485E-05;57.7530000
9450.00076293945;57.7420137;57.7184766;0.05496619;0.01588359;57.7530000
9451.00021362305;57.7543184;57.7565640;-0.005406449;0.02810085;57.8120000
9452.00061798096;57.7540083;57.7653260;-0.004180261;0.01519309;57.8120000
9453.00006866455;57.7467485;57.7562661;0.0144578;0.0002180734;57.8120000
9454.00047302246;57.8011968;57.7781409;0.05404019;0.01590906;57.8120000
9455.00087738037;57.8132964;57.8157514;-0.005343842;0.02779793;57.8700000
9456.00032806396;57.8129912;57.8242750;-0.004127005;0.01492507;57.8700000
9457.00073242188;57.8058545;57.8152151;0.01421227;9.807082E-05;57.8700000
9458.00018310547;57.8593799;57.8364938;0.05314887;0.01546531;57.8700000
9459.00058746338;57.8712744;57.8734487;-0.00522663;0.02731594;57.9280000
9460.00003814697;57.8709912;57.8822107;-0.00411984;0.01492805;57.9280000
9461.00044250488;57.8638545;57.8737468;0.01415303;0.000458134;57.9280000
9462.00084686279;57.9173799;57.8953236;0.05305641;0.01573709;57.9280000
9463.00029754639;57.9292744;57.9322785;-0.005319084;0.02740168;57.9840000
9464.0007019043;57.9289570;57.9409808;-0.004110495;0.01492779;57.9840000
9465.00015258789;57.9220664;57.9326362;0.01355151;0.0004970083;57.9840000
9466.0005569458;57.9737461;57.9531997;0.05114339;0.01507545;57.9840000
9467.00000762939;57.9852305;57.9889625;-0.00522831;0.02647759;58.0400000
9468.0004119873;57.9849570;57.9974264;-0.004160143;0.01448636;58.0400000
9469.00081634521;57.9780664;57.9890222;0.0135085;0.0003124908;58.0400000
9470.00026702881;58.0297461;58.0094665;0.05111367;0.01492127;58.0400000
9471.00067138672;58.0412305;58.0451101;-0.005244755;0.02633243;58.0940000
9472.00012207031;58.0409229;58.0533356;-0.004054867;0.01427422;58.0940000
9473.00052642822;58.0342783;58.0446930;0.01304274;9.415537E-05;58.0940000
9473.99997711182;58.0841123;58.0637067;0.04938291;0.0138781;58.0940000
9475.00038146973;58.0951865;58.0978006;-0.004931882;0.02505255;58.1480000
9476.00078582764;58.0949229;58.1057876;-0.003882393;0.01370102;58.1480000
9477.00023651123;58.0882783;58.0978007;0.01314216;0.000301334;58.1480000
9478.00064086914;58.1381123;58.1177681;0.04937607;0.01455573;58.1480000
9479.00009155273;58.1491865;58.1522792;-0.004985206;0.0255213;58.2010000
9480.00049591064;58.1489058;58.1601471;-0.003874873;0.01375234;58.2010000
9481.00090026855;58.1423843;58.1515641;0.01291731;-7.625296E-05;58.2010000
9482.00035095215;58.1912954;58.1706971;0.04853199;0.01387899;58.2010000
9483.00075531006;58.2021646;58.2042545;-0.004787539;0.02473937;58.2530000
9484.00020599365;58.2018887;58.2121223;-0.003713119;0.01349187;58.2530000
9485.00061035156;58.1954902;58.2041354;0.01271386;0.0002008877;58.2530000
9486.00006103516;58.2434785;58.2232684;0.04761634;0.01395602;58.2530000
9487.00046539307;58.2541426;58.2565874;-0.004741143;0.02461649;58.3040000
9488.00086975098;58.2538716;58.2642169;-0.003676085;0.01329698;58.3040000
9489.00032043457;58.2475962;58.2559318;0.01248533;-6.648117E-05;58.3040000
9490.00072479248;58.2946616;58.2745880;0.04672874;0.01353265;58.3040000
9491.00017547607;58.3051206;58.3074301;-0.004640131;0.02419326;58.3540000
9492.00057983398;58.3048545;58.3151191;-0.003617615;0.01320876;58.3540000
9493.00003051758;58.2987021;58.3071322;0.01221178;0.0001021972;58.3540000
9494.00043487549;58.3448447;58.3254903;0.04577621;0.01340049;58.3540000
9495.0008392334;58.3550986;58.3577960;-0.004597412;0.02382194;58.4030000
9496.00028991699;58.3548374;58.3650679;-0.003564336;0.01279731;58.4030000
9497.0006942749;58.3488081;58.3566041;0.01201941;-0.0003384764;58.4030000
9498.0001449585;58.3940278;58.3743065;0.04494469;0.01281786;58.4030000
9499.00054931641;58.4040767;58.4058374;-0.00440711;0.02316071;58.4520000
9500;58.4038374;58.4130497;-0.003450891;0.01250544;58.4520000
9501.00040435791;58.3978081;58.4050030;0.01208638;-0.0002089554;58.4520000
9502.00080871582;58.4430278;58.4231227;0.04496517;0.01310813;58.4520000
9503.00025939941;58.4530767;58.4550112;-0.004426475;0.02347066;58.4990000
9504.00066375732;58.4528032;58.4621639;-0.003368467;0.01259614;58.4990000
9505.00011444092;58.4470200;58.4539980;0.01158451;-0.0002323323;58.4990000
9506.00051879883;58.4903940;58.4712237;0.04313851;0.01249071;58.4990000
9507.00092315674;58.5000327;58.5019797;-0.004255992;0.02261585;58.5460000
9508.00037384033;58.4998032;58.5088343;-0.003331744;0.0121178;58.5460000
9509.00077819824;58.4940200;58.5011453;0.0115681;-0.0001417249;58.5460000
9510.00022888184;58.5373940;58.5184902;0.04310882;0.01257567;58.5460000
9511.00063323975;58.5470327;58.5488289;-0.00423919;0.02234028;58.5910000
9512.00008392334;58.5467690;58.5555048;-0.003199884;0.01188872;58.5910000
9513.00048828125;58.5412319;58.5476965;0.01111567;-0.000297893;58.5910000
9514.00089263916;58.5827603;58.5640281;0.0413449;0.01179645;58.5910000
9515.00034332275;58.5919888;58.5931748;-0.003999329;0.0213382;58.6360000
9516.00074768066;58.5917690;58.5999102;-0.003133635;0.01157589;58.6360000
9517.00019836426;58.5862319;58.5925788;0.01112878;-0.0001041701;58.6360000
9518.00060272217;58.6277603;58.6096853;0.04127168;0.01236167;58.6360000
9519.00005340576;58.6369888;58.6391300;-0.004105755;0.02178679;58.6800000
9520.00045776367;58.6367520;58.6456866;-0.003172554;0.01163384;58.6800000
9521.00086212158;58.6313379;58.6380572;0.01082427;-0.0002652838;58.6800000
9522.00031280518;58.6719434;58.6540907;0.04037452;0.01162337;58.6800000
9523.00071716309;58.6809668;58.6828798;-0.003994391;0.02112994;58.7230000
9524.00016784668;58.6807349;58.6894960;-0.003103744;0.01142166;58.7230000
9525.00057220459;58.6754438;58.6821646;0.01056108;-0.0002059089;58.7230000
9526.00002288818;58.7151265;58.6978405;0.03943899;0.0113568;58.7230000
9527.00042724609;58.7239448;58.7259143;-0.003914749;0.02060527;58.7650000
9528.000831604;58.7237178;58.7322325;-0.003026812;0.01107901;58.7650000
9529.0002822876;58.7185498;58.7249608;0.01033258;-0.0002736512;58.7650000
9530.00068664551;58.7573096;58.7401002;0.03855805;0.01095705;58.7650000
9531.0001373291;58.7659229;58.7674588;-0.003780501;0.02002107;58.8070000
9532.00054168701;58.7657178;58.7738365;-0.00298269;0.01089412;58.8070000
9532.99999237061;58.7605498;58.7671012;0.01031693;-8.554864E-06;58.8070000
9534.00039672852;58.7993096;58.7828368;0.03847598;0.01143537;58.8070000
9535.00080108643;58.8079229;58.8104933;-0.003895762;0.02039781;58.8470000
9536.00025177002;58.8076836;58.8166923;-0.002982893;0.01092341;58.8470000
9537.00065612793;58.8027617;58.8098378;0.009732431;-9.331975E-05;58.8470000
9538.00010681152;58.8396758;58.8241428;0.03662648;0.01044103;58.8470000
9539.00051116943;58.8478789;58.8500112;-0.003675075;0.01896237;58.8870000
9540.00091552734;58.8476836;58.8559718;-0.002902617;0.01024992;58.8870000
9541.00036621094;58.8427617;58.8495345;0.009766224;-8.503464E-05;58.8870000
9542.00077056885;58.8796758;58.8641971;0.03662043;0.01063005;58.8870000
9543.00022125244;58.8878789;58.8902443;-0.003701047;0.01916737;58.9250000
9544.00062561035;58.8876494;58.8960857;-0.00282016;0.01028179;58.9250000
9545.00007629395;58.8829736;58.8899464;0.009217898;0.0001282271;58.9250000
9546.00048065186;58.9180420;58.9032382;0.03480044;0.00980244;58.9250000
9547.00088500977;58.9258350;58.9276761;-0.003470756;0.01789636;58.9630000
9548.00033569336;58.9256494;58.9333982;-0.00274356;0.009742863;58.9630000
9549.00074005127;58.9209736;58.9276166;0.009254644;0.0001400085;58.9630000
9550.00019073486;58.9560420;58.9415043;0.03477079;0.01015134;58.9630000
9551.00059509277;58.9638350;58.9662999;-0.003540258;0.01826667;59.0010000
9552.00004577637;58.9636494;58.9719623;-0.002806411;0.009850439;59.0010000
9553.00045013428;58.9589736;58.9658827;0.009224996;1.542382E-06;59.0010000
9554.00085449219;58.9940420;58.9794725;0.03477434;0.009923831;59.0010000
9555.00030517578;59.0018350;59.0041488;-0.003523423;0.01809513;59.0370000
9556.00070953369;59.0016152;59.0097518;-0.00268781;0.00976716;59.0370000
9557.00016021729;58.9971855;59.0037317;0.008739388;1.989933E-05;59.0370000
9558.0005645752;59.0304082;59.0163082;0.03297724;0.009236855;59.0370000
9559.00001525879;59.0377910;59.0394944;-0.003283538;0.01696726;59.0720000
9560.0004196167;59.0375981;59.0446801;-0.00252083;0.009074943;59.0720000
9561.00082397461;59.0332915;59.0390176;0.008567741;-3.58956E-05;59.0720000
9562.0002746582;59.0655913;59.0513557;0.03211995;0.009029654;59.0720000
9563.00067901611;59.0727690;59.0741247;-0.003158861;0.01666743;59.1070000
9564.00012969971;59.0725981;59.0791912;-0.002466358;0.008917714;59.1070000
9565.00053405762;59.0682915;59.0737671;0.008595651;5.423892E-05;59.1070000
9565.99998474121;59.1005913;59.0864032;0.03211465;0.00925385;59.1070000
9567.00038909912;59.1077690;59.1092914;-0.003177434;0.01681322;59.1410000
9568.00079345703;59.1075811;59.1144175;-0.002443986;0.009018345;59.1410000
9569.00024414063;59.1033975;59.1088147;0.008339137;-2.471214E-05;59.1410000
9570.00064849854;59.1347744;59.1209143;0.03120572;0.008847586;59.1410000
9571.00009918213;59.1417471;59.1431468;-0.003077826;0.01631705;59.1740000
9572.00050354004;59.1415640;59.1481537;-0.002367021;0.008774728;59.1740000
9573.00090789795;59.1375034;59.1428489;0.008084104;7.716353E-05;59.1740000
9574.00035858154;59.1679575;59.1545909;0.03027833;0.008629032;59.1740000
9575.00076293945;59.1747251;59.1759294;-0.002970117;0.0156779;59.2060000
9576.00021362305;59.1745469;59.1806978;-0.002268652;0.008391548;59.2060000
9577.00061798096;59.1706094;59.1754527;0.007877037;-1.005816E-05;59.2060000
9578.00006866455;59.2001406;59.1866582;0.02941884;0.008233818;59.2060000
9579.00047302246;59.2067031;59.2074007;-0.002827725;0.01518293;59.2380000
9580.00087738037;59.2065469;59.2121095;-0.002203105;0.008187355;59.2380000
9581.00032806396;59.2026094;59.2071623;0.007909393;7.86492E-05;59.2380000
9582.00073242188;59.2321406;59.2186659;0.02941798;0.008412874;59.2380000
9583.00018310547;59.2387031;59.2396468;-0.002855144;0.01534621;59.2680000
9584.00058746338;59.2385127;59.2443556;-0.002135376;0.008250113;59.2680000
9585.00003814697;59.2348213;59.2392892;0.007392823;2.94493E-05;59.2680000
9586.00044250488;59.2625068;59.2497200;0.02759655;0.007669884;59.2680000
9587.00084686279;59.2686592;59.2691511;-0.002632931;0.0142132;59.2980000
9588.00029754639;59.2685127;59.2734427;-0.002033663;0.007589077;59.2980000
9589.0007019043;59.2648213;59.2686147;0.007467974;-0.0001050739;59.2980000
9590.00015258789;59.2925068;59.2795819;0.02761194;0.007951088;59.2980000
9591.0005569458;59.2986592;59.2991918;-0.002637466;0.01441086;59.3270000
9592.00000762939;59.2984956;59.3034834;-0.001990624;0.007655554;59.3270000
9593.0004119873;59.2949272;59.2985363;0.007225486;-0.0001432086;59.3270000
9594.00081634521;59.3216899;59.3089074;0.02672367;0.007547359;59.3270000
9595.00026702881;59.3276372;59.3278616;-0.002517189;0.01389117;59.3560000
9596.00067138672;59.3274956;59.3320341;-0.001940564;0.007393508;59.3560000
9597.00012207031;59.3239272;59.3273253;0.007248996;-0.0001001398;59.3560000
9598.00052642822;59.3506899;59.3379348;0.02672062;0.007684559;59.3560000
9599.00093078613;59.3566372;59.3571871;-0.002553456;0.01409914;59.3830000
9600.00038146973;59.3564614;59.3613596;-0.001881683;0.007476323;59.3830000
9601.00078582764;59.3531392;59.3567104;0.006703667;-2.650827E-05;59.3830000
9602.00023651123;59.3780562;59.3662470;0.02487044;0.006984774;59.3830000
9603.00064086914;59.3835933;59.3838900;-0.00235337;0.0128802;59.4100000
9604.00009155273;59.3834614;59.3877643;-0.001815356;0.006866848;59.4100000
9605.00049591064;59.3801392;59.3833537;0.00674341;-8.605804E-05;59.4100000
9606.00090026855;59.4050562;59.3933075;0.0248637;0.00723606;59.4100000
9607.00035095215;59.4105933;59.4113081;-0.002399954;0.01320641;59.4360000
9608.00075531006;59.4104443;59.4151229;-0.001807736;0.006943983;59.4360000
9609.00020599365;59.4072451;59.4105930;0.006465526;-0.000136082;59.4360000
9610.00061035156;59.4312393;59.4198316;0.02395331;0.006748493;59.4360000
9611.00006103516;59.4365713;59.4370574;-0.002288535;0.0125931;59.4620000
9612.00046539307;59.4364443;59.4408125;-0.001773152;0.006698654;59.4620000
9613.00086975098;59.4332451;59.4366402;0.006460267;-3.154115E-06;59.4620000
9614.00032043457;59.4572393;59.4462365;0.0239082;0.007009652;59.4620000
9615.00072479248;59.4625713;59.4635814;-0.002346918;0.01273244;59.4860000
9616.00017547607;59.4624102;59.4673962;-0.001743028;0.006755638;59.4860000
9617.00057983398;59.4594570;59.4631643;0.005899441;-3.070236E-05;59.4860000
9618.00003051758;59.4816055;59.4715684;0.02205581;0.006183014;59.4860000
9619.00043487549;59.4865273;59.4873041;-0.002149049;0.01148135;59.5100000
9620.0008392334;59.4864102;59.4905824;-0.001652356;0.006029741;59.5100000
9621.00028991699;59.4834570;59.4865889;0.005963551;-0.0001276561;59.5100000
9622.0006942749;59.5056055;59.4955295;0.02206014;0.006463878;59.5100000
9623.0001449585;59.5105273;59.5117420;-0.002197839;0.01187967;59.5340000
9624.00054931641;59.5104102;59.5151991;-0.001721067;0.006267839;59.5340000
9625;59.5074570;59.5110864;0.005908121;-0.0001301727;59.5340000
9626.00040435791;59.5296055;59.5197290;0.02203791;0.006274682;59.5340000
9627.00080871582;59.5345273;59.5355242;-0.002173572;0.01155193;59.5560000
9628.00025939941;59.5343760;59.5390409;-0.001608293;0.006168602;59.5560000
9629.00066375732;59.5316689;59.5349283;0.005423304;-0.0001845144;59.5560000
9630.00011444092;59.5519717;59.5425576;0.0202416;0.005560955;59.5560000
9631.00051879883;59.5564834;59.5568627;-0.001932885;0.01044202;59.5780000
9632.00092315674;59.5563760;59.5600218;-0.001494748;0.005578462;59.5780000
9633.00037384033;59.5536689;59.5564456;0.005477085;-7.027094E-05;59.5780000
9634.00077819824;59.5739717;59.5645517;0.02024226;0.00586801;59.5780000
9635.00022888184;59.5784834;59.5789760;-0.001945509;0.01059731;59.5990000
9636.00063323975;59.5783589;59.5818371;-0.001426595;0.005424441;59.5990000
9637.00008392334;59.5757749;59.5781416;0.005259745;-0.0002101452;59.5990000
9638.00048828125;59.5951548;59.5856517;0.01937912;0.005425171;59.5990000
9639.00089263916;59.5994614;59.5994800;-0.00180676;0.0100898;59.6200000
9640.00034332275;59.5993589;59.6026392;-0.001404545;0.005423144;59.6200000
9641.00074768066;59.5967749;59.5993013;0.005241952;3.275125E-05;59.6200000
9642.00019836426;59.6161548;59.6071690;0.01932149;0.00573976;59.6200000
9643.00060272217;59.6204614;59.6211761;-0.001884317;0.01033072;59.6390000
9644.00005340576;59.6203247;59.6241564;-0.001367023;0.005420977;59.6390000
9645.00045776367;59.6179868;59.6208186;0.004681883;3.935504E-05;59.6390000
9646.00086212158;59.6355210;59.6275538;0.01746321;0.004984667;59.6390000
9647.00031280518;59.6394175;59.6401304;-0.001712242;0.009212193;59.6580000
9648.00071716309;59.6393247;59.6428127;-0.001328729;0.004847818;59.6580000
9649.00016784668;59.6369868;59.6397132;0.004693627;-5.265087E-05;59.6580000
9650.00057220459;59.6545210;59.6466869;0.01744838;0.005036648;59.6580000
9651.00002288818;59.6584175;59.6592635;-0.001727072;0.009181377;59.6770000
9652.00042724609;59.6583247;59.6617670;-0.001323637;0.004705;59.6770000
9653.000831604;59.6559868;59.6585483;0.004712;-0.0001639398;59.6770000
9654.0002822876;59.6735210;59.6655816;0.01746011;0.005085345;59.6770000
9655.00068664551;59.6774175;59.6781581;-0.001715328;0.009233871;59.6950000
9656.0001373291;59.6773076;59.6807808;-0.0012776;0.004803035;59.6950000
9657.00054168701;59.6750928;59.6776814;0.004445959;-6.783263E-05;59.6950000
9657.99999237061;59.6917041;59.6841186;0.01654828;0.004696155;59.6950000
9659.00039672852;59.6953955;59.6960395;-0.001618628;0.008704358;59.7120000
9660.00080108643;59.6952905;59.6985430;-0.001203531;0.004562214;59.7120000
9661.00025177002;59.6931987;59.6956224;0.004201312;-3.640063E-05;59.7120000
9662.00065612793;59.7088872;59.7018212;0.01561801;0.004525711;59.7120000
9663.00010681152;59.7123735;59.7132057;-0.001553659;0.008346572;59.7280000
9664.00051116943;59.7122734;59.7155900;-0.001161194;0.004363121;59.7280000
9665.00091552734;59.7103047;59.7128481;0.003924953;-1.298678E-05;59.7280000
9666.00036621094;59.7250703;59.7185701;0.01468257;0.004178656;59.7280000
9667.00077056885;59.7283516;59.7291201;-0.001460624;0.007703938;59.7440000
9668.00022125244;59.7282734;59.7310872;-0.001105173;0.003871671;59.7440000
9669.00062561035;59.7263047;59.7284646;0.003967682;-9.802735E-05;59.7440000
9670.00007629395;59.7410703;59.7344845;0.01469211;0.004338555;59.7440000
9671.00048065186;59.7443516;59.7452730;-0.00147766;0.007905697;59.7600000
9672.00088500977;59.7442734;59.7474188;-0.001142119;0.004048876;59.7600000
9673.00033569336;59.7423047;59.7447366;0.003937377;-9.75178E-05;59.7600000
9674.00074005127;59.7570703;59.7506374;0.01467507;0.004260507;59.7600000
9675.00019073486;59.7603516;59.7612470;-0.001474763;0.007774595;59.7740000
9676.00059509277;59.7602393;59.7634525;-0.001050715;0.004050802;59.7740000
9677.00004577637;59.7585166;59.7610683;0.003397987;8.50718E-05;59.7740000
9678.00045013428;59.7714365;59.7661942;0.01279763;0.003777726;59.7740000
9679.00085449219;59.7743076;59.7753137;-0.001315222;0.00671488;59.7890000
9680.00030517578;59.7742563;59.7771020;-0.001059248;0.003438418;59.7890000
9681.00070953369;59.7724106;59.7746582;0.003694891;-0.0001455491;59.7890000
9682.00016021729;59.7862534;59.7805589;0.0137204;0.004207951;59.7890000
9683.0005645752;59.7893296;59.7907513;-0.001447465;0.007516602;59.8020000
9684.00001525879;59.7892222;59.7927184;-0.001032767;0.003810601;59.8020000
9685.0004196167;59.7876226;59.7902746;0.003123791;-2.850182E-05;59.8020000
9686.00082397461;59.7996196;59.7948044;0.01187764;0.003335312;59.8020000
9687.0002746582;59.8022856;59.8030895;-0.001206756;0.00606957;59.8150000
9688.00067901611;59.8022222;59.8047584;-0.0009258062;0.003130869;59.8150000
9689.00012969971;59.8006226;59.8026127;0.003197538;-0.0001003204;59.8150000
9690.00053405762;59.8126196;59.8076194;0.01189826;0.003551772;59.8150000
9690.99998474121;59.8152856;59.8162025;-0.001219346;0.006317453;59.8280000
9692.00038909912;59.8152222;59.8177523;-0.0009251266;0.003156785;59.8280000
9693.00079345703;59.8136226;59.8156066;0.003198218;-7.799622E-05;59.8280000
9694.00024414063;59.8256196;59.8206728;0.01189231;0.003625862;59.8280000
9695.00064849854;59.8282856;59.8293155;-0.001231936;0.006399984;59.8400000
9696.00009918213;59.8282051;59.8310441;-0.0009100643;0.00330034;59.8400000
9697.00050354004;59.8267285;59.8289580;0.002907844;-3.372686E-06;59.8400000
9698.00090789795;59.8378027;59.8333090;0.01096943;0.003159902;59.8400000
9699.00035858154;59.8402637;59.8408788;-0.001099783;0.005592245;59.8510000
9700.00076293945;59.8401880;59.8421306;-0.0007607105;0.002700634;59.8510000
9701.00021362305;59.8388345;59.8402233;0.002738492;-0.0001194326;59.8510000
9702.00061798096;59.8489858;59.8443955;0.01010779;0.002961686;59.8510000
9703.00006866455;59.8512417;59.8517269;-0.0009993722;0.005371511;59.8620000
9704.00047302246;59.8511880;59.8530383;-0.0007504267;0.002667592;59.8620000
9705.00087738037;59.8498345;59.8513097;0.002728866;-7.560888E-06;59.8620000
9706.00032806396;59.8599858;59.8555416;0.01009152;0.003071066;59.8620000
9707.00073242188;59.8622417;59.8627537;-0.001002358;0.005375254;59.8720000
9708.00018310547;59.8621709;59.8640651;-0.0007058387;0.002687574;59.8720000
9709.00058746338;59.8609404;59.8623366;0.002474647;-1.874885E-05;59.8720000
9710.00003814697;59.8701689;59.8660320;0.00918488;0.002639796;59.8720000
9711.00044250488;59.8722197;59.8725885;-0.0009004657;0.004779945;59.8820000
9712.00084686279;59.8721709;59.8738402;-0.0006807809;0.002443458;59.8820000
9713.00029754639;59.8709404;59.8722310;0.002486413;-4.855125E-09;59.8820000
9714.0007019043;59.8801689;59.8761052;0.009176725;0.002778863;59.8820000
9715.00015258789;59.8822197;59.8827213;-0.000915262;0.004890085;59.8910000
9716.0005569458;59.8821538;59.8839135;-0.0006413739;0.002436021;59.8910000
9717.00000762939;59.8810464;59.8823638;0.002220406;1.992317E-05;59.8910000
9718.0004119873;59.8893521;59.8857015;0.008258304;0.002447723;59.8910000
9719.00081634521;59.8911978;59.8914832;-0.000805236;0.004289086;59.9000000
9720.00026702881;59.8911538;59.8925560;-0.0006015421;0.002168923;59.9000000
9721.00067138672;59.8900464;59.8911256;0.002246945;-1.834003E-06;59.9000000
9722.00012207031;59.8983521;59.8947614;0.00825163;0.002610909;59.9000000
9723.00052642822;59.9001978;59.9006027;-0.0008185504;0.004371484;59.9080000
9724.00093078613;59.9001367;59.9015564;-0.0005540128;0.002096663;59.9080000
9725.00038146973;59.8991523;59.9001855;0.00198905;-1.119699E-05;59.9080000
9726.00078582764;59.9065352;59.9032253;0.007347947;0.002162795;59.9080000
9727.00023651123;59.9081758;59.9084705;-0.0007203347;0.003859525;59.9160000
9728.00064086914;59.9081367;59.9094242;-0.0005392834;0.001946316;59.9160000
9729.00009155273;59.9071523;59.9082322;0.001983847;4.423451E-05;59.9160000
9730.00049591064;59.9145352;59.9115699;0.007309552;0.002383757;59.9160000
9731.00090026855;59.9161758;59.9168747;-0.0007653696;0.003980038;59.9240000
9732.00035095215;59.9161367;59.9177689;-0.000577689;0.001939972;59.9240000
9733.00075531006;59.9151523;59.9164576;0.001958733;-3.130592E-05;59.9240000
9734.00020599365;59.9225352;59.9197954;0.007284428;0.002352423;59.9240000
9735.00061035156;59.9241758;59.9251002;-0.0007904943;0.003969599;59.9310000
9736.00006103516;59.9241196;59.9259944;-0.0005552397;0.001933891;59.9310000
9737.00046539307;59.9232583;59.9246234;0.00168905;-5.231919E-05;59.9310000
9738.00086975098;59.9297183;59.9273652;0.006368947;0.001939784;59.9310000
9739.00032043457;59.9311538;59.9318355;-0.0006775158;0.003315256;59.9370000
9740.00072479248;59.9311025;59.9324317;-0.0004449712;0.001509906;59.9370000
9741.00017547607;59.9303643;59.9314184;0.00146068;-6.67138E-06;59.9370000
9742.00057983398;59.9359014;59.9339813;0.005448307;0.001809825;59.9370000
9743.00003051758;59.9371318;59.9377960;-0.0005896285;0.00290243;59.9430000
9744.00043487549;59.9371025;59.9382133;-0.0004206376;0.00129214;59.9430000
9745.0008392334;59.9363643;59.9372000;0.001485013;-8.86721E-05;59.9430000
9746.00028991699;59.9419014;59.9398821;0.00545936;0.001846415;59.9430000
9747.0006942749;59.9431318;59.9437564;-0.0005852164;0.002949045;59.9490000
9748.0001449585;59.9431025;59.9441738;-0.0004162366;0.001303405;59.9490000
9749.00054931641;59.9423643;59.9433393;0.001469493;3.71935E-05;59.9490000
9750;59.9479014;59.9459618;0.00545048;0.001859324;59.9490000
9751.00040435791;59.9491318;59.9498361;-0.0005940964;0.002935933;59.9540000
9752.00080871582;59.9490854;59.9502534;-0.0003775315;0.001292021;59.9540000
9753.00025939941;59.9484702;59.9493594;0.001216032;-4.808296E-06;59.9540000
9754.00066375732;59.9530845;59.9513858;0.004551244;0.001435432;59.9540000
9755.00011444092;59.9541099;59.9545449;-0.0004781541;0.002365244;59.9590000
9756.00051879883;59.9540854;59.9548430;-0.0003318057;0.0009967225;59.9590000
9757.00092315674;59.9534702;59.9541277;0.001241847;1.354062E-06;59.9590000
9758.00037384033;59.9580845;59.9563330;0.004557127;0.00155526;59.9590000
9759.00077819824;59.9591099;59.9594921;-0.0004722713;0.002411375;59.9640000
9760.00022888184;59.9590854;59.9597902;-0.0003259229;0.001024253;59.9640000
9761.00063323975;59.9584702;59.9590749;0.00124773;2.282012E-05;59.9640000
9762.00008392334;59.9630845;59.9613994;0.004549728;0.001631214;59.9640000
9763.00048828125;59.9641099;59.9646777;-0.0004929503;0.002528553;59.9680000
9764.00089263916;59.9640684;59.9649162;-0.0002923765;0.001033876;59.9680000
9765.00034332275;59.9635762;59.9642009;0.0009824807;6.702843E-06;59.9680000
9766.00074768066;59.9672676;59.9659890;0.003632041;0.001238922;59.9680000
9767.00019836426;59.9680879;59.9683732;-0.0003755374;0.001835567;59.9720000
9768.00060272217;59.9680684;59.9684329;-0.0002385284;0.0006615189;59.9720000
9769.00005340576;59.9675762;59.9678368;0.001023048;-6.306858E-05;59.9720000
9770.00045776367;59.9712676;59.9698633;0.003646047;0.00138182;59.9720000
9771.00086212158;59.9720879;59.9723071;-0.0003681727;0.001940739;59.9760000
9772.00031280518;59.9720684;59.9724264;-0.0002378041;0.0007583905;59.9760000
9773.00071716309;59.9715762;59.9717707;0.001030413;-5.8794E-05;59.9760000
9774.00016784668;59.9752676;59.9737376;0.003660052;0.001330689;59.9760000
9775.00057220459;59.9760879;59.9763602;-0.000374089;0.002024195;59.9790000
9776.00002288818;59.9760513;59.9765391;-0.000202787;0.000820316;59.9790000
9777.00042724609;59.9756821;59.9759430;0.0007599936;-1.699316E-05;59.9790000
9778.000831604;59.9784507;59.9773735;0.002737206;0.0009900967;59.9790000
9779.0002822876;59.9790659;59.9791020;-0.0002618347;0.00135719;59.9820000
9780.00068664551;59.9790513;59.9790425;-0.0001484375;0.0004319102;59.9820000
9781.0001373291;59.9786821;59.9786253;0.000795391;-3.297195E-05;59.9820000
9782.00054168701;59.9814507;59.9802345;0.002752693;0.001070849;59.9820000
9782.99999237061;59.9820659;59.9820226;-0.0002529881;0.001426834;59.9850000
9784.00039672852;59.9820513;59.9819631;-0.0001386105;0.0004437303;59.9850000
9785.00080108643;59.9816821;59.9814863;0.000810878;-8.41069E-05;59.9850000
9786.00025177002;59.9844507;59.9831551;0.00276154;0.001086604;59.9850000
9787.00065612793;59.9850659;59.9850625;-0.0002578125;0.001500763;59.9870000
9788.00010681152;59.9850342;59.9850030;-9.548211E-05;0.0004846003;59.9870000
9789.00051116943;59.9847881;59.9845261;0.000555233;-6.021583E-05;59.9870000
9790.00091552734;59.9866338;59.9857181;0.001846817;0.0007462332;59.9870000
9791.00036621094;59.9870439;59.9869698;-0.0001636189;0.0009810465;59.9890000
9792.00077056885;59.9870342;59.9867911;-7.187273E-05;0.000220904;59.9890000
9793.00022125244;59.9867881;59.9865527;0.0005522693;-2.573772E-05;59.9890000
9794.00062561035;59.9886338;59.9876255;0.001857134;0.0007129582;59.9890000
9795.00007629395;59.9890439;59.9886983;-0.0001333691;0.0008636583;59.9910000
9796.00048065186;59.9890342;59.9885196;-4.162287E-05;0.0001993912;59.9910000
9797.00088500977;59.9887881;59.9882812;0.0005825192;-3.779704E-05;59.9910000
9798.00033569336;59.9906338;59.9894136;0.001880743;0.0007231394;59.9910000
9799.00074005127;59.9910439;59.9906057;-0.0001230518;0.000947155;59.9930000
9800.00019073486;59.9910342;59.9904270;-3.130561E-05;0.0002325228;59.9930000
9801.00059509277;59.9907881;59.9901886;0.0005928364;-2.534356E-05;59.9930000
9802.00004577637;59.9926338;59.9913209;0.001891072;0.0007381387;59.9930000
9803.00045013428;59.9930439;59.9924534;-0.0001060829;0.0009127935;59.9940000
9804.00085449219;59.9930171;59.9922747;3.323721E-05;0.0002138982;59.9940000
9805.00030517578;59.9928940;59.9920959;0.0003519431;-1.972871E-06;59.9940000
9806.00070953369;59.9938169;59.9928111;0.0009844595;0.0004602894;59.9940000
9807.00016021729;59.9940220;59.9932879;-4.145877E-06;0.0004364818;59.9950000
9808.0005645752;59.9940171;59.9930496;5.83173E-05;4.022917E-07;59.9950000
9809.00001525879;59.9938940;59.9929899;0.0003637534;4.180147E-07;59.9950000
9810.0004196167;59.9948169;59.9935263;0.001016191;0.0003470142;59.9950000
9811.00082397461;59.9950220;59.9938243;4.75073E-05;0.0002842886;59.9960000
9812.0002746582;59.9950171;59.9934668;0.0001232514;-0.0001069073;59.9960000
9813.00067901611;59.9948940;59.9935859;0.0004087661;5.31E-05;59.9960000
9814.00012969971;59.9958169;59.9941224;0.001061193;0.0003329985;59.9960000
9815.00053405762;59.9960220;59.9943012;0.0001057898;0.0002154857;59.9970000
9816.00093841553;59.9960171;59.9941225;0.0001616125;-9.487195E-06;59.9970000
9817.00038909912;59.9958940;59.9941224;0.0004604081;2.008601E-05;59.9970000
9818.00079345703;59.9968169;59.9946588;0.001112846;0.0003360063;59.9970000
9819.00024414063;59.9970220;59.9949568;0.000144162;0.0002999023;59.9980000
9820.00064849854;59.9970171;59.9948377;0.0001933442;3.264833E-05;59.9980000
9821.00009918213;59.9968940;59.9947781;0.0004987692;-2.448348E-05;59.9980000
9822.00050354004;59.9978169;59.9953741;0.001144567;0.0003727084;59.9980000
9823.00090789795;59.9980220;59.9958509;0.0001559611;0.0004146179;59.9990000
9824.00035858154;59.9980171;59.9958510;0.0001918624;0.000140715;59.9990000
9825.00076293945;59.9978940;59.9957318;0.0005039278;-3.954948E-06;59.9990000
9826.00021362305;59.9988169;59.9962085;0.001163017;0.0003004651;59.9990000
9827.00061798096;59.9990220;59.9968046;0.0001611197;0.0004566234;59.9990000
9828.00006866455;59.9990000;59.9969238;0.0002313251;0.0002492243;59.9990000
9829.00047302246;59.9990000;59.9968643;0.0002379544;5.99882E-05;59.9990000
9830.00087738037;59.9990000;59.9968643;0.0002379544;2.338006E-05;59.9990000
9831.00032806396;59.9990000;59.9969834;0.0002246846;6.170094E-05;59.9990000
9832.00073242188;59.9990000;59.9969834;0.0002246846;2.404759E-05;59.9990000
9833.00018310547;59.9990000;59.9969834;0.0002246846;9.372413E-06;59.9990000
9834.00058746338;59.9990000;59.9970430;0.0002180441;5.663062E-05;59.9990000
9835.00003814697;59.9990000;59.9970430;0.0002180441;2.207146E-05;60.0000000
9836.00044250488;59.9990171;59.9970430;0.0001704702;8.602229E-06;60.0000000
9837.00084686279;59.9988940;59.9970430;0.0004692546;3.35267E-06;60.0000000
9838.00029754639;59.9998169;59.9974602;0.001134973;0.0002860099;60.0000000
9839.0007019043;60.0000220;59.9981159;0.0001264355;0.0004884839;60.0000000
9840.00015258789;60.0000000;59.9984139;0.0001767193;0.0003505396;60.0000000
9841.0005569458;60.0000000;59.9984735;0.0001700789;0.0001598496;60.0000000
9842.00000762939;60.0000000;59.9985331;0.0001634384;0.0001041595;60.0000000
9843.0004119873;60.0000000;59.9985927;0.0001567979;8.245454E-05;60.0000000
9844.00081634521;60.0000000;59.9985927;0.0001567979;3.213619E-05;60.0000000
9845.00026702881;60.0000000;59.9985927;0.0001567979;1.25249E-05;60.0000000
9846.00067138672;60.0000000;59.9986523;0.0001501574;5.197287E-05;60.0000000
9847.00012207031;60.0000000;59.9985928;0.0001567868;-3.263276E-05;60.0000000
9848.00052642822;60.0000000;59.9986523;0.0001501574;4.017046E-05;60.0000000
9849.00093078613;60.0000000;59.9986523;0.0001501574;1.565621E-05;60.0000000
9850.00038146973;60.0000000;59.9986523;0.0001501574;6.101919E-06;60.0000000
9851.00078582764;60.0000000;59.9986523;0.0001501574;2.378189E-06;60.0000000
9852.00023651123;60.0000000;59.9987119;0.0001435169;2.705924E-05;60.0000000
9853.00064086914;60.0000000;59.9987119;0.0001435169;1.054619E-05;60.0000000
9854.00009155273;60.0000000;59.9987119;0.0001435169;9.986862E-06;60.0000000
9855.00049591064;60.0000000;59.9987715;0.0001368764;4.110031E-05;60.0000000
9856.00090026855;60.0000000;59.9987715;0.0001368764;1.601862E-05;60.0000000
9857.00035095215;60.0000000;59.9987715;0.0001368764;6.243165E-06;60.0000000
9858.00075531006;60.0000000;59.9988311;0.000130236;4.429222E-05;60.0000000
9859.00020599365;60.0000000;59.9988311;0.000130236;1.726264E-05;60.0000000
9860.00061035156;60.0000000;59.9987716;0.0001368653;-1.646177E-05;60.0000000
9861.00006103516;60.0000000;59.9988311;0.000130236;2.660239E-05;60.0000000
9862.00046539307;60.0000000;59.9988311;0.000130236;1.036813E-05;60.0000000
9863.00086975098;60.0000000;59.9988311;0.000130236;4.040921E-06;60.0000000
9864.00032043457;60.0000000;59.9988311;0.000130236;1.574926E-06;60.0000000
9865.00072479248;60.0000000;59.9988311;0.000130236;6.138185E-07;60.0000000
9866.00017547607;60.0000000;59.9988311;0.000130236;2.392323E-07;60.0000000
9867.00057983398;60.0000000;59.9988311;0.000130236;9.323944E-08;60.0000000
9868.00003051758;60.0000000;59.9988311;0.000130236;3.633955E-08;60.0000000
9869.00043487549;60.0000000;59.9988311;0.000130236;1.416313E-08;60.0000000
9870.0008392334;60.0000000;59.9988311;0.000130236;5.52E-09;60.0000000
9871.00028991699;60.0000000;59.9988311;0.000130236;2.151388E-09;60.0000000
9872.0006942749;60.0000000;59.9988907;0.0001235955;2.61332E-05;60.0000000
9873.0001449585;60.0000000;59.9988907;0.0001235955;1.018526E-05;60.0000000
9874.00054931641;60.0000000;59.9988907;0.0001235955;3.969649E-06;60.0000000
9875;60.0000000;59.9988907;0.0001235955;1.547148E-06;60.0000000
9876.00040435791;60.0000000;59.9988907;0.0001235955;6.029923E-07;60.0000000
9877.00080871582;60.0000000;59.9988907;0.0001235955;2.350128E-07;60.0000000
9878.00025939941;60.0000000;59.9989503;0.000116955;3.316536E-05;60.0000000
9879.00066375732;60.0000000;59.9989503;0.000116955;1.292601E-05;60.0000000
9880.00011444092;60.0000000;59.9989503;0.000116955;5.03784E-06;60.0000000
9881.00051879883;60.0000000;59.9989503;0.000116955;1.96347E-06;60.0000000
9882.00092315674;60.0000000;59.9989504;0.0001169438;-5.032285E-06;60.0000000
9883.00037384033;60.0000000;59.9989504;0.0001169438;-1.961305E-06;60.0000000
9884.00077819824;60.0000000;59.9989504;0.0001169438;-7.644073E-07;60.0000000
9885.00022888184;60.0000000;59.9990099;0.0001103145;3.3992E-05;60.0000000
9886.00063323975;60.0000000;59.9990099;0.0001103145;1.324819E-05;60.0000000
9887.00008392334;60.0000000;59.9990099;0.0001103145;5.163408E-06;60.0000000
9888.00048828125;60.0000000;59.9990099;0.0001103145;2.012409E-06;60.0000000
9889.00089263916;60.0000000;59.9990099;0.0001103145;7.84325E-07;60.0000000
9890.00034332275;60.0000000;59.9990099;0.0001103145;3.056863E-07;60.0000000
9891.00074768066;60.0000000;59.9990695;0.000103674;3.31929E-05;60.0000000
9892.00019836426;60.0000000;59.9990695;0.000103674;1.293675E-05;60.0000000
9893.00060272217;60.0000000;59.9990100;0.0001103034;-3.210353E-05;60.0000000
9894.00005340576;60.0000000;59.9990695;0.000103674;2.463339E-05;60.0000000
9895.00045776367;60.0000000;59.9990695;0.000103674;9.600723E-06;60.0000000
9896.00086212158;60.0000000;59.9990695;0.000103674;3.741828E-06;60.0000000
9897.00031280518;60.0000000;59.9991292;9.702239E-05;5.452503E-05;60.0000000
9898.00071716309;60.0000000;59.9991292;9.702239E-05;2.125082E-05;60.0000000
9899.00016784668;60.0000000;59.9991292;9.702239E-05;8.282387E-06;60.0000000
9900.00057220459;60.0000000;59.9991292;9.702239E-05;3.228014E-06;60.0000000
9901.00002288818;60.0000000;59.9991888;9.038191E-05;5.423588E-05;60.0000000
9902.00042724609;60.0000000;59.9991888;9.038191E-05;2.113813E-05;60.0000000
9903.000831604;60.0000000;59.9991888;9.038191E-05;8.238466E-06;60.0000000
9904.0002822876;60.0000000;59.9991888;9.038191E-05;3.210896E-06;60.0000000
9905.00068664551;60.0000000;59.9991888;9.038191E-05;1.251428E-06;60.0000000
9906.0001373291;60.0000000;59.9993080;7.710094E-05;7.669428E-05;60.0000000
9907.00054168701;60.0000000;59.9992485;8.373028E-05;-3.127117E-06;60.0000000
9908.00094604492;60.0000000;59.9993080;7.710094E-05;2.486974E-05;60.0000000
9909.00039672852;60.0000000;59.9993676;7.046045E-05;4.276661E-05;60.0000000
9910.00080108643;60.0000000;59.9993676;7.046045E-05;1.666804E-05;60.0000000
9911.00025177002;60.0000000;59.9994868;5.717948E-05;8.270281E-05;60.0000000
9912.00065612793;60.0000000;59.9995464;5.053899E-05;6.944094E-05;60.0000000
9913.00010681152;60.0000000;59.9997252;3.061754E-05;0.0001512999;60.0000000
9914.00051116943;60.0000000;60.0000232;-2.584887E-06;0.0002447389;60.0000000
9915.00091552734;60.0000000;60.0004405;-4.907942E-05;0.0003691021;60.0000000
9916.00036621094;60.0000000;60.0009173;-0.0001022033;0.0004348253;60.0000000
9917.00077056885;60.0000000;60.0013345;-0.0001486867;0.0004126952;60.0000000
9918.00022125244;60.0000000;60.0018114;-0.0002018217;0.0004626776;60.0000000
9919.00062561035;60.0000000;60.0021094;-0.0002350241;0.0003608642;60.0000000
9920.00007629395;60.0000000;60.0022286;-0.0002483051;0.0002109266;60.0000000
9921.00048065186;60.0000000;60.0022882;-0.0002549456;0.0001152812;60.0000000
9922.00088500977;60.0000000;60.0022882;-0.0002549456;4.49302E-05;60.0000000
9923.00033569336;60.0000000;60.0022882;-0.0002549456;1.751129E-05;60.0000000
9924.00074005127;60.0000000;60.0022882;-0.0002549456;6.824926E-06;60.0000000
9925.00019073486;60.0000000;60.0022882;-0.0002549456;2.659976E-06;60.0000000
9926.00059509277;60.0000000;60.0022882;-0.0002549456;1.036711E-06;60.0000000
9927.00004577637;60.0000000;60.0022882;-0.0002549456;4.040522E-07;60.0000000
9928.00045013428;60.0000000;60.0022882;-0.0002549456;1.57477E-07;60.0000000
9929.00085449219;60.0000000;60.0022882;-0.0002549456;6.137579E-08;60.0000000
9930.00030517578;60.0000000;60.0022882;-0.0002549456;2.392087E-08;60.0000000
9931.00070953369;60.0000000;60.0022882;-0.0002549456;9.323022E-09;60.0000000
9932.00016021729;60.0000000;60.0022882;-0.0002549456;3.633595E-09;60.0000000
9933.0005645752;60.0000000;60.0022882;-0.0002549456;1.416173E-09;60.0000000
9934.00001525879;60.0000000;60.0022882;-0.0002549456;5.519454E-10;60.0000000
9935.0004196167;60.0000000;60.0022882;-0.0002549456;2.151176E-10;60.0000000
9936.00082397461;60.0000000;60.0022882;-0.0002549456;8.384087E-11;60.0000000
9937.0002746582;60.0000000;60.0022287;-0.0002483162;-2.934955E-05;60.0000000
9938.00067901611;60.0000000;60.0022882;-0.0002549456;2.157945E-05;60.0000000
9939.00012969971;60.0000000;60.0022882;-0.0002549456;8.41047E-06;60.0000000
9940.00053405762;60.0000000;60.0021691;-0.0002416758;-6.793063E-05;60.0000000
9941.00093841553;60.0000000;60.0022286;-0.0002483051;6.542694E-06;60.0000000
9942.00038909912;60.0000000;60.0022286;-0.0002483051;2.549978E-06;60.0000000
9943.00079345703;60.0000000;60.0021691;-0.0002416758;-2.219595E-05;60.0000000
9944.00024414063;60.0000000;60.0022286;-0.0002483051;4.423814E-05;60.0000000
9945.00064849854;60.0000000;60.0021691;-0.0002416758;-2.977078E-05;60.0000000
9946.00009918213;60.0000000;60.0021691;-0.0002416758;-1.160299E-05;60.0000000
9947.00050354004;60.0000000;60.0021691;-0.0002416758;-4.522201E-06;60.0000000
9948.00090789795;60.0000000;60.0021691;-0.0002416758;-1.762503E-06;60.0000000
9949.00035858154;60.0000000;60.0021691;-0.0002416758;-6.869254E-07;60.0000000
9950.00076293945;60.0000000;60.0021691;-0.0002416758;-2.677253E-07;60.0000000
9951.00021362305;60.0000000;60.0021691;-0.0002416758;-1.043444E-07;60.0000000
9952.00061798096;60.0000000;60.0021691;-0.0002416758;-4.066765E-08;60.0000000
9953.00006866455;60.0000000;60.0021095;-0.0002350353;-2.614821E-05;60.0000000
9954.00047302246;60.0000000;60.0021095;-0.0002350353;-1.019112E-05;60.0000000
9955.00087738037;60.0000000;60.0021095;-0.0002350353;-3.97193E-06;60.0000000
9956.00032806396;60.0000000;60.0021095;-0.0002350353;-1.548037E-06;60.0000000
9957.00073242188;60.0000000;60.0021095;-0.0002350353;-6.033388E-07;60.0000000
9958.00018310547;60.0000000;60.0021095;-0.0002350353;-2.351479E-07;60.0000000
9959.00058746338;60.0000000;60.0021095;-0.0002350353;-9.164756E-08;60.0000000
9960.00003814697;60.0000000;60.0020499;-0.0002283948;-2.943462E-05;60.0000000
9961.00044250488;60.0000000;60.0021094;-0.0002350241;1.171781E-05;60.0000000
9962.00084686279;60.0000000;60.0020499;-0.0002283948;-3.72218E-05;60.0000000
9963.00029754639;60.0000000;60.0020499;-0.0002283948;-1.450699E-05;60.0000000
9964.0007019043;60.0000000;60.0020499;-0.0002283948;-5.654017E-06;60.0000000
9965.00015258789;60.0000000;60.0020499;-0.0002283948;-2.203621E-06;60.0000000
9966.0005569458;60.0000000;60.0020499;-0.0002283948;-8.588488E-07;60.0000000
9967.00000762939;60.0000000;60.0020499;-0.0002283948;-3.347315E-07;60.0000000
9968.0004119873;60.0000000;60.0020499;-0.0002283948;-1.304597E-07;60.0000000
9969.00081634521;60.0000000;60.0020499;-0.0002283948;-5.084592E-08;60.0000000
9970.00026702881;60.0000000;60.0019903;-0.0002217543;-4.18788E-05;60.0000000
9971.00067138672;60.0000000;60.0019903;-0.0002217543;-1.632202E-05;60.0000000
9972.00012207031;60.0000000;60.0019903;-0.0002217543;-6.361417E-06;60.0000000
9973.00052642822;60.0000000;60.0019903;-0.0002217543;-2.479326E-06;60.0000000
9974.00093078613;60.0000000;60.0019903;-0.0002217543;-9.663033E-07;60.0000000
9975.00038146973;60.0000000;60.0019903;-0.0002217543;-3.766112E-07;60.0000000
9976.00078582764;60.0000000;60.0019903;-0.0002217543;-1.467821E-07;60.0000000
9977.00023651123;60.0000000;60.0019903;-0.0002217543;-5.720749E-08;60.0000000
9978.00064086914;60.0000000;60.0019307;-0.0002151138;-2.325106E-05;60.0000000
9979.00009155273;60.0000000;60.0019902;-0.0002217432;1.702654E-05;60.0000000
9980.00049591064;60.0000000;60.0019307;-0.0002151138;-2.638228E-05;60.0000000
9981.00090026855;60.0000000;60.0019307;-0.0002151138;-1.028234E-05;60.0000000
9982.00035095215;60.0000000;60.0019307;-0.0002151138;-4.007486E-06;60.0000000
9983.00075531006;60.0000000;60.0019307;-0.0002151138;-1.561895E-06;60.0000000
9984.00020599365;60.0000000;60.0019307;-0.0002151138;-6.087396E-07;60.0000000
9985.00061035156;60.0000000;60.0019307;-0.0002151138;-2.372528E-07;60.0000000
9986.00006103516;60.0000000;60.0019307;-0.0002151138;-9.246796E-08;60.0000000
9987.00046539307;60.0000000;60.0019307;-0.0002151138;-3.603886E-08;60.0000000
9988.00086975098;60.0000000;60.0019307;-0.0002151138;-1.404594E-08;60.0000000
9989.00032043457;60.0000000;60.0018711;-0.0002084734;-4.709683E-05;60.0000000
9990.00072479248;60.0000000;60.0018711;-0.0002084734;-1.835572E-05;60.0000000
9991.00017547607;60.0000000;60.0018711;-0.0002084734;-7.154038E-06;60.0000000
9992.00057983398;60.0000000;60.0018711;-0.0002084734;-2.788246E-06;60.0000000
9993.00003051758;60.0000000;60.0018711;-0.0002084734;-1.086703E-06;60.0000000
9994.00043487549;60.0000000;60.0018711;-0.0002084734;-4.235364E-07;60.0000000
9995.0008392334;60.0000000;60.0018711;-0.0002084734;-1.650709E-07;60.0000000
9996.00028991699;60.0000000;60.0018711;-0.0002084734;-6.433545E-08;60.0000000
9997.0006942749;60.0000000;60.0018711;-0.0002084734;-2.507438E-08;60.0000000
9998.0001449585;60.0000000;60.0018711;-0.0002084734;-9.772598E-09;60.0000000
9999.00054931641;60.0000000;60.0018711;-0.0002084734;-3.808815E-09;60.0000000
10000;60.0000000;60.0018115;-0.0002018329;-2.323025E-05;60.0000000
10001.0004043579;60.0000000;60.0018115;-0.0002018329;-9.053856E-06;60.0000000
10002.0008087158;60.0000000;60.0018115;-0.0002018329;-3.528689E-06;60.0000000
10003.0002593994;60.0000000;60.0018114;-0.0002018217;1.101456E-05;60.0000000
10004.0006637573;60.0000000;60.0018114;-0.0002018217;4.292864E-06;60.0000000
10005.0001144409;60.0000000;60.0017519;-0.0001951924;-4.533923E-05;60.0000000
10006.0005187988;60.0000000;60.0018114;-0.0002018217;2.411804E-05;60.0000000
10007.0009231567;60.0000000;60.0018114;-0.0002018217;9.399871E-06;60.0000000
10008.0003738403;60.0000000;60.0017519;-0.0001951924;-2.242497E-05;60.0000000
10009.0007781982;60.0000000;60.0017519;-0.0001951924;-2.273408E-05;60.0000000
10010.0002288818;60.0000000;60.0017519;-0.0001951924;-1.868896E-05;60.0000000
10011.0006332397;60.0000000;60.0017519;-0.0001951924;-7.283918E-06;60.0000000
10012.0000839233;60.0000000;60.0018114;-0.0002018217;3.894989E-05;60.0000000
10013.0004882813;60.0000000;60.0017519;-0.0001951924;-1.783778E-05;60.0000000
10014.0008926392;60.0000000;60.0016923;-0.0001885519;-3.018093E-05;60.0000000
10015.0003433228;60.0000000;60.0016923;-0.0001885519;-1.176285E-05;60.0000000
10016.0007476807;60.0000000;60.0016923;-0.0001885519;-4.584503E-06;60.0000000
10017.0001983643;60.0000000;60.0016923;-0.0001885519;-1.786784E-06;60.0000000
10018.0006027222;60.0000000;60.0016923;-0.0001885519;-6.96389E-07;60.0000000
10019.0000534058;60.0000000;60.0016923;-0.0001885519;-2.714137E-07;60.0000000
10020.0004577637;60.0000000;60.0016326;-0.0001819003;-5.317245E-05;60.0000000
10021.0008621216;60.0000000;60.0016922;-0.0001885408;2.63677E-05;60.0000000
10022.0003128052;60.0000000;60.0016922;-0.0001885408;1.027666E-05;60.0000000
10023.0007171631;60.0000000;60.0016922;-0.0001885408;4.005271E-06;60.0000000
10024.0001678467;60.0000000;60.0016325;-0.0001818891;-2.744094E-05;60.0000000
10025.0005722046;60.0000000;60.0016325;-0.0001818891;-1.069495E-05;60.0000000
10026.0000228882;60.0000000;60.0016325;-0.0001818891;-4.168296E-06;60.0000000
10027.0004272461;60.0000000;60.0015730;-0.0001752598;-2.771308E-05;60.0000000
10028.000831604;60.0000000;60.0016325;-0.0001818891;1.528749E-05;60.0000000
10029.0002822876;60.0000000;60.0015730;-0.0001752598;-3.583054E-05;60.0000000
10030.0006866455;60.0000000;60.0016325;-0.0001818891;1.212376E-05;60.0000000
10031.0001373291;60.0000000;60.0015730;-0.0001752598;-3.050096E-05;60.0000000
10032.000541687;60.0000000;60.0015730;-0.0001752598;-1.188758E-05;60.0000000
10033.0009460449;60.0000000;60.0016325;-0.0001818891;4.825578E-05;60.0000000
10034.0003967285;60.0000000;60.0016325;-0.0001818891;1.880742E-05;60.0000000
10035.0008010864;60.0000000;60.0015134;-0.0001686193;-6.295106E-05;60.0000000
10036.00025177;60.0000000;60.0015134;-0.0001686193;-2.453482E-05;60.0000000
10037.0006561279;60.0000000;60.0016325;-0.0001818891;3.975984E-05;60.0000000
10038.0001068115;60.0000000;60.0015134;-0.0001686193;-6.067139E-05;60.0000000
10039.0005111694;60.0000000;60.0015134;-0.0001686193;-2.364633E-05;60.0000000
10040.0009155273;60.0000000;60.0015134;-0.0001686193;-9.216023E-06;60.0000000
10041.0003662109;60.0000000;60.0015134;-0.0001686193;-3.591893E-06;60.0000000
10042.0007705688;60.0000000;60.0015134;-0.0001686193;-1.39992E-06;60.0000000
10043.0002212524;60.0000000;60.0015729;-0.0001752486;5.234328E-05;60.0000000
10044.0006256104;60.0000000;60.0015729;-0.0001752486;2.04005E-05;60.0000000
10045.0000762939;60.0000000;60.0015134;-0.0001686193;-2.13986E-05;60.0000000
10046.0004806519;60.0000000;60.0015134;-0.0001686193;-8.339983E-06;60.0000000
10047.0008850098;60.0000000;60.0015134;-0.0001686193;-3.250461E-06;60.0000000
10048.0003356934;60.0000000;60.0015134;-0.0001686193;-1.266849E-06;60.0000000
10049.0007400513;60.0000000;60.0015134;-0.0001686193;-4.937471E-07;60.0000000
10050.0001907349;60.0000000;60.0015134;-0.0001686193;-1.924352E-07;60.0000000
10051.0005950928;60.0000000;60.0015134;-0.0001686193;-7.500051E-08;60.0000000
10052.0000457764;60.0000000;60.0014538;-0.0001619788;-2.325799E-05;60.0000000
10053.0004501343;60.0000000;60.0015133;-0.0001686082;2.808089E-05;60.0000000
10054.0008544922;60.0000000;60.0015133;-0.0001686082;1.094437E-05;60.0000000
10055.0003051758;60.0000000;60.0014538;-0.0001619788;-3.288005E-05;60.0000000
10056.0007095337;60.0000000;60.0014538;-0.0001619788;-1.281481E-05;60.0000000
10057.0001602173;60.0000000;60.0015133;-0.0001686082;4.201785E-05;60.0000000
10058.0005645752;60.0000000;60.0015133;-0.0001686082;1.637622E-05;60.0000000
10059.0000152588;60.0000000;60.0014538;-0.0001619788;-2.296704E-05;60.0000000
10060.0004196167;60.0000000;60.0014538;-0.0001619788;-8.951273E-06;60.0000000
10061.0008239746;60.0000000;60.0014538;-0.0001619788;-3.488708E-06;60.0000000
10062.0002746582;60.0000000;60.0014538;-0.0001619788;-1.359704E-06;60.0000000
10063.0006790161;60.0000000;60.0014538;-0.0001619788;-5.29937E-07;60.0000000
10064.0001296997;60.0000000;60.0013942;-0.0001553383;-5.318432E-05;60.0000000
10065.0005340576;60.0000000;60.0014537;-0.0001619677;8.621292E-06;60.0000000
10066.0009384155;60.0000000;60.0014537;-0.0001619677;3.3601E-06;60.0000000
10067.0003890991;60.0000000;60.0013942;-0.0001553383;-3.17087E-05;60.0000000
10068.000793457;60.0000000;60.0014537;-0.0001619677;4.053061E-05;60.0000000
10069.0002441406;60.0000000;60.0014537;-0.0001619677;2.272633E-05;60.0000000
10070.0006484985;60.0000000;60.0013942;-0.0001553383;-1.845961E-05;60.0000000
10071.0000991821;60.0000000;60.0013942;-0.0001553383;-7.194528E-06;60.0000000
10072.00050354;60.0000000;60.0013942;-0.0001553383;-2.804027E-06;60.0000000
10073.0009078979;60.0000000;60.0013942;-0.0001553383;-1.092853E-06;60.0000000
10074.0003585815;60.0000000;60.0013942;-0.0001553383;-4.259335E-07;60.0000000
10075.0007629395;60.0000000;60.0013942;-0.0001553383;-1.660052E-07;60.0000000
10076.000213623;60.0000000;60.0013346;-0.0001486978;-5.304248E-05;60.0000000
10077.000617981;60.0000000;60.0013346;-0.0001486978;-2.067301E-05;60.0000000
10078.0000686646;60.0000000;60.0013941;-0.0001553272;2.908837E-05;60.0000000
10079.0004730225;60.0000000;60.0013941;-0.0001553272;1.133703E-05;60.0000000
10080.0008773804;60.0000000;60.0012750;-0.0001420574;-5.597923E-05;60.0000000
10081.000328064;60.0000000;60.0013345;-0.0001486867;1.372201E-06;60.0000000
10082.0007324219;60.0000000;60.0013345;-0.0001486867;5.348074E-07;60.0000000
10083.0001831055;60.0000000;60.0013345;-0.0001486867;2.084382E-07;60.0000000
10084.0005874634;60.0000000;60.0013345;-0.0001486867;8.123759E-08;60.0000000
10085.000038147;60.0000000;60.0013345;-0.0001486867;3.166189E-08;60.0000000
10086.0004425049;60.0000000;60.0013345;-0.0001486867;1.234005E-08;60.0000000
10087.0008468628;60.0000000;60.0012750;-0.0001420574;-3.301346E-05;60.0000000
10088.0002975464;60.0000000;60.0013345;-0.0001486867;2.427875E-05;60.0000000
10089.0007019043;60.0000000;60.0012750;-0.0001420574;-4.342639E-05;60.0000000
10090.0001525879;60.0000000;60.0012750;-0.0001420574;-1.692519E-05;60.0000000
10091.0005569458;60.0000000;60.0012750;-0.0001420574;-6.596498E-06;60.0000000
10092.0000076294;60.0000000;60.0012750;-0.0001420574;-2.570948E-06;60.0000000
10093.0004119873;60.0000000;60.0012750;-0.0001420574;-1.002012E-06;60.0000000
10094.0008163452;60.0000000;60.0012750;-0.0001420574;-3.905287E-07;60.0000000
10095.0002670288;60.0000000;60.0012750;-0.0001420574;-1.522063E-07;60.0000000
10096.0006713867;60.0000000;60.0012750;-0.0001420574;-5.932156E-08;60.0000000
10097.0001220703;60.0000000;60.0012750;-0.0001420574;-2.312024E-08;60.0000000
10098.0005264282;60.0000000;60.0012154;-0.0001354169;-4.1868E-05;60.0000000
10099.0009307861;60.0000000;60.0012154;-0.0001354169;-1.631781E-05;60.0000000
10100.0003814697;60.0000000;60.0012749;-0.0001420462;4.065257E-05;60.0000000
10101.0007858276;60.0000000;60.0012154;-0.0001354169;-2.130145E-05;60.0000000
10102.0002365112;60.0000000;60.0011558;-0.0001287764;-4.137588E-05;60.0000000
10103.0006408691;60.0000000;60.0012153;-0.0001354057;2.566273E-05;60.0000000
10104.0000915527;60.0000000;60.0012153;-0.0001354057;1.000191E-05;60.0000000
10105.0004959106;60.0000000;60.0011558;-0.0001287764;-3.324738E-05;60.0000000
10106.0009002686;60.0000000;60.0011558;-0.0001287764;-1.295798E-05;60.0000000
10107.0003509521;60.0000000;60.0011558;-0.0001287764;-5.050298E-06;60.0000000
10108.0007553101;60.0000000;60.0011558;-0.0001287764;-1.968325E-06;60.0000000
10109.0002059937;60.0000000;60.0011558;-0.0001287764;-7.671437E-07;60.0000000
10110.0006103516;60.0000000;60.0010962;-0.0001221359;-3.750698E-05;60.0000000
10111.0000610352;60.0000000;60.0010962;-0.0001221359;-1.461813E-05;60.0000000
10112.0004653931;60.0000000;60.0011557;-0.0001287652;2.365224E-05;60.0000000
10113.000869751;60.0000000;60.0010962;-0.0001221359;-1.397146E-05;60.0000000
10114.0003204346;60.0000000;60.0010366;-0.0001154954;-2.867406E-05;60.0000000
10115.0007247925;60.0000000;60.0010961;-0.0001221248;1.491296E-05;60.0000000
10116.0001754761;60.0000000;60.0009770;-0.0001088549;-7.78355E-05;60.0000000
10117.000579834;60.0000000;60.0009770;-0.0001088549;-3.033595E-05;60.0000000
10118.0000305176;60.0000000;60.0010365;-0.0001154843;1.839253E-05;60.0000000
10119.0004348755;60.0000000;60.0009770;-0.0001088549;-2.997717E-05;60.0000000
10120.0008392334;60.0000000;60.0009174;-0.0001022144;-4.475719E-05;60.0000000
10121.000289917;60.0000000;60.0009769;-0.0001088438;2.434489E-05;60.0000000
10122.0006942749;60.0000000;60.0009174;-0.0001022144;-3.752407E-05;60.0000000
10123.0001449585;60.0000000;60.0008578;-9.557396E-05;-3.785356E-05;60.0000000
10124.0005493164;60.0000000;60.0008578;-9.557396E-05;-1.475321E-05;60.0000000
10125.0009536743;60.0000000;60.0008578;-9.557396E-05;-5.749981E-06;60.0000000
10126.0004043579;60.0000000;60.0007982;-8.893348E-05;-3.163992E-05;60.0000000
10127.0008087158;60.0000000;60.0007982;-8.893348E-05;-1.233148E-05;60.0000000
10128.0002593994;60.0000000;60.0006790;-7.56525E-05;-6.814647E-05;60.0000000
10129.0006637573;60.0000000;60.0006194;-6.901202E-05;-6.376769E-05;60.0000000
10130.0001144409;60.0000000;60.0004406;-4.909057E-05;-0.0001458222;60.0000000
10131.0005187988;60.0000000;60.0001425;-1.5877E-05;-0.0002462061;60.0000000
10132.0009231567;60.0000000;59.9996657;3.724688E-05;-0.0004009449;60.0000000
10133.0003738403;60.0000000;59.9990696;0.0001036629;-0.0005316241;60.0000000
10134.0007781982;60.0000000;59.9984140;0.0001767082;-0.0006253066;60.0000000
10135.0002288818;60.0000000;59.9978776;0.0002364726;-0.000562694;60.0000000
10136.0006332397;60.0000000;59.9975199;0.0002763266;-0.0004260212;60.0000000
10137.0000839233;60.0000000;59.9974007;0.0002896076;-0.0002293797;60.0000000
10138.0004882813;60.0000000;59.9973411;0.0002962481;-0.0001155318;60.0000000
10139.0008926392;60.0000000;59.9973411;0.0002962481;-7.472696E-05;60.0000000
10140.0003433228;60.0000000;59.9973411;0.0002962481;-2.912441E-05;60.0000000
10141.0007476807;60.0000000;59.9973411;0.0002962481;-1.135107E-05;60.0000000
10142.0001983643;60.0000000;59.9973411;0.0002962481;-4.424017E-06;60.0000000
10143.0006027222;60.0000000;59.9973411;0.0002962481;-1.724236E-06;60.0000000
10144.0000534058;60.0000000;59.9973411;0.0002962481;-6.72011E-07;60.0000000
10145.0004577637;60.0000000;59.9973411;0.0002962481;-2.619125E-07;60.0000000
10146.0008621216;60.0000000;59.9974006;0.0002896187;2.92475E-05;60.0000000
10147.0003128052;60.0000000;59.9973411;0.0002962481;-2.574651E-05;60.0000000
10148.0007171631;60.0000000;59.9974006;0.0002896187;3.697779E-05;60.0000000
10149.0001678467;60.0000000;59.9974006;0.0002896187;1.441189E-05;60.0000000
10150.0005722046;60.0000000;59.9974006;0.0002896187;5.616952E-06;60.0000000
10151.0000228882;60.0000000;59.9974006;0.0002896187;2.189175E-06;60.0000000
10152.0004272461;60.0000000;59.9974006;0.0002896187;8.532184E-07;60.0000000
10153.000831604;60.0000000;59.9974006;0.0002896187;3.32537E-07;60.0000000
10154.0002822876;60.0000000;59.9974006;0.0002896187;1.296044E-07;60.0000000
10155.0006866455;60.0000000;59.9974006;0.0002896187;5.051259E-08;60.0000000
10156.0001373291;60.0000000;59.9974602;0.0002829783;3.309345E-05;60.0000000
10157.000541687;60.0000000;59.9974602;0.0002829783;1.289798E-05;60.0000000
10158.0009460449;60.0000000;59.9974602;0.0002829783;5.026917E-06;60.0000000
10159.0003967285;60.0000000;59.9974602;0.0002829783;1.959213E-06;60.0000000
10160.0008010864;60.0000000;59.9974602;0.0002829783;7.635921E-07;60.0000000
10161.00025177;60.0000000;59.9975198;0.0002763378;3.750559E-05;60.0000000
10162.0006561279;60.0000000;59.9975198;0.0002763378;1.461759E-05;60.0000000
10163.0001068115;60.0000000;59.9975198;0.0002763378;5.697124E-06;60.0000000
10164.0005111694;60.0000000;59.9974603;0.0002829671;-2.386809E-05;60.0000000
10165.0009155273;60.0000000;59.9975198;0.0002763378;1.678606E-05;60.0000000
10166.0003662109;60.0000000;59.9975198;0.0002763378;6.542273E-06;60.0000000
10167.0007705688;60.0000000;59.9975198;0.0002763378;2.549814E-06;60.0000000
10168.0002212524;60.0000000;59.9975198;0.0002763378;9.937758E-07;60.0000000
10169.0006256104;60.0000000;59.9975198;0.0002763378;3.873185E-07;60.0000000
10170.0000762939;60.0000000;59.9975198;0.0002763378;1.509552E-07;60.0000000
10171.0004806519;60.0000000;59.9975794;0.0002696973;5.303661E-05;60.0000000
10172.0008850098;60.0000000;59.9975794;0.0002696973;2.067072E-05;60.0000000
10173.0003356934;60.0000000;59.9975794;0.0002696973;8.056297E-06;60.0000000
10174.0007400513;60.0000000;59.9975794;0.0002696973;1.884014E-05;60.0000000
10175.0001907349;60.0000000;59.9976390;0.0002630568;5.443419E-05;60.0000000
10176.0005950928;60.0000000;59.9976390;0.0002630568;2.121542E-05;60.0000000
10177.0000457764;60.0000000;59.9975795;0.0002696862;-2.108099E-05;60.0000000
10178.0004501343;60.0000000;59.9976390;0.0002630568;2.113338E-05;60.0000000
10179.0008544922;60.0000000;59.9976390;0.0002630568;8.236616E-06;60.0000000
10180.0003051758;60.0000000;59.9975795;0.0002696862;-4.380217E-05;60.0000000
10181.0007095337;60.0000000;59.9976390;0.0002630568;2.47171E-05;60.0000000
10182.0001602173;60.0000000;59.9976986;0.0002564163;3.576571E-05;60.0000000
10183.0005645752;60.0000000;59.9976391;0.0002630457;-2.320607E-05;60.0000000
10184.0000152588;60.0000000;59.9976986;0.0002564163;3.274432E-05;60.0000000
10185.0004196167;60.0000000;59.9976986;0.0002564163;1.276191E-05;60.0000000
10186.0008239746;60.0000000;59.9976986;0.0002564163;4.973883E-06;60.0000000
10187.0002746582;60.0000000;59.9976986;0.0002564163;1.938543E-06;60.0000000
10188.0006790161;60.0000000;59.9976986;0.0002564163;7.555361E-07;60.0000000
10189.0001296997;60.0000000;59.9976986;0.0002564163;2.944659E-07;60.0000000
10190.0005340576;60.0000000;59.9976986;0.0002564163;1.147664E-07;60.0000000
10191.0009384155;60.0000000;59.9976986;0.0002564163;4.472956E-08;60.0000000
10192.0003890991;60.0000000;59.9977582;0.0002497758;2.614979E-05;60.0000000
10193.000793457;60.0000000;59.9977582;0.0002497758;1.019173E-05;60.0000000
10194.0002441406;60.0000000;59.9976987;0.0002564052;-1.921762E-05;60.0000000
10195.0006484985;60.0000000;59.9977582;0.0002497758;1.859856E-05;60.0000000
10196.0000991821;60.0000000;59.9978179;0.0002431242;3.669691E-05;60.0000000
10197.00050354;60.0000000;59.9977583;0.0002497647;-1.877135E-05;60.0000000
10198.0009078979;60.0000000;59.9977583;0.0002497647;-7.316027E-06;60.0000000
10199.0003585815;60.0000000;59.9977583;0.0002497647;-2.85138E-06;60.0000000
10200.0007629395;60.0000000;59.9978179;0.0002431242;2.502105E-05;60.0000000
10201.000213623;60.0000000;59.9977583;0.0002497647;-3.733955E-05;60.0000000
10202.000617981;60.0000000;59.9977583;0.0002497647;-1.455288E-05;60.0000000
10203.0000686646;60.0000000;59.9978775;0.0002364837;8.327844E-05;60.0000000
10204.0004730225;60.0000000;59.9978775;0.0002364837;3.245729E-05;60.0000000
10205.0008773804;60.0000000;59.9978180;0.0002431131;-1.053974E-05;60.0000000
10206.000328064;60.0000000;59.9978179;0.0002431242;-1.243185E-06;60.0000000
10207.0007324219;60.0000000;59.9978179;0.0002431242;-4.845244E-07;60.0000000
10208.0001831055;60.0000000;59.9978179;0.0002431242;-1.888407E-07;60.0000000
10209.0005874634;60.0000000;59.9978775;0.0002364837;4.178538E-05;60.0000000
10210.000038147;60.0000000;59.9978775;0.0002364837;1.628562E-05;60.0000000
10211.0004425049;60.0000000;59.9978775;0.0002364837;6.347228E-06;60.0000000
10212.0008468628;60.0000000;59.9978775;0.0002364837;2.473796E-06;60.0000000
10213.0002975464;60.0000000;59.9978775;0.0002364837;1.491992E-05;60.0000000
10214.0007019043;60.0000000;59.9979371;0.0002298432;4.767394E-05;60.0000000
10215.0001525879;60.0000000;59.9978776;0.0002364726;-1.443763E-05;60.0000000
10216.0005569458;60.0000000;59.9978776;0.0002364726;-5.626984E-06;60.0000000
10217.0009613037;60.0000000;59.9978776;0.0002364726;-2.193085E-06;60.0000000
10218.0004119873;60.0000000;59.9978776;0.0002364726;-8.547427E-07;60.0000000
10219.0008163452;60.0000000;59.9978776;0.0002364726;-3.331312E-07;60.0000000
10220.0002670288;60.0000000;59.9978776;0.0002364726;-1.29836E-07;60.0000000
10221.0006713867;60.0000000;59.9979371;0.0002298432;2.603791E-05;60.0000000
10222.0001220703;60.0000000;59.9979371;0.0002298432;1.014813E-05;60.0000000
10223.0005264282;60.0000000;59.9979371;0.0002298432;3.955176E-06;60.0000000
10224.0009307861;60.0000000;59.9979371;0.0002298432;1.541507E-06;60.0000000
10225.0003814697;60.0000000;59.9979371;0.0002298432;6.007938E-07;60.0000000
10226.0007858276;60.0000000;59.9979371;0.0002298432;2.34156E-07;60.0000000
10227.0002365112;60.0000000;59.9979371;0.0002298432;9.126097E-08;60.0000000
10228.0006408691;60.0000000;59.9979371;0.0002298432;3.556845E-08;60.0000000
10229.0000915527;60.0000000;59.9979371;0.0002298432;1.38626E-08;60.0000000
10230.0004959106;60.0000000;59.9979371;0.0002298432;5.40287E-09;60.0000000
10231.0009002686;60.0000000;59.9979968;0.0002231916;2.532921E-05;60.0000000
10232.0003509521;60.0000000;59.9979968;0.0002231916;9.871919E-06;60.0000000
10233.0007553101;60.0000000;59.9979968;0.0002231916;3.847525E-06;60.0000000
10234.0002059937;60.0000000;59.9979968;0.0002231916;1.499551E-06;60.0000000
10235.0006103516;60.0000000;59.9980563;0.0002165623;2.667295E-05;60.0000000
10236.0000610352;60.0000000;59.9980563;0.0002165623;1.627218E-05;60.0000000
10237.0004653931;60.0000000;59.9980563;0.0002165623;6.341988E-06;60.0000000
10238.000869751;60.0000000;59.9980563;0.0002165623;2.471754E-06;60.0000000
10239.0003204346;60.0000000;59.9980563;0.0002165623;9.633522E-07;60.0000000
10240.0007247925;60.0000000;59.9980563;0.0002165623;3.754611E-07;60.0000000
10241.0001754761;60.0000000;59.9980563;0.0002165623;1.463339E-07;60.0000000
10242.000579834;60.0000000;59.9981159;0.0002099218;2.328579E-05;60.0000000
10243.0000305176;60.0000000;59.9981159;0.0002099218;9.075507E-06;60.0000000
10244.0004348755;60.0000000;59.9981159;0.0002099218;3.537127E-06;60.0000000
10245.0008392334;60.0000000;59.9981159;0.0002099218;1.378575E-06;60.0000000
10246.000289917;60.0000000;59.9981159;0.0002099218;5.37292E-07;60.0000000
10247.0006942749;60.0000000;59.9981159;0.0002099218;2.094065E-07;60.0000000
10248.0001449585;60.0000000;59.9981159;0.0002099218;8.161498E-08;60.0000000
10249.0005493164;60.0000000;59.9981159;0.0002099218;3.180898E-08;60.0000000
10250.0009536743;60.0000000;59.9981159;0.0002099218;1.239737E-08;60.0000000
10251.0004043579;60.0000000;59.9981159;0.0002099218;4.831805E-09;60.0000000
10252.0008087158;60.0000000;59.9981159;0.0002099218;1.883169E-09;60.0000000
10253.0002593994;60.0000000;59.9981159;0.0002099218;7.339543E-10;60.0000000
10254.0006637573;60.0000000;59.9981159;0.0002099218;2.860545E-10;60.0000000
10255.0001144409;60.0000000;59.9981159;0.0002099218;1.114882E-10;60.0000000
10256.0005187988;60.0000000;59.9981755;0.0002032813;2.939894E-05;60.0000000
10257.0009231567;60.0000000;59.9981755;0.0002032813;1.145807E-05;60.0000000
10258.0003738403;60.0000000;59.9981755;0.0002032813;4.465719E-06;60.0000000
10259.0007781982;60.0000000;59.9981755;0.0002032813;1.740489E-06;60.0000000
10260.0002288818;60.0000000;59.9982351;0.0001966408;2.390711E-05;60.0000000
10261.0006332397;60.0000000;59.9981756;0.0002032701;-2.370061E-05;60.0000000
10262.0000839233;60.0000000;59.9982351;0.0001966408;3.255157E-05;60.0000000
10263.0004882813;60.0000000;59.9982947;0.0001900003;5.454578E-05;60.0000000
10264.0008926392;60.0000000;59.9981756;0.0002032701;-5.885072E-05;60.0000000
10265.0003433228;60.0000000;59.9982351;0.0001966408;1.420882E-05;60.0000000
10266.0007476807;60.0000000;59.9982947;0.0001900003;3.861157E-05;60.0000000
10267.0001983643;60.0000000;59.9981756;0.0002032701;-7.383147E-05;60.0000000
10268.0006027222;60.0000000;59.9982947;0.0001900003;5.355195E-05;60.0000000
10269.0000534058;60.0000000;59.9983543;0.0001833598;4.700392E-05;60.0000000
10270.0004577637;60.0000000;59.9982948;0.0001899892;-1.103006E-05;60.0000000
10271.0008621216;60.0000000;59.9982947;0.0001900003;3.936691E-05;60.0000000
10272.0003128052;60.0000000;59.9984139;0.0001767193;9.027578E-05;60.0000000
10273.0007171631;60.0000000;59.9983544;0.0001833487;-1.182787E-05;60.0000000
10274.0001678467;60.0000000;59.9982948;0.0001899892;-3.400875E-05;60.0000000
10275.0005722046;60.0000000;59.9984139;0.0001767193;7.562539E-05;60.0000000
10276.0000228882;60.0000000;59.9984139;0.0001767193;2.947457E-05;60.0000000
10277.0004272461;60.0000000;59.9983544;0.0001833487;-1.170224E-05;60.0000000
10278.000831604;60.0000000;59.9984139;0.0001767193;3.258467E-05;60.0000000
10279.0002822876;60.0000000;59.9984139;0.0001767193;1.269969E-05;60.0000000
10280.0006866455;60.0000000;59.9984139;0.0001767193;4.949633E-06;60.0000000
10281.0001373291;60.0000000;59.9984139;0.0001767193;1.929092E-06;60.0000000
10282.000541687;60.0000000;59.9984139;0.0001767193;7.518526E-07;60.0000000
10283.0009460449;60.0000000;59.9984139;0.0001767193;2.930302E-07;60.0000000
10284.0003967285;60.0000000;59.9984140;0.0001767082;-1.970092E-05;60.0000000
10285.0008010864;60.0000000;59.9984140;0.0001767082;-7.678322E-06;60.0000000
10286.00025177;60.0000000;59.9984735;0.0001700789;3.415298E-05;60.0000000
10287.0006561279;60.0000000;59.9984735;0.0001700789;1.331093E-05;60.0000000
10288.0001068115;60.0000000;59.9984735;0.0001700789;5.187859E-06;60.0000000
10289.0005111694;60.0000000;59.9984735;0.0001700789;2.021939E-06;60.0000000
10290.0009155273;60.0000000;59.9984735;0.0001700789;7.880394E-07;60.0000000
10291.0003662109;60.0000000;59.9985331;0.0001634384;3.33809E-05;60.0000000
10292.0007705688;60.0000000;59.9985331;0.0001634384;1.301002E-05;60.0000000
10293.0002212524;60.0000000;59.9985331;0.0001634384;5.070581E-06;60.0000000
10294.0006256104;60.0000000;59.9985331;0.0001634384;1.97623E-06;60.0000000
10295.0000762939;60.0000000;59.9985927;0.0001567979;3.384399E-05;60.0000000
10296.0004806519;60.0000000;59.9985927;0.0001567979;1.31905E-05;60.0000000
10297.0008850098;60.0000000;59.9985927;0.0001567979;5.140923E-06;60.0000000
10298.0003356934;60.0000000;59.9985927;0.0001567979;2.003646E-06;60.0000000
10299.0007400513;60.0000000;59.9985927;0.0001567979;7.809097E-07;60.0000000
10300.0001907349;60.0000000;59.9986523;0.0001501574;2.643671E-05;60.0000000
10301.0005950928;60.0000000;59.9986523;0.0001501574;1.030356E-05;60.0000000
10302.0000457764;60.0000000;59.9987119;0.0001435169;4.122374E-05;60.0000000
10303.0004501343;60.0000000;59.9987119;0.0001435169;1.606672E-05;60.0000000
10304.0008544922;60.0000000;59.9987119;0.0001435169;1.731896E-05;60.0000000
10305.0003051758;60.0000000;59.9987715;0.0001368764;3.614887E-05;60.0000000
10306.0007095337;60.0000000;59.9988311;0.000130236;3.731758E-05;60.0000000
10307.0001602173;60.0000000;59.9988311;0.000130236;1.454432E-05;60.0000000
10308.0005645752;60.0000000;59.9989503;0.000116955;7.692646E-05;60.0000000
10309.0000152588;60.0000000;59.9990099;0.0001103145;5.938055E-05;60.0000000
10310.0004196167;60.0000000;59.9991888;9.038191E-05;0.0001294962;60.0000000
10311.0008239746;60.0000000;59.9996060;4.389851E-05;0.0002989999;60.0000000
10312.0002746582;60.0000000;60.0002616;-2.914683E-05;0.0005131089;60.0000000
10313.0006790161;60.0000000;60.0009769;-0.0001088438;0.0006312339;60.0000000
10314.0001296997;60.0000000;60.0016325;-0.0001818891;0.0006425952;60.0000000
10315.0005340576;60.0000000;60.0021690;-0.0002416646;0.0005646854;60.0000000
10316.0009384155;60.0000000;60.0024074;-0.0002682266;0.0003439685;60.0000000
10317.0003890991;60.0000000;60.0025266;-0.0002815075;0.0001932659;60.0000000
10318.000793457;60.0000000;60.0025266;-0.0002815075;7.53243E-05;60.0000000
10319.0002441406;60.0000000;60.0025266;-0.0002815075;2.935722E-05;60.0000000
10320.0006484985;60.0000000;60.0025266;-0.0002815075;1.144181E-05;60.0000000
10321.0000991821;60.0000000;60.0025862;-0.000288148;4.631836E-05;60.0000000
10322.00050354;60.0000000;60.0025862;-0.000288148;1.805232E-05;60.0000000
10323.0009078979;60.0000000;60.0025862;-0.000288148;7.03579E-06;60.0000000
10324.0003585815;60.0000000;60.0025862;-0.000288148;2.742159E-06;60.0000000
10325.0007629395;60.0000000;60.0025862;-0.000288148;1.068741E-06;60.0000000
10326.000213623;60.0000000;60.0025862;-0.000288148;4.165359E-07;60.0000000
10327.000617981;60.0000000;60.0025267;-0.0002815187;-3.285593E-05;60.0000000
10328.0000686646;60.0000000;60.0025267;-0.0002815187;-1.280542E-05;60.0000000
10329.0004730225;60.0000000;60.0025267;-0.0002815187;-4.990839E-06;60.0000000
10330.0008773804;60.0000000;60.0025267;-0.0002815187;-1.945151E-06;60.0000000
10331.000328064;60.0000000;60.0025267;-0.0002815187;-7.581116E-07;60.0000000
10332.0007324219;60.0000000;60.0025267;-0.0002815187;-2.954697E-07;60.0000000
10333.0001831055;60.0000000;60.0025267;-0.0002815187;-1.151576E-07;60.0000000
10334.0005874634;60.0000000;60.0024671;-0.0002748782;-2.617724E-05;60.0000000
10335.000038147;60.0000000;60.0024671;-0.0002748782;-1.020243E-05;60.0000000
10336.0004425049;60.0000000;60.0024671;-0.0002748782;-3.97634E-06;60.0000000
10337.0008468628;60.0000000;60.0024671;-0.0002748782;-1.549756E-06;60.0000000
10338.0002975464;60.0000000;60.0024671;-0.0002748782;-6.040086E-07;60.0000000
10339.0007019043;60.0000000;60.0024671;-0.0002748782;-2.354089E-07;60.0000000
10340.0001525879;60.0000000;60.0024671;-0.0002748782;-9.174929E-08;60.0000000
10341.0005569458;60.0000000;60.0024671;-0.0002748782;-3.575877E-08;60.0000000
10342.0009613037;60.0000000;60.0024671;-0.0002748782;-1.393678E-08;60.0000000
10343.0004119873;60.0000000;60.0024671;-0.0002748782;-5.431779E-09;60.0000000
10344.0008163452;60.0000000;60.0024671;-0.0002748782;-2.117005E-09;60.0000000
10345.0002670288;60.0000000;60.0024671;-0.0002748782;-8.250907E-10;60.0000000
10346.0006713867;60.0000000;60.0024075;-0.0002682377;-3.307409E-05;60.0000000
10347.0001220703;60.0000000;60.0024075;-0.0002682377;-1.289044E-05;60.0000000
10348.0005264282;60.0000000;60.0024075;-0.0002682377;-5.023976E-06;60.0000000
10349.0009307861;60.0000000;60.0024075;-0.0002682377;-1.958066E-06;60.0000000
10350.0003814697;60.0000000;60.0024075;-0.0002682377;-7.631452E-07;60.0000000
10351.0007858276;60.0000000;60.0024075;-0.0002682377;-2.974315E-07;60.0000000
10352.0002365112;60.0000000;60.0023479;-0.0002615972;-5.30937E-05;60.0000000
10353.0006408691;60.0000000;60.0023479;-0.0002615972;-2.069297E-05;60.0000000
10354.0000915527;60.0000000;60.0023479;-0.0002615972;-8.064968E-06;60.0000000
10355.0004959106;60.0000000;60.0023479;-0.0002615972;-3.143276E-06;60.0000000
10356.0009002686;60.0000000;60.0023479;-0.0002615972;-1.225074E-06;60.0000000
10357.0003509521;60.0000000;60.0023479;-0.0002615972;-4.774656E-07;60.0000000
10358.0007553101;60.0000000;60.0023479;-0.0002615972;-1.860895E-07;60.0000000
10359.0002059937;60.0000000;60.0023479;-0.0002615972;-7.252735E-08;60.0000000
10360.0006103516;60.0000000;60.0023479;-0.0002615972;-2.826713E-08;60.0000000
10361.0000610352;60.0000000;60.0023479;-0.0002615972;-1.101695E-08;60.0000000
10362.0004653931;60.0000000;60.0023479;-0.0002615972;-4.293795E-09;60.0000000
10363.000869751;60.0000000;60.0022883;-0.0002549567;-4.709303E-05;60.0000000
10364.0003204346;60.0000000;60.0022883;-0.0002549567;-1.835424E-05;60.0000000
10365.0007247925;60.0000000;60.0022883;-0.0002549567;-7.153463E-06;60.0000000
10366.0001754761;60.0000000;60.0022883;-0.0002549567;-2.788021E-06;60.0000000
10367.000579834;60.0000000;60.0022883;-0.0002549567;-1.086615E-06;60.0000000
10368.0000305176;60.0000000;60.0022883;-0.0002549567;-4.235022E-07;60.0000000
10369.0004348755;60.0000000;60.0022883;-0.0002549567;-1.650576E-07;60.0000000
10370.0008392334;60.0000000;60.0022883;-0.0002549567;-6.433027E-08;60.0000000
10371.000289917;60.0000000;60.0022287;-0.0002483162;-3.309884E-05;60.0000000
10372.0006942749;60.0000000;60.0022287;-0.0002483162;-1.290009E-05;60.0000000
10373.0001449585;60.0000000;60.0022287;-0.0002483162;-5.027736E-06;60.0000000
10374.0005493164;60.0000000;60.0022287;-0.0002483162;-1.959532E-06;60.0000000
10375.0009536743;60.0000000;60.0022287;-0.0002483162;-7.637163E-07;60.0000000
10376.0004043579;60.0000000;60.0021691;-0.0002416758;-2.969655E-05;60.0000000
10377.0008087158;60.0000000;60.0021691;-0.0002416758;-1.157406E-05;60.0000000
10378.0002593994;60.0000000;60.0021691;-0.0002416758;-4.510925E-06;60.0000000
10379.0006637573;60.0000000;60.0021691;-0.0002416758;-1.758108E-06;60.0000000
10380.0001144409;60.0000000;60.0021691;-0.0002416758;-3.946275E-06;60.0000000
10381.0005187988;60.0000000;60.0021691;-0.0002416758;-1.538038E-06;60.0000000
10382.0009231567;60.0000000;60.0021691;-0.0002416758;-5.994417E-07;60.0000000
10383.0003738403;60.0000000;60.0021095;-0.0002350353;-5.321141E-05;60.0000000
10384.0007781982;60.0000000;60.0021690;-0.0002416646;3.215004E-05;60.0000000
10385.0002288818;60.0000000;60.0021690;-0.0002416646;1.25303E-05;60.0000000
10386.0006332397;60.0000000;60.0021095;-0.0002350353;-2.446597E-05;60.0000000
10387.0000839233;60.0000000;60.0021095;-0.0002350353;-9.535473E-06;60.0000000
10388.0004882813;60.0000000;60.0021095;-0.0002350353;-3.716397E-06;60.0000000
10389.0008926392;60.0000000;60.0021095;-0.0002350353;-1.448445E-06;60.0000000
10390.0003433228;60.0000000;60.0020499;-0.0002283948;-2.669688E-05;60.0000000
10391.0007476807;60.0000000;60.0021094;-0.0002350241;1.568355E-05;60.0000000
10392.0001983643;60.0000000;60.0021094;-0.0002350241;6.112576E-06;60.0000000
10393.0006027222;60.0000000;60.0020499;-0.0002283948;-3.940641E-05;60.0000000
10394.0000534058;60.0000000;60.0020499;-0.0002283948;-1.535843E-05;60.0000000
10395.0004577637;60.0000000;60.0020499;-0.0002283948;-5.985859E-06;60.0000000
10396.0008621216;60.0000000;60.0020499;-0.0002283948;-2.332955E-06;60.0000000
10397.0003128052;60.0000000;60.0020499;-0.0002283948;-9.09256E-07;60.0000000
10398.0007171631;60.0000000;60.0020499;-0.0002283948;-3.543774E-07;60.0000000
10399.0001678467;60.0000000;60.0020499;-0.0002283948;-1.381166E-07;60.0000000
10400.0005722046;60.0000000;60.0019903;-0.0002217543;-4.191282E-05;60.0000000
10401.0000228882;60.0000000;60.0019903;-0.0002217543;-1.633529E-05;60.0000000
10402.0004272461;60.0000000;60.0020498;-0.0002283837;2.298299E-05;60.0000000
10403.000831604;60.0000000;60.0019903;-0.0002217543;-4.39314E-05;60.0000000
10404.0002822876;60.0000000;60.0019903;-0.0002217543;-1.712201E-05;60.0000000
10405.0006866455;60.0000000;60.0019903;-0.0002217543;-6.673208E-06;60.0000000
10406.0001373291;60.0000000;60.0019903;-0.0002217543;-2.600845E-06;60.0000000
10407.000541687;60.0000000;60.0019903;-0.0002217543;-1.013665E-06;60.0000000
10408.0009460449;60.0000000;60.0019903;-0.0002217543;-3.950701E-07;60.0000000
10409.0003967285;60.0000000;60.0019903;-0.0002217543;-1.539763E-07;60.0000000
10410.0008010864;60.0000000;60.0019903;-0.0002217543;-6.00114E-08;60.0000000
10411.00025177;60.0000000;60.0019307;-0.0002151138;-3.309715E-05;60.0000000
10412.0006561279;60.0000000;60.0019307;-0.0002151138;-1.289943E-05;60.0000000
10413.0001068115;60.0000000;60.0019902;-0.0002217432;3.676127E-05;60.0000000
10414.0005111694;60.0000000;60.0019307;-0.0002151138;-1.176101E-05;60.0000000
10415.0009155273;60.0000000;60.0019307;-0.0002151138;-4.583789E-06;60.0000000
10416.0003662109;60.0000000;60.0019307;-0.0002151138;-1.786506E-06;60.0000000
10417.0007705688;60.0000000;60.0019307;-0.0002151138;-6.962806E-07;60.0000000
10418.0002212524;60.0000000;60.0019307;-0.0002151138;-2.713714E-07;60.0000000
10419.0006256104;60.0000000;60.0018711;-0.0002084734;-3.731375E-05;60.0000000
10420.0000762939;60.0000000;60.0018711;-0.0002084734;-1.454282E-05;60.0000000
10421.0004806519;60.0000000;60.0018711;-0.0002084734;-5.667983E-06;60.0000000
10422.0008850098;60.0000000;60.0018711;-0.0002084734;-2.080803E-05;60.0000000
10423.0003356934;60.0000000;60.0018711;-0.0002084734;-8.109811E-06;60.0000000
10424.0007400513;60.0000000;60.0018711;-0.0002084734;-3.160753E-06;60.0000000
10425.0001907349;60.0000000;60.0018711;-0.0002084734;-1.231886E-06;60.0000000
10426.0005950928;60.0000000;60.0018711;-0.0002084734;-4.801204E-07;60.0000000
10427.0000457764;60.0000000;60.0018711;-0.0002084734;-1.871242E-07;60.0000000
10428.0004501343;60.0000000;60.0018711;-0.0002084734;-7.29306E-08;60.0000000
10429.0008544922;60.0000000;60.0018115;-0.0002018329;-3.723641E-05;60.0000000
10430.0003051758;60.0000000;60.0018115;-0.0002018329;-1.451268E-05;60.0000000
10431.0007095337;60.0000000;60.0018115;-0.0002018329;-5.656235E-06;60.0000000
10432.0001602173;60.0000000;60.0018115;-0.0002018329;-2.204486E-06;60.0000000
10433.0005645752;60.0000000;60.0018115;-0.0002018329;-8.591857E-07;60.0000000
10434.0009689331;60.0000000;60.0018114;-0.0002018217;6.551053E-06;60.0000000
10435.0004196167;60.0000000;60.0018114;-0.0002018217;2.553236E-06;60.0000000
10436.0008239746;60.0000000;60.0017519;-0.0001951924;-3.202316E-05;60.0000000
10437.0002746582;60.0000000;60.0018114;-0.0002018217;3.518445E-05;60.0000000
10438.0006790161;60.0000000;60.0017519;-0.0001951924;-1.237558E-05;60.0000000
10439.0001296997;60.0000000;60.0017519;-0.0001951924;-4.82331E-06;60.0000000
10440.0005340576;60.0000000;60.0017519;-0.0001951924;-1.879858E-06;60.0000000
10441.0009384155;60.0000000;60.0017519;-0.0001951924;-7.32664E-07;60.0000000
10442.0003890991;60.0000000;60.0017519;-0.0001951924;-2.855516E-07;60.0000000
10443.000793457;60.0000000;60.0016923;-0.0001885519;-4.720265E-05;60.0000000
10444.0002441406;60.0000000;60.0016923;-0.0001885519;-1.839696E-05;60.0000000
10445.0006484985;60.0000000;60.0017518;-0.0001951812;2.997544E-05;60.0000000
10446.0000991821;60.0000000;60.0016923;-0.0001885519;-2.133551E-05;60.0000000
10447.00050354;60.0000000;60.0016923;-0.0001885519;-8.315395E-06;60.0000000
10448.0009078979;60.0000000;60.0016923;-0.0001885519;-3.240878E-06;60.0000000
10449.0003585815;60.0000000;60.0016326;-0.0001819003;-5.432978E-05;60.0000000
10450.0007629395;60.0000000;60.0016326;-0.0001819003;-2.117472E-05;60.0000000
10451.000213623;60.0000000;60.0016922;-0.0001885408;4.472505E-05;60.0000000
10452.000617981;60.0000000;60.0016326;-0.0001819003;-2.966002E-05;60.0000000
10453.0000686646;60.0000000;60.0015730;-0.0001752598;-4.560193E-05;60.0000000
10454.0004730225;60.0000000;60.0016325;-0.0001818891;2.401566E-05;60.0000000
10455.0008773804;60.0000000;60.0015730;-0.0001752598;-2.778559E-05;60.0000000
10456.000328064;60.0000000;60.0015730;-0.0001752598;-1.3728E-05;60.0000000
10457.0007324219;60.0000000;60.0015730;-0.0001752598;-5.35041E-06;60.0000000
10458.0001831055;60.0000000;60.0015730;-0.0001752598;-2.085292E-06;60.0000000
10459.0005874634;60.0000000;60.0015730;-0.0001752598;-8.127308E-07;60.0000000
10460.000038147;60.0000000;60.0015730;-0.0001752598;-3.167572E-07;60.0000000
10461.0004425049;60.0000000;60.0015730;-0.0001752598;-1.234543E-07;60.0000000
10462.0008468628;60.0000000;60.0015730;-0.0001752598;-4.811563E-08;60.0000000
10463.0002975464;60.0000000;60.0015730;-0.0001752598;-1.875279E-08;60.0000000
10464.0007019043;60.0000000;60.0015134;-0.0001686193;-4.186629E-05;60.0000000
10465.0001525879;60.0000000;60.0015134;-0.0001686193;-1.631715E-05;60.0000000
10466.0005569458;60.0000000;60.0015134;-0.0001686193;-6.359518E-06;60.0000000
10467.0009613037;60.0000000;60.0015134;-0.0001686193;-2.478586E-06;60.0000000
10468.0004119873;60.0000000;60.0015134;-0.0001686193;-9.660149E-07;60.0000000
10469.0008163452;60.0000000;60.0014538;-0.0001619788;-4.223549E-05;60.0000000
10470.0002670288;60.0000000;60.0014538;-0.0001619788;-1.646104E-05;60.0000000
10471.0006713867;60.0000000;60.0015133;-0.0001686082;1.677419E-05;60.0000000
10472.0001220703;60.0000000;60.0014538;-0.0001619788;-4.04747E-05;60.0000000
10473.0005264282;60.0000000;60.0014538;-0.0001619788;-1.577479E-05;60.0000000
10474.0009307861;60.0000000;60.0014538;-0.0001619788;-6.148134E-06;60.0000000
10475.0003814697;60.0000000;60.0014538;-0.0001619788;-2.3962E-06;60.0000000
10476.0007858276;60.0000000;60.0013942;-0.0001553383;-5.391168E-05;60.0000000
10477.0002365112;60.0000000;60.0014537;-0.0001619677;1.20065E-05;60.0000000
10478.0006408691;60.0000000;60.0013942;-0.0001553383;-2.63063E-05;60.0000000
10479.0000915527;60.0000000;60.0013942;-0.0001553383;-1.025273E-05;60.0000000
10480.0004959106;60.0000000;60.0013942;-0.0001553383;-1.799002E-05;60.0000000
10481.0009002686;60.0000000;60.0013346;-0.0001486978;-4.008527E-05;60.0000000
10482.0003509521;60.0000000;60.0013346;-0.0001486978;-1.562301E-05;60.0000000
10483.0007553101;60.0000000;60.0013346;-0.0001486978;-6.088979E-06;60.0000000
10484.0002059937;60.0000000;60.0013346;-0.0001486978;-2.373145E-06;60.0000000
10485.0006103516;60.0000000;60.0012750;-0.0001420574;-3.813291E-05;60.0000000
10486.0000610352;60.0000000;60.0012750;-0.0001420574;-1.486208E-05;60.0000000
10487.0004653931;60.0000000;60.0012750;-0.0001420574;-5.792414E-06;60.0000000
10488.000869751;60.0000000;60.0012154;-0.0001354169;-3.946555E-05;60.0000000
10489.0003204346;60.0000000;60.0011558;-0.0001287764;-4.845524E-05;60.0000000
10490.0007247925;60.0000000;60.0011558;-0.0001287764;-1.888516E-05;60.0000000
10491.0001754761;60.0000000;60.0010366;-0.0001154954;-8.752551E-05;60.0000000
10492.000579834;60.0000000;60.0009174;-0.0001022144;-9.920032E-05;60.0000000
10493.0000305176;60.0000000;60.0007386;-8.229299E-05;-0.0001490945;60.0000000
10494.0004348755;60.0000000;60.0003213;-3.579845E-05;-0.0003291352;60.0000000
10495.0008392334;60.0000000;59.9997253;3.06064E-05;-0.0005037809;60.0000000
10496.000289917;60.0000000;59.9990696;0.0001036629;-0.0006116402;60.0000000
10497.0006942749;60.0000000;59.9985332;0.0001634272;-0.0005642324;60.0000000
10498.0001449585;60.0000000;59.9979968;0.0002231916;-0.0005194333;60.0000000
10499.0005493164;60.0000000;59.9976987;0.0002564052;-0.0003783958;60.0000000
10500.0009536743;60.0000000;59.9975199;0.0002763266;-0.0002419643;60.0000000
10501.0004043579;60.0000000;59.9975199;0.0002763266;-9.43042E-05;60.0000000
10502.0008087158;60.0000000;59.9975199;0.0002763266;-3.675453E-05;60.0000000
10503.0002593994;60.0000000;59.9975199;0.0002763266;-1.432487E-05;60.0000000
10504.0006637573;60.0000000;59.9975199;0.0002763266;-5.583037E-06;60.0000000
10505.0001144409;60.0000000;59.9975199;0.0002763266;-2.175957E-06;60.0000000
10506.0005187988;60.0000000;59.9974603;0.0002829671;-4.270705E-05;60.0000000
10507.0009231567;60.0000000;59.9974603;0.0002829671;-1.664483E-05;60.0000000
10508.0003738403;60.0000000;59.9975198;0.0002763378;1.960128E-05;60.0000000
10509.0007781982;60.0000000;59.9975198;0.0002763378;7.639489E-06;60.0000000
10510.0002288818;60.0000000;59.9975198;0.0002763378;2.977448E-06;60.0000000
10511.0006332397;60.0000000;59.9975198;0.0002763378;1.160443E-06;60.0000000
10512.0000839233;60.0000000;59.9975198;0.0002763378;4.522763E-07;60.0000000
10513.0004882813;60.0000000;59.9975199;0.0002763266;-1.376231E-05;60.0000000
10514.0008926392;60.0000000;59.9975199;0.0002763266;-5.363782E-06;60.0000000
10515.0003433228;60.0000000;59.9975199;0.0002763266;-2.090504E-06;60.0000000
10516.0007476807;60.0000000;59.9975794;0.0002696973;3.63308E-05;60.0000000
10517.0001983643;60.0000000;59.9975794;0.0002696973;4.385882E-05;60.0000000
10518.0006027222;60.0000000;59.9975794;0.0002696973;1.709373E-05;60.0000000
10519.0000534058;60.0000000;59.9975794;0.0002696973;6.662185E-06;60.0000000
10520.0004577637;60.0000000;59.9975794;0.0002696973;2.596548E-06;60.0000000
10521.0008621216;60.0000000;59.9976390;0.0002630568;4.810335E-05;60.0000000
10522.0003128052;60.0000000;59.9976390;0.0002630568;1.874801E-05;60.0000000
10523.0007171631;60.0000000;59.9975795;0.0002696862;-2.204265E-05;60.0000000
10524.0001678467;60.0000000;59.9975795;0.0002696862;-8.590997E-06;60.0000000
10525.0005722046;60.0000000;59.9976986;0.0002564163;6.45992E-05;60.0000000
10526.0009765625;60.0000000;59.9976391;0.0002630457;-1.196838E-05;60.0000000
10527.0004272461;60.0000000;59.9975795;0.0002696862;-4.18726E-05;60.0000000
10528.000831604;60.0000000;59.9976986;0.0002564163;6.791731E-05;60.0000000
10529.0002822876;60.0000000;59.9976986;0.0002564163;2.647038E-05;60.0000000
10530.0006866455;60.0000000;59.9976391;0.0002630457;-2.270159E-05;60.0000000
10531.0001373291;60.0000000;59.9976986;0.0002564163;3.816453E-05;60.0000000
10532.000541687;60.0000000;59.9976986;0.0002564163;1.487441E-05;60.0000000
10533.0009460449;60.0000000;59.9976986;0.0002564163;5.797217E-06;60.0000000
10534.0003967285;60.0000000;59.9976986;0.0002564163;2.259433E-06;60.0000000
10535.0008010864;60.0000000;59.9976986;0.0002564163;8.806011E-07;60.0000000
10536.00025177;60.0000000;59.9977582;0.0002497758;3.341697E-05;60.0000000
10537.0006561279;60.0000000;59.9976987;0.0002564052;-1.99942E-05;60.0000000
10538.0001068115;60.0000000;59.9976987;0.0002564052;-7.792625E-06;60.0000000
10539.0005111694;60.0000000;59.9977582;0.0002497758;2.305138E-05;60.0000000
10540.0009155273;60.0000000;59.9977582;0.0002497758;8.984145E-06;60.0000000
10541.0003662109;60.0000000;59.9976987;0.0002564052;-2.951676E-05;60.0000000
10542.0007705688;60.0000000;59.9977582;0.0002497758;1.784559E-05;60.0000000
10543.0002212524;60.0000000;59.9977582;0.0002497758;6.955217E-06;60.0000000
10544.0006256104;60.0000000;59.9977582;0.0002497758;2.710756E-06;60.0000000
10545.0000762939;60.0000000;59.9977582;0.0002497758;1.056502E-06;60.0000000
10546.0004806519;60.0000000;59.9978179;0.0002431242;4.758214E-05;60.0000000
10547.0008850098;60.0000000;59.9978179;0.0002431242;1.854487E-05;60.0000000
10548.0003356934;60.0000000;59.9977583;0.0002497647;-1.89046E-05;60.0000000
10549.0007400513;60.0000000;59.9978179;0.0002431242;2.57058E-05;60.0000000
10550.0001907349;60.0000000;59.9978775;0.0002364837;4.309246E-05;60.0000000
10551.0005950928;60.0000000;59.9977583;0.0002497647;-5.946142E-05;60.0000000
10552.0000457764;60.0000000;59.9978179;0.0002431242;2.957605E-06;60.0000000
10553.0004501343;60.0000000;59.9978775;0.0002364837;3.055162E-05;60.0000000
10554.0008544922;60.0000000;59.9978180;0.0002431131;-3.772051E-05;60.0000000
10555.0003051758;60.0000000;59.9978775;0.0002364837;2.70874E-05;60.0000000
10556.0007095337;60.0000000;59.9978775;0.0002364837;1.055716E-05;60.0000000
10557.0001602173;60.0000000;59.9978180;0.0002431131;-4.289775E-05;60.0000000
10558.0005645752;60.0000000;59.9978775;0.0002364837;1.629912E-05;60.0000000
10559.0009689331;60.0000000;59.9978775;0.0002364837;6.35249E-06;60.0000000
10560.0004196167;60.0000000;59.9978775;0.0002364837;2.475847E-06;60.0000000
10561.0008239746;60.0000000;59.9978775;0.0002364837;9.649475E-07;60.0000000
10562.0002746582;60.0000000;59.9978775;0.0002364837;3.760828E-07;60.0000000
10563.0006790161;60.0000000;59.9978775;0.0002364837;1.465761E-07;60.0000000
10564.0001296997;60.0000000;59.9978775;0.0002364837;5.712722E-08;60.0000000
10565.0005340576;60.0000000;59.9978775;0.0002364837;2.226501E-08;60.0000000
10566.0009384155;60.0000000;59.9978775;0.0002364837;8.677661E-09;60.0000000
10567.0003890991;60.0000000;59.9979371;0.0002298432;3.307715E-05;60.0000000
10568.000793457;60.0000000;59.9979371;0.0002298432;1.289163E-05;60.0000000
10569.0002441406;60.0000000;59.9978776;0.0002364726;-4.786445E-05;60.0000000
10570.0006484985;60.0000000;59.9979371;0.0002298432;2.835745E-05;60.0000000
10571.0000991821;60.0000000;59.9979968;0.0002231916;2.283761E-05;60.0000000
10572.00050354;60.0000000;59.9979372;0.0002298321;-1.723153E-05;60.0000000
10573.0009078979;60.0000000;59.9979372;0.0002298321;-6.715891E-06;60.0000000
10574.0003585815;60.0000000;59.9980563;0.0002165623;7.970988E-05;60.0000000
10575.0007629395;60.0000000;59.9979968;0.0002231916;-1.951799E-06;60.0000000
10576.000213623;60.0000000;59.9979372;0.0002298321;-3.796869E-05;60.0000000
10577.000617981;60.0000000;59.9979967;0.0002232028;3.809081E-05;60.0000000
10578.0000686646;60.0000000;59.9980563;0.0002165623;3.807444E-05;60.0000000
10579.0004730225;60.0000000;59.9979968;0.0002231916;-1.124922E-05;60.0000000
10580.0008773804;60.0000000;59.9979968;0.0002231916;-4.384318E-06;60.0000000
10581.000328064;60.0000000;59.9980563;0.0002165623;2.764081E-05;60.0000000
10582.0007324219;60.0000000;59.9979968;0.0002231916;-4.211604E-05;60.0000000
10583.0001831055;60.0000000;59.9979968;0.0002231916;-1.641449E-05;60.0000000
10584.0005874634;60.0000000;59.9980563;0.0002165623;3.53913E-05;60.0000000
10585.000038147;60.0000000;59.9980563;0.0002165623;1.379356E-05;60.0000000
10586.0004425049;60.0000000;59.9979968;0.0002231916;-3.641279E-05;60.0000000
10587.0008468628;60.0000000;59.9979968;0.0002231916;-1.419168E-05;60.0000000
10588.0002975464;60.0000000;59.9980563;0.0002165623;1.765866E-05;60.0000000
10589.0007019043;60.0000000;59.9980563;0.0002165623;6.882362E-06;60.0000000
10590.0001525879;60.0000000;59.9980563;0.0002165623;2.682362E-06;60.0000000
10591.0005569458;60.0000000;59.9981159;0.0002099218;4.290442E-05;60.0000000
10592.0009613037;60.0000000;59.9981159;0.0002099218;1.672175E-05;60.0000000
10593.0004119873;60.0000000;59.9981159;0.0002099218;6.517208E-06;60.0000000
10594.0008163452;60.0000000;59.9981159;0.0002099218;2.540045E-06;60.0000000
10595.0002670288;60.0000000;59.9981159;0.0002099218;9.899682E-07;60.0000000
10596.0006713867;60.0000000;59.9981159;0.0002099218;3.858345E-07;60.0000000
10597.0001220703;60.0000000;59.9981159;0.0002099218;1.503768E-07;60.0000000
10598.0005264282;60.0000000;59.9981159;0.0002099218;5.860851E-08;60.0000000
10599.0009307861;60.0000000;59.9981159;0.0002099218;2.284234E-08;60.0000000
10600.0003814697;60.0000000;59.9981159;0.0002099218;8.902671E-09;60.0000000
10601.0007858276;60.0000000;59.9981159;0.0002099218;3.469765E-09;60.0000000
10602.0002365112;60.0000000;59.9981159;0.0002099218;1.352321E-09;60.0000000
10603.0006408691;60.0000000;59.9981159;0.0002099218;5.270596E-10;60.0000000
10604.0000915527;60.0000000;59.9981159;0.0002099218;2.054185E-10;60.0000000
10605.0004959106;60.0000000;59.9981159;0.0002099218;8.006069E-11;60.0000000
10606.0009002686;60.0000000;59.9981159;0.0002099218;3.12032E-11;60.0000000
10607.0003509521;60.0000000;59.9981755;0.0002032813;4.1859E-05;60.0000000
10608.0007553101;60.0000000;59.9981755;0.0002032813;1.631431E-05;60.0000000
10609.0002059937;60.0000000;59.9981755;0.0002032813;6.358408E-06;60.0000000
10610.0006103516;60.0000000;59.9982351;0.0001966408;4.433714E-05;60.0000000
10611.0000610352;60.0000000;59.9982351;0.0001966408;2.728398E-05;60.0000000
10612.0004653931;60.0000000;59.9982351;0.0001966408;1.063377E-05;60.0000000
10613.000869751;60.0000000;59.9982351;0.0001966408;2.506829E-05;60.0000000
10614.0003204346;60.0000000;59.9982351;0.0001966408;9.770224E-06;60.0000000
10615.0007247925;60.0000000;59.9982351;0.0001966408;9.967678E-06;60.0000000
10616.0001754761;60.0000000;59.9982351;0.0001966408;3.884846E-06;60.0000000
10617.000579834;60.0000000;59.9982351;0.0001966408;1.514097E-06;60.0000000
10618.0000305176;60.0000000;59.9982351;0.0001966408;5.901107E-07;60.0000000
10619.0004348755;60.0000000;59.9982351;0.0001966408;2.299923E-07;60.0000000
10620.0008392334;60.0000000;59.9982352;0.0001966297;-2.340035E-05;60.0000000
10621.000289917;60.0000000;59.9982352;0.0001966297;-9.120153E-06;60.0000000
10622.0006942749;60.0000000;59.9982352;0.0001966297;-3.554528E-06;60.0000000
10623.0001449585;60.0000000;59.9982947;0.0001900003;2.470315E-05;60.0000000
10624.0005493164;60.0000000;59.9982947;0.0001900003;9.627914E-06;60.0000000
10625.0009536743;60.0000000;59.9982947;0.0001900003;3.752425E-06;60.0000000
10626.0004043579;60.0000000;59.9982947;0.0001900003;1.462486E-06;60.0000000
10627.0008087158;60.0000000;59.9983543;0.0001833598;5.354777E-05;60.0000000
10628.0002593994;60.0000000;59.9983543;0.0001833598;2.086994E-05;60.0000000
10629.0006637573;60.0000000;59.9983543;0.0001833598;8.133942E-06;60.0000000
10630.0001144409;60.0000000;59.9983543;0.0001833598;3.170158E-06;60.0000000
10631.0005187988;60.0000000;59.9983543;0.0001833598;1.235551E-06;60.0000000
10632.0009231567;60.0000000;59.9983543;0.0001833598;4.81549E-07;60.0000000
10633.0003738403;60.0000000;59.9984139;0.0001767193;2.958658E-05;60.0000000
10634.0007781982;60.0000000;59.9984139;0.0001767193;1.15312E-05;60.0000000
10635.0002288818;60.0000000;59.9984139;0.0001767193;4.494222E-06;60.0000000
10636.0006332397;60.0000000;59.9983544;0.0001833487;-4.003716E-05;60.0000000
10637.0000839233;60.0000000;59.9984139;0.0001767193;2.15413E-05;60.0000000
10638.0004882813;60.0000000;59.9984140;0.0001767082;-1.408757E-06;60.0000000
10639.0008926392;60.0000000;59.9984140;0.0001767082;-1.16061E-05;60.0000000
10640.0003433228;60.0000000;59.9984140;0.0001767082;-4.523413E-06;60.0000000
10641.0007476807;60.0000000;59.9984735;0.0001700789;4.002578E-05;60.0000000
10642.0001983643;60.0000000;59.9984735;0.0001700789;1.559982E-05;60.0000000
10643.0006027222;60.0000000;59.9984140;0.0001767082;-2.000857E-05;60.0000000
10644.0000534058;60.0000000;59.9984735;0.0001700789;2.934733E-05;60.0000000
10645.0004577637;60.0000000;59.9984735;0.0001700789;1.143796E-05;60.0000000
10646.0008621216;60.0000000;59.9984735;0.0001700789;4.457879E-06;60.0000000
10647.0003128052;60.0000000;59.9984735;0.0001700789;1.737433E-06;60.0000000
10648.0007171631;60.0000000;59.9984735;0.0001700789;6.771549E-07;60.0000000
10649.0001678467;60.0000000;59.9985331;0.0001634384;2.966282E-05;60.0000000
10650.0005722046;60.0000000;59.9984736;0.0001700677;-4.132797E-05;60.0000000
10651.0009765625;60.0000000;59.9984736;0.0001700677;-1.610734E-05;60.0000000
10652.0004272461;60.0000000;59.9985331;0.0001634384;1.691204E-05;60.0000000
10653.000831604;60.0000000;59.9985331;0.0001634384;6.591373E-06;60.0000000
10654.0002822876;60.0000000;59.9985331;0.0001634384;2.56895E-06;60.0000000
10655.0006866455;60.0000000;59.9985331;0.0001634384;1.001234E-06;60.0000000
10656.0001373291;60.0000000;59.9985331;0.0001634384;3.902252E-07;60.0000000
10657.000541687;60.0000000;59.9985331;0.0001634384;1.520881E-07;60.0000000
10658.0009460449;60.0000000;59.9985927;0.0001567979;2.619163E-05;60.0000000
10659.0003967285;60.0000000;59.9985927;0.0001567979;1.020804E-05;60.0000000
10660.0008010864;60.0000000;59.9985927;0.0001567979;3.978525E-06;60.0000000
10661.00025177;60.0000000;59.9985927;0.0001567979;1.550608E-06;60.0000000
10662.0006561279;60.0000000;59.9985927;0.0001567979;6.043406E-07;60.0000000
10663.0001068115;60.0000000;59.9985927;0.0001567979;2.355383E-07;60.0000000
10664.0005111694;60.0000000;59.9985927;0.0001567979;9.179975E-08;60.0000000
10665.0009155273;60.0000000;59.9985927;0.0001567979;3.577843E-08;60.0000000
10666.0003662109;60.0000000;59.9985927;0.0001567979;1.394444E-08;60.0000000
10667.0007705688;60.0000000;59.9986523;0.0001501574;5.298321E-05;60.0000000
10668.0002212524;60.0000000;59.9986523;0.0001501574;2.354863E-05;60.0000000
10669.0006256104;60.0000000;59.9986523;0.0001501574;9.177946E-06;60.0000000
10670.0000762939;60.0000000;59.9986523;0.0001501574;3.577052E-06;60.0000000
10671.0004806519;60.0000000;59.9986523;0.0001501574;1.394136E-06;60.0000000
10672.0008850098;60.0000000;59.9987715;0.0001368764;5.684589E-05;60.0000000
10673.0003356934;60.0000000;59.9987120;0.0001435058;-3.073352E-05;60.0000000
10674.0007400513;60.0000000;59.9987120;0.0001435058;-1.197822E-05;60.0000000
10675.0001907349;60.0000000;59.9988311;0.000130236;6.851143E-05;60.0000000
10676.0005950928;60.0000000;59.9988311;0.000130236;2.670194E-05;60.0000000
10677.0000457764;60.0000000;59.9988311;0.000130236;1.040693E-05;60.0000000
10678.0004501343;60.0000000;59.9988907;0.0001235955;5.703382E-05;60.0000000
10679.0008544922;60.0000000;59.9988907;0.0001235955;2.222861E-05;60.0000000
10680.0003051758;60.0000000;59.9988907;0.0001235955;8.663474E-06;60.0000000
10681.0007095337;60.0000000;59.9989503;0.000116955;5.04679E-05;60.0000000
10682.0001602173;60.0000000;59.9990099;0.0001103145;5.274334E-05;60.0000000
10683.0005645752;60.0000000;59.9990099;0.0001103145;2.055642E-05;60.0000000
10684.0009689331;60.0000000;59.9991292;9.702239E-05;8.430718E-05;60.0000000
10685.0004196167;60.0000000;59.9992484;8.374142E-05;0.0001093485;60.0000000
10686.0008239746;60.0000000;59.9994868;5.717948E-05;0.0001978915;60.0000000
10687.0002746582;60.0000000;59.9999040;1.069608E-05;0.0003647722;60.0000000
10688.0006790161;60.0000000;60.0003809;-4.243894E-05;0.0004629757;60.0000000
10689.0001296997;60.0000000;60.0009173;-0.0001022033;0.0005114655;60.0000000
10690.0005340576;60.0000000;60.0014537;-0.0001619677;0.0005339219;60.0000000
10691.0009384155;60.0000000;60.0018710;-0.0002084622;0.0004795715;60.0000000
10692.0003890991;60.0000000;60.0021094;-0.0002350241;0.0003350668;60.0000000
10693.000793457;60.0000000;60.0022286;-0.0002483051;0.0002055231;60.0000000
10694.0002441406;60.0000000;60.0022286;-0.0002483051;8.010148E-05;60.0000000
10695.0006484985;60.0000000;60.0022882;-0.0002549456;5.735146E-05;60.0000000
10696.0000991821;60.0000000;60.0022882;-0.0002549456;2.235241E-05;60.0000000
10697.00050354;60.0000000;60.0022882;-0.0002549456;8.711724E-06;60.0000000
10698.0009078979;60.0000000;60.0022882;-0.0002549456;3.395345E-06;60.0000000
10699.0003585815;60.0000000;60.0022882;-0.0002549456;1.323316E-06;60.0000000
10700.0007629395;60.0000000;60.0022882;-0.0002549456;5.157551E-07;60.0000000
10701.000213623;60.0000000;60.0022882;-0.0002549456;2.010126E-07;60.0000000
10702.000617981;60.0000000;60.0022882;-0.0002549456;7.834354E-08;60.0000000
10703.0000686646;60.0000000;60.0022882;-0.0002549456;3.053395E-08;60.0000000
10704.0004730225;60.0000000;60.0022287;-0.0002483162;-2.317789E-05;60.0000000
10705.0008773804;60.0000000;60.0022882;-0.0002549456;1.705506E-05;60.0000000
10706.000328064;60.0000000;60.0022882;-0.0002549456;6.647115E-06;60.0000000
10707.0007324219;60.0000000;60.0022287;-0.0002483162;-2.67589E-05;60.0000000
10708.0001831055;60.0000000;60.0022882;-0.0002549456;3.658321E-05;60.0000000
10709.0005874634;60.0000000;60.0022882;-0.0002549456;1.42581E-05;60.0000000
10710.000038147;60.0000000;60.0021691;-0.0002416758;-4.703168E-05;60.0000000
10711.0004425049;60.0000000;60.0022286;-0.0002483051;1.881523E-05;60.0000000
10712.0008468628;60.0000000;60.0022882;-0.0002549456;3.673203E-05;60.0000000
10713.0002975464;60.0000000;60.0021691;-0.0002416758;-4.608167E-05;60.0000000
10714.0007019043;60.0000000;60.0022286;-0.0002483051;3.492882E-05;60.0000000
10715.0001525879;60.0000000;60.0022286;-0.0002483051;1.361331E-05;60.0000000
10716.0005569458;60.0000000;60.0021691;-0.0002416758;-3.183985E-05;60.0000000
10717.0009613037;60.0000000;60.0021691;-0.0002416758;-1.24094E-05;60.0000000
10718.0004119873;60.0000000;60.0021691;-0.0002416758;-4.836494E-06;60.0000000
10719.0008163452;60.0000000;60.0021691;-0.0002416758;-1.884996E-06;60.0000000
10720.0002670288;60.0000000;60.0021691;-0.0002416758;-7.346666E-07;60.0000000
10721.0006713867;60.0000000;60.0021691;-0.0002416758;-2.863322E-07;60.0000000
10722.0001220703;60.0000000;60.0021095;-0.0002350353;-2.95105E-05;60.0000000
10723.0005264282;60.0000000;60.0021095;-0.0002350353;-1.150155E-05;60.0000000
10724.0009307861;60.0000000;60.0021095;-0.0002350353;-4.482664E-06;60.0000000
10725.0003814697;60.0000000;60.0021095;-0.0002350353;-1.747093E-06;60.0000000
10726.0007858276;60.0000000;60.0021095;-0.0002350353;-6.809195E-07;60.0000000
10727.0002365112;60.0000000;60.0021095;-0.0002350353;-2.653845E-07;60.0000000
10728.0006408691;60.0000000;60.0021095;-0.0002350353;-1.034321E-07;60.0000000
10729.0000915527;60.0000000;60.0021095;-0.0002350353;-4.031208E-08;60.0000000
10730.0004959106;60.0000000;60.0021095;-0.0002350353;-1.571141E-08;60.0000000
10731.0009002686;60.0000000;60.0021095;-0.0002350353;-6.123431E-09;60.0000000
10732.0003509521;60.0000000;60.0021095;-0.0002350353;-2.386573E-09;60.0000000
10733.0007553101;60.0000000;60.0021095;-0.0002350353;-9.301532E-10;60.0000000
10734.0002059937;60.0000000;60.0021095;-0.0002350353;-3.62522E-10;60.0000000
10735.0006103516;60.0000000;60.0020499;-0.0002283948;-2.61325E-05;60.0000000
10736.0000610352;60.0000000;60.0020499;-0.0002283948;-1.018499E-05;60.0000000
10737.0004653931;60.0000000;60.0020499;-0.0002283948;-3.969543E-06;60.0000000
10738.000869751;60.0000000;60.0020499;-0.0002283948;-1.547107E-06;60.0000000
10739.0003204346;60.0000000;60.0020499;-0.0002283948;-6.029762E-07;60.0000000
10740.0007247925;60.0000000;60.0020499;-0.0002283948;-2.350065E-07;60.0000000
10741.0001754761;60.0000000;60.0019903;-0.0002217543;-4.195058E-05;60.0000000
10742.000579834;60.0000000;60.0019903;-0.0002217543;-1.635E-05;60.0000000
10743.0009841919;60.0000000;60.0019903;-0.0002217543;-6.372321E-06;60.0000000
10744.0004348755;60.0000000;60.0019903;-0.0002217543;-2.483576E-06;60.0000000
10745.0008392334;60.0000000;60.0019903;-0.0002217543;-9.679596E-07;60.0000000
10746.000289917;60.0000000;60.0019903;-0.0002217543;-3.772568E-07;60.0000000
10747.0006942749;60.0000000;60.0019903;-0.0002217543;-1.470337E-07;60.0000000
10748.0001449585;60.0000000;60.0019903;-0.0002217543;-5.730556E-08;60.0000000
10749.0005493164;60.0000000;60.0019903;-0.0002217543;-2.233452E-08;60.0000000
10750.0009536743;60.0000000;60.0019307;-0.0002151138;-5.298648E-05;60.0000000
10751.0004043579;60.0000000;60.0019307;-0.0002151138;-2.065118E-05;60.0000000
10752.0008087158;60.0000000;60.0019307;-0.0002151138;-8.048682E-06;60.0000000
10753.0002593994;60.0000000;60.0019307;-0.0002151138;-3.136928E-06;60.0000000
10754.0006637573;60.0000000;60.0019307;-0.0002151138;-1.2226E-06;60.0000000
10755.0001144409;60.0000000;60.0019307;-0.0002151138;-4.765014E-07;60.0000000
10756.0005187988;60.0000000;60.0019307;-0.0002151138;-1.857137E-07;60.0000000
10757.0009231567;60.0000000;60.0019307;-0.0002151138;-7.238087E-08;60.0000000
10758.0003738403;60.0000000;60.0019307;-0.0002151138;-2.821003E-08;60.0000000
10759.0007781982;60.0000000;60.0019307;-0.0002151138;-1.09947E-08;60.0000000
10760.0002288818;60.0000000;60.0019307;-0.0002151138;-4.285122E-09;60.0000000
10761.0006332397;60.0000000;60.0019307;-0.0002151138;-1.670102E-09;60.0000000
10762.0000839233;60.0000000;60.0018711;-0.0002084734;-2.613301E-05;60.0000000
10763.0004882813;60.0000000;60.0018711;-0.0002084734;-1.018519E-05;60.0000000
10764.0008926392;60.0000000;60.0018711;-0.0002084734;-2.489345E-05;60.0000000
10765.0003433228;60.0000000;60.0018115;-0.0002018329;-4.691006E-05;60.0000000
10766.0007476807;60.0000000;60.0018710;-0.0002084622;1.106665E-05;60.0000000
10767.0001983643;60.0000000;60.0018710;-0.0002084622;4.313163E-06;60.0000000
10768.0006027222;60.0000000;60.0018710;-0.0002084622;1.681031E-06;60.0000000
10769.0000534058;60.0000000;60.0018710;-0.0002084622;6.551722E-07;60.0000000
10770.0004577637;60.0000000;60.0018115;-0.0002018329;-4.6757E-05;60.0000000
10771.0008621216;60.0000000;60.0018114;-0.0002018217;-8.433767E-06;60.0000000
10772.0003128052;60.0000000;60.0018710;-0.0002084622;2.611189E-05;60.0000000
10773.0007171631;60.0000000;60.0018115;-0.0002018329;-3.683538E-05;60.0000000
10774.0001678467;60.0000000;60.0017519;-0.0001951924;-3.758514E-05;60.0000000
10775.0005722046;60.0000000;60.0018710;-0.0002084622;5.32989E-05;60.0000000
10776.0009765625;60.0000000;60.0017519;-0.0001951924;-6.810717E-05;60.0000000
10777.0004272461;60.0000000;60.0017518;-0.0001951812;-6.729265E-06;60.0000000
10778.000831604;60.0000000;60.0018114;-0.0002018217;2.677621E-05;60.0000000
10779.0002822876;60.0000000;60.0017519;-0.0001951924;-3.135288E-05;60.0000000
10780.0006866455;60.0000000;60.0017518;-0.0001951812;7.595518E-06;60.0000000
10781.0001373291;60.0000000;60.0018114;-0.0002018217;4.01683E-05;60.0000000
10782.000541687;60.0000000;60.0017519;-0.0001951924;-3.135698E-05;60.0000000
10783.0009460449;60.0000000;60.0016923;-0.0001885519;-3.835356E-05;60.0000000
10784.0003967285;60.0000000;60.0018114;-0.0002018217;6.462905E-05;60.0000000
10785.0008010864;60.0000000;60.0016923;-0.0001885519;-6.126583E-05;60.0000000
10786.00025177;60.0000000;60.0016923;-0.0001885519;-2.387801E-05;60.0000000
10787.0006561279;60.0000000;60.0017518;-0.0001951812;3.248244E-05;60.0000000
10788.0001068115;60.0000000;60.0017519;-0.0001951924;5.773927E-06;60.0000000
10789.0005111694;60.0000000;60.0016325;-0.0001818891;-5.775426E-05;60.0000000
10790.0009155273;60.0000000;60.0016922;-0.0001885408;1.476102E-05;60.0000000
10791.0003662109;60.0000000;60.0016922;-0.0001885408;5.753025E-06;60.0000000
10792.0007705688;60.0000000;60.0016922;-0.0001885408;2.242209E-06;60.0000000
10793.0002212524;60.0000000;60.0016922;-0.0001885408;8.738883E-07;60.0000000
10794.0006256104;60.0000000;60.0016326;-0.0001819003;-5.263718E-05;60.0000000
10795.0000762939;60.0000000;60.0016326;-0.0001819003;-2.051504E-05;60.0000000
10796.0004806519;60.0000000;60.0016326;-0.0001819003;-7.995622E-06;60.0000000
10797.0008850098;60.0000000;60.0016326;-0.0001819003;-3.116248E-06;60.0000000
10798.0003356934;60.0000000;60.0016325;-0.0001818891;4.582993E-06;60.0000000
10799.0007400513;60.0000000;60.0016325;-0.0001818891;7.009787E-06;60.0000000
10800.0001907349;60.0000000;60.0015730;-0.0001752598;-4.428032E-05;60.0000000
10801.0005950928;60.0000000;60.0016325;-0.0001818891;8.830507E-06;60.0000000
10802.0000457764;60.0000000;60.0016325;-0.0001818891;3.44164E-06;60.0000000
10803.0004501343;60.0000000;60.0016325;-0.0001818891;1.34136E-06;60.0000000
10804.0008544922;60.0000000;60.0015730;-0.0001752598;-2.882679E-05;60.0000000
10805.0003051758;60.0000000;60.0015730;-0.0001752598;-1.123508E-05;60.0000000
10806.0007095337;60.0000000;60.0015730;-0.0001752598;-1.025535E-05;60.0000000
10807.0001602173;60.0000000;60.0015730;-0.0001752598;-3.996965E-06;60.0000000
10808.0005645752;60.0000000;60.0015730;-0.0001752598;-1.557794E-06;60.0000000
10809.0009689331;60.0000000;60.0015730;-0.0001752598;-6.071416E-07;60.0000000
10810.0004196167;60.0000000;60.0015730;-0.0001752598;-2.3663E-07;60.0000000
10811.0008239746;60.0000000;60.0015730;-0.0001752598;-9.222521E-08;60.0000000
10812.0002746582;60.0000000;60.0015730;-0.0001752598;-3.594425E-08;60.0000000
10813.0006790161;60.0000000;60.0015730;-0.0001752598;-1.400907E-08;60.0000000
10814.0001296997;60.0000000;60.0015730;-0.0001752598;-5.459956E-09;60.0000000
10815.0005340576;60.0000000;60.0015134;-0.0001686193;-2.940103E-05;60.0000000
10816.0009384155;60.0000000;60.0015134;-0.0001686193;-1.145889E-05;60.0000000
10817.0003890991;60.0000000;60.0015134;-0.0001686193;-4.466036E-06;60.0000000
10818.000793457;60.0000000;60.0015134;-0.0001686193;-1.740612E-06;60.0000000
10819.0002441406;60.0000000;60.0015134;-0.0001686193;-6.783937E-07;60.0000000
10820.0006484985;60.0000000;60.0015134;-0.0001686193;-2.644001E-07;60.0000000
10821.0000991821;60.0000000;60.0015134;-0.0001686193;-1.030484E-07;60.0000000
10822.00050354;60.0000000;60.0015134;-0.0001686193;-4.016255E-08;60.0000000
10823.0009078979;60.0000000;60.0015134;-0.0001686193;-1.565313E-08;60.0000000
10824.0003585815;60.0000000;60.0014538;-0.0001619788;-3.307986E-05;60.0000000
10825.0007629395;60.0000000;60.0015133;-0.0001686082;1.319582E-05;60.0000000
10826.000213623;60.0000000;60.0015133;-0.0001686082;5.142997E-06;60.0000000
10827.000617981;60.0000000;60.0015133;-0.0001686082;2.004454E-06;60.0000000
10828.0000686646;60.0000000;60.0014538;-0.0001619788;-2.530729E-05;60.0000000
10829.0004730225;60.0000000;60.0014538;-0.0001619788;-9.863372E-06;60.0000000
10830.0008773804;60.0000000;60.0014538;-0.0001619788;-3.844194E-06;60.0000000
10831.000328064;60.0000000;60.0014538;-0.0001619788;-1.498253E-06;60.0000000
10832.0007324219;60.0000000;60.0015133;-0.0001686082;4.120482E-05;60.0000000
10833.0001831055;60.0000000;60.0014538;-0.0001619788;-1.695893E-05;60.0000000
10834.0005874634;60.0000000;60.0013942;-0.0001553383;-3.600855E-05;60.0000000
10835.000038147;60.0000000;60.0014537;-0.0001619677;1.531545E-05;60.0000000
10836.0004425049;60.0000000;60.0014537;-0.0001619677;5.969108E-06;60.0000000
10837.0008468628;60.0000000;60.0013942;-0.0001553383;-4.101723E-05;60.0000000
10838.0002975464;60.0000000;60.0014537;-0.0001619677;2.115932E-05;60.0000000
10839.0007019043;60.0000000;60.0014537;-0.0001619677;8.246727E-06;60.0000000
10840.0001525879;60.0000000;60.0013942;-0.0001553383;-3.393144E-05;60.0000000
10841.0005569458;60.0000000;60.0014537;-0.0001619677;2.392097E-05;60.0000000
10842.0009613037;60.0000000;60.0014537;-0.0001619677;9.323062E-06;60.0000000
10843.0004119873;60.0000000;60.0013346;-0.0001486978;-4.895508E-05;60.0000000
10844.0008163452;60.0000000;60.0014537;-0.0001619677;7.502374E-05;60.0000000
10845.0002670288;60.0000000;60.0013942;-0.0001553383;-2.364881E-05;60.0000000
10846.0006713867;60.0000000;60.0013346;-0.0001486978;-6.219477E-05;60.0000000
10847.0001220703;60.0000000;60.0013346;-0.0001486978;-2.424006E-05;60.0000000
10848.0005264282;60.0000000;60.0013941;-0.0001553272;1.664109E-05;60.0000000
10849.0009307861;60.0000000;60.0013346;-0.0001486978;-3.530299E-05;60.0000000
10850.0003814697;60.0000000;60.0013346;-0.0001486978;-1.375914E-05;60.0000000
10851.0007858276;60.0000000;60.0013941;-0.0001553272;2.765573E-05;60.0000000
10852.0002365112;60.0000000;60.0013346;-0.0001486978;-3.623368E-05;60.0000000
10853.0006408691;60.0000000;60.0013346;-0.0001486978;-1.412187E-05;60.0000000
10854.0000915527;60.0000000;60.0013346;-0.0001486978;-5.503919E-06;60.0000000
10855.0004959106;60.0000000;60.0013346;-0.0001486978;-2.145121E-06;60.0000000
10856.0009002686;60.0000000;60.0013346;-0.0001486978;-8.360489E-07;60.0000000
10857.0003509521;60.0000000;60.0013346;-0.0001486978;-3.258453E-07;60.0000000
10858.0007553101;60.0000000;60.0013346;-0.0001486978;-1.269964E-07;60.0000000
10859.0002059937;60.0000000;60.0013346;-0.0001486978;-4.949612E-08;60.0000000
10860.0006103516;60.0000000;60.0013346;-0.0001486978;-1.929083E-08;60.0000000
10861.0000610352;60.0000000;60.0013346;-0.0001486978;-7.518492E-09;60.0000000
10862.0004653931;60.0000000;60.0013346;-0.0001486978;-2.93029E-09;60.0000000
10863.000869751;60.0000000;60.0012750;-0.0001420574;-3.720913E-05;60.0000000
10864.0003204346;60.0000000;60.0012750;-0.0001420574;-1.450205E-05;60.0000000
10865.0007247925;60.0000000;60.0013345;-0.0001486867;2.736618E-05;60.0000000
10866.0001754761;60.0000000;60.0012154;-0.0001354169;-6.833873E-05;60.0000000
10867.000579834;60.0000000;60.0012749;-0.0001420462;2.625426E-05;60.0000000
10868.0009841919;60.0000000;60.0013345;-0.0001486867;3.346121E-05;60.0000000
10869.0004348755;60.0000000;60.0012154;-0.0001354169;-5.200745E-05;60.0000000
10870.0008392334;60.0000000;60.0012154;-0.0001354169;-2.026961E-05;60.0000000
10871.000289917;60.0000000;60.0012749;-0.0001420462;1.818855E-05;60.0000000
10872.0006942749;60.0000000;60.0012749;-0.0001420462;7.088884E-06;60.0000000
10873.0001449585;60.0000000;60.0012154;-0.0001354169;-2.042694E-05;60.0000000
10874.0005493164;60.0000000;60.0012154;-0.0001354169;-7.961284E-06;60.0000000
10875.0009536743;60.0000000;60.0012154;-0.0001354169;-3.102865E-06;60.0000000
10876.0004043579;60.0000000;60.0012154;-0.0001354169;-2.474864E-05;60.0000000
10877.0008087158;60.0000000;60.0011558;-0.0001287764;-5.6737E-05;60.0000000
10878.0002593994;60.0000000;60.0011558;-0.0001287764;-2.211292E-05;60.0000000
10879.0006637573;60.0000000;60.0012153;-0.0001354057;1.747012E-05;60.0000000
10880.0001144409;60.0000000;60.0012153;-0.0001354057;6.808882E-06;60.0000000
10881.0005187988;60.0000000;60.0011558;-0.0001287764;-3.036455E-05;60.0000000
10882.0009231567;60.0000000;60.0011558;-0.0001287764;-1.183441E-05;60.0000000
10883.0003738403;60.0000000;60.0011558;-0.0001287764;-4.612395E-06;60.0000000
10884.0007781982;60.0000000;60.0011558;-0.0001287764;-1.797654E-06;60.0000000
10885.0002288818;60.0000000;60.0011558;-0.0001287764;-7.006257E-07;60.0000000
10886.0006332397;60.0000000;60.0011558;-0.0001287764;-2.73065E-07;60.0000000
10887.0000839233;60.0000000;60.0011558;-0.0001287764;-1.064255E-07;60.0000000
10888.0004882813;60.0000000;60.0010962;-0.0001221359;-4.713283E-05;60.0000000
10889.0008926392;60.0000000;60.0010962;-0.0001221359;-1.836975E-05;60.0000000
10890.0003433228;60.0000000;60.0010962;-0.0001221359;-7.159508E-06;60.0000000
10891.0007476807;60.0000000;60.0010962;-0.0001221359;-2.790377E-06;60.0000000
10892.0001983643;60.0000000;60.0010962;-0.0001221359;-1.087534E-06;60.0000000
10893.0006027222;60.0000000;60.0010366;-0.0001154954;-5.340164E-05;60.0000000
10894.0000534058;60.0000000;60.0010366;-0.0001154954;-2.081299E-05;60.0000000
10895.0004577637;60.0000000;60.0010366;-0.0001154954;-8.111744E-06;60.0000000
10896.0008621216;60.0000000;60.0010366;-0.0001154954;-3.161507E-06;60.0000000
10897.0003128052;60.0000000;60.0010365;-0.0001154843;9.797726E-06;60.0000000
10898.0007171631;60.0000000;60.0009770;-0.0001088549;-2.59386E-05;60.0000000
10899.0001678467;60.0000000;60.0009770;-0.0001088549;-1.626921E-05;60.0000000
10900.0005722046;60.0000000;60.0009770;-0.0001088549;-6.340833E-06;60.0000000
10901.0009765625;60.0000000;60.0009770;-0.0001088549;-2.471304E-06;60.0000000
10902.0004272461;60.0000000;60.0009770;-0.0001088549;-9.631766E-07;60.0000000
10903.000831604;60.0000000;60.0009770;-0.0001088549;-3.753926E-07;60.0000000
10904.0002822876;60.0000000;60.0009770;-0.0001088549;-1.463072E-07;60.0000000
10905.0006866455;60.0000000;60.0009174;-0.0001022144;-4.714838E-05;60.0000000
10906.0001373291;60.0000000;60.0009174;-0.0001022144;-1.837582E-05;60.0000000
10907.000541687;60.0000000;60.0008578;-9.557396E-05;-5.425323E-05;60.0000000
10908.0009460449;60.0000000;60.0008578;-9.557396E-05;-2.114489E-05;60.0000000
10909.0003967285;60.0000000;60.0008578;-9.557396E-05;-8.241102E-06;60.0000000
10910.0008010864;60.0000000;60.0007982;-8.893348E-05;-5.030328E-05;60.0000000
10911.00025177;60.0000000;60.0007982;-8.893348E-05;-1.960542E-05;60.0000000
10912.0006561279;60.0000000;60.0007982;-8.893348E-05;-7.641102E-06;60.0000000
10913.0001068115;60.0000000;60.0007386;-8.229299E-05;-5.595585E-05;60.0000000
10914.0005111694;60.0000000;60.0007386;-8.229299E-05;-2.180848E-05;60.0000000
10915.0009155273;60.0000000;60.0007386;-8.229299E-05;-8.49973E-06;60.0000000
10916.0003662109;60.0000000;60.0006789;-7.564136E-05;-1.26029E-05;60.0000000
10917.0007705688;60.0000000;60.0006194;-6.901202E-05;-5.78008E-05;60.0000000
10918.0002212524;60.0000000;60.0005598;-6.237154E-05;-7.550531E-05;60.0000000
10919.0006256104;60.0000000;60.0005002;-5.573105E-05;-6.663575E-05;60.0000000
10920.0000762939;60.0000000;60.0002617;-2.915797E-05;-0.0001754252;60.0000000
10921.0004806519;60.0000000;59.9999637;4.044457E-06;-0.0002582758;60.0000000
10922.0008850098;60.0000000;59.9994273;6.380882E-05;-0.0004446092;60.0000000
10923.0003356934;60.0000000;59.9988312;0.0001302248;-0.0005574056;60.0000000
10924.0007400513;60.0000000;59.9981756;0.0002032701;-0.0006330326;60.0000000
10925.0001907349;60.0000000;59.9976391;0.0002630457;-0.0005712941;60.0000000
10926.0005950928;60.0000000;59.9973411;0.0002962481;-0.0003926595;60.0000000
10927.0000457764;60.0000000;59.9971623;0.0003161695;-0.0002396059;60.0000000
10928.0004501343;60.0000000;59.9971027;0.00032281;-0.0001195174;60.0000000
10929.0008544922;60.0000000;59.9971027;0.00032281;-4.658123E-05;60.0000000
10930.0003051758;60.0000000;59.9971027;0.00032281;-1.815477E-05;60.0000000
10931.0007095337;60.0000000;59.9971027;0.00032281;-7.075719E-06;60.0000000
10932.0001602173;60.0000000;59.9971027;0.00032281;-2.757722E-06;60.0000000
10933.0005645752;60.0000000;59.9971027;0.00032281;-1.074807E-06;60.0000000
10934.0009689331;60.0000000;59.9971622;0.0003161807;4.136985E-05;60.0000000
10935.0004196167;60.0000000;59.9971027;0.00032281;-7.066123E-06;60.0000000
10936.0008239746;60.0000000;59.9971622;0.0003161807;3.903477E-05;60.0000000
10937.0002746582;60.0000000;59.9971622;0.0003161807;1.521358E-05;60.0000000
10938.0006790161;60.0000000;59.9971622;0.0003161807;1.698646E-05;60.0000000
10939.0001296997;60.0000000;59.9971622;0.0003161807;6.620375E-06;60.0000000
10940.0005340576;60.0000000;59.9971622;0.0003161807;2.580254E-06;60.0000000
10941.0009384155;60.0000000;59.9971622;0.0003161807;1.005639E-06;60.0000000
10942.0003890991;60.0000000;59.9971622;0.0003161807;3.919421E-07;60.0000000
10943.000793457;60.0000000;59.9971622;0.0003161807;1.527572E-07;60.0000000
10944.0002441406;60.0000000;59.9972218;0.0003095402;2.32883E-05;60.0000000
10945.0006484985;60.0000000;59.9971623;0.0003161695;-3.271227E-05;60.0000000
10946.0000991821;60.0000000;59.9971623;0.0003161695;-1.274942E-05;60.0000000
10947.00050354;60.0000000;59.9972814;0.0003028997;5.832749E-05;60.0000000
10948.0009078979;60.0000000;59.9972219;0.000309529;-6.616769E-06;60.0000000
10949.0003585815;60.0000000;59.9971623;0.0003161695;-2.580761E-05;60.0000000
10950.0007629395;60.0000000;59.9972814;0.0003028997;3.926377E-05;60.0000000
10951.000213623;60.0000000;59.9972219;0.000309529;-3.758606E-05;60.0000000
10952.000617981;60.0000000;59.9972219;0.000309529;-1.464895E-05;60.0000000
10953.0000686646;60.0000000;59.9972814;0.0003028997;2.037916E-05;60.0000000
10954.0004730225;60.0000000;59.9972814;0.0003028997;7.942665E-06;60.0000000
10955.0008773804;60.0000000;59.9972814;0.0003028997;7.738802E-06;60.0000000
10956.000328064;60.0000000;59.9972814;0.0003028997;3.016154E-06;60.0000000
10957.0007324219;60.0000000;59.9973410;0.0002962592;2.440429E-05;60.0000000
10958.0001831055;60.0000000;59.9973410;0.0002962592;9.511435E-06;60.0000000
10959.0005874634;60.0000000;59.9973410;0.0002962592;3.707028E-06;60.0000000
10960.0009918213;60.0000000;59.9973410;0.0002962592;1.444793E-06;60.0000000
10961.0004425049;60.0000000;59.9973410;0.0002962592;5.631E-07;60.0000000
10962.0008468628;60.0000000;59.9973410;0.0002962592;2.194651E-07;60.0000000
10963.0002975464;60.0000000;59.9973410;0.0002962592;8.553528E-08;60.0000000
10964.0007019043;60.0000000;59.9973410;0.0002962592;3.333689E-08;60.0000000
10965.0001525879;60.0000000;59.9973410;0.0002962592;1.299286E-08;60.0000000
10966.0005569458;60.0000000;59.9973410;0.0002962592;5.063896E-09;60.0000000
10967.0009613037;60.0000000;59.9974006;0.0002896187;2.940088E-05;60.0000000
10968.0004119873;60.0000000;59.9974006;0.0002896187;1.145883E-05;60.0000000
10969.0008163452;60.0000000;59.9974006;0.0002896187;4.466012E-06;60.0000000
10970.0002670288;60.0000000;59.9974006;0.0002896187;1.740603E-06;60.0000000
10971.0006713867;60.0000000;59.9974602;0.0002829783;4.776975E-05;60.0000000
10972.0001220703;60.0000000;59.9974602;0.0002829783;1.861799E-05;60.0000000
10973.0005264282;60.0000000;59.9974007;0.0002896076;-1.593353E-05;60.0000000
10974.0009307861;60.0000000;59.9974602;0.0002829783;4.080234E-05;60.0000000
10975.0003814697;60.0000000;59.9974602;0.0002829783;1.590248E-05;60.0000000
10976.0007858276;60.0000000;59.9974602;0.0002829783;6.197903E-06;60.0000000
10977.0002365112;60.0000000;59.9974602;0.0002829783;2.415597E-06;60.0000000
10978.0006408691;60.0000000;59.9974602;0.0002829783;9.414655E-07;60.0000000
10979.0000915527;60.0000000;59.9974602;0.0002829783;3.669308E-07;60.0000000
10980.0004959106;60.0000000;59.9974602;0.0002829783;1.430092E-07;60.0000000
10981.0009002686;60.0000000;59.9975198;0.0002763378;3.726372E-05;60.0000000
10982.0003509521;60.0000000;59.9975198;0.0002763378;1.452332E-05;60.0000000
10983.0007553101;60.0000000;59.9975198;0.0002763378;5.660384E-06;60.0000000
10984.0002059937;60.0000000;59.9975198;0.0002763378;2.206103E-06;60.0000000
10985.0006103516;60.0000000;59.9975198;0.0002763378;8.598161E-07;60.0000000
10986.0000610352;60.0000000;59.9975198;0.0002763378;3.351084E-07;60.0000000
10987.0004653931;60.0000000;59.9975198;0.0002763378;1.306066E-07;60.0000000
10988.000869751;60.0000000;59.9975794;0.0002696973;4.190989E-05;60.0000000
10989.0003204346;60.0000000;59.9975199;0.0002763266;-3.655475E-05;60.0000000
10990.0007247925;60.0000000;59.9975199;0.0002763266;-1.424701E-05;60.0000000
10991.0001754761;60.0000000;59.9975794;0.0002696973;2.053582E-05;60.0000000
10992.000579834;60.0000000;59.9976390;0.0002630568;3.413608E-05;60.0000000
10993.0009841919;60.0000000;59.9975795;0.0002696862;-1.971393E-05;60.0000000
10994.0004348755;60.0000000;59.9976390;0.0002630568;4.52055E-05;60.0000000
10995.0008392334;60.0000000;59.9976390;0.0002630568;1.761859E-05;60.0000000
10996.000289917;60.0000000;59.9976390;0.0002630568;6.866745E-06;60.0000000
10997.0006942749;60.0000000;59.9976390;0.0002630568;7.319468E-06;60.0000000
10998.0001449585;60.0000000;59.9976390;0.0002630568;2.852721E-06;60.0000000
10999.0005493164;60.0000000;59.9976390;0.0002630568;1.111832E-06;60.0000000
11000.0009536743;60.0000000;59.9976390;0.0002630568;4.333302E-07;60.0000000
11001.0004043579;60.0000000;59.9976390;0.0002630568;1.68888E-07;60.0000000
11002.0008087158;60.0000000;59.9976986;0.0002564163;2.946473E-05;60.0000000
11003.0002593994;60.0000000;59.9976986;0.0002564163;1.148371E-05;60.0000000
11004.0006637573;60.0000000;59.9976986;0.0002564163;4.475712E-06;60.0000000
11005.0001144409;60.0000000;59.9976986;0.0002564163;1.744383E-06;60.0000000
11006.0005187988;60.0000000;59.9976986;0.0002564163;6.798635E-07;60.0000000
11007.0009231567;60.0000000;59.9976986;0.0002564163;2.64973E-07;60.0000000
11008.0003738403;60.0000000;59.9976986;0.0002564163;1.032717E-07;60.0000000
11009.0007781982;60.0000000;59.9976986;0.0002564163;4.024957E-08;60.0000000
11010.0002288818;60.0000000;59.9976986;0.0002564163;1.568704E-08;60.0000000
11011.0006332397;60.0000000;59.9976986;0.0002564163;6.113937E-09;60.0000000
11012.0000839233;60.0000000;59.9976986;0.0002564163;2.382873E-09;60.0000000
11013.0004882813;60.0000000;59.9976986;0.0002564163;9.287111E-10;60.0000000
11014.0008926392;60.0000000;59.9977582;0.0002497758;2.613272E-05;60.0000000
11015.0003433228;60.0000000;59.9977582;0.0002497758;1.018508E-05;60.0000000
11016.0007476807;60.0000000;59.9977582;0.0002497758;3.969577E-06;60.0000000
11017.0001983643;60.0000000;59.9977582;0.0002497758;1.54712E-06;60.0000000
11018.0006027222;60.0000000;59.9977582;0.0002497758;6.029813E-07;60.0000000
11019.0000534058;60.0000000;59.9977583;0.0002497647;-2.068014E-05;60.0000000
11020.0004577637;60.0000000;59.9978179;0.0002431242;1.807239E-05;60.0000000
11021.0008621216;60.0000000;59.9978179;0.0002431242;7.043612E-06;60.0000000
11022.0003128052;60.0000000;59.9978179;0.0002431242;2.745208E-06;60.0000000
11023.0007171631;60.0000000;59.9978179;0.0002431242;1.069929E-06;60.0000000
11024.0001678467;60.0000000;59.9978775;0.0002364837;2.364576E-05;60.0000000
11025.0005722046;60.0000000;59.9978180;0.0002431131;-1.687271E-05;60.0000000
11026.0009765625;60.0000000;59.9978775;0.0002364837;4.631285E-05;60.0000000
11027.0004272461;60.0000000;59.9978775;0.0002364837;1.805017E-05;60.0000000
11028.000831604;60.0000000;59.9978775;0.0002364837;7.034953E-06;60.0000000
11029.0002822876;60.0000000;59.9978775;0.0002364837;2.741833E-06;60.0000000
11030.0006866455;60.0000000;59.9978775;0.0002364837;1.068614E-06;60.0000000
11031.0001373291;60.0000000;59.9978775;0.0002364837;4.164862E-07;60.0000000
11032.000541687;60.0000000;59.9978775;0.0002364837;1.623231E-07;60.0000000
11033.0009460449;60.0000000;59.9978775;0.0002364837;6.326453E-08;60.0000000
11034.0003967285;60.0000000;59.9979371;0.0002298432;2.615702E-05;60.0000000
11035.0008010864;60.0000000;59.9979371;0.0002298432;1.019455E-05;60.0000000
11036.00025177;60.0000000;59.9979371;0.0002298432;3.973269E-06;60.0000000
11037.0006561279;60.0000000;59.9979371;0.0002298432;1.548559E-06;60.0000000
11038.0001068115;60.0000000;59.9979371;0.0002298432;6.035421E-07;60.0000000
11039.0005111694;60.0000000;59.9979371;0.0002298432;2.352271E-07;60.0000000
11040.0009155273;60.0000000;59.9979371;0.0002298432;9.167846E-08;60.0000000
11041.0003662109;60.0000000;59.9979371;0.0002298432;3.573116E-08;60.0000000
11042.0007705688;60.0000000;59.9980563;0.0002165623;0.0001059695;60.0000000
11043.0002212524;60.0000000;59.9979968;0.0002231916;1.811122E-05;60.0000000
11044.0006256104;60.0000000;59.9979968;0.0002231916;7.058744E-06;60.0000000
11045.0000762939;60.0000000;59.9980563;0.0002165623;4.453986E-05;60.0000000
11046.0004806519;60.0000000;59.9980563;0.0002165623;1.735916E-05;60.0000000
11047.0008850098;60.0000000;59.9979968;0.0002231916;-1.642415E-05;60.0000000
11048.0003356934;60.0000000;59.9980563;0.0002165623;3.538753E-05;60.0000000
11049.0007400513;60.0000000;59.9980563;0.0002165623;1.379209E-05;60.0000000
11050.0001907349;60.0000000;59.9980563;0.0002165623;5.375388E-06;60.0000000
11051.0005950928;60.0000000;59.9980563;0.0002165623;2.095027E-06;60.0000000
11052.0009994507;60.0000000;59.9981159;0.0002099218;3.802451E-05;60.0000000
11053.0004501343;60.0000000;59.9981159;0.0002099218;1.481984E-05;60.0000000
11054.0008544922;60.0000000;59.9981159;0.0002099218;5.775948E-06;60.0000000
11055.0003051758;60.0000000;59.9981159;0.0002099218;2.251143E-06;60.0000000
11056.0007095337;60.0000000;59.9981159;0.0002099218;8.773702E-07;60.0000000
11057.0001602173;60.0000000;59.9981159;0.0002099218;3.419501E-07;60.0000000
11058.0005645752;60.0000000;59.9981159;0.0002099218;1.332731E-07;60.0000000
11059.0009689331;60.0000000;59.9981159;0.0002099218;5.194245E-08;60.0000000
11060.0004196167;60.0000000;59.9981159;0.0002099218;2.024428E-08;60.0000000
11061.0008239746;60.0000000;59.9981755;0.0002032813;4.186687E-05;60.0000000
11062.0002746582;60.0000000;59.9981756;0.0002032701;6.821459E-06;60.0000000
11063.0006790161;60.0000000;59.9981756;0.0002032701;-2.414175E-05;60.0000000
11064.0001296997;60.0000000;59.9982351;0.0001966408;3.237964E-05;60.0000000
11065.0005340576;60.0000000;59.9982947;0.0001900003;5.447877E-05;60.0000000
11066.0009384155;60.0000000;59.9982352;0.0001966297;-2.577955E-05;60.0000000
11067.0003890991;60.0000000;59.9982352;0.0001966297;-1.004744E-05;60.0000000
11068.000793457;60.0000000;59.9982947;0.0001900003;2.543365E-05;60.0000000
11069.0002441406;60.0000000;59.9982947;0.0001900003;9.91262E-06;60.0000000
11070.0006484985;60.0000000;59.9982947;0.0001900003;3.863388E-06;60.0000000
11071.0000991821;60.0000000;59.9983543;0.0001833598;2.763809E-05;60.0000000
11072.00050354;60.0000000;59.9984139;0.0001767193;4.017069E-05;60.0000000
11073.0009078979;60.0000000;59.9984139;0.0001767193;1.56563E-05;60.0000000
11074.0003585815;60.0000000;59.9984735;0.0001700789;3.917572E-05;60.0000000
11075.0007629395;60.0000000;59.9985331;0.0001634384;6.824629E-05;60.0000000
11076.000213623;60.0000000;59.9985927;0.0001567979;7.368996E-05;60.0000000
11077.000617981;60.0000000;59.9986523;0.0001501574;8.169802E-05;60.0000000
11078.0000686646;60.0000000;59.9987715;0.0001368764;0.0001030992;60.0000000
11079.0004730225;60.0000000;59.9990099;0.0001103145;0.000196554;60.0000000
11080.0008773804;60.0000000;59.9993080;7.710094E-05;0.0002810621;60.0000000
11081.000328064;60.0000000;59.9999040;1.069608E-05;0.0004894626;60.0000000
11082.0007324219;60.0000000;60.0005597;-6.23604E-05;0.0005828704;60.0000000
11083.0001831055;60.0000000;60.0011557;-0.0001287652;0.000583228;60.0000000
11084.0005874634;60.0000000;60.0015133;-0.0001686082;0.0004367302;60.0000000
11085.0009918213;60.0000000;60.0017518;-0.0001951812;0.0003159926;60.0000000
11086.0004425049;60.0000000;60.0018710;-0.0002084622;0.0001835931;60.0000000
11087.0008468628;60.0000000;60.0018710;-0.0002084622;7.155436E-05;60.0000000
11088.0002975464;60.0000000;60.0018710;-0.0002084622;2.788791E-05;60.0000000
11089.0007019043;60.0000000;60.0019306;-0.0002151027;3.409792E-05;60.0000000
11090.0001525879;60.0000000;60.0019306;-0.0002151027;1.328947E-05;60.0000000
11091.0005569458;60.0000000;60.0019306;-0.0002151027;5.179496E-06;60.0000000
11092.0009613037;60.0000000;60.0019306;-0.0002151027;2.018679E-06;60.0000000
11093.0004119873;60.0000000;60.0019306;-0.0002151027;7.867689E-07;60.0000000
11094.0008163452;60.0000000;60.0019306;-0.0002151027;3.066388E-07;60.0000000
11095.0002670288;60.0000000;60.0019306;-0.0002151027;1.195107E-07;60.0000000
11096.0006713867;60.0000000;60.0019306;-0.0002151027;4.657862E-08;60.0000000
11097.0001220703;60.0000000;60.0019306;-0.0002151027;1.815375E-08;60.0000000
11098.0005264282;60.0000000;60.0019306;-0.0002151027;7.075323E-09;60.0000000
11099.0009307861;60.0000000;60.0019306;-0.0002151027;2.757567E-09;60.0000000
11100.0003814697;60.0000000;60.0019306;-0.0002151027;1.074746E-09;60.0000000
11101.0007858276;60.0000000;60.0018711;-0.0002084734;-3.301786E-05;60.0000000
11102.0002365112;60.0000000;60.0018711;-0.0002084734;-1.286852E-05;60.0000000
11103.0006408691;60.0000000;60.0018711;-0.0002084734;-5.015434E-06;60.0000000
11104.0000915527;60.0000000;60.0018711;-0.0002084734;-1.954737E-06;60.0000000
11105.0004959106;60.0000000;60.0018711;-0.0002084734;-7.618476E-07;60.0000000
11106.0009002686;60.0000000;60.0018711;-0.0002084734;-2.969258E-07;60.0000000
11107.0003509521;60.0000000;60.0018711;-0.0002084734;-1.157252E-07;60.0000000
11108.0007553101;60.0000000;60.0018711;-0.0002084734;-4.510322E-08;60.0000000
11109.0002059937;60.0000000;60.0018711;-0.0002084734;-1.757873E-08;60.0000000
11110.0006103516;60.0000000;60.0018711;-0.0002084734;-6.851209E-09;60.0000000
11111.0000610352;60.0000000;60.0018711;-0.0002084734;-2.67022E-09;60.0000000
11112.0004653931;60.0000000;60.0018711;-0.0002084734;-1.040703E-09;60.0000000
11113.000869751;60.0000000;60.0018711;-0.0002084734;-4.056082E-10;60.0000000
11114.0003204346;60.0000000;60.0018115;-0.0002018329;-2.613252E-05;60.0000000
11115.0007247925;60.0000000;60.0018115;-0.0002018329;-1.0185E-05;60.0000000
11116.0001754761;60.0000000;60.0017519;-0.0001951924;-5.694732E-05;60.0000000
11117.000579834;60.0000000;60.0017519;-0.0001951924;-2.912466E-05;60.0000000
11118.0009841919;60.0000000;60.0018114;-0.0002018217;1.473734E-05;60.0000000
11119.0004348755;60.0000000;60.0017519;-0.0001951924;-4.126855E-05;60.0000000
11120.0008392334;60.0000000;60.0017519;-0.0001951924;-1.608418E-05;60.0000000
11121.000289917;60.0000000;60.0018114;-0.0002018217;1.692107E-05;60.0000000
11122.0006942749;60.0000000;60.0017519;-0.0001951924;-1.65949E-05;60.0000000
11123.0001449585;60.0000000;60.0017519;-0.0001951924;-6.467768E-06;60.0000000
11124.0005493164;60.0000000;60.0017519;-0.0001951924;-2.520776E-06;60.0000000
11125.0009536743;60.0000000;60.0017519;-0.0001951924;-9.824583E-07;60.0000000
11126.0004043579;60.0000000;60.0016923;-0.0001885519;-5.336069E-05;60.0000000
11127.0008087158;60.0000000;60.0016923;-0.0001885519;-2.079702E-05;60.0000000
11128.0002593994;60.0000000;60.0017518;-0.0001951812;2.491275E-05;60.0000000
11129.0006637573;60.0000000;60.0016923;-0.0001885519;-2.743596E-05;60.0000000
11130.0001144409;60.0000000;60.0016923;-0.0001885519;-1.069301E-05;60.0000000
11131.0005187988;60.0000000;60.0016923;-0.0001885519;-4.167539E-06;60.0000000
11132.0009231567;60.0000000;60.0016923;-0.0001885519;-1.624275E-06;60.0000000
11133.0003738403;60.0000000;60.0016923;-0.0001885519;-6.330519E-07;60.0000000
11134.0007781982;60.0000000;60.0016923;-0.0001885519;-2.467284E-07;60.0000000
11135.0002288818;60.0000000;60.0016923;-0.0001885519;-9.616099E-08;60.0000000
11136.0006332397;60.0000000;60.0016923;-0.0001885519;-3.74782E-08;60.0000000
11137.0000839233;60.0000000;60.0016326;-0.0001819003;-4.194383E-05;60.0000000
11138.0004882813;60.0000000;60.0016325;-0.0001818891;-1.313015E-05;60.0000000
11139.0008926392;60.0000000;60.0016325;-0.0001818891;-5.117401E-06;60.0000000
11140.0003433228;60.0000000;60.0015730;-0.0001752598;-3.501275E-05;60.0000000
11141.0007476807;60.0000000;60.0016325;-0.0001818891;2.814273E-05;60.0000000
11142.0001983643;60.0000000;60.0016325;-0.0001818891;1.096847E-05;60.0000000
11143.0006027222;60.0000000;60.0015730;-0.0001752598;-3.287066E-05;60.0000000
11144.0000534058;60.0000000;60.0016325;-0.0001818891;3.094013E-05;60.0000000
11145.0004577637;60.0000000;60.0016325;-0.0001818891;1.495747E-05;60.0000000
11146.0008621216;60.0000000;60.0015730;-0.0001752598;-2.025892E-05;60.0000000
11147.0003128052;60.0000000;60.0016325;-0.0001818891;3.911655E-05;60.0000000
11148.0007171631;60.0000000;60.0015730;-0.0001752598;-2.65433E-05;60.0000000
11149.0001678467;60.0000000;60.0015730;-0.0001752598;-1.03451E-05;60.0000000
11150.0005722046;60.0000000;60.0015730;-0.0001752598;-4.031945E-06;60.0000000
11151.0009765625;60.0000000;60.0015730;-0.0001752598;-1.571428E-06;60.0000000
11152.0004272461;60.0000000;60.0015730;-0.0001752598;-6.124551E-07;60.0000000
11153.000831604;60.0000000;60.0015730;-0.0001752598;-2.387009E-07;60.0000000
11154.0002822876;60.0000000;60.0015730;-0.0001752598;-9.303233E-08;60.0000000
11155.0006866455;60.0000000;60.0015134;-0.0001686193;-2.616861E-05;60.0000000
11156.0001373291;60.0000000;60.0015134;-0.0001686193;-1.019907E-05;60.0000000
11157.000541687;60.0000000;60.0015134;-0.0001686193;-3.975029E-06;60.0000000
11158.0009460449;60.0000000;60.0015134;-0.0001686193;-1.549245E-06;60.0000000
11159.0003967285;60.0000000;60.0015134;-0.0001686193;-6.038096E-07;60.0000000
11160.0008010864;60.0000000;60.0015134;-0.0001686193;-2.353314E-07;60.0000000
11161.00025177;60.0000000;60.0015134;-0.0001686193;-9.171907E-08;60.0000000
11162.0006561279;60.0000000;60.0015134;-0.0001686193;-3.574699E-08;60.0000000
11163.0001068115;60.0000000;60.0015134;-0.0001686193;-1.393219E-08;60.0000000
11164.0005111694;60.0000000;60.0015134;-0.0001686193;-5.429991E-09;60.0000000
11165.0009155273;60.0000000;60.0015134;-0.0001686193;-2.116308E-09;60.0000000
11166.0003662109;60.0000000;60.0014538;-0.0001619788;-4.185981E-05;60.0000000
11167.0007705688;60.0000000;60.0015133;-0.0001686082;3.657427E-05;60.0000000
11168.0002212524;60.0000000;60.0015133;-0.0001686082;1.425461E-05;60.0000000
11169.0006256104;60.0000000;60.0014538;-0.0001619788;-2.379392E-05;60.0000000
11170.0000762939;60.0000000;60.0015133;-0.0001686082;3.251521E-05;60.0000000
11171.0004806519;60.0000000;60.0015133;-0.0001686082;1.267262E-05;60.0000000
11172.0008850098;60.0000000;60.0014537;-0.0001619677;-1.245317E-05;60.0000000
11173.0003356934;60.0000000;60.0015133;-0.0001686082;4.812422E-05;60.0000000
11174.0007400513;60.0000000;60.0015133;-0.0001686082;1.875615E-05;60.0000000
11175.0001907349;60.0000000;60.0014538;-0.0001619788;-2.203948E-05;60.0000000
11176.0005950928;60.0000000;60.0014537;-0.0001619677;-1.703848E-06;60.0000000
11177.0009994507;60.0000000;60.0015133;-0.0001686082;2.873484E-05;60.0000000
11178.0004501343;60.0000000;60.0013942;-0.0001553383;-7.112812E-05;60.0000000
11179.0008544922;60.0000000;60.0014537;-0.0001619677;-1.270926E-06;60.0000000
11180.0003051758;60.0000000;60.0014537;-0.0001619677;-4.953362E-07;60.0000000
11181.0007095337;60.0000000;60.0013942;-0.0001553383;-4.720541E-05;60.0000000
11182.0001602173;60.0000000;60.0014537;-0.0001619677;3.449085E-05;60.0000000
11183.0005645752;60.0000000;60.0014537;-0.0001619677;1.344261E-05;60.0000000
11184.0009689331;60.0000000;60.0013942;-0.0001553383;-4.177316E-05;60.0000000
11185.0004196167;60.0000000;60.0014537;-0.0001619677;2.55079E-05;60.0000000
11186.0008239746;60.0000000;60.0014537;-0.0001619677;9.941561E-06;60.0000000
11187.0002746582;60.0000000;60.0014537;-0.0001619677;2.374529E-05;60.0000000
11188.0006790161;60.0000000;60.0013942;-0.0001553383;-1.39352E-05;60.0000000
11189.0001296997;60.0000000;60.0013942;-0.0001553383;-9.558449E-06;60.0000000
11190.0005340576;60.0000000;60.0013942;-0.0001553383;-3.725351E-06;60.0000000
11191.0009384155;60.0000000;60.0013942;-0.0001553383;-5.12063E-06;60.0000000
11192.0003890991;60.0000000;60.0013942;-0.0001553383;-1.995737E-06;60.0000000
11193.000793457;60.0000000;60.0013942;-0.0001553383;-4.446525E-06;60.0000000
11194.0002441406;60.0000000;60.0013942;-0.0001553383;-1.733008E-06;60.0000000
11195.0006484985;60.0000000;60.0013942;-0.0001553383;-6.7543E-07;60.0000000
11196.0000991821;60.0000000;60.0013941;-0.0001553272;1.365355E-05;60.0000000
11197.00050354;60.0000000;60.0013941;-0.0001553272;5.321393E-06;60.0000000
11198.0009078979;60.0000000;60.0013346;-0.0001486978;-4.493837E-05;60.0000000
11199.0003585815;60.0000000;60.0013346;-0.0001486978;-1.751447E-05;60.0000000
11200.0007629395;60.0000000;60.0013346;-0.0001486978;-6.826167E-06;60.0000000
11201.000213623;60.0000000;60.0013346;-0.0001486978;-3.235956E-05;60.0000000
11202.000617981;60.0000000;60.0013346;-0.0001486978;-1.261196E-05;60.0000000
11203.0000686646;60.0000000;60.0013346;-0.0001486978;-4.915439E-06;60.0000000
11204.0004730225;60.0000000;60.0013346;-0.0001486978;-1.915764E-06;60.0000000
11205.0008773804;60.0000000;60.0013346;-0.0001486978;-7.466582E-07;60.0000000
11206.000328064;60.0000000;60.0013346;-0.0001486978;-2.910058E-07;60.0000000
11207.0007324219;60.0000000;60.0012750;-0.0001420574;-4.720478E-05;60.0000000
11208.0001831055;60.0000000;60.0013345;-0.0001486867;2.339096E-05;60.0000000
11209.0005874634;60.0000000;60.0013345;-0.0001486867;9.116495E-06;60.0000000
11210.0009918213;60.0000000;60.0013345;-0.0001486867;3.553102E-06;60.0000000
11211.0004425049;60.0000000;60.0013345;-0.0001486867;1.384802E-06;60.0000000
11212.0008468628;60.0000000;60.0012750;-0.0001420574;-2.554879E-05;60.0000000
11213.0002975464;60.0000000;60.0013345;-0.0001486867;2.718806E-05;60.0000000
11214.0007019043;60.0000000;60.0012750;-0.0001420574;-3.119236E-05;60.0000000
11215.0001525879;60.0000000;60.0012750;-0.0001420574;-1.215704E-05;60.0000000
11216.0005569458;60.0000000;60.0012750;-0.0001420574;-4.73814E-06;60.0000000
11217.0009613037;60.0000000;60.0012750;-0.0001420574;-1.846663E-06;60.0000000
11218.0004119873;60.0000000;60.0012750;-0.0001420574;-7.197266E-07;60.0000000
11219.0008163452;60.0000000;60.0012750;-0.0001420574;-2.708089E-05;60.0000000
11220.0002670288;60.0000000;60.0012750;-0.0001420574;-1.055462E-05;60.0000000
11221.0006713867;60.0000000;60.0012750;-0.0001420574;-4.113605E-06;60.0000000
11222.0001220703;60.0000000;60.0012750;-0.0001420574;-1.603254E-06;60.0000000
11223.0005264282;60.0000000;60.0012750;-0.0001420574;-6.248594E-07;60.0000000
11224.0009307861;60.0000000;60.0012750;-0.0001420574;-2.435354E-07;60.0000000
11225.0003814697;60.0000000;60.0012750;-0.0001420574;-9.491653E-08;60.0000000
11226.0007858276;60.0000000;60.0012750;-0.0001420574;-3.699318E-08;60.0000000
11227.0002365112;60.0000000;60.0012750;-0.0001420574;-1.441788E-08;60.0000000
11228.0006408691;60.0000000;60.0012750;-0.0001420574;-5.619288E-09;60.0000000
11229.0000915527;60.0000000;60.0012750;-0.0001420574;-2.190085E-09;60.0000000
11230.0004959106;60.0000000;60.0012154;-0.0001354169;-2.613321E-05;60.0000000
11231.0009002686;60.0000000;60.0012154;-0.0001354169;-1.018527E-05;60.0000000
11232.0003509521;60.0000000;60.0012154;-0.0001354169;-3.969651E-06;60.0000000
11233.0007553101;60.0000000;60.0012154;-0.0001354169;-1.547149E-06;60.0000000
11234.0002059937;60.0000000;60.0012154;-0.0001354169;-6.029925E-07;60.0000000
11235.0006103516;60.0000000;60.0012154;-0.0001354169;-2.350129E-07;60.0000000
11236.0000610352;60.0000000;60.0012154;-0.0001354169;-1.579183E-05;60.0000000
11237.0004653931;60.0000000;60.0012154;-0.0001354169;-6.154778E-06;60.0000000
11238.000869751;60.0000000;60.0012154;-0.0001354169;-2.39879E-06;60.0000000
11239.0003204346;60.0000000;60.0012154;-0.0001354169;-9.349148E-07;60.0000000
11240.0007247925;60.0000000;60.0011558;-0.0001287764;-3.343814E-05;60.0000000
11241.0001754761;60.0000000;60.0012153;-0.0001354057;1.998595E-05;60.0000000
11242.000579834;60.0000000;60.0011558;-0.0001287764;-4.509948E-05;60.0000000
11243.0009841919;60.0000000;60.0011558;-0.0001287764;-1.757727E-05;60.0000000
11244.0004348755;60.0000000;60.0012153;-0.0001354057;2.249894E-05;60.0000000
11245.0008392334;60.0000000;60.0011558;-0.0001287764;-4.412006E-05;60.0000000
11246.000289917;60.0000000;60.0011558;-0.0001287764;-1.719554E-05;60.0000000
11247.0006942749;60.0000000;60.0011558;-0.0001287764;-6.701865E-06;60.0000000
11248.0001449585;60.0000000;60.0011558;-0.0001287764;-2.612014E-06;60.0000000
11249.0005493164;60.0000000;60.0011558;-0.0001287764;-1.018018E-06;60.0000000
11250.0009536743;60.0000000;60.0011558;-0.0001287764;-3.967667E-07;60.0000000
11251.0004043579;60.0000000;60.0011558;-0.0001287764;-1.546376E-07;60.0000000
11252.0008087158;60.0000000;60.0011558;-0.0001287764;-6.026912E-08;60.0000000
11253.0002593994;60.0000000;60.0011558;-0.0001287764;-2.348955E-08;60.0000000
11254.0006637573;60.0000000;60.0011558;-0.0001287764;-9.154919E-09;60.0000000
11255.0001144409;60.0000000;60.0011558;-0.0001287764;-3.568078E-09;60.0000000
11256.0005187988;60.0000000;60.0011558;-0.0001287764;-1.390638E-09;60.0000000
11257.0009231567;60.0000000;60.0010962;-0.0001221359;-3.720853E-05;60.0000000
11258.0003738403;60.0000000;60.0011557;-0.0001287652;3.251054E-05;60.0000000
11259.0007781982;60.0000000;60.0011557;-0.0001287652;1.26708E-05;60.0000000
11260.0002288818;60.0000000;60.0010962;-0.0001221359;-2.115014E-05;60.0000000
11261.0006332397;60.0000000;60.0010962;-0.0001221359;-8.243148E-06;60.0000000
11262.0000839233;60.0000000;60.0011557;-0.0001287652;2.980555E-05;60.0000000
11263.0004882813;60.0000000;60.0010962;-0.0001221359;-1.773303E-05;60.0000000
11264.0008926392;60.0000000;60.0010962;-0.0001221359;-6.911348E-06;60.0000000
11265.0003433228;60.0000000;60.0010962;-0.0001221359;-2.693659E-06;60.0000000
11266.0007476807;60.0000000;60.0010962;-0.0001221359;-1.049838E-06;60.0000000
11267.0001983643;60.0000000;60.0010962;-0.0001221359;-4.091686E-07;60.0000000
11268.0006027222;60.0000000;60.0010962;-0.0001221359;-1.594712E-07;60.0000000
11269.0010070801;60.0000000;60.0010962;-0.0001221359;-6.215298E-08;60.0000000
11270.0004577637;60.0000000;60.0010962;-0.0001221359;-2.422378E-08;60.0000000
11271.0008621216;60.0000000;60.0010962;-0.0001221359;-9.44108E-09;60.0000000
11272.0003128052;60.0000000;60.0010962;-0.0001221359;-3.679608E-09;60.0000000
11273.0007171631;60.0000000;60.0009770;-0.0001088549;-8.016656E-05;60.0000000
11274.0001678467;60.0000000;60.0010365;-0.0001154843;-1.894889E-06;60.0000000
11275.0005722046;60.0000000;60.0010961;-0.0001221248;2.866038E-05;60.0000000
11276.0009765625;60.0000000;60.0009770;-0.0001088549;-7.770989E-05;60.0000000
11277.0004272461;60.0000000;60.0010365;-0.0001154843;1.150176E-05;60.0000000
11278.000831604;60.0000000;60.0010961;-0.0001221248;3.388165E-05;60.0000000
11279.0002822876;60.0000000;60.0009770;-0.0001088549;-8.678494E-05;60.0000000
11280.0006866455;60.0000000;60.0009770;-0.0001088549;-3.382394E-05;60.0000000
11281.0001373291;60.0000000;60.0010961;-0.0001221248;5.999718E-05;60.0000000
11282.000541687;60.0000000;60.0009770;-0.0001088549;-7.072015E-05;60.0000000
11283.0009460449;60.0000000;60.0009770;-0.0001088549;-2.756278E-05;60.0000000
11284.0003967285;60.0000000;60.0010365;-0.0001154843;1.860714E-05;60.0000000
11285.0008010864;60.0000000;60.0010365;-0.0001154843;7.252028E-06;60.0000000
11286.00025177;60.0000000;60.0009174;-0.0001022144;-5.343712E-05;60.0000000
11287.0006561279;60.0000000;60.0010365;-0.0001154843;5.038174E-05;60.0000000
11288.0001068115;60.0000000;60.0010365;-0.0001154843;1.9636E-05;60.0000000
11289.0005111694;60.0000000;60.0009174;-0.0001022144;-5.274475E-05;60.0000000
11290.0009155273;60.0000000;60.0010365;-0.0001154843;6.367995E-05;60.0000000
11291.0003662109;60.0000000;60.0009770;-0.0001088549;-1.232666E-05;60.0000000
11292.0007705688;60.0000000;60.0009174;-0.0001022144;-4.666323E-05;60.0000000
11293.0002212524;60.0000000;60.0009769;-0.0001088438;1.483154E-05;60.0000000
11294.0006256104;60.0000000;60.0009770;-0.0001088549;1.708717E-06;60.0000000
11295.0000762939;60.0000000;60.0009174;-0.0001022144;-4.642539E-05;60.0000000
11296.0004806519;60.0000000;60.0009769;-0.0001088438;2.369472E-05;60.0000000
11297.0008850098;60.0000000;60.0009769;-0.0001088438;9.234882E-06;60.0000000
11298.0003356934;60.0000000;60.0009174;-0.0001022144;-2.575034E-05;60.0000000
11299.0007400513;60.0000000;60.0009174;-0.0001022144;-1.003605E-05;60.0000000
11300.0001907349;60.0000000;60.0009769;-0.0001088438;3.323406E-05;60.0000000
11301.0005950928;60.0000000;60.0009174;-0.0001022144;-1.313572E-05;60.0000000
11302.0009994507;60.0000000;60.0009173;-0.0001022033;5.893626E-06;60.0000000
11303.0004501343;60.0000000;60.0009769;-0.0001088438;3.537077E-05;60.0000000
11304.0008544922;60.0000000;60.0009174;-0.0001022144;-2.336E-05;60.0000000
11305.0003051758;60.0000000;60.0009174;-0.0001022144;-9.104428E-06;60.0000000
11306.0007095337;60.0000000;60.0009174;-0.0001022144;-3.5484E-06;60.0000000
11307.0001602173;60.0000000;60.0009174;-0.0001022144;-1.382969E-06;60.0000000
11308.0005645752;60.0000000;60.0009174;-0.0001022144;-5.390042E-07;60.0000000
11309.0009689331;60.0000000;60.0009174;-0.0001022144;-2.100738E-07;60.0000000
11310.0004196167;60.0000000;60.0009174;-0.0001022144;-8.187509E-08;60.0000000
11311.0008239746;60.0000000;60.0009174;-0.0001022144;-3.191035E-08;60.0000000
11312.0002746582;60.0000000;60.0008578;-9.557396E-05;-2.614479E-05;60.0000000
11313.0006790161;60.0000000;60.0008578;-9.557396E-05;-1.018979E-05;60.0000000
11314.0001296997;60.0000000;60.0008578;-9.557396E-05;-3.971411E-06;60.0000000
11315.0005340576;60.0000000;60.0008578;-9.557396E-05;-1.547835E-06;60.0000000
11316.0009384155;60.0000000;60.0008578;-9.557396E-05;-6.032599E-07;60.0000000
11317.0003890991;60.0000000;60.0008578;-9.557396E-05;-2.351171E-07;60.0000000
11318.000793457;60.0000000;60.0008578;-9.557396E-05;-9.163559E-08;60.0000000
11319.0002441406;60.0000000;60.0007982;-8.893348E-05;-3.310948E-05;60.0000000
11320.0006484985;60.0000000;60.0009173;-0.0001022033;4.625805E-05;60.0000000
11321.0000991821;60.0000000;60.0007982;-8.893348E-05;-6.208082E-05;60.0000000
11322.00050354;60.0000000;60.0007982;-8.893348E-05;-2.419565E-05;60.0000000
11323.0009078979;60.0000000;60.0008577;-9.556282E-05;3.758223E-05;60.0000000
11324.0003585815;60.0000000;60.0007982;-8.893348E-05;-3.824143E-05;60.0000000
11325.0007629395;60.0000000;60.0007982;-8.893348E-05;-1.490438E-05;60.0000000
11326.000213623;60.0000000;60.0007982;-8.893348E-05;-5.808899E-06;60.0000000
11327.000617981;60.0000000;60.0007982;-8.893348E-05;-2.318782E-05;60.0000000
11328.0000686646;60.0000000;60.0007982;-8.893348E-05;-9.037322E-06;60.0000000
11329.0004730225;60.0000000;60.0007982;-8.893348E-05;-3.522245E-06;60.0000000
11330.0008773804;60.0000000;60.0007982;-8.893348E-05;-1.372775E-06;60.0000000
11331.000328064;60.0000000;60.0007386;-8.229299E-05;-5.351281E-05;60.0000000
11332.0007324219;60.0000000;60.0007386;-8.229299E-05;-2.085631E-05;60.0000000
11333.0001831055;60.0000000;60.0007981;-8.892234E-05;1.795988E-05;60.0000000
11334.0005874634;60.0000000;60.0007981;-8.892234E-05;6.999763E-06;60.0000000
11335.0009918213;60.0000000;60.0007386;-8.229299E-05;-3.441744E-05;60.0000000
11336.0004425049;60.0000000;60.0007981;-8.892234E-05;3.947489E-05;60.0000000
11337.0008468628;60.0000000;60.0007981;-8.892234E-05;1.538511E-05;60.0000000
11338.0002975464;60.0000000;60.0006790;-7.56525E-05;-7.307003E-05;60.0000000
11339.0007019043;60.0000000;60.0007385;-8.228185E-05;2.441026E-05;60.0000000
11340.0001525879;60.0000000;60.0007981;-8.892234E-05;5.137274E-05;60.0000000
11341.0005569458;60.0000000;60.0006790;-7.56525E-05;-6.008739E-05;60.0000000
11342.0009613037;60.0000000;60.0006790;-7.56525E-05;-2.341872E-05;60.0000000
11343.0004119873;60.0000000;60.0007385;-8.228185E-05;1.406248E-05;60.0000000
11344.0008163452;60.0000000;60.0007385;-8.228185E-05;5.480771E-06;60.0000000
11345.0002670288;60.0000000;60.0007385;-8.228185E-05;2.1361E-06;60.0000000
11346.0006713867;60.0000000;60.0007385;-8.228185E-05;8.325327E-07;60.0000000
11347.0001220703;60.0000000;60.0006790;-7.56525E-05;-2.90251E-05;60.0000000
11348.0005264282;60.0000000;60.0006789;-7.564136E-05;8.502756E-06;60.0000000
11349.0009307861;60.0000000;60.0006789;-7.564136E-05;3.313901E-06;60.0000000
11350.0003814697;60.0000000;60.0006194;-6.901202E-05;-2.8058E-05;60.0000000
11351.0007858276;60.0000000;60.0006194;-6.901202E-05;-1.093545E-05;60.0000000
11352.0002365112;60.0000000;60.0006789;-7.564136E-05;2.182648E-05;60.0000000
11353.0006408691;60.0000000;60.0006194;-6.901202E-05;-1.758176E-05;60.0000000
11354.0000915527;60.0000000;60.0006194;-6.901202E-05;-6.852393E-06;60.0000000
11355.0004959106;60.0000000;60.0006194;-6.901202E-05;-2.670681E-06;60.0000000
11356.0009002686;60.0000000;60.0006194;-6.901202E-05;-1.040883E-06;60.0000000
11357.0003509521;60.0000000;60.0006194;-6.901202E-05;-4.056782E-07;60.0000000
11358.0007553101;60.0000000;60.0006194;-6.901202E-05;-1.581108E-07;60.0000000
11359.0002059937;60.0000000;60.0006194;-6.901202E-05;-6.162277E-08;60.0000000
11360.0006103516;60.0000000;60.0006194;-6.901202E-05;-2.401712E-08;60.0000000
11361.0010147095;60.0000000;60.0006194;-6.901202E-05;-9.360537E-09;60.0000000
11362.0004653931;60.0000000;60.0006194;-6.901202E-05;-3.648217E-09;60.0000000
11363.000869751;60.0000000;60.0006194;-6.901202E-05;-1.421872E-09;60.0000000
11364.0003204346;60.0000000;60.0006194;-6.901202E-05;-5.541665E-10;60.0000000
11365.0007247925;60.0000000;60.0005598;-6.237154E-05;-2.613257E-05;60.0000000
11366.0001754761;60.0000000;60.0005598;-6.237154E-05;-1.018502E-05;60.0000000
11367.000579834;60.0000000;60.0005598;-6.237154E-05;-3.969554E-06;60.0000000
11368.0009841919;60.0000000;60.0005598;-6.237154E-05;-1.547112E-06;60.0000000
11369.0004348755;60.0000000;60.0005598;-6.237154E-05;-6.029779E-07;60.0000000
11370.0008392334;60.0000000;60.0005002;-5.573105E-05;-3.330877E-05;60.0000000
11371.000289917;60.0000000;60.0005002;-5.573105E-05;-1.298191E-05;60.0000000
11372.0006942749;60.0000000;60.0005002;-5.573105E-05;-5.059625E-06;60.0000000
11373.0001449585;60.0000000;60.0004406;-4.909057E-05;-4.090096E-05;60.0000000
11374.0005493164;60.0000000;60.0005001;-5.571991E-05;2.120464E-05;60.0000000
11375.0009536743;60.0000000;60.0005001;-5.571991E-05;8.264387E-06;60.0000000
11376.0004043579;60.0000000;60.0004406;-4.909057E-05;-2.612858E-05;60.0000000
11377.0008087158;60.0000000;60.0004406;-4.909057E-05;-1.018346E-05;60.0000000
11378.0002593994;60.0000000;60.0004406;-4.909057E-05;-9.19254E-06;60.0000000
11379.0006637573;60.0000000;60.0004406;-4.909057E-05;-3.582741E-06;60.0000000
11380.0001144409;60.0000000;60.0004406;-4.909057E-05;-1.396353E-06;60.0000000
11381.0005187988;60.0000000;60.0003810;-4.245008E-05;-3.775221E-05;60.0000000
11382.0009231567;60.0000000;60.0003810;-4.245008E-05;-1.471371E-05;60.0000000
11383.0003738403;60.0000000;60.0003809;-4.243894E-05;5.297196E-06;60.0000000
11384.0007781982;60.0000000;60.0003809;-4.243894E-05;2.064552E-06;60.0000000
11385.0002288818;60.0000000;60.0003213;-3.579845E-05;-3.640334E-05;60.0000000
11386.0006332397;60.0000000;60.0003213;-3.579845E-05;-1.418799E-05;60.0000000
11387.0000839233;60.0000000;60.0003213;-3.579845E-05;-5.52969E-06;60.0000000
11388.0004882813;60.0000000;60.0003213;-3.579845E-05;-2.155165E-06;60.0000000
11389.0008926392;60.0000000;60.0003213;-3.579845E-05;-8.399635E-07;60.0000000
11390.0003433228;60.0000000;60.0003213;-3.579845E-05;-3.27371E-07;60.0000000
11391.0007476807;60.0000000;60.0002616;-2.914683E-05;-3.095667E-05;60.0000000
11392.0001983643;60.0000000;60.0002616;-2.914683E-05;-1.206519E-05;60.0000000
11393.0006027222;60.0000000;60.0002616;-2.914683E-05;-4.702338E-06;60.0000000
11394.0010070801;60.0000000;60.0002021;-2.251748E-05;-3.158992E-05;60.0000000
11395.0004577637;60.0000000;60.0002616;-2.914683E-05;1.703758E-05;60.0000000
11396.0008621216;60.0000000;60.0002021;-2.251748E-05;-2.270928E-05;60.0000000
11397.0003128052;60.0000000;60.0002021;-2.251748E-05;-8.850812E-06;60.0000000
11398.0007171631;60.0000000;60.0002021;-2.251748E-05;-1.621507E-05;60.0000000
11399.0001678467;60.0000000;60.0001425;-1.5877E-05;-3.93935E-05;60.0000000
11400.0005722046;60.0000000;60.0001425;-1.5877E-05;-1.535339E-05;60.0000000
11401.0009765625;60.0000000;60.0001425;-1.5877E-05;-5.983898E-06;60.0000000
11402.0004272461;60.0000000;60.0001425;-1.5877E-05;-2.33219E-06;60.0000000
11403.000831604;60.0000000;60.0001425;-1.5877E-05;-9.089581E-07;60.0000000
11404.0002822876;60.0000000;60.0000829;-9.236514E-06;-5.333204E-05;60.0000000
11405.0006866455;60.0000000;60.0000829;-9.236514E-06;-2.078586E-05;60.0000000
11406.0001373291;60.0000000;60.0000829;-9.236514E-06;-8.101171E-06;60.0000000
11407.000541687;60.0000000;60.0000829;-9.236514E-06;-3.157386E-06;60.0000000
11408.0009460449;60.0000000;60.0000829;-9.236514E-06;-1.230573E-06;60.0000000
11409.0003967285;60.0000000;60.0000233;-2.596028E-06;-2.661197E-05;60.0000000
11410.0008010864;60.0000000;60.0000233;-2.596028E-06;-1.037186E-05;60.0000000
11411.00025177;60.0000000;60.0000233;-2.596028E-06;-4.042375E-06;60.0000000
11412.0006561279;60.0000000;59.9999637;4.044457E-06;-2.770785E-05;60.0000000
11413.0001068115;60.0000000;59.9999637;4.044457E-06;-1.079898E-05;60.0000000
11414.0005111694;60.0000000;59.9999637;4.044457E-06;-4.208841E-06;60.0000000
11415.0009155273;60.0000000;59.9999637;4.044457E-06;-1.640372E-06;60.0000000
11416.0003662109;60.0000000;59.9999041;1.068494E-05;-5.36171E-05;60.0000000
11417.0007705688;60.0000000;59.9999041;1.068494E-05;-2.089696E-05;60.0000000
11418.0002212524;60.0000000;59.9999041;1.068494E-05;-8.144472E-06;60.0000000
11419.0006256104;60.0000000;59.9999041;1.068494E-05;-3.174262E-06;60.0000000
11420.0000762939;60.0000000;59.9998445;1.732543E-05;-4.832851E-05;60.0000000
11421.0004806519;60.0000000;59.9998445;1.732543E-05;-1.883576E-05;60.0000000
11422.0008850098;60.0000000;59.9998445;1.732543E-05;-7.341132E-06;60.0000000
11423.0003356934;60.0000000;59.9997849;2.396591E-05;-2.608993E-05;60.0000000
11424.0007400513;60.0000000;59.9997849;2.396591E-05;-1.01684E-05;60.0000000
11425.0001907349;60.0000000;59.9997849;2.396591E-05;-3.963077E-06;60.0000000
11426.0005950928;60.0000000;59.9997849;2.396591E-05;-1.544587E-06;60.0000000
11427.0009994507;60.0000000;59.9997848;2.397705E-05;2.905814E-05;60.0000000
11428.0004501343;60.0000000;59.9997253;3.06064E-05;-4.156365E-05;60.0000000
11429.0008544922;60.0000000;59.9996657;3.724688E-05;-5.805818E-05;60.0000000
11430.0003051758;60.0000000;59.9997252;3.061754E-05;6.721731E-06;60.0000000
11431.0007095337;60.0000000;59.9997252;3.061754E-05;2.619757E-06;60.0000000
11432.0001602173;60.0000000;59.9996657;3.724688E-05;-3.199724E-05;60.0000000
11433.0005645752;60.0000000;59.9996657;3.724688E-05;-1.247074E-05;60.0000000
11434.0009689331;60.0000000;59.9996657;3.724688E-05;-4.860402E-06;60.0000000
11435.0004196167;60.0000000;59.9996657;3.724688E-05;-1.894314E-06;60.0000000
11436.0008239746;60.0000000;59.9996657;3.724688E-05;-7.382982E-07;60.0000000
11437.0002746582;60.0000000;59.9996657;3.724688E-05;-2.877476E-07;60.0000000
11438.0006790161;60.0000000;59.9996657;3.724688E-05;-1.12148E-07;60.0000000
11439.0001296997;60.0000000;59.9996657;3.724688E-05;-4.370904E-08;60.0000000
11440.0005340576;60.0000000;59.9996061;4.388736E-05;-3.30908E-05;60.0000000
11441.0009384155;60.0000000;59.9996061;4.388736E-05;-1.289695E-05;60.0000000
11442.0003890991;60.0000000;59.9996656;3.725802E-05;2.432306E-05;60.0000000
11443.000793457;60.0000000;59.9996656;3.725802E-05;9.479776E-06;60.0000000
11444.0002441406;60.0000000;59.9996061;4.388736E-05;-2.239382E-05;60.0000000
11445.0006484985;60.0000000;59.9996061;4.388736E-05;-8.727864E-06;60.0000000
11446.0000991821;60.0000000;59.9996061;4.388736E-05;-3.401636E-06;60.0000000
11447.00050354;60.0000000;59.9996061;4.388736E-05;-1.325768E-06;60.0000000
11448.0009078979;60.0000000;59.9996061;4.388736E-05;-5.167108E-07;60.0000000
11449.0003585815;60.0000000;59.9996061;4.388736E-05;-2.013851E-07;60.0000000
11450.0007629395;60.0000000;59.9996061;4.388736E-05;-7.84887E-08;60.0000000
11451.000213623;60.0000000;59.9996061;4.388736E-05;-3.059053E-08;60.0000000
11452.000617981;60.0000000;59.9996061;4.388736E-05;-1.192248E-08;60.0000000
11453.0000686646;60.0000000;59.9996061;4.388736E-05;-4.64672E-09;60.0000000
11454.0004730225;60.0000000;59.9996061;4.388736E-05;-1.811033E-09;60.0000000
11455.0008773804;60.0000000;59.9996061;4.388736E-05;-7.058399E-10;60.0000000
11456.000328064;60.0000000;59.9996061;4.388736E-05;-2.750971E-10;60.0000000
11457.0007324219;60.0000000;59.9995465;5.052785E-05;-2.322887E-05;60.0000000
11458.0001831055;60.0000000;59.9996060;4.389851E-05;1.413647E-05;60.0000000
11459.0005874634;60.0000000;59.9996060;4.389851E-05;5.509608E-06;60.0000000
11460.0009918213;60.0000000;59.9996060;4.389851E-05;2.147339E-06;60.0000000
11461.0004425049;60.0000000;59.9996060;4.389851E-05;8.369131E-07;60.0000000
11462.0008468628;60.0000000;59.9996656;3.725802E-05;4.741754E-05;60.0000000
11463.0002975464;60.0000000;59.9996061;4.388736E-05;-1.453756E-05;60.0000000
11464.0007019043;60.0000000;59.9995465;5.052785E-05;-3.179829E-05;60.0000000
11465.0001525879;60.0000000;59.9996060;4.389851E-05;1.369531E-05;60.0000000
11466.0005569458;60.0000000;59.9996061;4.388736E-05;-4.451838E-06;60.0000000
11467.0009613037;60.0000000;59.9996061;4.388736E-05;-1.735079E-06;60.0000000
11468.0004119873;60.0000000;59.9996061;4.388736E-05;-6.762373E-07;60.0000000
11469.0008163452;60.0000000;59.9996061;4.388736E-05;-2.635597E-07;60.0000000
11470.0002670288;60.0000000;59.9996061;4.388736E-05;-1.027209E-07;60.0000000
11471.0006713867;60.0000000;59.9996061;4.388736E-05;-4.003489E-08;60.0000000
11472.0001220703;60.0000000;59.9996061;4.388736E-05;-1.560337E-08;60.0000000
11473.0005264282;60.0000000;59.9996061;4.388736E-05;-6.081326E-09;60.0000000
11474.0009307861;60.0000000;59.9996061;4.388736E-05;-2.370162E-09;60.0000000
11475.0003814697;60.0000000;59.9996061;4.388736E-05;-9.237573E-10;60.0000000
11476.0007858276;60.0000000;59.9996061;4.388736E-05;-3.600292E-10;60.0000000
11477.0002365112;60.0000000;59.9996061;4.388736E-05;-1.403193E-10;60.0000000
11478.0006408691;60.0000000;59.9996061;4.388736E-05;-5.468866E-11;60.0000000
11479.0000915527;60.0000000;59.9996061;4.388736E-05;-2.13146E-11;60.0000000
11480.0004959106;60.0000000;59.9996061;4.388736E-05;-8.307242E-12;60.0000000
11481.0009002686;60.0000000;59.9996061;4.388736E-05;-3.2377E-12;60.0000000
11482.0003509521;60.0000000;59.9996061;4.388736E-05;-1.261875E-12;60.0000000
11483.0007553101;60.0000000;59.9996061;4.388736E-05;-4.918087E-13;60.0000000
11484.0002059937;60.0000000;59.9996061;4.388736E-05;-1.916797E-13;60.0000000
11485.0006103516;60.0000000;59.9996061;4.388736E-05;-7.470606E-14;60.0000000
11486.0010147095;60.0000000;59.9996656;3.725802E-05;5.288889E-05;60.0000000
11487.0004653931;60.0000000;59.9996061;4.388736E-05;-1.240513E-05;60.0000000
11488.000869751;60.0000000;59.9996060;4.389851E-05;1.604516E-05;60.0000000
11489.0003204346;60.0000000;59.9996656;3.725802E-05;3.238587E-05;60.0000000
11490.0007247925;60.0000000;59.9996061;4.388736E-05;-2.916655E-05;60.0000000
11491.0001754761;60.0000000;59.9996061;4.388736E-05;-1.13675E-05;60.0000000
11492.000579834;60.0000000;59.9996061;4.388736E-05;-4.430417E-06;60.0000000
11493.0009841919;60.0000000;59.9996061;4.388736E-05;-2.852711E-05;60.0000000
11494.0004348755;60.0000000;59.9996061;4.388736E-05;-1.111828E-05;60.0000000
11495.0008392334;60.0000000;59.9996061;4.388736E-05;-4.333286E-06;60.0000000
11496.000289917;60.0000000;59.9996061;4.388736E-05;-1.688874E-06;60.0000000
11497.0006942749;60.0000000;59.9996061;4.388736E-05;-6.58229E-07;60.0000000
11498.0001449585;60.0000000;59.9996061;4.388736E-05;-2.56541E-07;60.0000000
11499.0005493164;60.0000000;59.9996061;4.388736E-05;-9.998541E-08;60.0000000
11500.0009536743;60.0000000;59.9996061;4.388736E-05;-3.896875E-08;60.0000000
11501.0004043579;60.0000000;59.9996061;4.388736E-05;-1.518785E-08;60.0000000
11502.0008087158;60.0000000;59.9996061;4.388736E-05;-5.919378E-09;60.0000000
11503.0002593994;60.0000000;59.9996061;4.388736E-05;-2.307044E-09;60.0000000
11504.0006637573;60.0000000;59.9996061;4.388736E-05;-8.991575E-10;60.0000000
11505.0001144409;60.0000000;59.9996061;4.388736E-05;-3.504416E-10;60.0000000
11506.0005187988;60.0000000;59.9996656;3.725802E-05;3.301814E-05;60.0000000
11507.0009231567;60.0000000;59.9996061;4.388736E-05;-2.014964E-05;60.0000000
11508.0003738403;60.0000000;59.9996656;3.725802E-05;2.929235E-05;60.0000000
11509.0007781982;60.0000000;59.9996656;3.725802E-05;1.141653E-05;60.0000000
11510.0002288818;60.0000000;59.9996061;4.388736E-05;-3.733922E-05;60.0000000
11511.0006332397;60.0000000;59.9996061;4.388736E-05;-1.455275E-05;60.0000000
11512.0000839233;60.0000000;59.9996656;3.725802E-05;2.041666E-05;60.0000000
11513.0004882813;60.0000000;59.9996656;3.725802E-05;7.957277E-06;60.0000000
11514.0008926392;60.0000000;59.9996656;3.725802E-05;3.101304E-06;60.0000000
11515.0003433228;60.0000000;59.9996656;3.725802E-05;1.208716E-06;60.0000000
11516.0007476807;60.0000000;59.9996656;3.725802E-05;4.7109E-07;60.0000000
11517.0001983643;60.0000000;59.9996656;3.725802E-05;1.836046E-07;60.0000000
11518.0006027222;60.0000000;59.9996061;4.388736E-05;-4.694079E-05;60.0000000
11519.0010070801;60.0000000;59.9996061;4.388736E-05;-1.829491E-05;60.0000000
11520.0004577637;60.0000000;59.9996061;4.388736E-05;-7.130337E-06;60.0000000
11521.0008621216;60.0000000;59.9996656;3.725802E-05;2.041078E-05;60.0000000
11522.0003128052;60.0000000;59.9996656;3.725802E-05;7.954986E-06;60.0000000
11523.0007171631;60.0000000;59.9996656;3.725802E-05;3.100411E-06;60.0000000
11524.0001678467;60.0000000;59.9996656;3.725802E-05;1.208368E-06;60.0000000
11525.0005722046;60.0000000;59.9996656;3.725802E-05;4.709544E-07;60.0000000
11526.0009765625;60.0000000;59.9996656;3.725802E-05;1.835518E-07;60.0000000
11527.0004272461;60.0000000;59.9996656;3.725802E-05;7.153827E-08;60.0000000
11528.000831604;60.0000000;59.9996656;3.725802E-05;2.788163E-08;60.0000000
11529.0002822876;60.0000000;59.9996656;3.725802E-05;1.086671E-08;60.0000000
11530.0006866455;60.0000000;59.9996656;3.725802E-05;4.235238E-09;60.0000000
11531.0001373291;60.0000000;59.9997252;3.061754E-05;4.186064E-05;60.0000000
11532.000541687;60.0000000;59.9996657;3.724688E-05;-2.547381E-05;60.0000000
11533.0009460449;60.0000000;59.9996657;3.724688E-05;-9.928272E-06;60.0000000
11534.0003967285;60.0000000;59.9996657;3.724688E-05;-3.869488E-06;60.0000000
11535.0008010864;60.0000000;59.9996657;3.724688E-05;-1.508111E-06;60.0000000
11536.00025177;60.0000000;59.9996657;3.724688E-05;-5.877777E-07;60.0000000
11537.0006561279;60.0000000;59.9997252;3.061754E-05;3.278919E-05;60.0000000
11538.0001068115;60.0000000;59.9996657;3.724688E-05;-2.436616E-05;60.0000000
11539.0005111694;60.0000000;59.9996657;3.724688E-05;-9.496572E-06;60.0000000
11540.0009155273;60.0000000;59.9996657;3.724688E-05;-3.701236E-06;60.0000000
11541.0003662109;60.0000000;59.9997252;3.061754E-05;2.174725E-05;60.0000000
11542.0007705688;60.0000000;59.9996657;3.724688E-05;-1.761265E-05;60.0000000
11543.0002212524;60.0000000;59.9996657;3.724688E-05;-6.86443E-06;60.0000000
11544.0006256104;60.0000000;59.9997252;3.061754E-05;3.03429E-05;60.0000000
11545.0000762939;60.0000000;59.9996657;3.724688E-05;-2.531958E-05;60.0000000
11546.0004806519;60.0000000;59.9996657;3.724688E-05;-9.868165E-06;60.0000000
11547.0008850098;60.0000000;59.9996657;3.724688E-05;-3.846061E-06;60.0000000
11548.0003356934;60.0000000;59.9997252;3.061754E-05;2.169081E-05;60.0000000
11549.0007400513;60.0000000;59.9996657;3.724688E-05;-2.456441E-05;60.0000000
11550.0001907349;60.0000000;59.9996061;4.388736E-05;-3.897274E-05;60.0000000
11551.0005950928;60.0000000;59.9997252;3.061754E-05;3.739929E-05;60.0000000
11552.0009994507;60.0000000;59.9996657;3.724688E-05;-2.721259E-05;60.0000000
11553.0004501343;60.0000000;59.9996061;4.388736E-05;-4.367972E-05;60.0000000
11554.0008544922;60.0000000;59.9997252;3.061754E-05;5.325723E-05;60.0000000
11555.0003051758;60.0000000;59.9997252;3.061754E-05;2.07567E-05;60.0000000
11556.0007095337;60.0000000;59.9996657;3.724688E-05;-1.799871E-05;60.0000000
11557.0001602173;60.0000000;59.9997252;3.061754E-05;4.5874E-05;60.0000000
11558.0005645752;60.0000000;59.9997252;3.061754E-05;1.787913E-05;60.0000000
11559.0009689331;60.0000000;59.9996657;3.724688E-05;-4.59206E-05;60.0000000
11560.0004196167;60.0000000;59.9996657;3.724688E-05;-3.649625E-05;60.0000000
11561.0008239746;60.0000000;59.9997252;3.061754E-05;1.18643E-05;60.0000000
11562.0002746582;60.0000000;59.9997252;3.061754E-05;4.624045E-06;60.0000000
11563.0006790161;60.0000000;59.9997252;3.061754E-05;1.802195E-06;60.0000000
11564.0001296997;60.0000000;59.9997252;3.061754E-05;7.023955E-07;60.0000000
11565.0005340576;60.0000000;59.9996657;3.724688E-05;-3.274452E-05;60.0000000
11566.0009384155;60.0000000;59.9996657;3.724688E-05;-1.276199E-05;60.0000000
11567.0003890991;60.0000000;59.9997252;3.061754E-05;2.804436E-05;60.0000000
11568.000793457;60.0000000;59.9997252;3.061754E-05;1.093013E-05;60.0000000
11569.0002441406;60.0000000;59.9997252;3.061754E-05;4.259957E-06;60.0000000
11570.0006484985;60.0000000;59.9997252;3.061754E-05;1.660294E-06;60.0000000
11571.0000991821;60.0000000;59.9996657;3.724688E-05;-2.544142E-05;60.0000000
11572.00050354;60.0000000;59.9997252;3.061754E-05;1.617286E-05;60.0000000
11573.0009078979;60.0000000;59.9997252;3.061754E-05;6.303281E-06;60.0000000
11574.0003585815;60.0000000;59.9996657;3.724688E-05;-2.689291E-05;60.0000000
11575.0007629395;60.0000000;59.9997252;3.061754E-05;3.653099E-05;60.0000000
11576.000213623;60.0000000;59.9997252;3.061754E-05;1.423775E-05;60.0000000
11577.000617981;60.0000000;59.9996657;3.724688E-05;-3.159648E-05;60.0000000
11578.0010223389;60.0000000;59.9997252;3.061754E-05;2.483101E-05;60.0000000
11579.0004730225;60.0000000;59.9997252;3.061754E-05;9.677747E-06;60.0000000
11580.0008773804;60.0000000;59.9997252;3.061754E-05;3.771847E-06;60.0000000
11581.000328064;60.0000000;59.9997252;3.061754E-05;1.470056E-06;60.0000000
11582.0007324219;60.0000000;59.9997252;3.061754E-05;5.729459E-07;60.0000000
11583.0001831055;60.0000000;59.9997252;3.061754E-05;2.233025E-07;60.0000000
11584.0005874634;60.0000000;59.9997252;3.061754E-05;8.703086E-08;60.0000000
11585.0009918213;60.0000000;59.9997252;3.061754E-05;3.391979E-08;60.0000000
11586.0004425049;60.0000000;59.9997252;3.061754E-05;1.322005E-08;60.0000000
11587.0008468628;60.0000000;59.9997252;3.061754E-05;5.152438E-09;60.0000000
11588.0002975464;60.0000000;59.9997252;3.061754E-05;2.008133E-09;60.0000000
11589.0007019043;60.0000000;59.9996657;3.724688E-05;-4.178797E-05;60.0000000
11590.0001525879;60.0000000;59.9997252;3.061754E-05;2.550213E-05;60.0000000
11591.0005569458;60.0000000;59.9997252;3.061754E-05;9.93931E-06;60.0000000
11592.0009613037;60.0000000;59.9997252;3.061754E-05;3.873789E-06;60.0000000
11593.0004119873;60.0000000;59.9997252;3.061754E-05;1.509787E-06;60.0000000
11594.0008163452;60.0000000;59.9997252;3.061754E-05;5.884311E-07;60.0000000
11595.0002670288;60.0000000;59.9997252;3.061754E-05;2.293377E-07;60.0000000
11596.0006713867;60.0000000;59.9997252;3.061754E-05;8.938307E-08;60.0000000
11597.0001220703;60.0000000;59.9997252;3.061754E-05;3.483654E-08;60.0000000
11598.0005264282;60.0000000;59.9997252;3.061754E-05;1.357735E-08;60.0000000
11599.0009307861;60.0000000;59.9997252;3.061754E-05;5.291694E-09;60.0000000
11600.0003814697;60.0000000;59.9997252;3.061754E-05;2.062408E-09;60.0000000
11601.0007858276;60.0000000;59.9997848;2.397705E-05;4.185979E-05;60.0000000
11602.0002365112;60.0000000;59.9997848;2.397705E-05;1.631462E-05;60.0000000
11603.0006408691;60.0000000;59.9996657;3.724688E-05;-6.485004E-05;60.0000000
11604.0000915527;60.0000000;59.9997252;3.061754E-05;2.761396E-05;60.0000000
11605.0004959106;60.0000000;59.9997848;2.397705E-05;4.383615E-05;60.0000000
11606.0009002686;60.0000000;59.9997253;3.06064E-05;-1.593338E-05;60.0000000
11607.0003509521;60.0000000;59.9997252;3.061754E-05;4.819959E-06;60.0000000
11608.0007553101;60.0000000;59.9997848;2.397705E-05;3.495232E-05;60.0000000
11609.0002059937;60.0000000;59.9997848;2.397705E-05;1.362247E-05;60.0000000
11610.0006103516;60.0000000;59.9997253;3.06064E-05;-2.077924E-05;60.0000000
11611.0010147095;60.0000000;59.9997253;3.06064E-05;-8.098589E-06;60.0000000
11612.0004653931;60.0000000;59.9997253;3.06064E-05;-2.408021E-05;60.0000000
11613.000869751;60.0000000;59.9997253;3.06064E-05;-9.385129E-06;60.0000000
11614.0003204346;60.0000000;59.9997253;3.06064E-05;-3.657801E-06;60.0000000
11615.0007247925;60.0000000;59.9997253;3.06064E-05;-1.425607E-06;60.0000000
11616.0001754761;60.0000000;59.9997253;3.06064E-05;-5.556224E-07;60.0000000
11617.000579834;60.0000000;59.9997848;2.397705E-05;2.297324E-05;60.0000000
11618.0009841919;60.0000000;59.9997253;3.06064E-05;-1.713482E-05;60.0000000
11619.0004348755;60.0000000;59.9997253;3.06064E-05;-6.678201E-06;60.0000000
11620.0008392334;60.0000000;59.9997253;3.06064E-05;-2.602791E-06;60.0000000
11621.000289917;60.0000000;59.9997253;3.06064E-05;-6.238014E-06;60.0000000
11622.0006942749;60.0000000;59.9997253;3.06064E-05;-2.431231E-06;60.0000000
11623.0001449585;60.0000000;59.9997253;3.06064E-05;-9.475584E-07;60.0000000
11624.0005493164;60.0000000;59.9997253;3.06064E-05;-3.693055E-07;60.0000000
11625.0009536743;60.0000000;59.9997848;2.397705E-05;2.304585E-05;60.0000000
11626.0004043579;60.0000000;59.9997253;3.06064E-05;-3.803036E-05;60.0000000
11627.0008087158;60.0000000;59.9997253;3.06064E-05;-1.482212E-05;60.0000000
11628.0002593994;60.0000000;59.9997848;2.397705E-05;3.601192E-05;60.0000000
11629.0006637573;60.0000000;59.9997849;2.396591E-05;-9.74815E-06;60.0000000
11630.0001144409;60.0000000;59.9997253;3.06064E-05;-2.993164E-05;60.0000000
11631.0005187988;60.0000000;59.9997253;3.06064E-05;-1.166569E-05;60.0000000
11632.0009231567;60.0000000;59.9997849;2.396591E-05;5.860977E-06;60.0000000
11633.0003738403;60.0000000;59.9997253;3.06064E-05;-3.95747E-05;60.0000000
11634.0007781982;60.0000000;59.9997253;3.06064E-05;-1.542402E-05;60.0000000
11635.0002288818;60.0000000;59.9997848;2.397705E-05;2.007709E-05;60.0000000
11636.0006332397;60.0000000;59.9997253;3.06064E-05;-4.506396E-05;60.0000000
11637.0000839233;60.0000000;59.9997253;3.06064E-05;-1.756342E-05;60.0000000
11638.0004882813;60.0000000;59.9997848;2.397705E-05;3.030031E-05;60.0000000
11639.0008926392;60.0000000;59.9997253;3.06064E-05;-4.107952E-05;60.0000000
11640.0003433228;60.0000000;59.9997253;3.06064E-05;-1.601051E-05;60.0000000
11641.0007476807;60.0000000;59.9997848;2.397705E-05;2.310957E-05;60.0000000
11642.0001983643;60.0000000;59.9997848;2.397705E-05;9.006824E-06;60.0000000
11643.0006027222;60.0000000;59.9997253;3.06064E-05;-4.937853E-05;60.0000000
11644.0010070801;60.0000000;59.9997848;2.397705E-05;6.843509E-06;60.0000000
11645.0004577637;60.0000000;59.9997848;2.397705E-05;2.667219E-06;60.0000000
11646.0008621216;60.0000000;59.9997848;2.397705E-05;1.039534E-06;60.0000000
11647.0003128052;60.0000000;59.9997848;2.397705E-05;8.309406E-06;60.0000000
11648.0007171631;60.0000000;59.9997848;2.397705E-05;3.238544E-06;60.0000000
11649.0001678467;60.0000000;59.9997253;3.06064E-05;-2.808737E-05;60.0000000
11650.0005722046;60.0000000;59.9997848;2.397705E-05;3.084186E-05;60.0000000
11651.0009765625;60.0000000;59.9997848;2.397705E-05;1.202044E-05;60.0000000
11652.0004272461;60.0000000;59.9997253;3.06064E-05;-4.820399E-05;60.0000000
11653.000831604;60.0000000;59.9997253;3.06064E-05;-1.878723E-05;60.0000000
11654.0002822876;60.0000000;59.9997848;2.397705E-05;2.202736E-05;60.0000000
11655.0006866455;60.0000000;59.9997848;2.397705E-05;8.585038E-06;60.0000000
11656.0001373291;60.0000000;59.9997253;3.06064E-05;-1.984382E-05;60.0000000
11657.000541687;60.0000000;59.9997848;2.397705E-05;2.941154E-05;60.0000000
11658.0009460449;60.0000000;59.9998444;1.733657E-05;4.867097E-05;60.0000000
11659.0003967285;60.0000000;59.9997849;2.396591E-05;-1.404904E-05;60.0000000
11660.0008010864;60.0000000;59.9997848;2.397705E-05;1.540446E-05;60.0000000
11661.00025177;60.0000000;59.9997848;2.397705E-05;6.0038E-06;60.0000000
11662.0006561279;60.0000000;59.9997848;2.397705E-05;2.339947E-06;60.0000000
11663.0001068115;60.0000000;59.9997848;2.397705E-05;9.11981E-07;60.0000000
11664.0005111694;60.0000000;59.9997848;2.397705E-05;3.554395E-07;60.0000000
11665.0009155273;60.0000000;59.9997253;3.06064E-05;-2.594998E-05;60.0000000
11666.0003662109;60.0000000;59.9998444;1.733657E-05;8.000948E-05;60.0000000
11667.0007705688;60.0000000;59.9998444;1.733657E-05;3.118324E-05;60.0000000
11668.0002212524;60.0000000;59.9997253;3.06064E-05;-7.384256E-05;60.0000000
11669.0006256104;60.0000000;59.9997253;3.06064E-05;-2.877972E-05;60.0000000
11670.0010299683;60.0000000;59.9998444;1.733657E-05;4.918104E-05;60.0000000
11671.0004806519;60.0000000;59.9997849;2.396591E-05;-6.92048E-06;60.0000000
11672.0008850098;60.0000000;59.9997849;2.396591E-05;-2.697218E-06;60.0000000
11673.0003356934;60.0000000;59.9997849;2.396591E-05;-1.051225E-06;60.0000000
11674.0007400513;60.0000000;59.9997849;2.396591E-05;-4.097091E-07;60.0000000
11675.0001907349;60.0000000;59.9997849;2.396591E-05;-1.596818E-07;60.0000000
11676.0005950928;60.0000000;59.9997849;2.396591E-05;-6.223508E-08;60.0000000
11677.0009994507;60.0000000;59.9998444;1.733657E-05;2.606426E-05;60.0000000
11678.0004501343;60.0000000;59.9997849;2.396591E-05;-1.593012E-05;60.0000000
11679.0008544922;60.0000000;59.9997849;2.396591E-05;-6.208672E-06;60.0000000
11680.0003051758;60.0000000;59.9997849;2.396591E-05;-3.21189E-05;60.0000000
11681.0007095337;60.0000000;59.9997253;3.06064E-05;-6.549593E-05;60.0000000
11682.0001602173;60.0000000;59.9998444;1.733657E-05;5.871025E-05;60.0000000
11683.0005645752;60.0000000;59.9998444;1.733657E-05;2.288199E-05;60.0000000
11684.0009689331;60.0000000;59.9997849;2.396591E-05;-2.410015E-05;60.0000000
11685.0004196167;60.0000000;59.9997849;2.396591E-05;-9.392896E-06;60.0000000
11686.0008239746;60.0000000;59.9998444;1.733657E-05;4.922806E-05;60.0000000
11687.0002746582;60.0000000;59.9998444;1.733657E-05;1.918636E-05;60.0000000
11688.0006790161;60.0000000;59.9997849;2.396591E-05;-1.861074E-05;60.0000000
11689.0001296997;60.0000000;59.9998444;1.733657E-05;3.975892E-05;60.0000000
11690.0005340576;60.0000000;59.9998444;1.733657E-05;1.549581E-05;60.0000000
11691.0009384155;60.0000000;59.9997849;2.396591E-05;-4.684948E-05;60.0000000
11692.0003890991;60.0000000;59.9997849;2.396591E-05;-1.825932E-05;60.0000000
11693.000793457;60.0000000;59.9998444;1.733657E-05;4.577242E-05;60.0000000
11694.0002441406;60.0000000;59.9997849;2.396591E-05;-1.151004E-05;60.0000000
11695.0006484985;60.0000000;59.9998444;1.733657E-05;3.730278E-05;60.0000000
11696.0000991821;60.0000000;59.9998444;1.733657E-05;1.453855E-05;60.0000000
11697.00050354;60.0000000;59.9997849;2.396591E-05;-4.722257E-05;60.0000000
11698.0009078979;60.0000000;59.9997849;2.396591E-05;-1.840473E-05;60.0000000
11699.0003585815;60.0000000;59.9998444;1.733657E-05;2.217644E-05;60.0000000
11700.0007629395;60.0000000;59.9997849;2.396591E-05;-2.850242E-05;60.0000000
11701.000213623;60.0000000;59.9997849;2.396591E-05;-1.110866E-05;60.0000000
11702.000617981;60.0000000;59.9998444;1.733657E-05;2.868874E-05;60.0000000
11703.0010223389;60.0000000;59.9997849;2.396591E-05;-4.170762E-05;60.0000000
11704.0004730225;60.0000000;59.9997849;2.396591E-05;-1.625531E-05;60.0000000
11705.0008773804;60.0000000;59.9998444;1.733657E-05;1.685437E-05;60.0000000
11706.000328064;60.0000000;59.9997849;2.396591E-05;-2.278068E-05;60.0000000
11707.0007324219;60.0000000;59.9998444;1.733657E-05;4.401025E-05;60.0000000
11708.0001831055;60.0000000;59.9998444;1.733657E-05;1.715274E-05;60.0000000
11709.0005874634;60.0000000;59.9997849;2.396591E-05;-4.032716E-05;60.0000000
11710.0009918213;60.0000000;59.9997849;2.396591E-05;-1.571728E-05;60.0000000
11711.0004425049;60.0000000;59.9998444;1.733657E-05;1.706407E-05;60.0000000
11712.0008468628;60.0000000;59.9998444;1.733657E-05;6.650624E-06;60.0000000
11713.0002975464;60.0000000;59.9998444;1.733657E-05;2.592043E-06;60.0000000
11714.0007019043;60.0000000;59.9998444;1.733657E-05;1.010234E-06;60.0000000
11715.0001525879;60.0000000;59.9997849;2.396591E-05;-5.249516E-05;60.0000000
11716.0005569458;60.0000000;59.9997849;2.396591E-05;-2.045969E-05;60.0000000
11717.0009613037;60.0000000;59.9998444;1.733657E-05;4.491484E-05;60.0000000
11718.0004119873;60.0000000;59.9998444;1.733657E-05;1.750531E-05;60.0000000
11719.0008163452;60.0000000;59.9997849;2.396591E-05;-1.63672E-05;60.0000000
11720.0002670288;60.0000000;59.9998444;1.733657E-05;3.076654E-05;60.0000000
11721.0006713867;60.0000000;59.9998444;1.733657E-05;1.199108E-05;60.0000000
11722.0001220703;60.0000000;59.9997849;2.396591E-05;-2.834482E-05;60.0000000
11723.0005264282;60.0000000;59.9998444;1.733657E-05;4.184166E-05;60.0000000
11724.0009307861;60.0000000;59.9998444;1.733657E-05;1.630755E-05;60.0000000
11725.0003814697;60.0000000;59.9998444;1.733657E-05;6.355774E-06;60.0000000
11726.0007858276;60.0000000;59.9998444;1.733657E-05;2.477127E-06;60.0000000
11727.0002365112;60.0000000;59.9998444;1.733657E-05;9.654464E-07;60.0000000
11728.0006408691;60.0000000;59.9998444;1.733657E-05;3.762772E-07;60.0000000
11729.0000915527;60.0000000;59.9998444;1.733657E-05;1.466519E-07;60.0000000
11730.0004959106;60.0000000;59.9997849;2.396591E-05;-3.296112E-05;60.0000000
11731.0009002686;60.0000000;59.9998444;1.733657E-05;3.416594E-05;60.0000000
11732.0003509521;60.0000000;59.9998445;1.732543E-05;5.56932E-06;60.0000000
11733.0007553101;60.0000000;59.9998445;1.732543E-05;2.170611E-06;60.0000000
11734.0002059937;60.0000000;59.9998445;1.732543E-05;8.459834E-07;60.0000000
11735.0006103516;60.0000000;59.9998445;1.732543E-05;3.297173E-07;60.0000000
11736.0010147095;60.0000000;59.9998445;1.732543E-05;1.285054E-07;60.0000000
11737.0004653931;60.0000000;59.9998445;1.732543E-05;5.008427E-08;60.0000000
11738.000869751;60.0000000;59.9998445;1.732543E-05;1.952006E-08;60.0000000
11739.0003204346;60.0000000;59.9998445;1.732543E-05;7.607834E-09;60.0000000
11740.0007247925;60.0000000;59.9998445;1.732543E-05;2.965111E-09;60.0000000
11741.0001754761;60.0000000;59.9997849;2.396591E-05;-5.297662E-05;60.0000000
11742.000579834;60.0000000;59.9998444;1.733657E-05;2.114141E-05;60.0000000
11743.0009841919;60.0000000;59.9999040;1.069608E-05;3.763865E-05;60.0000000
11744.0004348755;60.0000000;59.9997849;2.396591E-05;-6.149812E-05;60.0000000
11745.0008392334;60.0000000;59.9997849;2.396591E-05;-2.396854E-05;60.0000000
11746.000289917;60.0000000;59.9998444;1.733657E-05;1.384818E-05;60.0000000
11747.0006942749;60.0000000;59.9998444;1.733657E-05;5.397253E-06;60.0000000
11748.0001449585;60.0000000;59.9997849;2.396591E-05;-4.49088E-05;60.0000000
11749.0005493164;60.0000000;59.9998444;1.733657E-05;1.551532E-05;60.0000000
11750.0009536743;60.0000000;59.9998444;1.733657E-05;6.047009E-06;60.0000000
11751.0004043579;60.0000000;59.9998444;1.733657E-05;2.356787E-06;60.0000000
11752.0008087158;60.0000000;59.9998444;1.733657E-05;9.185445E-07;60.0000000
11753.0002593994;60.0000000;59.9998444;1.733657E-05;3.579975E-07;60.0000000
11754.0006637573;60.0000000;59.9998444;1.733657E-05;1.395275E-07;60.0000000
11755.0001144409;60.0000000;59.9998444;1.733657E-05;5.438006E-08;60.0000000
11756.0005187988;60.0000000;59.9998444;1.733657E-05;2.119432E-08;60.0000000
11757.0009231567;60.0000000;59.9998444;1.733657E-05;8.260366E-09;60.0000000
11758.0003738403;60.0000000;59.9998444;1.733657E-05;3.219431E-09;60.0000000
11759.0007781982;60.0000000;59.9998444;1.733657E-05;1.254755E-09;60.0000000
11760.0002288818;60.0000000;59.9998444;1.733657E-05;4.890336E-10;60.0000000
11761.0006332397;60.0000000;59.9998444;1.733657E-05;1.905981E-10;60.0000000
11762.0000839233;60.0000000;59.9998444;1.733657E-05;7.428451E-11;60.0000000
11763.0004882813;60.0000000;59.9998444;1.733657E-05;2.895196E-11;60.0000000
11764.0008926392;60.0000000;59.9998444;1.733657E-05;1.128386E-11;60.0000000
11765.0003433228;60.0000000;59.9998444;1.733657E-05;4.397822E-12;60.0000000
11766.0007476807;60.0000000;59.9998444;1.733657E-05;1.714026E-12;60.0000000
11767.0001983643;60.0000000;59.9998444;1.733657E-05;6.680322E-13;60.0000000
11768.0006027222;60.0000000;59.9998444;1.733657E-05;2.603618E-13;60.0000000
11769.0010070801;60.0000000;59.9998444;1.733657E-05;1.014745E-13;60.0000000
11770.0004577637;60.0000000;59.9998444;1.733657E-05;3.954912E-14;60.0000000
11771.0008621216;60.0000000;59.9998444;1.733657E-05;1.541405E-14;60.0000000
11772.0003128052;60.0000000;59.9998444;1.733657E-05;6.007538E-15;60.0000000
11773.0007171631;60.0000000;59.9998444;1.733657E-05;2.341404E-15;60.0000000
11774.0001678467;60.0000000;59.9998444;1.733657E-05;9.125488E-16;60.0000000
11775.0005722046;60.0000000;59.9998444;1.733657E-05;3.556607E-16;60.0000000
11776.0009765625;60.0000000;59.9999040;1.069608E-05;4.709136E-05;60.0000000
11777.0004272461;60.0000000;59.9998445;1.732543E-05;-3.45353E-05;60.0000000
11778.000831604;60.0000000;59.9998445;1.732543E-05;-1.345994E-05;60.0000000
11779.0002822876;60.0000000;59.9999040;1.069608E-05;3.654282E-05;60.0000000
11780.0006866455;60.0000000;59.9999040;1.069608E-05;1.424236E-05;60.0000000
11781.0001373291;60.0000000;59.9998445;1.732543E-05;-2.053763E-05;60.0000000
11782.000541687;60.0000000;59.9998445;1.732543E-05;-8.004427E-06;60.0000000
11783.0009460449;60.0000000;59.9999040;1.069608E-05;3.402588E-05;60.0000000
11784.0003967285;60.0000000;59.9998445;1.732543E-05;-1.608818E-05;60.0000000
11785.0008010864;60.0000000;59.9998445;1.732543E-05;-6.270279E-06;60.0000000
11786.00025177;60.0000000;59.9999040;1.069608E-05;3.934495E-05;60.0000000
11787.0006561279;60.0000000;59.9998445;1.732543E-05;-3.167788E-05;60.0000000
11788.0001068115;60.0000000;59.9998445;1.732543E-05;-1.234627E-05;60.0000000
11789.0005111694;60.0000000;59.9998445;1.732543E-05;-4.81189E-06;60.0000000
11790.0009155273;60.0000000;59.9998445;1.732543E-05;-1.875407E-06;60.0000000
11791.0003662109;60.0000000;59.9999040;1.069608E-05;4.628142E-05;60.0000000
11792.0007705688;60.0000000;59.9999040;1.069608E-05;1.803792E-05;60.0000000
11793.0002212524;60.0000000;59.9998445;1.732543E-05;-1.905833E-05;60.0000000
11794.0006256104;60.0000000;59.9999040;1.069608E-05;2.971768E-05;60.0000000
11795.0010299683;60.0000000;59.9999040;1.069608E-05;1.15823E-05;60.0000000
11796.0004806519;60.0000000;59.9997849;2.396591E-05;-6.866574E-05;60.0000000
11797.0008850098;60.0000000;59.9998444;1.733657E-05;1.038347E-05;60.0000000
11798.0003356934;60.0000000;59.9999040;1.069608E-05;2.727566E-05;60.0000000
11799.0007400513;60.0000000;59.9998445;1.732543E-05;-2.238774E-05;60.0000000
11800.0001907349;60.0000000;59.9998445;1.732543E-05;-8.725493E-06;60.0000000
11801.0005950928;60.0000000;59.9999040;1.069608E-05;2.26878E-05;60.0000000
11802.0009994507;60.0000000;59.9998445;1.732543E-05;-2.417583E-05;60.0000000
11803.0004501343;60.0000000;59.9997849;2.396591E-05;-3.882129E-05;60.0000000
11804.0008544922;60.0000000;59.9999040;1.069608E-05;4.113318E-05;60.0000000
11805.0003051758;60.0000000;59.9998445;1.732543E-05;-3.685747E-05;60.0000000
11806.0007095337;60.0000000;59.9998445;1.732543E-05;-1.436499E-05;60.0000000
11807.0001602173;60.0000000;59.9998445;1.732543E-05;-5.598673E-06;60.0000000
11808.0005645752;60.0000000;59.9999040;1.069608E-05;4.48303E-05;60.0000000
11809.0009689331;60.0000000;59.9999040;1.069608E-05;1.747236E-05;60.0000000
11810.0004196167;60.0000000;59.9998445;1.732543E-05;-1.927876E-05;60.0000000
11811.0008239746;60.0000000;59.9998445;1.732543E-05;-7.513787E-06;60.0000000
11812.0002746582;60.0000000;59.9998445;1.732543E-05;-2.928456E-06;60.0000000
11813.0006790161;60.0000000;59.9998445;1.732543E-05;-1.141349E-06;60.0000000
11814.0001296997;60.0000000;59.9998445;1.732543E-05;-4.448344E-07;60.0000000
11815.0005340576;60.0000000;59.9998445;1.732543E-05;-1.733717E-07;60.0000000
11816.0009384155;60.0000000;59.9999040;1.069608E-05;3.707799E-05;60.0000000
11817.0003890991;60.0000000;59.9998445;1.732543E-05;-3.843795E-05;60.0000000
11818.000793457;60.0000000;59.9998445;1.732543E-05;-1.498097E-05;60.0000000
11819.0002441406;60.0000000;59.9999040;1.069608E-05;4.705014E-05;60.0000000
11820.0006484985;60.0000000;59.9999040;1.069608E-05;1.833753E-05;60.0000000
11821.0000991821;60.0000000;59.9999040;1.069608E-05;7.146947E-06;60.0000000
11822.00050354;60.0000000;59.9999040;1.069608E-05;2.785482E-06;60.0000000
11823.0009078979;60.0000000;59.9999040;1.069608E-05;2.095625E-05;60.0000000
11824.0003585815;60.0000000;59.9999040;1.069608E-05;8.167578E-06;60.0000000
11825.0007629395;60.0000000;59.9999040;1.069608E-05;3.183267E-06;60.0000000
11826.000213623;60.0000000;59.9999040;1.069608E-05;1.24066E-06;60.0000000
11827.000617981;60.0000000;59.9998445;1.732543E-05;-2.886604E-05;60.0000000
11828.0010223389;60.0000000;59.9999040;1.069608E-05;3.576198E-05;60.0000000
11829.0004730225;60.0000000;59.9999040;1.069608E-05;1.393803E-05;60.0000000
11830.0008773804;60.0000000;59.9999040;1.069608E-05;5.432268E-06;60.0000000
11831.000328064;60.0000000;59.9998445;1.732543E-05;-2.397132E-05;60.0000000
11832.0007324219;60.0000000;59.9998445;1.732543E-05;-9.342685E-06;60.0000000
11833.0001831055;60.0000000;59.9998445;1.732543E-05;-3.641259E-06;60.0000000
11834.0005874634;60.0000000;59.9999040;1.069608E-05;3.57264E-05;60.0000000
11835.0009918213;60.0000000;59.9999040;1.069608E-05;1.392416E-05;60.0000000
11836.0004425049;60.0000000;59.9999040;1.069608E-05;5.426863E-06;60.0000000
11837.0008468628;60.0000000;59.9999040;1.069608E-05;2.115089E-06;60.0000000
11838.0002975464;60.0000000;59.9998445;1.732543E-05;-3.219393E-05;60.0000000
11839.0007019043;60.0000000;59.9999040;1.069608E-05;4.034149E-05;60.0000000
11840.0001525879;60.0000000;59.9999040;1.069608E-05;1.572287E-05;60.0000000
11841.0005569458;60.0000000;59.9998445;1.732543E-05;-4.088445E-05;60.0000000
11842.0009613037;60.0000000;59.9999040;1.069608E-05;3.107786E-05;60.0000000
11843.0004119873;60.0000000;59.9999040;1.069608E-05;1.211242E-05;60.0000000
11844.0008163452;60.0000000;59.9999040;1.069608E-05;4.720748E-06;60.0000000
11845.0002670288;60.0000000;59.9999040;1.069608E-05;1.839885E-06;60.0000000
11846.0006713867;60.0000000;59.9999040;1.069608E-05;7.170846E-07;60.0000000
11847.0001220703;60.0000000;59.9999040;1.069608E-05;2.794797E-07;60.0000000
11848.0005264282;60.0000000;59.9999040;1.069608E-05;2.980803E-05;60.0000000
11849.0009307861;60.0000000;59.9999040;1.069608E-05;1.161751E-05;60.0000000
11850.0003814697;60.0000000;59.9999040;1.069608E-05;4.527859E-06;60.0000000
11851.0007858276;60.0000000;59.9999040;1.069608E-05;1.764708E-06;60.0000000
11852.0002365112;60.0000000;59.9999040;1.069608E-05;6.877847E-07;60.0000000
11853.0006408691;60.0000000;59.9999040;1.069608E-05;2.680602E-07;60.0000000
11854.0000915527;60.0000000;59.9998445;1.732543E-05;-2.598404E-05;60.0000000
11855.0004959106;60.0000000;59.9999040;1.069608E-05;2.701843E-05;60.0000000
11856.0009002686;60.0000000;59.9999040;1.069608E-05;1.053028E-05;60.0000000
11857.0003509521;60.0000000;59.9999040;1.069608E-05;4.104116E-06;60.0000000
11858.0007553101;60.0000000;59.9999040;1.069608E-05;1.599556E-06;60.0000000
11859.0002059937;60.0000000;59.9999040;1.069608E-05;6.234179E-07;60.0000000
11860.0006103516;60.0000000;59.9999040;1.069608E-05;2.429736E-07;60.0000000
11861.0010147095;60.0000000;59.9999040;1.069608E-05;9.46976E-08;60.0000000
11862.0004653931;60.0000000;59.9999040;1.069608E-05;3.690785E-08;60.0000000
11863.000869751;60.0000000;59.9999040;1.069608E-05;1.438463E-08;60.0000000
11864.0003204346;60.0000000;59.9999040;1.069608E-05;5.606327E-09;60.0000000
11865.0007247925;60.0000000;59.9999040;1.069608E-05;2.185034E-09;60.0000000
11866.0001754761;60.0000000;59.9999040;1.069608E-05;1.766362E-05;60.0000000
11867.000579834;60.0000000;59.9999040;1.069608E-05;6.884296E-06;60.0000000
11868.0009841919;60.0000000;59.9999040;1.069608E-05;2.683115E-06;60.0000000
11869.0004348755;60.0000000;59.9999040;1.069608E-05;1.045729E-06;60.0000000
11870.0008392334;60.0000000;59.9999040;1.069608E-05;4.07567E-07;60.0000000
11871.000289917;60.0000000;59.9999040;1.069608E-05;1.588469E-07;60.0000000
11872.0006942749;60.0000000;59.9999040;1.069608E-05;6.19097E-08;60.0000000
11873.0001449585;60.0000000;59.9999040;1.069608E-05;2.412895E-08;60.0000000
11874.0005493164;60.0000000;59.9999040;1.069608E-05;9.404122E-09;60.0000000
11875.0009536743;60.0000000;59.9999040;1.069608E-05;3.665203E-09;60.0000000
11876.0004043579;60.0000000;59.9999040;1.069608E-05;1.428492E-09;60.0000000
11877.0008087158;60.0000000;59.9999040;1.069608E-05;5.567468E-10;60.0000000
11878.0002593994;60.0000000;59.9999040;1.069608E-05;2.169889E-10;60.0000000
11879.0006637573;60.0000000;59.9999040;1.069608E-05;8.457021E-11;60.0000000
11880.0001144409;60.0000000;59.9999040;1.069608E-05;3.296076E-11;60.0000000
11881.0005187988;60.0000000;59.9999040;1.069608E-05;2.382258E-05;60.0000000
11882.0009231567;60.0000000;59.9999636;4.055598E-06;3.868361E-05;60.0000000
11883.0003738403;60.0000000;59.9998445;1.732543E-05;-5.287078E-05;60.0000000
11884.0007781982;60.0000000;59.9999040;1.069608E-05;2.118267E-05;60.0000000
11885.0002288818;60.0000000;59.9999040;1.069608E-05;8.255824E-06;60.0000000
11886.0006332397;60.0000000;59.9998445;1.732543E-05;-3.857109E-05;60.0000000
11887.0010375977;60.0000000;59.9999040;1.069608E-05;3.197949E-05;60.0000000
11888.0004882813;60.0000000;59.9999040;1.069608E-05;1.246383E-05;60.0000000
11889.0008926392;60.0000000;59.9999040;1.069608E-05;4.857706E-06;60.0000000
11890.0003433228;60.0000000;59.9999040;1.069608E-05;1.893263E-06;60.0000000
11891.0007476807;60.0000000;59.9999040;1.069608E-05;7.378886E-07;60.0000000
11892.0001983643;60.0000000;59.9999040;1.069608E-05;2.875879E-07;60.0000000
11893.0006027222;60.0000000;59.9999040;1.069608E-05;1.120858E-07;60.0000000
11894.0010070801;60.0000000;59.9999040;1.069608E-05;4.368479E-08;60.0000000
11895.0004577637;60.0000000;59.9999040;1.069608E-05;1.70259E-08;60.0000000
11896.0008621216;60.0000000;59.9999040;1.069608E-05;6.635748E-09;60.0000000
11897.0003128052;60.0000000;59.9999040;1.069608E-05;2.586245E-09;60.0000000
11898.0007171631;60.0000000;59.9999040;1.069608E-05;1.007974E-09;60.0000000
11899.0001678467;60.0000000;59.9999040;1.069608E-05;3.928523E-10;60.0000000
11900.0005722046;60.0000000;59.9998445;1.732543E-05;-4.70122E-05;60.0000000
11901.0009765625;60.0000000;59.9999040;1.069608E-05;1.469554E-05;60.0000000
11902.0004272461;60.0000000;59.9999040;1.069608E-05;5.727503E-06;60.0000000
11903.000831604;60.0000000;59.9999040;1.069608E-05;2.232262E-06;60.0000000
11904.0002822876;60.0000000;59.9999040;1.069608E-05;8.700115E-07;60.0000000
11905.0006866455;60.0000000;59.9999040;1.069608E-05;3.39082E-07;60.0000000
11906.0001373291;60.0000000;59.9999040;1.069608E-05;1.321553E-07;60.0000000
11907.000541687;60.0000000;59.9999040;1.069608E-05;5.150678E-08;60.0000000
11908.0009460449;60.0000000;59.9999040;1.069608E-05;2.007448E-08;60.0000000
11909.0003967285;60.0000000;59.9999040;1.069608E-05;7.823913E-09;60.0000000
11910.0008010864;60.0000000;59.9999040;1.069608E-05;3.049326E-09;60.0000000
11911.00025177;60.0000000;59.9999040;1.069608E-05;1.110133E-05;60.0000000
11912.0006561279;60.0000000;59.9999040;1.069608E-05;4.32668E-06;60.0000000
11913.0001068115;60.0000000;59.9999040;1.069608E-05;1.686299E-06;60.0000000
11914.0005111694;60.0000000;59.9999040;1.069608E-05;6.572255E-07;60.0000000
11915.0009155273;60.0000000;59.9999040;1.069608E-05;2.561499E-07;60.0000000
11916.0003662109;60.0000000;59.9999040;1.069608E-05;9.9833E-08;60.0000000
11917.0007705688;60.0000000;59.9999040;1.069608E-05;3.890935E-08;60.0000000
11918.0002212524;60.0000000;59.9999040;1.069608E-05;1.516469E-08;60.0000000
11919.0006256104;60.0000000;59.9999040;1.069608E-05;5.910354E-09;60.0000000
11920.0010299683;60.0000000;59.9999040;1.069608E-05;2.303527E-09;60.0000000
11921.0004806519;60.0000000;59.9999040;1.069608E-05;8.977866E-10;60.0000000
11922.0008850098;60.0000000;59.9999040;1.069608E-05;3.499073E-10;60.0000000
11923.0003356934;60.0000000;59.9999040;1.069608E-05;1.363744E-10;60.0000000
11924.0007400513;60.0000000;59.9999040;1.069608E-05;5.315114E-11;60.0000000
11925.0001907349;60.0000000;59.9999040;1.069608E-05;2.071536E-11;60.0000000
11926.0005950928;60.0000000;59.9999040;1.069608E-05;8.073694E-12;60.0000000
11927.0009994507;60.0000000;59.9999040;1.069608E-05;3.146677E-12;60.0000000
11928.0004501343;60.0000000;59.9999040;1.069608E-05;1.2264E-12;60.0000000
11929.0008544922;60.0000000;59.9999040;1.069608E-05;4.779823E-13;60.0000000
11930.0003051758;60.0000000;59.9999040;1.069608E-05;1.862909E-13;60.0000000
11931.0007095337;60.0000000;59.9999040;1.069608E-05;7.260583E-14;60.0000000
11932.0001602173;60.0000000;59.9999040;1.069608E-05;2.829771E-14;60.0000000
11933.0005645752;60.0000000;59.9999040;1.069608E-05;1.102887E-14;60.0000000
11934.0009689331;60.0000000;59.9999040;1.069608E-05;4.298441E-15;60.0000000
11935.0004196167;60.0000000;59.9999040;1.069608E-05;1.675293E-15;60.0000000
11936.0008239746;60.0000000;59.9999040;1.069608E-05;6.529361E-16;60.0000000
11937.0002746582;60.0000000;59.9999040;1.069608E-05;2.544781E-16;60.0000000
11938.0006790161;60.0000000;59.9999040;1.069608E-05;9.91814E-17;60.0000000
11939.0001296997;60.0000000;59.9999636;4.055598E-06;3.720798E-05;60.0000000
11940.0005340576;60.0000000;59.9999041;1.068494E-05;-8.688187E-06;60.0000000
11941.0009384155;60.0000000;59.9999041;1.068494E-05;-3.386172E-06;60.0000000
11942.0003890991;60.0000000;59.9999041;1.068494E-05;-2.224358E-05;60.0000000
11943.000793457;60.0000000;59.9999041;1.068494E-05;-8.669307E-06;60.0000000
11944.0002441406;60.0000000;59.9999636;4.055598E-06;3.840994E-05;60.0000000
11945.0006484985;60.0000000;59.9999636;4.055598E-06;1.497006E-05;60.0000000
11946.0000991821;60.0000000;59.9999041;1.068494E-05;-4.70544E-05;60.0000000
11947.00050354;60.0000000;59.9999041;1.068494E-05;-1.833918E-05;60.0000000
11948.0009078979;60.0000000;59.9999041;1.068494E-05;-7.147593E-06;60.0000000
11949.0003585815;60.0000000;59.9999041;1.068494E-05;-2.785734E-06;60.0000000
11950.0007629395;60.0000000;59.9999041;1.068494E-05;-1.085724E-06;60.0000000
11951.000213623;60.0000000;59.9999636;4.055598E-06;3.259512E-05;60.0000000
11952.000617981;60.0000000;59.9999041;1.068494E-05;-2.44418E-05;60.0000000
11953.0010223389;60.0000000;59.9999040;1.069608E-05;1.135394E-05;60.0000000
11954.0004730225;60.0000000;59.9999636;4.055598E-06;3.74989E-05;60.0000000
11955.0008773804;60.0000000;59.9999041;1.068494E-05;-3.239737E-05;60.0000000
11956.000328064;60.0000000;59.9999041;1.068494E-05;-1.262669E-05;60.0000000
11957.0007324219;60.0000000;59.9999636;4.055598E-06;4.209117E-05;60.0000000
11958.0001831055;60.0000000;59.9999636;4.055598E-06;1.640479E-05;60.0000000
11959.0005874634;60.0000000;59.9999041;1.068494E-05;-2.29559E-05;60.0000000
11960.0009918213;60.0000000;59.9999636;4.055598E-06;3.806542E-05;60.0000000
11961.0004425049;60.0000000;59.9999041;1.068494E-05;-2.695298E-05;60.0000000
11962.0008468628;60.0000000;59.9998445;1.732543E-05;-4.771275E-05;60.0000000
11963.0002975464;60.0000000;59.9999636;4.055598E-06;3.766778E-05;60.0000000
11964.0007019043;60.0000000;59.9999636;4.055598E-06;1.468081E-05;60.0000000
11965.0001525879;60.0000000;59.9999041;1.068494E-05;-2.036675E-05;60.0000000
11966.0005569458;60.0000000;59.9999636;4.055598E-06;4.495106E-05;60.0000000
11967.0009613037;60.0000000;59.9999636;4.055598E-06;1.751942E-05;60.0000000
11968.0004119873;60.0000000;59.9999041;1.068494E-05;-1.926042E-05;60.0000000
11969.0008163452;60.0000000;59.9999041;1.068494E-05;-7.506638E-06;60.0000000
11970.0002670288;60.0000000;59.9999041;1.068494E-05;-2.92567E-06;60.0000000
11971.0006713867;60.0000000;59.9999041;1.068494E-05;-1.140263E-06;60.0000000
11972.0001220703;60.0000000;59.9999041;1.068494E-05;-4.444113E-07;60.0000000
11973.0005264282;60.0000000;59.9999041;1.068494E-05;-1.732067E-07;60.0000000
11974.0009307861;60.0000000;59.9999041;1.068494E-05;-6.750635E-08;60.0000000
11975.0003814697;60.0000000;59.9999041;1.068494E-05;-2.631022E-08;60.0000000
11976.0007858276;60.0000000;59.9999636;4.055598E-06;4.700209E-05;60.0000000
11977.0002365112;60.0000000;59.9999636;4.055598E-06;1.83188E-05;60.0000000
11978.0006408691;60.0000000;59.9999041;1.068494E-05;-1.894886E-05;60.0000000
11979.0010452271;60.0000000;59.9999041;1.068494E-05;-7.385212E-06;60.0000000
11980.0004959106;60.0000000;59.9999636;4.055598E-06;2.321017E-05;60.0000000
11981.0009002686;60.0000000;59.9999041;1.068494E-05;-1.414376E-05;60.0000000
11982.0003509521;60.0000000;59.9999041;1.068494E-05;-5.512451E-06;60.0000000
11983.0007553101;60.0000000;59.9999636;4.055598E-06;2.104134E-05;60.0000000
11984.0002059937;60.0000000;59.9999041;1.068494E-05;-3.88116E-05;60.0000000
11985.0006103516;60.0000000;59.9999041;1.068494E-05;-1.51266E-05;60.0000000
11986.0010147095;60.0000000;59.9999636;4.055598E-06;3.125005E-05;60.0000000
11987.0004653931;60.0000000;59.9999041;1.068494E-05;-4.070936E-05;60.0000000
11988.000869751;60.0000000;59.9999041;1.068494E-05;-1.586624E-05;60.0000000
11989.0003204346;60.0000000;59.9999636;4.055598E-06;4.082857E-05;60.0000000
11990.0007247925;60.0000000;59.9999636;4.055598E-06;1.59127E-05;60.0000000
11991.0001754761;60.0000000;59.9999041;1.068494E-05;-2.681639E-05;60.0000000
11992.000579834;60.0000000;59.9999041;1.068494E-05;-1.045154E-05;60.0000000
11993.0009841919;60.0000000;59.9999041;1.068494E-05;-4.073428E-06;60.0000000
11994.0004348755;60.0000000;59.9999041;1.068494E-05;-1.587595E-06;60.0000000
11995.0008392334;60.0000000;59.9999041;1.068494E-05;-6.187563E-07;60.0000000
11996.000289917;60.0000000;59.9999041;1.068494E-05;-2.411568E-07;60.0000000
11997.0006942749;60.0000000;59.9999041;1.068494E-05;-9.398948E-08;60.0000000
11998.0001449585;60.0000000;59.9999636;4.055598E-06;2.931295E-05;60.0000000
11999.0005493164;60.0000000;59.9999636;4.055598E-06;1.142456E-05;60.0000000