time [ms];Setpoint position [mm];Actual position value encoder channel 1 [mm];Actual velocity value encoder channel 1 [m/s];Target position CiA402 [mm]
0;79.8283491;79.8294753;0.004901784;79.8390000
1.00000004749745;79.8282586;79.8309058;0.002591861;79.8420000
2.0000000949949;79.8335802;79.8320979;0.001928687;79.8460000
3.00000002607703;79.8380244;79.8366874;0.003567433;79.8490000
4.00000018998981;79.8407461;79.8408598;0.003909914;79.8520000
5.00000035390258;79.8445752;79.8446745;0.003859644;79.8550000
6.00000005215406;79.8479069;79.8485488;0.003855463;79.8580000
7.00000021606684;79.8508750;79.8517674;0.003430221;79.8580000
8.00000037997961;79.8538095;79.8543900;0.002906605;79.8610000
9.00000054389238;79.8572618;79.8570126;0.002712664;79.8640000
10.0000007078052;79.8577743;79.8583239;0.00173773;79.8690000
11.0000008717179;79.8598230;79.8585027;0.0008344445;79.8720000
12.0000001043081;79.8626171;79.8601717;0.001422874;79.8750000
13.0000002682209;79.8672755;79.8640460;0.003056417;79.8780000
14.0000004321337;79.8709388;79.8695892;0.004586665;79.8800000
15.0000005960464;79.8738532;79.8744768;0.00472703;79.8830000
16.0000007599592;79.8770039;79.8783511;0.004157848;79.8860000
17.000000923872;79.8791748;79.8807353;0.003012307;79.8880000
18.0000010877848;79.8818213;79.8820466;0.001979027;79.8910000
19.0000012516975;79.8850039;79.8837155;0.001839201;79.8930000
20.0000014156103;79.8871530;79.8856229;0.001884316;79.8960000
21.0000015795231;79.8899720;79.8879474;0.002178434;79.8980000
22.0000017434359;79.8921530;79.8906892;0.002534189;79.9000000
23.0000019073486;79.8949502;79.8933715;0.002623949;79.9000000
24.0000002086163;79.8972383;79.8962921;0.0027798;79.9050000
25.000000372529;79.8995733;79.8986763;0.002511554;79.9070000
26.0000005364418;79.8994627;79.8996895;0.001489885;79.9100000
27.0000007003546;79.9033087;79.9009412;0.001497572;79.9120000
28.0000008642673;79.9062167;79.9045175;0.002776958;79.9140000
29.0000010281801;79.9089502;79.9079150;0.003175148;79.9160000
30.0000011920929;79.9112819;79.9111336;0.003169417;79.9180000
31.0000013560057;79.9132500;79.9134582;0.002602581;79.9200000
32.0000015199184;79.9152500;79.9153060;0.002089158;79.9220000
32.9999998211861;79.9172500;79.9169749;0.001820665;79.9220000
34.000001847744;79.9192064;79.9186438;0.001754948;79.9260000
35.0000001490116;79.9215515;79.9202531;0.001680764;79.9260000
36.0000021755695;79.9215480;79.9211472;0.001133826;79.9300000
37.0000004768372;79.9248882;79.9225181;0.001406795;79.9320000
38.0000025033951;79.9256555;79.9247831;0.001855731;79.9320000
39.0000008046627;79.9285430;79.9267501;0.002010831;79.9340000
40.0000028312206;79.9315717;79.9303859;0.003021236;79.9360000
41.0000011324883;79.9318495;79.9324721;0.00232991;79.9370000
42.0000031590462;79.9331644;79.9331278;0.001308868;79.9410000
43.0000014603138;79.9354226;79.9342006;0.001193842;79.9410000
44.0000034868717;79.9362483;79.9353927;0.001178966;79.9420000
45.0000017881393;79.9398546;79.9376577;0.001967107;79.9440000
46.0000038146973;79.9410423;79.9406975;0.002534722;79.9460000
47.0000021159649;79.9414860;79.9418896;0.001645787;79.9490000
48.0000004172325;79.9432399;79.9427241;0.00116993;79.9500000
49.0000024437904;79.9450992;79.9440354;0.001273924;79.9520000
50.0000007450581;79.9480792;79.9463004;0.00192308;79.9530000
51.000002771616;79.9495598;79.9491018;0.002406143;79.9550000
52.0000010728836;79.9513470;79.9511880;0.002211079;79.9560000
53.0000030994415;79.9525280;79.9527973;0.001806879;79.9560000
54.0000014007092;79.9543034;79.9540490;0.001457616;79.9590000
55.0000034272671;79.9558295;79.9554199;0.001389844;79.9600000
56.0000017285347;79.9556669;79.9558371;0.0007698358;79.9610000
57.0000037550926;79.9579936;79.9564928;0.0008055508;79.9610000
58.0000020563602;79.9596670;79.9586385;0.001632992;79.9630000
59.0000040829182;79.9607758;79.9604863;0.001743326;79.9640000
60.0000023841858;79.9607958;79.9613804;0.001149975;79.9650000
61.0000044107437;79.9622933;79.9618572;0.0007637212;79.9660000
62.0000027120113;79.9636569;79.9629897;0.001007577;79.9670000
63.000001013279;79.9646250;79.9640626;0.001054881;79.9690000
64.0000030398369;79.9656468;79.9652547;0.001145859;79.9700000
65.0000050663948;79.9664961;79.9662679;0.001063733;79.9710000
65.9999996423721;79.9683252;79.9675792;0.001219424;79.9720000
67.0000016689301;79.9696569;79.9692482;0.001481084;79.9730000
68.000003695488;79.9706250;79.9706191;0.001389437;79.9740000
69.0000057220459;79.9716250;79.9717516;0.001218031;79.9750000
70.0000002980232;79.9726250;79.9725860;0.0009804539;79.9760000
71.0000023245811;79.9736250;79.9734801;0.0009170242;79.9770000
72.0000043511391;79.9746250;79.9742550;0.0008194309;79.9780000
73.000006377697;79.9756250;79.9751490;0.000853796;79.9790000
74.0000009536743;79.9766250;79.9758643;0.0007844089;79.9790000
75.0000029802322;79.9776032;79.9766391;0.0007581908;79.9800000
76.0000050067902;79.9787539;79.9775928;0.0008774793;79.9810000
77.0000070333481;79.9789248;79.9781889;0.0006771537;79.9820000
78.0000016093254;79.9795931;79.9786061;0.0005398731;79.9830000
79.0000036358833;79.9806250;79.9794406;0.0007378379;79.9830000
80.0000056624413;79.9816032;79.9806327;0.001040924;79.9840000
81.0000002384186;79.9827539;79.9818844;0.001194744;79.9850000
82.0000022649765;79.9829248;79.9830168;0.001111959;79.9850000
83.0000042915344;79.9835713;79.9836725;0.0008166734;79.9860000
84.0000063180923;79.9847539;79.9845666;0.0008625879;79.9870000
85.0000008940697;79.9849248;79.9853414;0.0007897586;79.9870000
86.0000029206276;79.9855713;79.9856990;0.0005262422;79.9880000
87.0000049471855;79.9867539;79.9864143;0.000651666;79.9890000
88.0000069737434;79.9869248;79.9871296;0.0006765942;79.9890000
89.0000015497208;79.9875713;79.9874872;0.000492196;79.9900000
90.0000035762787;79.9887539;79.9883217;0.0007282114;79.9900000
91.0000056028366;79.9889030;79.9890369;0.00069908;79.9910000
92.0000076293945;79.9897220;79.9895734;0.00062115;79.9910000
93.0000022053719;79.9899030;79.9900502;0.0005248444;79.9920000
94.0000042319298;79.9907220;79.9903482;0.000400457;79.9920000
95.0000062584877;79.9909030;79.9908250;0.0004231832;79.9930000
96.000000834465;79.9917220;79.9913019;0.0004732262;79.9930000
97.0000028610229;79.9919030;79.9917787;0.0004386784;79.9930000
98.0000048875809;79.9927002;79.9923748;0.0005481024;79.9940000
99.0000069141388;79.9930537;79.9929708;0.0005895431;79.9940000
100.000001490116;79.9928711;79.9932092;0.0003625639;79.9950000
101.000003516674;79.9937220;79.9935669;0.0003797197;79.9950000
102.000005543232;79.9939030;79.9940437;0.0004311544;79.9950000
103.00000756979;79.9947002;79.9945801;0.0005069284;79.9960000
104.000002145767;79.9950537;79.9951762;0.0005419059;79.9960000
105.000004172325;79.9948711;79.9952954;0.0002638324;79.9960000
106.000006198883;79.9957002;79.9954146;0.000197664;79.9960000
107.000008225441;79.9960319;79.9958914;0.0003804732;79.9970000
108.000002801418;79.9960218;79.9961299;0.0003108846;79.9970000
109.000004827976;79.9958711;79.9961895;0.0001542393;79.9970000
110.000006854534;79.9967002;79.9964875;0.0002583445;79.9970000
111.000008881092;79.9970319;79.9969643;0.0003778542;79.9980000
112.000003457069;79.9970218;79.9972624;0.0003098148;79.9980000
113.000005483627;79.9968711;79.9973220;0.0001468809;79.9980000
114.000007510185;79.9977002;79.9973816;0.0001043374;79.9980000
115.000002086163;79.9980319;79.9978584;0.0002977516;79.9980000
116.00000411272;79.9980000;79.9981564;0.0002792962;79.9980000
117.000006139278;79.9980000;79.9982160;0.000138253;79.9990000
118.000008165836;79.9980218;79.9982756;8.00157E-05;79.9990000
119.000002741814;79.9978711;79.9982161;-2.170322E-05;79.9990000
120.000004768372;79.9987002;79.9982756;3.855364E-05;79.9990000
121.00000679493;79.9990319;79.9987525;0.0002913798;79.9990000
122.000008821487;79.9990000;79.9990505;0.0002721619;79.9990000
123.000003397465;79.9990000;79.9992293;0.0001926427;79.9990000
124.000005424023;79.9990000;79.9992889;0.0001122894;79.9990000
125;79.9990000;79.9992889;4.376415E-05;79.9990000
126.000002026558;79.9990000;79.9992294;-1.229274E-05;80.0000000
127.000004053116;79.9990218;79.9992294;-4.791027E-06;80.0000000
128.000006079674;79.9988711;79.9992294;-1.867276E-06;80.0000000
129.000008106232;79.9997002;79.9994081;0.0001306005;80.0000000
130.00001013279;80.0000319;80.0000042;0.0004056364;80.0000000
131.000012159348;80.0000000;80.0003022;0.0003307152;80.0000000
131.999999284744;80.0000000;80.0003618;0.0001661024;80.0000000
133.000001311302;80.0000000;80.0003618;6.473746E-05;80.0000000
134.00000333786;80.0000000;80.0003023;-8.574529E-07;80.0000000
135.000005364418;80.0000000;80.0001831;-5.296186E-05;80.0000000
136.000007390976;80.0000000;80.0001831;-2.064159E-05;80.0000000
137.000009417534;80.0000000;80.0002426;1.804357E-05;80.0000000
138.000011444092;80.0000000;80.0003022;3.316474E-05;80.0000000
139.00001347065;80.0000000;80.0003022;1.292577E-05;80.0000000
140.000000596046;80.0000000;80.0003022;1.613788E-05;80.0000000
141.000002622604;80.0000000;80.0002427;-4.07227E-05;80.0000000
142.000004649162;80.0000000;80.0001831;-6.29628E-05;80.0000000
143.00000667572;80.0000000;80.0001831;-2.45394E-05;80.0000000
144.000008702278;80.0000000;80.0001831;-9.564091E-06;80.0000000
145.000010728836;80.0000000;80.0002426;2.236096E-05;80.0000000
146.000012755394;80.0000000;80.0003022;3.194382E-05;80.0000000
146.999999880791;80.0000000;80.0003022;1.244992E-05;80.0000000
148.000001907349;80.0000000;80.0002427;-2.449729E-05;80.0000000
149.000003933907;80.0000000;80.0002427;-9.547682E-06;80.0000000
150.000005960464;80.0000000;80.0002427;-3.721155E-06;80.0000000
151.000007987022;80.0000000;80.0002427;-1.450299E-06;80.0000000
152.00001001358;80.0000000;80.0002427;-5.652458E-07;80.0000000
153.000012040138;80.0000000;80.0002427;-2.203013E-07;80.0000000
154.000014066696;80.0000000;80.0001831;-2.621822E-05;80.0000000
155.000001192093;80.0000000;80.0001831;-2.788117E-05;80.0000000
156.000003218651;80.0000000;80.0002426;2.044558E-05;80.0000000
157.000005245209;80.0000000;80.0002426;7.968548E-06;80.0000000
158.000007271767;80.0000000;80.0001831;-2.596064E-05;80.0000000
159.000009298325;80.0000000;80.0001831;-2.581825E-05;80.0000000
160.000011324883;80.0000000;80.0001831;-1.006252E-05;80.0000000
161.00001335144;80.0000000;80.0002426;4.896708E-05;80.0000000
162.000000476837;80.0000000;80.0001831;-4.105147E-06;80.0000000
163.000002503395;80.0000000;80.0001831;-2.019892E-05;80.0000000
164.000004529953;80.0000000;80.0001831;-1.113348E-05;80.0000000
165.000006556511;80.0000000;80.0001831;-4.339212E-06;80.0000000
166.000008583069;80.0000000;80.0001235;-4.878254E-05;80.0000000
167.000010609627;80.0000000;80.0001235;-1.901272E-05;80.0000000
168.000012636185;80.0000000;80.0001235;-7.4101E-06;80.0000000
169.000014662743;80.0000000;80.0001830;3.425751E-05;80.0000000
170.000001788139;80.0000000;80.0001830;1.335167E-05;80.0000000
171.000003814697;80.0000000;80.0001831;-9.170792E-07;80.0000000
172.000005841255;80.0000000;80.0001235;-2.975633E-05;80.0000000
173.000007867813;80.0000000;80.0000639;-4.099626E-05;80.0000000
174.000009894371;80.0000000;80.0000639;-1.597806E-05;80.0000000
175.000011920929;80.0000000;80.0001234;2.679092E-05;80.0000000
176.000013947487;80.0000000;80.0001830;5.230059E-05;80.0000000
177.000001072884;80.0000000;80.0001235;-2.805928E-06;80.0000000
178.000003099442;80.0000000;80.0001235;-1.093595E-06;80.0000000
179.000005125999;80.0000000;80.0001830;4.136253E-05;80.0000000
180.000007152557;80.0000000;80.0001235;-2.102475E-05;80.0000000
181.000009179115;80.0000000;80.0001235;-8.194275E-06;80.0000000
182.000011205673;80.0000000;80.0000043;-6.363042E-05;80.0000000
183.000013232231;80.0000000;80.0000043;-2.479959E-05;80.0000000
184.000015258789;80.0000000;80.0000638;2.335278E-05;80.0000000
185.000002384186;80.0000000;80.0001234;3.850052E-05;80.0000000
186.000004410744;80.0000000;80.0001234;1.500536E-05;80.0000000
187.000006437302;80.0000000;80.0000043;-6.733162E-05;80.0000000
188.00000846386;80.0000000;79.9999447;-5.237448E-05;80.0000000
189.000010490417;80.0000000;79.9998851;-4.981156E-05;80.0000000
190.000012516975;80.0000000;79.9998851;-1.941377E-05;80.0000000
191.000014543533;80.0000000;80.0000042;5.748237E-05;80.0000000
192.00000166893;80.0000000;80.0000042;2.240343E-05;80.0000000
193.000003695488;80.0000000;80.0000638;4.180538E-05;80.0000000
194.000005722046;80.0000000;80.0000043;-2.085215E-05;80.0000000
195.000007748604;80.0000000;80.0000043;-8.127008E-06;80.0000000
196.000009775162;80.0000000;80.0000043;-2.670677E-05;80.0000000
197.00001180172;80.0000000;80.0000638;2.673674E-05;80.0000000
198.000013828278;80.0000000;80.0000638;1.042049E-05;80.0000000
199.000015854836;80.0000000;80.0000638;4.061329E-06;80.0000000
200.000002980232;80.0000000;80.0000638;7.742668E-06;80.0000000
201.00000500679;80.0000000;80.0000638;3.017661E-06;80.0000000
202.000007033348;80.0000000;80.0000043;-4.061263E-05;80.0000000
203.000009059906;80.0000000;79.9999447;-5.768753E-05;80.0000000
204.000011086464;80.0000000;79.9999446;7.176739E-06;80.0000000
205.000013113022;80.0000000;80.0000042;5.577487E-05;80.0000000
206.00001513958;80.0000000;80.0000638;5.894593E-05;80.0000000
207.000017166138;80.0000000;80.0000638;2.297384E-05;80.0000000
208.000004291534;80.0000000;79.9999447;-5.609485E-05;80.0000000
209.000006318092;80.0000000;79.9999447;-2.186265E-05;80.0000000
210.00000834465;80.0000000;80.0000042;3.84915E-05;80.0000000
211.000010371208;80.0000000;80.0001234;9.14921E-05;80.0000000
212.000012397766;80.0000000;80.0001830;6.255598E-05;80.0000000
213.000014424324;80.0000000;80.0001830;2.438084E-05;80.0000000
214.000016450882;80.0000000;80.0000639;-6.666528E-05;80.0000000
215.000003576279;80.0000000;80.0000043;-7.307377E-05;80.0000000
216.000005602837;80.0000000;80.0000043;-2.848009E-05;80.0000000
217.000007629395;80.0000000;80.0000043;-1.109995E-05;80.0000000
218.000009655952;80.0000000;80.0000043;-4.326144E-06;80.0000000
219.00001168251;80.0000000;80.0000638;2.766349E-05;80.0000000
220.000013709068;80.0000000;80.0000638;1.078169E-05;80.0000000
221.000015735626;80.0000000;80.0000638;4.202102E-06;80.0000000
222.000017762184;80.0000000;80.0000638;1.637746E-06;80.0000000
223.000004887581;80.0000000;80.0000638;6.383021E-07;80.0000000
224.000006914139;80.0000000;80.0000043;-2.91008E-05;80.0000000
225.000008940697;80.0000000;80.0000043;-1.134187E-05;80.0000000
226.000010967255;80.0000000;80.0000638;3.736832E-05;80.0000000
227.000012993813;80.0000000;80.0000638;1.456409E-05;80.0000000
228.00001502037;80.0000000;80.0000638;5.676272E-06;80.0000000
229.000017046928;80.0000000;80.0000638;2.212295E-06;80.0000000
230.000004172325;80.0000000;80.0000638;8.622297E-07;80.0000000
231.000006198883;80.0000000;80.0000638;3.360491E-07;80.0000000
232.000008225441;80.0000000;80.0000638;1.309732E-07;80.0000000
233.000010251999;80.0000000;80.0000043;-3.709451E-05;80.0000000
234.000012278557;80.0000000;80.0000043;-1.445738E-05;80.0000000
235.000014305115;80.0000000;79.9999447;-3.503358E-05;80.0000000
236.000016331673;80.0000000;80.0000042;1.936413E-05;80.0000000
237.000018358231;80.0000000;80.0000638;4.062083E-05;80.0000000
238.000005483627;80.0000000;80.0000638;1.583174E-05;80.0000000
239.000007510185;80.0000000;80.0000043;-3.561842E-05;80.0000000
240.000009536743;80.0000000;80.0000043;-1.388208E-05;80.0000000
241.000011563301;80.0000000;80.0000638;4.160188E-05;80.0000000
242.000013589859;80.0000000;80.0000638;1.62141E-05;80.0000000
243.000015616417;80.0000000;80.0000043;-3.779426E-05;80.0000000
244.000017642975;80.0000000;79.9999447;-4.780387E-05;80.0000000
245.000004768372;80.0000000;79.9999447;-1.863129E-05;80.0000000
246.00000679493;80.0000000;80.0000042;2.208814E-05;80.0000000
247.000008821487;80.0000000;80.0000638;3.474109E-05;80.0000000
248.000010848045;80.0000000;80.0000043;-3.347221E-05;80.0000000
249.000012874603;80.0000000;79.9999447;-6.602338E-05;80.0000000
250;80.0000000;79.9999447;-3.037544E-05;80.0000000
251.000016927719;80.0000000;80.0000042;1.751092E-05;80.0000000
252.000004053116;80.0000000;80.0000042;6.824784E-06;80.0000000
253.000020980835;80.0000000;80.0000042;2.659921E-06;80.0000000
254.000008106232;80.0000000;80.0000042;1.036689E-06;80.0000000
255.000025033951;80.0000000;80.0000042;4.040438E-07;80.0000000
256.000012159348;80.0000000;80.0000042;1.574738E-07;80.0000000
256.999999284744;80.0000000;80.0000638;2.329014E-05;80.0000000
258.000016212463;80.0000000;80.0000043;-1.701131E-05;80.0000000
259.00000333786;80.0000000;79.9999447;-3.276242E-05;80.0000000
260.000020265579;80.0000000;79.9999447;-1.276897E-05;80.0000000
261.000007390976;80.0000000;79.9999447;-4.976633E-06;80.0000000
262.000024318695;80.0000000;79.9999447;-1.939615E-06;80.0000000
263.000011444092;80.0000000;80.0000042;2.859362E-05;80.0000000
263.999998569489;80.0000000;80.0000638;3.727656E-05;80.0000000
265.000015497208;80.0000000;80.0000043;-1.848995E-05;80.0000000
266.000002622604;80.0000000;79.9999447;-3.660526E-05;80.0000000
267.000019550323;80.0000000;79.9998851;-4.039905E-05;80.0000000
268.00000667572;80.0000000;79.9998851;-1.57453E-05;80.0000000
269.000023603439;80.0000000;79.9998851;-6.136643E-06;80.0000000
270.000010728836;80.0000000;79.9999446;5.049717E-05;80.0000000
271.000027656555;80.0000000;80.0000042;6.849809E-05;80.0000000
272.000014781952;80.0000000;80.0000042;2.669674E-05;80.0000000
273.000001907349;80.0000000;79.9999447;-2.674065E-05;80.0000000
274.000018835068;80.0000000;79.9998851;-4.763E-05;80.0000000
275.000005960464;80.0000000;79.9998851;-1.856352E-05;80.0000000
276.000022888184;80.0000000;80.0000042;6.920591E-05;80.0000000
277.00001001358;80.0000000;80.0000638;7.995039E-05;80.0000000
278.000026941299;80.0000000;80.0000043;-1.858062E-06;80.0000000
279.000014066696;80.0000000;80.0000043;-7.241692E-07;80.0000000
280.000001192093;80.0000000;79.9999447;-2.3511E-05;80.0000000
281.000018119812;80.0000000;79.9999447;-9.163279E-06;80.0000000
282.000005245209;80.0000000;79.9999447;-3.571336E-06;80.0000000
283.000022172928;80.0000000;80.0000042;5.149698E-05;80.0000000
284.000009298325;80.0000000;80.0000042;2.007066E-05;80.0000000
285.000026226044;80.0000000;80.0000042;1.765091E-05;80.0000000
286.00001335144;80.0000000;79.9999447;-4.600955E-05;80.0000000
287.000000476837;80.0000000;79.9999447;-1.793196E-05;80.0000000
288.000017404556;80.0000000;79.9999447;-6.988881E-06;80.0000000
289.000004529953;80.0000000;79.9999447;-2.723877E-06;80.0000000
290.000021457672;80.0000000;79.9999447;-1.061615E-06;80.0000000
291.000008583069;80.0000000;79.9999447;-4.137586E-07;80.0000000
292.000025510788;80.0000000;79.9999447;-1.121831E-05;80.0000000
293.000012636185;80.0000000;80.0000042;3.277329E-05;80.0000000
293.999999761581;80.0000000;80.0000042;1.603427E-05;80.0000000
295.000016689301;80.0000000;80.0000042;6.249265E-06;80.0000000
296.000003814697;80.0000000;79.9999447;-3.470994E-05;80.0000000
297.000020742416;80.0000000;79.9998851;-4.29269E-05;80.0000000
298.000007867813;80.0000000;79.9998851;-1.673052E-05;80.0000000
299.000024795532;80.0000000;79.9999446;4.636827E-05;80.0000000
300.000011920929;80.0000000;80.0000042;4.420413E-05;80.0000000
301.000028848648;80.0000000;79.9999447;-2.611534E-05;80.0000000
302.000015974045;80.0000000;80.0000042;1.59102E-05;80.0000000
303.000003099442;80.0000000;79.9999447;-3.094465E-05;80.0000000
304.000020027161;80.0000000;79.9999447;-1.20605E-05;80.0000000
305.000007152557;80.0000000;80.0000042;2.464906E-05;80.0000000
306.000024080276;80.0000000;80.0000042;9.606832E-06;80.0000000
307.000011205673;80.0000000;79.9999447;-4.914468E-05;80.0000000
308.000028133392;80.0000000;79.9999447;-1.915386E-05;80.0000000
309.000015258789;80.0000000;80.0000042;4.542378E-05;80.0000000
310.000002384186;80.0000000;80.0000042;1.770366E-05;80.0000000
311.000019311905;80.0000000;80.0000638;3.012866E-05;80.0000000
312.000006437302;80.0000000;80.0000638;1.174248E-05;80.0000000
313.000023365021;80.0000000;80.0000638;4.576564E-06;80.0000000
314.000010490417;80.0000000;80.0000638;1.78369E-06;80.0000000
315.000027418137;80.0000000;80.0000043;-3.645038E-05;80.0000000
316.000014543533;80.0000000;80.0000043;-1.420633E-05;80.0000000
317.00000166893;80.0000000;79.9999447;-3.86106E-05;80.0000000
318.000018596649;80.0000000;80.0000042;2.20973E-05;80.0000000
319.000005722046;80.0000000;80.0000638;5.570366E-05;80.0000000
320.000022649765;80.0000000;80.0000638;2.171018E-05;80.0000000
321.000009775162;80.0000000;80.0000043;-2.088816E-05;80.0000000
322.000026702881;80.0000000;80.0000638;2.487724E-05;80.0000000
323.000013828278;80.0000000;80.0000638;9.695762E-06;80.0000000
324.000000953674;80.0000000;80.0000638;3.778869E-06;80.0000000
325.000017881393;80.0000000;79.9999447;-6.973577E-05;80.0000000
326.00000500679;80.0000000;79.9999447;-2.717912E-05;80.0000000
327.000021934509;80.0000000;79.9999447;-1.059291E-05;80.0000000
328.000009059906;80.0000000;79.9999447;-4.128526E-06;80.0000000
329.000025987625;80.0000000;80.0000638;4.771308E-05;80.0000000
330.000013113022;80.0000000;80.0000638;1.859591E-05;80.0000000
331.000030040741;80.0000000;80.0000043;-1.884086E-05;80.0000000
332.000017166138;80.0000000;79.9999447;-3.347548E-05;80.0000000
333.000004291534;80.0000000;79.9999447;-1.304688E-05;80.0000000
334.000021219254;80.0000000;80.0000042;3.206061E-05;80.0000000
335.00000834465;80.0000000;80.0000638;6.547321E-05;80.0000000
336.000025272369;80.0000000;80.0000638;2.551781E-05;80.0000000
337.000012397766;80.0000000;80.0000638;9.945423E-06;80.0000000
338.000029325485;80.0000000;79.9999447;-4.544598E-05;80.0000000
339.000016450882;80.0000000;79.9999447;-1.771231E-05;80.0000000
340.000003576279;80.0000000;79.9999447;-1.742302E-05;80.0000000
341.000020503998;80.0000000;80.0000042;3.035504E-05;80.0000000
342.000007629395;80.0000000;80.0000638;5.368969E-05;80.0000000
343.000024557114;80.0000000;80.0000638;2.092525E-05;80.0000000
344.00001168251;80.0000000;80.0000638;8.155498E-06;80.0000000
345.000028610229;80.0000000;80.0000043;-4.971033E-05;80.0000000
346.000015735626;80.0000000;79.9999447;-4.877322E-05;80.0000000
347.000002861023;80.0000000;79.9999447;-1.900909E-05;80.0000000
348.000019788742;80.0000000;80.0000638;7.16576E-05;80.0000000
349.000006914139;80.0000000;80.0000638;2.792814E-05;80.0000000
350.000023841858;80.0000000;80.0000638;1.088484E-05;80.0000000
351.000010967255;80.0000000;80.0000043;-3.754645E-05;80.0000000
352.000027894974;80.0000000;79.9999447;-4.076587E-05;80.0000000
353.00001502037;80.0000000;79.9999447;-1.588827E-05;80.0000000
354.000002145767;80.0000000;79.9999447;-6.192362E-06;80.0000000
355.000019073486;80.0000000;80.0000042;2.693614E-05;80.0000000
356.000006198883;80.0000000;80.0000638;3.989711E-05;80.0000000
357.000023126602;80.0000000;80.0000638;1.554967E-05;80.0000000
358.000010251999;80.0000000;80.0000043;-4.095195E-05;80.0000000
359.000027179718;80.0000000;80.0000043;-1.596079E-05;80.0000000
360.000014305115;80.0000000;79.9999447;-5.331199E-05;80.0000000
361.000031232834;80.0000000;79.9999447;-2.077804E-05;80.0000000
362.000018358231;80.0000000;80.0000042;2.492015E-05;80.0000000
363.000005483627;80.0000000;80.0000638;5.680385E-05;80.0000000
364.000022411346;80.0000000;79.9999447;-7.785115E-05;80.0000000
365.000009536743;80.0000000;80.0000042;-2.509061E-06;80.0000000
366.000026464462;80.0000000;79.9999447;-4.49745E-05;80.0000000
367.000013589859;80.0000000;79.9999447;-1.752856E-05;80.0000000
368.000030517578;80.0000000;80.0000042;1.925686E-05;80.0000000
369.000017642975;80.0000000;80.0000638;4.936424E-05;80.0000000
370.000004768372;80.0000000;80.0000638;1.923943E-05;80.0000000
371.000021696091;80.0000000;80.0000638;7.49846E-06;80.0000000
372.000008821487;80.0000000;80.0000638;2.922482E-06;80.0000000
373.000025749207;80.0000000;79.9999447;-0.0001047277;80.0000000
374.000012874603;80.0000000;79.9999447;-4.081701E-05;80.0000000
375.000029802322;80.0000000;79.9999447;-1.59082E-05;80.0000000
376.000016927719;80.0000000;80.0000042;3.094543E-05;80.0000000
377.000004053116;80.0000000;80.0000638;3.528957E-05;80.0000000
378.000020980835;80.0000000;80.0001234;6.084527E-05;80.0000000
379.000008106232;80.0000000;80.0001234;2.37141E-05;80.0000000
380.000025033951;80.0000000;80.0001234;9.242435E-06;80.0000000
381.000012159348;80.0000000;80.0000639;-1.95876E-05;80.0000000
382.000029087067;80.0000000;80.0000043;-3.376651E-05;80.0000000
383.000016212463;80.0000000;79.9999447;-4.451626E-05;80.0000000
384.00000333786;80.0000000;80.0000042;5.839831E-06;80.0000000
385.000020265579;80.0000000;80.0000638;2.550481E-05;80.0000000
386.000007390976;80.0000000;80.0000638;9.940353E-06;80.0000000
387.000024318695;80.0000000;80.0000638;3.874196E-06;80.0000000
388.000011444092;80.0000000;80.0000043;-4.55024E-05;80.0000000
389.000028371811;80.0000000;79.9999447;-5.080807E-05;80.0000000
390.000015497208;80.0000000;79.9998851;-7.277993E-05;80.0000000
391.000032424927;80.0000000;79.9999446;2.452332E-05;80.0000000
392.000019550323;80.0000000;80.0000638;9.974359E-05;80.0000000
393.00000667572;80.0000000;80.0000638;3.88745E-05;80.0000000
394.000023603439;80.0000000;80.0000638;1.515111E-05;80.0000000
395.000010728836;80.0000000;80.0000043;-4.698383E-05;80.0000000
396.000027656555;80.0000000;79.9999447;-6.540304E-05;80.0000000
397.000014781952;80.0000000;79.9999447;-2.549047E-05;80.0000000
398.000031709671;80.0000000;80.0000042;1.325503E-05;80.0000000
399.000018835068;80.0000000;80.0000042;5.166071E-06;80.0000000
400.000005960464;80.0000000;80.0000638;2.524221E-05;80.0000000
401.000022888184;80.0000000;80.0000638;9.838009E-06;80.0000000
402.00001001358;80.0000000;80.0000043;-2.551527E-05;80.0000000
403.000026941299;80.0000000;79.9999447;-4.715242E-05;80.0000000
404.000014066696;80.0000000;80.0000042;4.812401E-06;80.0000000
405.000030994415;80.0000000;80.0000042;1.875606E-06;80.0000000
406.000018119812;80.0000000;80.0000042;7.310068E-07;80.0000000
407.000005245209;80.0000000;80.0000042;2.849058E-07;80.0000000
408.000022172928;80.0000000;80.0000042;1.110404E-07;80.0000000
409.000009298325;80.0000000;79.9999447;-3.2975E-05;80.0000000
410.000026226044;80.0000000;79.9999447;-1.285182E-05;80.0000000
411.00001335144;80.0000000;79.9999447;-5.008924E-06;80.0000000
412.00003027916;80.0000000;79.9999447;-1.9522E-06;80.0000000
413.000017404556;80.0000000;80.0000042;3.63847E-05;80.0000000
414.000034332275;80.0000000;80.0000042;1.418073E-05;80.0000000
415.000021457672;80.0000000;80.0000042;2.318963E-05;80.0000000
416.000008583069;80.0000000;80.0000042;9.038027E-06;80.0000000
417.000025510788;80.0000000;80.0000042;3.52252E-06;80.0000000
418.000012636185;80.0000000;80.0000042;1.372882E-06;80.0000000
419.000029563904;80.0000000;80.0000042;5.350732E-07;80.0000000
420.000016689301;80.0000000;80.0000042;2.085418E-07;80.0000000
421.00003361702;80.0000000;79.9999447;-3.293699E-05;80.0000000
422.000020742416;80.0000000;79.9999447;-1.283701E-05;80.0000000
423.000007867813;80.0000000;80.0000042;2.434643E-05;80.0000000
424.000024795532;80.0000000;80.0000638;4.256265E-05;80.0000000
425.000011920929;80.0000000;80.0000638;1.658855E-05;80.0000000
426.000028848648;80.0000000;79.9999447;-7.777162E-05;80.0000000
427.000015974045;80.0000000;79.9999447;-3.031105E-05;80.0000000
428.000032901764;80.0000000;79.9999447;-1.181356E-05;80.0000000
429.000020027161;80.0000000;79.9999447;-4.604268E-06;80.0000000
430.000007152557;80.0000000;80.0000042;3.999427E-05;80.0000000
431.000024080276;80.0000000;80.0000638;4.866131E-05;80.0000000
432.000011205673;80.0000000;80.0001234;6.082445E-05;80.0000000
433.000028133392;80.0000000;80.0000639;-2.918291E-05;80.0000000
434.000015258789;80.0000000;79.9999447;-0.0001003242;80.0000000
435.000032186508;80.0000000;79.9998851;-8.619215E-05;80.0000000
436.000019311905;80.0000000;79.9999446;3.552655E-06;80.0000000
437.000006437302;80.0000000;80.0000638;8.568398E-05;80.0000000
438.000023365021;80.0000000;80.0001234;8.637262E-05;80.0000000
439.000010490417;80.0000000;80.0000639;-8.125517E-06;80.0000000
440.000027418137;80.0000000;79.9999447;-8.921842E-05;80.0000000
441.000014543533;80.0000000;79.9999447;-3.477237E-05;80.0000000
442.000031471252;80.0000000;80.0000042;3.469336E-05;80.0000000
443.000018596649;80.0000000;80.0000042;1.352154E-05;80.0000000
444.000035524368;80.0000000;80.0000638;5.824772E-05;80.0000000
445.000022649765;80.0000000;80.0000638;2.270172E-05;80.0000000
446.000009775162;80.0000000;80.0000043;-2.829769E-05;80.0000000
447.000026702881;80.0000000;80.0000043;-1.102886E-05;80.0000000
448.000013828278;80.0000000;80.0000638;4.859045E-05;80.0000000
449.000030755997;80.0000000;80.0000638;1.893786E-05;80.0000000
450.000017881393;80.0000000;80.0000638;7.380922E-06;80.0000000
451.000034809113;80.0000000;80.0000638;2.876673E-06;80.0000000
452.000021934509;80.0000000;79.9999447;-7.845597E-05;80.0000000
453.000009059906;80.0000000;79.9999447;-3.057777E-05;80.0000000
454.000025987625;80.0000000;80.0000042;1.743206E-05;80.0000000
455.000013113022;80.0000000;80.0000638;3.29264E-05;80.0000000
456.000030040741;80.0000000;80.0000043;-4.005602E-05;80.0000000
457.000017166138;80.0000000;79.9999447;-4.868537E-05;80.0000000
458.000034093857;80.0000000;79.9999447;-1.897485E-05;80.0000000
459.000021219254;80.0000000;79.9999447;-1.203854E-05;80.0000000
460.00000834465;80.0000000;80.0000042;2.139656E-05;80.0000000
461.000025272369;80.0000000;80.0000042;8.33919E-06;80.0000000
462.000012397766;80.0000000;79.9999447;-3.389541E-05;80.0000000
463.000029325485;80.0000000;79.9999447;-1.321054E-05;80.0000000
464.000016450882;80.0000000;80.0000042;3.199682E-05;80.0000000
465.000033378601;80.0000000;80.0000042;1.711378E-05;80.0000000
466.000020503998;80.0000000;80.0000042;6.669997E-06;80.0000000
467.000007629395;80.0000000;80.0000042;2.599594E-06;80.0000000
468.000024557114;80.0000000;79.9999447;-2.507533E-05;80.0000000
469.00001168251;80.0000000;79.9999447;-9.77297E-06;80.0000000
470.000028610229;80.0000000;80.0000638;5.167846E-05;80.0000000
471.000015735626;80.0000000;80.0000043;-9.208193E-06;80.0000000
472.000032663345;80.0000000;80.0000043;-3.588841E-06;80.0000000
473.000019788742;80.0000000;79.9999447;-2.753109E-05;80.0000000
474.000036716461;80.0000000;79.9999447;-1.073009E-05;80.0000000
475.000023841858;80.0000000;80.0000042;2.883629E-05;80.0000000
476.000010967255;80.0000000;80.0000638;4.431255E-05;80.0000000
477.000027894974;80.0000000;80.0000043;-1.987499E-05;80.0000000
478.00001502037;80.0000000;79.9999447;-4.495415E-05;80.0000000
479.00003194809;80.0000000;79.9999447;-1.752063E-05;80.0000000
480.000019073486;80.0000000;79.9999447;-6.828566E-06;80.0000000
481.000036001205;80.0000000;79.9999447;-2.661395E-06;80.0000000
482.000023126602;80.0000000;79.9999447;-2.090788E-05;80.0000000
483.000010251999;80.0000000;79.9999447;-2.058791E-05;80.0000000
484.000027179718;80.0000000;79.9999447;-8.024021E-06;80.0000000
485.000014305115;80.0000000;80.0000042;2.006247E-05;80.0000000
486.000031232834;80.0000000;79.9999447;-2.932633E-05;80.0000000
487.000018358231;80.0000000;79.9999447;-1.142977E-05;80.0000000
488.00003528595;80.0000000;79.9999447;-4.454688E-06;80.0000000
489.000022411346;80.0000000;80.0000042;5.11527E-05;80.0000000
490.000009536743;80.0000000;80.0000042;2.406376E-05;80.0000000
491.000026464462;80.0000000;80.0000042;9.378716E-06;80.0000000
492.000013589859;80.0000000;80.0000042;7.782586E-06;80.0000000
493.000030517578;80.0000000;79.9999447;-2.015657E-05;80.0000000
494.000017642975;80.0000000;80.0000042;1.533388E-05;80.0000000
495.000034570694;80.0000000;80.0000042;5.976292E-06;80.0000000
496.000021696091;80.0000000;80.0000042;2.329226E-06;80.0000000
497.000008821487;80.0000000;80.0000042;9.078028E-07;80.0000000
498.000025749207;80.0000000;79.9999447;-3.679175E-05;80.0000000
499.000012874603;80.0000000;79.9999447;-1.433938E-05;80.0000000
500;80.0000000;80.0000042;3.620006E-05;80.0000000
501.000046730042;80.0000000;80.0000042;1.410877E-05;80.0000000
502.000033855438;80.0000000;80.0000042;5.498814E-06;80.0000000
503.000020980835;80.0000000;79.9999447;-3.087514E-05;80.0000000
504.000008106232;80.0000000;79.9999447;-1.203341E-05;80.0000000
504.999995231628;80.0000000;79.9999447;-4.689954E-06;80.0000000
506.00004196167;80.0000000;79.9999447;-1.827883E-06;80.0000000
507.000029087067;80.0000000;80.0000042;2.247738E-05;80.0000000
508.000016212463;80.0000000;79.9999447;-3.302832E-05;80.0000000
509.00000333786;80.0000000;80.0000042;2.891615E-05;80.0000000
510.000050067902;80.0000000;80.0000042;1.126991E-05;80.0000000
511.000037193298;80.0000000;80.0000042;4.392382E-06;80.0000000
512.000024318695;80.0000000;79.9999447;-3.130637E-05;80.0000000
513.000011444092;80.0000000;79.9999447;-1.510021E-05;80.0000000
513.999998569489;80.0000000;80.0000042;1.730457E-05;80.0000000
515.00004529953;80.0000000;80.0000042;6.74436E-06;80.0000000
516.000032424927;80.0000000;79.9999447;-5.026031E-05;80.0000000
517.000019550323;80.0000000;79.9999447;-1.958867E-05;80.0000000
518.00000667572;80.0000000;79.9999447;-7.634574E-06;80.0000000
519.000053405762;80.0000000;80.0000042;4.403682E-05;80.0000000
520.000040531158;80.0000000;80.0000042;1.71631E-05;80.0000000
521.000027656555;80.0000000;80.0000638;2.991798E-05;80.0000000
522.000014781952;80.0000000;80.0000638;1.166036E-05;80.0000000
523.000001907349;80.0000000;80.0000638;4.544561E-06;80.0000000
524.00004863739;80.0000000;80.0000043;-2.431729E-05;80.0000000
525.000035762787;80.0000000;79.9999447;-3.927858E-05;80.0000000
526.000022888184;80.0000000;79.9999447;-1.53086E-05;80.0000000
527.00001001358;80.0000000;80.0000042;2.338314E-05;80.0000000
527.999997138977;80.0000000;80.0000638;3.234221E-05;80.0000000
529.000043869019;80.0000000;80.0000639;-5.954802E-06;80.0000000
530.000030994415;80.0000000;80.0000043;-4.941221E-05;80.0000000
531.000018119812;80.0000000;79.9999447;-5.233189E-05;80.0000000
532.000005245209;80.0000000;79.9999447;-2.039606E-05;80.0000000
533.00005197525;80.0000000;80.0000042;2.506902E-05;80.0000000
534.000039100647;80.0000000;80.0000042;9.77051E-06;80.0000000
535.000026226044;80.0000000;80.0000638;2.994035E-05;80.0000000
536.00001335144;80.0000000;80.0000043;-2.547648E-05;80.0000000
537.000000476837;80.0000000;79.9999447;-4.300308E-05;80.0000000
538.000047206879;80.0000000;79.9999447;-1.67602E-05;80.0000000
539.000034332275;80.0000000;80.0000042;2.281738E-05;80.0000000
540.000021457672;80.0000000;80.0000042;8.892945E-06;80.0000000
541.000008583069;80.0000000;80.0000042;3.465975E-06;80.0000000
542.00005531311;80.0000000;80.0000042;1.350844E-06;80.0000000
543.000042438507;80.0000000;80.0000638;2.665884E-05;80.0000000
544.000029563904;80.0000000;80.0000638;1.039013E-05;80.0000000
545.000016689301;80.0000000;80.0000043;-1.914029E-05;80.0000000
546.000003814697;80.0000000;80.0000043;-7.459821E-06;80.0000000
547.000050544739;80.0000000;80.0000043;-2.907423E-06;80.0000000
548.000037670135;80.0000000;80.0000043;-1.133152E-06;80.0000000
549.000024795532;80.0000000;80.0000638;2.890794E-05;80.0000000
550.000011920929;80.0000000;80.0001234;4.84747E-05;80.0000000
550.999999046326;80.0000000;80.0000639;-2.289602E-05;80.0000000
552.000045776367;80.0000000;79.9999447;-8.541386E-05;80.0000000
553.000032901764;80.0000000;79.9999447;-3.328957E-05;80.0000000
554.000020027161;80.0000000;80.0000042;3.991447E-05;80.0000000
555.000007152557;80.0000000;80.0000042;1.555644E-05;80.0000000
556.000053882599;80.0000000;80.0000638;2.92918E-05;80.0000000
557.000041007996;80.0000000;80.0000638;1.141631E-05;80.0000000
558.000028133392;80.0000000;80.0000638;4.449443E-06;80.0000000
559.000015258789;80.0000000;80.0000043;-4.52782E-05;80.0000000
560.000002384186;80.0000000;79.9999447;-4.704583E-05;80.0000000
561.000049114227;80.0000000;80.0000042;3.455304E-05;80.0000000
562.000036239624;80.0000000;80.0000042;1.346685E-05;80.0000000
563.000023365021;80.0000000;80.0000042;1.112517E-05;80.0000000
564.000010490417;80.0000000;80.0000042;4.335973E-06;80.0000000
564.999997615814;80.0000000;80.0000042;1.689921E-06;80.0000000
566.000044345856;80.0000000;79.9999447;-3.648692E-05;80.0000000
567.000031471252;80.0000000;79.9999447;-1.422057E-05;80.0000000
568.000018596649;80.0000000;79.9999447;-5.542387E-06;80.0000000
569.000005722046;80.0000000;80.0000638;7.400745E-05;80.0000000
570.000052452087;80.0000000;80.0000638;2.884398E-05;80.0000000
571.000039577484;80.0000000;80.0000043;-2.177649E-05;80.0000000
572.000026702881;80.0000000;79.9999447;-3.461962E-05;80.0000000
573.000013828278;80.0000000;79.9999447;-1.34928E-05;80.0000000
574.000000953674;80.0000000;80.0000042;4.175361E-05;80.0000000
575.000047683716;80.0000000;80.0000638;5.813222E-05;80.0000000
576.000034809113;80.0000000;80.0000638;2.26567E-05;80.0000000
577.000021934509;80.0000000;80.0000638;8.830321E-06;80.0000000
578.000009059906;80.0000000;79.9999447;-7.562472E-05;80.0000000
579.000055789948;80.0000000;79.9999447;-2.94743E-05;80.0000000
580.000042915344;80.0000000;80.0000042;1.170235E-05;80.0000000
581.000030040741;80.0000000;80.0000043;-1.984234E-08;80.0000000
582.000017166138;80.0000000;80.0000043;-7.733442E-09;80.0000000
583.000004291534;80.0000000;80.0000638;3.714254E-05;80.0000000
584.000051021576;80.0000000;80.0000043;-1.487348E-05;80.0000000
585.000038146973;80.0000000;80.0000042;5.216344E-06;80.0000000
586.000025272369;80.0000000;80.0000638;5.501082E-05;80.0000000
587.000012397766;80.0000000;80.0001234;6.329913E-05;80.0000000
587.999999523163;80.0000000;80.0001234;2.467048E-05;80.0000000
589.000046253204;80.0000000;80.0000639;-3.217357E-05;80.0000000
590.000033378601;80.0000000;79.9999447;-7.297622E-05;80.0000000
591.000020503998;80.0000000;79.9999447;-2.844207E-05;80.0000000
592.000007629395;80.0000000;80.0000042;4.180375E-05;80.0000000
593.000054359436;80.0000000;80.0000638;4.569168E-05;80.0000000
594.000041484833;80.0000000;80.0000638;1.780807E-05;80.0000000
595.000028610229;80.0000000;80.0000638;6.940596E-06;80.0000000
596.000015735626;80.0000000;80.0000638;2.705058E-06;80.0000000
597.000002861023;80.0000000;80.0000638;7.984043E-06;80.0000000
598.000049591064;80.0000000;80.0000638;3.111735E-06;80.0000000
599.000036716461;80.0000000;80.0000638;1.212781E-06;80.0000000
600.000023841858;80.0000000;80.0000638;4.726747E-07;80.0000000
601.000010967255;80.0000000;80.0000638;1.842223E-07;80.0000000
602.000057697296;80.0000000;80.0000043;-2.927778E-05;80.0000000
603.000044822693;80.0000000;80.0000043;-1.141085E-05;80.0000000
604.00003194809;80.0000000;80.0000042;1.643268E-05;80.0000000
605.000019073486;80.0000000;80.0000042;6.404542E-06;80.0000000
606.000006198883;80.0000000;80.0000042;6.62342E-06;80.0000000
607.000052928925;80.0000000;79.9999447;-3.043683E-05;80.0000000
608.000040054321;80.0000000;80.0000042;2.528298E-05;80.0000000
609.000027179718;80.0000000;80.0000638;6.283168E-05;80.0000000
610.000014305115;80.0000000;80.0000638;2.448829E-05;80.0000000
611.000001430511;80.0000000;80.0000043;-1.98054E-05;80.0000000
612.000048160553;80.0000000;79.9999447;-3.38514E-05;80.0000000
613.00003528595;80.0000000;79.9999447;-1.319339E-05;80.0000000
614.000022411346;80.0000000;79.9999447;-5.142051E-06;80.0000000
615.000009536743;80.0000000;80.0000042;2.734549E-05;80.0000000
616.000056266785;80.0000000;80.0000042;1.065775E-05;80.0000000
617.000043392181;80.0000000;80.0000042;4.153798E-06;80.0000000
618.000030517578;80.0000000;80.0000042;1.618919E-06;80.0000000
619.000017642975;80.0000000;80.0000042;1.462503E-05;80.0000000
620.000004768372;80.0000000;80.0000042;5.700023E-06;80.0000000
621.000051498413;80.0000000;79.9999447;-5.066734E-05;80.0000000
622.00003862381;80.0000000;80.0000042;9.60227E-06;80.0000000
623.000025749207;80.0000000;80.0000638;4.095042E-05;80.0000000
624.000012874603;80.0000000;80.0000638;1.59602E-05;80.0000000
625;80.0000000;80.0000043;-3.092516E-05;80.0000000
626.000046730042;80.0000000;80.0000043;-1.205291E-05;80.0000000
627.000033855438;80.0000000;80.0000043;-4.697553E-06;80.0000000
628.000020980835;80.0000000;80.0000042;2.749922E-06;80.0000000
629.000008106232;80.0000000;79.9999447;-4.071699E-05;80.0000000
630.000054836273;80.0000000;79.9999447;-1.586921E-05;80.0000000
631.00004196167;80.0000000;80.0000042;2.316464E-05;80.0000000
632.000029087067;80.0000000;80.0000638;3.516064E-05;80.0000000
633.000016212463;80.0000000;80.0000638;1.370366E-05;80.0000000
634.00000333786;80.0000000;80.0000043;-2.767735E-05;80.0000000
635.000050067902;80.0000000;79.9999447;-3.691945E-05;80.0000000
636.000037193298;80.0000000;80.0000042;2.275641E-05;80.0000000
637.000024318695;80.0000000;80.0000042;8.869181E-06;80.0000000
638.000011444092;80.0000000;80.0000042;3.456713E-06;80.0000000
639.000058174133;80.0000000;80.0000042;1.347234E-06;80.0000000
640.00004529953;80.0000000;80.0000042;5.25077E-07;80.0000000
641.000032424927;80.0000000;80.0000042;2.046458E-07;80.0000000
642.000019550323;80.0000000;80.0000638;2.947866E-05;80.0000000
643.00000667572;80.0000000;80.0000638;2.025962E-05;80.0000000
644.000053405762;80.0000000;80.0000638;7.896072E-06;80.0000000
645.000040531158;80.0000000;80.0000043;-4.39349E-05;80.0000000
646.000027656555;80.0000000;80.0000043;-1.712338E-05;80.0000000
647.000014781952;80.0000000;80.0000043;-6.67374E-06;80.0000000
648.000001907349;80.0000000;80.0000638;2.348746E-05;80.0000000
649.00004863739;80.0000000;80.0000638;9.154104E-06;80.0000000
650.000035762787;80.0000000;80.0000043;-2.945051E-05;80.0000000
651.000022888184;80.0000000;79.9999447;-3.470693E-05;80.0000000
652.00001001358;80.0000000;80.0000042;1.256168E-05;80.0000000
653.000056743622;80.0000000;80.0000638;3.10282E-05;80.0000000
654.000043869019;80.0000000;80.0000638;1.209307E-05;80.0000000
655.000030994415;80.0000000;80.0001234;5.769098E-05;80.0000000
656.000018119812;80.0000000;80.0000639;-1.053354E-05;80.0000000
657.000005245209;80.0000000;80.0000639;-4.105388E-06;80.0000000
658.00005197525;80.0000000;80.0000043;-4.869141E-05;80.0000000
659.000039100647;80.0000000;80.0000043;-1.89772E-05;80.0000000
660.000026226044;80.0000000;80.0000638;4.549263E-05;80.0000000
661.00001335144;80.0000000;80.0000638;1.77305E-05;80.0000000
662.000060081482;80.0000000;80.0000043;-3.02352E-05;80.0000000
663.000047206879;80.0000000;79.9999447;-5.887535E-05;80.0000000
664.000034332275;80.0000000;79.9999447;-2.294633E-05;80.0000000
665.000021457672;80.0000000;80.0000042;1.714531E-05;80.0000000
666.000008583069;80.0000000;80.0000042;6.682286E-06;80.0000000
667.00005531311;80.0000000;80.0000042;2.604383E-06;80.0000000
668.000042438507;80.0000000;79.9999447;-2.507347E-05;80.0000000
669.000029563904;80.0000000;79.9999447;-9.772244E-06;80.0000000
670.000016689301;80.0000000;79.9999447;-3.808677E-06;80.0000000
671.000003814697;80.0000000;80.0000638;7.169546E-05;80.0000000
672.000050544739;80.0000000;80.0000638;2.79429E-05;80.0000000
673.000037670135;80.0000000;80.0000638;1.089059E-05;80.0000000
674.000024795532;80.0000000;79.9999447;-4.797633E-05;80.0000000
675.000011920929;80.0000000;79.9998851;-7.167628E-05;80.0000000
676.00005865097;80.0000000;79.9998851;-2.793542E-05;80.0000000
677.000045776367;80.0000000;80.0000042;7.510838E-05;80.0000000
678.000032901764;80.0000000;80.0000043;2.347553E-05;80.0000000
679.000020027161;80.0000000;80.0000638;3.523797E-05;80.0000000
680.000007152557;80.0000000;80.0000043;-1.928447E-05;80.0000000
681.000053882599;80.0000000;79.9999447;-3.074478E-05;80.0000000
682.000041007996;80.0000000;79.9999447;-1.19826E-05;80.0000000
683.000028133392;80.0000000;79.9999447;-4.670152E-06;80.0000000
684.000015258789;80.0000000;79.9999447;-1.820165E-06;80.0000000
685.000061988831;80.0000000;79.9999447;-7.093992E-07;80.0000000
686.000049114227;80.0000000;79.9999447;-2.764843E-07;80.0000000
687.000036239624;80.0000000;79.9999447;-1.077582E-07;80.0000000
688.000023365021;80.0000000;79.9999447;-4.199815E-08;80.0000000
689.000010490417;80.0000000;79.9999447;-1.636854E-08;80.0000000
690.000057220459;80.0000000;79.9999447;-6.379545E-09;80.0000000
691.000044345856;80.0000000;80.0000042;3.714307E-05;80.0000000
692.000031471252;80.0000000;79.9999447;-3.841259E-05;80.0000000
693.000018596649;80.0000000;79.9999447;-2.602813E-05;80.0000000
694.000005722046;80.0000000;79.9999447;-1.014432E-05;80.0000000
695.000052452087;80.0000000;79.9999447;-3.95369E-06;80.0000000
696.000039577484;80.0000000;79.9999447;-1.540928E-06;80.0000000
697.000026702881;80.0000000;79.9999447;-1.582798E-05;80.0000000
698.000013828278;80.0000000;80.0000042;1.702092E-05;80.0000000
699.000060558319;80.0000000;80.0000042;6.633808E-06;80.0000000
700.000047683716;80.0000000;79.9999447;-2.06043E-05;80.0000000
701.000034809113;80.0000000;79.9999447;-8.03041E-06;80.0000000
702.000021934509;80.0000000;79.9999447;-3.129807E-06;80.0000000
703.000009059906;80.0000000;80.0000042;4.056893E-05;80.0000000
704.000055789948;80.0000000;80.0000042;1.581151E-05;80.0000000
705.000042915344;80.0000000;80.0000042;1.599093E-05;80.0000000
706.000030040741;80.0000000;80.0000042;6.232376E-06;80.0000000
707.000017166138;80.0000000;80.0000042;2.335286E-05;80.0000000
708.000004291534;80.0000000;80.0000042;9.101647E-06;80.0000000
709.000051021576;80.0000000;80.0000042;3.547316E-06;80.0000000
710.000038146973;80.0000000;80.0000042;1.382546E-06;80.0000000
711.000025272369;80.0000000;80.0000042;7.468598E-06;80.0000000
712.000012397766;80.0000000;80.0000042;2.910844E-06;80.0000000
713.000059127808;80.0000000;80.0000042;1.134485E-06;80.0000000
714.000046253204;80.0000000;80.0000042;4.42159E-07;80.0000000
715.000033378601;80.0000000;80.0000638;2.630469E-05;80.0000000
716.000020503998;80.0000000;80.0000638;1.02521E-05;80.0000000
717.000007629395;80.0000000;79.9999447;-6.918417E-05;80.0000000
718.000054359436;80.0000000;79.9999447;-2.696414E-05;80.0000000
719.000041484833;80.0000000;79.9999447;-1.050912E-05;80.0000000
720.000028610229;80.0000000;80.0000042;1.909392E-05;80.0000000
721.000015735626;80.0000000;80.0000042;7.441748E-06;80.0000000
722.000062465668;80.0000000;80.0000638;2.903274E-05;80.0000000
723.000049591064;80.0000000;80.0000043;-1.803423E-05;80.0000000
724.000036716461;80.0000000;80.0000043;-7.02874E-06;80.0000000
725.000023841858;80.0000000;80.0000043;-2.739412E-06;80.0000000
726.000010967255;80.0000000;80.0000043;-1.06767E-06;80.0000000
727.000057697296;80.0000000;80.0000043;-4.161185E-07;80.0000000
728.000044822693;80.0000000;80.0000043;-1.621798E-07;80.0000000
729.00003194809;80.0000000;80.0000043;-6.320866E-08;80.0000000
730.000019073486;80.0000000;80.0000043;-2.463522E-08;80.0000000
731.000006198883;80.0000000;80.0000638;2.318019E-05;80.0000000
732.000052928925;80.0000000;80.0000043;-2.398392E-05;80.0000000
733.000040054321;80.0000000;79.9999447;-3.87465E-05;80.0000000
734.000027179718;80.0000000;79.9999447;-1.510123E-05;80.0000000
735.000014305115;80.0000000;79.9999447;-5.885619E-06;80.0000000
736.000061035156;80.0000000;79.9999447;-5.554952E-06;80.0000000
737.000048160553;80.0000000;80.0000638;6.811613E-05;80.0000000
738.00003528595;80.0000000;80.0000638;2.654788E-05;80.0000000
739.000022411346;80.0000000;79.9999447;-5.760061E-05;80.0000000
740.000009536743;80.0000000;79.9999447;-2.244951E-05;80.0000000
741.000056266785;80.0000000;80.0000042;4.413932E-05;80.0000000
742.000043392181;80.0000000;80.0000042;1.720305E-05;80.0000000
743.000030517578;80.0000000;80.0000042;6.70479E-06;80.0000000
744.000017642975;80.0000000;79.9999447;-2.347536E-05;80.0000000
745.000064373016;80.0000000;79.9999447;-9.149389E-06;80.0000000
746.000051498413;80.0000000;79.9999447;-3.565923E-06;80.0000000
747.00003862381;80.0000000;80.0000638;7.477777E-05;80.0000000
748.000025749207;80.0000000;80.0000638;2.914421E-05;80.0000000
749.000012874603;80.0000000;80.0001234;3.458756E-05;80.0000000
750.000059604645;80.0000000;80.0000043;-6.884705E-05;80.0000000
751.000046730042;80.0000000;79.9999447;-5.296511E-05;80.0000000
752.000033855438;80.0000000;79.9998851;-4.677521E-05;80.0000000
753.000020980835;80.0000000;79.9999446;2.355838E-05;80.0000000
754.000008106232;80.0000000;80.0000638;9.523329E-05;80.0000000
755.000054836273;80.0000000;80.0000638;3.711664E-05;80.0000000
756.00004196167;80.0000000;80.0000638;1.4466E-05;80.0000000
757.000029087067;80.0000000;80.0000043;-3.150752E-05;80.0000000
758.000016212463;80.0000000;79.9999447;-4.167878E-05;80.0000000
759.000062942505;80.0000000;80.0000042;2.554468E-05;80.0000000
760.000050067902;80.0000000;80.0000042;9.955897E-06;80.0000000
761.000037193298;80.0000000;80.0000638;3.327916E-05;80.0000000
762.000024318695;80.0000000;80.0000638;1.297036E-05;80.0000000
763.000011444092;80.0000000;80.0000043;-4.783376E-05;80.0000000
764.000058174133;80.0000000;80.0000043;-1.864294E-05;80.0000000
765.00004529953;80.0000000;79.9999447;-4.912497E-05;80.0000000
766.000032424927;80.0000000;79.9999447;-1.914618E-05;80.0000000
767.000019550323;80.0000000;80.0000042;3.432664E-05;80.0000000
768.00000667572;80.0000000;80.0000638;3.951097E-05;80.0000000
769.000053405762;80.0000000;80.0001234;4.479808E-05;80.0000000
770.000040531158;80.0000000;80.0000043;-7.142031E-05;80.0000000
771.000027656555;80.0000000;79.9999447;-6.969464E-05;80.0000000
772.000014781952;80.0000000;79.9999447;-2.716309E-05;80.0000000
773.000061511993;80.0000000;79.9999447;-1.058666E-05;80.0000000
774.00004863739;80.0000000;80.0000042;2.522349E-05;80.0000000
775.000035762787;80.0000000;80.0000638;4.290448E-05;80.0000000
776.000022888184;80.0000000;80.0000043;-6.46801E-06;80.0000000
777.00001001358;80.0000000;80.0000043;-2.520871E-06;80.0000000
778.000056743622;80.0000000;79.9999447;-4.284148E-05;80.0000000
779.000043869019;80.0000000;80.0000042;1.632105E-05;80.0000000
780.000030994415;80.0000000;80.0000042;1.741808E-05;80.0000000
781.000018119812;80.0000000;80.0000042;6.788599E-06;80.0000000
782.000064849854;80.0000000;79.9999447;-2.380503E-05;80.0000000
783.00005197525;80.0000000;79.9999447;-1.450147E-05;80.0000000
784.000039100647;80.0000000;79.9999447;-3.535097E-05;80.0000000
785.000026226044;80.0000000;80.0000042;1.924043E-05;80.0000000
786.00001335144;80.0000000;80.0000042;7.498851E-06;80.0000000
787.000060081482;80.0000000;79.9999447;-3.422292E-05;80.0000000
788.000047206879;80.0000000;79.9999447;-1.333819E-05;80.0000000
789.000034332275;80.0000000;79.9999447;-5.198484E-06;80.0000000
790.000021457672;80.0000000;79.9999447;-2.02608E-06;80.0000000
791.000008583069;80.0000000;79.9999447;-7.896531E-07;80.0000000
792.00005531311;80.0000000;80.0000042;2.578075E-05;80.0000000
793.000042438507;80.0000000;80.0000042;1.00479E-05;80.0000000
794.000029563904;80.0000000;79.9999447;-2.21724E-05;80.0000000
795.000016689301;80.0000000;79.9999447;-8.641568E-06;80.0000000
796.000063419342;80.0000000;79.9999447;-3.368002E-06;80.0000000
797.000050544739;80.0000000;80.0000042;3.58329E-05;80.0000000
798.000037670135;80.0000000;80.0000638;4.009802E-05;80.0000000
799.000024795532;80.0000000;80.0000638;1.562798E-05;80.0000000
800.000011920929;80.0000000;80.0000043;-1.709887E-05;80.0000000
801.00005865097;80.0000000;79.9999447;-3.279655E-05;80.0000000
802.000045776367;80.0000000;79.9999447;-1.278227E-05;80.0000000
803.000032901764;80.0000000;79.9999447;-4.981817E-06;80.0000000
804.000020027161;80.0000000;80.0000042;3.520392E-05;80.0000000
805.000066757202;80.0000000;80.0000638;4.311944E-05;80.0000000
806.000053882599;80.0000000;80.0000043;-3.020679E-05;80.0000000
807.000041007996;80.0000000;79.9999447;-4.898091E-05;80.0000000
808.000028133392;80.0000000;80.0000042;3.379886E-05;80.0000000
809.000015258789;80.0000000;80.0000042;1.317291E-05;80.0000000
810.000061988831;80.0000000;80.0000042;5.134069E-06;80.0000000
811.000049114227;80.0000000;80.0000042;2.000975E-06;80.0000000
812.000036239624;80.0000000;80.0000042;7.798686E-07;80.0000000
813.000023365021;80.0000000;80.0000042;3.039494E-07;80.0000000
814.000010490417;80.0000000;80.0000042;1.184625E-07;80.0000000
815.000057220459;80.0000000;80.0000042;4.617011E-08;80.0000000
816.000044345856;80.0000000;80.0000042;1.799454E-08;80.0000000
817.000031471252;80.0000000;79.9999447;-4.700533E-05;80.0000000
818.000018596649;80.0000000;80.0000042;2.346869E-05;80.0000000
819.000065326691;80.0000000;80.0000042;9.146787E-06;80.0000000
820.000052452087;80.0000000;80.0000042;3.564909E-06;80.0000000
821.000039577484;80.0000000;79.9999447;-3.575615E-05;80.0000000
822.000026702881;80.0000000;80.0000042;1.908252E-05;80.0000000
823.000013828278;80.0000000;79.9999447;-2.191227E-05;80.0000000
824.000060558319;80.0000000;80.0000042;1.464961E-05;80.0000000
825.000047683716;80.0000000;79.9999447;-1.748019E-05;80.0000000
826.000034809113;80.0000000;80.0000042;4.019954E-05;80.0000000
827.000021934509;80.0000000;80.0000042;1.566754E-05;80.0000000
828.000068664551;80.0000000;80.0000042;6.106336E-06;80.0000000
829.000055789948;80.0000000;80.0000042;2.37991E-06;80.0000000
830.000042915344;80.0000000;80.0000042;9.275565E-07;80.0000000
831.000030040741;80.0000000;80.0000042;3.615099E-07;80.0000000
832.000017166138;80.0000000;80.0000638;5.311867E-05;80.0000000
833.000063896179;80.0000000;80.0000638;2.07027E-05;80.0000000
834.000051021576;80.0000000;80.0000043;-1.512103E-05;80.0000000
835.000038146973;80.0000000;79.9999447;-5.298469E-05;80.0000000
836.000025272369;80.0000000;80.0000042;2.113827E-05;80.0000000
837.000012397766;80.0000000;80.0000042;8.23852E-06;80.0000000
838.000059127808;80.0000000;80.0000042;3.210917E-06;80.0000000
839.000046253204;80.0000000;80.0000042;1.251437E-06;80.0000000
840.000033378601;80.0000000;80.0000042;4.877404E-07;80.0000000
841.000020503998;80.0000000;79.9999447;-2.29997E-05;80.0000000
842.000067234039;80.0000000;80.0000042;2.405428E-05;80.0000000
843.000054359436;80.0000000;80.0000042;9.375018E-06;80.0000000
844.000041484833;80.0000000;80.0000042;3.65386E-06;80.0000000
845.000028610229;80.0000000;79.9999447;-3.572149E-05;80.0000000
846.000015735626;80.0000000;79.9999447;-1.392225E-05;80.0000000
847.000062465668;80.0000000;80.0000042;2.759216E-05;80.0000000
848.000049591064;80.0000000;80.0000638;6.373166E-05;80.0000000
849.000036716461;80.0000000;80.0000638;2.483905E-05;80.0000000
850.000023841858;80.0000000;80.0000638;9.680882E-06;80.0000000
851.000010967255;80.0000000;80.0000638;3.773069E-06;80.0000000
852.000057697296;80.0000000;80.0000043;-3.154774E-05;80.0000000
853.000044822693;80.0000000;79.9999447;-5.938691E-05;80.0000000
854.00003194809;80.0000000;80.0000042;2.386664E-05;80.0000000
855.000019073486;80.0000000;80.0000638;3.870079E-05;80.0000000
856.000065803528;80.0000000;80.0000638;1.508341E-05;80.0000000
857.000052928925;80.0000000;80.0000043;-3.126689E-05;80.0000000
858.000040054321;80.0000000;80.0000043;-1.218609E-05;80.0000000
859.000027179718;80.0000000;80.0000043;-4.74946E-06;80.0000000
860.000014305115;80.0000000;80.0000043;-1.851075E-06;80.0000000
861.000061035156;80.0000000;80.0000043;-7.214461E-07;80.0000000
862.000048160553;80.0000000;80.0000043;-2.811796E-07;80.0000000
863.00003528595;80.0000000;80.0000043;-1.095881E-07;80.0000000
864.000022411346;80.0000000;80.0000043;-1.114285E-05;80.0000000
865.000069141388;80.0000000;80.0000043;-4.342861E-06;80.0000000
866.000056266785;80.0000000;80.0000043;-1.692605E-06;80.0000000
867.000043392181;80.0000000;80.0000043;-6.596834E-07;80.0000000
868.000030517578;80.0000000;80.0000043;-2.571079E-07;80.0000000
869.000017642975;80.0000000;80.0000638;2.924937E-05;80.0000000
870.000064373016;80.0000000;80.0000043;-2.16185E-05;80.0000000
871.000051498413;80.0000000;79.9999447;-5.028467E-05;80.0000000
872.00003862381;80.0000000;79.9999447;-1.959816E-05;80.0000000
873.000025749207;80.0000000;80.0000042;2.950728E-05;80.0000000
874.000012874603;80.0000000;80.0000042;1.15003E-05;80.0000000
875.000059604645;80.0000000;80.0000043;-1.407781E-05;80.0000000
876.000046730042;80.0000000;80.0000042;4.317611E-06;80.0000000
877.000033855438;80.0000000;80.0000042;7.842555E-06;80.0000000
878.000020980835;80.0000000;80.0000042;1.288508E-05;80.0000000
879.000067710876;80.0000000;80.0000638;4.222987E-05;80.0000000
880.000054836273;80.0000000;80.0000638;1.645885E-05;80.0000000
881.00004196167;80.0000000;80.0000638;6.414746E-06;80.0000000
882.000029087067;80.0000000;79.9999447;-6.254866E-05;80.0000000
883.000016212463;80.0000000;79.9999447;-2.437799E-05;80.0000000
884.000062942505;80.0000000;80.0000042;3.228757E-05;80.0000000
885.000050067902;80.0000000;80.0000638;5.967526E-05;80.0000000
886.000037193298;80.0000000;80.0000638;2.325809E-05;80.0000000
887.000024318695;80.0000000;80.0000638;1.42883E-05;80.0000000
888.000071048737;80.0000000;80.0000638;1.144533E-05;80.0000000
889.000058174133;80.0000000;80.0000638;4.460752E-06;80.0000000
890.00004529953;80.0000000;80.0000638;1.738553E-06;80.0000000
891.000032424927;80.0000000;80.0000638;6.775911E-07;80.0000000
892.000019550323;80.0000000;80.0000638;2.640873E-07;80.0000000
893.000066280365;80.0000000;80.0000043;-3.704263E-05;80.0000000
894.000053405762;80.0000000;80.0000043;-1.443716E-05;80.0000000
895.000040531158;80.0000000;80.0000043;-5.6268E-06;80.0000000
896.000027656555;80.0000000;80.0000043;-2.193013E-06;80.0000000
897.000014781952;80.0000000;80.0000043;-8.547144E-07;80.0000000
898.000061511993;80.0000000;80.0000043;-3.331201E-07;80.0000000
899.00004863739;80.0000000;80.0000043;-3.798529E-06;80.0000000
900.000035762787;80.0000000;80.0000043;-1.480455E-06;80.0000000
901.000022888184;80.0000000;79.9999447;-4.243599E-05;80.0000000
902.000069618225;80.0000000;79.9999447;-1.653918E-05;80.0000000
903.000056743622;80.0000000;80.0000042;2.138693E-05;80.0000000
904.000043869019;80.0000000;80.0000042;8.335434E-06;80.0000000
905.000030994415;80.0000000;80.0000638;3.632246E-05;80.0000000
906.000018119812;80.0000000;80.0000043;-1.519311E-05;80.0000000
907.000064849854;80.0000000;80.0000043;-5.921426E-06;80.0000000
908.00005197525;80.0000000;80.0000043;-2.307842E-06;80.0000000
909.000039100647;80.0000000;80.0000043;-8.994684E-07;80.0000000
910.000026226044;80.0000000;80.0000638;2.573795E-05;80.0000000
911.000072956085;80.0000000;80.0000638;1.003122E-05;80.0000000
912.000060081482;80.0000000;79.9999447;-5.648816E-05;80.0000000
913.000047206879;80.0000000;80.0000042;2.499641E-05;80.0000000
914.000034332275;80.0000000;80.0000638;4.69502E-05;80.0000000
915.000021457672;80.0000000;80.0000638;1.829858E-05;80.0000000
916.000068187714;80.0000000;80.0000638;7.131766E-06;80.0000000
917.00005531311;80.0000000;80.0000043;-3.900919E-05;80.0000000
918.000042438507;80.0000000;79.9999447;-3.843238E-05;80.0000000
919.000029563904;80.0000000;79.9999447;-1.49788E-05;80.0000000
920.000016689301;80.0000000;80.0000042;3.130765E-05;80.0000000
921.000063419342;80.0000000;80.0000638;4.527574E-05;80.0000000
922.000050544739;80.0000000;80.0001234;4.377832E-05;80.0000000
923.000037670135;80.0000000;80.0000639;-6.127435E-06;80.0000000
924.000024795532;80.0000000;79.9999447;-6.747588E-05;80.0000000
925.000071525574;80.0000000;79.9999447;-2.629834E-05;80.0000000
926.00005865097;80.0000000;80.0000042;3.153912E-05;80.0000000
927.000045776367;80.0000000;80.0000638;3.552096E-05;80.0000000
928.000032901764;80.0000000;80.0001234;3.997645E-05;80.0000000
929.000020027161;80.0000000;80.0001234;1.55806E-05;80.0000000
930.000066757202;80.0000000;80.0000639;-3.107311E-05;80.0000000
931.000053882599;80.0000000;79.9999447;-6.841309E-05;80.0000000
932.000041007996;80.0000000;80.0000042;1.512514E-05;80.0000000
933.000028133392;80.0000000;80.0000638;5.887271E-05;80.0000000
934.000015258789;80.0000000;80.0000638;2.294531E-05;80.0000000
935.000061988831;80.0000000;79.9999447;-6.128346E-05;80.0000000
936.000049114227;80.0000000;79.9999447;-2.388488E-05;80.0000000
937.000036239624;80.0000000;80.0000042;3.770335E-05;80.0000000
938.000023365021;80.0000000;80.0000638;5.190265E-05;80.0000000
939.000070095062;80.0000000;80.0000638;2.022876E-05;80.0000000
940.000057220459;80.0000000;80.0000638;7.884045E-06;80.0000000
941.000044345856;80.0000000;80.0000638;3.072762E-06;80.0000000
942.000031471252;80.0000000;79.9999447;-7.524334E-05;80.0000000
943.000018596649;80.0000000;80.0000042;-6.135875E-06;80.0000000
944.000065326691;80.0000000;80.0000638;3.946756E-05;80.0000000
945.000052452087;80.0000000;80.0000638;1.538226E-05;80.0000000
946.000039577484;80.0000000;80.0000638;5.995148E-06;80.0000000
947.000026702881;80.0000000;80.0000638;2.336575E-06;80.0000000
948.000073432922;80.0000000;80.0000043;-3.623489E-05;80.0000000
949.000060558319;80.0000000;79.9999447;-4.02547E-05;80.0000000
950.000047683716;80.0000000;79.9999447;-1.568904E-05;80.0000000
951.000034809113;80.0000000;80.0000042;3.567403E-05;80.0000000
952.000021934509;80.0000000;80.0000042;1.390375E-05;80.0000000
953.000068664551;80.0000000;80.0000638;3.155127E-05;80.0000000
954.000055789948;80.0000000;80.0000638;1.229693E-05;80.0000000
955.000042915344;80.0000000;80.0000638;4.792658E-06;80.0000000
956.000030040741;80.0000000;79.9999447;-5.439564E-05;80.0000000
957.000017166138;80.0000000;79.9999447;-2.120039E-05;80.0000000
958.000063896179;80.0000000;80.0000042;3.352602E-05;80.0000000
959.000051021576;80.0000000;80.0000638;5.027456E-05;80.0000000
960.000038146973;80.0000000;80.0000638;1.959423E-05;80.0000000
961.000025272369;80.0000000;80.0000638;7.63674E-06;80.0000000
962.000072002411;80.0000000;79.9999447;-5.74214E-05;80.0000000
963.000059127808;80.0000000;79.9999447;-2.237967E-05;80.0000000
964.000046253204;80.0000000;80.0000042;2.429593E-05;80.0000000
965.000033378601;80.0000000;80.0000042;1.31379E-05;80.0000000
966.000020503998;80.0000000;80.0000042;5.120422E-06;80.0000000
967.000067234039;80.0000000;80.0000042;1.995655E-06;80.0000000
968.000054359436;80.0000000;80.0000042;4.905078E-06;80.0000000
969.000041484833;80.0000000;80.0000042;1.911726E-06;80.0000000
970.000028610229;80.0000000;80.0000638;4.783644E-05;80.0000000
971.000075340271;80.0000000;80.0000638;1.864398E-05;80.0000000
972.000062465668;80.0000000;80.0000638;7.266387E-06;80.0000000
973.000049591064;80.0000000;80.0000043;-3.895672E-05;80.0000000
974.000036716461;80.0000000;79.9999447;-4.458206E-05;80.0000000
975.000023841858;80.0000000;79.9999447;-1.737561E-05;80.0000000
976.000070571899;80.0000000;80.0000042;3.037351E-05;80.0000000
977.000057697296;80.0000000;80.0000042;1.18379E-05;80.0000000
978.000044822693;80.0000000;80.0000638;4.182175E-05;80.0000000
979.00003194809;80.0000000;80.0000043;-2.548896E-05;80.0000000
980.000019073486;80.0000000;79.9999447;-5.702554E-05;80.0000000
981.000065803528;80.0000000;79.9999447;-2.915514E-05;80.0000000
982.000052928925;80.0000000;79.9999447;-1.136305E-05;80.0000000
983.000040054321;80.0000000;79.9999447;-4.428684E-06;80.0000000
984.000027179718;80.0000000;80.0000042;4.00627E-05;80.0000000
985.00007390976;80.0000000;80.0000042;1.561421E-05;80.0000000
986.000061035156;80.0000000;80.0000042;6.08555E-06;80.0000000
987.000048160553;80.0000000;80.0000042;5.270531E-06;80.0000000
988.00003528595;80.0000000;79.9999447;-2.729542E-05;80.0000000
989.000022411346;80.0000000;80.0000042;2.238004E-05;80.0000000
990.000069141388;80.0000000;80.0000042;8.722494E-06;80.0000000
991.000056266785;80.0000000;79.9999447;-2.268897E-05;80.0000000
992.000043392181;80.0000000;80.0000042;2.830266E-05;80.0000000
993.000030517578;80.0000000;80.0000042;1.10308E-05;80.0000000
994.000017642975;80.0000000;80.0000042;4.299193E-06;80.0000000
995.000064373016;80.0000000;79.9999447;-4.011317E-05;80.0000000
996.000051498413;80.0000000;80.0000042;3.725501E-05;80.0000000
997.00003862381;80.0000000;79.9999447;-1.156858E-05;80.0000000
998.000025749207;80.0000000;80.0000042;2.850948E-05;80.0000000
999.000072479248;80.0000000;80.0000638;6.408919E-05;80.0000000
1000;80.0000000;80.0000638;2.49784E-05;80.0000000
1001.00004673004;80.0000000;80.0000638;9.735189E-06;80.0000000
1002.00009346008;80.0000000;80.0000043;-3.335132E-05;80.0000000
1003.00002098083;80.0000000;79.9999447;-4.239739E-05;80.0000000
1004.00006771088;80.0000000;79.9998851;-5.373213E-05;80.0000000
1004.99999523163;80.0000000;79.9998851;-2.09418E-05;80.0000000
1006.00004196167;80.0000000;80.0000638;8.534797E-05;80.0000000
1007.00008869171;80.0000000;80.0000638;3.326389E-05;80.0000000
1008.00001621246;80.0000000;80.0001234;3.909677E-05;80.0000000
1009.0000629425;80.0000000;80.0000639;-3.765114E-05;80.0000000
1009.99999046326;80.0000000;80.0000043;-4.774808E-05;80.0000000
1011.0000371933;80.0000000;80.0000043;-1.860954E-05;80.0000000
1012.00008392334;80.0000000;80.0000043;-7.252964E-06;80.0000000
1013.00001144409;80.0000000;80.0000043;-2.826802E-06;80.0000000
1014.00005817413;80.0000000;80.0000043;-1.10173E-06;80.0000000
1015.00010490417;80.0000000;80.0000638;3.258888E-05;80.0000000
1016.00003242493;80.0000000;80.0000638;1.270133E-05;80.0000000
1017.00007915497;80.0000000;80.0000638;4.950273E-06;80.0000000
1018.00000667572;80.0000000;79.9999447;-6.829692E-05;80.0000000
1019.00005340576;80.0000000;79.9999447;-2.661834E-05;80.0000000
1020.0001001358;80.0000000;79.9999447;-1.037435E-05;80.0000000
1021.00002765656;80.0000000;80.0000042;3.310222E-05;80.0000000
1022.0000743866;80.0000000;80.0000042;1.29014E-05;80.0000000
1023.00000190735;80.0000000;80.0000042;5.028248E-06;80.0000000
1024.00004863739;80.0000000;80.0000042;1.959731E-06;80.0000000
1025.00009536743;80.0000000;79.9999447;-4.102496E-05;80.0000000
1026.00002288818;80.0000000;79.9999447;-1.598925E-05;80.0000000
1027.00006961823;80.0000000;80.0000042;3.555703E-05;80.0000000
1027.99999713898;80.0000000;80.0000042;1.385815E-05;80.0000000
1029.00004386902;80.0000000;80.0000042;5.401136E-06;80.0000000
1030.00009059906;80.0000000;79.9999447;-5.078383E-05;80.0000000
1031.00001811981;80.0000000;79.9999447;-1.979271E-05;80.0000000
1032.00006484985;80.0000000;80.0000042;4.517479E-05;80.0000000
1032.99999237061;80.0000000;80.0000042;1.760662E-05;80.0000000
1034.00003910065;80.0000000;80.0000638;3.009084E-05;80.0000000
1035.00008583069;80.0000000;80.0000638;1.172773E-05;80.0000000
1036.00001335144;80.0000000;80.0000043;-3.721793E-05;80.0000000
1037.00006008148;80.0000000;79.9999447;-4.390438E-05;80.0000000
1038.00010681152;80.0000000;80.0000042;2.990087E-05;80.0000000
1039.00003433228;80.0000000;80.0000042;1.165369E-05;80.0000000
1040.00008106232;80.0000000;80.0000042;4.541962E-06;80.0000000
1041.00000858307;80.0000000;80.0000638;5.474798E-05;80.0000000
1042.00005531311;80.0000000;80.0000043;-1.168056E-05;80.0000000
1043.00010204315;80.0000000;79.9999447;-4.749298E-05;80.0000000
1044.0000295639;80.0000000;79.9999447;-1.851012E-05;80.0000000
1045.00007629395;80.0000000;79.9999447;-7.214216E-06;80.0000000
1046.0000038147;80.0000000;80.0000042;3.020657E-05;80.0000000
1047.00005054474;80.0000000;80.0000042;1.177284E-05;80.0000000
1048.00009727478;80.0000000;80.0000042;4.588399E-06;80.0000000
1049.00002479553;80.0000000;80.0000042;1.788302E-06;80.0000000
1050.00007152557;80.0000000;80.0000043;-1.169287E-05;80.0000000
1050.99999904633;80.0000000;80.0000043;-4.557231E-06;80.0000000
1052.00004577637;80.0000000;80.0000043;-1.776155E-06;80.0000000
1053.00009250641;80.0000000;79.9999447;-3.376602E-05;80.0000000
1054.00002002716;80.0000000;80.0000042;1.985816E-05;80.0000000
1055.0000667572;80.0000000;80.0000042;1.760639E-05;80.0000000
1055.99999427795;80.0000000;80.0000042;6.861993E-06;80.0000000
1057.000041008;80.0000000;80.0000042;2.674423E-06;80.0000000
1058.00008773804;80.0000000;80.0000042;1.042341E-06;80.0000000
1059.00001525879;80.0000000;80.0000043;-2.810972E-06;80.0000000
1060.00006198883;80.0000000;80.0000043;-1.09556E-06;80.0000000
1061.00010871887;80.0000000;80.0000638;4.136177E-05;80.0000000
1062.00003623962;80.0000000;80.0000638;1.612052E-05;80.0000000
1063.00008296967;80.0000000;79.9999447;-4.630581E-05;80.0000000
1064.00001049042;80.0000000;80.0000042;2.896492E-05;80.0000000
1065.00005722046;80.0000000;80.0000042;1.128891E-05;80.0000000
1066.0001039505;80.0000000;80.0000042;4.39979E-06;80.0000000
1067.00003147125;80.0000000;80.0000042;1.714793E-06;80.0000000
1068.00007820129;80.0000000;79.9999447;-3.35785E-05;80.0000000
1069.00000572205;80.0000000;80.0000042;3.392532E-05;80.0000000
1070.00005245209;80.0000000;80.0000042;1.32222E-05;80.0000000
1071.00009918213;80.0000000;80.0000042;1.759245E-05;80.0000000
1072.00002670288;80.0000000;80.0000042;6.856561E-06;80.0000000
1073.00007343292;80.0000000;79.9999447;-4.434004E-05;80.0000000
1074.00000095367;80.0000000;80.0000042;1.57753E-05;80.0000000
1075.00004768372;80.0000000;80.0000042;9.409398E-06;80.0000000
1076.00009441376;80.0000000;79.9999447;-4.555293E-05;80.0000000
1077.00002193451;80.0000000;80.0000042;1.526428E-05;80.0000000
1078.00006866455;80.0000000;80.0000042;5.949165E-06;80.0000000
1078.9999961853;80.0000000;80.0000042;2.318654E-06;80.0000000
1080.00004291534;80.0000000;80.0000042;9.036822E-07;80.0000000
1081.00008964539;80.0000000;80.0000042;3.52205E-07;80.0000000
1082.00001716614;80.0000000;80.0000042;1.372699E-07;80.0000000
1083.00006389618;80.0000000;80.0000042;5.350017E-08;80.0000000
1084.00011062622;80.0000000;80.0000042;1.355634E-05;80.0000000
1085.00003814697;80.0000000;79.9999447;-2.773477E-05;80.0000000
1086.00008487701;80.0000000;79.9999447;-1.407053E-05;80.0000000
1087.00001239777;80.0000000;80.0000042;1.770588E-05;80.0000000
1088.00005912781;80.0000000;80.0000042;6.900768E-06;80.0000000
1089.00010585785;80.0000000;80.0000042;2.689535E-06;80.0000000
1090.0000333786;80.0000000;80.0000042;1.048231E-06;80.0000000
1091.00008010864;80.0000000;80.0000043;-1.350826E-05;80.0000000
1092.00000762939;80.0000000;80.0000043;-5.264767E-06;80.0000000
1093.00005435944;80.0000000;80.0000043;-2.051913E-06;80.0000000
1094.00010108948;80.0000000;80.0000043;-5.686628E-06;80.0000000
1095.00002861023;80.0000000;79.9999447;-4.930769E-05;80.0000000
1096.00007534027;80.0000000;80.0000042;2.257136E-05;80.0000000
1097.00000286102;80.0000000;80.0000042;8.797059E-06;80.0000000
1098.00004959106;80.0000000;80.0000042;3.428604E-06;80.0000000
1099.00009632111;80.0000000;80.0000042;1.336279E-06;80.0000000
1100.00002384186;80.0000000;80.0000042;5.208072E-07;80.0000000
1101.0000705719;80.0000000;80.0000043;-4.377785E-06;80.0000000
1101.99999809265;80.0000000;80.0000043;-1.706217E-06;80.0000000
1103.00004482269;80.0000000;80.0000043;-6.649884E-07;80.0000000
1104.00009155273;80.0000000;79.9999447;-2.965808E-05;80.0000000
1105.00001907349;80.0000000;79.9999447;-1.743561E-05;80.0000000
1106.00006580353;80.0000000;80.0000042;3.035013E-05;80.0000000
1106.99999332428;80.0000000;80.0000638;5.368778E-05;80.0000000
1108.00004005432;80.0000000;80.0000638;2.092451E-05;80.0000000
1109.00008678436;80.0000000;80.0000043;-2.899035E-05;80.0000000
1110.00001430511;80.0000000;80.0000042;-7.67945E-06;80.0000000
1111.00006103516;80.0000000;80.0000042;-2.993022E-06;80.0000000
1112.0001077652;80.0000000;80.0000638;3.190725E-05;80.0000000
1113.00003528595;80.0000000;80.0000043;-4.045323E-05;80.0000000
1114.00008201599;80.0000000;80.0000043;-1.576641E-05;80.0000000
1115.00000953674;80.0000000;80.0000043;-6.144871E-06;80.0000000
1116.00005626678;80.0000000;80.0000043;-2.394929E-06;80.0000000
1117.00010299683;80.0000000;80.0000043;-9.3341E-07;80.0000000
1118.00003051758;80.0000000;79.9999447;-4.745515E-05;80.0000000
1119.00007724762;80.0000000;80.0000042;8.821699E-06;80.0000000
1120.00000476837;80.0000000;80.0000042;2.726076E-05;80.0000000
1121.00005149841;80.0000000;80.0000042;1.062473E-05;80.0000000
1122.00009822845;80.0000000;80.0000042;4.140928E-06;80.0000000
1123.00002574921;80.0000000;80.0000638;2.774626E-05;80.0000000
1124.00007247925;80.0000000;80.0000043;-2.220433E-05;80.0000000
1125;80.0000000;80.0000043;-8.654011E-06;80.0000000
1126.00004673004;80.0000000;80.0000043;-3.372852E-06;80.0000000
1127.00009346008;80.0000000;80.0000043;-1.31455E-06;80.0000000
1128.00002098083;80.0000000;80.0000043;-5.123384E-07;80.0000000
1129.00006771088;80.0000000;80.0000042;3.017538E-06;80.0000000
1129.99999523163;80.0000000;80.0000042;1.176068E-06;80.0000000
1131.00004196167;80.0000000;80.0000043;-1.810163E-05;80.0000000
1132.00008869171;80.0000000;80.0000043;-7.055007E-06;80.0000000
1133.00001621246;80.0000000;80.0000043;-2.749649E-06;80.0000000
1134.0000629425;80.0000000;79.9999447;-3.827965E-05;80.0000000
1135.00010967255;80.0000000;80.0000042;3.209307E-05;80.0000000
1136.0000371933;80.0000000;80.0000042;1.250809E-05;80.0000000
1137.00008392334;80.0000000;80.0000042;4.874959E-06;80.0000000
1138.00001144409;80.0000000;80.0000042;1.899988E-06;80.0000000
1139.00005817413;80.0000000;80.0000042;7.405094E-07;80.0000000
1140.00010490417;80.0000000;80.0000638;3.74966E-05;80.0000000
1141.00003242493;80.0000000;80.0000638;1.461409E-05;80.0000000
1142.00007915497;80.0000000;80.0000638;5.695758E-06;80.0000000
1143.00000667572;80.0000000;80.0000043;-2.712969E-05;80.0000000
1144.00005340576;80.0000000;80.0000043;-1.057364E-05;80.0000000
1145.0001001358;80.0000000;80.0000043;-4.121018E-06;80.0000000
1146.00002765656;80.0000000;80.0000043;-1.606143E-06;80.0000000
1147.0000743866;80.0000000;80.0000043;-6.259853E-07;80.0000000
1148.00000190735;80.0000000;80.0000638;3.690159E-05;80.0000000
1149.00004863739;80.0000000;80.0000638;1.438219E-05;80.0000000
1150.00009536743;80.0000000;80.0000638;5.605376E-06;80.0000000
1151.00002288818;80.0000000;79.9999447;-7.099521E-05;80.0000000
1152.00006961823;80.0000000;79.9999447;-2.766998E-05;80.0000000
1152.99999713898;80.0000000;79.9999447;-1.078422E-05;80.0000000
1154.00004386902;80.0000000;80.0000042;4.86858E-05;80.0000000
1155.00009059906;80.0000000;80.0000042;1.897502E-05;80.0000000
1156.00001811981;80.0000000;80.0000042;7.395406E-06;80.0000000
1157.00006484985;80.0000000;80.0000042;2.882318E-06;80.0000000
1158.0001115799;80.0000000;79.9999447;-3.972919E-05;80.0000000
1159.00003910065;80.0000000;80.0000042;2.630452E-05;80.0000000
1160.00008583069;80.0000000;80.0000042;1.025204E-05;80.0000000
1161.00001335144;80.0000000;80.0000042;3.995674E-06;80.0000000
1162.00006008148;80.0000000;80.0000638;4.864865E-05;80.0000000
1163.00010681152;80.0000000;80.0000638;2.185926E-05;80.0000000
1164.00003433228;80.0000000;80.0000043;-2.083006E-05;80.0000000
1165.00008106232;80.0000000;79.9999447;-3.425076E-05;80.0000000
1166.00000858307;80.0000000;79.9999447;-1.334904E-05;80.0000000
1167.00005531311;80.0000000;79.9999447;-5.202712E-06;80.0000000
1168.00010204315;80.0000000;80.0000042;3.976102E-05;80.0000000
1169.0000295639;80.0000000;80.0000638;6.847441E-05;80.0000000
1170.00007629395;80.0000000;80.0000638;2.668751E-05;80.0000000
1171.0000038147;80.0000000;80.0000638;1.040131E-05;80.0000000
1172.00005054474;80.0000000;80.0000043;-4.883504E-05;80.0000000
1173.00009727478;80.0000000;80.0000043;-1.903318E-05;80.0000000
1174.00002479553;80.0000000;80.0000043;-7.418075E-06;80.0000000
1175.00007152557;80.0000000;80.0000043;-2.891153E-06;80.0000000
1175.99999904633;80.0000000;80.0000638;3.189146E-05;80.0000000
1177.00004577637;80.0000000;80.0000638;1.242952E-05;80.0000000
1178.00009250641;80.0000000;79.9999447;-7.52653E-05;80.0000000
1179.00002002716;80.0000000;79.9999447;-2.933422E-05;80.0000000
1180.0000667572;80.0000000;80.0000042;3.557951E-05;80.0000000
1181.00011348724;80.0000000;80.0000042;1.386691E-05;80.0000000
1182.000041008;80.0000000;80.0000042;5.404549E-06;80.0000000
1183.00008773804;80.0000000;80.0000638;4.396538E-05;80.0000000
1184.00001525879;80.0000000;80.0000043;-3.575363E-05;80.0000000
1185.00006198883;80.0000000;79.9999447;-4.700855E-05;80.0000000
1186.00010871887;80.0000000;79.9999447;-1.832132E-05;80.0000000
1187.00003623962;80.0000000;80.0000042;3.000493E-05;80.0000000
1188.00008296967;80.0000000;80.0000042;1.169425E-05;80.0000000
1189.00001049042;80.0000000;80.0000043;-1.893222E-05;80.0000000
1190.00005722046;80.0000000;80.0000043;-7.378727E-06;80.0000000
1191.0001039505;80.0000000;80.0000043;-2.875817E-06;80.0000000
1192.00003147125;80.0000000;80.0000043;-1.120834E-06;80.0000000
1193.00007820129;80.0000000;80.0000043;-4.368385E-07;80.0000000
1194.00000572205;80.0000000;80.0000043;-1.702553E-07;80.0000000
1195.00005245209;80.0000000;80.0000638;2.928322E-05;80.0000000
1196.00009918213;80.0000000;80.0000638;1.141297E-05;80.0000000
1197.00002670288;80.0000000;80.0000043;-4.256421E-05;80.0000000
1198.00007343292;80.0000000;79.9999447;-5.379714E-05;80.0000000
1199.00000095367;80.0000000;79.9999447;-2.096713E-05;80.0000000
1200.00004768372;80.0000000;80.0000638;5.977567E-05;80.0000000
1201.00009441376;80.0000000;80.0000638;2.329723E-05;80.0000000
1202.00002193451;80.0000000;80.0000043;-4.380893E-05;80.0000000
1203.00006866455;80.0000000;79.9999447;-5.428227E-05;80.0000000
1204.00011539459;80.0000000;79.9999447;-2.115621E-05;80.0000000
1205.00004291534;80.0000000;79.9999447;-8.245512E-06;80.0000000
1206.00008964539;80.0000000;80.0000042;3.857511E-05;80.0000000
1207.00001716614;80.0000000;80.0000042;1.503443E-05;80.0000000
1208.00006389618;80.0000000;80.0000638;3.525849E-05;80.0000000
1209.00011062622;80.0000000;80.0000638;1.37418E-05;80.0000000
1210.00003814697;80.0000000;80.0000043;-2.399379E-05;80.0000000
1211.00008487701;80.0000000;80.0000043;-9.351444E-06;80.0000000
1212.00001239777;80.0000000;80.0000638;3.814408E-05;80.0000000
1213.00005912781;80.0000000;80.0000638;1.486644E-05;80.0000000
1214.00010585785;80.0000000;80.0000639;-3.995401E-06;80.0000000
1215.0000333786;80.0000000;80.0000043;-3.463095E-05;80.0000000
1216.00008010864;80.0000000;80.0000042;-2.46731E-06;80.0000000
1217.00000762939;80.0000000;80.0000042;1.763735E-05;80.0000000
1218.00005435944;80.0000000;80.0000042;1.27506E-05;80.0000000
1219.00010108948;80.0000000;80.0000042;4.969475E-06;80.0000000
1220.00002861023;80.0000000;79.9999447;-3.814576E-05;80.0000000
1221.00007534027;80.0000000;80.0000042;1.815118E-05;80.0000000
1222.00000286102;80.0000000;80.0000042;7.07432E-06;80.0000000
1223.00004959106;80.0000000;79.9999447;-4.425517E-05;80.0000000
1224.00009632111;80.0000000;79.9999447;-1.72482E-05;80.0000000
1225.00002384186;80.0000000;80.0000042;2.262719E-05;80.0000000
1226.0000705719;80.0000000;79.9999447;-2.832674E-05;80.0000000
1227.00011730194;80.0000000;79.9999447;-1.104019E-05;80.0000000
1228.00004482269;80.0000000;80.0000042;3.393901E-05;80.0000000
1229.00009155273;80.0000000;80.0000042;2.897088E-05;80.0000000
1230.00001907349;80.0000000;80.0000042;1.129124E-05;80.0000000
1231.00006580353;80.0000000;80.0000042;4.400695E-06;80.0000000
1232.00011253357;80.0000000;80.0000042;1.715146E-06;80.0000000
1233.00004005432;80.0000000;80.0000042;6.684683E-07;80.0000000
1234.00008678436;80.0000000;80.0000638;3.33343E-05;80.0000000
1235.00001430511;80.0000000;80.0000043;-1.635772E-05;80.0000000
1236.00006103516;80.0000000;80.0000043;-6.37533E-06;80.0000000
1237.0001077652;80.0000000;79.9999447;-2.571351E-05;80.0000000
1238.00003528595;80.0000000;79.9999447;-1.002169E-05;80.0000000
1239.00008201599;80.0000000;79.9999447;-3.9059E-06;80.0000000
1240.00000953674;80.0000000;80.0000042;2.782727E-05;80.0000000
1241.00005626678;80.0000000;80.0000042;1.084552E-05;80.0000000
1242.00010299683;80.0000000;79.9999447;-4.278537E-05;80.0000000
1243.00003051758;80.0000000;79.9999447;-3.23756E-05;80.0000000
1244.00007724762;80.0000000;80.0000042;2.746438E-05;80.0000000
1245.00000476837;80.0000000;80.0000042;1.070409E-05;80.0000000
1246.00005149841;80.0000000;80.0000042;4.171858E-06;80.0000000
1247.00009822845;80.0000000;80.0000042;1.625958E-06;80.0000000
1248.00002574921;80.0000000;79.9999447;-4.637864E-05;80.0000000
1249.00007247925;80.0000000;79.9999447;-2.133687E-05;80.0000000
1250;80.0000000;79.9999447;-1.447571E-05;80.0000000
1251.00004673004;80.0000000;80.0000042;2.219116E-05;80.0000000
1252.00009346008;80.0000000;79.9999447;-4.424001E-05;80.0000000
1253.00002098083;80.0000000;79.9999447;-1.72423E-05;80.0000000
1254.00006771088;80.0000000;79.9999447;-6.720087E-06;80.0000000
1255.00011444092;80.0000000;80.0000638;5.654316E-05;80.0000000
1256.00004196167;80.0000000;80.0000638;2.203737E-05;80.0000000
1257.00008869171;80.0000000;80.0000638;8.588943E-06;80.0000000
1258.00001621246;80.0000000;80.0000043;-1.98423E-05;80.0000000
1259.0000629425;80.0000000;79.9999447;-3.096219E-05;80.0000000
1260.00010967255;80.0000000;79.9999447;-1.206734E-05;80.0000000
1261.0000371933;80.0000000;80.0000042;4.818572E-05;80.0000000
1262.00008392334;80.0000000;80.0000042;1.878011E-05;80.0000000
1263.00001144409;80.0000000;80.0000042;7.319442E-06;80.0000000
1264.00005817413;80.0000000;79.9999447;-3.429285E-05;80.0000000
1265.00010490417;80.0000000;79.9999447;-1.336544E-05;80.0000000
1266.00003242493;80.0000000;80.0000042;2.08794E-05;80.0000000
1267.00007915497;80.0000000;79.9999447;-4.475126E-05;80.0000000
1268.00000667572;80.0000000;79.9999447;-2.854168E-05;80.0000000
1269.00005340576;80.0000000;79.9999447;-1.112396E-05;80.0000000
1270.0001001358;80.0000000;79.9999447;-8.004199E-06;80.0000000
1271.00002765656;80.0000000;80.0000042;3.866916E-05;80.0000000
1272.0000743866;80.0000000;80.0000042;1.507109E-05;80.0000000
1273.00000190735;80.0000000;80.0000638;2.910263E-05;80.0000000
1274.00004863739;80.0000000;80.0000638;1.134259E-05;80.0000000
1275.00009536743;80.0000000;80.0000043;-2.859757E-05;80.0000000
1276.00002288818;80.0000000;80.0000043;-1.114574E-05;80.0000000
1277.00006961823;80.0000000;80.0000043;-4.343989E-06;80.0000000
1278.00011634827;80.0000000;80.0000638;3.132523E-05;80.0000000
1279.00004386902;80.0000000;80.0000043;-2.080944E-05;80.0000000
1280.00009059906;80.0000000;80.0000043;-8.110362E-06;80.0000000
1281.00001811981;80.0000000;80.0000043;-3.160968E-06;80.0000000
1282.00006484985;80.0000000;80.0000043;-1.231969E-06;80.0000000
1283.0001115799;80.0000000;80.0000638;2.886942E-05;80.0000000
1284.00003910065;80.0000000;80.0000638;1.12517E-05;80.0000000
1285.00008583069;80.0000000;79.9999447;-5.187827E-05;80.0000000
1286.00001335144;80.0000000;79.9999447;-2.021926E-05;80.0000000
1287.00006008148;80.0000000;80.0000042;3.390841E-05;80.0000000
1288.00010681152;80.0000000;80.0000638;6.030696E-05;80.0000000
1289.00003433228;80.0000000;80.0000638;2.35043E-05;80.0000000
1290.00008106232;80.0000000;80.0000638;9.160667E-06;80.0000000
1291.00000858307;80.0000000;80.0000043;-3.821844E-05;80.0000000
1292.00005531311;80.0000000;79.9999447;-5.210341E-05;80.0000000
1293.00010204315;80.0000000;79.9999447;-2.030701E-05;80.0000000
1294.0000295639;80.0000000;80.0000042;2.143504E-05;80.0000000
1295.00007629395;80.0000000;80.0000638;3.448654E-05;80.0000000
1296.0000038147;80.0000000;80.0000638;1.344093E-05;80.0000000
1297.00005054474;80.0000000;80.0000043;-4.765036E-05;80.0000000
1298.00009727478;80.0000000;79.9999447;-5.577944E-05;80.0000000
1299.00002479553;80.0000000;79.9999447;-2.173972E-05;80.0000000
1300.00007152557;80.0000000;80.0000042;3.853942E-05;80.0000000
1301.00011825562;80.0000000;80.0000638;6.211187E-05;80.0000000
1302.00004577637;80.0000000;80.0000638;2.420775E-05;80.0000000
1303.00009250641;80.0000000;80.0000638;9.434835E-06;80.0000000
1304.00002002716;80.0000000;80.0000043;-4.333518E-05;80.0000000
1305.0000667572;80.0000000;79.9999447;-4.628855E-05;80.0000000
1306.00011348724;80.0000000;79.9999447;-1.80407E-05;80.0000000
1307.000041008;80.0000000;80.0000042;3.01143E-05;80.0000000
1308.00008773804;80.0000000;80.0000042;1.173688E-05;80.0000000
1309.00001525879;80.0000000;80.0000042;4.574382E-06;80.0000000
1310.00006198883;80.0000000;80.0000042;1.78284E-06;80.0000000
1311.00010871887;80.0000000;80.0000042;6.948517E-07;80.0000000
1312.00003623962;80.0000000;80.0000042;2.708145E-07;80.0000000
1313.00008296967;80.0000000;80.0000042;1.055484E-07;80.0000000
1314.00001049042;80.0000000;80.0000042;4.11369E-08;80.0000000
1315.00005722046;80.0000000;79.9999447;-3.712952E-05;80.0000000
1316.0001039505;80.0000000;79.9999447;-1.447102E-05;80.0000000
1317.00003147125;80.0000000;79.9999447;-5.639999E-06;80.0000000
1318.00007820129;80.0000000;79.9999447;-1.206495E-05;80.0000000
1319.00000572205;80.0000000;79.9999447;-4.702246E-06;80.0000000
1320.00005245209;80.0000000;80.0000042;2.135712E-05;80.0000000
1321.00009918213;80.0000000;80.0000042;1.122254E-05;80.0000000
1322.00002670288;80.0000000;80.0000042;8.501207E-06;80.0000000
1323.00007343292;80.0000000;80.0000042;2.191226E-05;80.0000000
1324.00012016296;80.0000000;80.0000042;8.54018E-06;80.0000000
1325.00004768372;80.0000000;79.9999447;-4.368386E-05;80.0000000
1326.00009441376;80.0000000;79.9999447;-1.702554E-05;80.0000000
1327.00002193451;80.0000000;80.0000042;4.625328E-05;80.0000000
1328.00006866455;80.0000000;80.0000042;1.802695E-05;80.0000000
1329.00011539459;80.0000000;80.0000042;7.025904E-06;80.0000000
1330.00004291534;80.0000000;80.0000638;4.459729E-05;80.0000000
1331.00008964539;80.0000000;80.0000638;1.738154E-05;80.0000000
1332.00001716614;80.0000000;79.9999447;-8.799217E-05;80.0000000
1333.00006389618;80.0000000;79.9999447;-3.429445E-05;80.0000000
1334.00011062622;80.0000000;79.9999447;-1.336607E-05;80.0000000
1335.00003814697;80.0000000;80.0000638;7.095822E-05;80.0000000
1336.00008487701;80.0000000;80.0000638;2.765556E-05;80.0000000
1337.00001239777;80.0000000;80.0000638;1.07786E-05;80.0000000
1338.00005912781;80.0000000;80.0000638;4.200899E-06;80.0000000
1339.00010585785;80.0000000;80.0000043;-2.155251E-05;80.0000000
1340.0000333786;80.0000000;80.0000043;-8.39997E-06;80.0000000
1341.00008010864;80.0000000;80.0000638;4.961505E-05;80.0000000
1342.00000762939;80.0000000;80.0000638;2.920397E-05;80.0000000
1343.00005435944;80.0000000;80.0000043;-4.150681E-05;80.0000000
1344.00010108948;80.0000000;79.9999447;-5.803602E-05;80.0000000
1345.00002861023;80.0000000;80.0000042;1.333609E-05;80.0000000
1346.00007534027;80.0000000;80.0000042;5.197666E-06;80.0000000
1347.00012207031;80.0000000;80.0000042;2.025761E-06;80.0000000
1348.00004959106;80.0000000;80.0000042;7.895289E-07;80.0000000
1349.00009632111;80.0000000;80.0000042;3.077145E-07;80.0000000
1350.00002384186;80.0000000;80.0000638;5.309771E-05;80.0000000
1351.0000705719;80.0000000;80.0000638;2.069453E-05;80.0000000
1352.00011730194;80.0000000;80.0000638;8.065577E-06;80.0000000
1353.00004482269;80.0000000;80.0000638;3.143513E-06;80.0000000
1354.00009155273;80.0000000;80.0000638;1.225167E-06;80.0000000
1355.00001907349;80.0000000;80.0000638;3.376228E-06;80.0000000
1356.00006580353;80.0000000;80.0000043;-2.477265E-05;80.0000000
1357.00011253357;80.0000000;80.0000638;3.735735E-05;80.0000000
1358.00004005432;80.0000000;80.0000638;1.455981E-05;80.0000000
1359.00008678436;80.0000000;80.0000638;5.674605E-06;80.0000000
1360.00001430511;80.0000000;80.0000638;2.211645E-06;80.0000000
1361.00006103516;80.0000000;80.0000043;-4.092678E-05;80.0000000
1362.0001077652;80.0000000;80.0000043;-1.595098E-05;80.0000000
1363.00003528595;80.0000000;80.0000638;2.313277E-05;80.0000000
1364.00008201599;80.0000000;80.0000638;9.015866E-06;80.0000000
1365.00000953674;80.0000000;80.0000043;-3.363167E-05;80.0000000
1366.00005626678;80.0000000;80.0000043;-1.310775E-05;80.0000000
1367.00010299683;80.0000000;80.0000042;1.838132E-05;80.0000000
1368.00003051758;80.0000000;79.9999447;-2.879129E-05;80.0000000
1369.00007724762;80.0000000;80.0000042;2.179703E-05;80.0000000
1370.00012397766;80.0000000;80.0000638;3.789417E-05;80.0000000
1371.00005149841;80.0000000;80.0000638;1.476904E-05;80.0000000
1372.00009822845;80.0000000;80.0000638;5.75615E-06;80.0000000
1373.00002574921;80.0000000;80.0000043;-5.064546E-05;80.0000000
1374.00007247925;80.0000000;80.0000043;-1.973879E-05;80.0000000
1375.00011920929;80.0000000;80.0000043;-7.693079E-06;80.0000000
1376.00004673004;80.0000000;80.0000043;-2.998334E-06;80.0000000
1377.00009346008;80.0000000;80.0000043;-1.168584E-06;80.0000000
1378.00002098083;80.0000000;80.0000043;-4.554489E-07;80.0000000
1379.00006771088;80.0000000;79.9999447;-5.315528E-05;80.0000000
1380.00011444092;80.0000000;80.0000042;3.217192E-05;80.0000000
1381.00004196167;80.0000000;80.0000043;6.741284E-06;80.0000000
1382.00008869171;80.0000000;80.0000043;2.627377E-06;80.0000000
1383.00001621246;80.0000000;80.0000043;1.024005E-06;80.0000000
1384.0000629425;80.0000000;80.0000043;3.991003E-07;80.0000000
1385.00010967255;80.0000000;80.0000043;1.555471E-07;80.0000000
1386.0000371933;80.0000000;80.0000043;6.062361E-08;80.0000000
1387.00008392334;80.0000000;80.0000043;2.362771E-08;80.0000000
1388.00001144409;80.0000000;80.0000043;9.208765E-09;80.0000000
1389.00005817413;80.0000000;80.0000043;3.589064E-09;80.0000000
1390.00010490417;80.0000000;80.0000638;2.935098E-05;80.0000000
1391.00003242493;80.0000000;80.0000638;1.143938E-05;80.0000000
1392.00007915497;80.0000000;80.0000042;-1.386124E-05;80.0000000
1393.00000667572;80.0000000;79.9999447;-2.859213E-05;80.0000000
1394.00005340576;80.0000000;80.0000042;2.187465E-05;80.0000000
1395.0001001358;80.0000000;80.0000042;8.525521E-06;80.0000000
1396.00002765656;80.0000000;80.0000042;3.322774E-06;80.0000000
1397.0000743866;80.0000000;79.9999447;-4.107412E-05;80.0000000
1398.00012111664;80.0000000;79.9999447;-1.600841E-05;80.0000000
1399.00004863739;80.0000000;80.0000042;3.090637E-05;80.0000000
1400.00009536743;80.0000000;80.0000042;1.204558E-05;80.0000000
1401.00002288818;80.0000000;80.0000042;4.694698E-06;80.0000000
1402.00006961823;80.0000000;79.9999447;-5.105916E-05;80.0000000
1403.00011634827;80.0000000;80.0000042;2.711233E-05;80.0000000
1404.00004386902;80.0000000;80.0000042;1.056688E-05;80.0000000
1405.00009059906;80.0000000;80.0000042;4.118381E-06;80.0000000
1406.00001811981;80.0000000;80.0000042;1.605116E-06;80.0000000
1407.00006484985;80.0000000;79.9999447;-4.174357E-05;80.0000000
1408.0001115799;80.0000000;79.9999447;-1.626932E-05;80.0000000
1409.00003910065;80.0000000;79.9999447;-1.000958E-05;80.0000000
1410.00008583069;80.0000000;80.0000042;1.928861E-05;80.0000000
1411.00001335144;80.0000000;80.0000638;6.04954E-05;80.0000000
1412.00006008148;80.0000000;80.0000043;3.879532E-07;80.0000000
1413.00010681152;80.0000000;80.0000043;1.512025E-07;80.0000000
1414.00003433228;80.0000000;79.9999447;-2.316983E-05;80.0000000
1415.00008106232;80.0000000;79.9999447;-9.030311E-06;80.0000000
1416.00000858307;80.0000000;80.0000042;3.362605E-05;80.0000000
1417.00005531311;80.0000000;80.0000042;1.310556E-05;80.0000000
1418.00010204315;80.0000000;80.0000042;5.107818E-06;80.0000000
1419.0000295639;80.0000000;80.0000638;3.138965E-05;80.0000000
1420.00007629395;80.0000000;80.0000043;-2.955482E-05;80.0000000
1421.00012302399;80.0000000;80.0000043;-1.151882E-05;80.0000000
1422.00005054474;80.0000000;80.0000042;9.427399E-06;80.0000000
1423.00009727478;80.0000000;80.0000042;3.674276E-06;80.0000000
1424.00002479553;80.0000000;80.0000638;3.083093E-05;80.0000000
1425.00007152557;80.0000000;80.0001234;4.554237E-05;80.0000000
1426.00011825562;80.0000000;80.0000043;-5.345868E-05;80.0000000
1427.00004577637;80.0000000;79.9999447;-5.023413E-05;80.0000000
1428.00009250641;80.0000000;79.9998255;-0.0001097642;80.0000000
1429.00002002716;80.0000000;79.9998850;-1.669148E-05;80.0000000
1430.0000667572;80.0000000;80.0000042;5.596726E-05;80.0000000
1431.00011348724;80.0000000;80.0000638;4.504169E-05;80.0000000
1432.000041008;80.0000000;80.0000638;1.755474E-05;80.0000000
1433.00008773804;80.0000000;80.0000043;-4.604703E-05;80.0000000
1434.00001525879;80.0000000;79.9999447;-7.092435E-05;80.0000000
1435.00006198883;80.0000000;79.9999447;-2.764237E-05;80.0000000
1436.00010871887;80.0000000;79.9999447;-1.077346E-05;80.0000000
1437.00003623962;80.0000000;79.9999447;-4.198894E-06;80.0000000
1438.00008296967;80.0000000;80.0000638;6.864466E-05;80.0000000
1439.00001049042;80.0000000;80.0000638;2.675387E-05;80.0000000
1440.00005722046;80.0000000;80.0000043;-1.276262E-05;80.0000000
1441.0001039505;80.0000000;79.9999447;-3.110652E-05;80.0000000
1442.00003147125;80.0000000;80.0000042;2.502197E-05;80.0000000
1443.00007820129;80.0000000;80.0000042;9.752171E-06;80.0000000
1444.00012493134;80.0000000;80.0000638;3.319975E-05;80.0000000
1445.00005245209;80.0000000;80.0000043;-2.420614E-05;80.0000000
1446.00009918213;80.0000000;79.9999447;-4.664219E-05;80.0000000
1447.00002670288;80.0000000;79.9999447;-1.817853E-05;80.0000000
1448.00007343292;80.0000000;80.0000042;3.006058E-05;80.0000000
1449.00012016296;80.0000000;80.0000638;5.88073E-05;80.0000000
1450.00004768372;80.0000000;80.0000043;-2.996908E-05;80.0000000
1451.00009441376;80.0000000;80.0000043;-1.168028E-05;80.0000000
1452.00002193451;80.0000000;79.9999447;-4.176031E-05;80.0000000
1453.00006866455;80.0000000;79.9999447;-1.627584E-05;80.0000000
1454.00011539459;80.0000000;79.9999447;-1.87826E-05;80.0000000
1455.00004291534;80.0000000;80.0000042;2.569786E-05;80.0000000
1456.00008964539;80.0000000;80.0000042;1.00156E-05;80.0000000
1457.00001716614;80.0000000;79.9999447;-2.585369E-05;80.0000000
1458.00006389618;80.0000000;79.9999447;-1.007633E-05;80.0000000
1459.00011062622;80.0000000;80.0000042;3.786156E-05;80.0000000
1460.00003814697;80.0000000;80.0000042;1.475633E-05;80.0000000
1461.00008487701;80.0000000;80.0000042;5.751197E-06;80.0000000
1462.00001239777;80.0000000;80.0000042;2.241496E-06;80.0000000
1463.00005912781;80.0000000;80.0000042;8.736105E-07;80.0000000
1464.00010585785;80.0000000;79.9999447;-2.28493E-05;80.0000000
1465.0000333786;80.0000000;79.9999447;-8.905387E-06;80.0000000
1466.00008010864;80.0000000;79.9999447;-3.470825E-06;80.0000000
1467.00012683868;80.0000000;79.9999447;-1.352734E-06;80.0000000
1468.00005435944;80.0000000;80.0000042;2.882235E-05;80.0000000
1469.00010108948;80.0000000;80.0000042;1.123335E-05;80.0000000
1470.00002861023;80.0000000;79.9999447;-2.497144E-05;80.0000000
1471.00007534027;80.0000000;79.9999447;-9.732477E-06;80.0000000
1472.00012207031;80.0000000;80.0000042;2.229534E-05;80.0000000
1473.00004959106;80.0000000;80.0000042;8.689481E-06;80.0000000
1474.00009632111;80.0000000;80.0000042;8.610275E-06;80.0000000
1475.00002384186;80.0000000;80.0000042;3.355806E-06;80.0000000
1476.0000705719;80.0000000;79.9999447;-3.171037E-05;80.0000000
1477.00011730194;80.0000000;80.0000042;1.083085E-05;80.0000000
1478.00004482269;80.0000000;80.0000638;5.719904E-05;80.0000000
1479.00009155273;80.0000000;80.0000638;2.2293E-05;80.0000000
1480.00001907349;80.0000000;80.0000638;8.688572E-06;80.0000000
1481.00006580353;80.0000000;80.0000638;3.386322E-06;80.0000000
1482.00011253357;80.0000000;80.0000042;-2.762669E-05;80.0000000
1483.00004005432;80.0000000;80.0000042;-1.076734E-05;80.0000000
1484.00008678436;80.0000000;80.0000042;-4.196512E-06;80.0000000
1485.00001430511;80.0000000;80.0000042;-1.635567E-06;80.0000000
1486.00006103516;80.0000000;80.0000042;-6.37453E-07;80.0000000
1487.0001077652;80.0000000;80.0000042;-2.484437E-07;80.0000000
1488.00003528595;80.0000000;79.9999447;-5.298572E-05;80.0000000
1489.00008201599;80.0000000;79.9999447;-2.065089E-05;80.0000000
1490.00012874603;80.0000000;79.9999447;-1.217585E-05;80.0000000
1491.00005626678;80.0000000;80.0000042;1.844432E-05;80.0000000
1492.00010299683;80.0000000;80.0000638;6.016635E-05;80.0000000
1493.00003051758;80.0000000;80.0000638;2.344949E-05;80.0000000
1494.00007724762;80.0000000;80.0000638;9.139307E-06;80.0000000
1495.00012397766;80.0000000;79.9999447;-7.287894E-05;80.0000000
1496.00005149841;80.0000000;79.9999447;-2.840415E-05;80.0000000
1497.00009822845;80.0000000;79.9999447;-1.107036E-05;80.0000000
1498.00002574921;80.0000000;79.9999446;1.329884E-05;80.0000000
1499.00007247925;80.0000000;79.9999446;5.183147E-06;80.0000000
1500.00011920929;80.0000000;80.0000042;2.524887E-05;80.0000000
1501.00004673004;80.0000000;80.0000042;9.840604E-06;80.0000000
1502.00009346008;80.0000000;80.0000042;3.83532E-06;80.0000000
1503.00002098083;80.0000000;80.0000042;1.494794E-06;80.0000000
1504.00006771088;80.0000000;80.0000042;5.825875E-07;80.0000000
1505.00011444092;80.0000000;80.0000042;2.270602E-07;80.0000000
1506.00004196167;80.0000000;80.0000042;8.849543E-08;80.0000000
1507.00008869171;80.0000000;80.0000042;7.830471E-06;80.0000000
1508.00001621246;80.0000000;79.9999447;-2.013791E-05;80.0000000
1509.0000629425;80.0000000;80.0000042;2.150094E-05;80.0000000
1510.00010967255;80.0000000;80.0000638;3.777877E-05;80.0000000
1511.0000371933;80.0000000;80.0000638;1.472406E-05;80.0000000
1512.00008392334;80.0000000;80.0000043;-2.727965E-05;80.0000000
1513.00013065338;80.0000000;79.9999447;-3.386086E-05;80.0000000
1514.00005817413;80.0000000;80.0000042;1.52163E-05;80.0000000
1515.00010490417;80.0000000;80.0000042;5.930468E-06;80.0000000
1516.00003242493;80.0000000;80.0000043;-2.444517E-05;80.0000000
1517.00007915497;80.0000000;80.0000043;-9.527364E-06;80.0000000
1518.00012588501;80.0000000;79.9999447;-5.669102E-05;80.0000000
1519.00005340576;80.0000000;79.9999447;-2.209501E-05;80.0000000
1520.0001001358;80.0000000;80.0000042;2.440687E-05;80.0000000
1521.00002765656;80.0000000;80.0000042;9.512441E-06;80.0000000
1522.0000743866;80.0000000;80.0000042;3.70742E-06;80.0000000
1523.00012111664;80.0000000;80.0000042;1.444946E-06;80.0000000
1524.00004863739;80.0000000;80.0000042;5.631595E-07;80.0000000
1525.00009536743;80.0000000;80.0000042;2.194882E-07;80.0000000
1526.00002288818;80.0000000;80.0000042;8.554429E-08;80.0000000
1527.00006961823;80.0000000;79.9999447;-2.931624E-05;80.0000000
1528.00011634827;80.0000000;80.0000042;1.466267E-05;80.0000000
1529.00004386902;80.0000000;80.0000042;5.714694E-06;80.0000000
1530.00009059906;80.0000000;80.0000042;2.22727E-06;80.0000000
1531.00001811981;80.0000000;80.0000042;1.976419E-05;80.0000000
1532.00006484985;80.0000000;79.9999447;-2.944258E-05;80.0000000
1533.0001115799;80.0000000;79.9999447;-1.43738E-05;80.0000000
1534.00003910065;80.0000000;79.9999447;-1.02453E-05;80.0000000
1535.00008583069;80.0000000;80.0000042;4.30193E-05;80.0000000
1536.00001335144;80.0000000;80.0000638;5.397451E-05;80.0000000
1537.00006008148;80.0000000;80.0000043;-2.075249E-05;80.0000000
1538.00010681152;80.0000000;79.9999447;-4.82146E-05;80.0000000
1539.00003433228;80.0000000;80.0000042;2.945433E-05;80.0000000
1540.00008106232;80.0000000;80.0000042;2.71799E-05;80.0000000
1541.00012779236;80.0000000;80.0000042;1.472049E-05;80.0000000
1542.00005531311;80.0000000;80.0000042;5.737229E-06;80.0000000
1543.00010204315;80.0000000;80.0000042;2.236053E-06;80.0000000
1544.0000295639;80.0000000;80.0000042;8.71489E-07;80.0000000
1545.00007629395;80.0000000;79.9999447;-5.254923E-05;80.0000000
1546.00012302399;80.0000000;80.0000042;2.709024E-06;80.0000000
1547.00005054474;80.0000000;79.9999447;-5.183307E-05;80.0000000
1548.00009727478;80.0000000;79.9999447;-3.880061E-05;80.0000000
1549.00002479553;80.0000000;80.0000042;2.050665E-05;80.0000000
1550.00007152557;80.0000000;80.0000042;1.166105E-05;80.0000000
1551.00011825562;80.0000000;80.0000042;4.544827E-06;80.0000000
1552.00004577637;80.0000000;80.0000042;1.771321E-06;80.0000000
1553.00009250641;80.0000000;80.0000042;6.903622E-07;80.0000000
1554.00002002716;80.0000000;80.0000042;2.690648E-07;80.0000000
1555.0000667572;80.0000000;79.9999447;-2.308492E-05;80.0000000
1556.00011348724;80.0000000;80.0000042;2.814834E-05;80.0000000
1557.000041008;80.0000000;80.0000042;1.097066E-05;80.0000000
1558.00008773804;80.0000000;80.0000042;4.275751E-06;80.0000000
1559.00001525879;80.0000000;80.0000042;1.66645E-06;80.0000000
1560.00006198883;80.0000000;80.0000042;6.494894E-07;80.0000000
1561.00010871887;80.0000000;80.0000042;2.531348E-07;80.0000000
1562.00003623962;80.0000000;80.0000042;9.865784E-08;80.0000000
1563.00008296967;80.0000000;80.0000042;3.845134E-08;80.0000000
1564.00012969971;80.0000000;80.0000042;1.498619E-08;80.0000000
1565.00005722046;80.0000000;80.0000638;4.186483E-05;80.0000000
1566.0001039505;80.0000000;80.0000638;1.631658E-05;80.0000000
1567.00003147125;80.0000000;80.0000638;6.359294E-06;80.0000000
1568.00007820129;80.0000000;80.0000043;-3.053977E-05;80.0000000
1569.00012493134;80.0000000;80.0000043;-1.19027E-05;80.0000000
1570.00005245209;80.0000000;80.0000043;-4.639011E-06;80.0000000
1571.00009918213;80.0000000;80.0000638;3.533753E-05;80.0000000
1572.00002670288;80.0000000;80.0000638;1.37726E-05;80.0000000
1573.00007343292;80.0000000;79.9999447;-6.898576E-05;80.0000000
1574.00012016296;80.0000000;79.9999447;-2.688681E-05;80.0000000
1575.00004768372;80.0000000;79.9999447;-1.047898E-05;80.0000000
1576.00009441376;80.0000000;80.0000042;1.910567E-05;80.0000000
1577.00002193451;80.0000000;80.0000638;6.04241E-05;80.0000000
1578.00006866455;80.0000000;80.0000638;2.354995E-05;80.0000000
1579.00011539459;80.0000000;80.0000043;-2.017112E-05;80.0000000
1580.00004291534;80.0000000;80.0000043;-7.861579E-06;80.0000000
1581.00008964539;80.0000000;79.9999447;-5.015536E-05;80.0000000
1582.00001716614;80.0000000;80.0000042;6.540745E-06;80.0000000
1583.00006389618;80.0000000;80.0000638;5.552699E-05;80.0000000
1584.00011062622;80.0000000;80.0000638;2.164133E-05;80.0000000
1585.00003814697;80.0000000;80.0000638;8.434586E-06;80.0000000
1586.00008487701;80.0000000;79.9999447;-5.394455E-05;80.0000000
1587.00013160706;80.0000000;79.9999447;-2.102459E-05;80.0000000
1588.00005912781;80.0000000;79.9999447;-8.194214E-06;80.0000000
1589.00010585785;80.0000000;80.0000042;4.38187E-05;80.0000000
1590.0000333786;80.0000000;80.0000042;1.707809E-05;80.0000000
1591.00008010864;80.0000000;80.0000042;6.65609E-06;80.0000000
1592.00012683868;80.0000000;80.0000042;2.594173E-06;80.0000000
1593.00005435944;80.0000000;80.0000042;1.011064E-06;80.0000000
1594.00010108948;80.0000000;80.0000042;3.940567E-07;80.0000000
1595.00002861023;80.0000000;80.0000042;1.535814E-07;80.0000000
1596.00007534027;80.0000000;80.0000042;5.985746E-08;80.0000000
1597.00012207031;80.0000000;80.0000638;5.300111E-05;80.0000000
1598.00004959106;80.0000000;80.0000638;2.065688E-05;80.0000000
1599.00009632111;80.0000000;80.0000043;-4.483799E-05;80.0000000
1600.00002384186;80.0000000;79.9999447;-5.604689E-05;80.0000000
1601.0000705719;80.0000000;79.9999447;-2.184396E-05;80.0000000
1602.00011730194;80.0000000;80.0000042;2.083602E-05;80.0000000
1603.00004482269;80.0000000;80.0000638;3.751962E-05;80.0000000
1604.00009155273;80.0000000;80.0000638;1.462306E-05;80.0000000
1605.00001907349;80.0000000;80.0001234;3.509816E-05;80.0000000
1606.00006580353;80.0000000;80.0000639;-1.567027E-05;80.0000000
1607.00011253357;80.0000000;79.9999447;-8.052336E-05;80.0000000
1608.00004005432;80.0000000;79.9999447;-3.138352E-05;80.0000000
1609.00008678436;80.0000000;80.0000042;3.47808E-05;80.0000000
1610.0001335144;80.0000000;80.0000042;1.355562E-05;80.0000000
1611.00006103516;80.0000000;80.0000042;5.283226E-06;80.0000000
1612.0001077652;80.0000000;80.0000042;2.059108E-06;80.0000000
1613.00003528595;80.0000000;80.0000638;3.020143E-05;80.0000000
1614.00008201599;80.0000000;80.0000638;1.177084E-05;80.0000000
1615.00012874603;80.0000000;80.0000638;4.587617E-06;80.0000000
1616.00005626678;80.0000000;80.0000043;-2.756158E-05;80.0000000
1617.00010299683;80.0000000;79.9999447;-3.397073E-05;80.0000000
1618.00003051758;80.0000000;80.0000042;1.872037E-05;80.0000000
1619.00007724762;80.0000000;80.0000042;7.296159E-06;80.0000000
1620.00012397766;80.0000000;80.0000638;3.59174E-05;80.0000000
1621.00005149841;80.0000000;80.0000638;1.39986E-05;80.0000000
1622.00009822845;80.0000000;79.9999447;-6.110169E-05;80.0000000
1623.00002574921;80.0000000;79.9999447;-2.671276E-05;80.0000000
1624.00007247925;80.0000000;80.0000042;1.277865E-05;80.0000000
1625.00011920929;80.0000000;80.0000042;4.980405E-06;80.0000000
1626.00004673004;80.0000000;80.0000042;1.941085E-06;80.0000000
1627.00009346008;80.0000000;80.0000042;7.565268E-07;80.0000000
1628.00002098083;80.0000000;80.0000042;2.94852E-07;80.0000000
1629.00006771088;80.0000000;80.0000042;1.149169E-07;80.0000000
1630.00011444092;80.0000000;80.0000638;3.311855E-05;80.0000000
1631.00004196167;80.0000000;80.0000043;-3.998112E-05;80.0000000
1632.00008869171;80.0000000;79.9999447;-6.267377E-05;80.0000000
1633.00013542175;80.0000000;79.9999447;-2.442675E-05;80.0000000
1634.0000629425;80.0000000;80.0000042;1.982939E-05;80.0000000
1635.00010967255;80.0000000;80.0000042;7.728394E-06;80.0000000
1636.0000371933;80.0000000;79.9999447;-4.987679E-05;80.0000000
1637.00008392334;80.0000000;79.9999447;-1.94392E-05;80.0000000
1638.00013065338;80.0000000;80.0000042;3.943603E-05;80.0000000
1639.00005817413;80.0000000;80.0000042;1.536997E-05;80.0000000
1640.00010490417;80.0000000;80.0000042;5.99036E-06;80.0000000
1641.00003242493;80.0000000;80.0000638;2.556347E-05;80.0000000
1642.00007915497;80.0000000;79.9999447;-5.508556E-05;80.0000000
1643.00012588501;80.0000000;79.9999447;-2.146928E-05;80.0000000
1644.00005340576;80.0000000;79.9999447;-8.367532E-06;80.0000000
1645.0001001358;80.0000000;79.9999447;-3.261198E-06;80.0000000
1646.00002765656;80.0000000;80.0000638;6.377774E-05;80.0000000
1647.0000743866;80.0000000;80.0001234;7.194837E-05;80.0000000
1648.00012111664;80.0000000;80.0001234;2.804147E-05;80.0000000
1649.00004863739;80.0000000;79.9999447;-8.719353E-05;80.0000000
1650.00009536743;80.0000000;79.9999447;-3.398319E-05;80.0000000
1651.00002288818;80.0000000;79.9999447;-1.324476E-05;80.0000000
1652.00006961823;80.0000000;80.0000042;4.250323E-05;80.0000000
1653.00011634827;80.0000000;80.0000042;1.65654E-05;80.0000000
1654.00004386902;80.0000000;80.0000042;6.456269E-06;80.0000000
1655.00009059906;80.0000000;80.0000042;2.516294E-06;80.0000000
1656.0001373291;80.0000000;80.0000042;9.807114E-07;80.0000000
1657.00006484985;80.0000000;79.9999447;-5.250666E-05;80.0000000
1658.0001115799;80.0000000;80.0000042;1.668138E-05;80.0000000
1659.00003910065;80.0000000;80.0000638;5.359283E-05;80.0000000
1660.00008583069;80.0000000;80.0000638;2.08875E-05;80.0000000
1661.00013256073;80.0000000;80.0000043;-3.364797E-05;80.0000000
1662.00006008148;80.0000000;79.9999447;-5.032209E-05;80.0000000
1663.00010681152;80.0000000;79.9999447;-1.961275E-05;80.0000000
1664.00003433228;80.0000000;80.0000042;3.41448E-05;80.0000000
1665.00008106232;80.0000000;80.0000638;6.03991E-05;80.0000000
1666.00012779236;80.0000000;80.0000638;2.354021E-05;80.0000000
1667.00005531311;80.0000000;80.0000638;9.174662E-06;80.0000000
1668.00010204315;80.0000000;79.9999447;-6.670537E-05;80.0000000
1669.0000295639;80.0000000;80.0000042;2.689085E-05;80.0000000
1670.00007629395;80.0000000;80.0000042;1.048056E-05;80.0000000
1671.00012302399;80.0000000;80.0000638;3.348364E-05;80.0000000
1672.00005054474;80.0000000;80.0000638;1.305006E-05;80.0000000
1673.00009727478;80.0000000;79.9999447;-6.147138E-05;80.0000000
1674.00002479553;80.0000000;79.9999447;-2.395812E-05;80.0000000
1675.00007152557;80.0000000;79.9999447;-9.337542E-06;80.0000000
1676.00011825562;80.0000000;79.9999447;-3.639255E-06;80.0000000
1677.00004577637;80.0000000;80.0000042;3.15999E-05;80.0000000
1678.00009250641;80.0000000;80.0000638;3.554464E-05;80.0000000
1679.00013923645;80.0000000;80.0000638;1.385332E-05;80.0000000
1680.0000667572;80.0000000;79.9999447;-0.0001004674;80.0000000
1681.00011348724;80.0000000;79.9999447;-3.915661E-05;80.0000000
1682.000041008;80.0000000;79.9999447;-1.526106E-05;80.0000000
1683.00008773804;80.0000000;80.0000042;3.584084E-05;80.0000000
1684.00013446808;80.0000000;80.0000638;4.704253E-05;80.0000000
1685.00006198883;80.0000000;80.0000638;1.833456E-05;80.0000000
1686.00010871887;80.0000000;80.0000043;-4.57431E-05;80.0000000
1687.00003623962;80.0000000;79.9999447;-5.832715E-05;80.0000000
1688.00008296967;80.0000000;80.0000042;2.427967E-05;80.0000000
1689.00012969971;80.0000000;80.0000638;5.132185E-05;80.0000000
1690.00005722046;80.0000000;80.0001234;6.186138E-05;80.0000000
1691.0001039505;80.0000000;80.0001234;2.411012E-05;80.0000000
1692.00003147125;80.0000000;80.0001234;9.396786E-06;80.0000000
1693.00007820129;80.0000000;80.0000639;-1.952744E-05;80.0000000
1694.00012493134;80.0000000;80.0000639;-7.610711E-06;80.0000000
1695.00005245209;80.0000000;80.0000043;-2.619499E-05;80.0000000
1696.00009918213;80.0000000;79.9999447;-6.318713E-05;80.0000000
1697.00002670288;80.0000000;79.9999447;-2.829552E-05;80.0000000
1698.00007343292;80.0000000;79.9999447;-1.102802E-05;80.0000000
1699.00012016296;80.0000000;80.0000042;4.859078E-05;80.0000000
1700.00004768372;80.0000000;80.0000638;6.602934E-05;80.0000000
1701.00009441376;80.0000000;80.0000638;2.573456E-05;80.0000000
1702.00002193451;80.0000000;80.0000638;1.00299E-05;80.0000000
1703.00006866455;80.0000000;80.0000043;-3.787966E-05;80.0000000
1704.00011539459;80.0000000;80.0000043;-1.476338E-05;80.0000000
1705.00004291534;80.0000000;80.0000043;-5.753946E-06;80.0000000
1706.00008964539;80.0000000;80.0000638;2.094722E-05;80.0000000
1707.00013637543;80.0000000;80.0000638;8.164061E-06;80.0000000
1708.00006389618;80.0000000;80.0000638;3.181897E-06;80.0000000
1709.00011062622;80.0000000;80.0000043;-5.164876E-05;80.0000000
1710.00003814697;80.0000000;80.0000043;-2.012981E-05;80.0000000
1711.00008487701;80.0000000;80.0000638;4.504341E-05;80.0000000
1712.00013160706;80.0000000;80.0000638;1.755542E-05;80.0000000
1713.00005912781;80.0000000;80.0001234;5.393349E-05;80.0000000
1714.00010585785;80.0000000;80.0001234;2.102027E-05;80.0000000
1715.0000333786;80.0000000;80.0000639;-1.499726E-05;80.0000000
1716.00008010864;80.0000000;80.0000043;-3.891886E-05;80.0000000
1717.00012683868;80.0000000;80.0000043;-1.516841E-05;80.0000000
1718.00005435944;80.0000000;79.9999447;-3.53107E-05;80.0000000
1719.00010108948;80.0000000;80.0000042;3.912675E-05;80.0000000
1720.00002861023;80.0000000;80.0000042;1.524943E-05;80.0000000
1721.00007534027;80.0000000;80.0000638;4.121882E-05;80.0000000
1722.00012207031;80.0000000;80.0000043;-3.094754E-05;80.0000000
1723.00004959106;80.0000000;79.9999447;-3.819399E-05;80.0000000
1724.00009632111;80.0000000;80.0000042;1.813238E-05;80.0000000
1725.00002384186;80.0000000;80.0000042;7.066994E-06;80.0000000
1726.0000705719;80.0000000;80.0000042;2.754321E-06;80.0000000
1727.00011730194;80.0000000;80.0000638;4.816484E-05;80.0000000
1728.00004482269;80.0000000;80.0000638;1.877197E-05;80.0000000
1729.00009155273;80.0000000;80.0000043;-2.203331E-05;80.0000000
1730.00013828278;80.0000000;79.9999447;-4.166113E-05;80.0000000
1731.00006580353;80.0000000;80.0000042;3.077516E-05;80.0000000
1732.00011253357;80.0000000;80.0000042;1.199445E-05;80.0000000
1733.00004005432;80.0000000;80.0000042;4.674768E-06;80.0000000
1734.00008678436;80.0000000;80.0000042;1.821964E-06;80.0000000
1735.0001335144;80.0000000;80.0000042;1.181024E-05;80.0000000
1736.00006103516;80.0000000;80.0000042;4.602973E-06;80.0000000
1737.0001077652;80.0000000;80.0000042;1.793982E-06;80.0000000
1738.00003528595;80.0000000;80.0000042;6.991945E-07;80.0000000
1739.00008201599;80.0000000;80.0000042;1.426657E-05;80.0000000
1740.00012874603;80.0000000;80.0000042;5.560317E-06;80.0000000
1741.00005626678;80.0000000;79.9999447;-3.962165E-05;80.0000000
1742.00010299683;80.0000000;79.9999447;-1.544231E-05;80.0000000
1743.00003051758;80.0000000;80.0000042;1.717124E-05;80.0000000
1744.00007724762;80.0000000;80.0000042;6.692393E-06;80.0000000
1745.00012397766;80.0000000;80.0000042;2.608322E-06;80.0000000
1746.00005149841;80.0000000;80.0000042;1.016579E-06;80.0000000
1747.00009822845;80.0000000;80.0000042;3.962058E-07;80.0000000
1748.00002574921;80.0000000;80.0000638;4.724578E-05;80.0000000
1749.00007247925;80.0000000;80.0000638;1.841377E-05;80.0000000
1750.00011920929;80.0000000;80.0000638;7.176665E-06;80.0000000
1751.00004673004;80.0000000;80.0000043;-3.43485E-05;80.0000000
1752.00009346008;80.0000000;79.9999447;-5.059512E-05;80.0000000
1753.00014019012;80.0000000;80.0000042;2.206959E-05;80.0000000
1754.00006771088;80.0000000;80.0000638;6.157928E-05;80.0000000
1755.00011444092;80.0000000;80.0000638;2.400018E-05;80.0000000
1756.00004196167;80.0000000;80.0000638;9.353933E-06;80.0000000
1757.00008869171;80.0000000;80.0000043;-1.954415E-05;80.0000000
1758.00013542175;80.0000000;80.0000043;-7.61722E-06;80.0000000
1759.0000629425;80.0000000;80.0000043;-2.968769E-06;80.0000000
1760.00010967255;80.0000000;80.0000042;2.559947E-05;80.0000000
1761.0000371933;80.0000000;80.0000042;1.323831E-05;80.0000000
1762.00008392334;80.0000000;80.0000638;4.701854E-05;80.0000000
1763.00013065338;80.0000000;80.0000638;1.832521E-05;80.0000000
1764.00005817413;80.0000000;80.0000043;-4.574675E-05;80.0000000
1765.00010490417;80.0000000;80.0000043;-1.782953E-05;80.0000000
1766.00003242493;80.0000000;79.9999447;-3.634786E-05;80.0000000
1767.00007915497;80.0000000;79.9999447;-1.416637E-05;80.0000000
1768.00012588501;80.0000000;80.0000042;3.162429E-05;80.0000000
1769.00005340576;80.0000000;80.0000638;5.418438E-05;80.0000000
1770.0001001358;80.0000000;80.0000638;2.111806E-05;80.0000000
1771.00002765656;80.0000000;80.0000043;-1.785787E-05;80.0000000
1772.0000743866;80.0000000;79.9999447;-5.993778E-05;80.0000000
1773.00012111664;80.0000000;80.0000042;-1.706233E-07;80.0000000
1774.00004863739;80.0000000;80.0000638;2.316226E-05;80.0000000
1775.00009536743;80.0000000;80.0000638;9.027361E-06;80.0000000
1776.00014209747;80.0000000;80.0000638;3.518363E-06;80.0000000
1777.00006961823;80.0000000;80.0000043;-4.564108E-05;80.0000000
1778.00011634827;80.0000000;79.9999447;-5.086212E-05;80.0000000
1779.00004386902;80.0000000;79.9999447;-1.982322E-05;80.0000000
1780.00009059906;80.0000000;79.9999447;-1.294958E-05;80.0000000
1781.0001373291;80.0000000;80.0000638;6.290047E-05;80.0000000
1782.00006484985;80.0000000;80.0000638;2.45151E-05;80.0000000
1783.0001115799;80.0000000;80.0000043;-2.346365E-05;80.0000000
1784.00003910065;80.0000000;79.9999447;-3.237359E-05;80.0000000
1785.00008583069;80.0000000;79.9998851;-4.982541E-05;80.0000000
1786.00013256073;80.0000000;79.9999446;3.346972E-05;80.0000000
1787.00006008148;80.0000000;79.9999447;-8.9395E-07;80.0000000
1788.00010681152;80.0000000;80.0000042;2.284138E-05;80.0000000
1789.00003433228;80.0000000;80.0000042;8.902298E-06;80.0000000
1790.00008106232;80.0000000;79.9999447;-3.367594E-05;80.0000000
1791.00012779236;80.0000000;79.9999447;-1.312501E-05;80.0000000
1792.00005531311;80.0000000;79.9999447;-5.115397E-06;80.0000000
1793.00010204315;80.0000000;80.0000042;2.409482E-05;80.0000000
1794.0000295639;80.0000000;80.0000638;3.261958E-05;80.0000000
1795.00007629395;80.0000000;80.0000638;1.27133E-05;80.0000000
1796.00012302399;80.0000000;80.0000043;-2.806334E-05;80.0000000
1797.00005054474;80.0000000;79.9999447;-6.39153E-05;80.0000000
1798.00009727478;80.0000000;79.9999447;-2.491063E-05;80.0000000
1799.00014400482;80.0000000;79.9999447;-9.708776E-06;80.0000000
1800.00007152557;80.0000000;80.0000042;3.336162E-05;80.0000000
1801.00011825562;80.0000000;80.0000638;6.598028E-05;80.0000000
1802.00004577637;80.0000000;80.0000638;2.571544E-05;80.0000000
1803.00009250641;80.0000000;79.9999447;-4.546497E-05;80.0000000
1804.00013923645;80.0000000;79.9999447;-1.771971E-05;80.0000000
1805.0000667572;80.0000000;79.9999447;-1.677295E-05;80.0000000
1806.00011348724;80.0000000;80.0000042;1.955135E-05;80.0000000
1807.000041008;80.0000000;80.0000042;7.620029E-06;80.0000000
1808.00008773804;80.0000000;80.0000042;2.969863E-06;80.0000000
1809.00013446808;80.0000000;79.9999447;-3.272701E-05;80.0000000
1810.00006198883;80.0000000;80.0000042;1.631117E-05;80.0000000
1811.00010871887;80.0000000;80.0000042;2.031295E-05;80.0000000
1812.00003623962;80.0000000;80.0000042;7.916859E-06;80.0000000
1813.00008296967;80.0000000;79.9999447;-4.980334E-05;80.0000000
1814.00012969971;80.0000000;79.9999447;-3.336634E-05;80.0000000
1815.00005722046;80.0000000;80.0000042;2.878442E-05;80.0000000
1816.0001039505;80.0000000;80.0000042;1.121856E-05;80.0000000
1817.00003147125;80.0000000;80.0000638;3.050473E-05;80.0000000
1818.00007820129;80.0000000;80.0000043;-1.746053E-05;80.0000000
1819.00012493134;80.0000000;79.9999447;-3.29375E-05;80.0000000
1820.00005245209;80.0000000;79.9999447;-1.283721E-05;80.0000000
1821.00009918213;80.0000000;79.9999447;-5.003229E-06;80.0000000
1822.00014591217;80.0000000;79.9999447;-1.94998E-06;80.0000000
1823.00007343292;80.0000000;80.0000042;2.24298E-05;80.0000000
1824.00012016296;80.0000000;80.0000042;8.741886E-06;80.0000000
1825.00004768372;80.0000000;79.9999447;-3.373846E-05;80.0000000
1826.00009441376;80.0000000;79.9999447;-1.641043E-05;80.0000000
1827.0001411438;80.0000000;79.9999447;-6.395874E-06;80.0000000
1828.00006866455;80.0000000;80.0000042;2.069704E-05;80.0000000
1829.00011539459;80.0000000;80.0000638;3.129532E-05;80.0000000
1830.00004291534;80.0000000;79.9999447;-5.808397E-05;80.0000000
1831.00008964539;80.0000000;79.9999447;-2.26379E-05;80.0000000
1832.00013637543;80.0000000;79.9999447;-8.822992E-06;80.0000000
1833.00006389618;80.0000000;79.9999447;-3.438711E-06;80.0000000
1834.00011062622;80.0000000;80.0000042;2.800936E-05;80.0000000
1835.00003814697;80.0000000;80.0000042;1.091649E-05;80.0000000
1836.00008487701;80.0000000;79.9999447;-4.863425E-05;80.0000000
1837.00013160706;80.0000000;79.9998851;-6.604628E-05;80.0000000
1838.00005912781;80.0000000;79.9998851;-2.574117E-05;80.0000000
1839.00010585785;80.0000000;79.9999446;3.175628E-05;80.0000000
1840.0000333786;80.0000000;80.0000042;3.560559E-05;80.0000000
1841.00008010864;80.0000000;80.0000042;1.387708E-05;80.0000000
1842.00012683868;80.0000000;80.0000042;5.408513E-06;80.0000000
1843.00005435944;80.0000000;80.0000042;2.107937E-06;80.0000000
1844.00010108948;80.0000000;80.0000042;8.215566E-07;80.0000000
1845.00002861023;80.0000000;80.0000043;-1.070971E-05;80.0000000
1846.00007534027;80.0000000;80.0000043;-4.174049E-06;80.0000000
1847.00012207031;80.0000000;80.0000043;-1.626812E-06;80.0000000
1848.00004959106;80.0000000;79.9999447;-4.249303E-05;80.0000000
1849.00009632111;80.0000000;80.0000042;1.075566E-05;80.0000000
1850.00014305115;80.0000000;80.0000042;4.191957E-06;80.0000000
1851.0000705719;80.0000000;79.9999447;-2.1556E-05;80.0000000
1852.00011730194;80.0000000;79.9999447;-8.401328E-06;80.0000000
1853.00004482269;80.0000000;80.0000042;2.607521E-05;80.0000000
1854.00009155273;80.0000000;80.0000638;3.629502E-05;80.0000000
1855.00013828278;80.0000000;80.0001234;4.721955E-05;80.0000000
1856.00006580353;80.0000000;80.0000639;-4.786239E-06;80.0000000
1857.00011253357;80.0000000;80.0000043;-4.372439E-05;80.0000000
1858.00004005432;80.0000000;80.0000042;-7.251824E-06;80.0000000
1859.00008678436;80.0000000;79.9999447;-3.584463E-05;80.0000000
1860.0001335144;80.0000000;80.0000042;9.219547E-06;80.0000000
1861.00006103516;80.0000000;80.0000042;3.593266E-06;80.0000000
1862.0001077652;80.0000000;80.0000042;1.400455E-06;80.0000000
1863.00003528595;80.0000000;80.0000042;5.458195E-07;80.0000000
1864.00008201599;80.0000000;80.0000042;2.127301E-07;80.0000000
1865.00012874603;80.0000000;80.0000638;2.948181E-05;80.0000000
1866.00005626678;80.0000000;80.0000638;1.149037E-05;80.0000000
1867.00010299683;80.0000000;80.0000638;4.478306E-06;80.0000000
1868.00003051758;80.0000000;79.9999447;-6.330337E-05;80.0000000
1869.00007724762;80.0000000;79.9999447;-2.467213E-05;80.0000000
1870.00012397766;80.0000000;80.0000042;1.357397E-05;80.0000000
1871.00005149841;80.0000000;80.0000042;5.290376E-06;80.0000000
1872.00009822845;80.0000000;80.0000042;2.061894E-06;80.0000000
1873.0001449585;80.0000000;80.0000042;8.036116E-07;80.0000000
1874.00007247925;80.0000000;80.0000042;3.132031E-07;80.0000000
1875.00011920929;80.0000000;80.0000042;1.220691E-07;80.0000000
1876.00004673004;80.0000000;79.9999447;-3.709798E-05;80.0000000
1877.00009346008;80.0000000;80.0000042;3.255362E-05;80.0000000
1878.00014019012;80.0000000;80.0000042;1.268759E-05;80.0000000
1879.00006771088;80.0000000;80.0000638;3.434382E-05;80.0000000
1880.00011444092;80.0000000;80.0000638;1.338531E-05;80.0000000
1881.00004196167;80.0000000;80.0000638;5.216848E-06;80.0000000
1882.00008869171;80.0000000;80.0000043;-3.975552E-05;80.0000000
1883.00013542175;80.0000000;80.0000043;-1.549449E-05;80.0000000
1884.0000629425;80.0000000;80.0000042;3.750625E-06;80.0000000
1885.00010967255;80.0000000;80.0000042;1.461785E-06;80.0000000
1886.0000371933;80.0000000;80.0000042;5.697224E-07;80.0000000
1887.00008392334;80.0000000;80.0000042;2.220461E-07;80.0000000
1888.00013065338;80.0000000;80.0000638;2.62189E-05;80.0000000
1889.00005817413;80.0000000;80.0000638;1.021867E-05;80.0000000
1890.00010490417;80.0000000;80.0000638;3.982668E-06;80.0000000
1891.00003242493;80.0000000;80.0000043;-2.779735E-05;80.0000000
1892.00007915497;80.0000000;80.0000043;-1.083386E-05;80.0000000
1893.00012588501;80.0000000;80.0000638;2.512714E-05;80.0000000
1894.00005340576;80.0000000;80.0000638;9.793162E-06;80.0000000
1895.0001001358;80.0000000;80.0000638;3.81683E-06;80.0000000
1896.00014686584;80.0000000;80.0000638;1.487588E-06;80.0000000
1897.0000743866;80.0000000;79.9999447;-8.830034E-05;80.0000000
1898.00012111664;80.0000000;79.9999447;-3.441456E-05;80.0000000
1899.00004863739;80.0000000;79.9999447;-1.341288E-05;80.0000000
1900.00009536743;80.0000000;80.0000638;7.093998E-05;80.0000000
1901.00014209747;80.0000000;80.0000638;2.764846E-05;80.0000000
1902.00006961823;80.0000000;80.0000638;1.077583E-05;80.0000000
1903.00011634827;80.0000000;79.9999447;-7.590981E-05;80.0000000
1904.00004386902;80.0000000;79.9999447;-2.958542E-05;80.0000000
1905.00009059906;80.0000000;79.9999447;-1.153075E-05;80.0000000
1906.0001373291;80.0000000;80.0000042;3.265151E-05;80.0000000
1907.00006484985;80.0000000;80.0000042;1.272574E-05;80.0000000
1908.0001115799;80.0000000;80.0000042;4.959786E-06;80.0000000
1909.00003910065;80.0000000;79.9999447;-4.50793E-05;80.0000000
1910.00008583069;80.0000000;79.9999447;-1.75694E-05;80.0000000
1911.00013256073;80.0000000;80.0000042;2.2502E-05;80.0000000
1912.00006008148;80.0000000;80.0000042;8.770028E-06;80.0000000
1913.00010681152;80.0000000;80.0000042;3.418069E-06;80.0000000
1914.00003433228;80.0000000;80.0000042;1.332173E-06;80.0000000
1915.00008106232;80.0000000;80.0000042;5.19207E-07;80.0000000
1916.00012779236;80.0000000;79.9999447;-5.268653E-05;80.0000000
1917.00005531311;80.0000000;79.9999447;-2.517747E-05;80.0000000
1918.00010204315;80.0000000;80.0000042;1.627574E-05;80.0000000
1919.00014877319;80.0000000;80.0000042;6.343376E-06;80.0000000
1920.00007629395;80.0000000;79.9999447;-3.931646E-05;80.0000000
1921.00012302399;80.0000000;80.0000042;1.402621E-05;80.0000000
1922.00005054474;80.0000000;80.0000042;5.466636E-06;80.0000000
1923.00009727478;80.0000000;80.0000638;3.520435E-05;80.0000000
1924.00014400482;80.0000000;80.0000638;1.37207E-05;80.0000000
1925.00007152557;80.0000000;79.9999447;-7.365699E-05;80.0000000
1926.00011825562;80.0000000;79.9999447;-3.237609E-05;80.0000000
1927.00004577637;80.0000000;79.9999447;-1.26184E-05;80.0000000
1928.00009250641;80.0000000;79.9999447;-4.917949E-06;80.0000000
1929.00013923645;80.0000000;80.0000042;3.110153E-05;80.0000000
1930.0000667572;80.0000000;80.0000042;1.212165E-05;80.0000000
1931.00011348724;80.0000000;80.0000042;4.724343E-06;80.0000000
1932.000041008;80.0000000;80.0000042;1.841286E-06;80.0000000
1933.00008773804;80.0000000;80.0000042;7.176307E-07;80.0000000
1934.00013446808;80.0000000;79.9999447;-4.150906E-05;80.0000000
1935.00006198883;80.0000000;80.0000042;3.671097E-05;80.0000000
1936.00010871887;80.0000000;80.0000042;1.430789E-05;80.0000000
1937.00003623962;80.0000000;80.0000638;3.497532E-05;80.0000000
1938.00008296967;80.0000000;80.0000638;1.363143E-05;80.0000000
1939.00012969971;80.0000000;80.0000043;-2.40368E-05;80.0000000
1940.00005722046;80.0000000;80.0000043;-9.368208E-06;80.0000000
1941.0001039505;80.0000000;80.0000043;-3.651206E-06;80.0000000
1942.00015068054;80.0000000;80.0000638;4.036571E-05;80.0000000
1943.00007820129;80.0000000;80.0000638;1.573231E-05;80.0000000
1944.00012493134;80.0000000;80.0000043;-3.565718E-05;80.0000000
1945.00005245209;80.0000000;79.9999447;-5.110517E-05;80.0000000
1946.00009918213;80.0000000;80.0000042;1.722761E-05;80.0000000
1947.00014591217;80.0000000;80.0000042;6.714363E-06;80.0000000
1948.00007343292;80.0000000;80.0000042;2.616885E-06;80.0000000
1949.00012016296;80.0000000;79.9999447;-4.599243E-05;80.0000000
1950.00004768372;80.0000000;80.0000042;3.49636E-05;80.0000000
1951.00009441376;80.0000000;80.0000042;1.362686E-05;80.0000000
1952.0001411438;80.0000000;80.0000638;3.47099E-05;80.0000000
1953.00006866455;80.0000000;80.0000638;1.352799E-05;80.0000000
1954.00011539459;80.0000000;80.0000043;-3.18731E-05;80.0000000
1955.00004291534;80.0000000;79.9998851;-8.86289E-05;80.0000000
1956.00008964539;80.0000000;79.9998851;-3.454261E-05;80.0000000
1957.00013637543;80.0000000;79.9999446;2.832597E-05;80.0000000
1958.00006389618;80.0000000;80.0000042;4.043879E-05;80.0000000
1959.00011062622;80.0000000;80.0000042;1.576079E-05;80.0000000
1960.00003814697;80.0000000;80.0000042;1.393866E-05;80.0000000
1961.00008487701;80.0000000;80.0000042;5.432516E-06;80.0000000
1962.00013160706;80.0000000;80.0000042;2.117292E-06;80.0000000
1963.00005912781;80.0000000;80.0000042;8.252025E-07;80.0000000
1964.00010585785;80.0000000;80.0000638;2.355038E-05;80.0000000
1965.00015258789;80.0000000;80.0000043;-2.796693E-05;80.0000000
1966.00008010864;80.0000000;80.0000043;-1.089995E-05;80.0000000
1967.00012683868;80.0000000;80.0000043;-4.248195E-06;80.0000000
1968.00005435944;80.0000000;80.0000043;-1.65571E-06;80.0000000
1969.00010108948;80.0000000;80.0000043;-6.453035E-07;80.0000000
1970.00014781952;80.0000000;79.9999447;-2.870386E-05;80.0000000
1971.00007534027;80.0000000;80.0000042;1.816241E-05;80.0000000
1972.00012207031;80.0000000;80.0000638;5.417005E-05;80.0000000
1973.00004959106;80.0000000;80.0000043;-1.603309E-05;80.0000000
1974.00009632111;80.0000000;80.0000043;-6.248804E-06;80.0000000
1975.00014305115;80.0000000;80.0000043;-2.435436E-06;80.0000000
1976.0000705719;80.0000000;80.0000043;-9.491976E-07;80.0000000
1977.00011730194;80.0000000;80.0000043;-3.699444E-07;80.0000000
1978.00004482269;80.0000000;80.0000043;-1.441837E-07;80.0000000
1979.00009155273;80.0000000;79.9999447;-2.94551E-05;80.0000000
1980.00013828278;80.0000000;80.0000042;1.786962E-05;80.0000000
1981.00006580353;80.0000000;80.0000042;3.05039E-05;80.0000000
1982.00011253357;80.0000000;79.9999447;-1.419979E-05;80.0000000
1983.00004005432;80.0000000;80.0000042;1.76555E-05;80.0000000
1984.00008678436;80.0000000;80.0000042;6.881132E-06;80.0000000
1985.0001335144;80.0000000;80.0000638;4.977324E-05;80.0000000
1986.00006103516;80.0000000;80.0000638;1.939883E-05;80.0000000
1987.0001077652;80.0000000;80.0000638;7.560586E-06;80.0000000
1988.00003528595;80.0000000;79.9999447;-8.070105E-05;80.0000000
1989.00008201599;80.0000000;79.9999447;-3.145278E-05;80.0000000
1990.00012874603;80.0000000;80.0000042;1.709104E-05;80.0000000
1991.00005626678;80.0000000;80.0000042;1.188473E-05;80.0000000
1992.00010299683;80.0000000;79.9999447;-2.145651E-05;80.0000000
1993.00014972687;80.0000000;80.0000042;2.878301E-05;80.0000000
1994.00007724762;80.0000000;79.9999447;-3.166705E-05;80.0000000
1995.00012397766;80.0000000;79.9999447;-1.234205E-05;80.0000000
1996.00005149841;80.0000000;80.0000042;2.540555E-05;80.0000000
1997.00009822845;80.0000000;80.0000638;5.699303E-05;80.0000000
1998.0001449585;80.0000000;80.0000638;2.221271E-05;80.0000000
1999.00007247925;80.0000000;80.0000043;-2.848828E-05;80.0000000
2000;80.0000000;80.0000043;-1.110315E-05;80.0000000
2001.00016593933;80.0000000;80.0000043;-4.327389E-06;80.0000000
2002.00009346008;80.0000000;79.9999447;-3.476034E-05;80.0000000
2003.00002098083;80.0000000;79.9999447;-1.354765E-05;80.0000000
2004.00018692017;80.0000000;80.0000042;2.406946E-05;80.0000000
2005.00011444092;80.0000000;80.0000042;1.525748E-05;80.0000000
2006.00004196167;80.0000000;80.0000042;1.704666E-05;80.0000000
2007.000207901;80.0000000;80.0000042;6.643837E-06;80.0000000
2008.00013542175;80.0000000;79.9999447;-2.060039E-05;80.0000000
2009.0000629425;80.0000000;79.9999447;-8.028887E-06;80.0000000
2009.99999046326;80.0000000;80.0000042;2.988906E-05;80.0000000
2011.00015640259;80.0000000;80.0000042;1.164909E-05;80.0000000
2012.00008392334;80.0000000;80.0000042;4.540167E-06;80.0000000
2013.00001144409;80.0000000;80.0000043;-1.679049E-05;80.0000000
2014.00017738342;80.0000000;79.9999447;-5.952178E-05;80.0000000
2015.00010490417;80.0000000;79.9999447;-2.319828E-05;80.0000000
2016.00003242493;80.0000000;80.0000042;2.030818E-05;80.0000000
2017.00019836426;80.0000000;79.9999447;-3.909735E-05;80.0000000
2018.00012588501;80.0000000;79.9999447;-1.81367E-05;80.0000000
2019.00005340576;80.0000000;80.0000042;2.489638E-05;80.0000000
2019.99998092651;80.0000000;79.9999447;-4.318567E-05;80.0000000
2021.00014686584;80.0000000;80.0000042;1.251821E-05;80.0000000
2022.0000743866;80.0000000;80.0000042;1.180866E-05;80.0000000
2023.00000190735;80.0000000;79.9999447;-4.240999E-05;80.0000000
2024.00016784668;80.0000000;80.0000042;6.660736E-06;80.0000000
2025.00009536743;80.0000000;80.0000042;2.595984E-06;80.0000000
2026.00002288818;80.0000000;80.0000042;1.01177E-06;80.0000000
2027.00018882751;80.0000000;80.0000042;3.943317E-07;80.0000000
2028.00011634827;80.0000000;80.0000042;1.536886E-07;80.0000000
2029.00004386902;80.0000000;80.0000638;2.619226E-05;80.0000000
2030.00020980835;80.0000000;80.0000638;1.020828E-05;80.0000000
2031.0001373291;80.0000000;80.0000043;-1.921117E-05;80.0000000
2032.00006484985;80.0000000;80.0000043;-7.487444E-06;80.0000000
2032.99999237061;80.0000000;80.0000638;3.010009E-05;80.0000000
2034.00015830994;80.0000000;80.0000043;-2.128694E-05;80.0000000
2035.00008583069;80.0000000;79.9999447;-4.02957E-05;80.0000000
2036.00001335144;80.0000000;79.9999447;-1.98323E-05;80.0000000
2037.00017929077;80.0000000;80.0000042;4.515937E-05;80.0000000
2038.00010681152;80.0000000;80.0000042;1.760061E-05;80.0000000
2039.00003433228;80.0000000;80.0000638;3.625864E-05;80.0000000
2040.00020027161;80.0000000;80.0000043;-3.288074E-05;80.0000000
2041.00012779236;80.0000000;80.0000042;-7.661729E-06;80.0000000
2042.00005531311;80.0000000;79.9999447;-2.617591E-05;80.0000000
2042.99998283386;80.0000000;79.9999447;-1.020191E-05;80.0000000
2044.00014877319;80.0000000;80.0000042;3.316942E-05;80.0000000
2045.00007629395;80.0000000;80.0000638;5.478658E-05;80.0000000
2046.0000038147;80.0000000;80.0000638;2.135276E-05;80.0000000
2047.00016975403;80.0000000;80.0000043;-3.869023E-05;80.0000000
2048.00009727478;80.0000000;79.9999447;-4.121166E-05;80.0000000
2049.00002479553;80.0000000;80.0000042;2.572675E-05;80.0000000
2050.00019073486;80.0000000;80.0000042;1.002685E-05;80.0000000
2051.00011825562;80.0000000;80.0000042;3.907909E-06;80.0000000
2052.00004577637;80.0000000;80.0000042;7.399631E-06;80.0000000
2053.0002117157;80.0000000;80.0000042;2.968434E-05;80.0000000
2054.00013923645;80.0000000;80.0000042;1.156931E-05;80.0000000
2055.0000667572;80.0000000;80.0000638;2.773783E-05;80.0000000
2055.99999427795;80.0000000;80.0000638;1.081067E-05;80.0000000
2057.00016021729;80.0000000;80.0000638;4.213396E-06;80.0000000
2058.00008773804;80.0000000;80.0000638;1.642147E-06;80.0000000
2059.00001525879;80.0000000;80.0000638;6.400175E-07;80.0000000
2060.00018119812;80.0000000;80.0000638;2.494432E-07;80.0000000
2061.00010871887;80.0000000;79.9999447;-6.319928E-05;80.0000000
2062.00003623962;80.0000000;80.0000042;-1.441774E-06;80.0000000
2063.00020217896;80.0000000;80.0000042;-5.619231E-07;80.0000000
2064.00012969971;80.0000000;80.0000042;-2.190064E-07;80.0000000
2065.00005722046;80.0000000;80.0000638;2.931355E-05;80.0000000
2065.99998474121;80.0000000;80.0000638;1.142479E-05;80.0000000
2067.00015068054;80.0000000;80.0000043;-2.163577E-05;80.0000000
2068.00007820129;80.0000000;79.9999447;-5.02914E-05;80.0000000
2069.00000572205;80.0000000;79.9999447;-1.960079E-05;80.0000000
2070.00017166138;80.0000000;80.0000042;2.537898E-05;80.0000000
2071.00009918213;80.0000000;80.0000638;3.312008E-05;80.0000000
2072.00002670288;80.0000000;80.0000043;-1.644121E-05;80.0000000
2073.00019264221;80.0000000;79.9999447;-3.948163E-05;80.0000000
2074.00012016296;80.0000000;80.0000042;1.763053E-05;80.0000000
2075.00004768372;80.0000000;80.0000042;6.8714E-06;80.0000000
2076.00021362305;80.0000000;80.0000638;3.207699E-05;80.0000000
2077.0001411438;80.0000000;80.0001234;5.436081E-05;80.0000000
2078.00006866455;80.0000000;80.0000639;-2.582553E-05;80.0000000
2078.9999961853;80.0000000;80.0000043;-5.192434E-05;80.0000000
2080.00016212463;80.0000000;80.0000043;-2.023722E-05;80.0000000
2081.00008964539;80.0000000;80.0000043;-7.887341E-06;80.0000000
2082.00001716614;80.0000000;80.0000638;2.627553E-05;80.0000000
2083.00018310547;80.0000000;80.0001234;6.321851E-05;80.0000000
2084.00011062622;80.0000000;80.0000639;1.449268E-06;80.0000000
2085.00003814697;80.0000000;80.0000043;-5.241294E-05;80.0000000
2086.0002040863;80.0000000;79.9999447;-5.350141E-05;80.0000000
2087.00013160706;80.0000000;79.9999447;-2.085187E-05;80.0000000
2088.00005912781;80.0000000;80.0000042;2.489137E-05;80.0000000
2088.99998664856;80.0000000;80.0000638;3.910017E-05;80.0000000
2090.00015258789;80.0000000;80.0000638;1.523907E-05;80.0000000
2091.00008010864;80.0000000;80.0000638;5.939341E-06;80.0000000
2092.00000762939;80.0000000;79.9999447;-6.424274E-05;80.0000000
2093.00017356873;80.0000000;79.9999447;-2.503825E-05;80.0000000
2094.00010108948;80.0000000;80.0000042;3.203024E-05;80.0000000
2095.00002861023;80.0000000;80.0000042;1.24836E-05;80.0000000
2096.00019454956;80.0000000;80.0000638;3.099777E-05;80.0000000
2097.00012207031;80.0000000;79.9999447;-8.20225E-05;80.0000000
2098.00004959106;80.0000000;79.9999447;-3.196781E-05;80.0000000
2099.0002155304;80.0000000;80.0000042;2.468629E-05;80.0000000
2100.00014305115;80.0000000;80.0000042;9.621342E-06;80.0000000
2101.0000705719;80.0000000;80.0000638;2.988222E-05;80.0000000
2101.99999809265;80.0000000;80.0000638;1.164643E-05;80.0000000
2103.00016403198;80.0000000;80.0000043;-2.154939E-05;80.0000000
2104.00009155273;80.0000000;80.0000043;-8.398752E-06;80.0000000
2105.00001907349;80.0000000;80.0000043;-2.41972E-05;80.0000000
2106.00018501282;80.0000000;80.0000043;-9.430724E-06;80.0000000
2107.00011253357;80.0000000;80.0000638;2.241294E-05;80.0000000
2108.00004005432;80.0000000;80.0000638;8.735316E-06;80.0000000
2109.00020599365;80.0000000;80.0000638;3.40454E-06;80.0000000
2110.0001335144;80.0000000;80.0000043;-3.581865E-05;80.0000000
2111.00006103516;80.0000000;79.9999447;-5.11681E-05;80.0000000
2111.99998855591;80.0000000;79.9999447;-1.994248E-05;80.0000000
2113.00015449524;80.0000000;80.0000042;3.923988E-05;80.0000000
2114.00008201599;80.0000000;80.0000042;1.529352E-05;80.0000000
2115.00000953674;80.0000000;80.0000638;3.209292E-05;80.0000000
2116.00017547607;80.0000000;80.0000638;1.250804E-05;80.0000000
2117.00010299683;80.0000000;79.9999447;-4.734594E-05;80.0000000
2118.00003051758;80.0000000;79.9999447;-1.845281E-05;80.0000000
2119.00019645691;80.0000000;79.9999447;-7.191879E-06;80.0000000
2120.00012397766;80.0000000;80.0000042;2.038679E-05;80.0000000
2121.00005149841;80.0000000;80.0000042;7.945639E-06;80.0000000
2122.00021743774;80.0000000;79.9999447;-4.391558E-05;80.0000000
2123.0001449585;80.0000000;79.9999447;-1.711585E-05;80.0000000
2124.00007247925;80.0000000;80.0000042;4.621808E-05;80.0000000
2125;80.0000000;80.0000042;1.801324E-05;80.0000000
2126.00016593933;80.0000000;80.0000638;4.887954E-05;80.0000000
2127.00009346008;80.0000000;80.0000638;1.905053E-05;80.0000000
2128.00002098083;80.0000000;80.0000638;7.424835E-06;80.0000000
2129.00018692017;80.0000000;79.9999447;-5.259363E-05;80.0000000
2130.00011444092;80.0000000;79.9998851;-4.663043E-05;80.0000000
2131.00004196167;80.0000000;80.0000042;6.193568E-05;80.0000000
2132.000207901;80.0000000;80.0000638;7.123044E-05;80.0000000
2133.00013542175;80.0000000;80.0000638;2.776166E-05;80.0000000
2134.0000629425;80.0000000;80.0000638;1.081995E-05;80.0000000
2134.99999046326;80.0000000;80.0000638;4.217014E-06;80.0000000
2136.00015640259;80.0000000;80.0000043;-2.770602E-05;80.0000000
2137.00008392334;80.0000000;80.0000043;-1.079827E-05;80.0000000
2138.00001144409;80.0000000;79.9999447;-4.141655E-05;80.0000000
2139.00017738342;80.0000000;79.9999447;-1.940293E-05;80.0000000
2140.00010490417;80.0000000;80.0000042;1.852633E-05;80.0000000
2141.00003242493;80.0000000;80.0000638;3.044929E-05;80.0000000
2142.00019836426;80.0000000;80.0000638;1.186744E-05;80.0000000
2143.00012588501;80.0000000;79.9999447;-6.658329E-05;80.0000000
2144.00005340576;80.0000000;79.9999447;-2.595046E-05;80.0000000
2145.00021934509;80.0000000;79.9999447;-1.011404E-05;80.0000000
2146.00014686584;80.0000000;80.0000042;3.784686E-05;80.0000000
2147.0000743866;80.0000000;80.0000638;6.184196E-05;80.0000000
2148.00000190735;80.0000000;80.0000638;2.410255E-05;80.0000000
2149.00016784668;80.0000000;80.0000638;9.393833E-06;80.0000000
2150.00009536743;80.0000000;80.0000043;-4.92277E-05;80.0000000
2151.00002288818;80.0000000;79.9999447;-4.858512E-05;80.0000000
2152.00018882751;80.0000000;79.9998851;-4.216453E-05;80.0000000
2153.00011634827;80.0000000;79.9998851;-1.643339E-05;80.0000000
2154.00004386902;80.0000000;80.0000638;6.941263E-05;80.0000000
2155.00020980835;80.0000000;80.0001234;5.645208E-05;80.0000000
2156.0001373291;80.0000000;80.0000639;-1.514368E-05;80.0000000
2157.00006484985;80.0000000;80.0000043;-3.897593E-05;80.0000000
2157.99999237061;80.0000000;79.9999447;-3.841941E-05;80.0000000
2159.00015830994;80.0000000;79.9999447;-1.497375E-05;80.0000000
2160.00008583069;80.0000000;79.9999447;-5.835934E-06;80.0000000
2161.00001335144;80.0000000;80.0000638;7.389305E-05;80.0000000
2162.00017929077;80.0000000;80.0000638;2.87994E-05;80.0000000
2163.00010681152;80.0000000;79.9999447;-5.998416E-05;80.0000000
2164.00003433228;80.0000000;79.9999447;-2.337849E-05;80.0000000
2165.00020027161;80.0000000;80.0000042;3.790071E-05;80.0000000
2166.00012779236;80.0000000;80.0000042;1.477159E-05;80.0000000
2167.00005531311;80.0000000;80.0000638;3.515604E-05;80.0000000
2168.00022125244;80.0000000;80.0000638;1.370187E-05;80.0000000
2169.00014877319;80.0000000;80.0000638;5.340226E-06;80.0000000
2170.00007629395;80.0000000;79.9999447;-4.724083E-05;80.0000000
2171.0000038147;80.0000000;79.9999447;-1.841185E-05;80.0000000
2172.00016975403;80.0000000;80.0000042;4.106978E-05;80.0000000
2173.00009727478;80.0000000;80.0000638;4.626636E-05;80.0000000
2174.00002479553;80.0000000;80.0000638;1.803205E-05;80.0000000
2175.00019073486;80.0000000;80.0000043;-3.476086E-05;80.0000000
2176.00011825562;80.0000000;79.9999447;-4.141981E-05;80.0000000
2177.00004577637;80.0000000;79.9999447;-1.614314E-05;80.0000000
2178.0002117157;80.0000000;80.0000042;4.072065E-05;80.0000000
2179.00013923645;80.0000000;80.0000042;1.587064E-05;80.0000000
2180.0000667572;80.0000000;80.0000638;3.231785E-05;80.0000000
2180.99999427795;80.0000000;80.0000638;1.25957E-05;80.0000000
2182.00016021729;80.0000000;80.0000638;4.909101E-06;80.0000000
2183.00008773804;80.0000000;80.0000638;1.913295E-06;80.0000000
2184.00001525879;80.0000000;80.0000043;-4.104305E-05;80.0000000
2185.00018119812;80.0000000;79.9999447;-5.785529E-05;80.0000000
2186.00010871887;80.0000000;79.9999447;-2.254877E-05;80.0000000
2187.00003623962;80.0000000;80.0000042;3.30005E-05;80.0000000
2188.00020217896;80.0000000;80.0000042;1.286176E-05;80.0000000
2189.00012969971;80.0000000;80.0000042;5.012797E-06;80.0000000
2190.00005722046;80.0000000;79.9999447;-3.000656E-05;80.0000000
2191.00022315979;80.0000000;79.9999447;-1.169489E-05;80.0000000
2192.00015068054;80.0000000;79.9999447;-4.558016E-06;80.0000000
2193.00007820129;80.0000000;80.0000042;2.605652E-05;80.0000000
2194.00000572205;80.0000000;80.0000042;1.015538E-05;80.0000000
2195.00017166138;80.0000000;80.0000042;1.505814E-05;80.0000000
2196.00009918213;80.0000000;80.0000042;5.868824E-06;80.0000000
2197.00002670288;80.0000000;80.0000042;2.287341E-06;80.0000000
2198.00019264221;80.0000000;79.9999447;-3.368169E-05;80.0000000
2199.00012016296;80.0000000;80.0000042;1.006254E-05;80.0000000
2200.00004768372;80.0000000;79.9999447;-2.909646E-05;80.0000000
2201.00021362305;80.0000000;80.0000042;4.154872E-05;80.0000000
2202.0001411438;80.0000000;80.0000042;1.619338E-05;80.0000000
2203.00006866455;80.0000000;80.0000042;6.311277E-06;80.0000000
2203.9999961853;80.0000000;80.0000042;2.459785E-06;80.0000000
2205.00016212463;80.0000000;79.9999447;-3.618687E-05;80.0000000
2206.00008964539;80.0000000;80.0000042;2.768512E-05;80.0000000
2207.00001716614;80.0000000;79.9999447;-3.099864E-05;80.0000000
2208.00018310547;80.0000000;80.0000042;2.970721E-05;80.0000000
2209.00011062622;80.0000000;80.0000042;1.157822E-05;80.0000000
2210.00003814697;80.0000000;80.0000042;4.512544E-06;80.0000000
2211.0002040863;80.0000000;80.0000042;1.758739E-06;80.0000000
2212.00013160706;80.0000000;80.0000042;6.854585E-07;80.0000000
2213.00005912781;80.0000000;80.0000042;2.671536E-07;80.0000000
2213.99998664856;80.0000000;80.0000042;1.041216E-07;80.0000000
2215.00015258789;80.0000000;79.9999447;-3.820129E-05;80.0000000
2216.00008010864;80.0000000;80.0000042;1.446084E-05;80.0000000
2217.00000762939;80.0000000;80.0000042;5.636031E-06;80.0000000
2218.00017356873;80.0000000;80.0000638;2.542538E-05;80.0000000
2219.00010108948;80.0000000;80.0000638;9.909398E-06;80.0000000
2220.00002861023;80.0000000;80.0000043;-3.792662E-05;80.0000000
2221.00019454956;80.0000000;79.9999447;-5.664067E-05;80.0000000
2222.00012207031;80.0000000;79.9999447;-2.207538E-05;80.0000000
2223.00004959106;80.0000000;80.0000042;3.3185E-05;80.0000000
2224.0002155304;80.0000000;80.0000042;1.293367E-05;80.0000000
2225.00014305115;80.0000000;80.0000042;5.040824E-06;80.0000000
2226.0000705719;80.0000000;80.0000042;1.964633E-06;80.0000000
2226.99999809265;80.0000000;80.0000042;7.657044E-07;80.0000000
2228.00016403198;80.0000000;80.0000042;2.98429E-07;80.0000000
2229.00009155273;80.0000000;80.0000042;1.16311E-07;80.0000000
2230.00001907349;80.0000000;80.0000042;4.533155E-08;80.0000000
2231.00018501282;80.0000000;80.0000042;1.766772E-08;80.0000000
2232.00011253357;80.0000000;80.0000638;2.613924E-05;80.0000000
2233.00004005432;80.0000000;80.0000638;1.018762E-05;80.0000000
2234.00020599365;80.0000000;80.0000638;3.970569E-06;80.0000000
2235.0001335144;80.0000000;80.0000043;-2.164228E-05;80.0000000
2236.00006103516;80.0000000;80.0000043;-8.434957E-06;80.0000000
2236.99998855591;80.0000000;80.0000043;-3.287477E-06;80.0000000
2238.00015449524;80.0000000;79.9999447;-4.837263E-05;80.0000000
2239.00008201599;80.0000000;80.0000042;7.235552E-06;80.0000000
2240.00000953674;80.0000000;79.9999447;-3.432554E-05;80.0000000
2241.00017547607;80.0000000;80.0000042;2.968223E-05;80.0000000
2242.00010299683;80.0000000;80.0000042;1.156848E-05;80.0000000
2243.00003051758;80.0000000;80.0000042;4.508749E-06;80.0000000
2244.00019645691;80.0000000;80.0000042;1.75726E-06;80.0000000
2245.00012397766;80.0000000;79.9999447;-2.250491E-05;80.0000000
2246.00005149841;80.0000000;79.9999447;-8.771161E-06;80.0000000
2247.00021743774;80.0000000;80.0000042;2.593107E-05;80.0000000
2248.0001449585;80.0000000;79.9999447;-4.278241E-05;80.0000000
2249.00007247925;80.0000000;80.0000042;2.156767E-05;80.0000000
2250;80.0000000;80.0000042;8.405879E-06;80.0000000
2251.00016593933;80.0000000;80.0000042;3.276144E-06;80.0000000
2252.00009346008;80.0000000;79.9999447;-3.58687E-05;80.0000000
2253.00002098083;80.0000000;79.9999447;-1.397962E-05;80.0000000
2254.00018692017;80.0000000;79.9999447;-5.448479E-06;80.0000000
2255.00011444092;80.0000000;80.0000042;4.488883E-05;80.0000000
2256.00004196167;80.0000000;80.0000042;1.749517E-05;80.0000000
2257.000207901;80.0000000;80.0000042;6.818643E-06;80.0000000
2258.00013542175;80.0000000;79.9999447;-4.435482E-05;80.0000000
2259.0000629425;80.0000000;79.9999447;-1.728704E-05;80.0000000
2259.99999046326;80.0000000;80.0000042;4.615136E-05;80.0000000
2261.00015640259;80.0000000;80.0000638;6.507859E-05;80.0000000
2262.00008392334;80.0000000;80.0000638;2.536401E-05;80.0000000
2263.00001144409;80.0000000;80.0000638;9.88548E-06;80.0000000
2264.00017738342;80.0000000;79.9999447;-6.637345E-05;80.0000000
2265.00010490417;80.0000000;79.9999447;-2.586868E-05;80.0000000
2266.00003242493;80.0000000;79.9999446;1.370141E-05;80.0000000
2267.00019836426;80.0000000;80.0000042;3.841381E-05;80.0000000
2268.00012588501;80.0000000;80.0000042;1.497157E-05;80.0000000
2269.00005340576;80.0000000;80.0000638;5.292644E-05;80.0000000
2270.00021934509;80.0000000;80.0000043;-1.651778E-05;80.0000000
2271.00014686584;80.0000000;79.9999447;-3.951148E-05;80.0000000
2272.0000743866;80.0000000;80.0000042;2.638938E-05;80.0000000
2273.00000190735;80.0000000;80.0000042;1.028511E-05;80.0000000
2274.00016784668;80.0000000;79.9999447;-4.300379E-05;80.0000000
2275.00009536743;80.0000000;80.0000042;1.25891E-05;80.0000000
2276.00002288818;80.0000000;80.0000042;4.906529E-06;80.0000000
2277.00018882751;80.0000000;79.9999447;-2.12775E-05;80.0000000
2278.00011634827;80.0000000;80.0000042;2.105679E-05;80.0000000
2279.00004386902;80.0000000;80.0000638;4.128053E-05;80.0000000
2280.00020980835;80.0000000;80.0000043;-3.680004E-05;80.0000000
2281.0001373291;80.0000000;79.9999447;-4.741638E-05;80.0000000
2282.00006484985;80.0000000;79.9999447;-1.848027E-05;80.0000000
2282.99999237061;80.0000000;80.0000042;4.568631E-05;80.0000000
2284.00015830994;80.0000000;80.0000638;6.489734E-05;80.0000000
2285.00008583069;80.0000000;80.0000638;2.529337E-05;80.0000000
2286.00001335144;80.0000000;80.0000043;-1.623057E-05;80.0000000
2287.00017929077;80.0000000;80.0000043;-6.325771E-06;80.0000000
2288.00010681152;80.0000000;80.0000043;-2.465434E-06;80.0000000
2289.00003433228;80.0000000;80.0000043;-9.608889E-07;79.9990000
2290.00020027161;79.9999782;80.0000043;-3.745011E-07;79.9990000
2291.00012779236;80.0001289;80.0000638;2.920362E-05;79.9990000
2292.00005531311;79.9992998;79.9996466;-0.0003009206;79.9990000
2293.00022125244;79.9989681;79.9988122;-0.0006088031;79.9990000
2294.00014877319;79.9990000;79.9983353;-0.0004974928;79.9990000
2295.00007629395;79.9990000;79.9982757;-0.0002171238;79.9990000
2296.0000038147;79.9990000;79.9986333;0.0001537546;79.9990000
2297.00016975403;79.9990000;79.9991697;0.0003810651;79.9990000
2298.00009727478;79.9990000;79.9997061;0.0004656202;79.9980000
2299.00002479553;79.9989782;79.9998850;0.0002727368;79.9980000
2300.00019073486;79.9991289;79.9998850;0.0001062976;79.9980000
2301.00011825562;79.9982998;79.9992890;-0.0003941096;79.9980000
2302.00004577637;79.9979681;79.9982161;-0.0007992361;79.9980000
2303.0002117157;79.9980000;79.9975009;-0.0007313018;79.9980000
2304.00013923645;79.9980000;79.9974413;-0.0003144197;79.9970000
2305.0000667572;79.9979782;79.9976200;1.408223E-05;79.9970000
2305.99999427795;79.9981289;79.9981564;0.0003442038;79.9970000
2307.00016021729;79.9972998;79.9983352;0.0002129115;79.9970000
2308.00008773804;79.9969681;79.9978585;-0.0002295629;79.9960000
2309.00001525879;79.9969782;79.9976201;-0.0002329763;79.9960000
2310.00018119812;79.9971289;79.9975604;-0.0001045437;79.9960000
2311.00010871887;79.9962998;79.9973221;-0.0002257054;79.9960000
2312.00003623962;79.9959681;79.9966068;-0.0005217897;79.9950000
2313.00020217896;79.9959782;79.9962492;-0.0004031726;79.9950000
2314.00012969971;79.9961289;79.9962491;-0.000146121;79.9950000
2315.00005722046;79.9952998;79.9963087;-3.372108E-05;79.9940000
2316.00022315979;79.9949463;79.9957127;-0.0003581411;79.9940000
2317.00015068054;79.9951289;79.9955935;-0.0002000202;79.9930000
2318.00007820129;79.9942780;79.9953551;-0.0002346121;79.9930000
2319.00000572205;79.9940970;79.9948783;-0.0003555632;79.9930000
2320.00017166138;79.9932998;79.9944014;-0.0004313516;79.9920000
2321.00009918213;79.9929463;79.9936862;-0.0005709205;79.9920000
2322.00002670288;79.9931289;79.9934478;-0.0003384811;79.9910000
2323.00019264221;79.9922780;79.9932093;-0.0002924659;79.9910000
2324.00012016296;79.9920970;79.9927921;-0.0003788245;79.9900000
2325.00004768372;79.9912780;79.9924345;-0.0003965244;79.9900000
2326.00021362305;79.9910970;79.9918384;-0.0004936559;79.9900000
2327.0001411438;79.9902998;79.9913616;-0.0004932528;79.9890000
2328.00006866455;79.9899463;79.9906463;-0.0006236007;79.9890000
2328.9999961853;79.9901289;79.9905271;-0.0002993474;79.9870000
2330.00016212463;79.9892561;79.9903483;-0.0002440627;79.9870000
2331.00008964539;79.9892260;79.9898715;-0.0003739182;79.9860000
2332.00001716614;79.9875777;79.9890966;-0.0006804789;79.9850000
2333.00018310547;79.9870433;79.9876661;-0.001109955;79.9850000
2334.00011062622;79.9864287;79.9868316;-0.0009353201;79.9840000
2335.00003814697;79.9852461;79.9859376;-0.0008964013;79.9830000
2336.0002040863;79.9850752;79.9852819;-0.000722816;79.9830000
2337.00013160706;79.9844287;79.9851031;-0.0003980316;79.9820000
2338.00005912781;79.9832461;79.9843282;-0.0006583992;79.9810000
2339.00022506714;79.9830752;79.9836130;-0.0007101191;79.9800000
2340.00015258789;79.9824069;79.9832554;-0.0005166646;79.9790000
2341.00008010864;79.9813750;79.9824805;-0.0007020141;79.9790000
2342.00000762939;79.9803968;79.9815268;-0.0008474009;79.9780000
2343.00017356873;79.9792461;79.9802751;-0.001094793;79.9770000
2344.00010108948;79.9790752;79.9793811;-0.0009366581;79.9760000
2345.00002861023;79.9784069;79.9789042;-0.0006551283;79.9750000
2346.00019454956;79.9773750;79.9782486;-0.0006789286;79.9740000
2347.00012207031;79.9763750;79.9773545;-0.0008097925;79.9730000
2348.00004959106;79.9753750;79.9762816;-0.0009679344;79.9720000
2349.0002155304;79.9743750;79.9752087;-0.001045777;79.9710000
2350.00014305115;79.9733750;79.9741358;-0.001075666;79.9700000
2351.0000705719;79.9723750;79.9730630;-0.001080648;79.9690000
2351.99999809265;79.9713750;79.9720497;-0.001029001;79.9670000
2353.00016403198;79.9703532;79.9710960;-0.0009719239;79.9660000
2354.00009155273;79.9695039;79.9700827;-0.0009820748;79.9650000
2355.00001907349;79.9676748;79.9687118;-0.001267281;79.9640000
2356.00018501282;79.9663431;79.9668045;-0.001631005;79.9630000
2357.00011253357;79.9653750;79.9653144;-0.001489833;79.9610000
2358.00004005432;79.9643532;79.9642415;-0.001208514;79.9600000
2359.00020599365;79.9635039;79.9635858;-0.0008816284;79.9600000
2360.0001335144;79.9616966;79.9625725;-0.001016283;79.9570000
2361.00006103516;79.9601705;79.9607844;-0.001474643;79.9560000
2362.00022697449;79.9603331;79.9597115;-0.001155673;79.9550000
2363.00015449524;79.9580064;79.9585194;-0.001230202;79.9530000
2364.00008201599;79.9562894;79.9561352;-0.001917537;79.9520000
2365.00000953674;79.9555039;79.9545855;-0.001651022;79.9500000
2366.00017547607;79.9536530;79.9533934;-0.001377786;79.9490000
2367.00010299683;79.9524720;79.9520225;-0.001357401;79.9470000
2368.00003051758;79.9506530;79.9510092;-0.00117173;79.9460000
2369.00019645691;79.9494720;79.9495787;-0.001292106;79.9440000
2370.00012397766;79.9476530;79.9482078;-0.001350447;79.9420000
2371.00005149841;79.9464502;79.9465985;-0.001481736;79.9410000
2372.00021743774;79.9448037;79.9451680;-0.001450464;79.9410000
2373.0001449585;79.9426647;79.9432606;-0.001722343;79.9370000
2374.00007247925;79.9411487;79.9412341;-0.001869324;79.9360000
2375;79.9414620;79.9405188;-0.001072894;79.9340000
2376.00016593933;79.9382844;79.9392671;-0.001286099;79.9320000
2377.00009346008;79.9363864;79.9364657;-0.002211509;79.9300000
2378.00002098083;79.9347819;79.9344988;-0.002055665;79.9280000
2379.00018692017;79.9327500;79.9325914;-0.001959002;79.9260000
2380.00011444092;79.9307500;79.9308033;-0.001850955;79.9240000
2381.00004196167;79.9287500;79.9290747;-0.001763671;79.9240000
2382.000207901;79.9267936;79.9272270;-0.00179729;79.9200000
2383.00013542175;79.9244485;79.9250812;-0.002028091;79.9180000
2384.0000629425;79.9244083;79.9238295;-0.001491163;79.9180000
2385.00022888184;79.9214570;79.9223394;-0.001600515;79.9140000
2386.00015640259;79.9183847;79.9190612;-0.002625369;79.9120000
2387.00008392334;79.9184083;79.9170346;-0.002143646;79.9100000
2388.00001144409;79.9154133;79.9156041;-0.001799443;79.9070000
2389.00017738342;79.9126644;79.9127431;-0.002467114;79.9050000
2390.00010490417;79.9108789;79.9105377;-0.002290344;79.9030000
2391.00003242493;79.9080498;79.9084515;-0.002206;79.9000000
2392.00019836426;79.9056963;79.9060673;-0.002289737;79.9000000
2393.00012588501;79.9039226;79.9042196;-0.001984383;79.8980000
2394.00005340576;79.9007919;79.9020738;-0.002116556;79.8930000
2395.00021934509;79.9000531;79.9000473;-0.001980238;79.8930000
2396.00014686584;79.8992442;79.8995704;-0.001068068;79.8910000
2397.0000743866;79.8943914;79.8968286;-0.002243397;79.8880000
2398.00000190735;79.8930330;79.8931331;-0.003001589;79.8830000
2399.00016784668;79.8918773;79.8915834;-0.002075594;79.8800000
2400.00009536743;79.8894148;79.8900933;-0.001740252;79.8800000
2401.00002288818;79.8847900;79.8866362;-0.002895445;79.8750000
2402.00018882751;79.8806308;79.8815698;-0.004221729;79.8720000
2403.00011634827;79.8804836;79.8785896;-0.003305684;79.8690000
2404.00004386902;79.8768202;79.8768611;-0.002438279;79.8670000
2405.00020980835;79.8730830;79.8733444;-0.003099176;79.8640000
2406.0001373291;79.8699961;79.8700661;-0.003177914;79.8610000
2407.00006484985;79.8678252;79.8676820;-0.002634919;79.8580000
2408.00023078918;79.8651569;79.8657150;-0.0021972;79.8550000
2409.00015830994;79.8621250;79.8632712;-0.00235028;79.8520000
2410.00008583069;79.8591250;79.8605890;-0.002555579;79.8490000
2411.00001335144;79.8561250;79.8576088;-0.002822814;79.8490000
2412.00017929077;79.8531905;79.8545689;-0.002973325;79.8420000
2413.00010681152;79.8496509;79.8512907;-0.003156785;79.8390000
2414.00003433228;79.8497414;79.8494429;-0.002216398;79.8360000
2415.00020027161;79.8444198;79.8468799;-0.002651353;79.8330000
2416.00012779236;79.8399974;79.8410983;-0.004583111;79.8290000
2417.00005531311;79.8371032;79.8363895;-0.0046095;79.8290000
2418.00022125244;79.8343194;79.8331113;-0.003753599;79.8230000
2419.00014877319;79.8299725;79.8299522;-0.003413165;79.8190000
2420.00007629395;79.8295588;79.8281641;-0.002285477;79.8160000
2421.0000038147;79.8252489;79.8266144;-0.0020194;79.8120000
2422.00016975403;79.8203073;79.8218460;-0.003753159;79.8080000
2423.00009727478;79.8172002;79.8170776;-0.004295511;79.8050000
2424.00002479553;79.8135537;79.8130841;-0.004104435;79.8010000
2425.00019073486;79.8093711;79.8092098;-0.003978959;79.8010000
2426.00011825562;79.8062875;79.8057527;-0.003621869;79.7940000
2427.00004577637;79.8019507;79.8025341;-0.003384073;79.7900000
2428.0002117157;79.8016877;79.8005671;-0.002386746;79.7900000
2429.00013923645;79.7966142;79.7984810;-0.002412088;79.7820000
2430.0000667572;79.7908013;79.7924609;-0.004658229;79.7780000
2431.00023269653;79.7908167;79.7887654;-0.003850596;79.7780000
2432.00016021729;79.7849139;79.7856064;-0.003626511;79.7700000
2433.00008773804;79.7787694;79.7790498;-0.005414311;79.7660000
2434.00001525879;79.7788167;79.7757716;-0.003855649;79.7620000
2435.00018119812;79.7728267;79.7733874;-0.003155933;79.7620000
2436.00010871887;79.7674597;79.7677250;-0.004705231;79.7540000
2437.00003623962;79.7628970;79.7625990;-0.004920688;79.7490000
2438.00020217896;79.7627948;79.7600956;-0.003254501;79.7450000
2439.00012969971;79.7569556;79.7578902;-0.00283023;79.7410000
2440.00005722046;79.7506722;79.7516913;-0.004963421;79.7360000
2441.00022315979;79.7464463;79.7457905;-0.005476696;79.7320000
2442.00015068054;79.7426289;79.7412009;-0.004853764;79.7270000
2443.00007820129;79.7377780;79.7372074;-0.004333079;79.7230000
2444.00000572205;79.7335970;79.7335119;-0.003906812;79.7180000
2445.00017166138;79.7287780;79.7296972;-0.003868617;79.7140000
2446.00009918213;79.7245970;79.7254653;-0.004076675;79.7140000
2447.00002670288;79.7198871;79.7212333;-0.004219468;79.7090000
2448.00019264221;79.7149305;79.7164650;-0.004530129;79.6990000
2449.00012016296;79.7142989;79.7139020;-0.00313752;79.6940000
2450.00004768372;79.7116791;79.7131867;-0.001754295;79.6900000
2451.00021362305;79.7023957;79.7072262;-0.004681407;79.6900000
2452.0001411438;79.6956957;79.6973319;-0.007843393;79.6800000
2453.00006866455;79.6908214;79.6894641;-0.007701941;79.6750000
2454.00023460388;79.6910527;79.6867819;-0.004353499;79.6700000
2455.00016212463;79.6835333;79.6848745;-0.003136662;79.6640000
2456.00008964539;79.6766937;79.6781392;-0.005367295;79.6590000
2457.00001716614;79.6720039;79.6718807;-0.005857609;79.6540000
2458.00018310547;79.6661748;79.6661586;-0.005790698;79.6490000
2459.00011062622;79.6608431;79.6604962;-0.00567641;79.6430000
2460.00003814697;79.6558532;79.6557874;-0.005063812;79.6380000
2461.0002040863;79.6510039;79.6514363;-0.004609278;79.6330000
2462.00013160706;79.6451748;79.6466679;-0.004769566;79.6270000
2463.00005912781;79.6398213;79.6411843;-0.005219535;79.6210000
2464.00022506714;79.6349821;79.6359987;-0.00517702;79.6160000
2465.00015258789;79.6293037;79.6306343;-0.005345534;79.6100000
2466.00008010864;79.6231211;79.6244950;-0.005872313;79.6050000
2467.00000762939;79.6179720;79.6184749;-0.005942324;79.5990000
2468.00017356873;79.6121530;79.6128721;-0.005744027;79.5930000
2469.00010108948;79.6069502;79.6073289;-0.005592356;79.5870000
2470.00002861023;79.6012819;79.6020241;-0.005439172;79.5810000
2471.00019454956;79.5952500;79.5961828;-0.00570045;79.5750000
2472.00012207031;79.5892500;79.5899243;-0.006035675;79.5690000
2473.00004959106;79.5832500;79.5836062;-0.006226573;79.5630000
2474.0002155304;79.5772500;79.5774669;-0.006183208;79.5570000
2475.00014305115;79.5712500;79.5714469;-0.006064809;79.5510000
2476.0000705719;79.5652500;79.5655460;-0.005944512;79.5450000
2477.00023651123;79.5592500;79.5595855;-0.005937226;79.5380000
2478.00016403198;79.5532282;79.5536251;-0.005959276;79.5380000
2479.00009155273;79.5475099;79.5477838;-0.005903493;79.5260000
2480.00001907349;79.5396452;79.5410485;-0.006470988;79.5190000
2481.00018501282;79.5391713;79.5369358;-0.00474258;79.5130000
2482.00011253357;79.5303689;79.5331807;-0.004495964;79.5060000
2483.00004005432;79.5213366;79.5230479;-0.008037691;79.4990000
2484.00020599365;79.5153252;79.5137496;-0.008714457;79.4990000
2485.0001335144;79.5088096;79.5061798;-0.007974904;79.4860000
2486.00006103516;79.5005915;79.4990272;-0.007491029;79.4790000
2487.00022697449;79.5003002;79.4959278;-0.004485442;79.4720000
2488.00015449524;79.4906469;79.4929476;-0.003988141;79.4650000
2489.00008201599;79.4814337;79.4829340;-0.00776945;79.4580000
2490.00000953674;79.4746250;79.4733972;-0.008794184;79.4510000
2491.00017547607;79.4676250;79.4651718;-0.008379743;79.4440000
2492.00010299683;79.4606250;79.4581980;-0.00749535;79.4370000
2493.00003051758;79.4536250;79.4521184;-0.006637113;79.4300000
2494.00019645691;79.4466250;79.4459791;-0.006351883;79.4300000
2495.00012397766;79.4397777;79.4394226;-0.006523753;79.4150000
2496.00005149841;79.4315479;79.4321508;-0.007019601;79.4080000
2497.00021743774;79.4315581;79.4283361;-0.004720334;79.4010000
2498.0001449585;79.4202464;79.4236870;-0.005154684;79.3930000
2499.00007247925;79.4103481;79.4113488;-0.009577123;79.3860000
2500;79.4037539;79.4012160;-0.009776024;79.3780000
2501.00016593933;79.3959030;79.3929906;-0.008767401;79.3700000
2502.00009346008;79.3887002;79.3859572;-0.007651073;79.3700000
2503.00002098083;79.3812065;79.3797583;-0.006799549;79.3550000
2504.00018692017;79.3718158;79.3723078;-0.007245125;79.3470000
2505.00011444092;79.3715044;79.3681354;-0.005010592;79.3390000
2506.00004196167;79.3603535;79.3636055;-0.005190755;79.3310000
2507.000207901;79.3497768;79.3510289;-0.009763386;79.3230000
2508.00013542175;79.3420000;79.3398232;-0.0105447;79.3150000
2509.0000629425;79.3340000;79.3309421;-0.009449229;79.3150000
2510.00022888184;79.3261746;79.3234915;-0.008162685;79.2990000
2511.00015640259;79.3167939;79.3162794;-0.007580801;79.2910000
2512.00008392334;79.3166333;79.3129415;-0.004614198;79.2820000
2513.00001144409;79.3046315;79.3086500;-0.004964613;79.2740000
2514.00017738342;79.2938738;79.2955966;-0.009999416;79.2660000
2515.00010490417;79.2852998;79.2834372;-0.01126341;79.2570000
2516.00003242493;79.2769463;79.2731256;-0.01058796;79.2480000
2517.00019836426;79.2691071;79.2652578;-0.008838957;79.2400000
2518.00012588501;79.2604287;79.2583437;-0.007657485;79.2310000
2519.00005340576;79.2512461;79.2507739;-0.007647953;79.2220000
2520.00021934509;79.2430752;79.2426080;-0.007968012;79.2140000
2521.00014686584;79.2344287;79.2342038;-0.008291047;79.2050000
2522.0000743866;79.2252461;79.2249651;-0.008907357;79.1960000
2523.00000190735;79.2170752;79.2159648;-0.00892417;79.1870000
2524.00016784668;79.2084069;79.2076201;-0.008584335;79.1780000
2525.00009536743;79.1993750;79.1990967;-0.008556605;79.1690000
2526.00002288818;79.1903750;79.1904540;-0.008604077;79.1600000
2527.00018882751;79.1813750;79.1815133;-0.008836363;79.1500000
2528.00011634827;79.1723532;79.1724534;-0.008986748;79.1410000
2529.00004386902;79.1635039;79.1633935;-0.009017675;79.1320000
2530.00020980835;79.1536748;79.1536779;-0.009473135;79.1220000
2531.0001373291;79.1443213;79.1436047;-0.009816994;79.1130000
2532.00006484985;79.1355039;79.1343064;-0.009458022;79.1030000
2533.00023078918;79.1256530;79.1249485;-0.00943316;79.0940000
2534.00015830994;79.1164720;79.1152925;-0.009544494;79.0840000
2535.00008583069;79.1066530;79.1056962;-0.009609642;79.0740000
2536.00001335144;79.0974502;79.0959210;-0.009697982;79.0640000
2537.00017929077;79.0877819;79.0863843;-0.009626403;79.0540000
2538.00010681152;79.0777500;79.0763707;-0.009906416;79.0450000
2539.00003433228;79.0677718;79.0662975;-0.01001299;79.0350000
2540.00020027161;79.0576211;79.0562243;-0.01002997;79.0240000
2541.00012779236;79.0484284;79.0465684;-0.009768927;79.0240000
2542.00005531311;79.0391290;79.0376277;-0.009285931;79.0140000
2543.00022125244;79.0267604;79.0269584;-0.01023547;79.0040000
2544.00014877319;79.0247204;79.0199251;-0.007851048;78.9840000
2545.00007629395;79.0178507;79.0176601;-0.004569532;78.9840000
2546.0000038147;79.0092576;79.0109248;-0.006068409;78.9730000
2547.00016975403;78.9894366;78.9954872;-0.01235341;78.9630000
2548.00009727478;78.9845623;78.9792747;-0.01406981;78.9420000
2549.00002479553;78.9771287;78.9728970;-0.0092828;78.9310000
2550.00019073486;78.9681146;78.9655657;-0.008112642;78.9200000
2551.00011825562;78.9491546;78.9520354;-0.01198343;78.9090000
2552.00004577637;78.9348061;78.9323659;-0.01657223;78.8990000
2553.0002117157;78.9241468;78.9172859;-0.01540797;78.8990000
2554.00013923645;78.9132361;78.9061994;-0.01261824;78.8770000
2555.0000667572;78.9011669;78.8970799;-0.01038515;78.8660000
2556.00023269653;78.9012777;78.8945168;-0.005132348;78.8540000
2557.00016021729;78.8847515;78.8903446;-0.005336945;78.8430000
2558.00008773804;78.8699031;78.8737149;-0.0123552;78.8320000
2559.00001525879;78.8584248;78.8577409;-0.01445179;78.8210000
2560.00018119812;78.8470931;78.8441510;-0.01379933;78.8090000
2561.00010871887;78.8361032;78.8332433;-0.01194094;78.7980000
2562.00003623962;78.8252539;78.8239450;-0.01030668;78.7860000
2563.00020217896;78.8134030;78.8142295;-0.01000383;78.7750000
2564.00012969971;78.8022220;78.8034410;-0.01049607;78.7630000
2565.00005722046;78.7904030;78.7919969;-0.01111549;78.7510000
2566.00022315979;78.7792002;78.7801356;-0.0115716;78.7400000
2567.00015068054;78.7675537;78.7687511;-0.01146813;78.7280000
2568.00007820129;78.7553711;78.7568898;-0.01173821;78.7160000
2569.00000572205;78.7442002;78.7454457;-0.01154516;78.7040000
2570.00017166138;78.7325319;78.7341804;-0.01140189;78.6920000
2571.00009918213;78.7205000;78.7222595;-0.01175577;78.6800000
2572.00002670288;78.7085000;78.7102194;-0.01193753;78.6670000
2573.00019264221;78.6964782;78.6980004;-0.01208991;78.6550000
2574.00012016296;78.6846289;78.6860199;-0.01200476;78.6430000
2575.00004768372;78.6717998;78.6736221;-0.01229206;78.6300000
2576.00021362305;78.6594463;78.6609859;-0.01249417;78.6180000
2577.0001411438;78.6476289;78.6488266;-0.01225987;78.6050000
2578.00006866455;78.6347780;78.6364884;-0.0123788;78.5930000
2579.00023460388;78.6225970;78.6237330;-0.01263495;78.5930000
2580.00016212463;78.6100616;78.6109180;-0.01280304;78.5670000
2581.00008964539;78.5956154;78.5970897;-0.01342868;78.5540000
2582.00001716614;78.5956860;78.5904736;-0.008663582;78.5420000
2583.00018310547;78.5762085;78.5827846;-0.008923182;78.5290000
2584.00011062622;78.5583315;78.5615654;-0.01652482;78.5160000
2585.00003814697;78.5465752;78.5436840;-0.01710248;78.5020000
2586.0002040863;78.5338851;78.5298557;-0.01498347;78.4890000
2587.00013160706;78.5210039;78.5180540;-0.01299446;78.4890000
2588.00005912781;78.5074584;78.5063715;-0.01223907;78.4760000
2589.00022506714;78.4921669;78.4927816;-0.01311386;78.4630000
2590.00015258789;78.4899779;78.4852118;-0.009134887;78.4490000
2591.00008010864;78.4812678;78.4833045;-0.004962711;78.4360000
2592.00000762939;78.4680039;78.4739465;-0.007982465;78.4220000
2593.00017356873;78.4541530;78.4593434;-0.01220783;78.4090000
2594.00010108948;78.4409720;78.4428329;-0.0148276;78.3810000
2595.00002861023;78.4268475;78.4270973;-0.01536525;78.3680000
2596.00019454956;78.4157772;78.4131498;-0.01441645;78.3540000
2597.00012207031;78.3903498;78.3931823;-0.01847042;78.3400000
2598.00004959106;78.3725038;78.3669562;-0.02293005;78.3260000
2599.0002155304;78.3592819;78.3494324;-0.01926927;78.3120000
2600.00014305115;78.3452500;78.3372135;-0.01479613;78.2970000
2601.0000705719;78.3312282;78.3270807;-0.0119083;78.2830000
2602.00023651123;78.3173789;78.3168287;-0.01093911;78.2690000
2603.00016403198;78.3025498;78.3044905;-0.01192951;78.2690000
2604.00009155273;78.2885236;78.2899470;-0.01359438;78.2400000
2605.00001907349;78.2721176;78.2741518;-0.01497046;78.2250000
2606.00018501282;78.2719654;78.2663436;-0.009886932;78.2110000
2607.00011253357;78.2503220;78.2577009;-0.01008087;78.1960000
2608.00004005432;78.2300496;78.2333822;-0.0189041;78.1810000
2609.00020599365;78.2163252;78.2124014;-0.0199023;78.1810000
2610.0001335144;78.2019842;78.1957121;-0.01779577;78.1670000
2611.00006103516;78.1847128;78.1803937;-0.01625792;78.1520000
2612.00022697449;78.1819995;78.1729431;-0.01017125;78.1220000
2613.00015449524;78.1724763;78.1724663;-0.004450172;78.1070000
2614.00008201599;78.1595909;78.1643600;-0.007092509;78.0910000
2615.00000953674;78.1320998;78.1419487;-0.01738021;78.0760000
2616.00017547607;78.1122756;78.1104774;-0.02573161;78.0610000
2617.00010299683;78.0969248;78.0881853;-0.0232567;78.0450000
2618.00003051758;78.0815713;78.0722708;-0.01856175;78.0300000
2619.00019645691;78.0667539;78.0598135;-0.01474043;78.0140000
2620.00012397766;78.0509030;78.0474753;-0.01331542;78.0140000
2621.00005149841;78.0360493;78.0339451;-0.01349148;77.9830000
2622.00021743774;78.0176416;78.0180306;-0.01507949;77.9670000
2623.0001449585;78.0171377;78.0092091;-0.01053268;77.9510000
2624.00007247925;77.9940069;78.0000896;-0.01063565;77.9350000
2625.00023841858;77.9725216;77.9760689;-0.01888574;77.9190000
2626.00016593933;77.9570000;77.9555053;-0.0197278;77.9030000
2627.00009346008;77.9410000;77.9378624;-0.01837321;77.8870000
2628.00002098083;77.9250000;77.9215903;-0.01704729;77.8710000
2629.00018692017;77.9090000;77.9059739;-0.01615843;77.8550000
2630.00011444092;77.8930000;77.8906555;-0.01565573;77.8380000
2631.00004196167;77.8769782;77.8753371;-0.01545738;77.8220000
2632.000207901;77.8611289;77.8600783;-0.01529766;77.8050000
2633.00013542175;77.8442780;77.8446407;-0.01540931;77.7890000
2634.0000629425;77.8280970;77.8291435;-0.01543342;77.7890000
2635.00022888184;77.8116489;77.8134079;-0.01565896;77.7720000
2636.00015640259;77.7928833;77.7955861;-0.01705295;77.7550000
2637.00008392334;77.7903107;77.7851553;-0.0122954;77.7390000
2638.00001144409;77.7789390;77.7814002;-0.007379594;77.7220000
2639.00017738342;77.7612461;77.7681083;-0.01137917;77.7050000
2640.00010490417;77.7450752;77.7495117;-0.01588468;77.6710000
2641.00003242493;77.7280359;77.7299018;-0.01811511;77.6530000
2642.00019836426;77.7135451;77.7121992;-0.01774332;77.6360000
2643.00012588501;77.6826001;77.6877017;-0.02258349;77.6190000
2644.00005340576;77.6591326;77.6558728;-0.0279667;77.6010000
2645.00021934509;77.6423213;77.6331634;-0.02435073;77.5840000
2646.00014686584;77.6255039;77.6173086;-0.01895926;77.5660000
2647.0000743866;77.6076530;77.6037187;-0.01567375;77.5490000
2648.00024032593;77.5904720;77.5899501;-0.01453632;77.5310000
2649.00016784668;77.5726530;77.5746913;-0.01507949;77.5130000
2650.00009536743;77.5554502;77.5577039;-0.01623714;77.4950000
2651.00002288818;77.5377819;77.5401802;-0.01703784;77.4770000
2652.00018882751;77.5197500;77.5228948;-0.0171939;77.4590000
2653.00011634827;77.5017500;77.5054903;-0.01737466;77.4410000
2654.00004386902;77.4837500;77.4875493;-0.01776335;77.4410000
2655.00020980835;77.4661428;77.4686546;-0.01846549;77.4050000
2656.0001373291;77.4450364;77.4479718;-0.01984452;77.3860000
2657.00006484985;77.4446531;77.4371834;-0.01340031;77.3680000
2658.00023078918;77.4178489;77.4259777;-0.01324301;77.3500000
2659.00015830994;77.3924757;77.3965330;-0.02323807;77.3500000
2660.00008583069;77.3751109;77.3710818;-0.02425482;77.3120000
2661.00001335144;77.3539927;77.3502202;-0.0220059;77.2940000
2662.00017929077;77.3539328;77.3426503;-0.01223905;77.2940000
2663.00010681152;77.3257123;77.3340077;-0.01139126;77.2750000
2664.00003433228;77.2977695;77.3036093;-0.02320888;77.2370000
2665.00020027161;77.2950466;77.2855491;-0.01896889;77.2180000
2666.00012779236;77.2851807;77.2812576;-0.01016523;77.1990000
2667.00005531311;77.2498207;77.2597999;-0.01831326;77.1800000
2668.00022125244;77.2245191;77.2252292;-0.02799726;77.1600000
2669.00014877319;77.2061032;77.2000761;-0.02585958;77.1410000
2670.00007629395;77.1872539;77.1807046;-0.02173815;77.1220000
2671.00024223328;77.1674248;77.1631212;-0.01918538;77.1020000
2672.00016975403;77.1480713;77.1455974;-0.01817854;77.0830000
2673.00009727478;77.1292539;77.1277160;-0.01803902;77.0630000
2674.00002479553;77.1094030;77.1082849;-0.01896993;77.0430000
2675.00019073486;77.0902002;77.0882578;-0.01961735;77.0240000
2676.00011825562;77.0705537;77.0691843;-0.01925202;77.0040000
2677.00004577637;77.0503711;77.0506472;-0.01880466;77.0040000
2678.0002117157;77.0316366;77.0321698;-0.01860888;76.9640000
2679.00013923645;77.0085168;77.0114870;-0.01997538;76.9440000
2680.0000667572;77.0080833;76.9999833;-0.01387612;76.9230000
2681.00023269653;76.9781115;76.9866318;-0.01485022;76.9030000
2682.00016021729;76.9509911;76.9540281;-0.02576027;76.8830000
2683.00008773804;76.9307998;76.9259543;-0.02683073;76.8620000
2684.00001525879;76.9104463;76.9034238;-0.02394586;76.8420000
2685.00018119812;76.8906289;76.8846483;-0.02067537;76.8210000
2686.00010871887;76.8697780;76.8669457;-0.01890583;76.8010000
2687.00003623962;76.8495970;76.8484683;-0.01868795;76.7800000
2688.00020217896;76.8287780;76.8290372;-0.01921227;76.7590000
2689.00012969971;76.8085752;76.8085928;-0.01994758;76.7380000
2690.00005722046;76.7879069;76.7883272;-0.02012569;76.7170000
2691.00022315979;76.7668750;76.7681212;-0.02014627;76.6960000
2692.00015068054;76.7458750;76.7477960;-0.02027165;76.6750000
2693.00007820129;76.7248750;76.7271728;-0.02052009;76.6750000
2694.00024414063;76.7043332;76.7058940;-0.02101914;76.6330000
2695.00017166138;76.6797091;76.6827674;-0.02234866;76.6330000
2696.00009918213;76.6797456;76.6707868;-0.01499865;76.6110000
2697.00002670288;76.6451105;76.6563625;-0.01605317;76.5900000
2698.00019264221;76.6340390;76.6317458;-0.02037497;76.5680000
2699.00012016296;76.6198227;76.6205401;-0.01484495;76.5470000
2700.00004768372;76.5979720;76.6023607;-0.01718976;76.5030000
2701.00021362305;76.5756729;76.5801282;-0.02041606;76.4820000
2702.0001411438;76.5578087;76.5580148;-0.0214;76.4600000
2703.00006866455;76.5177480;76.5252919;-0.02934149;76.4380000
2704.00023460388;76.4892486;76.4839859;-0.03618451;76.4380000
2705.00016212463;76.4687619;76.4562697;-0.0304877;76.3930000
2706.00008964539;76.4429115;76.4351101;-0.02460867;76.3710000
2707.00001716614;76.4426205;76.4291495;-0.0121185;76.3490000
2708.00018310547;76.4088464;76.4208050;-0.01143457;76.3270000
2709.00011062622;76.3785165;76.3867707;-0.02546035;76.3270000
2710.00003814697;76.3577300;76.3554187;-0.02880342;76.2820000
2711.0002040863;76.3319115;76.3281793;-0.02759211;76.2590000
2712.00013160706;76.3315987;76.3181658;-0.01563392;76.2590000
2713.00005912781;76.2984554;76.3085694;-0.01348501;76.2360000
2714.00022506714;76.2639579;76.2732238;-0.0270994;76.1910000
2715.00015258789;76.2602502;76.2517066;-0.02232704;76.1680000
2716.00008010864;76.2481951;76.2461037;-0.01229159;76.1450000
2717.00024604797;76.2062200;76.2194009;-0.0225645;76.1220000
2718.00017356873;76.1759234;76.1772008;-0.03434559;76.0980000
2719.00010108948;76.1536032;76.1456103;-0.03216694;76.0750000
2720.00002861023;76.1307539;76.1218281;-0.02678626;76.0520000
2721.00019454956;76.1069248;76.1011452;-0.02303324;76.0520000
2722.00012207031;76.0840950;76.0805220;-0.02162722;76.0050000
2723.00004959106;76.0571358;76.0575146;-0.02255421;75.9810000
2724.0002155304;76.0568029;76.0454745;-0.01505942;75.9580000
2725.00014305115;76.0216820;76.0312290;-0.01613013;75.9340000
2726.0000705719;75.9891376;75.9936781;-0.02930672;75.9100000
2727.00023651123;75.9667002;75.9625048;-0.0299796;75.8860000
2728.00016403198;75.9430319;75.9380073;-0.02644151;75.8620000
2729.00009155273;75.9190000;75.9155960;-0.02392902;75.8380000
2730.00001907349;75.8950000;75.8935423;-0.02278183;75.8140000
2731.00018501282;75.8710000;75.8704157;-0.02305271;75.7900000
2732.00011253357;75.8470000;75.8462758;-0.02374593;75.7660000
2733.00004005432;75.8230000;75.8217187;-0.02422988;75.7410000
2734.00020599365;75.7989782;75.7976384;-0.02409556;75.7170000
2735.0001335144;75.7751289;75.7743330;-0.02356827;75.6920000
2736.00006103516;75.7502780;75.7512660;-0.02329669;75.6680000
2737.00022697449;75.7260970;75.7278414;-0.02335308;75.6430000
2738.00015449524;75.7012780;75.7039995;-0.0236983;75.6180000
2739.00008201599;75.6770752;75.6793828;-0.02427338;75.5940000
2740.00024795532;75.6524287;75.6544680;-0.02469611;75.5690000
2741.00017547607;75.6272461;75.6285996;-0.02543471;75.5440000
2742.00010299683;75.6030752;75.6033272;-0.02529607;75.5190000
2743.00003051758;75.5784069;75.5789489;-0.02470105;75.5190000
2744.00019645691;75.5539205;75.5541534;-0.02479892;75.4930000
2745.00012397766;75.5251298;75.5276293;-0.02591903;75.4680000
2746.00005149841;75.5210096;75.5129666;-0.01788899;75.4170000
2747.00021743774;75.5029047;75.5087943;-0.01002999;75.3920000
2748.0001449585;75.4806955;75.4913301;-0.01516415;75.3660000
2749.00007247925;75.4341473;75.4516334;-0.03162601;75.3410000
2750.00023841858;75.4006748;75.3984065;-0.04422942;75.3150000
2751.00016593933;75.3756530;75.3625841;-0.03836496;75.2890000
2752.00009346008;75.3504502;75.3384442;-0.02927401;75.2890000
2753.00002098083;75.3253492;75.3189535;-0.0233083;75.2370000
2754.00018692017;75.2948303;75.2964825;-0.0230029;75.2110000
2755.00011444092;75.2943082;75.2851577;-0.01473915;75.2110000
2756.00004196167;75.2559406;75.2692432;-0.01728173;75.1590000
2757.000207901;75.2160012;75.2245993;-0.03414509;75.1330000
2758.00013542175;75.2163082;75.2019496;-0.02540008;75.1060000
2759.0000629425;75.1773515;75.1843662;-0.02208044;75.1060000
2760.00022888184;75.1426171;75.1449675;-0.03270597;75.0800000
2761.00015640259;75.1126974;75.1095028;-0.03412654;75.0270000
2762.00008392334;75.1073348;75.0915618;-0.02280641;75.0270000
2763.00024986267;75.0946278;75.0901313;-0.01009212;75.0000000
2764.00017738342;75.0414697;75.0596733;-0.02444664;74.9470000
2765.00010490417;75.0276346;75.0211687;-0.03160261;74.9200000
2766.00003242493;75.0143384;75.0062079;-0.02136667;74.8930000
2767.00019836426;74.9649191;74.9731273;-0.03005593;74.8660000
2768.00012588501;74.9292958;74.9257416;-0.04029491;74.8380000
2769.00005340576;74.9031032;74.8914690;-0.03604251;74.8110000
2770.00021934509;74.8762539;74.8658390;-0.02941202;74.7840000
2771.00014686584;74.8484248;74.8434276;-0.02512535;74.7560000
2772.0000743866;74.8210713;74.8200626;-0.02411008;74.7290000
2773.00024032593;74.7942539;74.7950287;-0.02478092;74.7010000
2774.00016784668;74.7664030;74.7680874;-0.02618066;74.6740000
2775.00009536743;74.7392220;74.7401924;-0.02720205;74.6460000
2776.00002288818;74.7114030;74.7127146;-0.02738071;74.6180000
2777.00018882751;74.6842002;74.6860714;-0.02688003;74.6180000
2778.00011634827;74.6571429;74.6597857;-0.02657085;74.5620000
2779.00004386902;74.6242788;74.6305198;-0.02831173;74.5340000
2780.00020980835;74.6237166;74.6152014;-0.01907858;74.5060000
2781.0001373291;74.5817866;74.5971412;-0.02034971;74.5060000
2782.00006484985;74.5442180;74.5510668;-0.03617053;74.4500000
2783.00023078918;74.5122788;74.5097608;-0.03887239;74.4210000
2784.00015830994;74.5116947;74.4925351;-0.02394529;74.3930000
2785.00008583069;74.4699156;74.4787068;-0.01947551;74.3640000
2786.00001335144;74.4308850;74.4382353;-0.03250808;74.3360000
2787.00017929077;74.4035970;74.4021148;-0.03439145;74.3070000
2788.00010681152;74.3747780;74.3711204;-0.03214598;74.2780000
2789.00003433228;74.3465752;74.3430466;-0.02952071;74.2490000
2790.00020027161;74.3179069;74.3167610;-0.02755341;74.2210000
2791.00012779236;74.2888968;74.2895813;-0.02739439;74.1920000
2792.00005531311;74.2597461;74.2610903;-0.02812042;74.1620000
2793.00022125244;74.2315534;74.2324204;-0.02844533;74.1330000
2794.00014877319;74.2030358;74.2040486;-0.02843412;74.1040000
2795.00007629395;74.1731748;74.1746039;-0.02911124;74.0750000
2796.00024223328;74.1438431;74.1446228;-0.02961627;74.0450000
2797.00016975403;74.1148532;74.1149397;-0.02964019;74.0160000
2798.00009727478;74.0860039;74.0854950;-0.02952504;73.9860000
2799.00002479553;74.0561530;74.0555138;-0.02985877;73.9570000
2800.00019073486;74.0269720;74.0252943;-0.03003376;73.9270000
2801.00011825562;73.9971530;73.9952535;-0.03003515;73.8970000
2802.00004577637;73.9679502;73.9654512;-0.02983846;73.8670000
2803.0002117157;73.9382819;73.9362449;-0.02945616;73.8370000
2804.00013923645;73.9082500;73.9067406;-0.0294899;73.8070000
2805.0000667572;73.8782500;73.8771171;-0.02956816;73.8070000
2806.00023269653;73.8489046;73.8472552;-0.02978417;73.7770000
2807.00016021729;73.8143819;73.8153667;-0.03115447;73.7470000
2808.00008773804;73.8092568;73.7973065;-0.02180876;73.6860000
2809.00001525879;73.7885303;73.7920017;-0.01227231;73.6560000
2810.00018119812;73.7622470;73.7720341;-0.01763711;73.6250000
2811.00010871887;73.7065212;73.7260194;-0.03669155;73.5950000
2812.00003623962;73.6663903;73.6648054;-0.05106654;73.5950000
2813.00020217896;73.6372044;73.6224861;-0.04494889;73.5330000
2814.00012969971;73.6016518;73.5908360;-0.03644707;73.5020000
2815.00005722046;73.6013609;73.5812992;-0.01852425;73.4710000
2816.00022315979;73.5549066;73.5683055;-0.01730265;73.4400000
2817.00015068054;73.5126364;73.5221119;-0.03519042;73.4090000
2818.00007820129;73.4826250;73.4799714;-0.0390468;73.3780000
2819.00024414063;73.4516250;73.4450431;-0.03622785;73.3470000
2820.00017166138;73.4206250;73.4157176;-0.03183973;73.3160000
2821.00009918213;73.3896250;73.3896107;-0.02831192;73.2840000
2822.00002670288;73.3586032;73.3624906;-0.02772742;73.2840000
2823.00019264221;73.3284304;73.3326287;-0.02919571;73.2210000
2824.00012016296;73.2912295;73.2974024;-0.03306129;73.1890000
2825.00004768372;73.2904043;73.2783289;-0.02298216;73.1580000
2826.00021362305;73.2433353;73.2572884;-0.02387872;73.1260000
2827.0001411438;73.1998824;73.2065053;-0.04041279;73.0940000
2828.00006866455;73.1697002;73.1638880;-0.04121688;73.0620000
2829.00023460388;73.1380319;73.1299133;-0.03650415;73.0300000
2830.00016212463;73.1060000;73.1003494;-0.03217582;72.9980000
2831.00008964539;73.0740000;73.0719180;-0.02996897;72.9660000
2832.00001716614;73.0420000;73.0419368;-0.03011127;72.9330000
2833.00018310547;73.0099782;73.0096311;-0.031511;72.9010000
2834.00011062622;72.9781289;72.9766698;-0.03236963;72.8690000
2835.00003814697;72.9452998;72.9434700;-0.0328716;72.8360000
2836.0002040863;72.9129463;72.9108662;-0.03265339;72.8040000
2837.00013160706;72.8811289;72.8799314;-0.03156244;72.7710000
2838.00005912781;72.8482780;72.8489966;-0.0312149;72.7380000
2839.00022506714;72.8160752;72.8171081;-0.03165323;72.7050000
2840.00015258789;72.7834069;72.7846236;-0.03224297;72.6720000
2841.00008010864;72.7503750;72.7508278;-0.03323347;72.6390000
2842.00024604797;72.7173750;72.7167339;-0.03372314;72.6060000
2843.00017356873;72.6843750;72.6830573;-0.03365575;72.5730000
2844.00010108948;72.6513750;72.6502151;-0.03314198;72.5400000
2845.00002861023;72.6183750;72.6179690;-0.03260913;72.5070000
2846.00019454956;72.5853750;72.5858421;-0.03230955;72.4730000
2847.00012207031;72.5523532;72.5535364;-0.03233128;72.4400000
2848.00004959106;72.5195039;72.5211115;-0.03241488;72.4060000
2849.0002155304;72.4856530;72.4877925;-0.03303295;72.3730000
2850.00014305115;72.4524720;72.4537582;-0.03365035;72.3390000
2851.0000705719;72.4186530;72.4194259;-0.03409627;72.3050000
2852.00023651123;72.3854502;72.3851533;-0.03415973;72.2710000
2853.00016403198;72.3517819;72.3516555;-0.03374259;72.2370000
2854.00009155273;72.3177500;72.3179192;-0.03374764;72.2030000
2855.00001907349;72.2837500;72.2840042;-0.03387102;72.2030000
2856.00018501282;72.2504919;72.2498507;-0.03408673;72.1690000
2857.00011253357;72.2113662;72.2130151;-0.03585318;72.1350000
2858.00004005432;72.2055577;72.1925111;-0.02489604;72.1010000
2859.00020599365;72.1828343;72.1866102;-0.01397579;72.0320000
2860.0001335144;72.1469863;72.1612186;-0.02175238;72.0320000
2861.00006103516;72.1190047;72.1255750;-0.03052987;71.9630000
2862.00022697449;72.0500945;72.0668049;-0.04933762;71.9280000
2863.00015449524;72.0379325;72.0160813;-0.04769978;71.8940000
2864.00008201599;71.9874553;71.9834180;-0.0399652;71.8590000
2865.00024795532;71.9399118;71.9297738;-0.04818026;71.8240000
2866.00017547607;71.9068252;71.8881101;-0.04357897;71.7890000
2867.00010299683;71.8721569;71.8549700;-0.03693695;71.7540000
2868.00003051758;71.8371250;71.8253464;-0.03238916;71.7190000
2869.00019645691;71.8021250;71.7969150;-0.02996485;71.6840000
2870.00012397766;71.7671250;71.7674703;-0.02972567;71.6480000
2871.00005149841;71.7321032;71.7360587;-0.03084318;71.6130000
2872.00021743774;71.6972539;71.7027397;-0.0324409;71.5780000
2873.0001449585;71.6614248;71.6673941;-0.03434001;71.5420000
2874.00007247925;71.6260713;71.6306777;-0.03578199;71.5060000
2875.00023841858;71.5912321;71.5939612;-0.03631443;71.4710000
2876.00016593933;71.5555537;71.5573044;-0.03652991;71.4350000
2877.00009346008;71.5193711;71.5202899;-0.03680047;71.3990000
2878.00002098083;71.4842002;71.4841099;-0.03634639;71.3990000
2879.00018692017;71.4493174;71.4487047;-0.03582223;71.3270000
2880.00011444092;71.4070728;71.4107961;-0.03719085;71.2910000
2881.00004196167;71.4063499;71.3929743;-0.02364617;71.2550000
2882.000207901;71.3524399;71.3715763;-0.02472567;71.2190000
2883.00013542175;71.3033519;71.3144154;-0.04467169;71.1830000
2884.0000629425;71.2685000;71.2649436;-0.04705655;71.1460000
2885.00022888184;71.2324782;71.2246508;-0.04256477;71.1100000
2886.00015640259;71.1966289;71.1904378;-0.03727281;71.0730000
2887.00008392334;71.1597780;71.1580128;-0.0343454;71.0370000
2888.00024986267;71.1235970;71.1242170;-0.03409867;71.0000000
2889.00017738342;71.0867780;71.0880966;-0.03547157;70.9630000
2890.00010490417;71.0505752;71.0501284;-0.03699867;70.9260000
2891.00003242493;71.0139069;71.0121603;-0.03756624;70.8900000
2892.00019836426;70.9768968;70.9744305;-0.03763016;70.8530000
2893.00012588501;70.9397461;70.9375353;-0.03714675;70.8160000
2894.00005340576;70.9035752;70.9015937;-0.03633412;70.7780000
2895.00021934509;70.8668851;70.8661289;-0.03581651;70.7410000
2896.00014686584;70.8300039;70.8298297;-0.0361289;70.7040000
2897.0000743866;70.7921748;70.7924576;-0.03694791;70.6670000
2898.00024032593;70.7548431;70.7543702;-0.03763017;70.6290000
2899.00016784668;70.7178532;70.7169385;-0.03747416;70.5920000
2900.00009536743;70.6810039;70.6805200;-0.0368079;70.5540000
2901.00002288818;70.6431530;70.6439228;-0.03671796;70.5160000
2902.00018882751;70.6059502;70.6069083;-0.03689434;70.5160000
2903.00011634827;70.5691111;70.5694766;-0.03729526;70.4790000
2904.00004386902;70.5253722;70.5282302;-0.0398542;70.4410000
2905.00020980835;70.5187296;70.5052824;-0.02773869;70.3650000
2906.0001373291;70.4933329;70.4993219;-0.01508045;70.3270000
2907.00006484985;70.4601815;70.4744668;-0.02191071;70.3270000
2908.00023078918;70.3914706;70.4157562;-0.04655361;70.2510000
2909.00015830994;70.3343094;70.3366608;-0.06549041;70.2120000
2910.00008583069;70.3347364;70.3039379;-0.04285067;70.1740000
2911.00025177002;70.2779822;70.2799172;-0.0335634;70.1350000
2912.00017929077;70.2253161;70.2235908;-0.04760445;70.0970000
2913.00010681152;70.1883470;70.1751322;-0.04762365;70.0970000
2914.00003433228;70.1503789;70.1339454;-0.04347739;70.0200000
2915.00020027161;70.1054675;70.0951428;-0.04049587;70.0200000
2916.00012779236;70.1057163;70.0810164;-0.02258062;69.9810000
2917.00005531311;70.0422316;70.0611682;-0.02349831;69.9030000
2918.00022125244;70.0208710;70.0234384;-0.03057676;69.8640000
2919.00014877319;70.0018973;70.0085373;-0.02126697;69.8250000
2920.00007629395;69.9293162;69.9581713;-0.04147294;69.7860000
2921.00024223328;69.8773813;69.8838443;-0.06106168;69.7470000
2922.00016975403;69.8396250;69.8291273;-0.05634415;69.7080000
2923.00009727478;69.8006250;69.7871060;-0.04714201;69.7080000
2924.00002479553;69.7624760;69.7512836;-0.04008335;69.6290000
2925.00019073486;69.7167237;69.7145076;-0.0381734;69.5890000
2926.00011825562;69.7160695;69.6977586;-0.02338545;69.5890000
2927.00004577637;69.6578396;69.6749897;-0.0256954;69.5500000
2928.0002117157;69.5976206;69.6108551;-0.04941285;69.5100000
2929.00013923645;69.5918801;69.5756883;-0.03820937;69.4310000
2930.0000667572;69.5651249;69.5663900;-0.02091271;69.3910000
2931.00023269653;69.5300604;69.5420713;-0.02379741;69.3510000
2932.00016021729;69.4576912;69.4844336;-0.04673986;69.3110000
2933.00008773804;69.4047563;69.4048018;-0.06610456;69.2710000
2934.00025367737;69.3660000;69.3493695;-0.05851111;69.2310000
2935.00018119812;69.3260000;69.3103285;-0.04607226;69.2310000
2936.00010871887;69.2868728;69.2777247;-0.03775932;69.1500000
2937.00003623962;69.2399479;69.2420811;-0.03668405;69.1100000
2938.00020217896;69.2392954;69.2252130;-0.02287017;69.0690000
2939.00012969971;69.1785446;69.2009539;-0.02649287;69.0290000
2940.00005722046;69.1238214;69.1369981;-0.04949557;68.9880000
2941.00022315979;69.0842780;69.0818639;-0.05221128;68.9470000
2942.00015068054;69.0440752;69.0376372;-0.04696457;68.9070000
2943.00007820129;69.0034287;68.9985962;-0.04204295;68.9070000
2944.00024414063;68.9631407;68.9603300;-0.03981206;68.8250000
2945.00017166138;68.9158942;68.9183087;-0.04128585;68.7840000
2946.00009918213;68.9154026;68.8975663;-0.02685334;68.7430000
2947.00002670288;68.8539733;68.8719959;-0.02870612;68.7020000
2948.00019264221;68.7980675;68.8084573;-0.05007819;68.7020000
2949.00012016296;68.7592696;68.7541575;-0.05206474;68.6610000
2950.00004768372;68.7120886;68.7075467;-0.04847164;68.5780000
2951.00021362305;68.7041678;68.6857314;-0.03020411;68.5370000
2952.0001411438;68.6830979;68.6850757;-0.01290488;68.4950000
2953.00006866455;68.6059437;68.6388821;-0.03613719;68.4540000
2954.00023460388;68.5511645;68.5603232;-0.06175685;68.4120000
2955.00016212463;68.5106530;68.4989304;-0.06051209;68.3700000
2956.00008964539;68.4694502;68.4548230;-0.0498913;68.3280000
2957.00025558472;68.4277819;68.4194774;-0.04087879;68.2870000
2958.00018310547;68.3857718;68.3852048;-0.03698151;68.2450000
2959.00011062622;68.3436211;68.3476538;-0.03752374;68.2450000
2960.00003814697;68.3033667;68.3062286;-0.04004937;68.1610000
2961.0002040863;68.2544501;68.2592602;-0.04445871;68.1180000
2962.00013160706;68.2535530;68.2348222;-0.03020861;68.0760000
2963.00005912781;68.1908089;68.2079406;-0.03082702;68.0760000
2964.00022506714;68.1336268;68.1433887;-0.05146636;68.0340000
2965.00015258789;68.0863028;68.0872411;-0.05376288;67.9920000
2966.00008010864;68.0791595;68.0594058;-0.03577881;67.9490000
2967.00024604797;68.0510676;68.0515380;-0.01950044;67.8640000
2968.00017356873;68.0069407;68.0214376;-0.02693769;67.8210000
2969.00010108948;67.9705722;67.9780454;-0.03738416;67.7790000
2970.00002861023;67.8927373;67.9067583;-0.06007431;67.7360000
2971.00019454956;67.8356566;67.8227753;-0.07331618;67.6930000
2972.00012207031;67.7948252;67.7690119;-0.06032713;67.6500000
2973.00004959106;67.7521569;67.7312822;-0.04614015;67.6070000
2974.0002155304;67.7091250;67.6973076;-0.03866745;67.5640000
2975.00014305115;67.6661250;67.6617832;-0.03689824;67.5210000
2976.0000705719;67.6231250;67.6225037;-0.03856539;67.4780000
2977.00023651123;67.5801250;67.5796480;-0.04130718;67.4340000
2978.00016403198;67.5371032;67.5360770;-0.042609;67.3910000
2979.00009155273;67.4942539;67.4956650;-0.04107438;67.3480000
2980.00025749207;67.4504248;67.4561472;-0.04020254;67.3040000
2981.00018501282;67.4070713;67.4138279;-0.04158497;67.2610000
2982.00011253357;67.3642539;67.3693032;-0.04346698;67.2170000
2983.00004005432;67.3204030;67.3228712;-0.04535062;67.1730000
2984.00020599365;67.2772002;67.2762603;-0.04608458;67.1290000
2985.0001335144;67.2335319;67.2311396;-0.04545245;67.0860000
2986.00006103516;67.1895218;67.1873302;-0.04437552;67.0420000
2987.00022697449;67.1453711;67.1444745;-0.04342963;66.9980000
2988.00015449524;67.1022002;67.1019764;-0.04283137;66.9540000
2989.00008201599;67.0585319;67.0591206;-0.0429;66.9090000
2990.00024795532;67.0144782;67.0149536;-0.04373156;66.8650000
2991.00017547607;66.9706289;66.9700117;-0.04448899;66.8210000
2992.00010299683;66.9257998;66.9246525;-0.04506223;66.8210000
2993.00003051758;66.8824282;66.8791742;-0.04530002;66.7770000
2994.00019645691;66.8318268;66.8319673;-0.04649803;66.6880000
2995.00012397766;66.8233280;66.8065757;-0.03155464;66.6430000
2996.00005149841;66.8006835;66.8023438;-0.0155991;66.5990000
2997.00021743774;66.7181188;66.7516799;-0.04002286;66.5540000
2998.0001449585;66.6583429;66.6687102;-0.06579046;66.5090000
2999.00007247925;66.6155752;66.6074366;-0.06201486;66.4640000
3000.00023841858;66.5709069;66.5595741;-0.05290719;66.4190000
3001.00016593933;66.5258750;66.5177912;-0.04597039;66.3740000
3002.00009346008;66.4808750;66.4771409;-0.04274589;66.3290000
3003.00025939941;66.4358750;66.4350004;-0.0424882;66.2840000
3004.00018692017;66.3908750;66.3906545;-0.04371894;66.2390000
3005.00011444092;66.3458750;66.3449378;-0.04492556;66.1940000
3006.00004196167;66.3008750;66.3003535;-0.04459798;66.1490000
3007.000207901;66.2558750;66.2579746;-0.04321736;66.1030000
3008.00013542175;66.2108532;66.2152381;-0.04302552;66.0580000
3009.0000629425;66.1660039;66.1704154;-0.04424026;66.0120000
3010.00022888184;66.1201530;66.1227913;-0.04643112;65.9670000
3011.00015640259;66.0749720;66.0739155;-0.04791319;65.9210000
3012.00008392334;66.0291530;66.0256357;-0.04813325;65.8750000
3013.00024986267;65.9839502;65.9790249;-0.0471012;65.8290000
3014.00017738342;65.9382819;65.9342022;-0.04563781;65.7840000
3015.00010490417;65.8922718;65.8896179;-0.04499226;65.7380000
3016.00003242493;65.8461211;65.8448548;-0.04489437;65.6920000
3017.00019836426;65.8009502;65.8001513;-0.04477292;65.6460000
3018.00012588501;65.7552819;65.7550902;-0.04500329;65.6000000
3019.00005340576;65.7092500;65.7088966;-0.04576952;65.5530000
3020.00021934509;65.6632282;65.6624050;-0.04622323;65.5070000
3021.00014686584;65.6173789;65.6161518;-0.04622054;65.4610000
3022.0000743866;65.5705498;65.5698986;-0.04624092;65.4140000
3023.00024032593;65.5241963;65.5236454;-0.04622838;65.3680000
3024.00016784668;65.4783789;65.4784651;-0.04556958;65.3210000
3025.00009536743;65.4315280;65.4328079;-0.04568055;65.2750000
3026.00026130676;65.3853470;65.3865547;-0.04601324;65.2280000
3027.00018882751;65.3385280;65.3398246;-0.04648977;65.1810000
3028.00011634827;65.2923252;65.2926774;-0.04686848;65.1350000
3029.00004386902;65.2456787;65.2456493;-0.04698901;65.1350000
3030.00020980835;65.1995216;65.1978464;-0.04751077;65.0410000
3031.0001373291;65.1452397;65.1474209;-0.04929703;64.9940000
3032.00006484985;65.1446275;65.1235790;-0.03156656;64.9470000
3033.00023078918;65.0742133;65.0952668;-0.03257779;64.9000000
3034.00015830994;65.0101261;65.0236816;-0.05656662;64.8520000
3035.00008583069;64.9646032;64.9621696;-0.05896577;64.8050000
3036.00025177002;64.9177539;64.9106116;-0.05415913;64.7580000
3037.00017929077;64.8699248;64.8638816;-0.04953624;64.7110000
3038.00010681152;64.8225931;64.8188204;-0.04680853;64.6630000
3039.00003433228;64.7756032;64.7738189;-0.04576016;64.6160000
3040.00020027161;64.7287539;64.7277446;-0.04601244;64.5680000
3041.00012779236;64.6809030;64.6803589;-0.04691887;64.5200000
3042.00005531311;64.6337002;64.6328540;-0.04724191;64.4730000
3043.00022125244;64.5860537;64.5858259;-0.04711167;64.4250000
3044.00014877319;64.5378711;64.5390959;-0.04687303;64.3770000
3045.00007629395;64.4907002;64.4924850;-0.04668131;64.3290000
3046.00024223328;64.4430319;64.4457550;-0.04675278;64.2810000
3047.00016975403;64.3950000;64.3975944;-0.04766957;64.2330000
3048.00009727478;64.3470000;64.3484206;-0.04863651;64.1850000
3049.00026321411;64.2990000;64.2990083;-0.04915085;64.1370000
3050.00019073486;64.2510000;64.2498345;-0.04913559;64.0890000
3051.00011825562;64.2030000;64.2011971;-0.04878436;64.0400000
3052.00004577637;64.1549782;64.1532154;-0.04827009;63.9920000
3053.0002117157;64.1071289;64.1057701;-0.04773828;63.9440000
3054.00013923645;64.0582998;64.0575499;-0.04807216;63.8950000
3055.0000667572;64.0099463;64.0087933;-0.04844656;63.8470000
3056.00023269653;63.9621289;63.9603944;-0.04838175;63.7980000
3057.00016021729;63.9132780;63.9117570;-0.04857272;63.7490000
3058.00008773804;63.8650752;63.8628216;-0.0487715;63.7010000
3059.00025367737;63.8164287;63.8144226;-0.04855796;63.6520000
3060.00018119812;63.7672461;63.7656660;-0.04870553;63.6030000
3061.00010871887;63.7190752;63.7175054;-0.04834981;63.5540000
3062.00003623962;63.6704069;63.6697621;-0.04802481;63.5050000
3063.00020217896;63.6213750;63.6215419;-0.04820579;63.4560000
3064.00012969971;63.5723750;63.5727257;-0.04859221;63.4070000
3065.00005722046;63.5233750;63.5237307;-0.04881565;63.3580000
3066.00022315979;63.4743750;63.4747953;-0.04887362;63.3090000
3067.00015068054;63.4253750;63.4258003;-0.04894808;63.2590000
3068.00007820129;63.3763532;63.3768649;-0.04892283;63.2100000
3069.00024414063;63.3275039;63.3280487;-0.04881994;63.1600000
3070.00017166138;63.2776530;63.2786364;-0.0492328;63.1110000
3071.00009918213;63.2284720;63.2286877;-0.04965581;63.0610000
3072.00002670288;63.1786530;63.1786198;-0.0499129;63.0120000
3073.00019264221;63.1294720;63.1284327;-0.05006079;62.9620000
3074.00012016296;63.0796530;63.0785436;-0.04997683;62.9120000
3075.00004768372;63.0304502;63.0284757;-0.04999621;62.8630000
3076.00021362305;62.9808037;62.9788251;-0.04977424;62.8130000
3077.0001411438;62.9306211;62.9286976;-0.04998976;62.7630000
3078.00006866455;62.8814502;62.8791065;-0.04968068;62.7130000
3079.00023460388;62.8317819;62.8301115;-0.04926081;62.7130000
3080.00016212463;62.7828410;62.7806396;-0.04943908;62.6130000
3081.00008964539;62.7242122;62.7275319;-0.05177373;62.5630000
3082.00025558472;62.7232081;62.7018423;-0.03354551;62.5130000
3083.00018310547;62.6483332;62.6710863;-0.0349724;62.4620000
3084.00011062622;62.5801336;62.5952096;-0.06003416;62.4120000
3085.00003814697;62.5318789;62.5304193;-0.06224621;62.3620000
3086.0002040863;62.4810498;62.4757619;-0.05729059;62.3110000
3087.00013160706;62.4306963;62.4268861;-0.05198661;62.2610000
3088.00005912781;62.3808789;62.3805136;-0.04856104;62.2100000
3089.00022506714;62.3300280;62.3324723;-0.0484;62.1590000
3090.00015258789;62.2798252;62.2818083;-0.04987704;62.1090000
3091.00008010864;62.2291787;62.2299523;-0.05115154;62.0580000
3092.00024604797;62.1779961;62.1773810;-0.05201808;62.0070000
3093.00017356873;62.1278252;62.1260018;-0.05150125;61.9560000
3094.00010108948;62.0771569;62.0758743;-0.05064977;61.9050000
3095.00002861023;62.0261250;62.0258064;-0.05033845;61.8540000
3096.00019454956;61.9751250;61.9749636;-0.05069278;61.8030000
3097.00012207031;61.9241250;61.9233460;-0.05130544;61.7520000
3098.00004959106;61.8731250;61.8713112;-0.05175464;61.7010000
3099.0002155304;61.8221250;61.8193359;-0.05185528;61.6500000
3100.00014305115;61.7711250;61.7679567;-0.05154952;61.5990000
3101.0000705719;61.7201250;61.7174120;-0.0509086;61.5470000
3102.00023651123;61.6691032;61.6674037;-0.05034845;61.4960000
3103.00016403198;61.6182539;61.6176934;-0.04997842;61.4450000
3104.00009155273;61.5664248;61.5671487;-0.05041692;61.3930000
3105.00025749207;61.5150713;61.5155906;-0.05111946;61.3410000
3106.00018501282;61.4642321;61.4641518;-0.05132674;61.2900000
3107.00011253357;61.4125537;61.4125938;-0.05151371;61.2380000
3108.00004005432;61.3603711;61.3600821;-0.05212235;61.1860000
3109.00020599365;61.3092002;61.3081665;-0.05188928;61.1350000
3110.0001335144;61.2575537;61.2571449;-0.05134212;61.0830000
3111.00006103516;61.2053711;61.2057657;-0.05139475;61.0310000
3112.00022697449;61.1542002;61.1542673;-0.05145608;60.9790000
3113.00015449524;61.1025319;61.1026497;-0.05159007;60.9270000
3114.00008201599;61.0505000;61.0498399;-0.05238175;60.8750000
3115.00024795532;60.9985000;60.9967322;-0.05282293;60.8230000
3116.00017547607;60.9465000;60.9437437;-0.05290008;60.7710000
3117.00010299683;60.8945000;60.8912916;-0.05257532;60.7180000
3118.00003051758;60.8424782;60.8393163;-0.05216271;60.6660000
3119.00019645691;60.7906289;60.7881756;-0.05151425;60.6140000
3120.00012397766;60.7377998;60.7366771;-0.05154469;60.5610000
3121.00005149841;60.6854463;60.6847615;-0.05174336;60.5090000
3122.00021743774;60.6336289;60.6332631;-0.05158636;60.4560000
3123.0001449585;60.5807780;60.5815263;-0.05174018;60.4040000
3124.00007247925;60.5285970;60.5291338;-0.05215179;60.3510000
3125.00023841858;60.4757780;60.4765029;-0.05248524;60.2980000
3126.00016593933;60.4235752;60.4236335;-0.05267623;60.2460000
3127.00009346008;60.3709287;60.3711219;-0.05257385;60.1930000
3128.00025939941;60.3177461;60.3180737;-0.05289391;60.1400000
3129.00018692017;60.2655752;60.2653832;-0.05273537;60.0870000
3130.00011444092;60.2129069;60.2129311;-0.05260909;60.0340000
3131.00004196167;60.1598750;60.1598830;-0.05290568;59.9810000
3132.000207901;60.1068750;60.1063580;-0.05328587;59.9280000
3133.00013542175;60.0538750;60.0525350;-0.05362424;59.8750000
3134.0000629425;60.0008750;59.9990101;-0.05356871;59.8220000
3135.00022888184;59.9478750;59.9458427;-0.05332455;59.7690000
3136.00015640259;59.8948750;59.8928542;-0.05311126;59.7150000
3137.00008392334;59.8418532;59.8398061;-0.05305173;59.6620000
3138.00024986267;59.7890039;59.7869367;-0.05294086;59.6090000
3139.00017738342;59.7351748;59.7338886;-0.05303324;59.5550000
3140.00010490417;59.6818213;59.6804232;-0.05324419;59.5020000
3141.00003242493;59.6290039;59.6278519;-0.05279483;59.4480000
3142.00019836426;59.5751530;59.5751614;-0.05276929;59.3950000
3143.00012588501;59.5219720;59.5222921;-0.05281961;59.3410000
3144.00005340576;59.4681530;59.4690652;-0.05311951;59.2870000
3145.00021934509;59.4149502;59.4157190;-0.05322721;59.2340000
3146.00014686584;59.3613037;59.3621940;-0.05342051;59.1800000
3147.0000743866;59.3071211;59.3080134;-0.05390075;59.1260000
3148.00024032593;59.2539502;59.2537136;-0.05409436;59.0720000
3149.00016784668;59.2002819;59.1998310;-0.0539972;59.0180000
3150.00009536743;59.1462500;59.1455908;-0.054173;58.9640000
3151.00026130676;59.0922500;59.0911121;-0.05437851;58.9100000
3152.00018882751;59.0382500;59.0365739;-0.05448887;58.8560000
3153.00011634827;58.9842500;58.9823336;-0.05431701;58.8020000
3154.00004386902;58.9302500;58.9282126;-0.05418104;58.7480000
3155.00020980835;58.8762500;58.8743300;-0.05399695;58.6930000
3156.0001373291;58.8222282;58.8204474;-0.05389918;58.6390000
3157.00006484985;58.7683789;58.7668628;-0.05368323;58.5850000
3158.00023078918;58.7135498;58.7127418;-0.05398994;58.5300000
3159.00015830994;58.6591963;58.6583824;-0.05423404;58.4760000
3160.00008583069;58.6053789;58.6046190;-0.05393641;58.4210000
3161.00025177002;58.5505280;58.5506768;-0.05399568;58.3670000
3162.00017929077;58.4963470;58.4966154;-0.0540133;58.3120000
3163.00010681152;58.4415280;58.4423156;-0.05421827;58.2570000
3164.00003433228;58.3873252;58.3876581;-0.05446198;58.2030000
3165.00020027161;58.3326787;58.3331198;-0.05455908;58.1480000
3166.00012779236;58.2774961;58.2780452;-0.05489993;58.0930000
3167.00005531311;58.2233252;58.2230301;-0.05493895;58.0380000
3168.00022125244;58.1686569;58.1684918;-0.05470042;57.9830000
3169.00014877319;58.1136250;58.1133575;-0.05498408;57.9280000
3170.00007629395;58.0586250;58.0579848;-0.0552184;57.8730000
3171.00024223328;58.0036250;58.0022545;-0.05551825;57.8180000
3172.00016975403;57.9486250;57.9468221;-0.05544353;57.7630000
3173.00009727478;57.8936250;57.8916282;-0.05526388;57.7080000
3174.00026321411;57.8386250;57.8366728;-0.05505138;57.6530000
3175.00019073486;57.7836250;57.7820749;-0.05475197;57.5980000
3176.00011825562;57.7286250;57.7275367;-0.0545953;57.5420000
3177.00004577637;57.6736032;57.6730580;-0.05450798;57.4870000
3178.0002117157;57.6187539;57.6186986;-0.05442144;57.4320000
3179.00013923645;57.5629248;57.5636835;-0.05483924;57.3760000
3180.0000667572;57.5075713;57.5081916;-0.05521374;57.3210000
3181.00023269653;57.4527539;57.4532361;-0.05502845;57.2650000
3182.00016021729;57.3969030;57.3979230;-0.05525653;57.2100000
3183.00008773804;57.3417220;57.3423118;-0.05545139;57.1540000
3184.00025367737;57.2859030;57.2867007;-0.05557337;57.0980000
3185.00018119812;57.2307002;57.2309704;-0.05564496;57.0430000
3186.00010871887;57.1750537;57.1752996;-0.05568212;56.9870000
3187.00003623962;57.1188711;57.1188540;-0.05616514;56.9310000
3188.00020217896;57.0637002;57.0627064;-0.05611074;56.8750000
3189.00012969971;57.0080319;57.0069165;-0.05591123;56.8190000
3190.00005722046;56.9520000;56.9508285;-0.05599702;56.7630000
3191.00022315979;56.8960000;56.8945617;-0.05612085;56.7070000
3192.00015068054;56.8400000;56.8383546;-0.05616876;56.6510000
3193.00007820129;56.7840000;56.7823858;-0.05607882;56.5950000
3194.00024414063;56.7280000;56.7265362;-0.05597543;56.5390000
3195.00017166138;56.6720000;56.6708655;-0.05580469;56.4830000
3196.00009918213;56.6160000;56.6154332;-0.05556738;56.4270000
3197.00026512146;56.5600000;56.5599413;-0.05551947;56.3700000
3198.00019264221;56.5039782;56.5044493;-0.05546937;56.3140000
3199.00012016296;56.4481289;56.4488382;-0.05554049;56.2580000
3200.00004768372;56.3912998;56.3925714;-0.05603968;56.2010000
3201.00021362305;56.3349463;56.3357086;-0.05653811;56.1450000
3202.0001411438;56.2791289;56.2794418;-0.05634868;56.0880000
3203.00006866455;56.2222780;56.2229366;-0.05648986;56.0320000
3204.00023460388;56.1660970;56.1660142;-0.05674827;55.9750000
3205.00016212463;56.1092780;56.1090321;-0.0569397;55.9190000
3206.00008964539;56.0530970;56.0516925;-0.0571695;55.8620000
3207.00025558472;55.9962780;55.9947700;-0.05704942;55.8050000
3208.00018310547;55.9400752;55.9380860;-0.05677717;55.7490000
3209.00011062622;55.8834287;55.8818192;-0.05645506;55.6920000
3210.00003814697;55.8262461;55.8250160;-0.05665605;55.6350000
3211.0002040863;55.7700752;55.7686300;-0.05643361;55.5780000
3212.00013160706;55.7134069;55.7126016;-0.05618146;55.5210000
3213.00005912781;55.6563750;55.6560964;-0.05640267;55.4640000
3214.00022506714;55.5993750;55.5994720;-0.05656276;55.4070000
3215.00015258789;55.5423750;55.5427284;-0.05667219;55.3500000
3216.00008010864;55.4853750;55.4857464;-0.05686334;55.2930000
3217.00024604797;55.4283750;55.4288239;-0.05691253;55.2360000
3218.00017356873;55.3713750;55.3719015;-0.05693596;55.1790000
3219.00010108948;55.3143750;55.3149790;-0.05693875;55.1220000
3220.00026702881;55.2573750;55.2580566;-0.05692033;55.0640000
3221.00019454956;55.2003532;55.2009554;-0.05700337;55.0070000
3222.00012207031;55.1435039;55.1437349;-0.05713242;54.9500000
3223.00004959106;55.0856748;55.0859184;-0.05758531;54.8920000
3224.0002155304;55.0283213;55.0275655;-0.05801715;54.8350000
3225.00014305115;54.9715039;54.9701066;-0.05763953;54.7770000
3226.0000705719;54.9136530;54.9126477;-0.0575927;54.7200000
3227.00023651123;54.8564720;54.8549504;-0.05762032;54.6620000
3228.00016403198;54.7986530;54.7973127;-0.05763761;54.6050000
3229.00009155273;54.7414720;54.7398538;-0.05750043;54.5470000
3230.00025749207;54.6836530;54.6827526;-0.05727324;54.4900000
3231.00018501282;54.6264720;54.6258301;-0.05704081;54.4320000
3232.00011253357;54.5686530;54.5689077;-0.05700804;54.3740000
3233.00004005432;54.5114502;54.5118661;-0.05702515;54.3160000
3234.00020599365;54.4537819;54.4549436;-0.05699707;54.2580000
3235.0001335144;54.3957500;54.3972463;-0.05746307;54.2010000
3236.00006103516;54.3377718;54.3391318;-0.05786829;54.1430000
3237.00022697449;54.2796211;54.2806596;-0.05825502;54.0850000
3238.00015449524;54.2224502;54.2227239;-0.0580034;54.0270000
3239.00008201599;54.1647819;54.1650862;-0.05777109;53.9690000
3240.00024795532;54.1067500;54.1069717;-0.05799469;53.9110000
3241.00017547607;54.0487500;54.0485592;-0.05826221;53.8530000
3242.00010299683;53.9907500;53.9899678;-0.05846312;53.7950000
3243.00026893616;53.9327500;53.9314956;-0.05844711;53.7360000
3244.00019645691;53.8747282;53.8732619;-0.05829483;53.6780000
3245.00012397766;53.8168789;53.8153858;-0.05800604;53.6200000
3246.00005149841;53.7580498;53.7573905;-0.05802754;53.5620000
3247.00021743774;53.6997181;53.6990375;-0.05820427;53.5030000
3248.0001449585;53.6417282;53.6411614;-0.05799596;53.4450000
3249.00007247925;53.5838789;53.5837025;-0.0576562;53.3870000
3250.00023841858;53.5250498;53.5257668;-0.05786044;53.3280000
3251.00016593933;53.4666963;53.4674139;-0.05815851;53.2700000
3252.00009346008;53.4088789;53.4092993;-0.05810592;53.2110000
3253.00025939941;53.3500280;53.3508868;-0.05834368;53.1530000
3254.00018692017;53.2918470;53.2921762;-0.05855089;53.0940000
3255.00011444092;53.2330280;53.2334060;-0.05872384;53.0360000
3256.00004196167;53.1748470;53.1743378;-0.05892852;52.9770000
3257.000207901;53.1160280;53.1156273;-0.05883897;52.9180000
3258.00013542175;53.0578252;53.0567975;-0.05879679;52.8590000
3259.0000629425;52.9991569;52.9980273;-0.05881254;52.8010000
3260.00022888184;52.9401468;52.9388995;-0.05901891;52.7420000
3261.00015640259;52.8809961;52.8795333;-0.05924854;52.6830000
3262.00008392334;52.8228252;52.8210015;-0.05874625;52.6240000
3263.00024986267;52.7641569;52.7631850;-0.05815871;52.5650000
3264.00017738342;52.7051250;52.7048917;-0.05822533;52.5060000
3265.00010490417;52.6461250;52.6463599;-0.0584087;52.4480000
3266.00027084351;52.5871468;52.5875301;-0.05867812;52.3890000
3267.00019836426;52.5279961;52.5285811;-0.05886365;52.3300000
3268.00012588501;52.4698252;52.4702878;-0.05847083;52.2700000
3269.00005340576;52.4111351;52.4123521;-0.05816682;52.2110000
3270.00021934509;52.3522539;52.3537011;-0.05849501;52.1520000
3271.00014686584;52.2924248;52.2942157;-0.05916649;52.0930000
3272.0000743866;52.2330931;52.2340150;-0.05975353;52.0340000
3273.00024032593;52.1741250;52.1741123;-0.05981546;51.9750000
3274.00016784668;52.1151250;52.1147461;-0.05953586;51.9150000
3275.00009536743;52.0561032;52.0554990;-0.05936184;51.8560000
3276.00026130676;51.9972539;51.9961328;-0.05938571;51.7970000
3277.00018882751;51.9374248;51.9362302;-0.05975642;51.7370000
3278.00011634827;51.8780713;51.8760891;-0.05995623;51.6780000
3279.00004386902;51.8192539;51.8170209;-0.05936099;51.6190000
3280.00020980835;51.7594248;51.7580123;-0.05917173;51.5590000
3281.0001373291;51.7000713;51.6988845;-0.05912546;51.5000000
3282.00006484985;51.6412539;51.6404123;-0.05869292;51.4400000
3283.00023078918;51.5814030;51.5817017;-0.05877569;51.3810000
3284.00015830994;51.5222220;51.5224547;-0.05904869;51.3210000
3285.00008583069;51.4624030;51.4630289;-0.05933137;51.2610000
3286.00025177002;51.4032002;51.4034242;-0.05948525;51.2020000
3287.00017929077;51.3435537;51.3438792;-0.05955379;51.1420000
3288.00010681152;51.2833711;51.2837977;-0.05991727;51.0820000
3289.00027275085;51.2242002;51.2240143;-0.05981138;51.0230000
3290.00020027161;51.1645537;51.1644096;-0.05973909;50.9630000
3291.00012779236;51.1043711;51.1040897;-0.06013414;50.9030000
3292.00005531311;51.0452002;51.0437698;-0.06023569;50.8430000
3293.00022125244;50.9855319;50.9841056;-0.05992739;50.7830000
3294.00014877319;50.9255000;50.9240837;-0.06002643;50.7240000
3295.00007629395;50.8655218;50.8638830;-0.06015546;50.6640000
3296.00024223328;50.8053711;50.8038015;-0.06011324;50.6040000
3297.00016975403;50.7462002;50.7444353;-0.0596212;50.5440000
3298.00009727478;50.6865319;50.6857247;-0.05909816;50.4840000
3299.00026321411;50.6265000;50.6265969;-0.05912896;50.4240000
3300.00019073486;50.5665000;50.5671711;-0.05929468;50.3640000
3301.00011825562;50.5065000;50.5071492;-0.05974961;50.3040000
3302.00004577637;50.4465000;50.4471869;-0.05989761;50.2430000
3303.0002117157;50.3864782;50.3873439;-0.0598612;50.1830000
3304.00013923645;50.3266289;50.3275604;-0.05980467;50.1230000
3305.0000667572;50.2657998;50.2671809;-0.06019544;50.0630000
3306.00023269653;50.2054681;50.2060861;-0.06072406;50.0030000
3307.00016021729;50.1455000;50.1454086;-0.06067844;49.9420000
3308.00008773804;50.0854782;50.0848503;-0.06059343;49.8820000
3309.00025367737;50.0256289;50.0244708;-0.06044413;49.8220000
3310.00018119812;49.9647998;49.9636740;-0.06069737;49.7610000
3311.00010871887;49.9044463;49.9026985;-0.06085269;49.7010000
3312.0002746582;49.8446289;49.8422594;-0.06056054;49.6410000
3313.00020217896;49.7837998;49.7821183;-0.06033981;49.5800000
3314.00012969971;49.7234463;49.7218580;-0.0602638;49.5200000
3315.00005722046;49.6636289;49.6623726;-0.05978262;49.4590000
3316.00022315979;49.6027780;49.6027679;-0.0597318;49.3990000
3317.00015068054;49.5425970;49.5426268;-0.05998614;49.3380000
3318.00007820129;49.4817780;49.4823069;-0.06022058;49.2780000
3319.00024414063;49.4215970;49.4216890;-0.06045001;49.2170000
3320.00017166138;49.3607780;49.3612499;-0.06047593;49.1570000
3321.00009918213;49.3005970;49.3008108;-0.06044247;49.0960000
3322.00026512146;49.2397780;49.2402525;-0.06053807;49.0350000
3323.00019264221;49.1795752;49.1793365;-0.06074661;48.9750000
3324.00012016296;49.1189287;49.1185398;-0.06080059;48.9140000
3325.00004768372;49.0577461;49.0569682;-0.06131386;48.8530000
3326.00021362305;48.9975752;48.9956350;-0.06129346;48.7920000
3327.0001411438;48.9369069;48.9347787;-0.06102244;48.7320000
3328.00006866455;48.8758968;48.8737435;-0.0610683;48.6710000
3329.00023460388;48.8147461;48.8128276;-0.06096441;48.6100000
3330.00016212463;48.7545752;48.7525673;-0.06046291;48.5490000
3331.00008964539;48.6939069;48.6929030;-0.05999326;48.4880000
3332.00025558472;48.6328750;48.6326427;-0.06017375;48.4270000
3333.00018310547;48.5718750;48.5720844;-0.06043316;48.3670000
3334.00011062622;48.5108968;48.5114069;-0.06058132;48.3060000
3335.00027656555;48.4497461;48.4506101;-0.060704;48.2450000
3336.0002040863;48.3895752;48.3902306;-0.06042062;48.1840000
3337.00013160706;48.3289069;48.3302088;-0.06017174;48.1230000
3338.00005912781;48.2678750;48.2694120;-0.06058026;48.0620000
3339.00022506714;48.2068750;48.2077808;-0.06124566;48.0010000
3340.00015258789;48.1458750;48.1462092;-0.06145296;47.9400000
3341.00008010864;48.0848750;48.0846376;-0.06150705;47.8780000
3342.00024604797;48.0238532;48.0230064;-0.06158558;47.8170000
3343.00017356873;47.9630039;47.9614944;-0.06152899;47.7560000
3344.00010108948;47.9011748;47.8998036;-0.06165667;47.6950000
3345.00026702881;47.8398431;47.8379936;-0.06171742;47.6340000
3346.00019454956;47.7788750;47.7770180;-0.06124444;47.5730000
3347.00012207031;47.7178750;47.7166385;-0.06072031;47.5110000
3348.00004959106;47.6568532;47.6564378;-0.06038311;47.4500000
3349.0002155304;47.5960039;47.5960583;-0.06038607;47.3890000
3350.00014305115;47.5341748;47.5350828;-0.06080376;47.3280000
3351.0000705719;47.4728431;47.4734516;-0.06127642;47.2660000
3352.00023651123;47.4118532;47.4122972;-0.06118323;47.2050000
3353.00016403198;47.3510039;47.3515005;-0.06093251;47.1440000
3354.00009155273;47.2891748;47.2902865;-0.06115836;47.0820000
3355.00025749207;47.2278213;47.2284169;-0.06157877;47.0210000
3356.00018501282;47.1670039;47.1669645;-0.06148399;46.9590000
3357.00011253357;47.1051530;47.1052141;-0.06167638;46.8980000
3358.0002784729;47.0439720;47.0431657;-0.06187133;46.8370000
3359.00020599365;46.9821748;46.9811172;-0.0620141;46.7750000
3360.0001335144;46.9208213;46.9191880;-0.06193212;46.7140000
3361.00006103516;46.8600039;46.8581528;-0.06136789;46.6520000
3362.00022697449;46.7981530;46.7973561;-0.06105706;46.5910000
3363.00015449524;46.7369720;46.7361421;-0.06111823;46.5290000
3364.00008201599;46.6751530;46.6749878;-0.06117498;46.4680000
3365.00024795532;46.6139720;46.6138930;-0.06111389;46.4060000
3366.00017547607;46.5521530;46.5529175;-0.06106351;46.3440000
3367.00010299683;46.4909502;46.4916439;-0.06117041;46.2830000
3368.00026893616;46.4293037;46.4304299;-0.06123075;46.2210000
3369.00019645691;46.3671211;46.3683219;-0.06180217;46.1590000
3370.00012397766;46.3059502;46.3064522;-0.06180621;46.0980000
3371.00005149841;46.2443037;46.2450595;-0.06158577;46.0360000
3372.00021743774;46.1821211;46.1829514;-0.06192403;45.9740000
3373.0001449585;46.1209502;46.1207838;-0.06204258;45.9130000
3374.00007247925;46.0593037;46.0589142;-0.06197074;45.8510000
3375.00023841858;45.9971211;45.9964485;-0.06228091;45.7890000
3376.00016593933;45.9359502;45.9344001;-0.06206805;45.7280000
3377.00009346008;45.8743037;45.8727689;-0.06179383;45.6660000
3378.00025939941;45.8121211;45.8108396;-0.06189224;45.6040000
3379.00018692017;45.7509502;45.7494468;-0.06153194;45.5420000
3380.00011444092;45.6892819;45.6884117;-0.06122957;45.4800000
3381.00004196167;45.6272500;45.6272573;-0.06120755;45.4180000
3382.000207901;45.5652500;45.5658645;-0.06132412;45.3570000
3383.00013542175;45.5032718;45.5042333;-0.06152039;45.2950000
3384.0000629425;45.4411211;45.4422445;-0.06183745;45.2330000
3385.00022888184;45.3799502;45.3807921;-0.06157282;45.1710000
3386.00015640259;45.3182819;45.3196377;-0.06132112;45.1090000
3387.00008392334;45.2562500;45.2577681;-0.06167537;45.0470000
3388.00024986267;45.1942500;45.1953025;-0.06214939;44.9850000
3389.00017738342;45.1322500;45.1325388;-0.06252614;44.9230000
3390.00010490417;45.0702500;45.0697751;-0.06266366;44.8610000
3391.00027084351;45.0082500;45.0072498;-0.06257254;44.7990000
3392.00019836426;44.9462500;44.9452014;-0.06224473;44.7370000
3393.00012588501;44.8842500;44.8830337;-0.06218852;44.6750000
3394.00005340576;44.8222500;44.8210449;-0.0620536;44.6130000
3395.00021934509;44.7602500;44.7592945;-0.06187817;44.5510000
3396.00014686584;44.6982500;44.6976633;-0.06172969;44.4890000
3397.0000743866;44.6362500;44.6362109;-0.06153987;44.4270000
3398.00024032593;44.5742500;44.5747585;-0.06146621;44.3650000
3399.00016784668;44.5122500;44.5131869;-0.06152385;44.3030000
3400.00009536743;44.4502500;44.4514961;-0.06161226;44.2410000
3401.00026130676;44.3882500;44.3896265;-0.06178775;44.1790000
3402.00018882751;44.3262500;44.3277569;-0.06183656;44.1170000
3403.00011634827;44.2642500;44.2655296;-0.06208093;44.0550000
3404.00004386902;44.2022500;44.2030639;-0.06233206;43.9920000
3405.00020980835;44.1402282;44.1405983;-0.06242561;43.9300000
3406.0001373291;44.0783789;44.0783114;-0.06234254;43.8680000
3407.00006484985;44.0155498;44.0154881;-0.06266455;43.8060000
3408.00023078918;43.9532181;43.9523668;-0.06290136;43.7440000
3409.00015830994;43.8912500;43.8897819;-0.06267502;43.6820000
3410.00008583069;43.8292500;43.8276143;-0.06233304;43.6190000
3411.00025177002;43.7672282;43.7659831;-0.06189534;43.5570000
3412.00017929077;43.7053789;43.7046499;-0.06153263;43.4950000
3413.00010681152;43.6425498;43.6428399;-0.06174104;43.4950000
3414.00027275085;43.5815710;43.5803146;-0.06224446;43.3700000
3415.00020027161;43.5088813;43.5140342;-0.06479666;43.3080000
3416.00012779236;43.5077870;43.4829206;-0.04141483;43.2460000
3417.00005531311;43.4141130;43.4447140;-0.0432555;43.1840000
3418.00022125244;43.3292409;43.3524461;-0.07330968;43.1210000
3419.00014877319;43.2692282;43.2735891;-0.0758917;43.0590000
3420.00007629395;43.2073789;43.2064743;-0.07016356;42.9970000
3421.00024223328;43.1445498;43.1442470;-0.06521806;42.9340000
3422.00016975403;43.0821963;43.0829138;-0.0628584;42.8720000
3423.00009727478;43.0203789;43.0206866;-0.0625505;42.8100000
3424.00026321411;42.9575498;42.9566712;-0.06351944;42.7480000
3425.00019073486;42.8952181;42.8920598;-0.06412487;42.6850000
3426.00011825562;42.8332282;42.8289981;-0.06337409;42.6230000
3427.00004577637;42.7713789;42.7682013;-0.06169625;42.5610000
3428.0002117157;42.7085498;42.7078814;-0.06089872;42.4980000
3429.00013923645;42.6461963;42.6471443;-0.06083702;42.4360000
3430.0000667572;42.5843789;42.5858111;-0.06120043;42.3730000
3431.00023269653;42.5215280;42.5229878;-0.06227043;42.3110000
3432.00016021729;42.4593470;42.4593301;-0.06311307;42.2490000
3433.00008773804;42.3965498;42.3956127;-0.06352555;42.1860000
3434.00025367737;42.3341963;42.3323722;-0.06327888;42.1240000
3435.00018119812;42.2723789;42.2706814;-0.06222538;42.0610000
3436.00010871887;42.2095280;42.2092886;-0.06174154;41.9990000
3437.0002746582;42.1473470;42.1472997;-0.06188139;41.9370000
3438.00020217896;42.0845498;42.0846553;-0.06242433;41.8740000
3439.00012969971;42.0221963;42.0211763;-0.06307179;41.8120000
3440.00005722046;41.9603789;41.9579954;-0.0631272;41.7490000
3441.00022315979;41.8975280;41.8949933;-0.06307432;41.6870000
3442.00015068054;41.8353470;41.8322296;-0.06280997;41.6240000
3443.00007820129;41.7725280;41.7700619;-0.06242287;41.5620000
3444.00024414063;41.7103470;41.7081327;-0.06207333;41.5000000
3445.00017166138;41.6475498;41.6465015;-0.06182054;41.4370000
3446.00009918213;41.5851963;41.5846319;-0.06185388;41.3750000
3447.00026512146;41.5233789;41.5232391;-0.06156194;41.3120000
3448.00019264221;41.4605280;41.4612503;-0.06190657;41.2500000
3449.00012016296;41.3983470;41.3986058;-0.06236065;41.1870000
3450.00004768372;41.3355280;41.3356633;-0.06276685;41.1250000
3451.00021362305;41.2733470;41.2727804;-0.06282309;41.0620000
3452.0001411438;41.2105280;41.2101955;-0.06271416;41.0000000
3453.00006866455;41.1483470;41.1477298;-0.06255773;40.9370000
3454.00023460388;41.0855280;41.0851450;-0.0626042;40.8750000
3455.00016212463;41.0233470;41.0225005;-0.06258509;40.8120000
3456.00008964539;40.9605280;40.9597964;-0.06265917;40.7500000
3457.00025558472;40.8983470;40.8969731;-0.06273369;40.6870000
3458.00018310547;40.8355280;40.8343882;-0.06268085;40.6250000
3459.00011062622;40.7733470;40.7718630;-0.06257646;40.5620000
3460.00027656555;40.7105280;40.7093973;-0.062546;40.5620000
3461.0002040863;40.6496999;40.6468720;-0.06253751;40.5000000
3462.00013160706;40.5775557;40.5804724;-0.06501324;40.3750000
3463.00005912781;40.5652574;40.5448289;-0.04420772;40.3120000
3464.00022506714;40.5333284;40.5380339;-0.02255283;40.2500000
3465.00015258789;40.4172647;40.4671640;-0.05601455;40.1870000
3466.00008010864;40.3335188;40.3552265;-0.08946716;40.1250000
3467.00024604797;40.2733470;40.2739854;-0.08314736;40.0620000
3468.00017356873;40.2105280;40.2099700;-0.07099181;40.0000000
3469.00010108948;40.1483470;40.1517362;-0.06305927;39.9380000
3470.00026702881;40.0855498;40.0933833;-0.06029556;39.8750000
3471.00019454956;40.0231963;40.0320501;-0.06105071;39.8130000
3472.00012207031;39.9613789;39.9692268;-0.06217468;39.7500000
3473.00004959106;39.8985280;39.9058075;-0.06293638;39.6880000
3474.0002155304;39.8363470;39.8440571;-0.06205761;39.6250000
3475.00014305115;39.7735280;39.7842736;-0.06069733;39.5630000
3476.0000705719;39.7113470;39.7234173;-0.06087213;39.5000000
3477.00023651123;39.6485280;39.6602959;-0.062402;39.4380000
3478.00016403198;39.5863470;39.5952077;-0.06408876;39.3750000
3479.00009155273;39.5235280;39.5295830;-0.06505507;39.3130000
3480.00025749207;39.4613470;39.4644351;-0.06503976;39.2500000
3481.00018501282;39.3985280;39.4011349;-0.06393182;39.1880000
3482.00011253357;39.3363470;39.3393845;-0.06250744;39.1250000
3483.0002784729;39.2735280;39.2787666;-0.06141142;39.0630000
3484.00020599365;39.2113470;39.2173142;-0.06145241;39.0000000
3485.0001335144;39.1485280;39.1547889;-0.0622103;38.9380000
3486.00006103516;39.0863470;39.0909524;-0.0632413;38.8750000
3487.00022697449;39.0235280;39.0265197;-0.06401541;38.8130000
3488.00015449524;38.9613470;38.9619083;-0.06432275;38.7500000
3489.00008201599;38.8985280;38.8983102;-0.0638748;38.6880000
3490.00024795532;38.8363470;38.8354869;-0.06315248;38.6250000
3491.00017547607;38.7735280;38.7739153;-0.06215102;38.5630000
3492.00010299683;38.7113470;38.7128205;-0.06146549;38.5000000
3493.00026893616;38.6485280;38.6516661;-0.06133391;38.4380000
3494.00019645691;38.5863470;38.5894389;-0.0618709;38.3760000
3495.00012397766;38.5235498;38.5266156;-0.06250545;38.3130000
3496.00005149841;38.4611963;38.4632559;-0.06300136;38.2510000
3497.00021743774;38.3993789;38.4007306;-0.06267551;38.1880000
3498.0001449585;38.3365280;38.3383245;-0.06255399;38.1260000
3499.00007247925;38.2743470;38.2759781;-0.06237511;38.0630000
3500.00023841858;38.2115280;38.2135124;-0.06245657;38.0010000
3501.00016593933;38.1493470;38.1509871;-0.06248533;37.9390000
3502.00009346008;38.0865498;38.0884618;-0.06255238;37.8760000
3503.00025939941;38.0241963;38.0255193;-0.06277982;37.8140000
3504.00018692017;37.9623789;37.9627557;-0.06275451;37.7510000
3505.00011444092;37.8995280;37.8997535;-0.06296089;37.6890000
3506.00028038025;37.8373470;37.8365130;-0.06310336;37.6270000
3507.000207901;37.7745498;37.7735705;-0.06300364;37.5640000
3508.00013542175;37.7121963;37.7109260;-0.06272728;37.5020000
3509.0000629425;37.6503789;37.6495332;-0.06187625;37.4390000
3510.00022888184;37.5875280;37.5882597;-0.06150825;37.4390000
3511.00015640259;37.5266999;37.5263304;-0.06178368;37.3770000
3512.00008392334;37.4545557;37.4599309;-0.0647894;37.2520000
3513.00024986267;37.4422574;37.4236912;-0.04451597;37.1900000
3514.00017738342;37.4103502;37.4160022;-0.02317648;37.1280000
3515.00010490417;37.2941358;37.3439402;-0.05700456;37.0660000
3516.00027084351;37.2112409;37.2314067;-0.09016621;37.0030000
3517.00019836426;37.1512282;37.1500463;-0.08351784;36.9410000
3518.00012588501;37.0893789;37.0859117;-0.07117604;36.8790000
3519.00005340576;37.0265498;37.0280356;-0.06294004;36.8160000
3520.00021934509;36.9641963;36.9700999;-0.05990738;36.7540000
3521.00014686584;36.9023789;36.9104953;-0.05982315;36.6920000
3522.0000743866;36.8395498;36.8481488;-0.06151542;36.6300000
3523.00024032593;36.7772181;36.7847891;-0.06258886;36.5670000
3524.00016784668;36.7152282;36.7242307;-0.06114099;36.5050000
3525.00009536743;36.6533789;36.6659374;-0.05942336;36.4430000
3526.00026130676;36.5905498;36.6055579;-0.06020594;36.3810000
3527.00018882751;36.5282181;36.5415425;-0.06266201;36.3180000
3528.00011634827;36.4662282;36.4757390;-0.06461366;36.2560000
3529.0002822876;36.4043789;36.4101143;-0.06519455;36.1940000
3530.00020980835;36.3415498;36.3458605;-0.06456979;36.1320000
3531.0001373291;36.2792181;36.2833352;-0.06321354;36.0700000
3532.00006484985;36.2172500;36.2223596;-0.06180122;36.0080000
3533.00023078918;36.1552500;36.1616821;-0.06117349;35.9450000
3534.00015830994;36.0932282;36.0997529;-0.06170314;35.8830000
3535.00008583069;36.0313789;36.0367508;-0.06255586;35.8210000
3536.00025177002;35.9685498;35.9724970;-0.06363153;35.7590000
3537.00017929077;35.9062181;35.9077663;-0.06427129;35.6970000
3538.00010681152;35.8442500;35.8444066;-0.06367309;35.6350000
3539.00027275085;35.7822500;35.7824774;-0.06257213;35.5730000
3540.00020027161;35.7202500;35.7213230;-0.06169294;35.5110000
3541.00012779236;35.6582500;35.6605859;-0.06112375;35.4490000
3542.00005531311;35.5962500;35.5995507;-0.06109864;35.3870000
3543.00022125244;35.5342500;35.5379791;-0.06142453;35.3250000
3544.00014877319;35.4722500;35.4756326;-0.06200027;35.2630000
3545.00007629395;35.4102500;35.4131074;-0.06231544;35.2010000
3546.00024223328;35.3482500;35.3505821;-0.06241016;35.1390000
3547.00016975403;35.2862500;35.2882952;-0.06232408;35.0770000
3548.00009727478;35.2242500;35.2261872;-0.06218379;35.0150000
3549.00026321411;35.1622500;35.1638407;-0.06230805;34.9530000
3550.00019073486;35.1002500;35.1016135;-0.06228602;34.8910000
3551.00011825562;35.0382500;35.0392670;-0.06233353;34.8290000
3552.00028419495;34.9762500;34.9771590;-0.06222503;34.7670000
3553.0002117157;34.9142500;34.9150510;-0.06217984;34.7050000
3554.00013923645;34.8522500;34.8527045;-0.06228504;34.6430000
3555.0000667572;34.7902500;34.7904176;-0.06226997;34.5820000
3556.00023269653;34.7282718;34.7281904;-0.06218705;34.5200000
3557.00016021729;34.6661211;34.6660824;-0.06212411;34.4580000
3558.00008773804;34.6049502;34.6049280;-0.06148073;34.3960000
3559.00025367737;34.5432819;34.5443101;-0.06097096;34.3340000
3560.00018119812;34.4812500;34.4830365;-0.06120148;34.3340000
3561.00010871887;34.4206028;34.4212265;-0.06163298;34.2720000
3562.0002746582;34.3492559;34.3545885;-0.0648604;34.1490000
3563.00020217896;34.3373330;34.3188853;-0.04421638;34.0870000
3564.00012969971;34.3050924;34.3110771;-0.02328472;34.0260000
3565.00005722046;34.1905580;34.2395515;-0.05672992;33.9640000
3566.00022315979;34.1081757;34.1276736;-0.0897098;33.9020000
3567.00015068054;34.0489502;34.0451808;-0.08400969;33.8410000
3568.00007820129;33.9873037;33.9799733;-0.07200914;33.7790000
3569.00024414063;33.9251211;33.9208455;-0.06391043;33.7170000
3570.00017166138;33.8639502;33.8629098;-0.06020903;33.6560000
3571.00009918213;33.8023037;33.8037224;-0.05971805;33.5940000
3572.00026512146;33.7401211;33.7423296;-0.06082161;33.5320000
3573.00019264221;33.6789502;33.6809964;-0.06099197;33.4710000
3574.00012016296;33.6173037;33.6221070;-0.05955883;33.4090000
3575.00028610229;33.5551211;33.5639925;-0.05868806;33.3480000
3576.00021362305;33.4939720;33.5041494;-0.05943248;33.2860000
3577.0001411438;33.4321530;33.4419818;-0.06125372;33.2250000
3578.00006866455;33.3709720;33.3774895;-0.06328161;33.1630000
3579.00023460388;33.3091530;33.3125801;-0.06426677;33.1020000
3580.00016212463;33.2479720;33.2485647;-0.06399868;33.0410000
3581.00008964539;33.1861748;33.1861586;-0.06294178;32.9790000
3582.00025558472;33.1248213;33.1253619;-0.06155675;32.9180000
3583.00018310547;33.0640039;33.0659361;-0.06022023;32.8560000
3584.00011062622;33.0021530;33.0054970;-0.06042546;32.7950000
3585.00027656555;32.9409720;32.9439850;-0.06114705;32.7340000
3586.0002040863;32.8791748;32.8815193;-0.06200949;32.6720000
3587.00013160706;32.8178213;32.8185768;-0.06254032;32.6110000
3588.00005912781;32.7570039;32.7567072;-0.06207223;32.5500000
3589.00022506714;32.6951748;32.6951356;-0.06177344;32.4890000
3590.00015258789;32.6338431;32.6340408;-0.06132106;32.4270000
3591.00008010864;32.5728532;32.5738401;-0.06060042;32.3660000
3592.00024604797;32.5120039;32.5141163;-0.06008263;32.3050000
3593.00017356873;32.4501748;32.4537964;-0.06030065;32.2440000
3594.00010108948;32.3888431;32.3921056;-0.06114876;32.1830000
3595.00026702881;32.3278750;32.3302359;-0.06158808;32.1220000
3596.00019454956;32.2668750;32.2684259;-0.06173948;32.0600000
3597.00012207031;32.2058532;32.2067351;-0.06172943;31.9990000
3598.00028800964;32.1450039;32.1451635;-0.06162132;31.9380000
3599.0002155304;32.0831748;32.0832939;-0.0618033;31.8770000
3600.00014305115;32.0218431;32.0210666;-0.06204734;31.8160000
3601.0000705719;31.9608750;31.9597931;-0.06151976;31.7550000
3602.00023651123;31.8998750;31.8991155;-0.06097309;31.6940000
3603.00016403198;31.8388750;31.8386168;-0.06069582;31.6330000
3604.00009155273;31.7778750;31.7779989;-0.06070796;31.5730000
3605.00025749207;31.7168968;31.7169041;-0.0609623;31.5120000
3606.00018501282;31.6557461;31.6556306;-0.06114994;31.4510000
3607.00011253357;31.5955752;31.5950126;-0.06074726;31.3900000
3608.0002784729;31.5349069;31.5348119;-0.06042966;31.3290000
3609.00020599365;31.4738750;31.4744324;-0.06042378;31.2680000
3610.0001335144;31.4128750;31.4138145;-0.06056844;31.2080000
3611.00006103516;31.3518968;31.3531966;-0.0606181;31.1470000
3612.00022697449;31.2907461;31.2923403;-0.06078395;31.0860000
3613.00015449524;31.2305752;31.2319607;-0.06049849;31.0250000
3614.00008201599;31.1699069;31.1715812;-0.0604446;30.9650000
3615.00024795532;31.1088968;31.1101885;-0.06104854;30.9040000
3616.00017547607;31.0477461;31.0480804;-0.06171947;30.8430000
3617.00010299683;30.9875752;30.9865088;-0.06157351;30.7830000
3618.00026893616;30.9269287;30.9256525;-0.06114108;30.7220000
3619.00019645691;30.8657461;30.8644981;-0.06115681;30.6620000
3620.00012397766;30.8055970;30.8039994;-0.06069224;30.6010000
3621.00028991699;30.7447780;30.7440371;-0.06027145;30.5410000
3622.00021743774;30.6845970;30.6841941;-0.05996277;30.4800000
3623.0001449585;30.6237780;30.6245894;-0.05975414;30.4200000
3624.00007247925;30.5635970;30.5647464;-0.05977225;30.3590000
3625.00023841858;30.5027780;30.5047245;-0.05995641;30.2990000
3626.00016593933;30.4425970;30.4442258;-0.06028975;30.2390000
3627.00009346008;30.3817998;30.3835482;-0.06056252;30.1780000
3628.00025939941;30.3214463;30.3226323;-0.06073756;30.1180000
3629.00018692017;30.2616289;30.2623124;-0.060452;30.0580000
3630.00011444092;30.2007998;30.2016349;-0.06063882;29.9970000
3631.00028038025;30.1404463;30.1405401;-0.06089051;29.9370000
3632.000207901;30.0806289;30.0801010;-0.06058222;29.8770000
3633.00013542175;30.0197998;30.0194831;-0.06062204;29.8170000
3634.0000629425;29.9594681;29.9586267;-0.06072774;29.7570000
3635.00022888184;29.8995000;29.8982472;-0.06052499;29.6960000
3636.00015640259;29.8394782;29.8382849;-0.06015208;29.6360000
3637.00008392334;29.7796289;29.7785015;-0.05991048;29.5760000
3638.00024986267;29.7187998;29.7184796;-0.06002149;29.5160000
3639.00017738342;29.6584681;29.6579809;-0.0602961;29.4560000
3640.00010490417;29.5985000;29.5982570;-0.05992525;29.3960000
3641.00027084351;29.5385000;29.5388908;-0.05955499;29.3360000
3642.00019836426;29.4785000;29.4793458;-0.0595721;29.2760000
3643.00012588501;29.4185000;29.4197411;-0.05962588;29.2170000
3644.00029182434;29.3585218;29.3598981;-0.05979378;29.1570000
3645.00021934509;29.2983711;29.2998166;-0.0599647;29.0970000
3646.00014686584;29.2392002;29.2398543;-0.05992483;29.0370000
3647.0000743866;29.1795319;29.1803093;-0.05972649;28.9770000
3648.00024032593;29.1195000;29.1202278;-0.05997982;28.9180000
3649.00016784668;29.0595218;29.0596695;-0.06032527;28.8580000
3650.00009536743;28.9993711;28.9988727;-0.06059514;28.7980000
3651.00026130676;28.9402002;28.9386720;-0.06028178;28.7390000
3652.00018882751;28.8805537;28.8790078;-0.05991952;28.6790000
3653.00011634827;28.8203711;28.8192839;-0.05979634;28.6190000
3654.0002822876;28.7612002;28.7600369;-0.05939106;28.5600000
3655.00020980835;28.7015537;28.7014456;-0.05889595;28.5000000
3656.0001373291;28.6413711;28.6422581;-0.05908259;28.4410000
3657.00006484985;28.5822220;28.5830707;-0.05911528;28.3810000
3658.00023078918;28.5224030;28.5240025;-0.05910861;28.3220000
3659.00015830994;28.4632220;28.4645767;-0.05931199;28.2630000
3660.00008583069;28.4034248;28.4050317;-0.05952157;28.2030000
3661.00025177002;28.3440713;28.3452482;-0.05966195;28.1440000
3662.00017929077;28.2852539;28.2861800;-0.05925623;28.0850000
3663.00010681152;28.2254248;28.2266350;-0.05945473;28.0250000
3664.00027275085;28.1660713;28.1665535;-0.05982649;27.9660000
3665.00020027161;28.1072539;28.1071276;-0.05959626;27.9070000
3666.00012779236;28.0474248;28.0474634;-0.05969916;27.8480000
3667.00005531311;27.9880931;27.9872627;-0.05997457;27.7890000
3668.00022125244;27.9291250;27.9275984;-0.0597721;27.7300000
3669.00014877319;27.8701250;27.8685302;-0.05931447;27.6700000
3670.00007629395;27.8111032;27.8098197;-0.05890591;27.6110000
3671.00024223328;27.7522539;27.7513475;-0.05862335;27.5520000
3672.00016975403;27.6924248;27.6924581;-0.05884132;27.4940000
3673.00009727478;27.6331149;27.6332111;-0.05908974;27.4350000
3674.00026321411;27.5739961;27.5742025;-0.05902227;27.3760000
3675.00019073486;27.5158252;27.5159092;-0.05852073;27.3170000
3676.00011825562;27.4571569;27.4583311;-0.05797589;27.2580000
3677.00028419495;27.3981250;27.3999781;-0.0582565;27.1990000
3678.0002117157;27.3391250;27.3410291;-0.05868787;27.1410000
3679.00013923645;27.2801468;27.2816033;-0.05913514;27.0820000
3680.0000667572;27.2209961;27.2221179;-0.05935612;27.0230000
3681.00023269653;27.1628252;27.1631689;-0.05908473;26.9640000
3682.00016021729;27.1041569;27.1048159;-0.0586939;26.9060000
3683.00008773804;27.0451468;27.0456285;-0.05902247;26.8470000
3684.00025367737;26.9859961;26.9857855;-0.05954438;26.7890000
3685.00018119812;26.9278470;26.9264788;-0.05935087;26.7300000
3686.00010871887;26.8690280;26.8679471;-0.05884257;26.6720000
3687.0002746582;26.8108470;26.8098325;-0.05833432;26.6130000
3688.00020217896;26.7520280;26.7520756;-0.05798309;26.5550000
3689.00012969971;26.6938470;26.6940207;-0.0580029;26.4970000
3690.00005722046;26.6350498;26.6360850;-0.05799266;26.4380000
3691.00022315979;26.5766963;26.5778513;-0.05813277;26.3800000
3692.00015068054;26.5188789;26.5200944;-0.05786771;26.3220000
3693.00007820129;26.4600498;26.4619798;-0.05806028;26.2640000
3694.00024414063;26.4017181;26.4033289;-0.05839386;26.2050000
3695.00017166138;26.3437282;26.3449163;-0.05838567;26.1470000
3696.00009918213;26.2858789;26.2870402;-0.05807144;26.0890000
3697.00026512146;26.2270498;26.2285680;-0.05838357;26.0310000
3698.00019264221;26.1687181;26.1694998;-0.05882234;25.9730000
3699.00012016296;26.1107500;26.1107297;-0.05876068;25.9150000
3700.00028610229;26.0527500;26.0520787;-0.05868205;25.8570000
3701.00021362305;25.9947500;25.9937257;-0.05849002;25.7990000
3702.0001411438;25.9367500;25.9356708;-0.05821335;25.7420000
3703.00006866455;25.8787718;25.8775563;-0.05811656;25.6840000
3704.00023460388;25.8206211;25.8193226;-0.05819207;25.6260000
3705.00016212463;25.7634502;25.7618041;-0.05772722;25.5680000
3706.00008964539;25.7057819;25.7048220;-0.05726011;25.5100000
3707.00025558472;25.6477500;25.6474824;-0.05731437;25.4530000
3708.00018310547;25.5897718;25.5900831;-0.05739594;25.3950000
3709.00011062622;25.5316211;25.5324454;-0.05758237;25.3380000
3710.00027656555;25.4744720;25.4751653;-0.05737425;25.2800000
3711.0002040863;25.4166530;25.4180641;-0.05726261;25.2230000
3712.00013160706;25.3594720;25.3606052;-0.05736323;25.2230000
3713.00005912781;25.3029185;25.3029675;-0.05761131;25.1080000
3714.00022506714;25.2357281;25.2410383;-0.06030648;25.0500000
3715.00015258789;25.2347444;25.2114744;-0.03888592;24.9930000
3716.00008010864;25.1487086;25.1767845;-0.0398389;24.9360000
3717.00024604797;25.0698251;25.0910134;-0.06806936;24.8780000
3718.00017356873;25.0143213;25.0170440;-0.07090391;24.8210000
3719.00010108948;24.9575039;24.9545784;-0.06538562;24.7640000
3720.00026702881;24.8996748;24.8969407;-0.06055088;24.7070000
3721.00019454956;24.8423431;24.8411507;-0.05762563;24.6500000
3722.00012207031;24.7853750;24.7851224;-0.05665812;24.5930000
3723.00028800964;24.7283750;24.7281999;-0.05688268;24.5360000
3724.0002155304;24.6713750;24.6703834;-0.05748345;24.4790000
3725.00014305115;24.6143750;24.6128649;-0.05748875;24.4220000
3726.0000705719;24.5573750;24.5563597;-0.05682503;24.3650000
3727.00023651123;24.5003750;24.5011658;-0.05580387;24.3080000
3728.00016403198;24.4433750;24.4459123;-0.05549492;24.2510000
3729.00009155273;24.3863750;24.3898840;-0.0558812;24.1950000
3730.00025749207;24.3293968;24.3321867;-0.05704483;24.1380000
3731.00018501282;24.2722461;24.2734165;-0.05816258;24.0810000
3732.00011253357;24.2160752;24.2148847;-0.05831971;24.0250000
3733.0002784729;24.1594287;24.1573662;-0.05778348;23.9680000
3734.00020599365;24.1022461;24.1003246;-0.05730558;23.9120000
3735.0001335144;24.0460970;24.0439982;-0.05669421;23.8550000
3736.00006103516;23.9892780;23.9882083;-0.05618677;23.7990000
3737.00022697449;23.9330970;23.9320011;-0.05618948;23.7420000
3738.00015449524;23.8762780;23.8754959;-0.05642371;23.6860000
3739.00008201599;23.8200970;23.8186331;-0.0566412;23.6300000
3740.00024795532;23.7632998;23.7619490;-0.05668198;23.5730000
3741.00017547607;23.7069463;23.7055034;-0.05648454;23.5170000
3742.00010299683;23.6511289;23.6499519;-0.05587165;23.4610000
3743.00026893616;23.5942998;23.5945792;-0.05558079;23.4050000
3744.00019645691;23.5379681;23.5388488;-0.05562937;23.3490000
3745.00012397766;23.4820000;23.4833569;-0.05551339;23.2930000
3746.00028991699;23.4260000;23.4275670;-0.05570281;23.2370000
3747.00021743774;23.3700000;23.3714790;-0.05595193;23.1810000
3748.0001449585;23.3140000;23.3150930;-0.0562002;23.1250000
3749.00007247925;23.2580000;23.2585878;-0.056386;23.0690000
3750.00023841858;23.2020000;23.2021422;-0.05641027;23.0130000
3751.00016593933;23.1460000;23.1459350;-0.05626648;22.9570000
3752.00009346008;23.0900000;23.0898471;-0.0561581;22.9020000
3753.00025939941;23.0340218;23.0338187;-0.05608312;22.8460000
3754.00018692017;22.9778711;22.9776115;-0.0561288;22.7900000
3755.00011444092;22.9227002;22.9218812;-0.05584834;22.7350000
3756.00028038025;22.8670537;22.8665681;-0.05554625;22.6790000
3757.000207901;22.8108711;22.8106589;-0.05580675;22.6240000
3758.00013542175;22.7557220;22.7550478;-0.05564345;22.5680000
3759.0000629425;22.6999030;22.6997347;-0.05544376;22.5130000
3760.00022888184;22.6447220;22.6446004;-0.05519371;22.4580000
3761.00015640259;22.5889248;22.5896449;-0.05507969;22.4020000
3762.00008392334;22.5335713;22.5345702;-0.05506437;22.3470000
3763.00024986267;22.4787539;22.4800915;-0.05469361;22.2920000
3764.00017738342;22.4229248;22.4252553;-0.05483822;22.2370000
3765.00010490417;22.3675931;22.3695845;-0.05535927;22.1820000
3766.00027084351;22.3126250;22.3142714;-0.05529402;22.1270000
3767.00019836426;22.2576250;22.2590179;-0.05526672;22.0720000
3768.00012588501;22.2026250;22.2037048;-0.05530295;22.0170000
3769.00029182434;22.1476250;22.1482129;-0.05543392;21.9620000
3770.00021934509;22.0926250;22.0926614;-0.05554548;21.9070000
3771.00014686584;22.0376250;22.0371098;-0.05557322;21.8520000
3772.0000743866;21.9826250;21.9816775;-0.05549686;21.7970000
3773.00024032593;21.9276250;21.9264836;-0.05531636;21.7430000
3774.00016784668;21.8726468;21.8715877;-0.05502383;21.6880000
3775.00009536743;21.8174961;21.8167515;-0.05489093;21.6330000
3776.00026130676;21.7633252;21.7625708;-0.05441012;21.5790000
3777.00018882751;21.7086787;21.7088670;-0.05399176;21.5240000
3778.00011634827;21.6534961;21.6544480;-0.05429374;21.4700000
3779.0002822876;21.5993470;21.6003270;-0.05415909;21.4150000
3780.00020980835;21.5445280;21.5461464;-0.05421931;21.3610000
3781.0001373291;21.4903470;21.4916081;-0.05439317;21.3070000
3782.00006484985;21.4355498;21.4370699;-0.05452667;21.2520000
3783.00023078918;21.3811963;21.3825316;-0.054528;21.1980000
3784.00015830994;21.3273789;21.3287086;-0.05404775;21.1440000
3785.00008583069;21.2725498;21.2744088;-0.05423171;21.0900000
3786.00025177002;21.2182181;21.2195129;-0.0546517;21.0360000
3787.00017929077;21.1642500;21.1650343;-0.05458253;20.9820000
3788.00010681152;21.1102500;21.1106152;-0.05448829;20.9280000
3789.00027275085;21.0562500;21.0561366;-0.05448882;20.8740000
3790.00020027161;21.0022500;21.0017175;-0.05441944;20.8200000
3791.00012779236;20.9482500;20.9474177;-0.05433892;20.7660000
3792.00029373169;20.8942500;20.8933563;-0.05414022;20.7130000
3793.00022125244;20.8402718;20.8393545;-0.05402876;20.6590000
3794.00014877319;20.7861211;20.7855911;-0.0538622;20.6050000
3795.00007629395;20.7329502;20.7323045;-0.05347705;20.5520000
3796.00024223328;20.6793037;20.6794948;-0.05309654;20.4980000
3797.00016975403;20.6251211;20.6261487;-0.05327375;20.4450000
3798.00009727478;20.5719720;20.5728025;-0.05326613;20.3910000
3799.00026321411;20.5181530;20.5195160;-0.05329303;20.3380000
3800.00019073486;20.4649720;20.4661102;-0.05331637;20.2850000
3801.00011825562;20.4111748;20.4128236;-0.05332495;20.2310000
3802.00028419495;20.3578213;20.3594179;-0.0533403;20.1780000
3803.0002117157;20.3050039;20.3065486;-0.05300777;20.1250000
3804.00013923645;20.2511748;20.2531428;-0.0532744;20.0720000
3805.0000667572;20.1978431;20.1989622;-0.053806;20.0190000
3806.00023269653;20.1448750;20.1454372;-0.05357899;19.9660000
3807.00016021729;20.0918750;20.0919718;-0.05350941;19.9130000
3808.00008773804;20.0388750;20.0387449;-0.05338454;19.8600000
3809.00025367737;19.9858750;19.9855776;-0.05327903;19.8070000
3810.00018119812;19.9328750;19.9323506;-0.0532612;19.7540000
3811.00010871887;19.8798750;19.8788852;-0.05340063;19.7020000
3812.0002746582;19.8268968;19.8255987;-0.05334715;19.6490000
3813.00020217896;19.7737461;19.7725506;-0.05314568;19.5960000
3814.00012969971;19.7215752;19.7203369;-0.0525161;19.5440000
3815.00029563904;19.6689287;19.6687193;-0.05199221;19.4910000
3816.00022315979;19.6157461;19.6165652;-0.05214601;19.4390000
3817.00015068054;19.5635970;19.5644111;-0.05210483;19.3860000
3818.00007820129;19.5107780;19.5121975;-0.05218158;19.3340000
3819.00024414063;19.4585970;19.4597454;-0.05229041;19.2820000
3820.00017166138;19.4057998;19.4072933;-0.05242471;19.2290000
3821.00009918213;19.3534463;19.3547220;-0.05247995;19.1770000
3822.00026512146;19.3016289;19.3026871;-0.05219496;19.1250000
3823.00019264221;19.2487998;19.2501754;-0.05245547;19.0730000
3824.00012016296;19.1964681;19.1971273;-0.05283549;19.0210000
3825.00028610229;19.1445000;19.1446156;-0.05261568;18.9690000
3826.00021362305;19.0925000;19.0921039;-0.05253869;18.9170000
3827.0001411438;19.0405000;19.0395922;-0.05255956;18.8650000
3828.00006866455;18.9885000;18.9873786;-0.05235304;18.8140000
3829.00023460388;18.9365218;18.9350457;-0.052357;18.7620000
3830.00016212463;18.8843711;18.8829512;-0.0522369;18.7100000
3831.00008964539;18.8332002;18.8315720;-0.05166369;18.6590000
3832.00025558472;18.7815537;18.7807889;-0.05114424;18.6070000
3833.00018310547;18.7293711;18.7294693;-0.0512812;18.5550000
3834.00011062622;18.6782002;18.6783285;-0.05117646;18.5040000
3835.00027656555;18.6265537;18.6273665;-0.05107083;18.4530000
3836.0002040863;18.5743929;18.5756893;-0.0514649;18.4010000
3837.00013160706;18.5230713;18.5241313;-0.05147795;18.3500000
3838.00029754639;18.4722539;18.4735269;-0.05091105;18.2990000
3839.00022506714;18.4204248;18.4225054;-0.05104383;18.2480000
3840.00015258789;18.3690931;18.3709473;-0.05134152;18.1970000
3841.00008010864;18.3181250;18.3195681;-0.05133498;18.1460000
3842.00024604797;18.2671250;18.2684869;-0.05118975;18.0950000
3843.00017356873;18.2161250;18.2172270;-0.05124441;18.0440000
3844.00010108948;18.1651250;18.1660266;-0.05122647;17.9930000
3845.00026702881;18.1141250;18.1147070;-0.05130479;17.9420000
3846.00019454956;18.0631250;18.0633278;-0.05133276;17.8910000
3847.00012207031;18.0121250;18.0115909;-0.0515839;17.8410000
3848.00028800964;17.9611468;17.9602713;-0.05141831;17.7900000
3849.0002155304;17.9099961;17.9088921;-0.05141097;17.7390000
3850.00014305115;17.8598252;17.8583474;-0.05081694;17.6890000
3851.0000705719;17.8091787;17.8081603;-0.05042782;17.6380000
3852.00023651123;17.7579961;17.7574367;-0.05060066;17.5880000
3853.00016403198;17.7078470;17.7068920;-0.05053251;17.5380000
3854.00009155273;17.6570498;17.6568837;-0.05023563;17.4870000
3855.00025749207;17.6066963;17.6068158;-0.05012914;17.4370000
3856.00018501282;17.5568789;17.5573439;-0.04971072;17.3870000
3857.00011253357;17.5060498;17.5073952;-0.04990228;17.3370000
3858.0002784729;17.4557181;17.4569697;-0.05019456;17.2870000
3859.00020599365;17.4057500;17.4068422;-0.05014394;17.2370000
3860.0001335144;17.3557500;17.3568935;-0.05002137;17.1870000
3861.00029945374;17.3057500;17.3070640;-0.04993505;17.1370000
3862.00022697449;17.2557500;17.2571153;-0.04994071;17.0880000
3863.00015449524;17.2057718;17.2068090;-0.05016254;17.0380000
3864.00008201599;17.1556211;17.1564431;-0.05031054;16.9880000
3865.00024795532;17.1064502;17.1065540;-0.05002496;16.9390000
3866.00017547607;17.0568037;17.0569629;-0.04977934;16.8890000
3867.00010299683;17.0066211;17.0067162;-0.05009132;16.8400000
3868.00026893616;16.9574720;16.9566483;-0.0500182;16.7900000
3869.00019645691;16.9076530;16.9069977;-0.04977897;16.7410000
3870.00012397766;16.8584720;16.8575258;-0.04955027;16.6910000
3871.00028991699;16.8086530;16.8084712;-0.04924719;16.6420000
3872.00021743774;16.7594720;16.7592377;-0.0492001;16.5930000
3873.0001449585;16.7096748;16.7100639;-0.04922086;16.5440000
3874.00007247925;16.6603431;16.6607709;-0.04924146;16.4950000
3875.00023841858;16.6113750;16.6120739;-0.04891198;16.4460000
3876.00016593933;16.5623750;16.5636749;-0.04860083;16.4460000
3877.00009346008;16.5144442;16.5147991;-0.04877552;16.3480000
3878.00025939941;16.4569879;16.4623470;-0.05113333;16.2990000
3879.00018692017;16.4560040;16.4374323;-0.03284095;16.2510000
3880.00011444092;16.3826484;16.4075107;-0.03418682;16.2020000
3881.00028038025;16.3156834;16.3318724;-0.05957314;16.1530000
3882.000207901;16.2690752;16.2680359;-0.06134626;16.1050000
3883.00013542175;16.2204287;16.2156434;-0.05554752;16.0560000
3884.00030136108;16.1712461;16.1679001;-0.05069399;16.0080000
3885.00022888184;16.1230970;16.1218257;-0.04786503;15.9600000
3886.00015640259;16.0742998;16.0747976;-0.04744491;15.9110000
3887.00008392334;16.0259463;16.0258622;-0.04841832;15.8630000
3888.00024986267;15.9781289;15.9765095;-0.04900863;15.8150000
3889.00017738342;15.9292998;15.9271569;-0.04920964;15.7670000
3890.00010490417;15.8809681;15.8787579;-0.04863088;15.7190000
3891.00027084351;15.8330000;15.8323259;-0.04726176;15.6710000
3892.00019836426;15.7850000;15.7861919;-0.04661219;15.6230000
3893.00012588501;15.7370000;15.7389850;-0.0470497;15.5750000
3894.00029182434;15.6890000;15.6905265;-0.04793611;15.5270000
3895.00021934509;15.6410000;15.6414122;-0.04862826;15.4800000
3896.00014686584;15.5930218;15.5924768;-0.048766;15.4320000
3897.0000743866;15.5448711;15.5443759;-0.04833656;15.3840000
3898.00024032593;15.4977002;15.4974670;-0.04740783;15.3370000
3899.00016784668;15.4500537;15.4514522;-0.04660251;15.2890000
3900.00009536743;15.4018711;15.4041261;-0.04710568;15.2420000
3901.00026130676;15.3547220;15.3564424;-0.04745319;15.1950000
3902.00018882751;15.3069248;15.3086395;-0.0477167;15.1480000
3903.00011634827;15.2595931;15.2605982;-0.04787114;15.1000000
3904.0002822876;15.2126032;15.2129740;-0.04770755;15.0530000
3905.00020980835;15.1657539;15.1660652;-0.0471956;15.0060000
3906.0001373291;15.1179248;15.1187987;-0.04728752;14.9590000
3907.00030326843;15.0705931;15.0710554;-0.0475471;14.9120000
3908.00023078918;15.0236250;15.0236697;-0.04744717;14.8650000
3909.00015830994;14.9766250;14.9765224;-0.04727953;14.8190000
3910.00008583069;14.9296468;14.9293751;-0.04722749;14.7720000
3911.00025177002;14.8824961;14.8818702;-0.04742059;14.7250000
3912.00017929077;14.8363252;14.8350210;-0.04702461;14.6790000
3913.00010681152;14.7896787;14.7887678;-0.04654592;14.6320000
3914.00027275085;14.7424961;14.7421570;-0.04660243;14.5860000
3915.00020027161;14.6963470;14.6961422;-0.04618657;14.5390000
3916.00012779236;14.6495280;14.6504850;-0.04585563;14.4930000
3917.00029373169;14.6033470;14.6048875;-0.04568855;14.4470000
3918.00022125244;14.5565498;14.5590515;-0.04581841;14.4000000
3919.00014877319;14.5101963;14.5126791;-0.0461263;14.3540000
3920.00007629395;14.4643789;14.4664855;-0.04612922;14.3080000
3921.00024223328;14.4175498;14.4199342;-0.04642508;14.2620000
3922.00016975403;14.3712181;14.3729658;-0.04672864;14.2160000
3923.00009727478;14.3252500;14.3265338;-0.0465041;14.1710000
3924.00026321411;14.2792718;14.2805786;-0.04618268;14.1250000
3925.00019073486;14.2331211;14.2345638;-0.04608906;14.0790000
3926.00011825562;14.1879502;14.1888470;-0.04582899;14.0330000
3927.00028419495;14.1422819;14.1434283;-0.04560987;13.9880000
3928.0002117157;14.0962718;14.0972347;-0.046009;13.9420000
3929.00013923645;14.0501211;14.0505047;-0.04644019;13.8970000
3930.00030517578;14.0049720;14.0041322;-0.04632886;13.8510000
3931.00023269653;13.9591530;13.9584155;-0.04597675;13.8060000
3932.00016021729;13.9139720;13.9129967;-0.0456099;13.7610000
3933.00008773804;13.8681748;13.8676376;-0.04547348;13.7160000
3934.00025367737;13.8228431;13.8221593;-0.045453;13.6710000
3935.00018119812;13.7778750;13.7772770;-0.04507387;13.6260000
3936.00010871887;13.7328750;13.7326927;-0.04477381;13.5810000
3937.0002746582;13.6878750;13.6882276;-0.04458563;13.5360000
3938.00020217896;13.6428750;13.6438222;-0.04446675;13.4910000
3939.00012969971;13.5978750;13.5992975;-0.04447997;13.4460000
3940.00029563904;13.5528750;13.5545344;-0.04467085;13.4010000
3941.00022315979;13.5078750;13.5097713;-0.04475118;13.3570000
3942.00015068054;13.4628968;13.4648294;-0.04487133;13.3120000
3943.00007820129;13.4177461;13.4195299;-0.04514316;13.3120000
3944.00024414063;13.3745571;13.3746476;-0.04496976;13.2680000
3945.00017166138;13.3231266;13.3268447;-0.04682106;13.1790000
3946.00009918213;13.3142961;13.3007378;-0.03206877;13.1350000
3947.00026512146;13.2917054;13.2968635;-0.01565094;13.0910000
3948.00019264221;13.2089898;13.2446499;-0.0410426;13.0460000
3949.00012016296;13.1500431;13.1604881;-0.06688368;13.0020000
3950.00028610229;13.1076289;13.0987377;-0.06272409;12.9580000
3951.00021362305;13.0627998;13.0512328;-0.05300656;12.9140000
3952.0001411438;13.0184681;13.0092115;-0.04614113;12.8710000
3953.00006866455;12.9745218;12.9689188;-0.04259434;12.8270000
3954.00023460388;12.9303711;12.9273147;-0.04207974;12.7830000
3955.00016212463;12.8872002;12.8845186;-0.04251385;12.7390000
3956.00008964539;12.8435319;12.8419013;-0.04257219;12.6960000
3957.00025558472;12.7995218;12.7998204;-0.04218996;12.6520000
3958.00018310547;12.7553711;12.7585144;-0.04161002;12.6090000
3959.00011062622;12.7122220;12.7167315;-0.04174069;12.5660000
3960.00027656555;12.6684248;12.6736374;-0.04267791;12.5220000
3961.0002040863;12.6250713;12.6284570;-0.04425204;12.4790000
3962.00013160706;12.5822539;12.5829787;-0.0449996;12.4360000
3963.00029754639;12.5384248;12.5377388;-0.04516527;12.3930000
3964.00022506714;12.4950931;12.4934525;-0.0445604;12.3500000
3965.00015258789;12.4521250;12.4513716;-0.04297523;12.3070000
3966.00008010864;12.4091250;12.4101848;-0.04188348;12.2640000
3967.00024604797;12.3661250;12.3687000;-0.04166311;12.2210000
3968.00017356873;12.3231250;12.3262615;-0.04219947;12.1790000
3969.00010108948;12.2801468;12.2826905;-0.0430907;12.1360000
3970.00026702881;12.2369961;12.2384042;-0.04385182;12.0930000
3971.00019454956;12.1948252;12.1945352;-0.04380987;12.0510000
3972.00012207031;12.1521787;12.1516199;-0.04325982;12.0080000
3973.00028800964;12.1089961;12.1087045;-0.04306759;11.9660000
3974.0002155304;12.0668470;12.0663852;-0.04256501;11.9240000
3975.00014305115;12.0240498;12.0243640;-0.04225982;11.8820000
3976.0000705719;11.9817181;11.9818063;-0.04243219;11.8390000
3977.00023651123;11.9397282;11.9394870;-0.04237639;11.7970000
3978.00016403198;11.8978789;11.8971677;-0.04234551;11.7550000
3979.00009155273;11.8550498;11.8544311;-0.04264169;11.7130000
3980.00025749207;11.8127181;11.8114562;-0.042822;11.6720000
3981.00018501282;11.7707718;11.7691369;-0.04246733;11.6300000
3982.00011253357;11.7286211;11.7275924;-0.04185342;11.5880000
3983.0002784729;11.6874502;11.6868229;-0.04111828;11.5460000
3984.00020599365;11.6457819;11.6467089;-0.04053774;11.5050000
3985.0001335144;11.6037718;11.6058202;-0.04079068;11.4630000
3986.00029945374;11.5616211;11.5639777;-0.04145171;11.4220000
3987.00022697449;11.5204720;11.5221948;-0.04160703;11.3810000
3988.00015449524;11.4786748;11.4806504;-0.04159199;11.3390000
3989.00008201599;11.4373213;11.4386887;-0.04180429;11.2980000
3990.00024795532;11.3965039;11.3975019;-0.04140985;11.2570000
3991.00017547607;11.3546748;11.3558383;-0.04158396;11.2160000
3992.00010299683;11.3133431;11.3140554;-0.04165557;11.1750000
3993.00026893616;11.2723750;11.2729878;-0.04124255;11.1340000
3994.00019645691;11.2313750;11.2325163;-0.04075212;11.0930000
3995.00012397766;11.1903750;11.1919255;-0.04066505;11.0530000
3996.00028991699;11.1493968;11.1508579;-0.04094354;11.0120000
3997.00021743774;11.1082461;11.1091943;-0.04140512;10.9710000
3998.0001449585;11.0680752;11.0678286;-0.04133537;10.9310000
3999.00007247925;11.0274287;11.0268206;-0.04114344;10.8900000
4000;10.9862461;10.9856934;-0.0411559;10.8500000
4001.00040435791;10.9460970;10.9449835;-0.04082436;10.8100000
4002.00033187866;10.9052998;10.9046311;-0.04053356;10.7690000
4003.00025939941;10.8649463;10.8640403;-0.04054795;10.7290000
4004.00018692017;10.8251289;10.8242840;-0.04003912;10.6890000
4005.00011444092;10.7842998;10.7843489;-0.04001867;10.6490000
4006.00004196167;10.7439681;10.7442350;-0.04007641;10.6090000
4006.99996948242;10.7040000;10.7047767;-0.03968312;10.5690000
4008.00037384033;10.6640000;10.6655569;-0.03936171;10.5290000
4009.00030136108;10.6240000;10.6261582;-0.03935804;10.4900000
4010.00022888184;10.5840218;10.5863423;-0.03963304;10.4500000
4011.00015640259;10.5438711;10.5460496;-0.04005306;10.4110000
4012.00008392334;10.5047220;10.5059952;-0.03997824;10.3710000
4013.00001144409;10.4649030;10.4664178;-0.03971441;10.3320000
4014.000415802;10.4257220;10.4268999;-0.03954677;10.2920000
4015.00034332275;10.3859030;10.3877396;-0.03932056;10.2530000
4016.00027084351;10.3467220;10.3484602;-0.03926521;10.2140000
4017.00019836426;10.3069248;10.3092403;-0.03925376;10.1750000
4018.00012588501;10.2675931;10.2693648;-0.03958447;10.1360000
4019.00005340576;10.2286250;10.2299065;-0.03950251;10.0970000
4019.99998092651;10.1896250;10.1905079;-0.03942494;10.0580000
4021.00038528442;10.1506250;10.1510496;-0.03942908;10.0190000
4022.00031280518;10.1116250;10.1115913;-0.03946045;9.9800000
4023.00024032593;10.0726250;10.0720138;-0.03955507;9.9420000
4024.00016784668;10.0336468;10.0325556;-0.03952153;9.9030000
4025.00009536743;9.9944961;9.9933357;-0.03931803;9.8650000
4026.00002288818;9.9563470;9.9547119;-0.03882845;9.8260000
4027.00042724609;9.9175280;9.9164457;-0.03851851;9.7880000
4028.00035476685;9.8793470;9.8781199;-0.03836435;9.7490000
4029.0002822876;9.8405280;9.8400326;-0.03820024;9.7110000
4030.00020980835;9.8023470;9.8017664;-0.03818693;9.6730000
4031.0001373291;9.7635498;9.7635598;-0.03822771;9.6350000
4032.00006484985;9.7252181;9.7252340;-0.03827266;9.5970000
4032.99999237061;9.6872500;9.6875639;-0.03785703;9.5590000
4034.00039672852;9.6492500;9.6500725;-0.03760092;9.5210000
4035.00032424927;9.6112500;9.6125812;-0.03756334;9.4840000
4036.00025177002;9.5732718;9.5747919;-0.03772236;9.4460000
4037.00017929077;9.5351211;9.5367641;-0.03790047;9.4080000
4038.00010681152;9.4979502;9.4992132;-0.03762442;9.3710000
4039.00003433228;9.4603037;9.4621391;-0.03730184;9.3330000
4039.99996185303;9.4221211;9.4243498;-0.03766156;9.2960000
4041.00036621094;9.3849720;9.3865604;-0.03770658;9.2590000
4042.00029373169;9.3471748;9.3487711;-0.03778474;9.2220000
4043.00022125244;9.3098431;9.3110413;-0.03772986;9.1840000
4044.00014877319;9.2728532;9.2737884;-0.03739771;9.1470000
4045.00007629395;9.2360039;9.2367739;-0.03716343;9.1100000
4046.0000038147;9.1981748;9.1994018;-0.03736611;9.0740000
4047.00040817261;9.1608649;9.1612549;-0.03785435;9.0370000
4048.00033569336;9.1237461;9.1238231;-0.03757355;9.0000000
4049.00026321411;9.0875752;9.0869875;-0.03706174;8.9630000
4050.00019073486;9.0509069;9.0505690;-0.03669491;8.9270000
4051.00011825562;9.0138968;9.0134949;-0.03695622;8.8900000
4052.00004577637;8.9767461;8.9760632;-0.03726604;8.8540000
4052.99997329712;8.9405970;8.9391083;-0.0370463;8.8170000
4054.00037765503;8.9037780;8.9026899;-0.03666911;8.7810000
4055.00030517578;8.8675970;8.8663907;-0.03641804;8.7450000
4056.00023269653;8.8307998;8.8305087;-0.03609192;8.7090000
4057.00016021729;8.7944681;8.7943883;-0.03607938;8.6730000
4058.00008773804;8.7585000;8.7588043;-0.03577353;8.6370000
4059.00001525879;8.7225000;8.7232799;-0.03560358;8.6010000
4060.0004196167;8.6865000;8.6877556;-0.03555619;8.5650000
4061.00034713745;8.6505000;8.6521716;-0.03557356;8.5290000
4062.0002746582;8.6145000;8.6162896;-0.035764;8.4940000
4063.00020217896;8.5785218;8.5803480;-0.03588545;8.4580000
4064.00012969971;8.5423711;8.5441680;-0.03607407;8.4220000
4065.00005722046;8.5072002;8.5084648;-0.03577752;8.3870000
4065.99998474121;8.4715537;8.4732384;-0.03543245;8.3520000
4067.00038909912;8.4353929;8.4373564;-0.03572826;8.3160000
4068.00031661987;8.4000713;8.4014148;-0.03581782;8.2810000
4069.00024414063;8.3652539;8.3663673;-0.03534209;8.2460000
4070.00017166138;8.3294248;8.3312006;-0.03527369;8.2110000
4071.00009918213;8.2940931;8.2957358;-0.0353759;8.1760000
4072.00002670288;8.2591250;8.2604499;-0.03532294;8.1410000
4073.00043106079;8.2241250;8.2252235;-0.03525032;8.1060000
4074.00035858154;8.1891250;8.1900568;-0.03517429;8.0720000
4075.00028610229;8.1541468;8.1546516;-0.03530737;8.0370000
4076.00021362305;8.1189961;8.1193061;-0.03532794;8.0030000
4077.0001411438;8.0848470;8.0842585;-0.03507552;7.9680000
4078.00006866455;8.0500280;8.0495686;-0.03485571;7.9340000
4078.9999961853;8.0158470;8.0148787;-0.03472104;7.8990000
4080.00040054321;7.9810280;7.9804868;-0.03454147;7.8650000
4081.00032806396;7.9468470;7.9459161;-0.03453546;7.8310000
4082.00025558472;7.9120498;7.9114051;-0.03454724;7.7970000
4083.00018310547;7.8777181;7.8767152;-0.03460561;7.7630000
4084.00011062622;7.8437500;7.8427405;-0.03419353;7.7290000
4085.00003814697;7.8097500;7.8093023;-0.03372589;7.6950000
4085.99996566772;7.7757500;7.7758641;-0.03352759;7.6610000
4087.00037002563;7.7417500;7.7421875;-0.03365305;7.6270000
4088.00029754639;7.7077500;7.7084512;-0.03372572;7.5940000
4089.00022506714;7.6737718;7.6747746;-0.0336942;7.5600000
4090.00015258789;7.6396211;7.6408596;-0.03383566;7.5270000
4091.00008010864;7.6064720;7.6073618;-0.0335991;7.4930000
4092.00000762939;7.5726530;7.5741620;-0.03338871;7.4600000
4093.0004119873;7.5394720;7.5407238;-0.03337985;7.4270000
4094.00033950806;7.5056748;7.5075240;-0.03328912;7.4270000
4095.00026702881;7.4730632;7.4737282;-0.03361273;7.3610000
4096.00019454956;7.4344000;7.4384422;-0.03469063;7.3280000
4097.00012207031;7.4337374;7.4216337;-0.02217828;7.2950000
4098.00004959106;7.3843199;7.4020238;-0.02282378;7.2620000
4098.99997711182;7.3393226;7.3495717;-0.04103098;7.2290000
4100.00038146973;7.3073750;7.3046298;-0.04290459;7.1960000
4101.00030899048;7.2743750;7.2680921;-0.03868856;7.1640000
4102.00023651123;7.2413968;7.2366209;-0.03413117;7.1310000
4103.00016403198;7.2082461;7.2068186;-0.03148442;7.0990000
4104.00009155273;7.1760970;7.1765990;-0.03071947;7.0670000
4105.00001907349;7.1432998;7.1449489;-0.0313657;7.0340000
4106.0004234314;7.1109463;7.1115107;-0.03266064;7.0020000
4107.00035095215;7.0791289;7.0784898;-0.03283582;6.9700000
4108.0002784729;7.0462998;7.0457668;-0.03273836;6.9380000
4109.00020599365;7.0139681;7.0137591;-0.03224747;6.9060000
4110.0001335144;6.9820000;6.9825263;-0.03161814;6.8740000
4111.00006103516;6.9500000;6.9509954;-0.03158768;6.8420000
4111.99998855591;6.9180000;6.9186897;-0.03205622;6.8110000
4113.00039291382;6.8860218;6.8859071;-0.03251828;6.7790000
4114.00032043457;6.8538711;6.8531842;-0.0326313;6.7470000
4115.00024795532;6.8227002;6.8215341;-0.03195966;6.7160000
4116.00017547607;6.7910537;6.7908973;-0.03116445;6.6840000
4117.00010299683;6.7588711;6.7598433;-0.03111144;6.6530000
4118.00003051758;6.7277220;6.7287893;-0.03107117;6.6220000
4118.99995803833;6.6959248;6.6976757;-0.03114996;6.5910000
4120.00036239624;6.6645931;6.6659660;-0.03149609;6.5600000
4121.00028991699;6.6336250;6.6349120;-0.03120945;6.5290000
4122.00021743774;6.6026250;6.6040368;-0.03099217;6.4980000
4123.0001449585;6.5716250;6.5733404;-0.03083465;6.4670000
4124.00007247925;6.5406250;6.5427632;-0.03069897;6.4360000
4125;6.5096250;6.5121264;-0.03064982;6.4050000
4126.00040435791;6.4786250;6.4813108;-0.03075671;6.3750000
4127.00033187866;6.4476468;6.4503760;-0.03085835;6.3440000
4128.00025939941;6.4164961;6.4190240;-0.03117424;6.3140000
4129.00018692017;6.3863470;6.3880295;-0.03102757;6.2830000
4130.00011444092;6.3555280;6.3572139;-0.03091438;6.2530000
4131.00004196167;6.3253470;6.3265176;-0.03075512;6.2230000
4131.99996948242;6.2945498;6.2958808;-0.03071718;6.1930000
4133.00037384033;6.2642181;6.2651248;-0.03073231;6.1630000
4134.00030136108;6.2342500;6.2350244;-0.03034436;6.1330000
4135.00022888184;6.2042500;6.2052817;-0.02996548;6.1030000
4136.00015640259;6.1742500;6.1754198;-0.02990582;6.0730000
4137.00008392334;6.1442500;6.1453194;-0.0300505;6.0430000
4138.00001144409;6.1142500;6.1148019;-0.03036001;6.0140000
4139.000415802;6.0842718;6.0842247;-0.03049256;5.9840000
4140.00034332275;6.0541211;6.0535283;-0.03059056;5.9550000
4141.00027084351;6.0249720;6.0234875;-0.03017636;5.9250000
4142.00019836426;5.9951530;5.9941025;-0.02970566;5.8960000
4143.00012588501;5.9659720;5.9650750;-0.02925423;5.8670000
4144.00005340576;5.9361748;5.9358687;-0.02925943;5.8380000
4144.99998092651;5.9068431;5.9062452;-0.02946229;5.8080000
4146.00038528442;5.8778532;5.8772177;-0.029192;5.7790000
4147.00031280518;5.8490039;5.8485479;-0.02885983;5.7510000
4148.00024032593;5.8191966;5.8195801;-0.02898269;5.7220000
4149.00016784668;5.7897142;5.7900161;-0.02935938;5.6930000
4150.00009536743;5.7615752;5.7614059;-0.02886367;5.6640000
4151.00002288818;5.7329069;5.7333917;-0.02836937;5.6360000
4152.00042724609;5.7038968;5.7049603;-0.02841034;5.6070000
4153.00035476685;5.6747461;5.6759925;-0.02873722;5.5790000
4154.0002822876;5.6465970;5.6473226;-0.02865935;5.5500000
4155.00020980835;5.6177780;5.6190700;-0.02843848;5.5220000
4156.0001373291;5.5895970;5.5908174;-0.02829243;5.4940000
4157.00006484985;5.5607998;5.5626840;-0.02823504;5.4660000
4157.99999237061;5.5324681;5.5342526;-0.02833826;5.4380000
4159.00039672852;5.5045000;5.5062384;-0.0281335;5.4100000
4160.00032424927;5.4765000;5.4783435;-0.02800407;5.4100000
4161.00025177002;5.4491110;5.4502697;-0.02809138;5.3540000
4162.00017929077;5.4162788;5.4201097;-0.02941885;5.3260000
4163.00010681152;5.4157166;5.4052682;-0.01915184;5.2990000
4164.00003433228;5.3738084;5.3885789;-0.01954968;5.2710000
4164.99996185303;5.3354781;5.3433985;-0.0352985;5.2440000
4166.00036621094;5.3092220;5.3055496;-0.03635787;5.2160000
4167.00029373169;5.2814030;5.2753300;-0.0323576;5.1890000
4168.00022125244;5.2542220;5.2496404;-0.02816493;5.1620000
4169.00014877319;5.2264248;5.2253813;-0.02579062;5.1340000
4170.00007629395;5.1990713;5.1996917;-0.02575665;5.1070000
4171.0000038147;5.1722539;5.1731081;-0.02632265;5.0800000
4172.00040817261;5.1444248;5.1450939;-0.02741794;5.0530000
4173.00033569336;5.1170931;5.1164837;-0.02812532;5.0270000
4174.00026321411;5.0901468;5.0891251;-0.02760161;5.0000000
4175.00019073486;5.0629961;5.0627799;-0.02681844;4.9730000
4176.00011825562;5.0368252;5.0370307;-0.02613315;4.9470000
4177.00004577637;5.0101787;5.0111026;-0.02607211;4.9200000
4177.99997329712;4.9829961;4.9838037;-0.02687332;4.8940000
4179.00037765503;4.9568470;4.9562664;-0.02721915;4.8670000
4180.00030517578;4.9300280;4.9292059;-0.02711088;4.8410000
4181.00023269653;4.9038470;4.9026818;-0.02668339;4.8150000
4182.00016021729;4.8770498;4.8768134;-0.02617506;4.7890000
4183.00008773804;4.8507181;4.8509450;-0.02594589;4.7630000
4184.00001525879;4.8247500;4.8254938;-0.02564641;4.7370000
4185.0004196167;4.7987500;4.7999830;-0.02557923;4.7110000
4186.00034713745;4.7727500;4.7741146;-0.02575245;4.6850000
4187.0002746582;4.7467500;4.7480077;-0.02596073;4.6590000
4188.00020217896;4.7207500;4.7219605;-0.02600718;4.6340000
4189.00012969971;4.6947718;4.6962113;-0.02581768;4.6080000
4190.00005722046;4.6686211;4.6704621;-0.02574549;4.5830000
4190.99998474121;4.6434720;4.6454878;-0.02520892;4.5570000
4192.00038909912;4.6176530;4.6205134;-0.02509442;4.5320000
4193.00031661987;4.5924720;4.5950026;-0.02532444;4.5070000
4194.00024414063;4.5666748;4.5692534;-0.02562918;4.4810000
4195.00017166138;4.5413213;4.5432062;-0.02585902;4.4810000
4196.00009918213;4.5170494;4.5179338;-0.0254824;4.4310000
4197.00002670288;4.4869059;4.4908137;-0.02656426;4.4060000
4198.00043106079;4.4860722;4.4772238;-0.01740696;4.4060000
4199.00035858154;4.4492121;4.4622631;-0.01760322;4.3570000
4200.00028610229;4.4108306;4.4205398;-0.03250134;4.3320000
4201.00021362305;4.4109751;4.3987841;-0.02434617;4.3080000
4202.0001411438;4.3743887;4.3819756;-0.02115373;4.2830000
4203.00006866455;4.3404807;4.3435902;-0.03169775;4.2590000
4203.9999961853;4.3170970;4.3123574;-0.03099579;4.2340000
4205.00040054321;4.2922780;4.2868466;-0.02748277;4.2100000
4206.00032806396;4.2680970;4.2641968;-0.02442893;4.1860000
4207.00025558472;4.2432998;4.2423815;-0.02286172;4.1620000
4208.00018310547;4.2189681;4.2195530;-0.0228769;4.1380000
4209.00011062622;4.1950000;4.1962476;-0.02314784;4.1140000
4210.00003814697;4.1710000;4.1725845;-0.02345299;4.0900000
4210.99996566772;4.1470000;4.1486234;-0.02375543;4.0660000
4212.00037002563;4.1230000;4.1246624;-0.02389868;4.0660000
4213.00029754639;4.0995237;4.1004033;-0.02416232;4.0190000
4214.00022506714;4.0714037;4.0742368;-0.02542185;3.9950000
4215.00015258789;4.0707710;4.0606470;-0.01704232;3.9720000
4216.00008010864;4.0356820;4.0459246;-0.01715382;3.9480000
4217.00000762939;4.0031376;4.0080161;-0.02997462;3.9250000
4218.0004119873;3.9807220;3.9754123;-0.03116441;3.9020000
4219.00033950806;3.9569248;3.9493651;-0.02781453;3.8780000
4220.00026702881;3.9335713;3.9273710;-0.02410666;3.8550000
4221.00019454956;3.9107539;3.9077611;-0.02133407;3.8320000
4222.00012207031;3.8869248;3.8870783;-0.02103479;3.8090000
4223.00004959106;3.8635931;3.8644285;-0.02206191;3.7860000
4223.99997711182;3.8406250;3.8413019;-0.02270308;3.7640000
4225.00038146973;3.8176468;3.8184733;-0.02275025;3.7410000
4226.00030899048;3.7944961;3.7958235;-0.02265618;3.7180000
4227.00023651123;3.7723252;3.7739486;-0.02214594;3.6960000
4228.00016403198;3.7496787;3.7524910;-0.02175668;3.6730000
4229.00009155273;3.7264961;3.7296624;-0.02243816;3.6510000
4230.00001907349;3.7043470;3.7067146;-0.02271543;3.6290000
4231.0004234314;3.6815498;3.6837072;-0.02293148;3.6070000
4232.00035095215;3.6592181;3.6607594;-0.02290685;3.5840000
4233.0002784729;3.6372282;3.6387653;-0.02229997;3.5620000
4234.00020599365;3.6153789;3.6172480;-0.02180071;3.5400000
4235.0001335144;3.5925498;3.5953731;-0.02189826;3.5180000
4236.00006103516;3.5702181;3.5727234;-0.02237465;3.4970000
4236.99998855591;3.5482718;3.5505504;-0.02224245;3.4750000
4238.00039291382;3.5261211;3.5284371;-0.02217288;3.4530000
4239.00032043457;3.5049502;3.5069198;-0.02171416;3.4320000
4240.00024795532;3.4833037;3.4858198;-0.02135557;3.4100000
4241.00017547607;3.4611211;3.4638853;-0.02172807;3.3890000
4242.00010299683;3.4399720;3.4419508;-0.02179918;3.3670000
4243.00003051758;3.4181530;3.4201355;-0.02183937;3.3460000
4244.00043487549;3.3969720;3.3984990;-0.02166203;3.3250000
4245.00036239624;3.3751748;3.3771009;-0.02150532;3.3040000
4246.00028991699;3.3538431;3.3554048;-0.02159673;3.2830000
4247.00021743774;3.3328750;3.3343048;-0.02126266;3.2620000
4248.0001449585;3.3118750;3.3133836;-0.02105933;3.2410000
4249.00007247925;3.2908750;3.2923431;-0.02107031;3.2200000
4250;3.2698750;3.2712431;-0.02108054;3.1990000
4251.00040435791;3.2488750;3.2499046;-0.02121941;3.1790000
4252.00033187866;3.2278968;3.2285661;-0.02127946;3.1580000
4253.00025939941;3.2067461;3.2073469;-0.02123253;3.1380000
4254.00018692017;3.1865970;3.1867237;-0.02083317;3.1170000
4255.00011444092;3.1657780;3.1664581;-0.02052394;3.0970000
4256.00004196167;3.1455970;3.1458349;-0.02056807;3.0770000
4256.99996948242;3.1247998;3.1250925;-0.02072213;3.0560000
4258.00037384033;3.1044463;3.1039924;-0.02092814;3.0360000
4259.00030136108;3.0846289;3.0835480;-0.02059141;3.0160000
4260.00022888184;3.0637998;3.0632825;-0.02042341;2.9960000
4261.00015640259;3.0434681;3.0425400;-0.02058018;2.9760000
4262.00008392334;3.0235000;3.0225725;-0.02017066;2.9570000
4263.00001144409;3.0035218;3.0029030;-0.0198348;2.9370000
4264.000415802;2.9833711;2.9831142;-0.01979077;2.9170000
4265.00034332275;2.9642002;2.9636831;-0.01953876;2.8980000
4266.00027084351;2.9445537;2.9445500;-0.01930933;2.8780000
4267.00019836426;2.9243711;2.9246421;-0.019712;2.8590000
4268.00012588501;2.9052220;2.9049129;-0.01969896;2.8400000
4269.00005340576;2.8854248;2.8856010;-0.01947946;2.8200000
4269.99998092651;2.8660713;2.8662295;-0.0193754;2.8010000
4271.00038528442;2.8472539;2.8476329;-0.01886991;2.7820000
4272.00031280518;2.8274248;2.8286190;-0.01899123;2.7630000
4273.00024032593;2.8080931;2.8091283;-0.01928063;2.7440000
4274.00016784668;2.7891250;2.7900548;-0.01910501;2.7250000
4275.00009536743;2.7701250;2.7712197;-0.01889581;2.7060000
4276.00002288818;2.7511250;2.7524442;-0.01880905;2.6880000
4277.00042724609;2.7321468;2.7334900;-0.01889801;2.6690000
4278.00035476685;2.7129961;2.7144165;-0.01901097;2.6500000
4279.0002822876;2.6948252;2.6959390;-0.01864342;2.6320000
4280.00020980835;2.6761787;2.6778192;-0.01833759;2.6140000
4281.0001373291;2.6570179;2.6591034;-0.01860596;2.5950000
4282.00006484985;2.6386963;2.6404471;-0.01859256;2.5770000
4282.99999237061;2.6208789;2.6225061;-0.01816295;2.5590000
4284.00039672852;2.6020498;2.6043267;-0.01818429;2.5410000
4285.00032424927;2.5837181;2.5856108;-0.01847131;2.5230000
4286.00025177002;2.5657500;2.5676102;-0.01815798;2.5050000
4287.00017929077;2.5477500;2.5497288;-0.01798793;2.4870000
4288.00010681152;2.5297500;2.5319071;-0.01790684;2.4690000
4289.00003433228;2.5117500;2.5140257;-0.0179066;2.4510000
4290.00043869019;2.4937500;2.4960251;-0.01795757;2.4340000
4291.00036621094;2.4757718;2.4777860;-0.01813517;2.4160000
4292.00029373169;2.4576211;2.4596662;-0.01813014;2.3990000
4293.00022125244;2.4404720;2.4419636;-0.01781815;2.3810000
4294.00014877319;2.4226530;2.4244995;-0.01760794;2.3640000
4295.00007629395;2.4054720;2.4066181;-0.01775073;2.3470000
4296.0000038147;2.3876748;2.3889155;-0.01775112;2.3290000
4297.00040817261;2.3703213;2.3709745;-0.01783836;2.3120000
4298.00033569336;2.3535039;2.3539872;-0.01731005;2.2950000
4299.00026321411;2.3356748;2.3368807;-0.01722044;2.2780000
4300.00019073486;2.3183431;2.3191781;-0.01750235;2.2610000
4301.00011825562;2.3013750;2.3020119;-0.01729181;2.2450000
4302.00004577637;2.2843968;2.2847862;-0.0172707;2.2280000
4302.99997329712;2.2672461;2.2676797;-0.01716883;2.2110000
4304.00037765503;2.2510752;2.2508712;-0.01690951;2.1950000
4305.00030517578;2.2344287;2.2344799;-0.01659508;2.1780000
4306.00023269653;2.2172461;2.2174926;-0.01686064;2.1620000
4307.00016021729;2.2010970;2.2007436;-0.01676012;2.1450000
4308.00008773804;2.1842780;2.1842332;-0.01663918;2.1290000
4309.00001525879;2.1680970;2.1675439;-0.01664826;2.1130000
4310.0004196167;2.1512998;2.1510930;-0.01656611;2.0970000
4311.00034713745;2.1349681;2.1344037;-0.01663539;2.0810000
4312.0002746582;2.1190000;2.1181912;-0.01635415;2.0650000
4313.00020217896;2.1030000;2.1020980;-0.01617297;2.0650000
4314.00012969971;2.0873491;2.0859451;-0.01616925;2.0490000
4315.00005722046;2.0689370;2.0686598;-0.01689448;2.0170000
4315.99998474121;2.0658545;2.0587654;-0.01187764;2.0010000
4317.00038909912;2.0575732;2.0570368;-0.005908627;1.9860000
4318.00031661987;2.0278182;2.0386190;-0.01468987;1.9700000
4319.00024414063;2.0063608;2.0073862;-0.02468666;1.9550000
4320.00017166138;1.9917220;1.9840808;-0.02341513;1.9390000
4321.00009918213;1.9759030;1.9676299;-0.01892731;1.9240000
4322.00002670288;1.9607220;1.9547553;-0.01511267;1.9090000
4323.00043106079;1.9449248;1.9422979;-0.01354754;1.8930000
4324.00035858154;1.9295713;1.9283504;-0.01382001;1.8780000
4325.00028610229;1.9147539;1.9138665;-0.01425539;1.8630000
4326.00021362305;1.8989248;1.8987865;-0.01480125;1.8480000
4327.0001411438;1.8835931;1.8837065;-0.01490881;1.8330000
4328.00006866455;1.8686250;1.8696398;-0.01435034;1.8190000
4328.9999961853;1.8536468;1.8557520;-0.01408416;1.8040000
4330.00040054321;1.8384961;1.8410892;-0.01448057;1.7890000
4331.00032806396;1.8243252;1.8260689;-0.01483066;1.7750000
4332.00025558472;1.8096787;1.8111081;-0.01493455;1.7600000
4333.00018310547;1.7944961;1.7954917;-0.01535016;1.7460000
4334.00011062622;1.7803470;1.7806501;-0.01496609;1.7310000
4335.00003814697;1.7655280;1.7665238;-0.01444671;1.7170000
4336.00044250488;1.7513470;1.7526359;-0.01409763;1.7030000
4337.00037002563;1.7365498;1.7385692;-0.01412154;1.6880000
4338.00029754639;1.7221963;1.7239661;-0.01443745;1.6740000
4339.00022506714;1.7083789;1.7098994;-0.01419973;1.6600000
4340.00015258789;1.6935498;1.6954751;-0.01437963;1.6460000
4341.00008010864;1.6792181;1.6808123;-0.01455363;1.6320000
4342.00000762939;1.6652500;1.6668648;-0.01414471;1.6190000
4343.0004119873;1.6512718;1.6530962;-0.01389567;1.6050000
4344.00033950806;1.6371211;1.6394467;-0.01378633;1.5910000
4345.00026702881;1.6239502;1.6261549;-0.01345902;1.5780000
4346.00019454956;1.6103037;1.6128630;-0.0133773;1.5640000
4347.00012207031;1.5961211;1.5987963;-0.01384309;1.5510000
4348.00004959106;1.5829720;1.5846700;-0.01398312;1.5370000
4348.99997711182;1.5691530;1.5708418;-0.013905;1.5240000
4350.00038146973;1.5559720;1.5571923;-0.01371037;1.5110000
4351.00030899048;1.5421748;1.5436024;-0.01363874;1.4980000
4352.00023651123;1.5288431;1.5300722;-0.01354786;1.4840000
4353.00016403198;1.5158532;1.5174360;-0.01295459;1.4710000
4354.00009155273;1.5030039;1.5049786;-0.01264434;1.4580000
4355.00001907349;1.4891748;1.4919252;-0.01296436;1.4460000
4356.0004234314;1.4758649;1.4780969;-0.01349218;1.4330000
4357.00035095215;1.4627461;1.4645071;-0.01353963;1.4200000
4358.0002784729;1.4505752;1.4516325;-0.01307799;1.4070000
4359.00020599365;1.4379069;1.4391751;-0.01271685;1.3950000
4360.0001335144;1.4248968;1.4262409;-0.01287143;1.3820000
4361.00006103516;1.4117461;1.4129491;-0.01315111;1.3700000
4361.99998855591;1.3995970;1.4000745;-0.01293628;1.3570000
4363.00039291382;1.3867780;1.3876767;-0.01263254;1.3450000
4364.00032043457;1.3745970;1.3753981;-0.01239389;1.3330000
4365.00024795532;1.3617998;1.3631196;-0.01235989;1.3200000
4366.00017547607;1.3494463;1.3506026;-0.01244839;1.3080000
4367.00010299683;1.3376289;1.3385029;-0.01220524;1.2960000
4368.00003051758;1.3247998;1.3261647;-0.01234654;1.2840000
4369.00043487549;1.3124681;1.3131709;-0.01274989;1.2720000
4370.00036239624;1.3005000;1.3007731;-0.01253213;1.2600000
4371.00028991699;1.2885000;1.2886734;-0.01226174;1.2490000
4372.00021743774;1.2765218;1.2766928;-0.01207798;1.2370000
4373.0001449585;1.2643711;1.2644739;-0.0121786;1.2250000
4374.00007247925;1.2532002;1.2528510;-0.01180691;1.2140000
4375;1.2415537;1.2415261;-0.01153094;1.2020000
4376.00040435791;1.2293711;1.2296648;-0.01175524;1.1910000
4377.00033187866;1.2182220;1.2179823;-0.01165157;1.1790000
4378.00025939941;1.2064030;1.2065978;-0.01151213;1.1680000
4379.00018692017;1.1952220;1.1950345;-0.01153831;1.1570000
4380.00011444092;1.1834248;1.1834712;-0.01159453;1.1460000
4381.00004196167;1.1720931;1.1715502;-0.01178389;1.1340000
4382.00044631958;1.1611032;1.1604042;-0.01134959;1.1230000
4383.00037384033;1.1502539;1.1496753;-0.01094625;1.1120000
4384.00030136108;1.1384248;1.1385293;-0.01111959;1.1010000
4385.00022888184;1.1270931;1.1267872;-0.01148826;1.0910000
4386.00015640259;1.1161468;1.1152835;-0.0114791;1.0800000
4387.00008392334;1.1049961;1.1040778;-0.0113322;1.0690000
4388.00001144409;1.0948252;1.0933490;-0.01092182;1.0580000
4389.000415802;1.0841569;1.0830970;-0.01053302;1.0480000
4390.00034332275;1.0731468;1.0722489;-0.0107454;1.0370000
4391.00027084351;1.0619961;1.0611624;-0.01099297;1.0270000
4392.00019836426;1.0518470;1.0505528;-0.01069804;1.0160000
4393.00012588501;1.0410280;1.0403008;-0.01042782;1.0060000
4394.00005340576;1.0308470;1.0299296;-0.01038269;0.9960000
4394.99998092651;1.0200498;1.0198564;-0.01022731;0.9860000
4396.00038528442;1.0097181;1.0094256;-0.01034477;0.9760000
4397.00031280518;0.9997500;0.9995312;-0.01004674;0.9650000
4398.00024032593;0.9897282;0.9897561;-0.009865676;0.9550000
4399.00016784668;0.9798789;0.9800405;-0.009800741;0.9460000
4400.00009536743;0.9690716;0.9698481;-0.01009778;0.9360000
4401.00002288818;0.9585892;0.9588809;-0.01060325;0.9260000
4402.00042724609;0.9494502;0.9486885;-0.01030121;0.9160000
4403.00035476685;0.9397819;0.9394498;-0.009667912;0.9060000
4404.0002822876;0.9297500;0.9297938;-0.009694139;0.8970000
4405.00020980835;0.9197718;0.9198994;-0.009832097;0.8870000
4406.0001373291;0.9096211;0.9097666;-0.01001085;0.8780000
4407.00006484985;0.9004720;0.9001703;-0.009704243;0.8680000
4407.99999237061;0.8906530;0.8909912;-0.009401944;0.8590000
4409.00039672852;0.8814720;0.8818121;-0.00924034;0.8500000
4410.00032424927;0.8716748;0.8726926;-0.009192652;0.8400000
4411.00025177002;0.8623213;0.8630962;-0.009428802;0.8310000
4412.00017929077;0.8535039;0.8542747;-0.009051676;0.8220000
4413.00010681152;0.8436748;0.8451552;-0.009122798;0.8130000
4414.00003433228;0.8343431;0.8355589;-0.009380809;0.8040000
4415.00043869019;0.8253750;0.8264394;-0.009185979;0.7950000
4416.00036621094;0.8163750;0.8175583;-0.008995313;0.7860000
4417.00029373169;0.8073750;0.8087368;-0.008884761;0.7780000
4418.00022125244;0.7983968;0.7998557;-0.008890566;0.7690000
4419.00014877319;0.7892461;0.7907958;-0.009025971;0.7600000
4420.00007629395;0.7810752;0.7820935;-0.008769791;0.7520000
4421.0000038147;0.7724287;0.7737488;-0.008514292;0.7430000
4422.00040817261;0.7632461;0.7647485;-0.008846118;0.7340000
4423.00033569336;0.7550752;0.7559867;-0.008748533;0.7260000
4424.00026321411;0.7464287;0.7475228;-0.008607911;0.7180000
4425.00019073486;0.7372679;0.7386417;-0.008813128;0.7090000
4426.00011825562;0.7289463;0.7298798;-0.008741497;0.7010000
4427.00004577637;0.7211289;0.7218332;-0.008303815;0.6930000
4427.99997329712;0.7122998;0.7139058;-0.008112958;0.6850000
4429.00037765503;0.7039681;0.7055015;-0.008287227;0.6770000
4430.00030517578;0.6960000;0.6974549;-0.008169309;0.6690000
4431.00023269653;0.6880000;0.6897063;-0.007944517;0.6610000
4432.00016021729;0.6800000;0.6819577;-0.007834585;0.6530000
4433.00008773804;0.6720000;0.6739111;-0.00797728;0.6450000
4434.00001525879;0.6640000;0.6658644;-0.008042636;0.6370000
4435.0004196167;0.6560000;0.6576986;-0.008128822;0.6300000
4436.00034713745;0.6480218;0.6495924;-0.008097063;0.6220000
4437.0002746582;0.6398711;0.6413669;-0.008170231;0.6140000
4438.00020217896;0.6327002;0.6335587;-0.007913072;0.6070000
4439.00012969971;0.6250537;0.6264062;-0.007462479;0.5990000
4440.00005722046;0.6168711;0.6185384;-0.007734091;0.5920000
4440.99998474121;0.6097220;0.6106705;-0.007780344;0.5850000
4442.00038909912;0.6019248;0.6030411;-0.007697036;0.5770000
4443.00031661987;0.5945713;0.5952925;-0.007692355;0.5700000
4444.00024414063;0.5877539;0.5882592;-0.007269831;0.5630000
4445.00017166138;0.5799248;0.5811066;-0.007227393;0.5560000
4446.00009918213;0.5725931;0.5734176;-0.007481952;0.5490000
4447.00002670288;0.5656250;0.5662651;-0.007262272;0.5420000
4448.00043106079;0.5586250;0.5593509;-0.007061402;0.5350000
4449.00035858154;0.5516250;0.5524964;-0.006945256;0.5280000
4450.00028610229;0.5446250;0.5457015;-0.006852004;0.5210000
4451.00021362305;0.5376250;0.5387873;-0.006893864;0.5140000
4452.0001411438;0.5306250;0.5318136;-0.006935798;0.5070000
4453.00006866455;0.5236250;0.5248995;-0.006936795;0.5010000
4453.9999961853;0.5166468;0.5179853;-0.006935414;0.4940000
4455.00040054321;0.5094961;0.5108924;-0.007021485;0.4870000
4456.00032806396;0.5033252;0.5043359;-0.006686837;0.4810000
4457.00025558472;0.4966787;0.4980178;-0.006493257;0.4740000
4458.00018310547;0.4894961;0.4911632;-0.006734082;0.4680000
4459.00011062622;0.4833470;0.4841895;-0.006849817;0.4620000
4460.00003814697;0.4765498;0.4775734;-0.006729106;0.4550000
4461.00044250488;0.4701963;0.4707784;-0.006738669;0.4490000
4462.00037002563;0.4643789;0.4646988;-0.006316773;0.4430000
4463.00029754639;0.4575498;0.4583807;-0.006354737;0.4370000
4464.00022506714;0.4512181;0.4515261;-0.006636546;0.4310000
4465.00015258789;0.4452500;0.4452080;-0.006426832;0.4250000
4466.00008010864;0.4392500;0.4394264;-0.006022851;0.4190000
4467.00000762939;0.4332500;0.4335255;-0.005930542;0.4130000
4468.0004119873;0.4272500;0.4277439;-0.005845142;0.4070000
4469.00033950806;0.4212500;0.4218430;-0.005871125;0.4010000
4470.00026702881;0.4152500;0.4158826;-0.005911806;0.3950000
4471.00019454956;0.4092500;0.4098029;-0.00601515;0.3900000
4472.00012207031;0.4032718;0.4037828;-0.006032803;0.3840000
4473.00004959106;0.3971211;0.3976435;-0.006113574;0.3790000
4473.99997711182;0.3919720;0.3919811;-0.00577984;0.3730000
4475.00038146973;0.3861530;0.3867359;-0.005460675;0.3670000
4476.00030899048;0.3809502;0.3813119;-0.005399141;0.3620000
4477.00023651123;0.3753037;0.3759474;-0.005400109;0.3620000
4478.00016403198;0.3692520;0.3699274;-0.005800433;0.3510000
4479.00009155273;0.3630675;0.3636689;-0.006052023;0.3510000
4480.00001907349;0.3632589;0.3609271;-0.003775029;0.3460000
4481.0004234314;0.3541884;0.3572316;-0.004106693;0.3360000
4482.00035095215;0.3510757;0.3504367;-0.005522891;0.3300000
4483.0002784729;0.3486573;0.3477545;-0.003728259;0.3250000
4484.00020599365;0.3395028;0.3416748;-0.005431015;0.3200000
4485.0001335144;0.3320153;0.3318400;-0.008124169;0.3150000
4486.00006103516;0.3268431;0.3240914;-0.007781575;0.3100000
4486.99998855591;0.3218750;0.3186078;-0.006293911;0.3060000
4488.00039291382;0.3168968;0.3146739;-0.004812726;0.3010000
4489.00032043457;0.3117461;0.3110380;-0.004103292;0.2960000
4490.00024795532;0.3075752;0.3073425;-0.003821101;0.2910000
4491.00017547607;0.3029069;0.3035278;-0.003838565;0.2860000
4492.00010299683;0.2978750;0.2988190;-0.004417769;0.2820000
4493.00003051758;0.2928968;0.2936930;-0.0048701;0.2770000
4494.00043487549;0.2877461;0.2881498;-0.005285484;0.2730000
4495.00036239624;0.2835970;0.2829642;-0.005179145;0.2680000
4496.00028991699;0.2787780;0.2783150;-0.00488943;0.2640000
4497.00021743774;0.2745970;0.2737255;-0.004687602;0.2590000
4498.0001449585;0.2697780;0.2693743;-0.004514871;0.2550000
4499.00007247925;0.2655970;0.2649040;-0.004460186;0.2510000
4500;0.2607998;0.2605529;-0.004404322;0.2460000
4501.00040435791;0.2564463;0.2559633;-0.004495675;0.2420000
4502.00033187866;0.2526289;0.2519698;-0.004145711;0.2380000
4503.00025939941;0.2477998;0.2477975;-0.004166302;0.2340000
4504.00018692017;0.2434681;0.2431483;-0.004451345;0.2300000
4505.00011444092;0.2395000;0.2389164;-0.004282177;0.2260000
4506.00004196167;0.2355000;0.2351613;-0.00394652;0.2220000
4507.00044631958;0.2315000;0.2315254;-0.003752652;0.2180000
4508.00037384033;0.2275000;0.2277703;-0.003768848;0.2140000
4509.00030136108;0.2235000;0.2239556;-0.003810119;0.2100000
4510.00022888184;0.2195000;0.2199025;-0.003954488;0.2060000
4511.00015640259;0.2155000;0.2158494;-0.003990837;0.2030000
4512.00008392334;0.2115218;0.2118559;-0.0039773;0.1990000
4513.00001144409;0.2073711;0.2078624;-0.003978176;0.1950000
4514.000415802;0.2042002;0.2042861;-0.003698736;0.1920000
4515.00034332275;0.2005537;0.2010078;-0.003476964;0.1880000
4516.00027084351;0.1963711;0.1971335;-0.003767806;0.1840000
4517.00019836426;0.1932002;0.1931996;-0.00384796;0.1810000
4518.00012588501;0.1895537;0.1898021;-0.003568543;0.1770000
4519.00005340576;0.1853711;0.1858086;-0.003833135;0.1740000
4519.99998092651;0.1822220;0.1820535;-0.003747965;0.1710000
4521.00038528442;0.1784248;0.1785965;-0.003596169;0.1670000
4522.00031280518;0.1750713;0.1750798;-0.003517266;0.1640000
4523.00024032593;0.1722539;0.1719804;-0.003239708;0.1610000
4524.00016784668;0.1684248;0.1688809;-0.003204249;0.1580000
4525.00009536743;0.1650931;0.1651854;-0.003509738;0.1540000
4526.00002288818;0.1621032;0.1618476;-0.003377964;0.1510000
4527.00042724609;0.1592539;0.1589269;-0.003085774;0.1480000
4528.00035476685;0.1554248;0.1557083;-0.003230726;0.1450000
4529.0002822876;0.1520931;0.1518936;-0.003595007;0.1420000
4530.00020980835;0.1491250;0.1485557;-0.003417159;0.1390000
4531.0001373291;0.1461250;0.1455755;-0.003158586;0.1360000
4532.00006484985;0.1431250;0.1426549;-0.0030282;0.1330000
4532.99999237061;0.1401250;0.1398535;-0.00287869;0.1310000
4534.00039672852;0.1371468;0.1369328;-0.002902874;0.1280000
4535.00032424927;0.1339961;0.1338334;-0.003047668;0.1250000
4536.00025177002;0.1318252;0.1310320;-0.002862779;0.1220000
4537.00017929077;0.1291569;0.1285882;-0.002623681;0.1200000
4538.00010681152;0.1261468;0.1257868;-0.002758407;0.1170000
4539.00003433228;0.1229961;0.1226277;-0.003008397;0.1140000
4540.00043869019;0.1208252;0.1198263;-0.002836693;0.1120000
4541.00036621094;0.1181787;0.1175017;-0.002525736;0.1090000
4542.00029373169;0.1149961;0.1146407;-0.002750881;0.1070000
4543.00022125244;0.1128470;0.1118989;-0.002722174;0.1040000
4544.00014877319;0.1100280;0.1093955;-0.002619246;0.1020000
4545.00007629395;0.1078470;0.1068325;-0.002558919;0.1000000
4546.0000038147;0.1050498;0.1043887;-0.002494147;0.0970000
4547.00040817261;0.1026963;0.1018853;-0.002470518;0.0950000
4548.00033569336;0.1008789;0.0999779;-0.002097134;0.0930000
4549.00026321411;0.0980498;0.0978918;-0.002115256;0.0900000
4550.00019073486;0.0956963;0.0952692;-0.002412049;0.0880000
4551.00011825562;0.0938789;0.0932426;-0.002159616;0.0860000
4552.00004577637;0.0910498;0.0910372;-0.002243069;0.0840000
4553.00045013428;0.0887181;0.0884146;-0.002481875;0.0820000
4554.00037765503;0.0867500;0.0861497;-0.00234139;0.0800000
4555.00030517578;0.0847500;0.0842423;-0.002088603;0.0780000
4556.00023269653;0.0827500;0.0825138;-0.001871666;0.0760000
4557.00016021729;0.0807500;0.0807852;-0.001775418;0.0740000
4558.00008773804;0.0787500;0.0789971;-0.001786973;0.0720000
4559.00001525879;0.0767500;0.0771494;-0.001836018;0.0700000
4560.0004196167;0.0747500;0.0751228;-0.001961943;0.0680000
4561.00034713745;0.0727500;0.0730962;-0.00200063;0.0660000
4562.0002746582;0.0707500;0.0709505;-0.002075414;0.0640000
4563.00020217896;0.0687500;0.0689835;-0.002014283;0.0630000
4564.00012969971;0.0667718;0.0670166;-0.001986205;0.0610000
4565.00005722046;0.0646211;0.0648708;-0.002065666;0.0590000
4565.99998474121;0.0634502;0.0631423;-0.001808569;0.0580000
4567.00038909912;0.0618037;0.0618310;-0.00150796;0.0560000
4568.00031661987;0.0596211;0.0600428;-0.00170499;0.0540000
4569.00024414063;0.0584502;0.0583143;-0.001710103;0.0530000
4570.00017166138;0.0568037;0.0569434;-0.001522339;0.0510000
4571.00009918213;0.0546211;0.0550360;-0.001784186;0.0500000
4572.00002670288;0.0534720;0.0532479;-0.001779161;0.0480000
4573.00043106079;0.0516530;0.0518174;-0.001602485;0.0470000
4574.00035858154;0.0504720;0.0503273;-0.001521685;0.0450000
4575.00028610229;0.0486530;0.0489564;-0.001447449;0.0440000
4576.00021362305;0.0474720;0.0474066;-0.001498349;0.0430000
4577.0001411438;0.0456748;0.0459165;-0.00154028;0.0410000
4578.00006866455;0.0443213;0.0443072;-0.001567736;0.0400000
4578.9999961853;0.0435039;0.0433535;-0.001146969;0.0390000
4580.00040054321;0.0416748;0.0422210;-0.001162196;0.0390000
4581.00032806396;0.0403649;0.0406713;-0.00138882;0.0360000
4582.00025558472;0.0392024;0.0393600;-0.001331117;0.0350000
4583.00018310547;0.0393331;0.0387640;-0.0008269521;0.0340000
4584.00011062622;0.0370064;0.0376911;-0.00107756;0.0330000
4585.00003814697;0.0353112;0.0354261;-0.001816033;0.0310000
4586.00044250488;0.0343532;0.0337572;-0.001680995;0.0300000
4587.00037002563;0.0335039;0.0329227;-0.001134916;0.0290000
4588.00029754639;0.0316748;0.0319690;-0.001074126;0.0280000
4589.00022506714;0.0303431;0.0304789;-0.001347505;0.0270000
4590.00015258789;0.0293750;0.0293464;-0.001198594;0.0260000
4591.00008010864;0.0283750;0.0284524;-0.001006818;0.0250000
4592.00000762939;0.0273750;0.0277371;-0.0008191171;0.0240000
4593.0004119873;0.0263750;0.0269026;-0.0008118605;0.0230000
4594.00033950806;0.0253750;0.0258894;-0.0009371234;0.0220000
4595.00026702881;0.0243750;0.0249357;-0.0009395939;0.0210000
4596.00019454956;0.0233750;0.0239224;-0.0009743359;0.0210000
4597.00012207031;0.0223968;0.0229091;-0.0009986948;0.0200000
4598.00004959106;0.0212461;0.0218363;-0.001063327;0.0190000
4599.00045394897;0.0210752;0.0211210;-0.0008146485;0.0180000
4600.00038146973;0.0204069;0.0207038;-0.0005901944;0.0170000
4601.00030899048;0.0193750;0.0201077;-0.0006210812;0.0170000
4602.00023651123;0.0183968;0.0190944;-0.0008701279;0.0160000
4603.00016403198;0.0172461;0.0180216;-0.001012308;0.0150000
4604.00009155273;0.0170752;0.0171871;-0.0008585128;0.0150000
4605.00001907349;0.0164287;0.0168891;-0.0004990443;0.0140000
4606.0004234314;0.0152461;0.0159950;-0.0007454462;0.0130000
4607.00035095215;0.0150752;0.0151605;-0.0007678618;0.0130000
4608.0002784729;0.0144287;0.0148029;-0.0005330695;0.0120000
4609.00020599365;0.0132461;0.0139684;-0.0007246918;0.0110000
4610.0001335144;0.0130752;0.0131340;-0.0007643583;0.0110000
4611.00006103516;0.0124287;0.0127167;-0.0005825493;0.0100000
4611.99998855591;0.0112461;0.0117631;-0.0008498097;0.0100000
4613.00039291382;0.0110970;0.0109882;-0.0008010185;0.0090000
4614.00032043457;0.0102780;0.0105114;-0.0006221987;0.0090000
4615.00024795532;0.0100970;0.0100941;-0.000475902;0.0080000
4616.00017547607;0.0092780;0.0097365;-0.0004084587;0.0080000
4617.00010299683;0.0090970;0.0092001;-0.0004821831;0.0070000
4618.00003051758;0.0082780;0.0087828;-0.0004616212;0.0070000
4619.00043487549;0.0080970;0.0081272;-0.0005710241;0.0070000
4620.00036239624;0.0072998;0.0076503;-0.0005433612;0.0060000
4621.00028991699;0.0069463;0.0070543;-0.0005557779;0.0060000
4622.00021743774;0.0071289;0.0069351;-0.0002630688;0.0050000
4623.0001449585;0.0062780;0.0068159;-0.0001973663;0.0050000
4624.00007247925;0.0060970;0.0062198;-0.0004313029;0.0050000
4625;0.0052998;0.0056834;-0.0005258495;0.0040000
4626.00040435791;0.0049463;0.0049681;-0.0006301258;0.0040000
4627.00033187866;0.0051289;0.0048489;-0.0002949491;0.0040000
4628.00025939941;0.0042998;0.0046701;-0.000245764;0.0040000
4629.00018692017;0.0039681;0.0040145;-0.0004960353;0.0030000
4630.00011444092;0.0039782;0.0038357;-0.0002907172;0.0030000
4631.00004196167;0.0041289;0.0040740;5.175764E-05;0.0030000
4632.00044631958;0.0032998;0.0039549;-7.981788E-05;0.0030000
4633.00037384033;0.0029681;0.0031204;-0.0005451973;0.0020000
4634.00030136108;0.0029782;0.0028224;-0.0003731217;0.0020000
4635.00022888184;0.0031289;0.0028224;-0.0001454221;0.0020000
4636.00015640259;0.0022998;0.0027032;-0.0001864556;0.0020000
4637.00008392334;0.0019681;0.0019879;-0.0005237883;0.0020000
4638.00001144409;0.0020000;0.0016899;-0.0003702964;0.0020000
4639.000415802;0.0020000;0.0018686;-1.123351E-05;0.0010000
4640.00034332275;0.0019782;0.0021070;0.0001459898;0.0010000
4641.00027084351;0.0021289;0.0022262;0.0001161048;0.0010000
4642.00019836426;0.0012998;0.0018687;-0.0002286592;0.0010000
4643.00012588501;0.0009681;0.0009150;-0.0006730483;0.0010000
4644.00005340576;0.0010000;0.0004382;-0.0005364619;0.0010000
4645.00045776367;0.0010000;0.0003786;-0.0002323118;0.0010000
4646.00038528442;0.0010000;0.0007361;0.0001285495;0.0010000
4647.00031280518;0.0010000;0.0009745;0.0001828942;0.0010000
4648.00024032593;0.0010000;0.0010937;0.0001304881;0.0000000
4649.00016784668;0.0009782;0.0010937;5.085701E-05;0.0000000
4650.00009536743;0.0011289;0.0009746;-4.522754E-05;0.0000000
4651.00002288818;0.0002998;0.0004382;-0.0003978975;0.0000000
4652.00042724609;-0.0000319;-0.0005155;-0.0007246135;0.0000000
4653.00035476685;0.0000000;-0.0008731;-0.0004546846;0.0000000
4654.0002822876;0.0000000;-0.0007540;-8.833063E-05;0.0000000
4655.00020980835;0.0000000;-0.0003368;0.0002183594;0.0000000
4656.0001373291;0.0000000;-0.0000388;0.0002618592;0.0000000
4657.00006484985;0.0000000;0.0000209;0.0001492285;0.0000000
4657.99999237061;0.0000000;-0.0000387;2.508721E-05;0.0000000
4659.00039672852;0.0000000;-0.0002175;-7.224898E-05;0.0000000
4660.00032424927;0.0000000;-0.0003367;-0.0001046489;0.0000000
4661.00025177002;0.0000000;-0.0003963;-6.691866E-05;0.0000000
4662.00017929077;0.0000000;-0.0003368;6.937105E-06;0.0000000
4663.00010681152;0.0000000;-0.0002772;4.979506E-05;0.0000000
4664.00003433228;0.0000000;-0.0002176;4.55397E-05;0.0000000
4665.00043869019;0.0000000;-0.0002176;1.774884E-05;0.0000000
4666.00036621094;0.0000000;-0.0002176;6.917511E-06;0.0000000
4667.00029373169;0.0000000;-0.0002176;2.696061E-06;0.0000000
4668.00022125244;0.0000000;-0.0002771;-5.183812E-05;0.0000000
4669.00014877319;0.0000000;-0.0002771;-2.020361E-05;0.0000000
4670.00007629395;0.0000000;-0.0003367;-3.40066E-05;0.0000000
4671.0000038147;0.0000000;-0.0002772;2.389168E-05;0.0000000
4672.00040817261;0.0000000;-0.0002176;3.254041E-05;0.0000000
4673.00033569336;0.0000000;-0.0000984;8.394034E-05;0.0000000
4674.00026321411;0.0000000;-0.0000984;3.271528E-05;0.0000000
4675.00019073486;0.0000000;-0.0001579;-4.013829E-05;0.0000000
4676.00011825562;0.0000000;-0.0001579;-1.564367E-05;0.0000000
4677.00004577637;0.0000000;-0.0001579;-6.097032E-06;0.0000000
4678.00045013428;0.0000000;-0.0000984;3.476927E-05;0.0000000
4679.00037765503;0.0000000;-0.0000984;1.355113E-05;0.0000000
4680.00030517578;0.0000000;-0.0000984;5.281474E-06;0.0000000
4681.00023269653;0.0000000;-0.0000984;2.058425E-06;0.0000000
4682.00016021729;0.0000000;-0.0002175;-8.519379E-05;0.0000000
4683.00008773804;0.0000000;-0.0002175;-3.32038E-05;0.0000000
4684.00001525879;0.0000000;-0.0002176;6.822047E-07;0.0000000
4685.0004196167;0.0000000;-0.0001580;4.735724E-05;0.0000000
4686.00034713745;0.0000000;-0.0000388;8.97151E-05;0.0000000
4687.0002746582;0.0000000;0.0000805;0.0001187542;0.0000000
4688.00020217896;0.0000000;0.0000805;4.628376E-05;0.0000000
4689.00012969971;0.0000000;0.0000805;1.803884E-05;0.0000000
4690.00005722046;0.0000000;-0.0000387;-5.632839E-05;0.0000000
4690.99998474121;0.0000000;-0.0001579;-8.161221E-05;0.0000000
4692.00038909912;0.0000000;-0.0001579;-3.18079E-05;0.0000000
4693.00031661987;0.0000000;-0.0000984;1.695263E-05;0.0000000
4694.00024414063;0.0000000;0.0000805;0.0001270013;0.0000000
4695.00017166138;0.0000000;0.0000805;4.949802E-05;0.0000000
4696.00009918213;0.0000000;0.0000805;2.516812E-05;0.0000000
4697.00002670288;0.0000000;0.0000210;-1.338066E-05;0.0000000
4698.00043106079;0.0000000;-0.0000387;-5.497011E-05;0.0000000
4699.00035858154;0.0000000;-0.0000387;-2.142429E-05;0.0000000
4700.00028610229;0.0000000;-0.0000387;-8.349994E-06;0.0000000
4701.00021362305;0.0000000;-0.0000983;-3.265326E-05;0.0000000
4702.0001411438;0.0000000;-0.0000983;-1.272642E-05;0.0000000
4703.00006866455;0.0000000;-0.0001579;-4.216804E-05;0.0000000
4703.9999961853;0.0000000;-0.0001579;-3.042883E-05;0.0000000
4705.00040054321;0.0000000;-0.0001579;-1.185947E-05;0.0000000
4706.00032806396;0.0000000;-0.0000984;2.472742E-05;0.0000000
4707.00025558472;0.0000000;-0.0000984;2.90494E-05;0.0000000
4708.00018310547;0.0000000;-0.0000984;3.51444E-05;0.0000000
4709.00011062622;0.0000000;-0.0000984;1.369733E-05;0.0000000
4710.00003814697;0.0000000;-0.0000984;5.338458E-06;0.0000000
4711.00044250488;0.0000000;-0.0000984;2.080634E-06;0.0000000
4712.00037002563;0.0000000;-0.0000984;8.109153E-07;0.0000000
4713.00029754639;0.0000000;-0.0000388;2.64484E-05;0.0000000
4714.00022506714;0.0000000;0.0000209;5.223733E-05;0.0000000
4715.00015258789;0.0000000;0.0000209;2.03592E-05;0.0000000
4716.00008010864;0.0000000;-0.0000387;-3.915648E-05;0.0000000
4717.00000762939;0.0000000;-0.0000983;-6.235237E-05;0.0000000
4718.0004119873;0.0000000;-0.0001579;-4.753024E-05;0.0000000
4719.00033950806;0.0000000;-0.0001580;-2.843735E-06;0.0000000
4720.00026702881;0.0000000;-0.0001580;-1.10833E-06;0.0000000
4721.00019454956;0.0000000;-0.0000388;8.194472E-05;0.0000000
4722.00012207031;0.0000000;0.0000805;0.0001180445;0.0000000
4723.00004959106;0.0000000;0.0000805;4.600719E-05;0.0000000
4724.00045394897;0.0000000;0.0000805;1.793104E-05;0.0000000
4725.00038146973;0.0000000;0.0000805;6.988521E-06;0.0000000
4726.00030899048;0.0000000;0.0000210;-2.662584E-05;0.0000000
4727.00023651123;0.0000000;-0.0000387;-4.764769E-05;0.0000000
4728.00016403198;0.0000000;-0.0000983;-6.04294E-05;0.0000000
4729.00009155273;0.0000000;-0.0000388;1.823673E-05;0.0000000
4730.00001907349;0.0000000;-0.0000388;7.107663E-06;0.0000000
4731.0004234314;0.0000000;0.0000209;2.894638E-05;0.0000000
4732.00035095215;0.0000000;0.0000805;3.915365E-05;0.0000000
4733.0002784729;0.0000000;0.0000210;-2.652884E-05;0.0000000
4734.00020599365;0.0000000;0.0000210;-1.726922E-05;0.0000000
4735.0001335144;0.0000000;-0.0000387;-4.86598E-05;0.0000000
4736.00006103516;0.0000000;-0.0000387;-1.896488E-05;0.0000000
4736.99998855591;0.0000000;-0.0000387;-7.391455E-06;0.0000000
4738.00039291382;0.0000000;-0.0000387;-2.880778E-06;0.0000000
4739.00032043457;0.0000000;-0.0000387;-1.122767E-06;0.0000000
4740.00024795532;0.0000000;0.0000209;5.254018E-05;0.0000000
4741.00017547607;0.0000000;0.0000210;4.796329E-06;0.0000000
4742.00010299683;0.0000000;0.0000805;2.505913E-05;0.0000000
4743.00003051758;0.0000000;0.0000210;-3.20221E-05;0.0000000
4744.00043487549;0.0000000;0.0000210;-1.248043E-05;0.0000000
4745.00036239624;0.0000000;0.0000210;-4.864177E-06;0.0000000
4746.00028991699;0.0000000;0.0000210;-1.895786E-06;0.0000000
4747.00021743774;0.0000000;-0.0000387;-5.380554E-05;0.0000000
4748.0001449585;0.0000000;-0.0000387;-2.09704E-05;0.0000000
4749.00007247925;0.0000000;-0.0000387;-8.173097E-06;0.0000000
4750;0.0000000;0.0000805;6.015493E-05;0.0000000
4751.00040435791;0.0000000;0.0000805;2.344504E-05;0.0000000
4752.00033187866;0.0000000;0.0000805;9.137573E-06;0.0000000
4753.00025939941;0.0000000;0.0000210;-2.945696E-05;0.0000000
4754.00018692017;0.0000000;0.0000210;-1.148068E-05;0.0000000
4755.00011444092;0.0000000;0.0000210;-4.474531E-06;0.0000000
4756.00004196167;0.0000000;0.0000210;-1.743923E-06;0.0000000
4757.00044631958;0.0000000;0.0000210;-6.796841E-07;0.0000000
4758.00037384033;0.0000000;0.0000805;5.262399E-05;0.0000000
4759.00030136108;0.0000000;0.0000210;-2.679887E-06;0.0000000
4760.00022888184;0.0000000;0.0000210;-1.044471E-06;0.0000000
4761.00015640259;0.0000000;0.0000210;-4.070766E-07;0.0000000
4762.00008392334;0.0000000;0.0000805;2.919092E-05;0.0000000
4763.00001144409;0.0000000;0.0000805;1.1377E-05;0.0000000
4764.000415802;0.0000000;0.0000210;-4.257823E-05;0.0000000
4765.00034332275;0.0000000;0.0000210;-1.659462E-05;0.0000000
4766.00027084351;0.0000000;0.0000210;-1.262745E-05;0.0000000
4767.00019836426;0.0000000;0.0000210;-3.172186E-05;0.0000000
4768.00012588501;0.0000000;0.0000210;-2.342047E-05;0.0000000
4769.00005340576;0.0000000;0.0000210;-9.127994E-06;0.0000000
4770.00045776367;0.0000000;0.0000209;5.172143E-06;0.0000000
4771.00038528442;0.0000000;0.0000209;2.015814E-06;0.0000000
4772.00031280518;0.0000000;-0.0000387;-3.228811E-05;0.0000000
4773.00024032593;0.0000000;-0.0000387;-1.258411E-05;0.0000000
4774.00016784668;0.0000000;-0.0000983;-2.813335E-05;0.0000000
4775.00009536743;0.0000000;0.0000209;8.389061E-05;0.0000000
4776.00002288818;0.0000000;0.0000805;7.455488E-05;0.0000000
4777.00042724609;0.0000000;0.0000805;2.905734E-05;0.0000000
4778.00035476685;0.0000000;-0.0000387;-5.903522E-05;0.0000000
4779.0002822876;0.0000000;-0.0000387;-2.300864E-05;0.0000000
4780.00020980835;0.0000000;-0.0000983;-4.204125E-05;0.0000000
4781.0001373291;0.0000000;-0.0000983;-1.638534E-05;0.0000000
4782.00006484985;0.0000000;-0.0000984;1.360559E-06;0.0000000
4782.99999237061;0.0000000;-0.0000388;3.360404E-05;0.0000000
4784.00039672852;0.0000000;0.0000805;8.636454E-05;0.0000000
4785.00032424927;0.0000000;0.0000805;3.366009E-05;0.0000000
4786.00025177002;0.0000000;0.0000210;-1.989944E-05;0.0000000
4787.00017929077;0.0000000;-0.0000387;-6.082236E-05;0.0000000
4788.00010681152;0.0000000;-0.0000387;-2.370517E-05;0.0000000
4789.00003433228;0.0000000;0.0000209;2.015995E-05;0.0000000
4790.00043869019;0.0000000;-0.0000387;-1.537154E-05;0.0000000
4791.00036621094;0.0000000;-0.0000387;-5.99097E-06;0.0000000
4792.00029373169;0.0000000;-0.0000387;-2.334946E-06;0.0000000
4793.00022125244;0.0000000;-0.0000387;-9.100321E-07;0.0000000
4794.00014877319;0.0000000;0.0000805;8.859567E-05;0.0000000
4795.00007629395;0.0000000;0.0000805;3.452966E-05;0.0000000
4796.0000038147;0.0000000;0.0000805;1.345774E-05;0.0000000
4797.00040817261;0.0000000;0.0000210;-2.41045E-05;0.0000000
4798.00033569336;0.0000000;0.0000210;-9.394591E-06;0.0000000
4799.00026321411;0.0000000;0.0000210;-3.661489E-06;0.0000000
4800.00019073486;0.0000000;0.0000210;-1.427044E-06;0.0000000
4801.00011825562;0.0000000;0.0000210;-5.561825E-07;0.0000000
4802.00004577637;0.0000000;-0.0000387;-5.328343E-05;0.0000000
4803.00045013428;0.0000000;-0.0000387;-2.076692E-05;0.0000000
4804.00037765503;0.0000000;-0.0001579;-7.056646E-05;0.0000000
4805.00030517578;0.0000000;-0.0002175;-5.363523E-05;0.0000000
4806.00023269653;0.0000000;-0.0000984;3.949375E-05;0.0000000
4807.00016021729;0.0000000;0.0000209;9.168789E-05;0.0000000
4808.00008773804;0.0000000;0.0000805;8.871261E-05;0.0000000
4809.00001525879;0.0000000;0.0000805;3.457523E-05;0.0000000
4810.0004196167;0.0000000;0.0000210;-1.261301E-05;0.0000000
4811.00034713745;0.0000000;-0.0000387;-5.208622E-05;0.0000000
4812.0002746582;0.0000000;-0.0000983;-6.215929E-05;0.0000000
4813.00020217896;0.0000000;-0.0000983;-2.422623E-05;0.0000000
4814.00012969971;0.0000000;-0.0000983;-9.442036E-06;0.0000000
4815.00005722046;0.0000000;-0.0000983;-3.67998E-06;0.0000000
4816.00046157837;0.0000000;-0.0000388;2.465426E-05;0.0000000
4817.00038909912;0.0000000;-0.0000388;9.608859E-06;0.0000000
4818.00031661987;0.0000000;-0.0000387;8.803776E-07;0.0000000
4819.00024414063;0.0000000;-0.0000387;3.431222E-07;0.0000000
4820.00017166138;0.0000000;-0.0000387;1.337299E-07;0.0000000
4821.00009918213;0.0000000;-0.0000387;5.212048E-08;0.0000000
4822.00002670288;0.0000000;-0.0000387;2.031366E-08;0.0000000
4823.00043106079;0.0000000;-0.0000387;7.917135E-09;0.0000000
4824.00035858154;0.0000000;0.0000209;4.186207E-05;0.0000000
4825.00028610229;0.0000000;0.0000210;1.173473E-05;0.0000000
4826.00021362305;0.0000000;0.0000210;-8.961943E-06;0.0000000
4827.0001411438;0.0000000;0.0000210;-1.91931E-05;0.0000000
4828.00006866455;0.0000000;-0.0000387;-3.692863E-05;0.0000000
4828.9999961853;0.0000000;-0.0000387;-1.439273E-05;0.0000000
4830.00040054321;0.0000000;-0.0000387;-5.609483E-06;0.0000000
4831.00032806396;0.0000000;0.0000805;7.430399E-05;0.0000000
4832.00025558472;0.0000000;0.0000805;2.895956E-05;0.0000000
4833.00018310547;0.0000000;0.0001401;4.068572E-05;0.0000000
4834.00011062622;0.0000000;0.0001401;1.585703E-05;0.0000000
4835.00003814697;0.0000000;0.0000210;-5.624316E-05;0.0000000
4836.00044250488;0.0000000;-0.0001579;-0.0001452573;0.0000000
4837.00037002563;0.0000000;-0.0001579;-5.661322E-05;0.0000000
4838.00029754639;0.0000000;-0.0000984;3.082421E-05;0.0000000
4839.00022506714;0.0000000;-0.0000388;6.499133E-05;0.0000000
4840.00015258789;0.0000000;-0.0000388;2.533E-05;0.0000000
4841.00008010864;0.0000000;0.0000209;4.714264E-05;0.0000000
4842.00000762939;0.0000000;-0.0000387;-3.46042E-05;0.0000000
4843.0004119873;0.0000000;-0.0000387;-1.348679E-05;0.0000000
4844.00033950806;0.0000000;-0.0000387;-5.256401E-06;0.0000000
4845.00026702881;0.0000000;-0.0000387;-2.048652E-06;0.0000000
4846.00019454956;0.0000000;0.0000805;6.254189E-05;0.0000000
4847.00012207031;0.0000000;0.0000805;2.437535E-05;0.0000000
4848.00004959106;0.0000000;0.0000210;-1.984942E-05;0.0000000
4849.00045394897;0.0000000;0.0000210;-7.736201E-06;0.0000000
4850.00038146973;0.0000000;0.0000210;-3.015141E-06;0.0000000
4851.00030899048;0.0000000;0.0000209;1.276511E-05;0.0000000
4852.00023651123;0.0000000;0.0000209;4.975131E-06;0.0000000
4853.00016403198;0.0000000;0.0000210;-9.074171E-06;0.0000000
4854.00009155273;0.0000000;0.0000805;1.965319E-05;0.0000000
4855.00001907349;0.0000000;0.0000210;-3.412904E-05;0.0000000
4856.0004234314;0.0000000;0.0000805;2.848716E-05;0.0000000
4857.00035095215;0.0000000;0.0000210;-4.178618E-05;0.0000000
4858.0002784729;0.0000000;0.0000210;-1.628593E-05;0.0000000
4859.00020599365;0.0000000;0.0000210;-6.347349E-06;0.0000000
4860.0001335144;0.0000000;0.0000210;-2.473843E-06;0.0000000
4861.00006103516;0.0000000;0.0000210;-9.641665E-07;0.0000000
4862.00046539307;0.0000000;0.0000210;-3.757785E-07;0.0000000
4863.00039291382;0.0000000;0.0000210;-1.464575E-07;0.0000000
4864.00032043457;0.0000000;0.0000210;-5.708099E-08;0.0000000
4865.00024795532;0.0000000;0.0000210;-2.224699E-08;0.0000000
4866.00017547607;0.0000000;-0.0000387;-2.94569E-05;0.0000000
4867.00010299683;0.0000000;0.0000209;1.791825E-05;0.0000000
4868.00003051758;0.0000000;0.0000209;6.983535E-06;0.0000000
4869.00043487549;0.0000000;0.0000209;2.721793E-06;0.0000000
4870.00036239624;0.0000000;0.0000209;1.060803E-06;0.0000000
4871.00028991699;0.0000000;0.0000209;4.134421E-07;0.0000000
4872.00021743774;0.0000000;0.0000805;2.33899E-05;0.0000000
4873.0001449585;0.0000000;0.0000210;-1.697243E-05;0.0000000
4874.00007247925;0.0000000;-0.0000387;-3.279111E-05;0.0000000
4875;0.0000000;-0.0000387;-1.278015E-05;0.0000000
4876.00040435791;0.0000000;-0.0000387;-4.980992E-06;0.0000000
4877.00033187866;0.0000000;0.0000209;5.103647E-05;0.0000000
4878.00025939941;0.0000000;0.0000209;1.989117E-05;0.0000000
4879.00018692017;0.0000000;-0.0000387;-4.522531E-05;0.0000000
4880.00011444092;0.0000000;-0.0000983;-7.060409E-05;0.0000000
4881.00004196167;0.0000000;-0.0000983;-2.751754E-05;0.0000000
4882.00044631958;0.0000000;-0.0000984;-2.97815E-06;0.0000000
4883.00037384033;0.0000000;-0.0000388;5.181706E-05;0.0000000
4884.00030136108;0.0000000;-0.0000388;2.019541E-05;0.0000000
4885.00022888184;0.0000000;0.0000209;3.113878E-05;0.0000000
4886.00015640259;0.0000000;-0.0000387;-2.972282E-05;0.0000000
4887.00008392334;0.0000000;-0.0000983;-5.344329E-05;0.0000000
4888.00001144409;0.0000000;-0.0000984;-1.39433E-05;0.0000000
4889.000415802;0.0000000;-0.0000388;2.763944E-05;0.0000000
4890.00034332275;0.0000000;0.0000209;4.390158E-05;0.0000000
4891.00027084351;0.0000000;0.0000805;4.65093E-05;0.0000000
4892.00019836426;0.0000000;0.0000805;1.812674E-05;0.0000000
4893.00012588501;0.0000000;0.0000210;-3.994755E-05;0.0000000
4894.00005340576;0.0000000;0.0000210;-2.172912E-05;0.0000000
4895.00045776367;0.0000000;0.0000210;-8.468801E-06;0.0000000
4896.00038528442;0.0000000;0.0000209;-4.360453E-07;0.0000000
4897.00031280518;0.0000000;-0.0000387;-4.726131E-05;0.0000000
4898.00024032593;0.0000000;-0.0000387;-1.841983E-05;0.0000000
4899.00016784668;0.0000000;-0.0000387;-7.179023E-06;0.0000000
4900.00009536743;0.0000000;-0.0000387;-2.797984E-06;0.0000000
4901.00002288818;0.0000000;-0.0000387;-1.090498E-06;0.0000000
4902.00042724609;0.0000000;0.0000209;4.666634E-05;0.0000000
4903.00035476685;0.0000000;0.0000209;1.818794E-05;0.0000000
4904.0002822876;0.0000000;0.0000209;7.088648E-06;0.0000000
4905.00020980835;0.0000000;0.0000209;2.76276E-06;0.0000000
4906.0001373291;0.0000000;-0.0000387;-2.832213E-05;0.0000000
4907.00006484985;0.0000000;-0.0000387;-1.103839E-05;0.0000000
4908.00046920776;0.0000000;0.0000209;3.755683E-05;0.0000000
4909.00039672852;0.0000000;0.0000805;4.076992E-05;0.0000000
4910.00032424927;0.0000000;0.0000210;-2.822856E-05;0.0000000
4911.00025177002;0.0000000;0.0000210;-1.100192E-05;0.0000000
4912.00017929077;0.0000000;0.0000209;5.533004E-06;0.0000000
4913.00010681152;0.0000000;0.0000209;2.156457E-06;0.0000000
4914.00003433228;0.0000000;0.0000209;8.404669E-07;0.0000000
4915.00043869019;0.0000000;0.0000805;2.355633E-05;0.0000000
4916.00036621094;0.0000000;-0.0000387;-5.593806E-05;0.0000000
4917.00029373169;0.0000000;-0.0000387;-2.180154E-05;0.0000000
4918.00022125244;0.0000000;-0.0000983;-3.172579E-05;0.0000000
4919.00014877319;0.0000000;-0.0000983;-1.236495E-05;0.0000000
4920.00007629395;0.0000000;-0.0000388;1.837062E-05;0.0000000
4921.0000038147;0.0000000;-0.0000388;7.159845E-06;0.0000000
4922.00040817261;0.0000000;-0.0001579;-7.953685E-05;0.0000000
4923.00033569336;0.0000000;-0.0002175;-6.407281E-05;0.0000000
4924.00026321411;0.0000000;-0.0002175;-2.497201E-05;0.0000000
4925.00019073486;0.0000000;-0.0000984;5.531607E-05;0.0000000
4926.00011825562;0.0000000;-0.0000388;7.45369E-05;0.0000000
4927.00004577637;0.0000000;-0.0000388;2.905034E-05;0.0000000
4928.00045013428;0.0000000;-0.0001579;-9.454446E-05;0.0000000
4929.00037765503;0.0000000;-0.0001579;-3.684817E-05;0.0000000
4930.00030517578;0.0000000;-0.0000984;1.865691E-05;0.0000000
4931.00023269653;0.0000000;0.0000209;8.174982E-05;0.0000000
4932.00016021729;0.0000000;0.0001401;0.0001021817;0.0000000
4933.00008773804;0.0000000;0.0001401;3.982472E-05;0.0000000
4934.00001525879;0.0000000;0.0001997;4.859523E-05;0.0000000
4935.0004196167;0.0000000;0.0001402;-7.148799E-06;0.0000000
4936.00034713745;0.0000000;0.0000806;-4.987756E-05;0.0000000
4937.0002746582;0.0000000;0.0000210;-5.251327E-05;0.0000000
4938.00020217896;0.0000000;0.0000210;-2.046675E-05;0.0000000
4939.00012969971;0.0000000;0.0000210;-7.9768E-06;0.0000000
4940.00005722046;0.0000000;0.0000210;-3.108912E-06;0.0000000
4941.00046157837;0.0000000;0.0000210;-1.211681E-06;0.0000000
4942.00038909912;0.0000000;0.0000210;-4.722458E-07;0.0000000
4943.00031661987;0.0000000;-0.0000387;-3.745447E-05;0.0000000
4944.00024414063;0.0000000;-0.0001579;-9.889701E-05;0.0000000
4945.00017166138;0.0000000;-0.0000388;4.74515E-05;0.0000000
4946.00009918213;0.0000000;0.0000209;7.156062E-05;0.0000000
4947.00002670288;0.0000000;0.0000805;5.728925E-05;0.0000000
4948.00043106079;0.0000000;0.0000210;-3.056073E-05;0.0000000
4949.00035858154;0.0000000;0.0000210;-1.191087E-05;0.0000000
4950.00028610229;0.0000000;-0.0000387;-3.409043E-05;0.0000000
4951.00021362305;0.0000000;0.0000805;5.47048E-05;0.0000000
4952.0001411438;0.0000000;0.0000210;-1.868905E-06;0.0000000
4953.00006866455;0.0000000;0.0000210;-7.28395E-07;0.0000000
4954.00047302246;0.0000000;0.0000210;-2.838878E-07;0.0000000
4955.00040054321;0.0000000;0.0000210;-2.364995E-05;0.0000000
4956.00032806396;0.0000000;0.0000210;-9.217435E-06;0.0000000
4957.00025558472;0.0000000;0.0000210;-9.752232E-06;0.0000000
4958.00018310547;0.0000000;0.0000210;-1.624006E-05;0.0000000
4959.00011062622;0.0000000;0.0000210;-1.738652E-05;0.0000000
4960.00003814697;0.0000000;0.0000210;-1.265283E-05;0.0000000
4961.00044250488;0.0000000;0.0000210;-4.931369E-06;0.0000000
4962.00037002563;0.0000000;0.0000210;-8.851733E-06;0.0000000
4963.00029754639;0.0000000;0.0000210;-3.449913E-06;0.0000000
4964.00022506714;0.0000000;0.0000210;-4.24331E-06;0.0000000
4965.00015258789;0.0000000;0.0000210;-1.653806E-06;0.0000000
4966.00008010864;0.0000000;-0.0000387;-2.39123E-05;0.0000000
4967.00000762939;0.0000000;0.0000805;6.688686E-05;0.0000000
4968.0004119873;0.0000000;0.0000805;2.606877E-05;0.0000000
4969.00033950806;0.0000000;0.0000805;1.016016E-05;0.0000000
4970.00026702881;0.0000000;0.0000210;-4.892903E-05;0.0000000
4971.00019454956;0.0000000;-0.0000387;-4.851804E-05;0.0000000
4972.00012207031;0.0000000;-0.0000387;-1.890963E-05;0.0000000
4973.00004959106;0.0000000;-0.0000983;-4.457791E-05;0.0000000
4974.00045394897;0.0000000;-0.0000983;-1.737399E-05;0.0000000
4975.00038146973;0.0000000;-0.0000388;1.641838E-05;0.0000000
4976.00030899048;0.0000000;0.0000209;3.257518E-05;0.0000000
4977.00023651123;0.0000000;0.0000209;1.269599E-05;0.0000000
4978.00016403198;0.0000000;-0.0000387;-1.828057E-05;0.0000000
4979.00009155273;0.0000000;-0.0000983;-3.325711E-05;0.0000000
4980.00001907349;0.0000000;-0.0000983;-1.296177E-05;0.0000000
4981.0004234314;0.0000000;-0.0000388;4.783711E-05;0.0000000
4982.00035095215;0.0000000;0.0000209;5.591466E-05;0.0000000
4983.0002784729;0.0000000;0.0000209;2.179242E-05;0.0000000
4984.00020599365;0.0000000;-0.0000387;-3.859788E-05;0.0000000
4985.0001335144;0.0000000;-0.0000387;-1.504331E-05;0.0000000
4986.00006103516;0.0000000;-0.0000387;-5.863043E-06;0.0000000
4987.00046539307;0.0000000;-0.0000387;-2.285088E-06;0.0000000
4988.00039291382;0.0000000;-0.0000387;-8.906002E-07;0.0000000
4989.00032043457;0.0000000;0.0000209;2.288166E-05;0.0000000
4990.00024795532;0.0000000;0.0000209;8.917997E-06;0.0000000
4991.00017547607;0.0000000;-0.0000387;-2.265662E-05;0.0000000
4992.00010299683;0.0000000;0.0000209;1.730207E-05;0.0000000
4993.00003051758;0.0000000;-0.0000387;-1.648538E-05;0.0000000
4994.00043487549;0.0000000;-0.0000387;-6.425084E-06;0.0000000
4995.00036239624;0.0000000;-0.0000387;-2.50414E-06;0.0000000
4996.00028991699;0.0000000;-0.0000387;-9.759746E-07;0.0000000
4997.00021743774;0.0000000;-0.0000387;-3.803806E-07;0.0000000
4998.0001449585;0.0000000;0.0000805;5.5383E-05;0.0000000
4999.00007247925;0.0000000;0.0001401;5.098412E-05;0.0000000
5000;0.0000000;0.0000806;-3.301812E-05;0.0000000
5001.00040435791;0.0000000;0.0000210;-3.609738E-05;0.0000000
5002.00033187866;0.0000000;-0.0000387;-3.733649E-05;0.0000000
5003.00025939941;0.0000000;-0.0000983;-4.395059E-05;0.0000000
5004.00018692017;0.0000000;-0.0000983;-1.712949E-05;0.0000000
5005.00011444092;0.0000000;-0.0000388;3.046944E-05;0.0000000
5006.00004196167;0.0000000;-0.0000388;1.187529E-05;0.0000000
5007.00044631958;0.0000000;-0.0000388;4.628328E-06;0.0000000
5008.00037384033;0.0000000;-0.0000388;1.803864E-06;0.0000000
5009.00030136108;0.0000000;-0.0000388;7.03046E-07;0.0000000
5010.00022888184;0.0000000;-0.0001579;-8.572204E-05;0.0000000
5011.00015640259;0.0000000;-0.0001579;-4.915301E-05;0.0000000
5012.00008392334;0.0000000;-0.0000388;4.589166E-05;0.0000000
5013.00001144409;0.0000000;0.0000210;4.935891E-05;0.0000000
5014.000415802;0.0000000;0.0001401;8.428613E-05;0.0000000
5015.00034332275;0.0000000;0.0001401;3.285004E-05;0.0000000
5016.00027084351;0.0000000;0.0001401;1.280312E-05;0.0000000
5017.00019836426;0.0000000;0.0001401;4.989943E-06;0.0000000
5018.00012588501;0.0000000;0.0000806;-2.414371E-05;0.0000000
5019.00005340576;0.0000000;0.0000210;-3.880878E-05;0.0000000
5020.00045776367;0.0000000;0.0000210;-1.51255E-05;0.0000000
5021.00038528442;0.0000000;-0.0000387;-3.207129E-05;0.0000000
5022.00031280518;0.0000000;-0.0000387;-1.24996E-05;0.0000000
5023.00024032593;0.0000000;0.0000209;2.126071E-05;0.0000000
5024.00016784668;0.0000000;0.0000805;6.126401E-05;0.0000000
5025.00009536743;0.0000000;0.0000805;2.38773E-05;0.0000000
5026.00002288818;0.0000000;0.0001401;4.237981E-05;0.0000000
5027.00042724609;0.0000000;0.0000806;-3.63716E-05;0.0000000
5028.00035476685;0.0000000;-0.0000387;-8.037865E-05;0.0000000
5029.0002822876;0.0000000;-0.0001579;-0.0001372827;0.0000000
5030.00020980835;0.0000000;-0.0000984;-6.492803E-06;0.0000000
5031.0001373291;0.0000000;-0.0000388;3.467745E-05;0.0000000
5032.00006484985;0.0000000;0.0000805;6.909045E-05;0.0000000
5033.00046920776;0.0000000;0.0001401;5.015638E-05;0.0000000
5034.00039672852;0.0000000;0.0000210;-6.933195E-05;0.0000000
5035.00032424927;0.0000000;-0.0000387;-5.319794E-05;0.0000000
5036.00025177002;0.0000000;-0.0000983;-4.396235E-05;0.0000000
5037.00017929077;0.0000000;-0.0000984;-1.306228E-05;0.0000000
5038.00010681152;0.0000000;-0.0000984;-5.090951E-06;0.0000000
5039.00003433228;0.0000000;-0.0000388;2.12446E-05;0.0000000
5040.00043869019;0.0000000;0.0000805;8.154752E-05;0.0000000
5041.00036621094;0.0000000;0.0000210;-5.362872E-06;0.0000000
5042.00029373169;0.0000000;0.0000210;-2.090149E-06;0.0000000
5043.00022125244;0.0000000;-0.0000387;-4.798499E-05;0.0000000
5044.00014877319;0.0000000;-0.0000387;-1.870188E-05;0.0000000
5045.00007629395;0.0000000;-0.0000387;-7.288953E-06;0.0000000
5046.0000038147;0.0000000;0.0000209;3.436716E-05;0.0000000
5047.00040817261;0.0000000;0.0000805;4.80169E-05;0.0000000
5048.00033569336;0.0000000;0.0000805;1.871432E-05;0.0000000
5049.00026321411;0.0000000;0.0000210;-2.572448E-05;0.0000000
5050.00019073486;0.0000000;-0.0000387;-3.329371E-05;0.0000000
5051.00011825562;0.0000000;-0.0001579;-8.94663E-05;0.0000000
5052.00004577637;0.0000000;-0.0000984;-1.167919E-05;0.0000000
5053.00045013428;0.0000000;-0.0000388;3.730708E-05;0.0000000
5054.00037765503;0.0000000;-0.0000388;1.454022E-05;0.0000000
5055.00030517578;0.0000000;0.0000209;3.879623E-05;0.0000000
5056.00023269653;0.0000000;0.0000210;1.226086E-05;0.0000000
5057.00016021729;0.0000000;-0.0000387;-3.249181E-05;0.0000000
5058.00008773804;0.0000000;-0.0000387;-2.378229E-05;0.0000000
5059.00001525879;0.0000000;-0.0000387;-9.269014E-06;0.0000000
5060.0004196167;0.0000000;0.0000209;4.347881E-05;0.0000000
5061.00034713745;0.0000000;0.0000805;4.634452E-05;0.0000000
5062.0002746582;0.0000000;0.0000805;1.806251E-05;0.0000000
5063.00020217896;0.0000000;0.0000805;7.039763E-06;0.0000000
5064.00012969971;0.0000000;0.0000210;-2.33448E-05;0.0000000
5065.00005722046;0.0000000;-0.0000387;-3.527471E-05;0.0000000
5066.00046157837;0.0000000;-0.0000983;-3.697688E-05;0.0000000
5067.00038909912;0.0000000;-0.0000388;2.737722E-05;0.0000000
5068.00031661987;0.0000000;-0.0000388;1.067012E-05;0.0000000
5069.00024414063;0.0000000;0.0000209;3.360685E-05;0.0000000
5070.00017166138;0.0000000;-0.0000387;-1.997569E-05;0.0000000
5071.00009918213;0.0000000;-0.0000387;-7.785411E-06;0.0000000
5072.00002670288;0.0000000;-0.0000387;-1.415312E-05;0.0000000
5073.00043106079;0.0000000;-0.0000387;-5.516097E-06;0.0000000
5074.00035858154;0.0000000;0.0000209;3.505812E-05;0.0000000
5075.00028610229;0.0000000;0.0000209;1.36637E-05;0.0000000
5076.00021362305;0.0000000;0.0000210;2.108134E-06;0.0000000
5077.0001411438;0.0000000;0.0000210;8.216334E-07;0.0000000
5078.00006866455;0.0000000;-0.0000387;-2.585598E-05;0.0000000
5079.00047302246;0.0000000;-0.0000387;-1.007722E-05;0.0000000
5080.00040054321;0.0000000;0.0000209;2.220482E-05;0.0000000
5081.00032806396;0.0000000;-0.0000387;-2.07447E-05;0.0000000
5082.00025558472;0.0000000;-0.0000387;-8.08513E-06;0.0000000
5083.00018310547;0.0000000;0.0000209;4.982665E-05;0.0000000
5084.00011062622;0.0000000;0.0000805;6.127864E-05;0.0000000
5085.00003814697;0.0000000;0.0000805;2.3883E-05;0.0000000
5086.00044250488;0.0000000;-0.0000387;-5.581074E-05;0.0000000
5087.00037002563;0.0000000;-0.0000387;-2.175192E-05;0.0000000
5088.00029754639;0.0000000;-0.0000387;-8.477688E-06;0.0000000
5089.00022506714;0.0000000;0.0000209;4.967364E-05;0.0000000
5090.00015258789;0.0000000;0.0000805;4.258878E-05;0.0000000
5091.00008010864;0.0000000;0.0000805;1.659874E-05;0.0000000
5092.00000762939;0.0000000;0.0000210;-1.961925E-05;0.0000000
5093.0004119873;0.0000000;-0.0000387;-3.091423E-05;0.0000000
5094.00033950806;0.0000000;-0.0000387;-1.204865E-05;0.0000000
5095.00026702881;0.0000000;0.0000209;4.828189E-05;0.0000000
5096.00019454956;0.0000000;0.0000209;1.881759E-05;0.0000000
5097.00012207031;0.0000000;0.0000209;7.33405E-06;0.0000000
5098.00004959106;0.0000000;-0.0000387;-2.327395E-05;0.0000000
5099.00045394897;0.0000000;-0.0000387;-9.07089E-06;0.0000000
5100.00038146973;0.0000000;0.0000209;2.953844E-05;0.0000000
5101.00030899048;0.0000000;0.0000805;4.458621E-05;0.0000000
5102.00023651123;0.0000000;0.0000210;-3.551167E-05;0.0000000
5103.00016403198;0.0000000;0.0000805;9.349317E-06;0.0000000
5104.00009155273;0.0000000;-0.0000387;-6.671631E-05;0.0000000
5105.00001907349;0.0000000;-0.0000387;-2.600231E-05;0.0000000
5106.0004234314;0.0000000;-0.0000387;-1.013425E-05;0.0000000
5107.00035095215;0.0000000;0.0000209;3.325822E-05;0.0000000
5108.0002784729;0.0000000;0.0000209;1.29622E-05;0.0000000
5109.00020599365;0.0000000;-0.0000387;-4.792583E-05;0.0000000
5110.0001335144;0.0000000;-0.0000387;-1.867882E-05;0.0000000
5111.00006103516;0.0000000;-0.0000983;-6.025774E-05;0.0000000
5112.00046539307;0.0000000;-0.0000983;-2.348512E-05;0.0000000
5113.00039291382;0.0000000;-0.0000387;1.805768E-05;0.0000000
5114.00032043457;0.0000000;0.0000209;3.026664E-05;0.0000000
5115.00024795532;0.0000000;-0.0000387;-3.529511E-05;0.0000000
5116.00017547607;0.0000000;-0.0000387;-1.375607E-05;0.0000000
5117.00010299683;0.0000000;-0.0000983;-3.149371E-05;0.0000000
5118.00003051758;0.0000000;-0.0000388;4.06144E-05;0.0000000
5119.00043487549;0.0000000;-0.0000388;1.582923E-05;0.0000000
5120.00036239624;0.0000000;-0.0000387;1.580785E-06;0.0000000
5121.00028991699;0.0000000;-0.0000387;-3.518118E-06;0.0000000
5122.00021743774;0.0000000;0.0000209;3.17026E-05;0.0000000
5123.0001449585;0.0000000;0.0000209;1.235591E-05;0.0000000
5124.00007247925;0.0000000;-0.0000387;-3.239234E-05;0.0000000
5125.00047683716;0.0000000;-0.0000387;-1.262473E-05;0.0000000
5126.00040435791;0.0000000;-0.0000387;-4.920419E-06;0.0000000
5127.00033187866;0.0000000;-0.0000983;-2.805006E-05;0.0000000
5128.00025939941;0.0000000;-0.0000983;-1.093235E-05;0.0000000
5129.00018692017;0.0000000;-0.0000388;1.892897E-05;0.0000000
5130.00011444092;0.0000000;0.0000209;4.050672E-05;0.0000000
5131.00004196167;0.0000000;0.0000209;1.578726E-05;0.0000000
5132.00044631958;0.0000000;-0.0000387;-4.093836E-05;0.0000000
5133.00037384033;0.0000000;-0.0000387;-1.59555E-05;0.0000000
5134.00030136108;0.0000000;-0.0000387;-6.218565E-06;0.0000000
5135.00022888184;0.0000000;-0.0000387;-2.423651E-06;0.0000000
5136.00015640259;0.0000000;0.0000209;3.626339E-05;0.0000000
5137.00008392334;0.0000000;0.0000805;4.353235E-05;0.0000000
5138.00001144409;0.0000000;0.0000210;-2.482226E-05;0.0000000
5139.000415802;0.0000000;0.0000210;-9.674336E-06;0.0000000
5140.00034332275;0.0000000;-0.0000387;-3.689977E-05;0.0000000
5141.00027084351;0.0000000;-0.0000387;-1.438148E-05;0.0000000
5142.00019836426;0.0000000;-0.0000387;-5.605099E-06;0.0000000
5143.00012588501;0.0000000;0.0000210;1.740999E-05;0.0000000
5144.00005340576;0.0000000;0.0000210;6.785445E-06;0.0000000
5145.00045776367;0.0000000;-0.0000387;-4.452578E-05;0.0000000
5146.00038528442;0.0000000;-0.0000387;-1.735367E-05;0.0000000
5147.00031280518;0.0000000;-0.0000387;-6.763496E-06;0.0000000
5148.00024032593;0.0000000;-0.0000387;-2.636035E-06;0.0000000
5149.00016784668;0.0000000;0.0000209;2.837152E-05;0.0000000
5150.00009536743;0.0000000;0.0000209;1.105764E-05;0.0000000
5151.00002288818;0.0000000;0.0000209;4.309653E-06;0.0000000
5152.00042724609;0.0000000;-0.0000387;-2.44527E-05;0.0000000
5153.00035476685;0.0000000;-0.0000387;-9.5303E-06;0.0000000
5154.0002822876;0.0000000;-0.0000387;-3.714381E-06;0.0000000
5155.00020980835;0.0000000;-0.0000387;-1.447659E-06;0.0000000
5156.0001373291;0.0000000;-0.0000387;-5.642169E-07;0.0000000
5157.00006484985;0.0000000;0.0000209;3.285387E-05;0.0000000
5158.00046920776;0.0000000;-0.0000387;-1.659429E-05;0.0000000
5159.00039672852;0.0000000;-0.0000387;-6.467532E-06;0.0000000
5160.00032424927;0.0000000;-0.0000387;-2.520684E-06;0.0000000
5161.00025177002;0.0000000;-0.0000983;-2.711478E-05;0.0000000
5162.00017929077;0.0000000;-0.0000983;-1.056783E-05;0.0000000
5163.00010681152;0.0000000;0.0000209;6.100026E-05;0.0000000
5164.00003433228;0.0000000;0.0000209;2.37745E-05;0.0000000
5165.00043869019;0.0000000;0.0000209;9.265979E-06;0.0000000
5166.00036621094;0.0000000;0.0000209;3.611363E-06;0.0000000
5167.00029373169;0.0000000;0.0000209;1.407508E-06;0.0000000
5168.00022125244;0.0000000;0.0000209;5.485684E-07;0.0000000
5169.00014877319;0.0000000;-0.0000387;-5.276397E-05;0.0000000
5170.00007629395;0.0000000;-0.0000387;-2.056446E-05;0.0000000
5171.00048065186;0.0000000;-0.0000387;-8.014882E-06;0.0000000
5172.00040817261;0.0000000;0.0000209;2.627515E-05;0.0000000
5173.00033569336;0.0000000;0.0000209;1.024059E-05;0.0000000
5174.00026321411;0.0000000;0.0000209;3.991212E-06;0.0000000
5175.00019073486;0.0000000;-0.0000387;-4.553581E-05;0.0000000
5176.00011825562;0.0000000;-0.0000387;-1.774732E-05;0.0000000
5177.00004577637;0.0000000;-0.0000387;-6.916918E-06;0.0000000
5178.00045013428;0.0000000;0.0000209;2.053293E-05;0.0000000
5179.00037765503;0.0000000;0.0000209;8.002595E-06;0.0000000
5180.00030517578;0.0000000;-0.0000387;-2.01098E-05;0.0000000
5181.00023269653;0.0000000;-0.0000387;-7.83768E-06;0.0000000
5182.00016021729;0.0000000;0.0000209;2.017407E-05;0.0000000
5183.00008773804;0.0000000;0.0000210;-1.432652E-06;0.0000000
5184.00001525879;0.0000000;0.0000210;-5.583681E-07;0.0000000
5185.0004196167;0.0000000;-0.0000387;-4.214684E-05;0.0000000
5186.00034713745;0.0000000;-0.0000387;-1.642649E-05;0.0000000
5187.0002746582;0.0000000;-0.0000387;-6.402132E-06;0.0000000
5188.00020217896;0.0000000;-0.0000387;-2.495195E-06;0.0000000
5189.00012969971;0.0000000;-0.0000387;-9.724881E-07;0.0000000
5190.00005722046;0.0000000;-0.0000387;-3.790217E-07;0.0000000
5191.00046157837;0.0000000;-0.0000387;-1.477216E-07;0.0000000
5192.00038909912;0.0000000;-0.0000387;-5.757365E-08;0.0000000
5193.00031661987;0.0000000;-0.0000387;-2.2439E-08;0.0000000
5194.00024414063;0.0000000;0.0000209;3.719924E-05;0.0000000
5195.00017166138;0.0000000;-0.0000387;-3.259317E-05;0.0000000
5196.00009918213;0.0000000;-0.0000387;-1.2703E-05;0.0000000
5197.00002670288;0.0000000;-0.0000387;-4.950924E-06;0.0000000
5198.00043106079;0.0000000;0.0000209;4.516176E-05;0.0000000
5199.00035858154;0.0000000;0.0000805;5.480953E-05;0.0000000
5200.00028610229;0.0000000;0.0000210;-1.716598E-05;0.0000000
5201.00021362305;0.0000000;0.0000210;-6.690345E-06;0.0000000
5202.0001411438;0.0000000;-0.0000387;-3.205576E-05;0.0000000
5203.00006866455;0.0000000;-0.0000387;-1.249355E-05;0.0000000
5204.00047302246;0.0000000;-0.0000387;-4.86929E-06;0.0000000
5205.00040054321;0.0000000;-0.0000387;-1.897778E-06;0.0000000
5206.00032806396;0.0000000;0.0000209;2.248911E-05;0.0000000
5207.00025558472;0.0000000;0.0000209;8.765005E-06;0.0000000
5208.00018310547;0.0000000;0.0000209;3.416111E-06;0.0000000
5209.00011062622;0.0000000;-0.0000387;-2.806749E-05;0.0000000
5210.00003814697;0.0000000;-0.0000387;-1.093915E-05;0.0000000
5211.00044250488;0.0000000;-0.0000387;-4.26347E-06;0.0000000
5212.00037002563;0.0000000;-0.0000387;-1.661663E-06;0.0000000
5213.00029754639;0.0000000;-0.0000387;-6.476239E-07;0.0000000
5214.00022506714;0.0000000;-0.0000387;-2.524078E-07;0.0000000
5215.00015258789;0.0000000;0.0000209;2.313039E-05;0.0000000
5216.00008010864;0.0000000;0.0000209;9.01494E-06;0.0000000
5217.00048446655;0.0000000;0.0000209;3.513522E-06;0.0000000
5218.0004119873;0.0000000;-0.0000387;-2.476298E-05;0.0000000
5219.00033950806;0.0000000;-0.0000387;-9.651234E-06;0.0000000
5220.00026702881;0.0000000;0.0000209;4.332984E-05;0.0000000
5221.00019454956;0.0000000;0.0000209;1.688756E-05;0.0000000
5222.00012207031;0.0000000;0.0000209;6.581832E-06;0.0000000
5223.00004959106;0.0000000;0.0000805;2.869759E-05;0.0000000
5224.00045394897;0.0000000;0.0000805;1.118472E-05;0.0000000
5225.00038146973;0.0000000;0.0000805;4.359183E-06;0.0000000
5226.00030899048;0.0000000;0.0000805;1.698967E-06;0.0000000
5227.00023651123;0.0000000;0.0000210;-3.75797E-05;0.0000000
5228.00016403198;0.0000000;0.0000210;-1.464648E-05;0.0000000
5229.00009155273;0.0000000;0.0000210;-5.708382E-06;0.0000000
5230.00001907349;0.0000000;0.0000210;-6.352095E-06;0.0000000
5231.0004234314;0.0000000;0.0000210;-2.475693E-06;0.0000000
5232.00035095215;0.0000000;-0.0000387;-3.823531E-05;0.0000000
5233.0002784729;0.0000000;-0.0000387;-1.4902E-05;0.0000000
5234.00020599365;0.0000000;-0.0000387;-5.807969E-06;0.0000000
5235.0001335144;0.0000000;0.0000209;2.713528E-05;0.0000000
5236.00006103516;0.0000000;0.0000805;4.073435E-05;0.0000000
5237.00046539307;0.0000000;0.0000210;-2.126958E-05;0.0000000
5238.00039291382;0.0000000;-0.0000387;-5.021891E-05;0.0000000
5239.00032043457;0.0000000;-0.0000983;-5.678052E-05;0.0000000
5240.00024795532;0.0000000;-0.0000983;-2.212989E-05;0.0000000
5241.00017547607;0.0000000;-0.0000983;-8.624997E-06;0.0000000
5242.00010299683;0.0000000;-0.0000388;3.378402E-05;0.0000000
5243.00003051758;0.0000000;0.0000209;6.62338E-05;0.0000000
5244.00043487549;0.0000000;0.0000209;2.581425E-05;0.0000000
5245.00036239624;0.0000000;0.0000209;1.006096E-05;0.0000000
5246.00028991699;0.0000000;-0.0000387;-2.961192E-05;0.0000000
5247.00021743774;0.0000000;-0.0000387;-1.154108E-05;0.0000000
5248.0001449585;0.0000000;-0.0000984;-3.873898E-06;0.0000000
5249.00007247925;0.0000000;-0.0000984;-1.50983E-06;0.0000000
5250.00047683716;0.0000000;0.0000209;7.271428E-05;0.0000000
5251.00040435791;0.0000000;0.0000805;5.447233E-05;0.0000000
5252.00033187866;0.0000000;0.0000805;2.123029E-05;0.0000000
5253.00025939941;0.0000000;0.0000210;-2.184517E-05;0.0000000
5254.00018692017;0.0000000;0.0000210;-8.514032E-06;0.0000000
5255.00011444092;0.0000000;-0.0000387;-4.524751E-05;0.0000000
5256.00004196167;0.0000000;-0.0000387;-1.763496E-05;0.0000000
5257.00044631958;0.0000000;-0.0000387;-6.873127E-06;0.0000000
5258.00037384033;0.0000000;-0.0000387;-2.678763E-06;0.0000000
5259.00030136108;0.0000000;0.0000209;2.508832E-05;0.0000000
5260.00022888184;0.0000000;0.0000209;9.778032E-06;0.0000000
5261.00015640259;0.0000000;0.0000209;3.810933E-06;0.0000000
5262.00008392334;0.0000000;0.0000805;2.761765E-05;0.0000000
5263.00048828125;0.0000000;0.0000210;-1.899339E-05;0.0000000
5264.000415802;0.0000000;-0.0000387;-4.053182E-05;0.0000000
5265.00034332275;0.0000000;-0.0000387;-1.579705E-05;0.0000000
5266.00027084351;0.0000000;0.0000209;3.243563E-05;0.0000000
5267.00019836426;0.0000000;0.0000805;4.616778E-05;0.0000000
5268.00012588501;0.0000000;0.0000805;1.799363E-05;0.0000000
5269.00005340576;0.0000000;0.0000805;7.012917E-06;0.0000000
5270.00045776367;0.0000000;0.0000210;-2.661633E-05;0.0000000
5271.00038528442;0.0000000;0.0000210;-1.037356E-05;0.0000000
5272.00031280518;0.0000000;0.0000210;-4.043038E-06;0.0000000
5273.00024032593;0.0000000;0.0000210;-1.575751E-06;0.0000000
5274.00016784668;0.0000000;0.0000805;3.653142E-05;0.0000000
5275.00009536743;0.0000000;0.0000805;1.423791E-05;0.0000000
5276.00002288818;0.0000000;0.0000805;5.549147E-06;0.0000000
5277.00042724609;0.0000000;0.0000805;2.162748E-06;0.0000000
5278.00035476685;0.0000000;0.0000210;-2.234687E-05;0.0000000
5279.0002822876;0.0000000;-0.0000387;-3.488577E-05;0.0000000
5280.00020980835;0.0000000;-0.0000387;-1.359653E-05;0.0000000
5281.0001373291;0.0000000;0.0000209;2.409973E-05;0.0000000
5282.00006484985;0.0000000;0.0000210;-4.545847E-06;0.0000000
5283.00046920776;0.0000000;0.0000805;4.524063E-05;0.0000000
5284.00039672852;0.0000000;0.0000210;-5.557508E-06;0.0000000
5285.00032424927;0.0000000;0.0000210;-2.166007E-06;0.0000000
5286.00025177002;0.0000000;0.0000209;5.286972E-06;0.0000000
5287.00017929077;0.0000000;0.0000805;4.915193E-05;0.0000000
5288.00010681152;0.0000000;0.0000805;1.915669E-05;0.0000000
5289.00003433228;0.0000000;0.0000805;7.466209E-06;0.0000000
5290.00043869019;0.0000000;0.0000210;-2.31786E-05;0.0000000
5291.00036621094;0.0000000;-0.0000387;-4.630415E-05;0.0000000
5292.00029373169;0.0000000;0.0000209;8.085578E-06;0.0000000
5293.00022125244;0.0000000;0.0000805;3.255021E-05;0.0000000
5294.00014877319;0.0000000;0.0000210;-1.666332E-05;0.0000000
5295.00007629395;0.0000000;-0.0000387;-3.267064E-05;0.0000000
5296.00048065186;0.0000000;-0.0000387;-1.27332E-05;0.0000000
5297.00040817261;0.0000000;0.0000209;2.811108E-05;0.0000000
5298.00033569336;0.0000000;0.0000209;1.095613E-05;0.0000000
5299.00026321411;0.0000000;0.0000209;4.270091E-06;0.0000000
5300.00019073486;0.0000000;0.0000209;1.150925E-05;0.0000000
5301.00011825562;0.0000000;-0.0000387;-4.260569E-05;0.0000000
5302.00004577637;0.0000000;-0.0000387;-1.660533E-05;0.0000000
5303.00045013428;0.0000000;-0.0000387;-6.471832E-06;0.0000000
5304.00037765503;0.0000000;-0.0000387;-2.52236E-06;0.0000000
5305.00030517578;0.0000000;0.0000209;4.087591E-05;0.0000000
5306.00023269653;0.0000000;0.0000209;1.593115E-05;0.0000000
5307.00016021729;0.0000000;-0.0000387;-2.686469E-05;0.0000000
5308.00008773804;0.0000000;-0.0000387;-1.047036E-05;0.0000000
5309.00001525879;0.0000000;0.0000209;4.889701E-05;0.0000000
5310.0004196167;0.0000000;-0.0000387;-2.803402E-05;0.0000000
5311.00034713745;0.0000000;-0.0000387;-1.09261E-05;0.0000000
5312.0002746582;0.0000000;-0.0000387;-4.258386E-06;0.0000000
5313.00020217896;0.0000000;-0.0000387;-1.659682E-06;0.0000000
5314.00012969971;0.0000000;-0.0000387;-6.468516E-07;0.0000000
5315.00005722046;0.0000000;-0.0000387;-2.521068E-07;0.0000000
5316.00046157837;0.0000000;0.0000209;2.31305E-05;0.0000000
5317.00038909912;0.0000000;0.0000209;9.014983E-06;0.0000000
5318.00031661987;0.0000000;0.0000209;3.513539E-06;0.0000000
5319.00024414063;0.0000000;0.0000209;1.369382E-06;0.0000000
5320.00017166138;0.0000000;-0.0000387;-5.244407E-05;0.0000000
5321.00009918213;0.0000000;-0.0000387;-2.043978E-05;0.0000000
5322.00002670288;0.0000000;0.0000209;3.38927E-05;0.0000000
5323.00043106079;0.0000000;0.0000209;1.320949E-05;0.0000000
5324.00035858154;0.0000000;0.0000209;5.148323E-06;0.0000000
5325.00028610229;0.0000000;-0.0000387;-5.097125E-05;0.0000000
5326.00021362305;0.0000000;-0.0000387;-3.849597E-05;0.0000000
5327.0001411438;0.0000000;-0.0000387;-1.500359E-05;0.0000000
5328.00006866455;0.0000000;-0.0000387;-1.173398E-05;0.0000000
5329.00047302246;0.0000000;0.0000209;1.865551E-05;0.0000000
5330.00040054321;0.0000000;0.0000805;3.666978E-05;0.0000000
5331.00032806396;0.0000000;0.0000805;1.429184E-05;0.0000000
5332.00025558472;0.0000000;0.0000210;-2.174691E-05;0.0000000
5333.00018310547;0.0000000;-0.0000387;-4.1605E-05;0.0000000
5334.00011062622;0.0000000;-0.0000387;-1.621531E-05;0.0000000
5335.00003814697;0.0000000;0.0000209;4.665795E-05;0.0000000
5336.00044250488;0.0000000;0.0000805;6.527603E-05;0.0000000
5337.00037002563;0.0000000;0.0000210;2.251173E-06;0.0000000
5338.00029754639;0.0000000;-0.0000387;-3.639304E-05;0.0000000
5339.00022506714;0.0000000;-0.0000387;-1.418398E-05;0.0000000
5340.00015258789;0.0000000;-0.0000387;-5.528126E-06;0.0000000
5341.00008010864;0.0000000;-0.0000387;-2.154556E-06;0.0000000
5342.00048446655;0.0000000;-0.0000387;-8.397259E-07;0.0000000
5343.0004119873;0.0000000;0.0000209;3.688071E-05;0.0000000
5344.00033950806;0.0000000;0.0000209;1.437405E-05;0.0000000
5345.00026702881;0.0000000;0.0000209;5.602205E-06;0.0000000
5346.00019454956;0.0000000;-0.0000387;-2.394893E-05;0.0000000
5347.00012207031;0.0000000;-0.0000387;-9.333959E-06;0.0000000
5348.00004959106;0.0000000;0.0000209;4.933992E-05;0.0000000
5349.00045394897;0.0000000;0.0000805;7.220774E-05;0.0000000
5350.00038146973;0.0000000;0.0000805;3.278575E-05;0.0000000
5351.00030899048;0.0000000;0.0000210;-4.011083E-05;0.0000000
5352.00023651123;0.0000000;0.0000210;-2.67331E-05;0.0000000
5353.00016403198;0.0000000;0.0000210;-1.041908E-05;0.0000000
5354.00009155273;0.0000000;-0.0000387;-3.023698E-05;0.0000000
5355.00001907349;0.0000000;0.0000209;1.434767E-05;0.0000000
5356.0004234314;0.0000000;-0.0000387;-4.738585E-05;0.0000000
5357.00035095215;0.0000000;0.0000209;1.873962E-05;0.0000000
5358.0002784729;0.0000000;0.0000209;7.30366E-06;0.0000000
5359.00020599365;0.0000000;0.0000209;1.530664E-05;0.0000000
5360.0001335144;0.0000000;0.0000210;-9.202404E-07;0.0000000
5361.00006103516;0.0000000;-0.0000387;-5.342533E-05;0.0000000
5362.00046539307;0.0000000;-0.0000387;-2.408877E-05;0.0000000
5363.00039291382;0.0000000;-0.0000387;-9.38846E-06;0.0000000
5364.00032043457;0.0000000;-0.0000387;-3.659099E-06;0.0000000
5365.00024795532;0.0000000;0.0000209;4.566525E-05;0.0000000
5366.00017547607;0.0000000;0.0001401;7.659558E-05;0.0000000
5367.00010299683;0.0000000;0.0001401;2.985269E-05;0.0000000
5368.00003051758;0.0000000;0.0000806;-4.125397E-05;0.0000000
5369.00043487549;0.0000000;0.0000210;-4.915227E-05;0.0000000
5370.00036239624;0.0000000;-0.0000387;-4.860504E-05;0.0000000
5371.00028991699;0.0000000;0.0000209;2.814782E-05;0.0000000
5372.00021743774;0.0000000;0.0000805;5.282943E-05;0.0000000
5373.0001449585;0.0000000;0.0000805;2.058997E-05;0.0000000
5374.00007247925;0.0000000;0.0000805;8.024826E-06;0.0000000
5375.00047683716;0.0000000;0.0000805;3.12763E-06;0.0000000
5376.00040435791;0.0000000;0.0000805;1.218976E-06;0.0000000
5377.00033187866;0.0000000;0.0000210;-3.776678E-05;0.0000000
5378.00025939941;0.0000000;0.0000210;-1.471939E-05;0.0000000
5379.00018692017;0.0000000;0.0000210;-5.736798E-06;0.0000000
5380.00011444092;0.0000000;0.0000805;2.09539E-05;0.0000000
5381.00004196167;0.0000000;0.0000210;-3.362209E-05;0.0000000
5382.00044631958;0.0000000;0.0000210;-1.310402E-05;0.0000000
5383.00037384033;0.0000000;0.0000210;-5.107218E-06;0.0000000
5384.00030136108;0.0000000;0.0000210;-1.990509E-06;0.0000000
5385.00022888184;0.0000000;-0.0000387;-2.404353E-05;0.0000000
5386.00015640259;0.0000000;0.0000209;2.370293E-05;0.0000000
5387.00008392334;0.0000000;0.0000209;9.238083E-06;0.0000000
5388.00048828125;0.0000000;0.0000209;3.600491E-06;0.0000000
5389.000415802;0.0000000;-0.0000387;-4.568808E-05;0.0000000
5390.00034332275;0.0000000;-0.0000387;-1.780667E-05;0.0000000
5391.00027084351;0.0000000;-0.0000387;-6.940051E-06;0.0000000
5392.00019836426;0.0000000;-0.0000387;-2.704846E-06;0.0000000
5393.00012588501;0.0000000;0.0000209;3.201957E-05;0.0000000
5394.00005340576;0.0000000;0.0000209;1.247945E-05;0.0000000
5395.00045776367;0.0000000;0.0000209;4.863793E-06;0.0000000
5396.00038528442;0.0000000;0.0000209;1.895636E-06;0.0000000
5397.00031280518;0.0000000;-0.0000387;-2.539355E-05;0.0000000
5398.00024032593;0.0000000;-0.0000387;-9.89699E-06;0.0000000
5399.00016784668;0.0000000;0.0000805;4.840742E-05;0.0000000
5400.00009536743;0.0000000;0.0001401;4.499887E-05;0.0000000
5401.00002288818;0.0000000;0.0001401;1.753806E-05;0.0000000
5402.00042724609;0.0000000;0.0000210;-6.34458E-05;0.0000000
5403.00035476685;0.0000000;-0.0000387;-7.189802E-05;0.0000000
5404.0002822876;0.0000000;-0.0000387;-2.802184E-05;0.0000000
5405.00020980835;0.0000000;-0.0000387;-1.092136E-05;0.0000000
5406.0001373291;0.0000000;0.0000805;5.908381E-05;0.0000000
5407.00006484985;0.0000000;0.0000805;2.302758E-05;0.0000000
5408.00046920776;0.0000000;0.0000805;8.974869E-06;0.0000000
5409.00039672852;0.0000000;0.0000805;3.497905E-06;0.0000000
5410.00032424927;0.0000000;0.0000210;-4.564906E-05;0.0000000
5411.00025177002;0.0000000;-0.0000387;-5.506189E-05;0.0000000
5412.00017929077;0.0000000;0.0000209;2.039893E-05;0.0000000
5413.00010681152;0.0000000;0.0000805;4.515835E-05;0.0000000
5414.00003433228;0.0000000;0.0000805;2.17275E-05;0.0000000
5415.00043869019;0.0000000;0.0000210;-3.332058E-05;0.0000000
5416.00036621094;0.0000000;0.0000210;-1.298651E-05;0.0000000
5417.00029373169;0.0000000;0.0000210;-5.061418E-06;0.0000000
5418.00022125244;0.0000000;0.0000805;3.985919E-05;0.0000000
5419.00014877319;0.0000000;0.0000805;1.553489E-05;0.0000000
5420.00007629395;0.0000000;0.0000210;-1.713515E-05;0.0000000
5421.00048065186;0.0000000;0.0000210;-6.678329E-06;0.0000000
5422.00040817261;0.0000000;0.0000210;-1.830308E-05;0.0000000
5423.00033569336;0.0000000;0.0000210;-7.133523E-06;0.0000000
5424.00026321411;0.0000000;-0.0000983;-7.776849E-05;0.0000000
5425.00019073486;0.0000000;-0.0001579;-6.338359E-05;0.0000000
5426.00011825562;0.0000000;-0.0000984;8.31488E-06;0.0000000
5427.00004577637;0.0000000;-0.0000984;3.240677E-06;0.0000000
5428.00045013428;0.0000000;-0.0000388;3.43368E-05;0.0000000
5429.00037765503;0.0000000;0.0000805;9.253655E-05;0.0000000
5430.00030517578;0.0000000;0.0000210;4.366293E-07;0.0000000
5431.00023269653;0.0000000;-0.0000387;-2.309756E-05;0.0000000
5432.00016021729;0.0000000;-0.0000983;-4.621013E-05;0.0000000
5433.00008773804;0.0000000;-0.0000388;2.900221E-05;0.0000000
5434.00049209595;0.0000000;0.0000805;0.0001015516;0.0000000
5435.0004196167;0.0000000;0.0000805;3.957918E-05;0.0000000
5436.00034713745;0.0000000;0.0000805;1.542576E-05;0.0000000
5437.0002746582;0.0000000;0.0000210;-1.717769E-05;0.0000000
5438.00020217896;0.0000000;-0.0000387;-3.287111E-05;0.0000000
5439.00012969971;0.0000000;-0.0000387;-1.281133E-05;0.0000000
5440.00005722046;0.0000000;-0.0000387;-4.993142E-06;0.0000000
5441.00046157837;0.0000000;-0.0000387;-1.946049E-06;0.0000000
5442.00038909912;0.0000000;0.0000209;4.110052E-05;0.0000000
5443.00031661987;0.0000000;0.0000210;1.280148E-05;0.0000000
5444.00024414063;0.0000000;-0.0000387;-2.813996E-05;0.0000000
5445.00017166138;0.0000000;-0.0000387;-1.096739E-05;0.0000000
5446.00009918213;0.0000000;0.0000209;3.293351E-05;0.0000000
5447.00002670288;0.0000000;-0.0000387;-4.014213E-05;0.0000000
5448.00043106079;0.0000000;-0.0000387;-1.564517E-05;0.0000000
5449.00035858154;0.0000000;-0.0000387;-6.097614E-06;0.0000000
5450.00028610229;0.0000000;0.0000209;2.702239E-05;0.0000000
5451.00021362305;0.0000000;0.0000805;4.362738E-05;0.0000000
5452.0001411438;0.0000000;0.0000210;-2.711489E-05;0.0000000
5453.00006866455;0.0000000;0.0000210;-1.056787E-05;0.0000000
5454.00047302246;0.0000000;0.0000210;-1.98621E-05;0.0000000
5455.00040054321;0.0000000;0.0000805;1.544865E-05;0.0000000
5456.00032806396;0.0000000;-0.0000387;-7.049893E-05;0.0000000
5457.00025558472;0.0000000;-0.0000983;-8.045434E-05;0.0000000
5458.00018310547;0.0000000;-0.0001579;-7.844798E-05;0.0000000
5459.00011062622;0.0000000;-0.0000984;-1.225076E-06;0.0000000
5460.00003814697;0.0000000;-0.0000984;-4.774666E-07;0.0000000
5461.00044250488;0.0000000;-0.0000388;4.167289E-05;0.0000000
5462.00037002563;0.0000000;0.0000209;3.950951E-05;0.0000000
5463.00029754639;0.0000000;0.0000210;5.609099E-06;0.0000000
5464.00022506714;0.0000000;-0.0000387;-2.399009E-05;0.0000000
5465.00015258789;0.0000000;-0.0000387;-9.350003E-06;0.0000000
5466.00008010864;0.0000000;-0.0000387;-3.644111E-06;0.0000000
5467.00048446655;0.0000000;-0.0000387;-1.420271E-06;0.0000000
5468.0004119873;0.0000000;-0.0000387;-1.043691E-05;0.0000000
5469.00033950806;0.0000000;-0.0000387;-4.067728E-06;0.0000000
5470.00026702881;0.0000000;-0.0000387;-1.585374E-06;0.0000000
5471.00019454956;0.0000000;-0.0000387;-6.178905E-07;0.0000000
5472.00012207031;0.0000000;0.0000805;0.0001057147;0.0000000
5473.00004959106;0.0000000;0.0000805;4.120172E-05;0.0000000
5474.00045394897;0.0000000;0.0000805;1.605814E-05;0.0000000
5475.00038146973;0.0000000;0.0000210;-4.663032E-05;0.0000000
5476.00030899048;0.0000000;-0.0000983;-9.471349E-05;0.0000000
5477.00023651123;0.0000000;-0.0001579;-7.877304E-05;0.0000000
5478.00016403198;0.0000000;-0.0000984;-1.351772E-06;0.0000000
5479.00009155273;0.0000000;0.0000805;0.00013165;0.0000000
5480.00049591064;0.0000000;0.0000805;5.420855E-05;0.0000000
5481.0004234314;0.0000000;0.0000210;-2.066128E-05;0.0000000
5482.00035095215;0.0000000;0.0000210;-8.052619E-06;0.0000000
5483.0002784729;0.0000000;0.0000210;-3.138462E-06;0.0000000
5484.00020599365;0.0000000;-0.0000387;-4.315241E-05;0.0000000
5485.0001335144;0.0000000;-0.0000387;-1.681841E-05;0.0000000
5486.00006103516;0.0000000;-0.0000387;-6.554879E-06;0.0000000
5487.00046539307;0.0000000;0.0000209;2.067404E-05;0.0000000
5488.00039291382;0.0000000;0.0000209;8.057588E-06;0.0000000
5489.00032043457;0.0000000;0.0000805;4.085737E-05;0.0000000
5490.00024795532;0.0000000;0.0000210;-7.265861E-06;0.0000000
5491.00017547607;0.0000000;0.0000210;-2.831828E-06;0.0000000
5492.00010299683;0.0000000;-0.0000387;-3.055192E-05;0.0000000
5493.00003051758;0.0000000;-0.0000983;-6.488521E-05;0.0000000
5494.00043487549;0.0000000;-0.0000388;1.650011E-05;0.0000000
5495.00036239624;0.0000000;-0.0000388;6.430823E-06;0.0000000
5496.00028991699;0.0000000;0.0000805;6.685196E-05;0.0000000
5497.00021743774;0.0000000;0.0000805;3.127877E-05;0.0000000
5498.0001449585;0.0000000;0.0000210;-3.482162E-05;0.0000000
5499.00007247925;0.0000000;0.0000210;-1.769881E-05;0.0000000
5500.00047683716;0.0000000;-0.0000387;-3.307422E-05;0.0000000
5501.00040435791;0.0000000;-0.0000387;-1.289049E-05;0.0000000
5502.00033187866;0.0000000;-0.0000387;-5.023996E-06;0.0000000
5503.00025939941;0.0000000;0.0000209;5.101971E-05;0.0000000
5504.00018692017;0.0000000;0.0000209;1.988464E-05;0.0000000
5505.00011444092;0.0000000;0.0000209;7.749927E-06;0.0000000
5506.00004196167;0.0000000;-0.0000387;-2.311187E-05;0.0000000
5507.00044631958;0.0000000;0.0000209;2.820027E-05;0.0000000
5508.00037384033;0.0000000;0.0000805;5.284988E-05;0.0000000
5509.00030136108;0.0000000;0.0000805;2.059794E-05;0.0000000
5510.00022888184;0.0000000;0.0000210;-3.376082E-05;0.0000000
5511.00015640259;0.0000000;-0.0000387;-5.50873E-05;0.0000000
5512.00008392334;0.0000000;-0.0000387;-2.146996E-05;0.0000000
5513.00048828125;0.0000000;-0.0000387;-8.367797E-06;0.0000000
5514.000415802;0.0000000;-0.0000387;-3.261301E-06;0.0000000
5515.00034332275;0.0000000;0.0000209;5.17067E-05;0.0000000
5516.00027084351;0.0000000;0.0000209;2.015239E-05;0.0000000
5517.00019836426;0.0000000;0.0000209;7.854281E-06;0.0000000
5518.00012588501;0.0000000;-0.0000387;-4.40302E-05;0.0000000
5519.00005340576;0.0000000;-0.0000983;-5.023428E-05;0.0000000
5520.00045776367;0.0000000;-0.0001579;-4.280729E-05;0.0000000
5521.00038528442;0.0000000;-0.0000984;9.404614E-06;0.0000000
5522.00031280518;0.0000000;0.0000805;0.0001013726;0.0000000
5523.00024032593;0.0000000;0.0001401;6.890828E-05;0.0000000
5524.00016784668;0.0000000;0.0000210;-5.220968E-05;0.0000000
5525.00009536743;0.0000000;-0.0000387;-5.347769E-05;0.0000000
5526.00049972534;0.0000000;-0.0000387;-2.084263E-05;0.0000000
5527.00042724609;0.0000000;-0.0000387;-8.123297E-06;0.0000000
5528.00035476685;0.0000000;0.0000805;5.604012E-05;0.0000000
5529.0002822876;0.0000000;0.0001401;6.893268E-05;0.0000000
5530.00020980835;0.0000000;0.0001401;2.686612E-05;0.0000000
5531.0001373291;0.0000000;0.0000806;-2.254736E-05;0.0000000
5532.00006484985;0.0000000;0.0000210;-3.201647E-05;0.0000000
5533.00046920776;0.0000000;0.0000210;-1.247824E-05;0.0000000
5534.00039672852;0.0000000;0.0000210;-4.863322E-06;0.0000000
5535.00032424927;0.0000000;0.0000210;-1.895452E-06;0.0000000
5536.00025177002;0.0000000;0.0000210;-7.387419E-07;0.0000000
5537.00017929077;0.0000000;0.0000805;3.395891E-05;0.0000000
5538.00010681152;0.0000000;0.0000210;-3.59849E-05;0.0000000
5539.00003433228;0.0000000;0.0000805;1.438847E-05;0.0000000
5540.00043869019;0.0000000;0.0000805;5.607826E-06;0.0000000
5541.00036621094;0.0000000;-0.0000387;-6.293339E-05;0.0000000
5542.00029373169;0.0000000;-0.0000387;-2.452793E-05;0.0000000
5543.00022125244;0.0000000;-0.0000387;-9.559622E-06;0.0000000
5544.00014877319;0.0000000;-0.0000387;-3.725809E-06;0.0000000
5545.00007629395;0.0000000;0.0000209;2.794679E-05;0.0000000
5546.00048065186;0.0000000;0.0000805;5.383266E-05;0.0000000
5547.00040817261;0.0000000;0.0000210;-1.616459E-05;0.0000000
5548.00033569336;0.0000000;-0.0000387;-3.247627E-05;0.0000000
5549.00026321411;0.0000000;-0.0000387;-1.265744E-05;0.0000000
5550.00019073486;0.0000000;-0.0000387;-4.933166E-06;0.0000000
5551.00011825562;0.0000000;-0.0000387;-1.922673E-06;0.0000000
5552.00004577637;0.0000000;-0.0000387;-7.49351E-07;0.0000000
5553.00045013428;0.0000000;-0.0000387;-2.920553E-07;0.0000000
5554.00037765503;0.0000000;-0.0000387;-1.138269E-07;0.0000000
5555.00030517578;0.0000000;0.0000209;4.704699E-05;0.0000000
5556.00023269653;0.0000000;0.0000805;4.773521E-05;0.0000000
5557.00016021729;0.0000000;0.0000805;1.860453E-05;0.0000000
5558.00008773804;0.0000000;0.0000210;-2.25062E-05;0.0000000
5559.00049209595;0.0000000;-0.0000387;-5.070088E-05;0.0000000
5560.0004196167;0.0000000;-0.0000387;-1.976038E-05;0.0000000
5561.00034713745;0.0000000;-0.0000983;-5.479286E-05;0.0000000
5562.0002746582;0.0000000;-0.0000388;2.565714E-05;0.0000000
5563.00020217896;0.0000000;0.0000805;7.512645E-05;0.0000000
5564.00012969971;0.0000000;0.0000210;-1.773224E-05;0.0000000
5565.00005722046;0.0000000;-0.0000387;-4.884026E-05;0.0000000
5566.00046157837;0.0000000;-0.0000387;-1.903521E-05;0.0000000
5567.00038909912;0.0000000;0.0000209;3.967249E-05;0.0000000
5568.00031661987;0.0000000;0.0000209;1.546213E-05;0.0000000
5569.00024414063;0.0000000;-0.0000387;-2.337262E-05;0.0000000
5570.00017166138;0.0000000;-0.0000387;-9.109348E-06;0.0000000
5571.00009918213;0.0000000;-0.0000387;-3.550317E-06;0.0000000
5572.00002670288;0.0000000;-0.0000387;-1.383716E-06;0.0000000
5573.00043106079;0.0000000;-0.0000387;-5.392956E-07;0.0000000
5574.00035858154;0.0000000;-0.0000387;-2.101874E-07;0.0000000
5575.00028610229;0.0000000;-0.0000387;-8.191935E-08;0.0000000
5576.00021362305;0.0000000;-0.0000387;-3.19276E-08;0.0000000
5577.0001411438;0.0000000;-0.0000387;-1.24436E-08;0.0000000
5578.00006866455;0.0000000;0.0000209;2.612751E-05;0.0000000
5579.00047302246;0.0000000;0.0000210;-1.330694E-05;0.0000000
5580.00040054321;0.0000000;0.0000210;-5.186304E-06;0.0000000
5581.00032806396;0.0000000;-0.0000387;-2.528907E-05;0.0000000
5582.00025558472;0.0000000;-0.0000387;-9.856272E-06;0.0000000
5583.00018310547;0.0000000;-0.0000983;-2.997378E-05;0.0000000
5584.00011062622;0.0000000;-0.0000388;3.533023E-05;0.0000000
5585.00003814697;0.0000000;0.0000805;9.987679E-05;0.0000000
5586.00044250488;0.0000000;0.0000805;3.892642E-05;0.0000000
5587.00037002563;0.0000000;0.0000805;1.517135E-05;0.0000000
5588.00029754639;0.0000000;-0.0000387;-7.316183E-05;0.0000000
5589.00022506714;0.0000000;-0.0000387;-2.851441E-05;0.0000000
5590.00015258789;0.0000000;-0.0000387;-1.111333E-05;0.0000000
5591.00008010864;0.0000000;-0.0000387;-4.331358E-06;0.0000000
5592.00048446655;0.0000000;-0.0000387;-1.688122E-06;0.0000000
5593.0004119873;0.0000000;-0.0000387;-6.57936E-07;0.0000000
5594.00033950806;0.0000000;0.0000209;4.683493E-05;0.0000000
5595.00026702881;0.0000000;0.0000805;4.148241E-05;0.0000000
5596.00019454956;0.0000000;0.0000210;-3.084481E-05;0.0000000
5597.00012207031;0.0000000;0.0000210;-1.202159E-05;0.0000000
5598.00004959106;0.0000000;-0.0000387;-3.781461E-05;0.0000000
5599.00045394897;0.0000000;-0.0000387;-1.473803E-05;0.0000000
5600.00038146973;0.0000000;-0.0000387;-5.744064E-06;0.0000000
5601.00030899048;0.0000000;0.0000805;4.71224E-05;0.0000000
5602.00023651123;0.0000000;0.0000210;-3.45232E-05;0.0000000
5603.00016403198;0.0000000;-0.0000387;-6.062559E-05;0.0000000
5604.00009155273;0.0000000;-0.0000387;-2.362848E-05;0.0000000
5605.00049591064;0.0000000;-0.0000387;-9.209069E-06;0.0000000
5606.0004234314;0.0000000;0.0000209;4.93886E-05;0.0000000
5607.00035095215;0.0000000;0.0000805;4.864783E-05;0.0000000
5608.0002784729;0.0000000;0.0001401;4.835912E-05;0.0000000
5609.00020599365;0.0000000;0.0000806;-1.829786E-05;0.0000000
5610.0001335144;0.0000000;-0.0000387;-8.959706E-05;0.0000000
5611.00006103516;0.0000000;-0.0000983;-8.201131E-05;0.0000000
5612.00046539307;0.0000000;-0.0000388;9.825309E-06;0.0000000
5613.00039291382;0.0000000;0.0000805;7.830776E-05;0.0000000
5614.00032043457;0.0000000;0.0000805;3.052001E-05;0.0000000
5615.00024795532;0.0000000;0.0001401;3.512376E-05;0.0000000
5616.00017547607;0.0000000;0.0000806;-3.919961E-05;0.0000000
5617.00010299683;0.0000000;0.0000210;-5.713681E-05;0.0000000
5618.00003051758;0.0000000;-0.0000387;-4.553649E-05;0.0000000
5619.00043487549;0.0000000;-0.0000983;-5.082136E-05;0.0000000
5620.00036239624;0.0000000;0.0000209;6.62776E-05;0.0000000
5621.00028991699;0.0000000;0.0000805;6.303931E-05;0.0000000
5622.00021743774;0.0000000;0.0000210;-2.831968E-05;0.0000000
5623.0001449585;0.0000000;-0.0000387;-4.416669E-05;0.0000000
5624.00007247925;0.0000000;0.0000209;2.987764E-05;0.0000000
5625.00047683716;0.0000000;0.0000209;1.164464E-05;0.0000000
5626.00040435791;0.0000000;-0.0000387;-3.732055E-05;0.0000000
5627.00033187866;0.0000000;-0.0000387;-1.454547E-05;0.0000000
5628.00025939941;0.0000000;-0.0000387;-5.669016E-06;0.0000000
5629.00018692017;0.0000000;0.0000209;2.469416E-05;0.0000000
5630.00011444092;0.0000000;0.0000805;3.902331E-05;0.0000000
5631.00004196167;0.0000000;0.0000805;1.520911E-05;0.0000000
5632.00044631958;0.0000000;0.0000805;1.988344E-05;0.0000000
5633.00037384033;0.0000000;0.0000210;-2.200776E-05;0.0000000
5634.00030136108;0.0000000;0.0000210;-8.577399E-06;0.0000000
5635.00022888184;0.0000000;0.0000805;2.274552E-05;0.0000000
5636.00015640259;0.0000000;0.0000805;8.864937E-06;0.0000000
5637.00008392334;0.0000000;0.0000805;9.331605E-06;0.0000000
5638.00048828125;0.0000000;0.0000210;-2.245157E-05;0.0000000
5639.000415802;0.0000000;0.0000210;-8.750375E-06;0.0000000
5640.00034332275;0.0000000;0.0000210;-3.41041E-06;0.0000000
5641.00027084351;0.0000000;0.0000210;-1.329188E-06;0.0000000
5642.00019836426;0.0000000;0.0000210;-5.180435E-07;0.0000000
5643.00012588501;0.0000000;-0.0000387;-4.737228E-05;0.0000000
5644.00005340576;0.0000000;0.0000209;1.874491E-05;0.0000000
5645.00045776367;0.0000000;0.0000209;7.305723E-06;0.0000000
5646.00038528442;0.0000000;0.0000209;2.847364E-06;0.0000000
5647.00031280518;0.0000000;-0.0000387;-2.211902E-05;0.0000000
5648.00024032593;0.0000000;-0.0000387;-8.620762E-06;0.0000000
5649.00016784668;0.0000000;-0.0000387;-3.359893E-06;0.0000000
5650.00009536743;0.0000000;-0.0000387;-1.309499E-06;0.0000000
5651.00049972534;0.0000000;-0.0000387;-5.1037E-07;0.0000000
5652.00042724609;0.0000000;0.0000209;3.287485E-05;0.0000000
5653.00035476685;0.0000000;0.0000209;1.281278E-05;0.0000000
5654.0002822876;0.0000000;0.0000209;4.99371E-06;0.0000000
5655.00020980835;0.0000000;0.0000209;1.94627E-06;0.0000000
5656.0001373291;0.0000000;0.0000209;7.585479E-07;0.0000000
5657.00006484985;0.0000000;0.0000209;2.956398E-07;0.0000000
5658.00046920776;0.0000000;-0.0000387;-2.601713E-05;0.0000000
5659.00039672852;0.0000000;-0.0000387;-1.014003E-05;0.0000000
5660.00032424927;0.0000000;0.0000209;4.313934E-05;0.0000000
5661.00025177002;0.0000000;0.0000805;4.988708E-05;0.0000000
5662.00017929077;0.0000000;0.0000805;1.944321E-05;0.0000000
5663.00010681152;0.0000000;0.0000210;-3.544422E-05;0.0000000
5664.00003433228;0.0000000;-0.0000387;-5.574341E-05;0.0000000
5665.00043869019;0.0000000;-0.0000387;-2.172568E-05;0.0000000
5666.00036621094;0.0000000;-0.0000387;-8.467461E-06;0.0000000
5667.00029373169;0.0000000;0.0000209;4.967763E-05;0.0000000
5668.00022125244;0.0000000;-0.0000387;-6.770781E-06;0.0000000
5669.00014877319;0.0000000;-0.0000387;-2.638873E-06;0.0000000
5670.00007629395;0.0000000;-0.0000983;-3.823647E-05;0.0000000
5671.00048065186;0.0000000;-0.0000984;1.475768E-05;0.0000000
5672.00040817261;0.0000000;-0.0000388;5.87295E-05;0.0000000
5673.00033569336;0.0000000;0.0000805;0.0001230376;0.0000000
5674.00026321411;0.0000000;0.0000805;4.795322E-05;0.0000000
5675.00019073486;0.0000000;0.0000210;-3.419939E-05;0.0000000
5676.00011825562;0.0000000;-0.0000387;-3.659676E-05;0.0000000
5677.00004577637;0.0000000;-0.0000984;-4.275638E-05;0.0000000
5678.00045013428;0.0000000;-0.0000984;-2.708286E-06;0.0000000
5679.00037765503;0.0000000;-0.0000388;4.080344E-05;0.0000000
5680.00030517578;0.0000000;0.0000805;9.24425E-05;0.0000000
5681.00023269653;0.0000000;0.0000805;3.602894E-05;0.0000000
5682.00016021729;0.0000000;0.0001401;5.125006E-05;0.0000000
5683.00008773804;0.0000000;0.0000210;-6.235293E-05;0.0000000
5684.00049209595;0.0000000;-0.0000387;-6.623092E-05;0.0000000
5685.0004196167;0.0000000;-0.0000387;-2.581312E-05;0.0000000
5686.00034713745;0.0000000;0.0000209;4.291726E-05;0.0000000
5687.0002746582;0.0000000;0.0000209;1.672676E-05;0.0000000
5688.00020217896;0.0000000;0.0000805;3.265152E-05;0.0000000
5689.00012969971;0.0000000;0.0000805;1.272575E-05;0.0000000
5690.00005722046;0.0000000;-0.0000387;-6.829909E-05;0.0000000
5691.00046157837;0.0000000;-0.0000387;-2.661919E-05;0.0000000
5692.00038909912;0.0000000;-0.0000387;-1.037468E-05;0.0000000
5693.00031661987;0.0000000;-0.0000387;-4.043472E-06;0.0000000
5694.00024414063;0.0000000;-0.0000387;-1.57592E-06;0.0000000
5695.00017166138;0.0000000;0.0000209;4.124478E-05;0.0000000
5696.00009918213;0.0000000;0.0000210;5.045014E-06;0.0000000
5697.00050354004;0.0000000;0.0000210;1.966266E-06;0.0000000
5698.00043106079;0.0000000;0.0000210;7.663409E-07;0.0000000
5699.00035858154;0.0000000;-0.0000387;-3.697174E-05;0.0000000
5700.00028610229;0.0000000;-0.0000387;-1.440953E-05;0.0000000
5701.00021362305;0.0000000;0.0000805;6.760768E-05;0.0000000
5702.0001411438;0.0000000;0.0000805;2.634971E-05;0.0000000
5703.00006866455;0.0000000;0.0000210;-2.274862E-05;0.0000000
5704.00047302246;0.0000000;0.0000209;1.495747E-05;0.0000000
5705.00040054321;0.0000000;-0.0000387;-1.739917E-05;0.0000000
5706.00032806396;0.0000000;-0.0000387;-6.781228E-06;0.0000000
5707.00025558472;0.0000000;-0.0000387;-2.642945E-06;0.0000000
5708.00018310547;0.0000000;-0.0000387;-1.030073E-06;0.0000000
5709.00011062622;0.0000000;-0.0000387;-4.014651E-07;0.0000000
5710.00003814697;0.0000000;-0.0000983;-2.628883E-05;0.0000000
5711.00044250488;0.0000000;-0.0001579;-3.637827E-05;0.0000000
5712.00037002563;0.0000000;-0.0000984;1.884005E-05;0.0000000
5713.00029754639;0.0000000;-0.0000388;3.674171E-05;0.0000000
5714.00022506714;0.0000000;0.0000805;9.454048E-05;0.0000000
5715.00015258789;0.0000000;0.0000805;3.684662E-05;0.0000000
5716.00008010864;0.0000000;0.0000210;-3.852813E-05;0.0000000
5717.00048446655;0.0000000;0.0000210;-1.501612E-05;0.0000000
5718.0004119873;0.0000000;0.0000210;-5.852448E-06;0.0000000
5719.00033950806;0.0000000;-0.0000387;-3.541022E-05;0.0000000
5720.00026702881;0.0000000;-0.0000387;-1.380093E-05;0.0000000
5721.00019454956;0.0000000;-0.0000387;-5.378834E-06;0.0000000
5722.00012207031;0.0000000;0.0000209;3.511162E-05;0.0000000
5723.00004959106;0.0000000;0.0000805;5.554354E-05;0.0000000
5724.00045394897;0.0000000;0.0000805;2.164778E-05;0.0000000
5725.00038146973;0.0000000;0.0000210;-2.870846E-05;0.0000000
5726.00030899048;0.0000000;0.0000210;-1.118896E-05;0.0000000
5727.00023651123;0.0000000;-0.0000387;-2.762857E-05;0.0000000
5728.00016403198;0.0000000;-0.0000387;-1.076808E-05;0.0000000
5729.00009155273;0.0000000;-0.0000387;-4.196797E-06;0.0000000
5730.00049591064;0.0000000;-0.0000387;-1.635678E-06;0.0000000
5731.0004234314;0.0000000;0.0000209;3.243627E-05;0.0000000
5732.00035095215;0.0000000;0.0000209;1.264185E-05;0.0000000
5733.0002784729;0.0000000;0.0000209;4.927091E-06;0.0000000
5734.00020599365;0.0000000;0.0000805;3.13192E-05;0.0000000
5735.0001335144;0.0000000;0.0000210;-1.714309E-05;0.0000000
5736.00006103516;0.0000000;-0.0000387;-4.861064E-05;0.0000000
5737.00046539307;0.0000000;-0.0000387;-1.894572E-05;0.0000000
5738.00039291382;0.0000000;0.0000805;7.866755E-05;0.0000000
5739.00032043457;0.0000000;0.0000805;4.176037E-05;0.0000000
5740.00024795532;0.0000000;0.0000210;-3.073648E-05;0.0000000
5741.00017547607;0.0000000;0.0000210;-1.197937E-05;0.0000000
5742.00010299683;0.0000000;-0.0000387;-2.793663E-05;0.0000000
5743.00050735474;0.0000000;-0.0000983;-5.274713E-05;0.0000000
5744.00043487549;0.0000000;-0.0000983;-2.055789E-05;0.0000000
5745.00036239624;0.0000000;0.0000209;7.630361E-05;0.0000000
5746.00028991699;0.0000000;0.0000805;6.281267E-05;0.0000000
5747.00021743774;0.0000000;0.0001401;6.633987E-05;0.0000000
5748.0001449585;0.0000000;0.0000806;-2.115676E-05;0.0000000
5749.00007247925;0.0000000;-0.0000387;-7.200597E-05;0.0000000
5750.00047683716;0.0000000;-0.0000983;-5.129268E-05;0.0000000
5751.00040435791;0.0000000;-0.0001579;-5.30648E-05;0.0000000
5752.00033187866;0.0000000;-0.0000984;2.508085E-06;0.0000000
5753.00025939941;0.0000000;-0.0000388;3.81855E-05;0.0000000
5754.00018692017;0.0000000;0.0000805;8.15388E-05;0.0000000
5755.00011444092;0.0000000;0.0000805;3.177928E-05;0.0000000
5756.00004196167;0.0000000;0.0000805;1.23858E-05;0.0000000
5757.00044631958;0.0000000;-0.0000983;-0.000123098;0.0000000
5758.00037384033;0.0000000;-0.0000983;-4.797673E-05;0.0000000
5759.00030136108;0.0000000;-0.0000388;1.84469E-05;0.0000000
5760.00022888184;0.0000000;-0.0000388;7.189573E-06;0.0000000
5761.00015640259;0.0000000;-0.0000388;2.802096E-06;0.0000000
5762.00008392334;0.0000000;-0.0000388;1.092101E-06;0.0000000
5763.00048828125;0.0000000;-0.0000388;4.256402E-07;0.0000000
5764.000415802;0.0000000;-0.0000388;1.658909E-07;0.0000000
5765.00034332275;0.0000000;-0.0000388;6.465504E-08;0.0000000
5766.00027084351;0.0000000;-0.0000388;2.519894E-08;0.0000000
5767.00019836426;0.0000000;-0.0000387;-6.121342E-06;0.0000000
5768.00012588501;0.0000000;-0.0000387;-2.385759E-06;0.0000000
5769.00005340576;0.0000000;-0.0000387;-9.298358E-07;0.0000000
5770.00045776367;0.0000000;-0.0000387;-3.623983E-07;0.0000000
5771.00038528442;0.0000000;-0.0000983;-2.337E-05;0.0000000
5772.00031280518;0.0000000;-0.0000983;-9.108327E-06;0.0000000
5773.00024032593;0.0000000;0.0000805;8.767506E-05;0.0000000
5774.00016784668;0.0000000;0.0000805;3.417086E-05;0.0000000
5775.00009536743;0.0000000;0.0000805;1.33179E-05;0.0000000
5776.00049972534;0.0000000;0.0000210;-4.769832E-05;0.0000000
5777.00042724609;0.0000000;-0.0000387;-5.171941E-05;0.0000000
5778.00035476685;0.0000000;-0.0000387;-2.015735E-05;0.0000000
5779.0002822876;0.0000000;-0.0000387;-7.856211E-06;0.0000000
5780.00020980835;0.0000000;0.0000805;6.492943E-05;0.0000000
5781.0001373291;0.0000000;0.0000805;2.530588E-05;0.0000000
5782.00006484985;0.0000000;0.0000805;9.862824E-06;0.0000000
5783.00046920776;0.0000000;0.0000210;-4.316837E-05;0.0000000
5784.00039672852;0.0000000;-0.0000387;-5.875384E-05;0.0000000
5785.00032424927;0.0000000;-0.0000387;-2.289898E-05;0.0000000
5786.00025177002;0.0000000;-0.0000387;-8.924746E-06;0.0000000
5787.00017929077;0.0000000;-0.0000387;-3.478369E-06;0.0000000
5788.00010681152;0.0000000;0.0000805;7.485086E-05;0.0000000
5789.00051116943;0.0000000;0.0000210;-3.845574E-06;0.0000000
5790.00043869019;0.0000000;0.0000210;-1.498791E-06;0.0000000
5791.00036621094;0.0000000;0.0000210;-5.841453E-07;0.0000000
5792.00029373169;0.0000000;0.0000805;4.156108E-05;0.0000000
5793.00022125244;0.0000000;0.0000805;1.61982E-05;0.0000000
5794.00014877319;0.0000000;0.0000805;6.313157E-06;0.0000000
5795.00007629395;0.0000000;0.0000805;8.337061E-06;0.0000000
5796.00048065186;0.0000000;0.0000210;-2.283919E-05;0.0000000
5797.00040817261;0.0000000;-0.0000387;-4.617186E-05;0.0000000
5798.00033569336;0.0000000;-0.0000387;-1.799522E-05;0.0000000
5799.00026321411;0.0000000;-0.0000387;-7.013535E-06;0.0000000
5800.00019073486;0.0000000;0.0000209;3.034028E-05;0.0000000
5801.00011825562;0.0000000;0.0000805;3.505372E-05;0.0000000
5802.00004577637;0.0000000;0.0000210;-2.812676E-05;0.0000000
5803.00045013428;0.0000000;0.0000210;-1.096225E-05;0.0000000
5804.00037765503;0.0000000;-0.0000387;-3.740173E-05;0.0000000
5805.00030517578;0.0000000;-0.0000387;-1.457711E-05;0.0000000
5806.00023269653;0.0000000;-0.0000387;-5.681349E-06;0.0000000
5807.00016021729;0.0000000;-0.0000387;-2.214273E-06;0.0000000
5808.00008773804;0.0000000;-0.0000387;-8.630004E-07;0.0000000
5809.00049209595;0.0000000;0.0000209;4.675501E-05;0.0000000
5810.0004196167;0.0000000;0.0000209;1.82225E-05;0.0000000
5811.00034713745;0.0000000;0.0000209;7.102116E-06;0.0000000
5812.0002746582;0.0000000;0.0000210;-1.32196E-05;0.0000000
5813.00020217896;0.0000000;0.0000210;-1.498075E-05;0.0000000
5814.00012969971;0.0000000;0.0000805;4.705023E-05;0.0000000
5815.00005722046;0.0000000;0.0000210;-2.867479E-05;0.0000000
5816.00046157837;0.0000000;0.0000805;3.061292E-05;0.0000000
5817.00038909912;0.0000000;0.0000805;1.193121E-05;0.0000000
5818.00031661987;0.0000000;0.0000805;4.650122E-06;0.0000000
5819.00024414063;0.0000000;0.0000210;-2.427615E-05;0.0000000
5820.00017166138;0.0000000;0.0000210;-9.461493E-06;0.0000000
5821.00009918213;0.0000000;0.0000210;-3.687564E-06;0.0000000
5822.00050354004;0.0000000;0.0000210;-1.437207E-06;0.0000000
5823.00043106079;0.0000000;-0.0000387;-3.36894E-05;0.0000000
5824.00035858154;0.0000000;-0.0000387;-1.313025E-05;0.0000000
5825.00028610229;0.0000000;-0.0000387;-5.117442E-06;0.0000000
5826.00021362305;0.0000000;0.0000209;4.509687E-05;0.0000000
5827.0001411438;0.0000000;0.0000805;5.478424E-05;0.0000000
5828.00006866455;0.0000000;0.0000805;2.135184E-05;0.0000000
5829.00047302246;0.0000000;0.0000805;8.321759E-06;0.0000000
5830.00040054321;0.0000000;0.0000805;3.243358E-06;0.0000000
5831.00032806396;0.0000000;-0.0000387;-6.909607E-05;0.0000000
5832.00025558472;0.0000000;-0.0000387;-2.692981E-05;0.0000000
5833.00018310547;0.0000000;0.0000209;1.890317E-05;0.0000000
5834.00011062622;0.0000000;0.0000210;2.786632E-06;0.0000000
5835.00051498413;0.0000000;0.0000805;4.809842E-05;0.0000000
5836.00044250488;0.0000000;0.0000210;-4.443704E-06;0.0000000
5837.00037002563;0.0000000;-0.0000387;-3.900232E-05;0.0000000
5838.00029754639;0.0000000;-0.0000387;-1.520093E-05;0.0000000
5839.00022506714;0.0000000;-0.0000387;-5.924478E-06;0.0000000
5840.00015258789;0.0000000;-0.0000387;-2.309032E-06;0.0000000
5841.00008010864;0.0000000;0.0000805;6.942019E-05;0.0000000
5842.00048446655;0.0000000;0.0000805;2.705612E-05;0.0000000
5843.0004119873;0.0000000;0.0000210;-4.234392E-05;0.0000000
5844.00033950806;0.0000000;0.0000210;-3.220354E-05;0.0000000
5845.00026702881;0.0000000;-0.0000387;-6.561782E-05;0.0000000
5846.00019454956;0.0000000;-0.0000387;-2.557417E-05;0.0000000
5847.00012207031;0.0000000;0.0000209;3.712397E-05;0.0000000
5848.00004959106;0.0000000;0.0000805;3.769762E-05;0.0000000
5849.00045394897;0.0000000;0.0000805;1.469243E-05;0.0000000
5850.00038146973;0.0000000;-0.0000387;-6.08937E-05;0.0000000
5851.00030899048;0.0000000;-0.0000984;-3.005021E-05;0.0000000
5852.00023651123;0.0000000;-0.0000984;-1.17119E-05;0.0000000
5853.00016403198;0.0000000;-0.0000984;-4.564647E-06;0.0000000
5854.00009155273;0.0000000;0.0000209;7.152368E-05;0.0000000
5855.00049591064;0.0000000;-0.0000387;1.743593E-06;0.0000000
5856.0004234314;0.0000000;-0.0000387;6.795555E-07;0.0000000
5857.00035095215;0.0000000;-0.0000387;2.648529E-07;0.0000000
5858.0002784729;0.0000000;-0.0000387;1.032249E-07;0.0000000
5859.00020599365;0.0000000;-0.0000983;-2.609213E-05;0.0000000
5860.0001335144;0.0000000;-0.0000388;3.684308E-05;0.0000000
5861.00006103516;0.0000000;0.0000209;5.62886E-05;0.0000000
5862.00046539307;0.0000000;0.0000210;1.058177E-06;0.0000000
5863.00039291382;0.0000000;-0.0000387;-4.675796E-05;0.0000000
5864.00032043457;0.0000000;-0.0000387;-1.822365E-05;0.0000000
5865.00024795532;0.0000000;-0.0000387;-7.102564E-06;0.0000000
5866.00017547607;0.0000000;-0.0000983;-3.997617E-05;0.0000000
5867.00010299683;0.0000000;-0.0000388;3.73084E-05;0.0000000
5868.00050735474;0.0000000;-0.0000388;1.454074E-05;0.0000000
5869.00043487549;0.0000000;0.0000209;5.283754E-05;0.0000000
5870.00036239624;0.0000000;0.0000209;2.059313E-05;0.0000000
5871.00028991699;0.0000000;-0.0000387;-4.495172E-05;0.0000000
5872.00021743774;0.0000000;0.0000209;1.555409E-05;0.0000000
5873.0001449585;0.0000000;0.0000209;6.062118E-06;0.0000000
5874.00007247925;0.0000000;0.0000209;2.362676E-06;0.0000000
5875.00047683716;0.0000000;0.0000209;9.208397E-07;0.0000000
5876.00040435791;0.0000000;0.0000209;3.625435E-06;0.0000000
5877.00033187866;0.0000000;-0.0000387;-2.181577E-05;0.0000000
5878.00025939941;0.0000000;-0.0001579;-7.840051E-05;0.0000000
5879.00018692017;0.0000000;-0.0000984;-7.366368E-06;0.0000000
5880.00011444092;0.0000000;-0.0000984;-2.871E-06;0.0000000
5881.00004196167;0.0000000;0.0000805;0.0001170168;0.0000000
5882.00044631958;0.0000000;0.0000210;-1.405712E-06;0.0000000
5883.00037384033;0.0000000;-0.0000387;-4.247708E-05;0.0000000
5884.00030136108;0.0000000;-0.0000387;-1.65552E-05;0.0000000
5885.00022888184;0.0000000;-0.0000983;-3.952606E-05;0.0000000
5886.00015640259;0.0000000;-0.0000983;-1.540506E-05;0.0000000
5887.00008392334;0.0000000;-0.0000388;4.688486E-05;0.0000000
5888.00048828125;0.0000000;0.0000209;5.554353E-05;0.0000000
5889.000415802;0.0000000;0.0000805;6.350676E-05;0.0000000
5890.00034332275;0.0000000;-0.0000387;-5.150506E-05;0.0000000
5891.00027084351;0.0000000;-0.0000387;-2.007381E-05;0.0000000
5892.00019836426;0.0000000;-0.0000387;-7.823653E-06;0.0000000
5893.00012588501;0.0000000;-0.0000387;-3.049224E-06;0.0000000
5894.00005340576;0.0000000;-0.0000387;-1.188418E-06;0.0000000
5895.00045776367;0.0000000;-0.0000387;-4.631792E-07;0.0000000
5896.00038528442;0.0000000;0.0000805;7.99846E-05;0.0000000
5897.00031280518;0.0000000;0.0000210;-2.171534E-05;0.0000000
5898.00024032593;0.0000000;0.0000210;-3.816254E-05;0.0000000
5899.00016784668;0.0000000;-0.0000387;-5.680285E-05;0.0000000
5900.00009536743;0.0000000;-0.0000387;-2.213859E-05;0.0000000
5901.00049972534;0.0000000;-0.0000387;-8.628391E-06;0.0000000
5902.00042724609;0.0000000;0.0000209;4.961491E-05;0.0000000
5903.00035476685;0.0000000;0.0000805;5.337923E-05;0.0000000
5904.0002822876;0.0000000;0.0000210;-3.208464E-05;0.0000000
5905.00020980835;0.0000000;-0.0000387;-4.563406E-05;0.0000000
5906.0001373291;0.0000000;-0.0000983;-6.487698E-05;0.0000000
5907.00006484985;0.0000000;-0.0000983;-2.528544E-05;0.0000000
5908.00046920776;0.0000000;-0.0000388;3.19339E-05;0.0000000
5909.00039672852;0.0000000;-0.0000388;1.244606E-05;0.0000000
5910.00032424927;0.0000000;-0.0000388;4.85078E-06;0.0000000
5911.00025177002;0.0000000;-0.0000388;1.890564E-06;0.0000000
5912.00017929077;0.0000000;-0.0000983;-2.861274E-05;0.0000000
5913.00010681152;0.0000000;-0.0000388;4.173724E-05;0.0000000
5914.00051116943;0.0000000;0.0000805;0.0001105286;0.0000000
5915.00043869019;0.0000000;0.0000805;4.307789E-05;0.0000000
5916.00036621094;0.0000000;0.0001401;4.618827E-05;0.0000000
5917.00029373169;0.0000000;0.0000806;-2.901073E-05;0.0000000
5918.00022125244;0.0000000;-0.0000387;-0.0001015814;0.0000000
5919.00014877319;0.0000000;-0.0000387;-3.959078E-05;0.0000000
5920.00007629395;0.0000000;-0.0000983;-4.156264E-05;0.0000000
5921.00048065186;0.0000000;-0.0000983;-1.61988E-05;0.0000000
5922.00040817261;0.0000000;0.0000209;7.610285E-05;0.0000000
5923.00033569336;0.0000000;0.0000805;5.288941E-05;0.0000000
5924.00026321411;0.0000000;0.0001401;4.674571E-05;0.0000000
5925.00019073486;0.0000000;0.0001401;1.821887E-05;0.0000000
5926.00011825562;0.0000000;0.0000210;-5.206157E-05;0.0000000
5927.00004577637;0.0000000;-0.0000387;-7.335737E-05;0.0000000
5928.00045013428;0.0000000;-0.0000387;-2.859062E-05;0.0000000
5929.00037765503;0.0000000;-0.0000387;-1.114303E-05;0.0000000
5930.00030517578;0.0000000;-0.0000387;-4.342934E-06;0.0000000
5931.00023269653;0.0000000;-0.0000387;-1.692634E-06;0.0000000
5932.00016021729;0.0000000;0.0000209;5.231808E-05;0.0000000
5933.00008773804;0.0000000;0.0000210;1.264402E-05;0.0000000
5934.00049209595;0.0000000;-0.0000387;-3.700128E-05;0.0000000
5935.0004196167;0.0000000;-0.0000387;-1.442104E-05;0.0000000
5936.00034713745;0.0000000;0.0000209;3.82043E-05;0.0000000
5937.0002746582;0.0000000;0.0000209;1.488991E-05;0.0000000
5938.00020217896;0.0000000;0.0000209;5.803257E-06;0.0000000
5939.00012969971;0.0000000;0.0000209;2.261787E-06;0.0000000
5940.00005722046;0.0000000;0.0000209;8.815186E-07;0.0000000
5941.00046157837;0.0000000;0.0000209;3.435669E-07;0.0000000
5942.00038909912;0.0000000;-0.0000387;-4.172508E-05;0.0000000
5943.00031661987;0.0000000;-0.0000387;-1.626211E-05;0.0000000
5944.00024414063;0.0000000;-0.0000387;-6.338067E-06;0.0000000
5945.00017166138;0.0000000;0.0000210;2.234791E-05;0.0000000
5946.00009918213;0.0000000;0.0000210;8.709972E-06;0.0000000
5947.00050354004;0.0000000;0.0000210;-2.765125E-06;0.0000000
5948.00043106079;0.0000000;-0.0000387;-3.834811E-05;0.0000000
5949.00035858154;0.0000000;-0.0000387;-1.494596E-05;0.0000000
5950.00028610229;0.0000000;-0.0000387;-5.825103E-06;0.0000000
5951.00021362305;0.0000000;0.0000209;2.71286E-05;0.0000000
5952.0001411438;0.0000000;0.0000209;1.057322E-05;0.0000000
5953.00006866455;0.0000000;0.0000209;4.120852E-06;0.0000000
5954.00047302246;0.0000000;-0.0000387;-2.162268E-05;0.0000000
5955.00040054321;0.0000000;-0.0000387;-8.427319E-06;0.0000000
5956.00032806396;0.0000000;-0.0000387;-3.2845E-06;0.0000000
5957.00025558472;0.0000000;-0.0000387;-1.280115E-06;0.0000000
5958.00018310547;0.0000000;-0.0000387;-4.989176E-07;0.0000000
5959.00011062622;0.0000000;-0.0000387;-1.944503E-07;0.0000000
5960.00051498413;0.0000000;-0.0000387;-7.578591E-08;0.0000000
5961.00044250488;0.0000000;0.0000209;4.182945E-05;0.0000000
5962.00037002563;0.0000000;0.0000209;1.630279E-05;0.0000000
5963.00029754639;0.0000000;0.0000209;9.620465E-06;0.0000000
5964.00022506714;0.0000000;0.0000209;3.749522E-06;0.0000000
5965.00015258789;0.0000000;0.0000805;3.866934E-05;0.0000000
5966.00008010864;0.0000000;0.0000805;1.507116E-05;0.0000000
5967.00048446655;0.0000000;0.0000210;-4.113845E-05;0.0000000
5968.0004119873;0.0000000;-0.0000387;-3.930122E-05;0.0000000
5969.00033950806;0.0000000;-0.0000387;-1.531743E-05;0.0000000
5970.00026702881;0.0000000;0.0000209;4.112148E-05;0.0000000
5971.00019454956;0.0000000;0.0000805;4.542576E-05;0.0000000
5972.00012207031;0.0000000;0.0001401;4.09332E-05;0.0000000
5973.00004959106;0.0000000;0.0001401;1.595348E-05;0.0000000
5974.00045394897;0.0000000;0.0000210;-4.637091E-05;0.0000000
5975.00038146973;0.0000000;-0.0000387;-4.424901E-05;0.0000000
5976.00030899048;0.0000000;0.0000209;2.170959E-05;0.0000000
5977.00023651123;0.0000000;0.0000209;8.461189E-06;0.0000000
5978.00016403198;0.0000000;0.0000209;3.297701E-06;0.0000000
5979.00009155273;0.0000000;0.0000209;1.28526E-06;0.0000000
5980.00049591064;0.0000000;-0.0000387;-5.247685E-05;0.0000000
5981.0004234314;0.0000000;-0.0000387;-2.045256E-05;0.0000000
5982.00035095215;0.0000000;-0.0000387;-7.971268E-06;0.0000000
5983.0002784729;0.0000000;-0.0000387;-3.106757E-06;0.0000000
5984.00020599365;0.0000000;0.0000209;2.818806E-05;0.0000000
5985.0001335144;0.0000000;0.0000209;1.098614E-05;0.0000000
5986.00006103516;0.0000000;0.0000209;4.281785E-06;0.0000000
5987.00046539307;0.0000000;0.0000209;1.668801E-06;0.0000000
5988.00039291382;0.0000000;-0.0000387;-4.120858E-05;0.0000000
5989.00032043457;0.0000000;-0.0000387;-1.606081E-05;0.0000000
5990.00024795532;0.0000000;-0.0000387;-6.25961E-06;0.0000000
5991.00017547607;0.0000000;-0.0000387;-2.439648E-06;0.0000000
5992.00010299683;0.0000000;-0.0000387;-9.508389E-07;0.0000000
5993.00050735474;0.0000000;-0.0000387;-3.705841E-07;0.0000000
5994.00043487549;0.0000000;-0.0000387;-1.44433E-07;0.0000000
5995.00036239624;0.0000000;0.0000209;5.292148E-05;0.0000000
5996.00028991699;0.0000000;0.0000209;2.062585E-05;0.0000000
5997.00021743774;0.0000000;0.0000209;8.038809E-06;0.0000000
5998.0001449585;0.0000000;-0.0000387;-2.299928E-05;0.0000000
5999.00007247925;0.0000000;-0.0000387;-8.963838E-06;0.0000000
6000.00047683716;0.0000000;0.0000805;5.53042E-05;0.0000000
6001.00040435791;0.0000000;0.0001401;7.453228E-05;0.0000000
6002.00033187866;0.0000000;0.0001401;2.904853E-05;0.0000000
6003.00025939941;0.0000000;0.0000210;-6.463733E-05;0.0000000
6004.00018692017;0.0000000;0.0000210;-2.519204E-05;0.0000000
6005.00011444092;0.0000000;0.0000209;1.003007E-05;0.0000000
6006.00051879883;0.0000000;0.0000209;3.909162E-06;0.0000000
6007.00044631958;0.0000000;0.0000210;-3.629791E-06;0.0000000
6008.00037384033;0.0000000;0.0000805;2.17751E-05;0.0000000
6009.00030136108;0.0000000;0.0000210;-4.440217E-05;0.0000000
6010.00022888184;0.0000000;0.0000210;-2.020422E-05;0.0000000
6011.00015640259;0.0000000;0.0000210;-7.874482E-06;0.0000000
6012.00008392334;0.0000000;0.0000805;2.824307E-05;0.0000000
6013.00048828125;0.0000000;0.0000210;-3.310604E-05;0.0000000
6014.000415802;0.0000000;-0.0000387;-5.483211E-05;0.0000000
6015.00034332275;0.0000000;-0.0000387;-2.13705E-05;0.0000000
6016.00027084351;0.0000000;-0.0000387;-8.329033E-06;0.0000000
6017.00019836426;0.0000000;-0.0000387;-3.246194E-06;0.0000000
6018.00012588501;0.0000000;0.0000805;5.136248E-05;0.0000000
6019.00005340576;0.0000000;0.0000805;2.001824E-05;0.0000000
6020.00045776367;0.0000000;0.0000210;-1.53878E-05;0.0000000
6021.00038528442;0.0000000;-0.0000387;-3.544554E-05;0.0000000
6022.00031280518;0.0000000;-0.0000387;-1.38147E-05;0.0000000
6023.00024032593;0.0000000;-0.0000387;-5.384202E-06;0.0000000
6024.00016784668;0.0000000;-0.0000387;-2.098462E-06;0.0000000
6025.00009536743;0.0000000;-0.0000387;-8.178637E-07;0.0000000
6026.00049972534;0.0000000;-0.0000387;-3.187578E-07;0.0000000
6027.00042724609;0.0000000;-0.0000387;-1.24234E-07;0.0000000
6028.00035476685;0.0000000;-0.0000387;-4.841951E-08;0.0000000
6029.0002822876;0.0000000;-0.0000387;-1.887123E-08;0.0000000
6030.00020980835;0.0000000;-0.0000387;-7.354958E-09;0.0000000
6031.0001373291;0.0000000;-0.0000387;-2.866553E-09;0.0000000
6032.00006484985;0.0000000;-0.0000983;-4.709248E-05;0.0000000
6033.00046920776;0.0000000;-0.0000983;-1.835403E-05;0.0000000
6034.00039672852;0.0000000;-0.0000388;2.58649E-05;0.0000000
6035.00032424927;0.0000000;0.0000805;8.45591E-05;0.0000000
6036.00025177002;0.0000000;0.0000805;3.295643E-05;0.0000000
6037.00017929077;0.0000000;0.0000210;-4.004431E-05;0.0000000
6038.00010681152;0.0000000;-0.0000387;-4.87363E-05;0.0000000
6039.00051116943;0.0000000;-0.0000984;-4.324023E-05;0.0000000
6040.00043869019;0.0000000;-0.0000984;6.969921E-06;0.0000000
6041.00036621094;0.0000000;-0.0000388;3.579025E-05;0.0000000
6042.00029373169;0.0000000;0.0001401;0.0001224642;0.0000000
6043.00022125244;0.0000000;0.0001401;4.772975E-05;0.0000000
6044.00014877319;0.0000000;0.0000806;-1.441588E-05;0.0000000
6045.00007629395;0.0000000;-0.0000387;-8.481753E-05;0.0000000
6046.00048065186;0.0000000;-0.0000387;-3.305715E-05;0.0000000
6047.00040817261;0.0000000;-0.0000387;-1.288384E-05;0.0000000
6048.00033569336;0.0000000;0.0000805;5.831894E-05;0.0000000
6049.00026321411;0.0000000;0.0000805;2.860602E-05;0.0000000
6050.00019073486;0.0000000;0.0000210;-1.820054E-05;0.0000000
6051.00011825562;0.0000000;0.0000210;-7.093558E-06;0.0000000
6052.00052261353;0.0000000;-0.0000387;-2.894088E-05;0.0000000
6053.00045013428;0.0000000;0.0000209;3.581182E-05;0.0000000
6054.00037765503;0.0000000;0.0000210;8.80409E-06;0.0000000
6055.00030517578;0.0000000;0.0000210;-3.498418E-06;0.0000000
6056.00023269653;0.0000000;-0.0000387;-3.449275E-05;0.0000000
6057.00016021729;0.0000000;-0.0000983;-3.957571E-05;0.0000000
6058.00008773804;0.0000000;-0.0000388;2.172115E-05;0.0000000
6059.00049209595;0.0000000;0.0000209;5.039491E-05;0.0000000
6060.0004196167;0.0000000;0.0000805;4.577348E-05;0.0000000
6061.00034713745;0.0000000;0.0000210;-2.394879E-05;0.0000000
6062.0002746582;0.0000000;0.0000210;-9.333907E-06;0.0000000
6063.00020217896;0.0000000;-0.0000387;-2.981404E-05;0.0000000
6064.00012969971;0.0000000;-0.0000983;-5.347884E-05;0.0000000
6065.00005722046;0.0000000;0.0000209;5.567687E-05;0.0000000
6066.00046157837;0.0000000;0.0000805;5.109865E-05;0.0000000
6067.00038909912;0.0000000;0.0001401;4.314417E-05;0.0000000
6068.00031661987;0.0000000;0.0001401;1.68152E-05;0.0000000
6069.00024414063;0.0000000;0.0000210;-6.832363E-05;0.0000000
6070.00017166138;0.0000000;-0.0000387;-6.389916E-05;0.0000000
6071.00009918213;0.0000000;-0.0000387;-2.490434E-05;0.0000000
6072.00050354004;0.0000000;-0.0000387;-9.706324E-06;0.0000000
6073.00043106079;0.0000000;0.0000805;4.884468E-05;0.0000000
6074.00035858154;0.0000000;0.0000805;1.903694E-05;0.0000000
6075.00028610229;0.0000000;0.0000210;-3.959281E-05;0.0000000
6076.00021362305;0.0000000;-0.0000387;-4.48793E-05;0.0000000
6077.0001411438;0.0000000;-0.0001579;-9.369799E-05;0.0000000
6078.00006866455;0.0000000;-0.0001579;-3.651826E-05;0.0000000
6079.00047302246;0.0000000;-0.0001579;-1.423279E-05;0.0000000
6080.00040054321;0.0000000;-0.0000388;7.062042E-05;0.0000000
6081.00032806396;0.0000000;0.0000209;8.059057E-05;0.0000000
6082.00025558472;0.0000000;0.0000805;5.754207E-05;0.0000000
6083.00018310547;0.0000000;0.0001401;6.428568E-05;0.0000000
6084.00011062622;0.0000000;0.0001401;2.505498E-05;0.0000000
6085.00051498413;0.0000000;0.0000210;-5.265831E-05;0.0000000
6086.00044250488;0.0000000;-0.0000387;-4.669948E-05;0.0000000
6087.00037002563;0.0000000;-0.0000387;-1.820086E-05;0.0000000
6088.00029754639;0.0000000;0.0000209;4.58841E-05;0.0000000
6089.00022506714;0.0000000;0.0000805;4.111183E-05;0.0000000
6090.00015258789;0.0000000;0.0000805;1.60231E-05;0.0000000
6091.00008010864;0.0000000;0.0000210;-1.98436E-05;0.0000000
6092.00048446655;0.0000000;0.0000210;-3.743303E-05;0.0000000
6093.0004119873;0.0000000;0.0000210;-1.458931E-05;0.0000000
6094.00033950806;0.0000000;0.0000210;-1.445658E-05;0.0000000
6095.00026702881;0.0000000;0.0000210;-5.634371E-06;0.0000000
6096.00019454956;0.0000000;-0.0000387;-5.526263E-05;0.0000000
6097.00012207031;0.0000000;-0.0000387;-2.15383E-05;0.0000000
6098.00052642822;0.0000000;-0.0000387;-8.394431E-06;0.0000000
6099.00045394897;0.0000000;0.0000209;2.612722E-05;0.0000000
6100.00038146973;0.0000000;0.0000805;3.63153E-05;0.0000000
6101.00030899048;0.0000000;0.0000210;-2.763507E-05;0.0000000
6102.00023651123;0.0000000;0.0000210;-1.770037E-05;0.0000000
6103.00016403198;0.0000000;0.0000210;-6.89862E-06;0.0000000
6104.00009155273;0.0000000;0.0000210;-2.688698E-06;0.0000000
6105.00049591064;0.0000000;0.0000210;-1.047905E-06;0.0000000
6106.0004234314;0.0000000;0.0000210;-4.08415E-07;0.0000000
6107.00035095215;0.0000000;0.0000210;-6.035723E-06;0.0000000
6108.0002784729;0.0000000;0.0000805;2.08374E-05;0.0000000
6109.00020599365;0.0000000;0.0000210;-2.122832E-05;0.0000000
6110.0001335144;0.0000000;-0.0000387;-3.444982E-05;0.0000000
6111.00006103516;0.0000000;-0.0000387;-1.342662E-05;0.0000000
6112.00046539307;0.0000000;-0.0000387;-5.232951E-06;0.0000000
6113.00039291382;0.0000000;-0.0000387;-2.039513E-06;0.0000000
6114.00032043457;0.0000000;-0.0000387;-7.948886E-07;0.0000000
6115.00024795532;0.0000000;0.0000805;7.589674E-05;0.0000000
6116.00017547607;0.0000000;0.0000805;2.958032E-05;0.0000000
6117.00010299683;0.0000000;0.0000805;1.152876E-05;0.0000000
6118.00050735474;0.0000000;0.0000805;4.493269E-06;0.0000000
6119.00043487549;0.0000000;0.0000210;-2.759835E-05;0.0000000
6120.00036239624;0.0000000;-0.0000387;-4.388556E-05;0.0000000
6121.00028991699;0.0000000;0.0000209;9.028206E-06;0.0000000
6122.00021743774;0.0000000;0.0000805;3.659246E-05;0.0000000
6123.0001449585;0.0000000;0.0000805;1.42617E-05;0.0000000
6124.00007247925;0.0000000;0.0000210;-4.145393E-05;0.0000000
6125.00047683716;0.0000000;0.0000210;-1.615643E-05;0.0000000
6126.00040435791;0.0000000;0.0000210;-6.296878E-06;0.0000000
6127.00033187866;0.0000000;0.0000210;-2.454173E-06;0.0000000
6128.00025939941;0.0000000;-0.0000387;-2.422424E-05;0.0000000
6129.00018692017;0.0000000;-0.0000387;-9.441259E-06;0.0000000
6130.00011444092;0.0000000;0.0000805;7.648545E-05;0.0000000
6131.00051879883;0.0000000;0.0000805;2.980977E-05;0.0000000
6132.00044631958;0.0000000;0.0000805;1.161819E-05;0.0000000
6133.00037384033;0.0000000;0.0000210;-4.836077E-05;0.0000000
6134.00030136108;0.0000000;0.0000210;-1.884834E-05;0.0000000
6135.00022888184;0.0000000;0.0000210;-7.346033E-06;0.0000000
6136.00015640259;0.0000000;-0.0000387;-3.599234E-05;0.0000000
6137.00008392334;0.0000000;0.0000209;2.783117E-05;0.0000000
6138.00048828125;0.0000000;-0.0000387;-1.528532E-05;0.0000000
6139.000415802;0.0000000;0.0000805;5.447938E-05;0.0000000
6140.00034332275;0.0000000;0.0000805;2.123303E-05;0.0000000
6141.00027084351;0.0000000;0.0000805;8.275455E-06;0.0000000
6142.00019836426;0.0000000;0.0000210;-4.966358E-05;0.0000000
6143.00012588501;0.0000000;0.0000210;-1.93561E-05;0.0000000
6144.00005340576;0.0000000;0.0000209;1.925764E-05;0.0000000
6145.00045776367;0.0000000;0.0000209;7.505558E-06;0.0000000
6146.00038528442;0.0000000;0.0000805;5.001661E-05;0.0000000
6147.00031280518;0.0000000;0.0000805;2.642345E-05;0.0000000
6148.00024032593;0.0000000;0.0000805;1.029839E-05;0.0000000
6149.00016784668;0.0000000;0.0000210;-1.917605E-05;0.0000000
6150.00009536743;0.0000000;0.0000210;-7.473757E-06;0.0000000
6151.00049972534;0.0000000;0.0000210;-2.912854E-06;0.0000000
6152.00042724609;0.0000000;0.0000209;8.670759E-06;0.0000000
6153.00035476685;0.0000000;-0.0000387;-2.601952E-05;0.0000000
6154.0002822876;0.0000000;-0.0000983;-3.953986E-05;0.0000000
6155.00020980835;0.0000000;-0.0000388;2.173512E-05;0.0000000
6156.0001373291;0.0000000;-0.0000388;8.471139E-06;0.0000000
6157.00006484985;0.0000000;-0.0000388;3.301579E-06;0.0000000
6158.00046920776;0.0000000;-0.0000388;1.286772E-06;0.0000000
6159.00039672852;0.0000000;-0.0001579;-6.605605E-05;0.0000000
6160.00032424927;0.0000000;-0.0001579;-2.574497E-05;0.0000000
6161.00025177002;0.0000000;-0.0002175;-3.616632E-05;0.0000000
6162.00017929077;0.0000000;-0.0002175;-1.409562E-05;0.0000000
6163.00010681152;0.0000000;-0.0000984;7.357261E-05;0.0000000
6164.00051116943;0.0000000;-0.0001579;-6.551614E-06;0.0000000
6165.00043869019;0.0000000;-0.0001579;-2.553455E-06;0.0000000
6166.00036621094;0.0000000;-0.0001579;-9.951946E-07;0.0000000
6167.00029373169;0.0000000;-0.0000984;5.250102E-05;0.0000000
6168.00022125244;0.0000000;-0.0000984;2.372304E-05;0.0000000
6169.00014877319;0.0000000;-0.0000984;9.24592E-06;0.0000000
6170.00007629395;0.0000000;-0.0000984;3.603545E-06;0.0000000
6171.00048065186;0.0000000;-0.0000984;1.404461E-06;0.0000000
6172.00040817261;0.0000000;-0.0000984;5.473808E-07;0.0000000
6173.00033569336;0.0000000;-0.0001579;-4.157542E-05;0.0000000
6174.00026321411;0.0000000;-0.0001579;-1.620378E-05;0.0000000
6175.00019073486;0.0000000;-0.0000984;2.670294E-05;0.0000000
6176.00011825562;0.0000000;-0.0000388;3.363608E-05;0.0000000
6177.00052261353;0.0000000;-0.0000388;1.310947E-05;0.0000000
6178.00045013428;0.0000000;-0.0000388;5.109342E-06;0.0000000
6179.00037765503;0.0000000;-0.0000388;1.991337E-06;0.0000000
6180.00030517578;0.0000000;-0.0000388;7.761123E-07;0.0000000
6181.00023269653;0.0000000;-0.0000388;3.024853E-07;0.0000000
6182.00016021729;0.0000000;-0.0000388;1.17892E-07;0.0000000
6183.00008773804;0.0000000;0.0000209;3.317521E-05;0.0000000
6184.00049209595;0.0000000;0.0000805;3.615861E-05;0.0000000
6185.0004196167;0.0000000;0.0000210;-3.879628E-05;0.0000000
6186.00034713745;0.0000000;-0.0000387;-5.704985E-05;0.0000000
6187.0002746582;0.0000000;-0.0000387;-2.223485E-05;0.0000000
6188.00020217896;0.0000000;0.0000805;6.754063E-05;0.0000000
6189.00012969971;0.0000000;0.0000805;2.632358E-05;0.0000000
6190.00005722046;0.0000000;0.0000805;1.025947E-05;0.0000000
6191.00046157837;0.0000000;0.0000805;3.998569E-06;0.0000000
6192.00038909912;0.0000000;0.0000805;1.55842E-06;0.0000000
6193.00031661987;0.0000000;0.0000210;-3.653817E-05;0.0000000
6194.00024414063;0.0000000;0.0000210;-1.424055E-05;0.0000000
6195.00017166138;0.0000000;-0.0000387;-3.172638E-05;0.0000000
6196.00009918213;0.0000000;-0.0000387;-1.236518E-05;0.0000000
6197.00050354004;0.0000000;-0.0000387;-4.819257E-06;0.0000000
6198.00043106079;0.0000000;0.0000805;5.732784E-05;0.0000000
6199.00035858154;0.0000000;0.0001401;5.174211E-05;0.0000000
6200.00028610229;0.0000000;0.0001401;2.01662E-05;0.0000000
6201.00021362305;0.0000000;0.0001401;7.85966E-06;0.0000000
6202.0001411438;0.0000000;0.0000210;-4.952543E-05;0.0000000
6203.00006866455;0.0000000;-0.0000387;-6.123147E-05;0.0000000
6204.00047302246;0.0000000;-0.0000387;-2.386462E-05;0.0000000
6205.00040054321;0.0000000;0.0000209;1.392766E-05;0.0000000
6206.00032806396;0.0000000;0.0000209;5.428228E-06;0.0000000
6207.00025558472;0.0000000;-0.0000387;-2.401674E-05;0.0000000
6208.00018310547;0.0000000;-0.0000387;-9.360386E-06;0.0000000
6209.00011062622;0.0000000;-0.0000387;-3.648157E-06;0.0000000
6210.00051498413;0.0000000;0.0000209;4.043713E-05;0.0000000
6211.00044250488;0.0000000;0.0000805;5.347711E-05;0.0000000
6212.00037002563;0.0000000;0.0000805;2.08424E-05;0.0000000
6213.00029754639;0.0000000;0.0000805;8.123206E-06;0.0000000
6214.00022506714;0.0000000;0.0000210;-3.862278E-05;0.0000000
6215.00015258789;0.0000000;-0.0000387;-5.232343E-05;0.0000000
6216.00008010864;0.0000000;-0.0000387;-2.039276E-05;0.0000000
6217.00048446655;0.0000000;-0.0000387;-7.947961E-06;0.0000000
6218.0004119873;0.0000000;-0.0000387;-3.097673E-06;0.0000000
6219.00033950806;0.0000000;0.0000210;1.916171E-05;0.0000000
6220.00026702881;0.0000000;0.0000210;7.468168E-06;0.0000000
6221.00019454956;0.0000000;-0.0000387;-3.435974E-05;0.0000000
6222.00012207031;0.0000000;-0.0000387;-1.339152E-05;0.0000000
6223.00052642822;0.0000000;0.0000805;6.603862E-05;0.0000000
6224.00045394897;0.0000000;0.0000805;2.573818E-05;0.0000000
6225.00038146973;0.0000000;0.0000805;1.003131E-05;0.0000000
6226.00030899048;0.0000000;0.0000805;3.909646E-06;0.0000000
6227.00023651123;0.0000000;0.0000210;-3.149451E-05;0.0000000
6228.00016403198;0.0000000;-0.0000387;-5.420403E-05;0.0000000
6229.00009155273;0.0000000;-0.0000387;-2.112571E-05;0.0000000
6230.00049591064;0.0000000;-0.0000387;-8.233627E-06;0.0000000
6231.0004234314;0.0000000;-0.0000387;-3.209009E-06;0.0000000
6232.00035095215;0.0000000;0.0000209;2.891948E-05;0.0000000
6233.0002784729;0.0000000;0.0000805;4.847919E-05;0.0000000
6234.00020599365;0.0000000;0.0000805;2.179321E-05;0.0000000
6235.0001335144;0.0000000;0.0000805;8.493782E-06;0.0000000
6236.00006103516;0.0000000;0.0000210;-2.277811E-05;0.0000000
6237.00046539307;0.0000000;-0.0000387;-5.604801E-05;0.0000000
6238.00039291382;0.0000000;-0.0000387;-2.18444E-05;0.0000000
6239.00032043457;0.0000000;-0.0000387;-8.513731E-06;0.0000000
6240.00024795532;0.0000000;0.0000805;7.579196E-05;0.0000000
6241.00017547607;0.0000000;0.0000805;3.476308E-05;0.0000000
6242.00010299683;0.0000000;0.0000210;-1.946956E-05;0.0000000
6243.00050735474;0.0000000;0.0000210;-7.588152E-06;0.0000000
6244.00043487549;0.0000000;0.0000210;-2.957439E-06;0.0000000
6245.00036239624;0.0000000;-0.0000387;-4.308186E-05;0.0000000
6246.00028991699;0.0000000;0.0000209;6.437851E-06;0.0000000
6247.00021743774;0.0000000;0.0000805;3.97171E-05;0.0000000
6248.0001449585;0.0000000;0.0000805;2.947359E-05;0.0000000
6249.00007247925;0.0000000;0.0000210;-1.170262E-05;0.0000000
6250.00047683716;0.0000000;0.0000805;3.258453E-05;0.0000000
6251.00040435791;0.0000000;0.0000805;1.269963E-05;0.0000000
6252.00033187866;0.0000000;0.0000805;2.848893E-05;0.0000000
6253.00025939941;0.0000000;0.0000210;-1.498511E-05;0.0000000
6254.00018692017;0.0000000;0.0000210;-8.739088E-06;0.0000000
6255.00011444092;0.0000000;-0.0000387;-5.647268E-05;0.0000000
6256.00051879883;0.0000000;-0.0000387;-2.200991E-05;0.0000000
6257.00044631958;0.0000000;-0.0000387;-8.578236E-06;0.0000000
6258.00037384033;0.0000000;-0.0000387;-3.343319E-06;0.0000000
6259.00030136108;0.0000000;0.0000805;6.668831E-05;0.0000000
6260.00022888184;0.0000000;0.0000805;2.599139E-05;0.0000000
6261.00015640259;0.0000000;0.0000210;-4.27589E-05;0.0000000
6262.00008392334;0.0000000;-0.0000387;-4.611327E-05;0.0000000
6263.00048828125;0.0000000;-0.0001579;-8.411992E-05;0.0000000
6264.000415802;0.0000000;-0.0000984;-3.435686E-06;0.0000000
6265.00034332275;0.0000000;0.0000209;7.89051E-05;0.0000000
6266.00027084351;0.0000000;0.0001401;9.409316E-05;0.0000000
6267.00019836426;0.0000000;0.0001401;3.667228E-05;0.0000000
6268.00012588501;0.0000000;0.0001401;1.429281E-05;0.0000000
6269.00053024292;0.0000000;-0.0000387;-0.0001000848;0.0000000
6270.00045776367;0.0000000;-0.0000984;-6.518558E-05;0.0000000
6271.00038528442;0.0000000;-0.0001579;-6.255127E-05;0.0000000
6272.00031280518;0.0000000;-0.0000984;2.850989E-05;0.0000000
6273.00024032593;0.0000000;-0.0000984;1.111157E-05;0.0000000
6274.00016784668;0.0000000;-0.0000984;4.330671E-06;0.0000000
6275.00009536743;0.0000000;-0.0000388;4.877921E-05;0.0000000
6276.00049972534;0.0000000;-0.0000388;1.901142E-05;0.0000000
6277.00042724609;0.0000000;-0.0000388;7.409595E-06;0.0000000
6278.00035476685;0.0000000;-0.0000388;2.887848E-06;0.0000000
6279.0002822876;0.0000000;-0.0000388;1.125522E-06;0.0000000
6280.00020980835;0.0000000;-0.0000388;4.38666E-07;0.0000000
6281.0001373291;0.0000000;-0.0000388;1.709676E-07;0.0000000
6282.00006484985;0.0000000;-0.0000388;6.663365E-08;0.0000000
6283.00046920776;0.0000000;-0.0000388;2.597009E-08;0.0000000
6284.00039672852;0.0000000;-0.0000983;-3.713544E-05;0.0000000
6285.00032424927;0.0000000;-0.0000983;-1.447333E-05;0.0000000
6286.00025177002;0.0000000;-0.0000388;3.614786E-05;0.0000000
6287.00017929077;0.0000000;-0.0000388;1.408842E-05;0.0000000
6288.00010681152;0.0000000;-0.0000388;5.490882E-06;0.0000000
6289.00051116943;0.0000000;-0.0000388;2.14004E-06;0.0000000
6290.00043869019;0.0000000;-0.0000388;8.340685E-07;0.0000000
6291.00036621094;0.0000000;0.0000209;4.749545E-05;0.0000000
6292.00029373169;0.0000000;0.0000209;1.851108E-05;0.0000000
6293.00022125244;0.0000000;0.0000209;7.21459E-06;0.0000000
6294.00014877319;0.0000000;-0.0000387;-2.041691E-05;0.0000000
6295.00007629395;0.0000000;-0.0000387;-7.957377E-06;0.0000000
6296.00048065186;0.0000000;-0.0000387;-3.101342E-06;0.0000000
6297.00040817261;0.0000000;-0.0000387;-1.208731E-06;0.0000000
6298.00033569336;0.0000000;0.0000209;2.566126E-05;0.0000000
6299.00026321411;0.0000000;0.0000210;3.472884E-06;0.0000000
6300.00019073486;0.0000000;0.0000210;1.353537E-06;0.0000000
6301.00011825562;0.0000000;-0.0000387;-2.27402E-05;0.0000000
6302.00052261353;0.0000000;-0.0000387;-8.862865E-06;0.0000000
6303.00045013428;0.0000000;-0.0000387;-3.454252E-06;0.0000000
6304.00037765503;0.0000000;0.0000209;2.805263E-05;0.0000000
6305.00030517578;0.0000000;0.0000209;1.093335E-05;0.0000000
6306.00023269653;0.0000000;0.0000209;4.261213E-06;0.0000000
6307.00016021729;0.0000000;-0.0000387;-3.141298E-05;0.0000000
6308.00008773804;0.0000000;-0.0000387;-1.224303E-05;0.0000000
6309.00049209595;0.0000000;-0.0000387;-4.771652E-06;0.0000000
6310.0004196167;0.0000000;-0.0000387;-1.859724E-06;0.0000000
6311.00034713745;0.0000000;-0.0000387;-7.248171E-07;0.0000000
6312.0002746582;0.0000000;0.0000209;4.680887E-05;0.0000000
6313.00020217896;0.0000000;0.0000805;4.76424E-05;0.0000000
6314.00012969971;0.0000000;0.0001401;5.577634E-05;0.0000000
6315.00053405762;0.0000000;0.0000210;-8.412816E-05;0.0000000
6316.00046157837;0.0000000;0.0000210;-3.278847E-05;0.0000000
6317.00038909912;0.0000000;-0.0000387;-4.222736E-05;0.0000000
6318.00031661987;0.0000000;-0.0000387;-1.645787E-05;0.0000000
6319.00024414063;0.0000000;-0.0000388;1.446562E-05;0.0000000
6320.00017166138;0.0000000;-0.0000388;5.637895E-06;0.0000000
6321.00009918213;0.0000000;0.0000209;3.164557E-05;0.0000000
6322.00050354004;0.0000000;0.0000805;6.531145E-05;0.0000000
6323.00043106079;0.0000000;0.0000805;3.655491E-05;0.0000000
6324.00035858154;0.0000000;0.0000210;-3.864182E-05;0.0000000
6325.00028610229;0.0000000;0.0000210;-1.506043E-05;0.0000000
6326.00021362305;0.0000000;0.0000210;-5.869718E-06;0.0000000
6327.0001411438;0.0000000;0.0000210;-2.287689E-06;0.0000000
6328.00006866455;0.0000000;0.0000805;3.212666E-05;0.0000000
6329.00047302246;0.0000000;0.0000805;1.252118E-05;0.0000000
6330.00040054321;0.0000000;0.0000805;4.880061E-06;0.0000000
6331.00032806396;0.0000000;0.0000210;-3.524359E-05;0.0000000
6332.00025558472;0.0000000;0.0000210;-1.373599E-05;0.0000000
6333.00018310547;0.0000000;0.0000210;-5.353525E-06;0.0000000
6334.00011062622;0.0000000;0.0000210;-2.086506E-06;0.0000000
6335.00051498413;0.0000000;-0.0000387;-2.698941E-05;0.0000000
6336.00044250488;0.0000000;0.0000209;3.134002E-05;0.0000000
6337.00037002563;0.0000000;-0.0000387;-3.487677E-05;0.0000000
6338.00029754639;0.0000000;-0.0000387;-1.359302E-05;0.0000000
6339.00022506714;0.0000000;-0.0000983;-5.827558E-05;0.0000000
6340.00015258789;0.0000000;-0.0000983;-2.271258E-05;0.0000000
6341.00008010864;0.0000000;0.0000209;6.440679E-05;0.0000000
6342.00048446655;0.0000000;0.0000805;5.123454E-05;0.0000000
6343.0004119873;0.0000000;0.0000210;-3.292052E-05;0.0000000
6344.00033950806;0.0000000;0.0000210;-1.283059E-05;0.0000000
6345.00026702881;0.0000000;-0.0000387;-4.227106E-05;0.0000000
6346.00019454956;0.0000000;-0.0000387;-1.647491E-05;0.0000000
6347.00012207031;0.0000000;0.0000209;2.29779E-05;0.0000000
6348.00052642822;0.0000000;0.0000209;8.955506E-06;0.0000000
6349.00045394897;0.0000000;-0.0000387;-2.2642E-05;0.0000000
6350.00038146973;0.0000000;-0.0000983;-3.822349E-05;0.0000000
6351.00030899048;0.0000000;-0.0000388;2.689136E-05;0.0000000
6352.00023651123;0.0000000;-0.0000387;5.892182E-06;0.0000000
6353.00016403198;0.0000000;0.0000209;2.552521E-05;0.0000000
6354.00009155273;0.0000000;0.0000209;9.948304E-06;0.0000000
6355.00049591064;0.0000000;0.0000209;3.877295E-06;0.0000000
6356.0004234314;0.0000000;-0.0000387;-2.462121E-05;0.0000000
6357.00035095215;0.0000000;-0.0000387;-9.595977E-06;0.0000000
6358.0002784729;0.0000000;0.0000209;2.933379E-05;0.0000000
6359.00020599365;0.0000000;0.0000805;4.450644E-05;0.0000000
6360.0001335144;0.0000000;0.0000805;1.734614E-05;0.0000000
6361.00053787231;0.0000000;0.0000210;-2.009792E-05;0.0000000
6362.00046539307;0.0000000;0.0000210;-7.833052E-06;0.0000000
6363.00039291382;0.0000000;-0.0000387;-5.611956E-05;0.0000000
6364.00032043457;0.0000000;0.0000209;1.120149E-05;0.0000000
6365.00024795532;0.0000000;0.0000805;2.759448E-05;0.0000000
6366.00017547607;0.0000000;0.0000805;1.075479E-05;0.0000000
6367.00010299683;0.0000000;0.0000210;-3.759714E-05;0.0000000
6368.00050735474;0.0000000;0.0000210;-1.465327E-05;0.0000000
6369.00043487549;0.0000000;-0.0000387;-4.298145E-05;0.0000000
6370.00036239624;0.0000000;0.0000209;1.34184E-05;0.0000000
6371.00028991699;0.0000000;-0.0000387;-4.186161E-05;0.0000000
6372.00021743774;0.0000000;-0.0000387;-1.631533E-05;0.0000000
6373.0001449585;0.0000000;-0.0000387;-6.358806E-06;0.0000000
6374.00007247925;0.0000000;0.0000209;2.075046E-05;0.0000000
6375.00047683716;0.0000000;0.0000805;3.131614E-05;0.0000000
6376.00040435791;0.0000000;0.0000210;-2.494027E-05;0.0000000
6377.00033187866;0.0000000;-0.0000387;-3.298807E-05;0.0000000
6378.00025939941;0.0000000;-0.0000387;-1.285691E-05;0.0000000
6379.00018692017;0.0000000;-0.0000387;-5.01091E-06;0.0000000
6380.00011444092;0.0000000;0.0000805;5.725315E-05;0.0000000
6381.00051879883;0.0000000;0.0000805;3.218088E-05;0.0000000
6382.00044631958;0.0000000;-0.0000387;-6.661286E-05;0.0000000
6383.00037384033;0.0000000;-0.0000387;-2.596198E-05;0.0000000
6384.00030136108;0.0000000;-0.0000387;-1.011854E-05;0.0000000
6385.00022888184;0.0000000;0.0000805;7.254662E-05;0.0000000
6386.00015640259;0.0000000;0.0000805;2.827463E-05;0.0000000
6387.00008392334;0.0000000;0.0000210;-4.186901E-05;0.0000000
6388.00048828125;0.0000000;-0.0000387;-5.358863E-05;0.0000000
6389.000415802;0.0000000;-0.0000387;-2.088587E-05;0.0000000
6390.00034332275;0.0000000;0.0000805;5.22966E-05;0.0000000
6391.00027084351;0.0000000;0.0000805;2.03823E-05;0.0000000
6392.00019836426;0.0000000;0.0000805;7.943888E-06;0.0000000
6393.00012588501;0.0000000;0.0000210;-4.391626E-05;0.0000000
6394.00053024292;0.0000000;-0.0000387;-5.438653E-05;0.0000000
6395.00045776367;0.0000000;-0.0000983;-5.059574E-05;0.0000000
6396.00038528442;0.0000000;-0.0000983;-1.97194E-05;0.0000000
6397.00031280518;0.0000000;-0.0000388;1.840299E-05;0.0000000
6398.00024032593;0.0000000;0.0000209;3.334867E-05;0.0000000
6399.00016784668;0.0000000;0.0000805;3.622622E-05;0.0000000
6400.00009536743;0.0000000;0.0000210;-2.766979E-05;0.0000000
6401.00049972534;0.0000000;-0.0000387;-6.385081E-05;0.0000000
6402.00042724609;0.0000000;-0.0000387;-2.488549E-05;0.0000000
6403.00035476685;0.0000000;-0.0000387;-9.69898E-06;0.0000000
6404.0002822876;0.0000000;0.0000209;3.342786E-05;0.0000000
6405.00020980835;0.0000000;0.0000805;6.229784E-05;0.0000000
6406.0001373291;0.0000000;0.0000210;-5.069345E-06;0.0000000
6407.00054168701;0.0000000;0.0000210;-1.975749E-06;0.0000000
6408.00046920776;0.0000000;0.0000210;-7.700368E-07;0.0000000
6409.00039672852;0.0000000;0.0000210;-3.19884E-06;0.0000000
6410.00032424927;0.0000000;0.0000210;-1.24673E-06;0.0000000
6411.00025177002;0.0000000;0.0000210;-1.154295E-05;0.0000000
6412.00017929077;0.0000000;0.0000805;3.787036E-05;0.0000000
6413.00010681152;0.0000000;0.0000210;-2.23858E-05;0.0000000
6414.00051116943;0.0000000;0.0000805;2.429353E-05;0.0000000
6415.00043869019;0.0000000;0.0000805;9.468268E-06;0.0000000
6416.00036621094;0.0000000;0.0000210;-3.809855E-05;0.0000000
6417.00029373169;0.0000000;0.0000210;-1.484869E-05;0.0000000
6418.00022125244;0.0000000;-0.0000387;-2.905493E-05;0.0000000
6419.00014877319;0.0000000;-0.0000387;-1.1324E-05;0.0000000
6420.00007629395;0.0000000;-0.0000387;-4.413464E-06;0.0000000
6421.00048065186;0.0000000;0.0000805;5.871662E-05;0.0000000
6422.00040817261;0.0000000;0.0000210;-1.890428E-05;0.0000000
6423.00033569336;0.0000000;-0.0001579;-0.0001365911;0.0000000
6424.00026321411;0.0000000;-0.0000984;-3.004582E-05;0.0000000
6425.00019073486;0.0000000;-0.0000388;3.538117E-05;0.0000000
6426.00011825562;0.0000000;0.0000209;6.685627E-05;0.0000000
6427.00052261353;0.0000000;0.0000209;2.605685E-05;0.0000000
6428.00045013428;0.0000000;0.0000209;1.015551E-05;0.0000000
6429.00037765503;0.0000000;-0.0000387;-1.927071E-05;0.0000000
6430.00030517578;0.0000000;-0.0000387;-7.510649E-06;0.0000000
6431.00023269653;0.0000000;-0.0000387;-2.927233E-06;0.0000000
6432.00016021729;0.0000000;0.0000209;2.208789E-05;0.0000000
6433.00008773804;0.0000000;0.0000805;5.046761E-05;0.0000000
6434.00049209595;0.0000000;0.0000210;-1.555665E-05;0.0000000
6435.0004196167;0.0000000;0.0000210;-6.063118E-06;0.0000000
6436.00034713745;0.0000000;-0.0000387;-2.56308E-05;0.0000000
6437.0002746582;0.0000000;-0.0000387;-9.989461E-06;0.0000000
6438.00020217896;0.0000000;-0.0000387;-3.893336E-06;0.0000000
6439.00012969971;0.0000000;0.0000209;2.461495E-05;0.0000000
6440.00053405762;0.0000000;0.0000209;9.593537E-06;0.0000000
6441.00046157837;0.0000000;-0.0000387;-3.346896E-05;0.0000000
6442.00038909912;0.0000000;-0.0000983;-4.61181E-05;0.0000000
6443.00031661987;0.0000000;-0.0000983;-1.797427E-05;0.0000000
6444.00024414063;0.0000000;0.0000209;6.101236E-05;0.0000000
6445.00017166138;0.0000000;0.0000805;4.700799E-05;0.0000000
6446.00009918213;0.0000000;0.0000805;1.83211E-05;0.0000000
6447.00050354004;0.0000000;0.0000210;-3.98718E-05;0.0000000
6448.00043106079;0.0000000;-0.0000983;-8.880738E-05;0.0000000
6449.00035858154;0.0000000;-0.0000984;-1.112218E-05;0.0000000
6450.00028610229;0.0000000;-0.0000984;-4.334808E-06;0.0000000
6451.00021362305;0.0000000;-0.0000388;5.128831E-05;0.0000000
6452.0001411438;0.0000000;0.0000209;5.725975E-05;0.0000000
6453.00006866455;0.0000000;0.0000805;7.529444E-05;0.0000000
6454.00047302246;0.0000000;0.0000805;2.934558E-05;0.0000000
6455.00040054321;0.0000000;0.0000210;-1.465124E-05;0.0000000
6456.00032806396;0.0000000;-0.0000387;-3.188644E-05;0.0000000
6457.00025558472;0.0000000;-0.0001579;-7.751531E-05;0.0000000
6458.00018310547;0.0000000;-0.0002175;-7.207014E-05;0.0000000
6459.00011062622;0.0000000;-0.0001580;1.892342E-05;0.0000000
6460.00051498413;0.0000000;-0.0000984;4.044906E-05;0.0000000
6461.00044250488;0.0000000;-0.0000984;1.576479E-05;0.0000000
6462.00037002563;0.0000000;-0.0000984;6.144237E-06;0.0000000
6463.00029754639;0.0000000;-0.0000984;2.394682E-06;0.0000000
6464.00022506714;0.0000000;-0.0000984;9.333137E-07;0.0000000
6465.00015258789;0.0000000;-0.0000984;3.637538E-07;0.0000000
6466.00008010864;0.0000000;-0.0000984;1.41771E-07;0.0000000
6467.00048446655;0.0000000;-0.0000984;5.525443E-08;0.0000000
6468.0004119873;0.0000000;-0.0000984;2.153511E-08;0.0000000
6469.00033950806;0.0000000;-0.0000388;2.323715E-05;0.0000000
6470.00026702881;0.0000000;-0.0000388;9.05655E-06;0.0000000
6471.00019454956;0.0000000;-0.0000984;-9.855692E-06;0.0000000
6472.00012207031;0.0000000;-0.0000984;-3.8412E-06;0.0000000
6473.00052642822;0.0000000;-0.0000984;-1.497086E-06;0.0000000
6474.00045394897;0.0000000;-0.0000388;2.881542E-05;0.0000000
6475.00038146973;0.0000000;0.0000209;4.067888E-05;0.0000000
6476.00030899048;0.0000000;0.0000209;1.585436E-05;0.0000000
6477.00023651123;0.0000000;0.0000209;6.179149E-06;0.0000000
6478.00016403198;0.0000000;0.0000209;2.408288E-06;0.0000000
6479.00009155273;0.0000000;0.0000209;9.386167E-07;0.0000000
6480.00049591064;0.0000000;0.0000805;4.22248E-05;0.0000000
6481.0004234314;0.0000000;0.0000210;-2.533188E-05;0.0000000
6482.00035095215;0.0000000;0.0000210;-9.872954E-06;0.0000000
6483.0002784729;0.0000000;0.0000210;-3.847928E-06;0.0000000
6484.00020599365;0.0000000;0.0000210;-1.499708E-06;0.0000000
6485.0001335144;0.0000000;-0.0000387;-4.251373E-05;0.0000000
6486.00053787231;0.0000000;-0.0000387;-1.656948E-05;0.0000000
6487.00046539307;0.0000000;-0.0000387;-6.457863E-06;0.0000000
6488.00039291382;0.0000000;-0.0000387;-2.516915E-06;0.0000000
6489.00032043457;0.0000000;-0.0000388;2.867918E-05;0.0000000
6490.00024795532;0.0000000;-0.0000388;1.117755E-05;0.0000000
6491.00017547607;0.0000000;0.0000805;6.069789E-05;0.0000000
6492.00010299683;0.0000000;0.0001401;4.688542E-05;0.0000000
6493.00050735474;0.0000000;0.0001401;1.827333E-05;0.0000000
6494.00043487549;0.0000000;0.0000210;-4.914163E-05;0.0000000
6495.00036239624;0.0000000;-0.0000983;-8.951177E-05;0.0000000
6496.00028991699;0.0000000;-0.0000984;-1.920579E-05;0.0000000
6497.00021743774;0.0000000;-0.0000388;3.437364E-05;0.0000000
6498.0001449585;0.0000000;0.0000805;6.973844E-05;0.0000000
6499.00007247925;0.0000000;0.0000805;2.718016E-05;0.0000000
6500.00047683716;0.0000000;0.0000805;1.059331E-05;0.0000000
6501.00040435791;0.0000000;-0.0000387;-7.212778E-05;0.0000000
6502.00033187866;0.0000000;-0.0000387;-2.811139E-05;0.0000000
6503.00025939941;0.0000000;-0.0000387;-1.095626E-05;0.0000000
6504.00018692017;0.0000000;0.0000209;3.293785E-05;0.0000000
6505.00011444092;0.0000000;0.0000209;1.283734E-05;0.0000000
6506.00051879883;0.0000000;0.0000209;5.00328E-06;0.0000000
6507.00044631958;0.0000000;0.0000209;1.95E-06;0.0000000
6508.00037384033;0.0000000;0.0000209;7.600015E-07;0.0000000
6509.00030136108;0.0000000;0.0000209;2.962063E-07;0.0000000
6510.00022888184;0.0000000;0.0000805;2.334421E-05;0.0000000
6511.00015640259;0.0000000;0.0000805;9.098273E-06;0.0000000
6512.00008392334;0.0000000;0.0000210;-2.580358E-05;0.0000000
6513.00048828125;0.0000000;0.0000210;-1.00568E-05;0.0000000
6514.000415802;0.0000000;-0.0000387;-4.58488E-05;0.0000000
6515.00034332275;0.0000000;0.0000209;1.520446E-05;0.0000000
6516.00027084351;0.0000000;0.0000209;5.925851E-06;0.0000000
6517.00019836426;0.0000000;0.0000805;3.538333E-05;0.0000000
6518.00012588501;0.0000000;0.0000805;1.379046E-05;0.0000000
6519.00053024292;0.0000000;0.0000805;5.374752E-06;0.0000000
6520.00045776367;0.0000000;-0.0000387;-7.442517E-05;0.0000000
6521.00038528442;0.0000000;-0.0000387;-2.900679E-05;0.0000000
6522.00031280518;0.0000000;0.0000209;4.167255E-05;0.0000000
6523.00024032593;0.0000000;0.0000805;6.921942E-05;0.0000000
6524.00016784668;0.0000000;0.0000805;2.697788E-05;0.0000000
6525.00009536743;0.0000000;0.0000805;1.051447E-05;0.0000000
6526.00049972534;0.0000000;0.0000210;-2.892032E-05;0.0000000
6527.00042724609;0.0000000;-0.0000387;-4.854194E-05;0.0000000
6528.00035476685;0.0000000;-0.0000983;-7.189673E-05;0.0000000
6529.0002822876;0.0000000;-0.0001579;-5.742024E-05;0.0000000
6530.00020980835;0.0000000;-0.0000984;3.709297E-06;0.0000000
6531.0001373291;0.0000000;-0.0000984;4.706739E-06;0.0000000
6532.00054168701;0.0000000;-0.0000984;1.834425E-06;0.0000000
6533.00046920776;0.0000000;-0.0000388;3.011386E-05;0.0000000
6534.00039672852;0.0000000;0.0000209;4.900713E-05;0.0000000
6535.00032424927;0.0000000;-0.0000387;-3.387753E-05;0.0000000
6536.00025177002;0.0000000;-0.0001579;-0.0001132727;0.0000000
6537.00017929077;0.0000000;-0.0001579;-4.41474E-05;0.0000000
6538.00010681152;0.0000000;-0.0000984;1.214338E-05;0.0000000
6539.00051116943;0.0000000;0.0000209;7.513195E-05;0.0000000
6540.00043869019;0.0000000;0.0000805;5.541461E-05;0.0000000
6541.00036621094;0.0000000;0.0000210;-2.541482E-05;0.0000000
6542.00029373169;0.0000000;-0.0000387;-5.707565E-05;0.0000000
6543.00022125244;0.0000000;-0.0000387;-2.224491E-05;0.0000000
6544.00014877319;0.0000000;-0.0000387;-8.669827E-06;0.0000000
6545.00007629395;0.0000000;-0.0000983;-3.645278E-05;0.0000000
6546.00048065186;0.0000000;-0.0000388;2.758149E-05;0.0000000
6547.00040817261;0.0000000;0.0000805;7.878491E-05;0.0000000
6548.00033569336;0.0000000;0.0001401;7.256496E-05;0.0000000
6549.00026321411;0.0000000;0.0001401;2.828178E-05;0.0000000
6550.00019073486;0.0000000;0.0001401;1.102266E-05;0.0000000
6551.00011825562;0.0000000;0.0000210;-5.445246E-05;0.0000000
6552.00052261353;0.0000000;-0.0000387;-6.839291E-05;0.0000000
6553.00045013428;0.0000000;0.0000209;2.632203E-05;0.0000000
6554.00037765503;0.0000000;0.0000805;5.211784E-05;0.0000000
6555.00030517578;0.0000000;0.0000805;2.031263E-05;0.0000000
6556.00023269653;0.0000000;0.0000805;7.916735E-06;0.0000000
6557.00016021729;0.0000000;0.0000210;-3.406006E-05;0.0000000
6558.00008773804;0.0000000;0.0000210;-1.694341E-05;0.0000000
6559.00049209595;0.0000000;0.0000805;2.641467E-05;0.0000000
6560.0004196167;0.0000000;0.0000805;1.029497E-05;0.0000000
6561.00034713745;0.0000000;0.0000210;-2.900587E-05;0.0000000
6562.0002746582;0.0000000;0.0000210;-1.130487E-05;0.0000000
6563.00020217896;0.0000000;0.0000210;-4.406011E-06;0.0000000
6564.00012969971;0.0000000;0.0000210;-1.717218E-06;0.0000000
6565.00053405762;0.0000000;-0.0000387;-2.393701E-05;0.0000000
6566.00046157837;0.0000000;-0.0000387;-9.329317E-06;0.0000000
6567.00038909912;0.0000000;-0.0000387;-3.636048E-06;0.0000000
6568.00031661987;0.0000000;-0.0000387;-1.417129E-06;0.0000000
6569.00024414063;0.0000000;-0.0000387;-5.523181E-07;0.0000000
6570.00017166138;0.0000000;-0.0000387;-2.152628E-07;0.0000000
6571.00009918213;0.0000000;-0.0000387;-8.389748E-08;0.0000000
6572.00050354004;0.0000000;0.0000805;7.490005E-05;0.0000000
6573.00043106079;0.0000000;0.0000805;2.919188E-05;0.0000000
6574.00035858154;0.0000000;0.0000805;1.137737E-05;0.0000000
6575.00028610229;0.0000000;0.0000210;-4.845463E-05;0.0000000
6576.00021362305;0.0000000;0.0000210;-2.581468E-05;0.0000000
6577.0001411438;0.0000000;0.0000210;-1.006113E-05;0.0000000
6578.00054550171;0.0000000;0.0000210;-3.921267E-06;0.0000000
6579.00047302246;0.0000000;0.0000210;-4.789355E-06;0.0000000
6580.00040054321;0.0000000;0.0000805;2.132317E-05;0.0000000
6581.00032806396;0.0000000;0.0000805;8.310583E-06;0.0000000
6582.00025558472;0.0000000;0.0000805;3.239003E-06;0.0000000
6583.00018310547;0.0000000;0.0000805;1.262383E-06;0.0000000
6584.00011062622;0.0000000;0.0000210;-2.269778E-05;0.0000000
6585.00051498413;0.0000000;0.0000210;-8.846331E-06;0.0000000
6586.00044250488;0.0000000;0.0000210;-3.447808E-06;0.0000000
6587.00037002563;0.0000000;0.0000210;-1.343764E-06;0.0000000
6588.00029754639;0.0000000;0.0000210;-5.237243E-07;0.0000000
6589.00022506714;0.0000000;0.0000805;3.281415E-05;0.0000000
6590.00015258789;0.0000000;0.0000805;1.278913E-05;0.0000000
6591.00008010864;0.0000000;0.0000805;1.375497E-05;0.0000000
6592.00048446655;0.0000000;0.0000210;-2.398866E-05;0.0000000
6593.0004119873;0.0000000;0.0000210;-9.349442E-06;0.0000000
6594.00033950806;0.0000000;0.0000210;-3.643892E-06;0.0000000
6595.00026702881;0.0000000;-0.0000387;-4.334941E-05;0.0000000
6596.00019454956;0.0000000;-0.0000387;-1.689518E-05;0.0000000
6597.00012207031;0.0000000;-0.0001579;-8.307506E-05;0.0000000
6598.00052642822;0.0000000;-0.0000984;4.767526E-06;0.0000000
6599.00045394897;0.0000000;-0.0000984;1.858116E-06;0.0000000
6600.00038146973;0.0000000;0.0000209;9.564984E-05;0.0000000
6601.00030899048;0.0000000;0.0000805;7.132108E-05;0.0000000
6602.00023651123;0.0000000;0.0000805;2.779699E-05;0.0000000
6603.00016403198;0.0000000;0.0000210;-2.218456E-05;0.0000000
6604.00009155273;0.0000000;-0.0000387;-4.177557E-05;0.0000000
6605.00049591064;0.0000000;-0.0000387;-1.628179E-05;0.0000000
6606.0004234314;0.0000000;-0.0000387;-6.345736E-06;0.0000000
6607.00035095215;0.0000000;-0.0000984;-2.284223E-05;0.0000000
6608.0002784729;0.0000000;-0.0000388;2.830536E-05;0.0000000
6609.00020599365;0.0000000;0.0000805;9.016125E-05;0.0000000
6610.0001335144;0.0000000;0.0000805;3.513984E-05;0.0000000
6611.00053787231;0.0000000;0.0000210;-2.345001E-05;0.0000000
6612.00046539307;0.0000000;-0.0000387;-5.630988E-05;0.0000000
6613.00039291382;0.0000000;-0.0000983;-6.380544E-05;0.0000000
6614.00032043457;0.0000000;-0.0000983;-2.486781E-05;0.0000000
6615.00024795532;0.0000000;-0.0000983;-9.692088E-06;0.0000000
6616.00017547607;0.0000000;-0.0000388;4.323492E-05;0.0000000
6617.00010299683;0.0000000;-0.0000388;1.685056E-05;0.0000000
6618.00050735474;0.0000000;0.0000209;4.849663E-05;0.0000000
6619.00043487549;0.0000000;0.0000209;1.890129E-05;0.0000000
6620.00036239624;0.0000000;-0.0000387;-3.449232E-05;0.0000000
6621.00028991699;0.0000000;-0.0000387;-1.344319E-05;0.0000000
6622.00021743774;0.0000000;-0.0000387;-5.239405E-06;0.0000000
6623.0001449585;0.0000000;0.0000209;5.093575E-05;0.0000000
6624.00054931641;0.0000000;0.0000805;5.705991E-05;0.0000000
6625.00047683716;0.0000000;0.0000805;2.223878E-05;0.0000000
6626.00040435791;0.0000000;0.0000210;-2.068214E-05;0.0000000
6627.00033187866;0.0000000;-0.0000387;-6.112742E-05;0.0000000
6628.00025939941;0.0000000;-0.0000387;-2.382407E-05;0.0000000
6629.00018692017;0.0000000;0.0000209;2.378847E-05;0.0000000
6630.00011444092;0.0000000;0.0001401;7.726276E-05;0.0000000
6631.00051879883;0.0000000;0.0001401;3.011272E-05;0.0000000
6632.00044631958;0.0000000;0.0000210;-8.303027E-05;0.0000000
6633.00037384033;0.0000000;0.0000210;-3.236057E-05;0.0000000
6634.00030136108;0.0000000;-0.0000387;-4.206058E-05;0.0000000
6635.00022888184;0.0000000;-0.0000387;-1.639287E-05;0.0000000
6636.00015640259;0.0000000;-0.0000387;-6.389029E-06;0.0000000
6637.00008392334;0.0000000;-0.0000387;-2.490088E-06;0.0000000
6638.00048828125;0.0000000;0.0000805;5.823563E-05;0.0000000
6639.000415802;0.0000000;0.0000805;2.269701E-05;0.0000000
6640.00034332275;0.0000000;0.0001401;3.497839E-05;0.0000000
6641.00027084351;0.0000000;0.0001401;1.363263E-05;0.0000000
6642.00019836426;0.0000000;0.0000806;-3.183232E-05;0.0000000
6643.00012588501;0.0000000;-0.0000387;-7.290565E-05;0.0000000
6644.00053024292;0.0000000;-0.0000984;-4.351702E-05;0.0000000
6645.00045776367;0.0000000;-0.0000388;1.243839E-05;0.0000000
6646.00038528442;0.0000000;0.0000209;3.797705E-05;0.0000000
6647.00031280518;0.0000000;0.0001401;7.988908E-05;0.0000000
6648.00024032593;0.0000000;0.0001401;3.113631E-05;0.0000000
6649.00016784668;0.0000000;-0.0000387;-0.0001033548;0.0000000
6650.00009536743;0.0000000;-0.0000387;-4.028195E-05;0.0000000
6651.00049972534;0.0000000;-0.0000387;-1.569966E-05;0.0000000
6652.00042724609;0.0000000;0.0000209;3.108913E-05;0.0000000
6653.00035476685;0.0000000;-0.0000387;-2.974217E-05;0.0000000
6654.0002822876;0.0000000;-0.0000387;-1.159184E-05;0.0000000
6655.00020980835;0.0000000;-0.0000387;-1.330307E-05;0.0000000
6656.0001373291;0.0000000;-0.0000387;-5.184798E-06;0.0000000
6657.00054168701;0.0000000;-0.0000387;-2.020746E-06;0.0000000
6658.00046920776;0.0000000;-0.0000387;-7.875742E-07;0.0000000
6659.00039672852;0.0000000;0.0000805;6.768438E-05;0.0000000
6660.00032424927;0.0000000;0.0000210;3.189816E-06;0.0000000
6661.00025177002;0.0000000;0.0000210;1.243213E-06;0.0000000
6662.00017929077;0.0000000;0.0000210;4.845351E-07;0.0000000
6663.00010681152;0.0000000;0.0000210;1.888448E-07;0.0000000
6664.00051116943;0.0000000;0.0000210;7.360121E-08;0.0000000
6665.00043869019;0.0000000;0.0000805;4.181744E-05;0.0000000
6666.00036621094;0.0000000;0.0000210;-9.790401E-06;0.0000000
6667.00029373169;0.0000000;-0.0000387;-5.098612E-05;0.0000000
6668.00022125244;0.0000000;-0.0000387;-1.987155E-05;0.0000000
6669.00014877319;0.0000000;-0.0000983;-4.495281E-05;0.0000000
6670.0005531311;0.0000000;-0.0000983;-1.75201E-05;0.0000000
6671.00048065186;0.0000000;-0.0000983;-6.828362E-06;0.0000000
6672.00040817261;0.0000000;-0.0000983;-2.661315E-06;0.0000000
6673.00033569336;0.0000000;-0.0000388;4.075152E-05;0.0000000
6674.00026321411;0.0000000;0.0000209;6.894935E-05;0.0000000
6675.00019073486;0.0000000;0.0000805;5.994638E-05;0.0000000
6676.00011825562;0.0000000;0.0000805;2.336376E-05;0.0000000
6677.00052261353;0.0000000;0.0000210;-3.097669E-05;0.0000000
6678.00045013428;0.0000000;-0.0000387;-4.934341E-05;0.0000000
6679.00037765503;0.0000000;-0.0000387;-1.923131E-05;0.0000000
6680.00030517578;0.0000000;-0.0000387;-7.495295E-06;0.0000000
6681.00023269653;0.0000000;0.0000805;8.726451E-05;0.0000000
6682.00016021729;0.0000000;0.0000805;3.727192E-05;0.0000000
6683.00008773804;0.0000000;0.0001401;5.173451E-05;0.0000000
6684.00049209595;0.0000000;0.0000806;-2.162552E-05;0.0000000
6685.0004196167;0.0000000;0.0000806;-8.428422E-06;0.0000000
6686.00034713745;0.0000000;0.0000210;-2.651369E-05;0.0000000
6687.0002746582;0.0000000;0.0000210;-1.033356E-05;0.0000000
6688.00020217896;0.0000000;0.0000210;-4.027448E-06;0.0000000
6689.00012969971;0.0000000;0.0000210;-1.266981E-05;0.0000000
6690.00053405762;0.0000000;0.0000210;-2.84773E-05;0.0000000
6691.00046157837;0.0000000;0.0000210;-2.092735E-05;0.0000000
6692.00038909912;0.0000000;0.0000210;-8.156318E-06;0.0000000
6693.00031661987;0.0000000;0.0000210;-3.178879E-06;0.0000000
6694.00024414063;0.0000000;0.0000210;-1.23895E-06;0.0000000
6695.00017166138;0.0000000;-0.0000387;-3.775329E-05;0.0000000
6696.00009918213;0.0000000;0.0000209;8.51463E-06;0.0000000
6697.00050354004;0.0000000;0.0000209;3.318529E-06;0.0000000
6698.00043106079;0.0000000;0.0000209;1.293378E-06;0.0000000
6699.00035858154;0.0000000;0.0000210;-4.076684E-06;0.0000000
6700.00028610229;0.0000000;0.0000210;-1.554463E-05;0.0000000
6701.00021362305;0.0000000;0.0000210;-6.058432E-06;0.0000000
6702.0001411438;0.0000000;0.0000805;3.478432E-05;0.0000000
6703.00054550171;0.0000000;0.0000210;-9.6328E-06;0.0000000
6704.00047302246;0.0000000;0.0000210;-3.75433E-06;0.0000000
6705.00040054321;0.0000000;0.0000210;-1.463229E-06;0.0000000
6706.00032806396;0.0000000;-0.0000387;-3.369954E-05;0.0000000
6707.00025558472;0.0000000;-0.0000387;-1.313421E-05;0.0000000
6708.00018310547;0.0000000;0.0000209;1.810978E-05;0.0000000
6709.00011062622;0.0000000;0.0000209;7.058183E-06;0.0000000
6710.00051498413;0.0000000;-0.0000387;-3.91081E-05;0.0000000
6711.00044250488;0.0000000;-0.0000387;-1.524216E-05;0.0000000
6712.00037002563;0.0000000;-0.0000387;-5.940545E-06;0.0000000
6713.00029754639;0.0000000;-0.0000387;-2.315294E-06;0.0000000
6714.00022506714;0.0000000;-0.0000387;-9.023727E-07;0.0000000
6715.00015258789;0.0000000;-0.0000387;-3.516947E-07;0.0000000
6716.0005569458;0.0000000;-0.0000387;-1.37071E-07;0.0000000
6717.00048446655;0.0000000;-0.0000387;-5.342265E-08;0.0000000
6718.0004119873;0.0000000;-0.0000387;-2.082118E-08;0.0000000
6719.00033950806;0.0000000;-0.0000387;-8.114935E-09;0.0000000
6720.00026702881;0.0000000;-0.0000983;-3.721115E-05;0.0000000
6721.00019454956;0.0000000;-0.0000983;-1.450284E-05;0.0000000
6722.00012207031;0.0000000;-0.0000983;-5.652399E-06;0.0000000
6723.00052642822;0.0000000;-0.0000388;5.06859E-05;0.0000000
6724.00045394897;0.0000000;0.0000209;5.28838E-05;0.0000000
6725.00038146973;0.0000000;0.0000209;2.061116E-05;0.0000000
6726.00030899048;0.0000000;0.0000210;2.879724E-06;0.0000000
6727.00023651123;0.0000000;0.0000210;1.122356E-06;0.0000000
6728.00016403198;0.0000000;-0.0000387;-4.673294E-05;0.0000000
6729.00009155273;0.0000000;-0.0000387;-1.82139E-05;0.0000000
6730.00049591064;0.0000000;-0.0000387;-7.098764E-06;0.0000000
6731.0004234314;0.0000000;0.0000209;5.021107E-05;0.0000000
6732.00035095215;0.0000000;0.0000805;7.254726E-05;0.0000000
6733.0002784729;0.0000000;0.0000805;2.827489E-05;0.0000000
6734.00020599365;0.0000000;0.0000210;-3.599237E-05;0.0000000
6735.0001335144;0.0000000;0.0000210;-1.402782E-05;0.0000000
6736.00053787231;0.0000000;-0.0000387;-3.49155E-05;0.0000000
6737.00046539307;0.0000000;0.0000209;1.252424E-05;0.0000000
6738.00039291382;0.0000000;0.0000210;-2.477887E-05;0.0000000
6739.00032043457;0.0000000;0.0000210;-9.657424E-06;0.0000000
6740.00024795532;0.0000000;0.0000210;-3.763927E-06;0.0000000
6741.00017547607;0.0000000;-0.0000387;-2.764317E-05;0.0000000
6742.00010299683;0.0000000;-0.0000387;-1.077377E-05;0.0000000
6743.00050735474;0.0000000;0.0000209;3.765997E-05;0.0000000
6744.00043487549;0.0000000;0.0000805;4.407667E-05;0.0000000
6745.00036239624;0.0000000;0.0000805;1.717863E-05;0.0000000
6746.00028991699;0.0000000;0.0000210;-3.509348E-05;0.0000000
6747.00021743774;0.0000000;0.0000210;-1.367748E-05;0.0000000
6748.0001449585;0.0000000;0.0000210;-5.330722E-06;0.0000000
6749.00054931641;0.0000000;0.0000210;-8.237408E-06;0.0000000
6750.00047683716;0.0000000;-0.0000387;-4.04809E-05;0.0000000
6751.00040435791;0.0000000;-0.0000387;-1.57772E-05;0.0000000
6752.00033187866;0.0000000;0.0000209;3.570991E-05;0.0000000
6753.00025939941;0.0000000;0.0000210;-3.695708E-06;0.0000000
6754.00018692017;0.0000000;0.0000210;-1.440381E-06;0.0000000
6755.00011444092;0.0000000;-0.0000387;-2.382912E-05;0.0000000
6756.00051879883;0.0000000;-0.0000387;-9.287263E-06;0.0000000
6757.00044631958;0.0000000;0.0000209;3.358833E-05;0.0000000
6758.00037384033;0.0000000;0.0000209;1.309086E-05;0.0000000
6759.00030136108;0.0000000;0.0000209;1.033446E-05;0.0000000
6760.00022888184;0.0000000;-0.0000387;-2.210456E-05;0.0000000
6761.00015640259;0.0000000;-0.0000983;-3.184389E-05;0.0000000
6762.00008392334;0.0000000;-0.0000983;-1.241098E-05;0.0000000
6763.00048828125;0.0000000;-0.0000388;4.805178E-05;0.0000000
6764.000415802;0.0000000;0.0000805;9.199547E-05;0.0000000
6765.00034332275;0.0000000;0.0000805;3.585471E-05;0.0000000
6766.00027084351;0.0000000;0.0000805;1.397417E-05;0.0000000
6767.00019836426;0.0000000;0.0000210;-2.757192E-05;0.0000000
6768.00012588501;0.0000000;-0.0000387;-4.801642E-05;0.0000000
6769.00053024292;0.0000000;-0.0000387;-1.871413E-05;0.0000000
6770.00045776367;0.0000000;-0.0000387;-7.293726E-06;0.0000000
6771.00038528442;0.0000000;-0.0000387;-2.842688E-06;0.0000000
6772.00031280518;0.0000000;-0.0000387;-1.107922E-06;0.0000000
6773.00024032593;0.0000000;-0.0000387;-4.318062E-07;0.0000000
6774.00016784668;0.0000000;-0.0000387;-1.68294E-07;0.0000000
6775.00009536743;0.0000000;-0.0000387;-6.559165E-08;0.0000000
6776.00049972534;0.0000000;-0.0000387;-2.556397E-08;0.0000000
6777.00042724609;0.0000000;-0.0000983;-2.940887E-05;0.0000000
6778.00035476685;0.0000000;-0.0000983;-1.146194E-05;0.0000000
6779.0002822876;0.0000000;-0.0000388;3.732153E-05;0.0000000
6780.00020980835;0.0000000;0.0000209;3.78136E-05;0.0000000
6781.0001373291;0.0000000;0.0000805;3.79664E-05;0.0000000
6782.00054168701;0.0000000;0.0000210;-1.822108E-05;0.0000000
6783.00046920776;0.0000000;-0.0000387;-5.427194E-05;0.0000000
6784.00039672852;0.0000000;-0.0000387;-2.115218E-05;0.0000000
6785.00032424927;0.0000000;-0.0000387;-8.243943E-06;0.0000000
6786.00025177002;0.0000000;0.0000209;3.399496E-05;0.0000000
6787.00017929077;0.0000000;0.0000805;3.93817E-05;0.0000000
6788.00010681152;0.0000000;0.0000805;1.534879E-05;0.0000000
6789.00051116943;0.0000000;0.0000210;-3.116345E-05;0.0000000
6790.00043869019;0.0000000;-0.0000387;-4.527504E-05;0.0000000
6791.00036621094;0.0000000;-0.0000387;-1.764569E-05;0.0000000
6792.00029373169;0.0000000;0.0000209;1.925505E-05;0.0000000
6793.00022125244;0.0000000;0.0000805;3.36369E-05;0.0000000
6794.00014877319;0.0000000;0.0000805;1.310979E-05;0.0000000
6795.0005531311;0.0000000;0.0000210;-2.424011E-05;0.0000000
6796.00048065186;0.0000000;-0.0000387;-3.562365E-05;0.0000000
6797.00040817261;0.0000000;-0.0000387;-1.388412E-05;0.0000000
6798.00033569336;0.0000000;-0.0000387;-5.411256E-06;0.0000000
6799.00026321411;0.0000000;-0.0000387;-2.109007E-06;0.0000000
6800.00019073486;0.0000000;0.0000209;2.531039E-05;0.0000000
6801.00011825562;0.0000000;0.0000805;4.707256E-05;0.0000000
6802.00052261353;0.0000000;0.0000805;1.834627E-05;0.0000000
6803.00045013428;0.0000000;0.0000210;-3.986199E-05;0.0000000
6804.00037765503;0.0000000;0.0000210;-1.553598E-05;0.0000000
6805.00030517578;0.0000000;0.0000805;3.573369E-05;0.0000000
6806.00023269653;0.0000000;0.0000805;1.3927E-05;0.0000000
6807.00016021729;0.0000000;0.0000210;-4.158438E-05;0.0000000
6808.00008773804;0.0000000;-0.0000387;-6.510633E-05;0.0000000
6809.00049209595;0.0000000;-0.0000387;-2.537483E-05;0.0000000
6810.0004196167;0.0000000;-0.0000387;-9.889694E-06;0.0000000
6811.00034713745;0.0000000;0.0000209;4.912333E-05;0.0000000
6812.0002746582;0.0000000;0.0000209;1.914554E-05;0.0000000
6813.00020217896;0.0000000;0.0000209;7.461867E-06;0.0000000
6814.00012969971;0.0000000;-0.0000387;-2.322414E-05;0.0010000
6815.00053405762;0.0000218;-0.0000983;-4.625946E-05;0.0010000
6816.00046157837;-0.0001289;-0.0000983;-1.802936E-05;0.0010000
6817.00038909912;0.0007002;0.0001401;0.0001715279;0.0010000
6818.00031661987;0.0010319;0.0007957;0.0004452708;0.0010000
6819.00024414063;0.0010000;0.0009745;0.0002530731;0.0010000
6820.00017166138;0.0010000;0.0009150;5.162144E-05;0.0010000
6821.00009918213;0.0010000;0.0006766;-0.0001273453;0.0010000
6822.00050354004;0.0010000;0.0005574;-0.0001088382;0.0010000
6823.00043106079;0.0010000;0.0004382;-9.504674E-05;0.0020000
6824.00035858154;0.0010218;0.0004977;-7.694352E-06;0.0020000
6825.00028610229;0.0008711;0.0006169;4.636229E-05;0.0020000
6826.00021362305;0.0017002;0.0009745;0.0002657782;0.0020000
6827.0001411438;0.0020319;0.0016302;0.0004924095;0.0020000
6828.00054550171;0.0020000;0.0018686;0.0003148617;0.0020000
6829.00047302246;0.0020000;0.0016899;-2.038556E-05;0.0030000
6830.00040054321;0.0020218;0.0014515;-0.0001746212;0.0030000
6831.00032806396;0.0018711;0.0013919;-0.0001011314;0.0030000
6832.00025558472;0.0027002;0.0015706;0.0001024425;0.0030000
6833.00018310547;0.0030319;0.0022262;0.0004132928;0.0040000
6834.00011062622;0.0030218;0.0025839;0.0003474456;0.0040000
6835.00051498413;0.0028711;0.0025839;0.000135415;0.0040000
6836.00044250488;0.0037002;0.0027627;0.0001888189;0.0040000
6837.00037002563;0.0040319;0.0031799;0.0003069322;0.0050000
6838.00029754639;0.0040218;0.0033587;0.000192215;0.0050000
6839.00022506714;0.0038711;0.0032992;-4.819594E-06;0.0050000
6840.00015258789;0.0047002;0.0035375;0.0001868121;0.0060000
6841.0005569458;0.0050537;0.0041336;0.0004434181;0.0060000
6842.00048446655;0.0048711;0.0043720;0.000302346;0.0070000
6843.0004119873;0.0057220;0.0046700;0.0003231061;0.0070000
6844.00033950806;0.0059030;0.0051469;0.0004146588;0.0070000
6845.00026702881;0.0067002;0.0056833;0.000516788;0.0080000
6846.00019454956;0.0070537;0.0063389;0.0005892586;0.0080000
6847.00012207031;0.0068711;0.0065774;0.0003427636;0.0090000
6848.00052642822;0.0077220;0.0066966;0.000239484;0.0090000
6849.00045394897;0.0079030;0.0071138;0.0003303535;0.0100000
6850.00038146973;0.0087220;0.0076502;0.0004628561;0.0100000
6851.00030899048;0.0089030;0.0082463;0.0005247241;0.0110000
6852.00023651123;0.0097220;0.0088423;0.0005786261;0.0110000
6853.00016403198;0.0099030;0.0093788;0.0005426623;0.0110000
6854.00009155273;0.0107002;0.0097960;0.0004986853;0.0120000
6855.00049591064;0.0110537;0.0103325;0.000501649;0.0130000
6856.0004234314;0.0108929;0.0105113;0.0002775414;0.0140000
6857.00035095215;0.0115931;0.0106305;0.000200077;0.0150000
6858.0002784729;0.0126250;0.0112861;0.0005137805;0.0150000
6859.00020599365;0.0136032;0.0124186;0.0009195038;0.0150000
6860.0001335144;0.0147321;0.0138491;0.001237174;0.0160000
6861.00053787231;0.0150537;0.0149220;0.001102775;0.0170000
6862.00046539307;0.0148929;0.0151008;0.0005023903;0.0180000
6863.00039291382;0.0155931;0.0149817;0.000135406;0.0190000
6864.00032043457;0.0166250;0.0154585;0.0003853106;0.0200000
6865.00024795532;0.0176250;0.0164121;0.0007459543;0.0210000
6866.00017547607;0.0186250;0.0176638;0.001049172;0.0210000
6867.00010299683;0.0196032;0.0191539;0.001314285;0.0220000
6868.00050735474;0.0207539;0.0205249;0.001336946;0.0230000
6869.00043487549;0.0209248;0.0212997;0.0009182883;0.0240000
6870.00036239624;0.0215931;0.0214785;0.0004713122;0.0250000
6871.00028991699;0.0226250;0.0217765;0.000368188;0.0260000
6872.00021743774;0.0236250;0.0226110;0.0006562512;0.0270000
6873.0001449585;0.0246250;0.0236243;0.0008649528;0.0280000
6874.00054931641;0.0256250;0.0249356;0.001148191;0.0290000
6875.00047683716;0.0266250;0.0261277;0.001187026;0.0300000
6876.00040435791;0.0276250;0.0272006;0.001114929;0.0310000
6877.00033187866;0.0286250;0.0281542;0.001013578;0.0330000
6878.00025939941;0.0296468;0.0291079;0.0009868986;0.0340000
6879.00018692017;0.0304961;0.0298232;0.0008338476;0.0350000
6880.00011444092;0.0323252;0.0309557;0.001033573;0.0360000
6881.00051879883;0.0336569;0.0326246;0.001433986;0.0370000
6882.00044631958;0.0346250;0.0339359;0.001351979;0.0390000
6883.00037384033;0.0356468;0.0351876;0.001285792;0.0400000
6884.00030136108;0.0364961;0.0360817;0.001030171;0.0410000
6885.00022888184;0.0383252;0.0373334;0.001184666;0.0430000
6886.00015640259;0.0396787;0.0389427;0.001463067;0.0440000
6887.0005607605;0.0404961;0.0401944;0.001327749;0.0450000
6888.00048828125;0.0423252;0.0414461;0.001299242;0.0470000
6889.000415802;0.0436787;0.0429958;0.001448571;0.0480000
6890.00034332275;0.0444961;0.0441283;0.001227037;0.0500000
6891.00027084351;0.0463470;0.0454992;0.001347361;0.0510000
6892.00019836426;0.0475280;0.0469297;0.001369862;0.0530000
6893.00012588501;0.0493470;0.0484198;0.001434989;0.0530000
6894.00053024292;0.0505061;0.0500292;0.001514756;0.0560000
6895.00045776367;0.0524978;0.0516385;0.001578802;0.0580000
6896.00038528442;0.0527206;0.0528306;0.001276811;0.0590000
6897.00031280518;0.0548646;0.0537842;0.001154433;0.0590000
6898.00024032593;0.0573672;0.0561684;0.001949133;0.0610000
6899.00016784668;0.0588076;0.0587314;0.002295083;0.0640000
6900.00009536743;0.0588395;0.0598639;0.00148986;0.0660000
6901.00049972534;0.0600573;0.0600427;0.0006987299;0.0680000
6902.00042724609;0.0629502;0.0615328;0.001265565;0.0700000
6903.00035476685;0.0652819;0.0641555;0.002117285;0.0700000
6904.0002822876;0.0672064;0.0669569;0.002536342;0.0720000
6905.00020980835;0.0695079;0.0695795;0.002589236;0.0740000
6906.0001373291;0.0698495;0.0710696;0.001838906;0.0780000
6907.00054168701;0.0712299;0.0713080;0.0008772094;0.0780000
6908.00046920776;0.0729485;0.0720829;0.000856265;0.0820000
6909.00039672852;0.0769520;0.0746459;0.002028803;0.0820000
6910.00032424927;0.0776118;0.0776857;0.002585261;0.0840000
6911.00025177002;0.0808445;0.0801295;0.002587214;0.0860000
6912.00017929077;0.0819133;0.0827521;0.002517825;0.0900000
6913.00010681152;0.0832299;0.0836462;0.001522566;0.0930000
6914.00051116943;0.0850139;0.0846594;0.001215054;0.0950000
6915.00043869019;0.0885215;0.0870436;0.002011591;0.0970000
6916.00036621094;0.0920140;0.0909775;0.003219975;0.1000000
6917.00029373169;0.0943037;0.0949114;0.003608667;0.1020000
6918.00022125244;0.0961211;0.0975937;0.00299009;0.1040000
6919.00014877319;0.0989502;0.0996202;0.002410629;0.1070000
6920.0005531311;0.1013037;0.1017660;0.002238944;0.1090000
6921.00048065186;0.1031211;0.1033157;0.001798908;0.1120000
6922.00040817261;0.1059720;0.1051038;0.001822959;0.1140000
6923.00033569336;0.1081530;0.1074284;0.002138251;0.1170000
6924.00026321411;0.1109720;0.1098126;0.002317503;0.1200000
6925.00019073486;0.1131748;0.1124948;0.002533717;0.1220000
6926.00011825562;0.1158213;0.1150578;0.002567282;0.1250000
6927.00052261353;0.1190039;0.1179784;0.002788368;0.1280000
6928.00045013428;0.1211748;0.1208991;0.002836069;0.1310000
6929.00037765503;0.1238431;0.1234621;0.002672515;0.1330000
6930.00030517578;0.1268532;0.1263827;0.002840523;0.1360000
6931.00023269653;0.1300039;0.1294225;0.002985383;0.1390000
6932.00016021729;0.1321748;0.1323432;0.002928117;0.1420000
6933.0005645752;0.1348431;0.1349062;0.002728255;0.1450000
6934.00049209595;0.1378750;0.1376480;0.002749991;0.1480000
6935.0004196167;0.1408750;0.1406282;0.002886779;0.1510000
6936.00034713745;0.1438750;0.1438469;0.003100199;0.1540000
6937.0002746582;0.1468750;0.1470655;0.003157584;0.1580000
6938.00020217896;0.1498968;0.1503438;0.003230887;0.1610000
6939.00012969971;0.1527461;0.1536220;0.003265345;0.1640000
6940.00053405762;0.1565752;0.1570195;0.00338646;0.1670000
6941.00046157837;0.1599069;0.1606554;0.003532182;0.1710000
6942.00038909912;0.1628968;0.1641720;0.003510947;0.1740000
6943.00031661987;0.1657461;0.1672119;0.003216987;0.1770000
6944.00024414063;0.1695752;0.1703113;0.003175974;0.1810000
6945.00017166138;0.1729287;0.1737684;0.00335908;0.1840000
6946.00009918213;0.1757461;0.1769870;0.003260026;0.1880000
6947.00050354004;0.1795970;0.1802653;0.003303601;0.1920000
6948.00043106079;0.1827998;0.1837820;0.003414897;0.1950000
6949.00035858154;0.1864463;0.1871794;0.003415708;0.1990000
6950.00028610229;0.1906289;0.1911729;0.003773102;0.1990000
6951.00021362305;0.1937125;0.1951069;0.003868877;0.2060000
6952.0001411438;0.1980493;0.1988619;0.00382654;0.2100000
6953.00054550171;0.1983123;0.2010673;0.002676127;0.2140000
6954.00047302246;0.2034731;0.2031535;0.002513717;0.2180000
6955.00040054321;0.2085957;0.2087563;0.004451655;0.2220000
6956.00032806396;0.2125000;0.2142399;0.005053622;0.2260000
6957.00025558472;0.2165000;0.2190679;0.004916219;0.2260000
6958.00018310547;0.2204127;0.2232402;0.004453524;0.2340000
6959.00011062622;0.2251030;0.2271146;0.004075857;0.2380000
6960.00051498413;0.2251833;0.2287239;0.002376092;0.2420000
6961.00044250488;0.2311733;0.2303332;0.002132047;0.2460000
6962.00037002563;0.2366276;0.2362937;0.004489543;0.2510000
6963.00029754639;0.2405218;0.2417773;0.005041571;0.2550000
6964.00022506714;0.2443711;0.2463669;0.004727066;0.2590000
6965.00015258789;0.2492002;0.2505988;0.004455049;0.2640000
6966.0005569458;0.2535537;0.2547115;0.004235622;0.2680000
6967.00048446655;0.2573711;0.2584070;0.00389642;0.2730000
6968.0004119873;0.2622220;0.2622217;0.003892038;0.2770000
6969.00033950806;0.2664030;0.2665132;0.004125205;0.2820000
6970.00026702881;0.2712220;0.2707452;0.00417378;0.2860000
6971.00019454956;0.2754030;0.2752155;0.004319731;0.2910000
6972.00012207031;0.2802220;0.2795666;0.004376435;0.2960000
6973.00052642822;0.2844248;0.2840966;0.004458974;0.3010000
6974.00045394897;0.2890931;0.2885669;0.004472779;0.3060000
6975.00038146973;0.2941250;0.2936929;0.004881666;0.3060000
6976.00030899048;0.2990159;0.2990574;0.005184989;0.3100000
6977.00023651123;0.3047479;0.3047794;0.005505041;0.3200000
6978.00016403198;0.3058619;0.3081769;0.003995761;0.3250000
6979.00056838989;0.3076206;0.3084749;0.001756829;0.3300000
6980.00049591064;0.3165942;0.3134817;0.004109751;0.3360000
6981.0004234314;0.3233063;0.3231376;0.007480684;0.3410000
6982.00035095215;0.3279961;0.3311247;0.007694852;0.3460000
6983.0002784729;0.3338252;0.3372639;0.006728126;0.3510000
6984.00020599365;0.3391569;0.3426284;0.005825832;0.3570000
6985.0001335144;0.3441468;0.3470987;0.004946842;0.3620000
6986.00053787231;0.3489961;0.3513306;0.004494748;0.3670000
6987.00046539307;0.3548252;0.3561586;0.004733339;0.3730000
6988.00039291382;0.3601787;0.3615826;0.005140461;0.3790000
6989.00032043457;0.3650179;0.3666490;0.005049608;0.3840000
6990.00024795532;0.3706963;0.3717154;0.005065679;0.3900000
6991.00017547607;0.3768789;0.3773183;0.005416916;0.3950000
6992.00010299683;0.3820280;0.3830403;0.005579247;0.4010000
6993.00050735474;0.3878470;0.3885835;0.005576104;0.4070000
6994.00043487549;0.3930498;0.3941268;0.005524653;0.4130000
6995.00036239624;0.3987181;0.3994316;0.005398322;0.4190000
6996.00028991699;0.4047500;0.4050940;0.00559097;0.4250000
6997.00021743774;0.4107500;0.4110545;0.005814088;0.4310000
6998.0001449585;0.4167500;0.4172534;0.006039503;0.4370000
6999.00054931641;0.4227500;0.4233330;0.006062835;0.4430000
7000.00047683716;0.4287500;0.4292935;0.005979186;0.4490000
7001.00040435791;0.4347500;0.4352540;0.005959424;0.4550000
7002.00033187866;0.4407500;0.4410952;0.005874605;0.4620000
7003.00025939941;0.4467718;0.4471153;0.005964039;0.4620000
7004.00018692017;0.4524901;0.4530162;0.005916127;0.4680000
7005.00011444092;0.4602238;0.4596323;0.00638109;0.4810000
7006.00051879883;0.4617333;0.4638642;0.004776848;0.4870000
7007.00044631958;0.4646561;0.4646391;0.002397463;0.4940000
7008.00037384033;0.4766734;0.4719108;0.005827799;0.5010000
7009.00030136108;0.4848661;0.4846066;0.009983184;0.5070000
7010.00022888184;0.4913213;0.4945606;0.009827082;0.5140000
7011.00015640259;0.4985039;0.5028456;0.008801061;0.5210000
7012.0005607605;0.5046748;0.5091041;0.007178999;0.5280000
7013.00048828125;0.5113431;0.5142301;0.005930882;0.5350000
7014.000415802;0.5183750;0.5200118;0.005854125;0.5420000
7015.00034332275;0.5253750;0.5265087;0.006283608;0.5490000
7016.00027084351;0.5323750;0.5333036;0.006612308;0.5560000
7017.00019836426;0.5393750;0.5402177;0.00679012;0.5630000
7018.00012588501;0.5463750;0.5469531;0.006768685;0.5700000
7019.00053024292;0.5533750;0.5535692;0.006688353;0.5770000
7020.00045776367;0.5603750;0.5603641;0.006745707;0.5850000
7021.00038528442;0.5673968;0.5672187;0.006804113;0.5920000
7022.00031280518;0.5742461;0.5741924;0.006884816;0.5990000
7023.00024032593;0.5820752;0.5814642;0.007148317;0.6070000
7024.00016784668;0.5894287;0.5891532;0.007468054;0.6140000
7025.00009536743;0.5962461;0.5963057;0.00725935;0.6220000
7026.00049972534;0.6040970;0.6034583;0.007244916;0.6300000
7027.00042724609;0.6112998;0.6109089;0.007372213;0.6370000
7028.00035476685;0.6189463;0.6182402;0.007362367;0.6450000
7029.0002822876;0.6271289;0.6263465;0.007841608;0.6530000
7030.00020980835;0.6342998;0.6342739;0.007892666;0.6610000
7031.0001373291;0.6419681;0.6418437;0.007714685;0.6690000
7032.00054168701;0.6500000;0.6497115;0.007820837;0.6770000
7033.00046920776;0.6580000;0.6576985;0.007949225;0.6850000
7034.00039672852;0.6660000;0.6658047;0.008074753;0.6930000
7035.00032424927;0.6740000;0.6739706;0.008134888;0.7010000
7036.00025177002;0.6820000;0.6821364;0.008154459;0.7090000
7037.00017929077;0.6900000;0.6902426;0.008121726;0.7180000
7038.00010681152;0.6980218;0.6983489;0.008124406;0.7260000
7039.00051116943;0.7058711;0.7062167;0.007960613;0.7340000
7040.00043869019;0.7147002;0.7145017;0.008191385;0.7430000
7041.00036621094;0.7230537;0.7231444;0.008471058;0.7520000
7042.00029373169;0.7308929;0.7314294;0.008325582;0.7600000
7043.00022125244;0.7395713;0.7396549;0.008277815;0.7690000
7044.00014877319;0.7487539;0.7483572;0.008581483;0.7780000
7045.0005531311;0.7569248;0.7569402;0.008564347;0.7860000
7046.00048065186;0.7655713;0.7652849;0.008422264;0.7950000
7047.00040817261;0.7747539;0.7740468;0.008629991;0.8040000
7048.00033569336;0.7829248;0.7827490;0.008631737;0.8130000
7049.00026321411;0.7915931;0.7911533;0.008489863;0.8220000
7050.00019073486;0.8006250;0.7997960;0.008580708;0.8310000
7051.00011825562;0.8096250;0.8087963;0.008819888;0.8400000
7052.00052261353;0.8186250;0.8179158;0.008995767;0.8500000
7053.00045013428;0.8276468;0.8270949;0.009098832;0.8590000
7054.00037765503;0.8364961;0.8362740;0.009121522;0.8680000
7055.00030517578;0.8463252;0.8458108;0.009402662;0.8780000
7056.00023269653;0.8556787;0.8557051;0.0096973;0.8870000
7057.00016021729;0.8644961;0.8651823;0.009538284;0.8870000
7058.0005645752;0.8741288;0.8744806;0.009410829;0.8970000
7059.00049209595;0.8848391;0.8844942;0.009771229;0.9160000
7060.0004196167;0.8864122;0.8897394;0.006575265;0.9260000
7061.00034713745;0.8917707;0.8908719;0.00340967;0.9360000
7062.0002746582;0.9095520;0.9018391;0.008661096;0.9460000
7063.00020217896;0.9225370;0.9205550;0.01475989;0.9460000
7064.00012969971;0.9320318;0.9356946;0.0147818;0.9550000
7065.00053405762;0.9435175;0.9475559;0.01288065;0.9760000
7066.00046157837;0.9456167;0.9524435;0.00746886;0.9860000
7067.00038909912;0.9498126;0.9510130;0.002117909;0.9860000
7068.00031661987;0.9687024;0.9605497;0.007481236;1.0060000
7069.00024414063;0.9841084;0.9808749;0.01534866;1.0160000
7070.00017166138;0.9839584;0.9917825;0.01193726;1.0270000
7071.00009918213;0.9989552;0.9987563;0.009349774;1.0370000
7072.00050354004;1.0124400;1.0128230;0.01224191;1.0480000
7073.00043106079;1.0229720;1.0247439;0.01198288;1.0580000
7074.00035858154;1.0331530;1.0355323;0.01119351;1.0690000
7075.00028610229;1.0439720;1.0457247;0.0105493;1.0690000
7076.00021362305;1.0539348;1.0557383;0.01019787;1.0800000
7077.0001411438;1.0662614;1.0661095;0.01030537;1.1010000
7078.00054550171;1.0683907;1.0719508;0.007078538;1.1120000
7079.00047302246;1.0742348;1.0727256;0.003368025;1.1230000
7080.00040054321;1.0938773;1.0846466;0.009312528;1.1340000
7081.00032806396;1.1081939;1.1053294;0.01620786;1.1460000
7082.00025558472;1.1188968;1.1217803;0.01610461;1.1570000
7083.00018310547;1.1297461;1.1341780;0.0136528;1.1680000
7084.00011062622;1.1415752;1.1442512;0.01143005;1.1790000
7085.00051498413;1.1529069;1.1542052;0.01053061;1.1910000
7086.00044250488;1.1638968;1.1643380;0.0102994;1.2020000
7087.00037002563;1.1747461;1.1748284;0.01040484;1.2140000
7088.00029754639;1.1865970;1.1861533;0.01100722;1.2250000
7089.00022506714;1.1977780;1.1975974;0.01127751;1.2370000
7090.00015258789;1.2095970;1.2090415;0.01141017;1.2490000
7091.0005569458;1.2207998;1.2204260;0.01139075;1.2600000
7092.00048446655;1.2324463;1.2317508;0.01136898;1.2720000
7093.0004119873;1.2446289;1.2439102;0.01184056;1.2840000
7094.00033950806;1.2557998;1.2562483;0.01210567;1.2960000
7095.00026702881;1.2674681;1.2683481;0.01210474;1.3080000
7096.00019454956;1.2795000;1.2805670;0.0121831;1.3200000
7097.00012207031;1.2915000;1.2926072;0.01210622;1.3330000
7098.00052642822;1.3035218;1.3045877;0.01199416;1.3450000
7099.00045394897;1.3153711;1.3164490;0.01187921;1.3570000
7100.00038146973;1.3282002;1.3286680;0.01213392;1.3700000
7101.00030899048;1.3405537;1.3415426;0.0125921;1.3820000
7102.00023651123;1.3523711;1.3541788;0.01260646;1.3950000
7103.00016403198;1.3652220;1.3669342;0.01272453;1.4070000
7104.00056838989;1.3774030;1.3797492;0.01277291;1.4200000
7105.00049591064;1.3902220;1.3923854;0.01270779;1.4330000
7106.0004234314;1.4024248;1.4047831;0.01251023;1.4460000
7107.00035095215;1.4150931;1.4167041;0.01216758;1.4580000
7108.0002784729;1.4281032;1.4289230;0.01222978;1.4710000
7109.00020599365;1.4412539;1.4416188;0.01254918;1.4840000
7110.0001335144;1.4534248;1.4543146;0.01264392;1.4980000
7111.00053787231;1.4661149;1.4668316;0.01260895;1.5110000
7112.00046539307;1.4789961;1.4798850;0.01289532;1.5110000
7113.00039291382;1.4925416;1.4936536;0.01348727;1.5370000
7114.00032043457;1.5081167;1.5086144;0.01438653;1.5510000
7115.00024795532;1.5083677;1.5159458;0.009422045;1.5640000
7116.00017547607;1.5276844;1.5231579;0.00888723;1.5780000
7117.00010299683;1.5462616;1.5441388;0.01641452;1.5910000
7118.00050735474;1.5590280;1.5631527;0.01778071;1.6050000
7119.00043487549;1.5728470;1.5787095;0.01628328;1.6190000
7120.00036239624;1.5860498;1.5916437;0.01409881;1.6320000
7121.00028991699;1.5996963;1.6030878;0.01246479;1.6460000
7122.00021743774;1.6138789;1.6152471;0.01231253;1.6600000
7123.0001449585;1.6270498;1.6280621;0.01265024;1.6740000
7124.00054931641;1.6407181;1.6411751;0.01298201;1.6880000
7125.00047683716;1.6547500;1.6547054;0.01331182;1.7030000
7126.00040435791;1.6687718;1.6685933;0.01364326;1.7170000
7127.00033187866;1.6826211;1.6823620;0.01371946;1.7310000
7128.00025939941;1.6974502;1.6964883;0.01399215;1.7460000
7129.00018692017;1.7118037;1.7112702;0.01446357;1.7600000
7130.00011444092;1.7256211;1.7256945;0.01441208;1.7750000
7131.00051879883;1.7404720;1.7403573;0.01458327;1.7890000
7132.00044631958;1.7546530;1.7551988;0.01471484;1.8040000
7133.00037384033;1.7694720;1.7697424;0.01462921;1.8190000
7134.00030136108;1.7836748;1.7841071;0.01446346;1.8330000
7135.00022888184;1.7983213;1.7979354;0.01409508;1.8480000
7136.00015640259;1.8135039;1.8123597;0.01430804;1.8630000
7137.0005607605;1.8276748;1.8267840;0.0143357;1.8780000
7138.00048828125;1.8423431;1.8409103;0.01419267;1.8930000
7139.000415802;1.8573750;1.8558115;0.01463837;1.9090000
7140.00034332275;1.8723968;1.8709510;0.01494659;1.9240000
7141.00027084351;1.8872461;1.8861502;0.0150822;1.9390000
7142.00019836426;1.9030752;1.9017666;0.01543628;1.9550000
7143.00012588501;1.9184287;1.9176215;0.01565462;1.9700000
7144.00053024292;1.9332461;1.9329995;0.01543858;1.9860000
7145.00045776367;1.9490970;1.9481391;0.01527626;2.0010000
7146.00038528442;1.9642780;1.9633382;0.01520888;2.0170000
7147.00031280518;1.9800970;1.9786566;0.01528523;2.0330000
7148.00024032593;1.9952998;1.9942731;0.01547858;2.0490000
7149.00016784668;2.0109681;2.0097703;0.01547755;2.0650000
7150.00057220459;2.0270000;2.0258635;0.0158215;2.0810000
7151.00049972534;2.0430000;2.0421952;0.01613218;2.0970000
7152.00042724609;2.0590000;2.0583481;0.01614767;2.1130000
7153.00035476685;2.0750000;2.0745009;0.01614454;2.1290000
7154.0002822876;2.0910000;2.0905346;0.0160817;2.1450000
7155.00020980835;2.1070000;2.1065086;0.01601813;2.1620000
7156.0001373291;2.1230218;2.1226615;0.01612726;2.1780000
7157.00054168701;2.1388711;2.1387547;0.01612769;2.1950000
7158.00046920776;2.1557220;2.1554440;0.01653166;2.2110000
7159.00039672852;2.1719030;2.1724313;0.01681264;2.2280000
7160.00032424927;2.1887220;2.1894783;0.01695838;2.2450000
7161.00025177002;2.2049248;2.2062868;0.01683115;2.2610000
7162.00017929077;2.2215713;2.2227377;0.01659231;2.2780000
7163.00010681152;2.2387539;2.2394270;0.01666223;2.2950000
7164.00051116943;2.2549248;2.2561759;0.01667225;2.3120000
7165.00043869019;2.2715931;2.2726267;0.01654198;2.3290000
7166.00036621094;2.2886250;2.2895545;0.01681774;2.3470000
7167.00029373169;2.3056468;2.3066014;0.01699251;2.3640000
7168.00022125244;2.3224961;2.3238271;0.01714676;2.3810000
7169.00014877319;2.3403252;2.3415893;0.01757254;2.3990000
7170.0005531311;2.3576787;2.3596495;0.01782201;2.4160000
7171.00048065186;2.3744961;2.3772925;0.01767026;2.4340000
7172.00040817261;2.3923470;2.3948163;0.01760427;2.4510000
7173.00033569336;2.4095280;2.4124592;0.01761603;2.4690000
7174.00026321411;2.4273470;2.4297446;0.01743884;2.4870000
7175.00019073486;2.4445498;2.4470299;0.01730184;2.5050000
7176.00011825562;2.4622181;2.4641365;0.01718309;2.5230000
7177.00052261353;2.4802500;2.4817198;0.01744675;2.5410000
7178.00045013428;2.4982500;2.4996012;0.01773851;2.5590000
7179.00037765503;2.5162500;2.5179595;0.01814888;2.5770000
7180.00030517578;2.5342500;2.5363773;0.01832199;2.5950000
7181.00023269653;2.5522500;2.5547355;0.01832346;2.6140000
7182.00016021729;2.5702718;2.5727957;0.01812696;2.6320000
7183.0005645752;2.5881211;2.5904387;0.01778871;2.6500000
7184.00049209595;2.6069502;2.6084989;0.01797284;2.6690000
7185.0004196167;2.6253037;2.6267975;0.01816828;2.6880000
7186.00034713745;2.6431429;2.6446789;0.01796657;2.7060000
7187.0002746582;2.6618213;2.6626199;0.01797058;2.7250000
7188.00020217896;2.6810039;2.6813954;0.01849677;2.7440000
7189.00012969971;2.6991748;2.7002305;0.01868444;2.7630000
7190.00053405762;2.7178431;2.7188271;0.0186465;2.7820000
7191.00046157837;2.7368750;2.7376026;0.01872654;2.8010000
7192.00038909912;2.7558750;2.7566761;0.01894417;2.8200000
7193.00031661987;2.7748750;2.7755111;0.01886665;2.8400000
7194.00024414063;2.7938968;2.7944654;0.01890944;2.8590000
7195.00017166138;2.8127461;2.8132409;0.01883078;2.8780000
7196.00057601929;2.8325752;2.8323144;0.01903261;2.8980000
7197.00050354004;2.8519287;2.8518051;0.01929925;2.9170000
7198.00043106079;2.8707461;2.8709978;0.01921568;2.9370000
7199.00035858154;2.8905970;2.8902501;0.01927347;2.9570000
7200.00028610229;2.9097998;2.9095620;0.01928191;2.9760000
7201.00021362305;2.9294463;2.9288143;0.0192675;2.9960000
7202.0001411438;2.9496289;2.9484838;0.01954797;3.0160000
7203.00054550171;2.9687998;2.9679745;0.01950867;3.0360000
7204.00047302246;2.9884681;2.9871076;0.01929102;3.0560000
7205.00040054321;3.0085000;3.0068964;0.0196016;3.0770000
7206.00032806396;3.0285218;3.0270427;0.01994934;3.0970000
7207.00025558472;3.0483711;3.0472487;0.02012109;3.1170000
7208.00018310547;3.0692002;3.0679911;0.02054203;3.1380000
7209.00011062622;3.0895537;3.0890316;0.02083769;3.1580000
7210.00051498413;3.1093711;3.1094164;0.02053398;3.1790000
7211.00044250488;3.1302220;3.1296819;0.02037115;3.1990000
7212.00037002563;3.1504030;3.1500667;0.02036494;3.2200000
7213.00029754639;3.1712220;3.1705111;0.0204604;3.2410000
7214.00022506714;3.1914248;3.1911939;0.02059257;3.2620000
7215.00015258789;3.2120931;3.2118171;0.02063009;3.2620000
7216.0005569458;3.2326668;3.2330960;0.02105807;3.3040000
7217.00048446655;3.2572909;3.2561034;0.02228491;3.3250000
7218.0004119873;3.2577126;3.2675475;0.01463588;3.3460000
7219.00033950806;3.2891600;3.2801837;0.01482964;3.3670000
7220.00026702881;3.3177947;3.3142179;0.02672226;3.3890000
7221.00019454956;3.3381468;3.3436030;0.02800665;3.4100000
7222.00012207031;3.3589961;3.3672064;0.02508155;3.4320000
7223.00052642822;3.3808470;3.3874720;0.02206316;3.4530000
7224.00045394897;3.4020280;3.4063071;0.02007534;3.4750000
7225.00038146973;3.4238470;3.4256786;0.0197468;3.4970000
7226.00030899048;3.4450498;3.4462422;0.02027217;3.5180000
7227.00023651123;3.4666963;3.4676403;0.02099135;3.5400000
7228.00016403198;3.4888789;3.4899920;0.02182357;3.5620000
7229.00056838989;3.5100498;3.5119265;0.02181994;3.5840000
7230.00049591064;3.5317181;3.5330862;0.021412;3.6070000
7231.0004234314;3.5537718;3.5543650;0.02134457;3.6290000
7232.00035095215;3.5756211;3.5760015;0.02154306;3.6510000
7233.0002784729;3.5984502;3.5984725;0.0221638;3.6730000
7234.00020599365;3.6207819;3.6218971;0.0229043;3.6960000
7235.0001335144;3.6427718;3.6447257;0.02283534;3.7180000
7236.00053787231;3.6646211;3.6667794;0.02230935;3.7410000
7237.00046539307;3.6874720;3.6888331;0.02217911;3.7640000
7238.00039291382;3.7096748;3.7108272;0.02205333;3.7860000
7239.00032043457;3.7323213;3.7327617;0.02200176;3.8090000
7240.00024795532;3.7555039;3.7552923;0.02234484;3.8320000
7241.00017547607;3.7776748;3.7777632;0.02239767;3.8550000
7242.00057983398;3.8003431;3.8001150;0.0223668;3.8780000
7243.00050735474;3.8233750;3.8230628;0.02274263;3.9020000
7244.00043487549;3.8463968;3.8460106;0.02289325;3.9250000
7245.00036239624;3.8692461;3.8690180;0.0229494;3.9480000
7246.00028991699;3.8930752;3.8923830;0.02319647;3.9720000
7247.00021743774;3.9164287;3.9161056;0.02348637;3.9950000
7248.0001449585;3.9392461;3.9389342;0.0230637;4.0190000
7249.00054931641;3.9630970;3.9619416;0.02305377;4.0420000
7250.00047683716;3.9862780;3.9852470;0.02321063;4.0660000
7251.00040435791;4.0100970;4.0088504;0.02351154;4.0900000
7252.00033187866;4.0332998;4.0325731;0.02364805;4.1140000
7253.00025939941;4.0569681;4.0563553;0.02376172;4.1380000
7254.00018692017;4.0810000;4.0803760;0.02393476;4.1620000
7255.00011444092;4.1050000;4.1043371;0.0239646;4.1860000
7256.00051879883;4.1290000;4.1282386;0.02394685;4.2100000
7257.00044631958;4.1530000;4.1520804;0.02388893;4.2340000
7258.00037384033;4.1770000;4.1762203;0.02405981;4.2590000
7259.00030136108;4.2010218;4.2005986;0.02428219;4.2830000
7260.00022888184;4.2248711;4.2250365;0.02436704;4.3080000
7261.00015640259;4.2497220;4.2501897;0.02490085;4.3320000
7262.0005607605;4.2739030;4.2753428;0.02504145;4.3570000
7263.00048828125;4.2987220;4.3002576;0.02495063;4.3820000
7264.000415802;4.3229248;4.3248743;0.02467912;4.4060000
7265.00034332275;4.3475713;4.3490142;0.02434007;4.4310000
7266.00027084351;4.3727539;4.3738693;0.02469486;4.4560000
7267.00019836426;4.3969248;4.3987244;0.02477629;4.4810000
7268.00012588501;4.4215931;4.4233411;0.02468276;4.5070000
7269.00053024292;4.4466468;4.4484943;0.02498035;4.5320000
7270.00045776367;4.4714961;4.4735879;0.02505303;4.5570000
7271.00038528442;4.4973252;4.4993967;0.02554855;4.5830000
7272.00031280518;4.5226787;4.5253843;0.02579159;4.6080000
7273.00024032593;4.5474961;4.5506567;0.02542167;4.6340000
7274.00016784668;4.5733470;4.5759886;0.02540987;4.6590000
7275.00057220459;4.5985280;4.6012014;0.02527822;4.6850000
7276.00049972534;4.6243470;4.6263546;0.02521326;4.7110000
7277.00042724609;4.6495498;4.6515673;0.02516779;4.7370000
7278.00035476685;4.6752181;4.6766013;0.02511596;4.7630000
7279.0002822876;4.7012500;4.7021717;0.02542463;4.7890000
7280.00020980835;4.7272500;4.7280401;0.02572278;4.8150000
7281.0001373291;4.7532500;4.7539085;0.02582088;4.8410000
7282.00054168701;4.7792500;4.7798961;0.02592132;4.8670000
7283.00046920776;4.8052500;4.8058242;0.02594488;4.8940000
7284.00039672852;4.8312718;4.8316330;0.02587904;4.9200000
7285.00032424927;4.8571211;4.8573226;0.02575324;4.9470000
7286.00025177002;4.8839720;4.8834890;0.02603332;4.9730000
7287.00017929077;4.9101530;4.9099535;0.02625663;5.0000000
7288.00058364868;4.9369720;4.9364179;0.0264071;5.0270000
7289.00051116943;4.9631748;4.9626440;0.02626456;5.0530000
7290.00043869019;4.9898213;4.9888700;0.02626613;5.0800000
7291.00036621094;5.0170039;5.0156921;0.02659844;5.1070000
7292.00029373169;5.0431748;5.0425738;0.02671652;5.1340000
7293.00022125244;5.0698431;5.0692171;0.02668248;5.1620000
7294.00014877319;5.0968968;5.0959796;0.02674394;5.1890000
7295.0005531311;5.1237461;5.1227420;0.02672923;5.1890000
7296.00048065186;5.1509861;5.1501006;0.02715968;5.2440000
7297.00040817261;5.1829991;5.1800817;0.0289081;5.2710000
7298.00033569336;5.1833587;5.1948041;0.01892679;5.2990000
7299.00026321411;5.2246421;5.2118510;0.01963696;5.3260000
7300.00019073486;5.2616390;5.2560776;0.0347714;5.3540000
7301.00011825562;5.2885970;5.2939266;0.03622858;5.3820000
7302.00052261353;5.3157998;5.3249210;0.03267938;5.4100000
7303.00045013428;5.3434681;5.3504914;0.02817423;5.4380000
7304.00037765503;5.3715000;5.3743333;0.02554386;5.4660000
7305.00030517578;5.3995000;5.3996056;0.02547846;5.4940000
7306.00023269653;5.4275000;5.4269642;0.0267184;5.5220000
7307.00016021729;5.4555000;5.4559320;0.02812158;5.5500000
7308.0005645752;5.4835000;5.4850191;0.02869739;5.5790000
7309.00049209595;5.5115218;5.5136293;0.02860331;5.6070000
7310.0004196167;5.5393711;5.5414051;0.02803738;5.6360000
7311.00034713745;5.5682220;5.5690616;0.02783197;5.6640000
7312.0002746582;5.5964030;5.5968970;0.02780656;5.6930000
7313.00020217896;5.6252220;5.6253880;0.02826332;5.7220000
7314.00012969971;5.6534248;5.6541771;0.02859903;5.7510000
7315.00053405762;5.6820931;5.6832045;0.028902;5.7790000
7316.00046157837;5.7111032;5.7126492;0.02925831;5.8080000
7317.00038909912;5.7402539;5.7419151;0.02925764;5.8380000
7318.00031661987;5.7684466;5.7704061;0.02871482;5.8670000
7319.00024414063;5.7969642;5.7977647;0.0278811;5.8960000
7320.00017166138;5.8268252;5.8260173;0.02817938;5.9250000
7321.00057601929;5.8561569;5.8551043;0.02874899;5.9550000
7322.00050354004;5.8851468;5.8843702;0.02906833;5.9840000
7323.00043106079;5.9139961;5.9133977;0.02905476;6.0140000
7324.00035858154;5.9438470;5.9428424;0.02930955;6.0430000
7325.00028610229;5.9730280;5.9723467;0.02941181;6.0730000
7326.00021362305;6.0028470;6.0018510;0.0294873;6.1030000
7327.0001411438;6.0320498;6.0312956;0.02941796;6.1330000
7328.00054550171;6.0617181;6.0606807;0.02941099;6.1630000
7329.00047302246;6.0917500;6.0904235;0.02964858;6.1930000
7330.00040054321;6.1217500;6.1203450;0.0298154;6.2230000
7331.00032806396;6.1517500;6.1505645;0.03005283;6.2530000
7332.00025558472;6.1817500;6.1810821;0.03032534;6.2830000
7333.00018310547;6.2117500;6.2116593;0.03045518;6.3140000
7334.00011062622;6.2417718;6.2422961;0.03057729;6.3440000
7335.00051498413;6.2716211;6.2725753;0.03039805;6.3750000
7336.00044250488;6.3024720;6.3030928;0.03052109;6.4050000
7337.00037002563;6.3326530;6.3338488;0.03063744;6.4360000
7338.00029754639;6.3634720;6.3646048;0.03071246;6.4670000
7339.00022506714;6.3936748;6.3955992;0.03087514;6.4980000
7340.00015258789;6.4243431;6.4262956;0.03081506;6.5290000
7341.0005569458;6.4553750;6.4574093;0.03101971;6.5600000
7342.00048446655;6.4863750;6.4888209;0.03125471;6.5910000
7343.0004119873;6.5173750;6.5202922;0.03136718;6.6220000
7344.00033950806;6.5483750;6.5515846;0.031313;6.6530000
7345.00026702881;6.5793750;6.5824598;0.03102962;6.6840000
7346.00019454956;6.6103750;6.6127986;0.03059386;6.7160000
7347.00012207031;6.6413968;6.6431373;0.03044293;6.7470000
7348.00052642822;6.6722461;6.6735953;0.0304842;6.7790000
7349.00045394897;6.7040970;6.7047089;0.03093831;6.8110000
7350.00038146973;6.7352998;6.7363590;0.0313534;6.8420000
7351.00030899048;6.7669463;6.7679495;0.03151376;6.8740000
7352.00023651123;6.7991289;6.7997783;0.03171501;6.9060000
7353.00016403198;6.8302998;6.8313092;0.03152574;6.9380000
7354.00056838989;6.8619681;6.8624824;0.03133876;6.9700000
7355.00049591064;6.8940000;6.8941921;0.03160099;7.0020000
7356.0004234314;6.9260000;6.9259614;0.03173105;7.0340000
7357.00035095215;6.9580000;6.9577902;0.03179441;7.0670000
7358.0002784729;6.9900218;6.9894999;0.03174783;7.0990000
7359.00020599365;7.0218711;7.0211500;0.03169049;7.1310000
7360.0001335144;7.0547002;7.0533961;0.03207218;7.1640000
7361.00053787231;7.0870537;7.0861787;0.03247261;7.1960000
7362.00046539307;7.1188711;7.1183056;0.03221678;7.2290000
7363.00039291382;7.1517220;7.1506709;0.03233467;7.2620000
7364.00032043457;7.1839248;7.1832746;0.03247898;7.2950000
7365.00024795532;7.2165931;7.2157592;0.03247622;7.3280000
7366.00017547607;7.2496250;7.2487205;0.03275649;7.3610000
7367.00057983398;7.2826250;7.2818607;0.03295822;7.3940000
7368.00050735474;7.3156250;7.3150605;0.0331004;7.4270000
7369.00043487549;7.3486250;7.3483199;0.03319107;7.4600000
7370.00036239624;7.3816250;7.3817581;0.03333742;7.4930000
7371.00028991699;7.4146250;7.4154347;0.0335381;7.5270000
7372.00021743774;7.4476468;7.4490517;0.03358078;7.5600000
7373.0001449585;7.4804961;7.4823707;0.03339787;7.5940000
7374.00054931641;7.5143470;7.5161070;0.03362394;7.6270000
7375.00047683716;7.5475280;7.5499028;0.03369977;7.6610000
7376.00040435791;7.5813470;7.5836390;0.03373227;7.6950000
7377.00033187866;7.6145498;7.6170772;0.03352891;7.7290000
7378.00025939941;7.6482181;7.6501578;0.03327654;7.7630000
7379.00018692017;7.6822500;7.6835960;0.03339351;7.7970000
7380.00011444092;7.7162500;7.7173918;0.03364131;7.8310000
7381.00051879883;7.7502500;7.7514857;0.0339225;7.8650000
7382.00044631958;7.7842500;7.7855199;0.0339911;7.8990000
7383.00037384033;7.8182500;7.8194350;0.03394799;7.9340000
7384.00030136108;7.8522718;7.8531712;0.03381528;7.9680000
7385.00022888184;7.8861211;7.8866690;0.03362371;8.0030000
7386.00015640259;7.9209720;7.9205841;0.03384201;8.0370000
7387.0005607605;7.9551530;7.9548567;0.03409806;8.0720000
7388.00048828125;7.9899720;7.9892486;0.03431337;8.1060000
7389.000415802;8.0241530;8.0237001;0.0343627;8.1410000
7390.00034332275;8.0589720;8.0582112;0.03448008;8.1760000
7391.00027084351;8.0931748;8.0925435;0.03435551;8.2110000
7392.00019836426;8.1278431;8.1268758;0.03437525;8.2460000
7393.00012588501;8.1628750;8.1615060;0.0345492;8.2810000
7394.00053024292;8.1978750;8.1967920;0.03501775;8.3160000
7395.00045776367;8.2328750;8.2321376;0.03524567;8.3520000
7396.00038528442;8.2678968;8.2674831;0.03529917;8.3870000
7397.00031280518;8.3027461;8.3025902;0.03517147;8.4220000
7398.00024032593;8.3385752;8.3381742;0.03547738;8.4580000
7399.00016784668;8.3739287;8.3742946;0.03586217;8.4940000
7400.00057220459;8.4087679;8.4098786;0.03564974;8.5290000
7401.00049972534;8.4444463;8.4454030;0.03557209;8.5650000
7402.00042724609;8.4806289;8.4811062;0.03566076;8.6010000
7403.00035476685;8.5157998;8.5166305;0.03552981;8.6370000
7404.0002822876;8.5514681;8.5519165;0.03539792;8.6730000
7405.00020980835;8.5875000;8.5877389;0.03566733;8.7090000
7406.0001373291;8.6235000;8.6236805;0.03583825;8.7450000
7407.00054168701;8.6595000;8.6597413;0.03598801;8.7810000
7408.00046920776;8.6955000;8.6958021;0.03603305;8.8170000
7409.00039672852;8.7315000;8.7316245;0.03590412;8.8540000
7410.00032424927;8.7675218;8.7675661;0.03590171;8.8900000
7411.00025177002;8.8033711;8.8032693;0.03577648;8.9270000
7412.00017929077;8.8402220;8.8393897;0.03600976;8.9630000
7413.00058364868;8.8764030;8.8759869;0.03635447;9.0000000
7414.00051116943;8.9132220;8.9125246;0.03647077;9.0370000
7415.00043869019;8.9494248;8.9490622;0.03647432;9.0740000
7416.00036621094;8.9860931;8.9853018;0.03633847;9.1100000
7417.00029373169;9.0231032;9.0221375;0.03665258;9.1470000
7418.00022125244;9.0602539;9.0593308;0.03700485;9.1840000
7419.00014877319;9.0964248;9.0960473;0.03676764;9.2220000
7420.0005531311;9.1331149;9.1324657;0.0365761;9.2590000
7421.00048065186;9.1699961;9.1690630;0.03662866;9.2960000
7422.00040817261;9.2078252;9.2067331;0.0373629;9.3330000
7423.00033569336;9.2451569;9.2451781;0.03803901;9.3710000
7424.00026321411;9.2821468;9.2829078;0.03783325;9.4080000
7425.00019073486;9.3189961;9.3201607;0.03745603;9.4460000
7426.00011825562;9.3568470;9.3575329;0.03746279;9.4840000
7427.00052261353;9.3940498;9.3953818;0.03768628;9.5210000
7428.00045013428;9.4316963;9.4332904;0.03782918;9.5590000
7429.00037765503;9.4698789;9.4716757;0.03816134;9.5970000
7430.00030517578;9.5070498;9.5098227;0.03808241;9.6350000
7431.00023269653;9.5447181;9.5474332;0.03777187;9.6730000
7432.00016021729;9.5827500;9.5851630;0.03774182;9.7110000
7433.0005645752;9.6207500;9.6230715;0.03784388;9.7490000
7434.00049209595;9.6587500;9.6608609;0.03779534;9.7880000
7435.0004196167;9.6967718;9.6987098;0.037812;9.8260000
7436.00034713745;9.7346211;9.7364992;0.03778223;9.8650000
7437.0002746582;9.7734720;9.7747654;0.03811041;9.9030000
7438.00020217896;9.8116530;9.8131508;0.03827288;9.9420000
7439.00012969971;9.8504720;9.8515958;0.03841786;9.9800000
7440.00053405762;9.8886530;9.8899811;0.03837762;10.0190000
7441.00046157837;9.9274720;9.9281877;0.03827775;10.0580000
7442.00038909912;9.9656748;9.9662155;0.03808024;10.0580000
7443.00031661987;10.0034921;10.0041836;0.03805837;10.0970000
7444.00024414063;10.0484035;10.0457281;0.04031416;10.1750000
7445.00017166138;10.0559172;10.0686759;0.02790299;10.2140000
7446.00057601929;10.0761027;10.0730270;0.01421103;10.2530000
7447.00050354004;10.1486838;10.1182073;0.03573302;10.2920000
7448.00043106079;10.2006187;10.1919383;0.0585265;10.3320000
7449.00035858154;10.2383968;10.2485627;0.05650005;10.3710000
7450.00028610229;10.2772461;10.2905840;0.04711901;10.4110000
7451.00021362305;10.3170970;10.3245586;0.03892769;10.4500000
7452.0001411438;10.3562780;10.3573412;0.03525433;10.4900000
7453.00054550171;10.3960970;10.3935808;0.03612944;10.5290000
7454.00047302246;10.4352780;10.4344100;0.03913803;10.5690000
7455.00040054321;10.4750970;10.4767889;0.04113087;10.6090000
7456.00032806396;10.5142998;10.5186313;0.04148415;10.6490000
7457.00025558472;10.5539681;10.5583280;0.04035709;10.6890000
7458.00018310547;10.5940000;10.5970114;0.03928227;10.7290000
7459.00058746338;10.6340000;10.6356352;0.03890754;10.7690000
7460.00051498413;10.6740000;10.6746763;0.03903018;10.8100000
7461.00044250488;10.7140218;10.7147902;0.03971798;10.8500000
7462.00037002563;10.7538711;10.7557982;0.04050951;10.8900000
7463.00029754639;10.7947002;10.7972830;0.0411001;10.9310000
7464.00022506714;10.8350537;10.8385891;0.04114692;10.9710000
7465.00015258789;10.8748711;10.8785242;0.04033697;11.0120000
7466.0005569458;10.9157220;10.9175652;0.03953712;11.0530000
7467.00048446655;10.9559248;10.9564871;0.03912658;11.0930000
7468.0004119873;10.9965713;10.9954685;0.03909007;11.1340000
7469.00033950806;11.0377539;11.0359996;0.04005131;11.1750000
7470.00026702881;11.0779248;11.0771269;0.04071235;11.2160000
7471.00019454956;11.1185931;11.1184329;0.04109637;11.2570000
7472.00012207031;11.1596250;11.1599177;0.04134914;11.2980000
7473.00052642822;11.2006250;11.2012237;0.04130665;11.3390000
7474.00045394897;11.2416250;11.2421125;0.04104202;11.3810000
7475.00038146973;11.2826468;11.2828225;0.04082012;11.4220000
7476.00030899048;11.3234961;11.3235325;0.04078108;11.4630000
7477.00023651123;11.3653252;11.3648981;0.04120812;11.5050000
7478.00016403198;11.4066787;11.4073962;0.04199343;11.5460000
7479.00056838989;11.4474961;11.4495367;0.0420742;11.5880000
7480.00049591064;11.4893470;11.4917964;0.04222077;11.6300000
7481.0004234314;11.5305498;11.5339965;0.04217343;11.6720000
7482.00035095215;11.5722181;11.5757793;0.04193296;11.7130000
7483.0002784729;11.6142282;11.6174430;0.04177064;11.7550000
7484.00020599365;11.6563789;11.6589874;0.04163451;11.7970000
7485.0001335144;11.6975498;11.7000550;0.04125771;11.8390000
7486.00053787231;11.7392181;11.7406458;0.04087805;11.8820000
7487.00046539307;11.7812718;11.7817730;0.0410463;11.9240000
7488.00039291382;11.8231211;11.8234366;0.04143254;11.9660000
7489.00032043457;11.8659502;11.8659347;0.04216083;12.0080000
7490.00024795532;11.9082819;11.9091481;0.04278326;12.0510000
7491.00017547607;11.9502718;11.9517654;0.04264562;12.0510000
7492.00057983398;11.9912046;11.9936079;0.04217029;12.1360000
7493.00050735474;12.0413038;12.0383114;0.04380628;12.1790000
7494.00043487549;12.0423499;12.0598882;0.02823962;12.2210000
7495.00036239624;12.1058914;12.0852202;0.02916285;12.2640000
7496.00028991699;12.1643434;12.1505469;0.05143353;12.3070000
7497.00021743774;12.2051748;12.2077078;0.05430433;12.3500000
7498.0001449585;12.2478431;12.2550934;0.04973613;12.3930000
7499.00054931641;12.2908750;12.2967571;0.04463146;12.4360000
7500.00047683716;12.3338750;12.3358577;0.04127321;12.4790000
7501.00040435791;12.3768750;12.3761505;0.04077597;12.5220000
7502.00033187866;12.4198750;12.4189466;0.04213187;12.5660000
7503.00025939941;12.4628968;12.4636501;0.04371627;12.6090000
7504.00018692017;12.5057461;12.5085920;0.04443159;12.6520000
7505.00059127808;12.5495752;12.5532955;0.0445745;12.6960000
7506.00051879883;12.5929287;12.5969857;0.04393905;12.7390000
7507.00044631958;12.6357461;12.6388878;0.04262869;12.7830000
7508.00037384033;12.6795970;12.6807302;0.04216652;12.8270000
7509.00030136108;12.7227998;12.7232283;0.04238914;12.8270000
7510.00022888184;12.7655080;12.7666205;0.04311176;12.9140000
7511.00015640259;12.8171115;12.8143638;0.04606427;12.9580000
7512.0005607605;12.8181458;12.8385633;0.03068505;13.0020000
7513.00048828125;12.8832065;12.8659218;0.03136881;13.0460000
7514.000415802;12.9428713;12.9323214;0.0528534;13.0910000
7515.00034332275;12.9855218;12.9891246;0.05460147;13.1350000
7516.00027084351;13.0293711;13.0363911;0.04976855;13.1790000
7517.00019836426;13.0742002;13.0783528;0.04488908;13.2230000
7518.00012588501;13.1185319;13.1184071;0.04193077;13.2680000
7519.00053024292;13.1625218;13.1593555;0.04140468;13.3120000
7520.00045776367;13.2063711;13.2028073;0.04276646;13.3570000
7521.00038528442;13.2512220;13.2487625;0.04481458;13.4010000
7522.00031280518;13.2954030;13.2952541;0.04578995;13.4460000
7523.00024032593;13.3402220;13.3406132;0.04547935;13.4910000
7524.00016784668;13.3844248;13.3849591;0.04473432;13.5360000
7525.00057220459;13.4290931;13.4285301;0.04404149;13.5810000
7526.00049972534;13.4741250;13.4728163;0.04424234;13.6260000
7527.00042724609;13.5191250;13.5182351;0.04499741;13.6710000
7528.00035476685;13.5641250;13.5647863;0.04599579;13.7160000
7529.0002822876;13.6091250;13.6115760;0.04648676;13.7610000
7530.00020980835;13.6541250;13.6577099;0.04622574;13.8060000
7531.0001373291;13.6991250;13.7027711;0.0454281;13.8510000
7532.00054168701;13.7441250;13.7468189;0.04455054;13.8970000
7533.00046920776;13.7891468;13.7902111;0.04382597;13.9420000
7534.00039672852;13.8339961;13.8337225;0.04365147;13.9880000
7535.00032424927;13.8798470;13.8783663;0.04435015;14.0330000
7536.00025177002;13.9250280;13.9240235;0.04512568;14.0790000
7537.00017929077;13.9708470;13.9701575;0.04576429;14.1250000
7538.00058364868;14.0160498;14.0162915;0.04595173;14.1710000
7539.00051116943;14.0617181;14.0618890;0.04573463;14.2160000
7540.00043869019;14.1077282;14.1075462;0.04570904;14.2620000
7541.00036621094;14.1538789;14.1530842;0.04560294;14.3080000
7542.00029373169;14.1990498;14.1983837;0.04539433;14.3540000
7543.00022125244;14.2447181;14.2436832;0.04536621;14.4000000
7544.00014877319;14.2907500;14.2898768;0.04589336;14.4470000
7545.0005531311;14.3367718;14.3366665;0.04644172;14.4930000
7546.00048065186;14.3826211;14.3836945;0.0468046;14.5390000
7547.00040817261;14.4294502;14.4311994;0.04726696;14.5860000
7548.00033569336;14.4758037;14.4787639;0.04739614;14.6320000
7549.00026321411;14.5216211;14.5252556;0.04678079;14.6790000
7550.00019073486;14.5684720;14.5712703;0.0463275;14.7250000
7551.00059509277;14.6146530;14.6173447;0.04615627;14.7720000
7552.00052261353;14.6614720;14.6632999;0.04605235;14.8190000
7553.00045013428;14.7076748;14.7097319;0.04625734;14.8650000
7554.00037765503;14.7543213;14.7562236;0.04643665;14.9120000
7555.00030517578;14.8015039;14.8029536;0.04664107;14.9590000
7556.00023269653;14.8476748;14.8493856;0.0464775;15.0060000
7557.00016021729;14.8943431;14.8953408;0.04616085;15.0530000
7558.0005645752;14.9413750;14.9416536;0.0462787;15.1000000
7559.00049209595;14.9883750;14.9879664;0.04632718;15.1000000
7560.0004196167;15.0343495;15.0346965;0.0466392;15.1950000
7561.00034713745;15.0894824;15.0851220;0.04904409;15.2420000
7562.0002746582;15.0902754;15.1092619;0.03168505;15.2890000
7563.00020217896;15.1614870;15.1387066;0.03333896;15.3370000
7564.00012969971;15.2259276;15.2111262;0.05731961;15.3840000
7565.00053405762;15.2712461;15.2731746;0.05946092;15.4320000
7566.00046157837;15.3190970;15.3252691;0.05465379;15.4800000
7567.00038909912;15.3662998;15.3712243;0.04913466;15.5270000
7568.00031661987;15.4139463;15.4142588;0.04542669;15.5750000
7569.00024414063;15.4621289;15.4594988;0.04544644;15.6230000
7570.00017166138;15.5092998;15.5071825;0.04688699;15.6710000
7571.00057601929;15.5569681;15.5568927;0.04867572;15.7190000
7572.00050354004;15.6050000;15.6070203;0.04953748;15.7670000
7573.00043106079;15.6530000;15.6564921;0.04941279;15.8150000
7574.00035858154;15.7010000;15.7044738;0.04849555;15.8630000
7575.00028610229;15.7490000;15.7513231;0.04748191;15.9110000
7576.00021362305;15.7970000;15.7977551;0.04685922;15.9600000
7577.0001411438;15.8450218;15.8445448;0.04685262;16.0080000
7578.00054550171;15.8928711;15.8924669;0.04755316;16.0560000
7579.00047302246;15.9417002;15.9413427;0.0484434;16.1050000
7580.00040054321;15.9900537;15.9906357;0.04893477;16.1530000
7581.00032806396;16.0378711;16.0389155;0.04847081;16.2020000
7582.00025558472;16.0867220;16.0868376;0.04815398;16.2510000
7583.00018310547;16.1349248;16.1344618;0.04782094;16.2990000
7584.00058746338;16.1835713;16.1822051;0.04782949;16.3480000
7585.00051498413;16.2327539;16.2311405;0.04854267;16.3970000
7586.00044250488;16.2809248;16.2806123;0.0490637;16.4460000
7587.00037002563;16.3295931;16.3300246;0.04929572;16.4950000
7588.00029754639;16.3786250;16.3798541;0.04965223;16.5440000
7589.00022506714;16.4276250;16.4295643;0.04967144;16.5930000
7590.00015258789;16.4766250;16.4788574;0.04942231;16.6420000
7591.0005569458;16.5256250;16.5277928;0.04910689;16.6910000
7592.00048446655;16.5746250;16.5765494;0.04888129;16.7410000
7593.0004119873;16.6236468;16.6251868;0.0487249;16.7900000
7594.00033950806;16.6724961;16.6738838;0.0487249;16.8400000
7595.00026702881;16.7223470;16.7232960;0.04921688;16.8890000
7596.00019454956;16.7715280;16.7730659;0.0495315;16.9390000
7597.00059890747;16.8213470;16.8228358;0.04966665;16.9880000
7598.00052642822;16.8705280;16.8722480;0.0494879;17.0380000
7599.00045394897;16.9203470;16.9212431;0.04921368;17.0880000
7600.00038146973;16.9695498;16.9699997;0.04889376;17.1370000
7601.00030899048;17.0191963;17.0186967;0.04880728;17.1870000
7602.00023651123;17.0693789;17.0680493;0.04917838;17.2370000
7603.00016403198;17.1185498;17.1174616;0.04929421;17.2870000
7604.00056838989;17.1682181;17.1666354;0.04924941;17.3370000
7605.00049591064;17.2182500;17.2165245;0.04966745;17.3870000
7606.0004234314;17.2682500;17.2669500;0.05014034;17.4370000
7607.00035095215;17.3182500;17.3174947;0.05040391;17.4870000
7608.0002784729;17.3682500;17.3680991;0.05052762;17.5380000
7609.00020599365;17.4182718;17.4186438;0.05053372;17.5880000
7610.0001335144;17.4681211;17.4690694;0.05046824;17.6380000
7611.00053787231;17.5189502;17.5198525;0.05069512;17.6890000
7612.00046539307;17.5693037;17.5711721;0.05106612;17.7390000
7613.00039291382;17.6191211;17.6218361;0.05081597;17.7900000
7614.00032043457;17.6699720;17.6722020;0.05056389;17.8410000
7615.00024795532;17.7201748;17.7224487;0.05036042;17.8910000
7616.00017547607;17.7708213;17.7723974;0.0501068;17.9420000
7617.00057983398;17.8220039;17.8229421;0.05040006;17.9930000
7618.00050735474;17.8721748;17.8731292;0.05024666;18.0440000
7619.00043487549;17.9228431;17.9231971;0.05013235;18.0950000
7620.00036239624;17.9738750;17.9737419;0.0503738;18.1460000
7621.00028991699;18.0248750;18.0245846;0.05066286;18.1970000
7622.00021743774;18.0758750;18.0755466;0.05083295;18.2480000
7623.0001449585;18.1268750;18.1265086;0.05093072;18.2990000
7624.00054931641;18.1778750;18.1773513;0.0508706;18.3500000
7625.00047683716;18.2288750;18.2284921;0.05101753;18.4010000
7626.00040435791;18.2798750;18.2798713;0.05124561;18.4530000
7627.00033187866;18.3308968;18.3312505;0.05134901;18.5040000
7628.00025939941;18.3817461;18.3828086;0.05149902;18.5550000
7629.00018692017;18.4335752;18.4348434;0.05188374;18.6070000
7630.00059127808;18.4849287;18.4871763;0.0521364;18.6590000
7631.00051879883;18.5357679;18.5387939;0.05180615;18.7100000
7632.00044631958;18.5874463;18.5901731;0.0515901;18.7620000
7633.00037384033;18.6396289;18.6420292;0.051794;18.8140000
7634.00030136108;18.6907998;18.6936468;0.05167241;18.8650000
7635.00022888184;18.7424463;18.7448472;0.05142421;18.9170000
7636.00015640259;18.7946289;18.7965244;0.05161817;18.9690000
7637.0005607605;18.8457998;18.8479036;0.05142818;19.0210000
7638.00048828125;18.8974681;18.8990444;0.05124515;19.0730000
7639.000415802;18.9495000;18.9504236;0.05133775;19.1250000
7640.00034332275;19.0015000;19.0018028;0.05137621;19.1770000
7641.00027084351;19.0535000;19.0533608;0.05151488;19.2290000
7642.00019836426;19.1055000;19.1050380;0.05162376;19.2820000
7643.00012588501;19.1575218;19.1567749;0.05168907;19.3340000
7644.00053024292;19.2093711;19.2087501;0.05187481;19.3860000
7645.00045776367;19.2622002;19.2614406;0.05243766;19.4390000
7646.00038528442;19.3145537;19.3146676;0.05292287;19.4910000
7647.00031280518;19.3663711;19.3672985;0.05274084;19.5440000
7648.00024032593;19.4192220;19.4200486;0.05278168;19.5960000
7649.00016784668;19.4714030;19.4731563;0.05293946;19.6490000
7650.00057220459;19.5242220;19.5261449;0.05298308;19.7020000
7651.00049972534;19.5764248;19.5789546;0.0528541;19.7540000
7652.00042724609;19.6290713;19.6314663;0.05266577;19.8070000
7653.00035476685;19.6822539;19.6842760;0.05276454;19.8600000
7654.0002822876;19.7344248;19.7366685;0.05249117;19.9130000
7655.00020980835;19.7870931;19.7887629;0.05227195;19.9660000
7656.0001373291;19.8401250;19.8409766;0.05228735;20.0190000
7657.00054168701;19.8931250;19.8934883;0.05245118;20.0720000
7658.00046920776;19.9461250;19.9461192;0.0525598;20.1250000
7659.00039672852;19.9991250;19.9987501;0.05262933;20.1780000
7660.00032424927;20.0521250;20.0514406;0.05268372;20.2310000
7661.00025177002;20.1051250;20.1043099;0.05278407;20.2850000
7662.00017929077;20.1581468;20.1571792;0.05280329;20.3380000
7663.00058364868;20.2109961;20.2100485;0.0528395;20.3910000
7664.00051116943;20.2648252;20.2637523;0.05343401;20.4450000
7665.00043869019;20.3181787;20.3178734;0.0538412;20.4980000
7666.00036621094;20.3709961;20.3718156;0.05387476;20.5520000
7667.00029373169;20.4248470;20.4258174;0.0540083;20.6050000
7668.00022125244;20.4780280;20.4797596;0.05393655;20.6590000
7669.00014877319;20.5318470;20.5337614;0.05401426;20.7130000
7670.0005531311;20.5850498;20.5875844;0.05387973;20.7660000
7671.00048065186;20.6386963;20.6411093;0.05369513;20.8200000
7672.00040817261;20.6928789;20.6949919;0.05383665;20.8740000
7673.00033569336;20.7460498;20.7486957;0.05371657;20.9280000
7674.00026321411;20.7997181;20.8019227;0.05341369;20.9820000
7675.00019073486;20.8537500;20.8552688;0.05339547;21.0360000
7676.00059509277;20.9077500;20.9087342;0.05342961;21.0900000
7677.00052261353;20.9617500;20.9622592;0.05347389;21.1440000
7678.00045013428;21.0157500;21.0157841;0.05351833;21.1980000
7679.00037765503;21.0697500;21.0693687;0.05357167;21.2520000
7680.00030517578;21.1237500;21.1231917;0.05371542;21.3070000
7681.00023269653;21.1777718;21.1770743;0.05381633;21.3610000
7682.00016021729;21.2316211;21.2311953;0.05400453;21.4150000
7683.0005645752;21.2864502;21.2858528;0.05445876;21.4700000
7684.00049209595;21.3408037;21.3412255;0.0550132;21.5240000
7685.0004196167;21.3946211;21.3960022;0.05485643;21.5790000
7686.00034713745;21.4494720;21.4506000;0.05471689;21.6330000
7687.0002746582;21.5036530;21.5053171;0.05469165;21.6880000
7688.00020217896;21.5584720;21.5599149;0.05469409;21.7430000
7689.00012969971;21.6126748;21.6145724;0.0546628;21.7970000
7690.00053405762;21.6673213;21.6690510;0.05456892;21.8520000
7691.00046157837;21.7225039;21.7239469;0.05476262;21.9070000
7692.00038909912;21.7766748;21.7786044;0.05464178;21.9620000
7693.00031661987;21.8313431;21.8325466;0.0542193;22.0170000
7694.00024414063;21.8863750;21.8867272;0.05423221;22.0720000
7695.00017166138;21.9413750;21.9412655;0.05444305;22.1270000
7696.00057601929;21.9963750;21.9959825;0.0546205;22.1820000
7697.00050354004;22.0513750;22.0508784;0.05478391;22.2370000
7698.00043106079;22.1063750;22.1056551;0.05477346;22.2920000
7699.00035858154;22.1613750;22.1604317;0.05476342;22.3470000
7700.00028610229;22.2163750;22.2154468;0.05490237;22.4020000
7701.00021362305;22.2713750;22.2704619;0.05497376;22.4580000
7702.0001411438;22.3263968;22.3256558;0.05511594;22.5130000
7703.00054550171;22.3812461;22.3809689;0.05523916;22.5680000
7704.00047302246;22.4370752;22.4369973;0.05577079;22.6240000
7705.00040054321;22.4924287;22.4932641;0.05605628;22.6790000
7706.00032806396;22.5472461;22.5489944;0.05582414;22.7350000
7707.00025558472;22.6030970;22.6047844;0.0557933;22.7900000
7708.00018310547;22.6582780;22.6605147;0.05569302;22.8460000
7709.00058746338;22.7140970;22.7159470;0.05552625;22.9020000
7710.00051498413;22.7692998;22.7714389;0.05543895;22.9570000
7711.00044250488;22.8249463;22.8265732;0.05525379;23.0130000
7712.00037002563;22.8811289;22.8820652;0.05541428;23.0690000
7713.00029754639;22.9362998;22.9372591;0.05525056;23.1250000
7714.00022506714;22.9919681;22.9919165;0.05490908;23.1810000
7715.00015258789;23.0480000;23.0471700;0.05513174;23.2370000
7716.0005569458;23.1040000;23.1027216;0.05540397;23.2930000
7717.00048446655;23.1600000;23.1585115;0.0556262;23.3490000
7718.0004119873;23.2160000;23.2147187;0.05597388;23.4050000
7719.00033950806;23.2720000;23.2713431;0.0563798;23.4610000
7720.00026702881;23.3280000;23.3277887;0.05644289;23.5170000
7721.00019454956;23.3840000;23.3841747;0.05641161;23.5730000
7722.00059890747;23.4400000;23.4404415;0.05633571;23.6300000
7723.00052642822;23.4960218;23.4966487;0.05626754;23.6860000
7724.00045394897;23.5518711;23.5526770;0.05610739;23.7420000
7725.00038146973;23.6087002;23.6091226;0.05632476;23.7990000
7726.00030899048;23.6650537;23.6659855;0.05663673;23.8550000
7727.00023651123;23.7208711;23.7220138;0.05623483;23.9120000
7728.00016403198;23.7777220;23.7781018;0.05615152;23.9680000
7729.00056838989;23.8339030;23.8342494;0.05612117;24.0250000
7730.00049591064;23.8907220;23.8903969;0.05615735;24.0810000
7731.0004234314;23.9469030;23.9464849;0.05607709;24.1380000
7732.00035095215;24.0037220;24.0025729;0.05612853;24.1950000
7733.0002784729;24.0599248;24.0587205;0.05617101;24.2510000
7734.00020599365;24.1165713;24.1148680;0.05618818;24.3080000
7735.0001335144;24.1737539;24.1719097;0.05675637;24.3650000
7736.00053787231;24.2299248;24.2288917;0.05689306;24.4220000
7737.00046539307;24.2865931;24.2855161;0.05674792;24.4790000
7738.00039291382;24.3436250;24.3424982;0.05690172;24.5360000
7739.00032043457;24.4006250;24.3999571;0.05724512;24.5930000
7740.00024795532;24.4576250;24.4576543;0.05753208;24.6500000
7741.00017547607;24.5146250;24.5154112;0.05769203;24.7070000
7742.00057983398;24.5716250;24.5729893;0.05761662;24.7640000
7743.00050735474;24.6286250;24.6303290;0.05746093;24.8210000
7744.00043487549;24.6856250;24.6873110;0.05718966;24.8780000
7745.00036239624;24.7426250;24.7440547;0.05692041;24.9360000
7746.00028991699;24.7996468;24.8006195;0.05667852;24.9930000
7747.00021743774;24.8564961;24.8570055;0.05649818;25.0500000
7748.0001449585;24.9143252;24.9138683;0.05676252;25.1080000
7749.00054931641;24.9716787;24.9710888;0.05700662;25.1650000
7750.00047683716;25.0284961;25.0277728;0.05679025;25.2230000
7751.00040435791;25.0863470;25.0849336;0.05706516;25.2800000
7752.00033187866;25.1435280;25.1422733;0.05722496;25.3380000
7753.00025939941;25.2013470;25.1996726;0.05735172;25.3950000
7754.00018692017;25.2585280;25.2574891;0.05762281;25.4530000
7755.00059127808;25.3163470;25.3152460;0.0577255;25.5100000
7756.00051879883;25.3735280;25.3733009;0.05789303;25.5680000
7757.00044631958;25.4313470;25.4313558;0.05800597;25.6260000
7758.00037384033;25.4885498;25.4894704;0.05805385;25.6840000
7759.00030136108;25.5462181;25.5471677;0.05788006;25.7420000
7760.00022888184;25.6042500;25.6052226;0.05799705;25.7990000
7761.00015640259;25.6622282;25.6632179;0.05797273;25.8570000
7762.0005607605;25.7203789;25.7213324;0.05803757;25.9150000
7763.00048828125;25.7775498;25.7790297;0.05775643;25.9730000
7764.000415802;25.8352181;25.8359522;0.0572265;26.0310000
7765.00034332275;25.8932500;25.8932918;0.05730266;26.0890000
7766.00027084351;25.9512500;25.9506911;0.05738799;26.1470000
7767.00019836426;26.0092500;26.0083288;0.0575767;26.2050000
7768.00060272217;26.0672500;26.0660857;0.05771022;26.2640000
7769.00053024292;26.1252718;26.1240214;0.05784556;26.3220000
7770.00045776367;26.1831211;26.1818975;0.05786988;26.3800000
7771.00038528442;26.2419502;26.2403697;0.05830455;26.4380000
7772.00031280518;26.3002819;26.2996167;0.05885802;26.4970000
7773.00024032593;26.3582718;26.3585657;0.0588883;26.5550000
7774.00016784668;26.4161211;26.4171570;0.05867402;26.6130000
7775.00057220459;26.4749502;26.4758676;0.05874943;26.6720000
7776.00049972534;26.5333037;26.5348166;0.05882903;26.7300000
7777.00042724609;26.5911211;26.5931696;0.05848473;26.7890000
7778.00035476685;26.6499720;26.6513437;0.05831156;26.8470000
7779.0002822876;26.7081530;26.7096370;0.05828;26.9060000
7780.00020980835;26.7669720;26.7679900;0.058342;26.9640000
7781.0001373291;26.8251530;26.8262237;0.05826079;27.0230000
7782.00054168701;26.8839720;26.8843383;0.05821158;27.0820000
7783.00046920776;26.9421748;26.9425720;0.05822041;27.1410000
7784.00039672852;27.0008431;27.0006865;0.05818256;27.1990000
7785.00032424927;27.0598532;27.0594567;0.05854672;27.2580000
7786.00025177002;27.1190039;27.1185249;0.05884341;27.3170000
7787.00017929077;27.1771748;27.1771163;0.05865333;27.3760000
7788.00058364868;27.2358431;27.2353500;0.05843249;27.4350000
7789.00051116943;27.2948750;27.2941798;0.05868866;27.4940000
7790.00043869019;27.3538750;27.3534864;0.05908653;27.5520000
7791.00036621094;27.4128532;27.4130911;0.05942091;27.6110000
7792.00029373169;27.4720039;27.4728149;0.05958832;27.6700000
7793.00022125244;27.5301748;27.5321215;0.05935214;27.7300000
7794.00014877319;27.5888649;27.5907725;0.05891663;27.7890000
7795.0005531311;27.6477461;27.6496023;0.05887702;27.8480000
7796.00048065186;27.7075752;27.7088493;0.05915342;27.9070000
7797.00040817261;27.7669069;27.7685136;0.05946061;27.9660000
7798.00033569336;27.8258750;27.8276414;0.05926338;28.0250000
7799.00026321411;27.8848750;27.8861731;0.05880946;28.0850000
7800.00019073486;27.9438968;27.9444069;0.05845813;28.1440000
7801.00059509277;28.0027461;28.0024618;0.05821802;28.2030000
7802.00052261353;28.0625752;28.0612320;0.05862694;28.2630000
7803.00045013428;28.1219287;28.1205386;0.05903605;28.3220000
7804.00037765503;28.1807461;28.1795472;0.05900485;28.3810000
7805.00030517578;28.2405752;28.2389730;0.05930262;28.4410000
7806.00023269653;28.2999287;28.2988757;0.05965206;28.5000000
7807.00016021729;28.3587461;28.3583015;0.05948516;28.5600000
7808.0005645752;28.4185970;28.4182042;0.05979202;28.6190000
7809.00049209595;28.4777780;28.4784049;0.06002495;28.6790000
7810.0004196167;28.5375970;28.5387248;0.06023291;28.7390000
7811.00034713745;28.5967998;28.5989851;0.06025779;28.7980000
7812.0002746582;28.6564463;28.6587089;0.05995104;28.8580000
7813.00020217896;28.7166289;28.7186116;0.05993668;28.9180000
7814.00060653687;28.7757998;28.7779182;0.05950633;28.9770000
7815.00053405762;28.8354463;28.8369864;0.05923517;29.0370000
7816.00046157837;28.8956289;28.8965315;0.05944825;29.0970000
7817.00038909912;28.9547998;28.9557189;0.05925825;29.1570000
7818.00031661987;29.0144681;29.0145487;0.05900801;29.2170000
7819.00024414063;29.0745000;29.0739745;0.05928056;29.2760000
7820.00017166138;29.1344782;29.1335195;0.05943056;29.3360000
7821.00057601929;29.1946289;29.1934818;0.05976777;29.3960000
7822.00050354004;29.2537998;29.2532653;0.0597758;29.4560000
7823.00043106079;29.3134681;29.3127507;0.05963135;29.5160000
7824.00035858154;29.3735000;29.3728918;0.05997179;29.5760000
7825.00028610229;29.4335000;29.4335693;0.06043009;29.6360000
7826.00021362305;29.4935000;29.4943660;0.06068226;29.6960000
7827.0001411438;29.5535000;29.5550436;0.06069097;29.7570000
7828.00054550171;29.6135218;29.6153635;0.06043967;29.8170000
7829.00047302246;29.6733711;29.6754450;0.06020387;29.8770000
7830.00040054321;29.7342002;29.7356456;0.06023136;29.9370000
7831.00032806396;29.7945319;29.7959655;0.06026243;29.9970000
7832.00025558472;29.8545000;29.8559278;0.06005733;30.0580000
7833.00018310547;29.9145218;29.9154133;0.05969921;30.1180000
7834.00058746338;29.9743711;29.9744815;0.05927001;30.1780000
7835.00051498413;30.0352002;30.0342053;0.05957801;30.2390000
7836.00044250488;30.0955537;30.0944656;0.0599925;30.2990000
7837.00037002563;30.1553711;30.1544875;0.06000206;30.3590000
7838.00029754639;30.2162002;30.2148074;0.06025788;30.4200000
7839.00022506714;30.2765537;30.2757233;0.06063577;30.4800000
7840.00015258789;30.3363711;30.3362220;0.06052147;30.5410000
7841.0005569458;30.3972220;30.3972572;0.06089157;30.6010000
7842.00048446655;30.4574030;30.4587096;0.0612437;30.6620000
7843.0004119873;30.5182220;30.5199832;0.06127435;30.7220000
7844.00033950806;30.5784030;30.5811971;0.06119628;30.7830000
7845.00026702881;30.6392220;30.6417555;0.0608421;30.8430000
7846.00019454956;30.6994030;30.7022542;0.06060902;30.9040000
7847.00059890747;30.7602220;30.7624549;0.06041374;30.9650000
7848.00052642822;30.8204248;30.8223575;0.06007791;31.0250000
7849.00045394897;30.8810713;30.8822602;0.06000727;31.0860000
7850.00038146973;30.9422539;30.9426993;0.06030267;31.1470000
7851.00030899048;31.0024248;31.0030192;0.06027802;31.2080000
7852.00023651123;31.0630931;31.0629815;0.06010712;31.2680000
7853.00016403198;31.1241032;31.1234206;0.06035411;31.3290000
7854.00056838989;31.1852539;31.1842769;0.06070495;31.3900000
7855.00049591064;31.2454248;31.2450141;0.06072054;31.4510000
7856.0004234314;31.3060931;31.3056320;0.06070929;31.5120000
7857.00035095215;31.3671250;31.3668460;0.0610483;31.5730000
7858.0002784729;31.4281250;31.4284772;0.06139199;31.6330000
7859.00020599365;31.4891032;31.4901084;0.06153445;31.6940000
7860.00061035156;31.5502539;31.5516204;0.06151905;31.7550000
7861.00053787231;31.6104248;31.6122383;0.06091495;31.8160000
7862.00046539307;31.6710931;31.6720813;0.06025589;31.8770000
7863.00039291382;31.7321250;31.7322820;0.06021471;31.9380000
7864.00032043457;31.7931250;31.7929000;0.06045287;31.9990000
7865.00024795532;31.8541250;31.8536967;0.06064373;32.0600000
7866.00017547607;31.9151250;31.9145530;0.06074952;32.1220000
7867.00057983398;31.9761468;31.9755286;0.06085813;32.1830000
7868.00050735474;32.0369961;32.0363253;0.06079806;32.2440000
7869.00043487549;32.0988252;32.0974201;0.06102484;32.3050000
7870.00036239624;32.1601569;32.1590513;0.06135841;32.3660000
7871.00028991699;32.2211250;32.2203845;0.06132598;32.4270000
7872.00021743774;32.2821250;32.2814196;0.06113434;32.4890000
7873.0001449585;32.3431468;32.3426336;0.06116325;32.5500000
7874.00054931641;32.4039961;32.4038476;0.0611988;32.6110000
7875.00047683716;32.4658252;32.4655384;0.06150456;32.6720000
7876.00040435791;32.5271569;32.5277060;0.0618765;32.7340000
7877.00033187866;32.5881468;32.5895160;0.06179497;32.7950000
7878.00025939941;32.6489961;32.6506704;0.06134721;32.8560000
7879.00018692017;32.7108252;32.7116460;0.06110208;32.9180000
7880.00059127808;32.7721787;32.7728003;0.06109067;32.9790000
7881.00051879883;32.8329961;32.8336567;0.06092612;33.0410000
7882.00044631958;32.8948470;32.8945726;0.06094909;33.1020000
7883.00037384033;32.9560280;32.9558462;0.06112528;33.1630000
7884.00030136108;33.0178252;33.0169409;0.06114675;33.2250000
7885.00022888184;33.0791787;33.0782741;0.06122907;33.2860000
7886.00015640259;33.1399961;33.1390113;0.06090019;33.3480000
7887.0005607605;33.2018470;33.2001656;0.06113222;33.4090000
7888.00048828125;33.2630280;33.2617968;0.06146401;33.4710000
7889.000415802;33.3248470;33.3235472;0.06167301;33.5320000
7890.00034332275;33.3860280;33.3855957;0.06189203;33.5940000
7891.00027084351;33.4478470;33.4477633;0.06206275;33.6560000
7892.00019836426;33.5090498;33.5099906;0.06216189;33.7170000
7893.00060272217;33.5706963;33.5718602;0.06200473;33.7790000
7894.00053024292;33.6328789;33.6340278;0.06210922;33.8410000
7895.00045776367;33.6940498;33.6958975;0.06191943;33.9020000
7896.00038528442;33.7556963;33.7571114;0.06150075;33.9640000
7897.00031280518;33.8178789;33.8187426;0.06159715;34.0260000
7898.00024032593;33.8790498;33.8799566;0.06135021;34.0870000
7899.00016784668;33.9406963;33.9406937;0.06097214;34.1490000
7900.00057220459;34.0028789;34.0019673;0.06119151;34.2110000
7901.00049972534;34.0640498;34.0631217;0.06117155;34.2720000
7902.00042724609;34.1256963;34.1240972;0.06109657;34.3340000
7903.00035476685;34.1878789;34.1858476;0.06154986;34.3960000
7904.0002822876;34.2490498;34.2477173;0.06171107;34.4580000
7905.00020980835;34.3107181;34.3097657;0.06194476;34.5200000
7906.0001373291;34.3727500;34.3722910;0.06233692;34.5820000
7907.00054168701;34.4347500;34.4351739;0.06266533;34.6430000
7908.00046920776;34.4967282;34.4979972;0.06275511;34.7050000
7909.00039672852;34.5588789;34.5608205;0.06277176;34.7670000
7910.00032424927;34.6200498;34.6228689;0.0622883;34.8290000
7911.00025177002;34.6817181;34.6839636;0.06157753;34.8910000
7912.00017929077;34.7437500;34.7451776;0.06137673;34.9530000
7913.00058364868;34.8057500;34.8066300;0.06141219;35.0150000
7914.00051116943;34.8677500;34.8682612;0.06152859;35.0770000
7915.00043869019;34.9297500;34.9300116;0.06167949;35.1390000
7916.00036621094;34.9917500;34.9914640;0.06157656;35.2010000
7917.00029373169;35.0537500;35.0529760;0.0615813;35.2630000
7918.00022125244;35.1157500;35.1146668;0.06166376;35.3250000
7919.00014877319;35.1777500;35.1764172;0.06173043;35.3870000
7920.0005531311;35.2397500;35.2383464;0.06187562;35.4490000
7921.00048065186;35.3017500;35.3005141;0.06207884;35.5110000
7922.00040817261;35.3637500;35.3629798;0.06235843;35.5730000
7923.00033569336;35.4257500;35.4253858;0.06240525;35.6350000
7924.00026321411;35.4877500;35.4879111;0.06245627;35.6970000
7925.00019073486;35.5497500;35.5504364;0.06247363;35.7590000
7926.00059509277;35.6117500;35.6127828;0.06238059;35.8210000
7927.00052261353;35.6737500;35.6747717;0.06215905;35.8830000
7928.00045013428;35.7357500;35.7365221;0.06188529;35.9450000
7929.00037765503;35.7977500;35.7982129;0.06174057;36.0080000
7930.00030517578;35.8597718;35.8596057;0.06153158;36.0700000
7931.00023269653;35.9216211;35.9209984;0.06144602;36.1320000
7932.00016021729;35.9844502;35.9828681;0.06175485;36.1940000
7933.0005645752;36.0467819;36.0452741;0.06216973;36.2560000
7934.00049209595;36.1087500;36.1073822;0.06213227;36.3180000
7935.0004196167;36.1707500;36.1691922;0.06193253;36.3810000
7936.00034713745;36.2327718;36.2310618;0.06189235;36.4430000
7937.0002746582;36.2946211;36.2933487;0.06212739;36.5050000
7938.00020217896;36.3574502;36.3564700;0.06279063;36.5670000
7939.00060653687;36.4197819;36.4202470;0.06336527;36.6300000
7940.00053405762;36.4817718;36.4834875;0.06326795;36.6920000
7941.00046157837;36.5436211;36.5461320;0.06286222;36.7540000
7942.00038909912;36.6064502;36.6087168;0.06268527;36.8160000
7943.00031661987;36.6687819;36.6713017;0.06257435;36.8790000
7944.00024414063;36.7307718;36.7331713;0.06211282;36.9410000
7945.00017166138;36.7926211;36.7946833;0.06171641;37.0030000
7946.00057601929;36.8554502;36.8564337;0.06180183;37.0660000
7947.00050354004;36.9178037;36.9184822;0.06194084;37.1280000
7948.00043106079;36.9796211;36.9803518;0.0618635;37.1900000
7949.00035858154;37.0424502;37.0423406;0.0619756;37.2520000
7950.00028610229;37.1047819;37.1045679;0.06211127;37.3150000
7951.00021362305;37.1667718;37.1661991;0.06179608;37.3770000
7952.0001411438;37.2286211;37.2277111;0.06160466;37.4390000
7953.00054550171;37.2914502;37.2899979;0.0620797;37.5020000
7954.00047302246;37.3538037;37.3531192;0.06270396;37.5640000
7955.00040054321;37.4156211;37.4160618;0.06283841;37.6270000
7956.00032806396;37.4784720;37.4789447;0.06288017;37.6890000
7957.00025558472;37.5406530;37.5420660;0.06300113;37.7510000
7958.00018310547;37.6034502;37.6048893;0.06290861;37.8140000
7959.00058746338;37.6658037;37.6675934;0.06273336;37.8760000
7960.00051498413;37.7276211;37.7294630;0.06218811;37.9390000
7961.00044250488;37.7904720;37.7912134;0.0619249;38.0010000
7962.00037002563;37.8526530;37.8533810;0.06204499;38.0630000
7963.00029754639;37.9154502;37.9153699;0.06206112;38.1260000
7964.00022506714;37.9778037;37.9775971;0.062151;38.1880000
7965.00015258789;38.0396211;38.0391687;0.06178428;38.2510000
7966.0005569458;38.1024720;38.1008595;0.06175404;38.3130000
7967.00048446655;38.1646530;38.1630868;0.06202503;38.3760000
7968.0004119873;38.2274720;38.2256716;0.06240854;38.4380000
7969.00033950806;38.2896530;38.2886738;0.0627648;38.5000000
7970.00026702881;38.3524502;38.3515567;0.06284452;38.5630000
7971.00019454956;38.4148037;38.4149164;0.0630972;38.6250000
7972.00059890747;38.4766211;38.4777993;0.06293152;38.6880000
7973.00052642822;38.5394720;38.5404438;0.06279071;38.7500000
7974.00045394897;38.6016530;38.6033863;0.06286267;38.8130000
7975.00038146973;38.6644720;38.6661500;0.06283854;38.8130000
7976.00030899048;38.7253001;38.7289733;0.0628446;38.9380000
7977.00023651123;38.7988190;38.7956113;0.06528162;39.0000000
7978.00016403198;38.8002449;38.8283938;0.04264874;39.0630000
7979.00056838989;38.8939088;38.8676733;0.04425956;39.1250000
7980.00049591064;38.9786302;38.9589280;0.07296366;39.1880000
7981.0004234314;39.0394720;39.0371889;0.0753635;39.2500000
7982.00035095215;39.1016530;39.1039461;0.06964777;39.3130000
7983.0002784729;39.1644720;39.1642064;0.06376861;39.3750000
7984.00020599365;39.2266530;39.2223209;0.06033167;39.4380000
7985.00061035156;39.2894720;39.2823428;0.06031399;39.5000000
7986.00053787231;39.3516530;39.3462986;0.06269204;39.5630000
7987.00046539307;39.4144720;39.4131154;0.0652711;39.6250000
7988.00039291382;39.4766530;39.4799322;0.06614393;39.6880000
7989.00032043457;39.5394720;39.5446628;0.06519681;39.7500000
7990.00024795532;39.6016530;39.6072477;0.06350281;39.8130000
7991.00017547607;39.6644720;39.6678656;0.06172412;39.8750000
7992.00057983398;39.7266530;39.7283047;0.06092632;39.9380000
7993.00050735474;39.7894720;39.7892207;0.06099254;40.0000000
7994.00043487549;39.8516530;39.8513883;0.06175588;40.0620000
7995.00036239624;39.9144502;39.9143904;0.06258252;40.1250000
7996.00028991699;39.9768037;39.9780482;0.06318533;40.1870000
7997.00021743774;40.0386211;40.0407523;0.06284885;40.2500000
7998.0001449585;40.1014720;40.1030391;0.06249372;40.3120000
7999.00054931641;40.1636530;40.1648492;0.06204578;40.3750000
8000;40.2264720;40.2262419;0.06168111;40.4370000
8001.00040435791;40.2886530;40.2879924;0.06171171;40.5000000
8002.00080871582;40.3514720;40.3504580;0.06219949;40.5620000
8003.00025939941;40.4136530;40.4138774;0.06296296;40.6250000
8004.00066375732;40.4764720;40.4777139;0.06354417;40.6870000
8005.00011444092;40.5386530;40.5416697;0.06376567;40.7500000
8006.00051879883;40.6014720;40.6050295;0.0634909;40.8120000
8006.99996948242;40.6636530;40.6677335;0.06293157;40.8750000
8008.00037384033;40.7264720;40.7297224;0.06236218;40.9370000
8009.00077819824;40.7886530;40.7914132;0.0619141;41.0000000
8010.00022888184;40.8514720;40.8528060;0.06164293;41.0620000
8011.00063323975;40.9136530;40.9143776;0.06156472;41.1250000
8012.00008392334;40.9764720;40.9763068;0.06179219;41.1870000
8013.00048828125;41.0386530;41.0386532;0.06213737;41.2500000
8013.99993896484;41.1014720;41.1011785;0.06241345;41.3120000
8015.00034332275;41.1636530;41.1635250;0.06234217;41.3750000
8016.00074768066;41.2264720;41.2255734;0.06217485;41.4370000
8017.00019836426;41.2886530;41.2876218;0.06208744;41.5000000
8018.00060272217;41.3514720;41.3497895;0.06218727;41.5620000
8019.00005340576;41.4136530;41.4125532;0.06254477;41.6240000
8020.00045776367;41.4764502;41.4754361;0.0628086;41.6870000
8020.99990844727;41.5388037;41.5386766;0.06304923;41.7490000
8022.00031280518;41.6006211;41.6014403;0.06284355;41.8120000
8023.00071716309;41.6634720;41.6642040;0.06282971;41.8740000
8024.00016784668;41.7256530;41.7270273;0.06278775;41.9370000
8025.00057220459;41.7884720;41.7894930;0.06257588;41.9990000
8026.00002288818;41.8506530;41.8516010;0.06223065;42.0610000
8027.00042724609;41.9134502;41.9132918;0.06192569;42.1240000
8028.000831604;41.9758037;41.9751614;0.06189506;42.1860000
8029.0002822876;42.0376211;42.0364350;0.06150079;42.2490000
8030.00068664551;42.1004720;42.0982450;0.06174162;42.3110000
8031.0001373291;42.1626530;42.1605319;0.06206921;42.3730000
8032.00054168701;42.2254502;42.2232956;0.06251646;42.4360000
8032.99999237061;42.2878037;42.2864169;0.06285693;42.4980000
8034.00039672852;42.3496211;42.3492998;0.06285589;42.5610000
8035.00080108643;42.4124720;42.4123615;0.06302578;42.6230000
8036.00025177002;42.4746530;42.4754232;0.06301058;42.6850000
8037.00065612793;42.5374502;42.5384253;0.06301801;42.7480000
8038.00010681152;42.5998037;42.6014870;0.06301177;42.8100000
8039.00051116943;42.6616211;42.6636547;0.06247277;42.8720000
8039.99996185303;42.7244502;42.7255243;0.06215192;42.9340000
8041.00036621094;42.7867819;42.7876323;0.06209324;42.9970000
8042.00077056885;42.8487718;42.8493828;0.06186046;43.0590000
8043.00022125244;42.9106211;42.9108351;0.06160264;43.1210000
8044.00062561035;42.9734502;42.9727048;0.06179861;43.1840000
8045.00007629395;43.0358037;43.0349916;0.06209812;43.2460000
8046.00048065186;43.0976211;43.0968016;0.06187644;43.3080000
8046.99993133545;43.1604502;43.1589097;0.06203991;43.3700000
8048.00033569336;43.2227819;43.2214945;0.06237561;43.4330000
8049.00074005127;43.2847718;43.2837814;0.06229452;43.4950000
8050.00019073486;43.3466211;43.3457106;0.06204437;43.5570000
8051.00059509277;43.4094502;43.4084147;0.06247735;43.6190000
8052.00004577637;43.4717819;43.4717148;0.06297601;43.6820000
8053.00045013428;43.5337718;43.5345977;0.06289693;43.7440000
8054.00085449219;43.5956211;43.5971230;0.06264219;43.8060000
8055.00030517578;43.6584502;43.6595887;0.0625542;43.8680000
8056.00070953369;43.7207819;43.7219947;0.06242068;43.9300000
8057.00016021729;43.7827500;43.7839240;0.06210313;43.9920000
8058.0005645752;43.8447500;43.8453764;0.06170023;44.0550000
8059.00001525879;43.9067718;43.9067691;0.06150884;44.1170000
8060.0004196167;43.9686211;43.9677447;0.06118255;44.1790000
8061.00082397461;44.0314502;44.0294355;0.06154137;44.2410000
8062.0002746582;44.0937819;44.0918416;0.06207769;44.3030000
8063.00067901611;44.1557500;44.1538304;0.06201605;44.3650000
8064.00012969971;44.2177500;44.2158192;0.06201402;44.4270000
8065.00053405762;44.2797500;44.2778677;0.06202932;44.4890000
8065.99998474121;44.3417500;44.3400353;0.06210385;44.5510000
8067.00038909912;44.4037500;44.4025010;0.06232402;44.6130000
8068.00079345703;44.4657500;44.4653839;0.06266915;44.6750000
8069.00024414063;44.5277500;44.5283264;0.06284581;44.7370000
8070.00064849854;44.5897500;44.5910305;0.06275667;44.7990000
8071.00009918213;44.6517500;44.6532577;0.0624006;44.8610000
8072.00050354004;44.7137500;44.7152466;0.0621258;44.9230000
8072.99995422363;44.7757500;44.7769970;0.06185906;44.9850000
8074.00035858154;44.8377500;44.8386282;0.06170058;45.0470000
8075.00076293945;44.8997500;44.9001998;0.06161682;45.1090000
8076.00021362305;44.9617500;44.9617714;0.06157237;45.1710000
8077.00061798096;45.0237500;45.0234026;0.06161506;45.2330000
8078.00006866455;45.0857500;45.0853318;0.06181701;45.2950000
8079.00047302246;45.1477500;45.1471418;0.06182561;45.3570000
8079.99992370605;45.2097500;45.2090710;0.06191406;45.4180000
8081.00032806396;45.2717282;45.2711791;0.0620598;45.4800000
8082.00073242188;45.3338789;45.3334659;0.06221459;45.5420000
8083.00018310547;45.3950498;45.3954548;0.06203645;45.6040000
8084.00058746338;45.4567181;45.4572052;0.06188598;45.6660000
8085.00003814697;45.5187500;45.5195516;0.06220407;45.7280000
8086.00044250488;45.5807500;45.5820173;0.06237305;45.7890000
8087.00084686279;45.6427282;45.6444234;0.06238357;45.8510000
8088.00029754639;45.7048789;45.7067698;0.06235452;45.9130000
8089.0007019043;45.7660498;45.7682818;0.0617991;45.9740000
8090.00015258789;45.8276963;45.8290189;0.06115917;46.0360000
8091.0005569458;45.8898789;45.8899945;0.06107602;46.0980000
8092.00000762939;45.9510498;45.9509104;0.06094602;46.1590000
8093.0004119873;46.0126963;46.0115880;0.06082876;46.2210000
8094.00081634521;46.0748789;46.0730404;0.06128199;46.2830000
8095.00026702881;46.1360498;46.1343139;0.06122894;46.3440000
8096.00067138672;46.1976963;46.1952895;0.06107473;46.4060000
8097.00012207031;46.2598789;46.2568611;0.06141376;46.4680000
8098.00052642822;46.3210498;46.3185519;0.06159702;46.5290000
8098.99997711182;46.3826963;46.3802427;0.06169923;46.5910000
8100.00038146973;46.4448789;46.4428872;0.06228821;46.6520000
8101.00078582764;46.5060280;46.5054125;0.06241658;46.7140000
8102.00023651123;46.5678470;46.5675801;0.06228743;46.7750000
8103.00064086914;46.6290280;46.6295093;0.06204114;46.8370000
8104.00009155273;46.6908470;46.6909617;0.06169872;46.8980000
8105.00049591064;46.7520280;46.7524141;0.06151827;46.9590000
8105.99994659424;46.8138252;46.8135685;0.06131983;47.0210000
8107.00035095215;46.8751787;46.8747824;0.06123439;47.0820000
8108.00075531006;46.9359961;46.9354600;0.06088038;47.1440000
8109.00020599365;46.9978470;46.9962567;0.06085366;47.2050000
8110.00061035156;47.0590280;47.0574707;0.06105199;47.2660000
8111.00006103516;47.1208252;47.1186250;0.06116452;47.3280000
8112.00046539307;47.1821787;47.1803158;0.0614646;47.3890000
8112.99991607666;47.2429961;47.2415894;0.06131341;47.4500000
8114.00032043457;47.3048252;47.3032206;0.06153252;47.5110000
8115.00072479248;47.3661569;47.3652691;0.06183131;47.5730000
8116.00017547607;47.4271468;47.4269599;0.06172395;47.6340000
8117.00057983398;47.4879961;47.4884719;0.06160094;47.6950000
8118.00003051758;47.5498252;47.5501627;0.06167959;47.7560000
8119.00043487549;47.6111569;47.6122707;0.06190334;47.8170000
8120.0008392334;47.6721250;47.6736635;0.06155926;47.8780000
8121.00028991699;47.7331250;47.7344602;0.06107794;47.9400000
8122.0006942749;47.7941468;47.7950185;0.06074081;48.0010000
8123.0001449585;47.8549961;47.8553981;0.06049717;48.0620000
8124.00054931641;47.9168252;47.9163140;0.06078861;48.1230000
8125;47.9781569;47.9777068;0.06116391;48.1840000
8126.00040435791;48.0391250;48.0387419;0.06109891;48.2450000
8127.00080871582;48.1001250;48.0994195;0.06083199;48.3060000
8128.00025939941;48.1611250;48.1602162;0.06081245;48.3670000
8129.00066375732;48.2221250;48.2211322;0.06088754;48.4270000
8130.00011444092;48.2831032;48.2824653;0.06115856;48.4880000
8131.00051879883;48.3442539;48.3439177;0.06135691;48.5490000
8131.99996948242;48.4044248;48.4051317;0.0612376;48.6100000
8133.00037384033;48.4650931;48.4659880;0.06102005;48.6710000
8134.00077819824;48.5261250;48.5270232;0.06103326;48.7320000
8135.00022888184;48.5871250;48.5884756;0.06127807;48.7920000
8136.00063323975;48.6481032;48.6499280;0.0613757;48.8530000
8137.00008392334;48.7092539;48.7110823;0.0612002;48.9140000
8138.00048828125;48.7694248;48.7716407;0.06076698;48.9750000
8138.99993896484;48.8300931;48.8314837;0.06020994;49.0350000
8140.00034332275;48.8911032;48.8917440;0.06027349;49.0960000
8141.00074768066;48.9522539;48.9522427;0.06042704;49.1570000
8142.00019836426;49.0124248;49.0124434;0.06024132;49.2170000
8143.00060272217;49.0730713;49.0722269;0.05997485;49.2780000
8144.00005340576;49.1342539;49.1326064;0.06022274;49.3380000
8145.00045776367;49.1944030;49.1929263;0.06027151;49.3990000
8146.00086212158;49.2552220;49.2533654;0.06041951;49.4590000
8147.00031280518;49.3154030;49.3140429;0.06055684;49.5200000
8148.00071716309;49.3762220;49.3747801;0.06073412;49.5800000
8149.00016784668;49.4364030;49.4358748;0.06094809;49.6410000
8150.00057220459;49.4972220;49.4970292;0.0611008;49.7010000
8151.00002288818;49.5574030;49.5581835;0.06107942;49.7610000
8152.00042724609;49.6182002;49.6192187;0.06104626;49.8220000
8153.000831604;49.6785537;49.6799558;0.06084668;49.8820000
8154.0002822876;49.7383711;49.7398585;0.06023779;49.9420000
8155.00068664551;49.7992002;49.7997612;0.06003809;50.0030000
8156.0001373291;49.8595537;49.8597830;0.06002726;50.0630000
8157.00054168701;49.9193711;49.9193281;0.05972831;50.1230000
8157.99999237061;49.9802002;49.9791115;0.05980875;50.1830000
8159.00039672852;50.0405319;50.0392526;0.06000277;50.2430000
8160.00080108643;50.1005000;50.0991553;0.05993246;50.3040000
8161.00025177002;50.1605218;50.1587003;0.05971502;50.3640000
8162.00065612793;50.2203711;50.2183050;0.05966714;50.4240000
8163.00010681152;50.2812002;50.2788633;0.06027278;50.4840000
8164.00051116943;50.3415319;50.3403157;0.06098687;50.5440000
8164.99996185303;50.4015000;50.4015297;0.0610925;50.6040000
8166.00036621094;50.4615000;50.4623860;0.06093325;50.6640000
8167.00077056885;50.5215000;50.5228251;0.06061511;50.7240000
8168.00022125244;50.5815000;50.5831450;0.06043315;50.7830000
8169.00062561035;50.6414782;50.6430477;0.06011669;50.8430000
8170.00007629395;50.7016289;50.7030100;0.06003428;50.9030000
8171.00048065186;50.7607998;50.7625550;0.05970636;50.9630000
8171.99993133545;50.8204681;50.8215040;0.05926412;51.0230000
8173.00033569336;50.8805000;50.8808702;0.05935004;51.0820000
8174.00074005127;50.9404782;50.9404749;0.05949557;51.1420000
8175.00019073486;51.0006289;51.0002583;0.05968308;51.2020000
8176.00059509277;51.0597998;51.0594457;0.05934692;51.2610000
8177.00004577637;51.1194463;51.1184543;0.05914658;51.3210000
8178.00045013428;51.1796289;51.1779398;0.05937777;51.3810000
8179.00085449219;51.2387998;51.2374848;0.05944983;51.4400000
8180.00030517578;51.2984463;51.2970298;0.05952827;51.5000000
8181.00070953369;51.3586289;51.3574690;0.06008989;51.5590000
8182.00016021729;51.4177780;51.4179081;0.06025706;51.6190000
8183.0005645752;51.4775970;51.4779895;0.06018291;51.6780000
8184.00001525879;51.5367780;51.5379518;0.06001603;51.7370000
8185.0004196167;51.5965752;51.5977353;0.05987545;51.7970000
8186.00082397461;51.6559287;51.6573399;0.05967652;51.8560000
8187.0002746582;51.7147461;51.7162889;0.0592067;51.9150000
8188.00067901611;51.7745752;51.7751783;0.05902902;51.9750000
8189.00012969971;51.8339287;51.8344253;0.05912501;52.0340000
8190.00053405762;51.8927461;51.8930763;0.05882327;52.0930000
8190.99998474121;51.9525752;51.9521445;0.05902814;52.1520000
8192.00038909912;52.0119069;52.0113319;0.0591314;52.2110000
8193.00079345703;52.0708750;52.0699233;0.05874305;52.2700000
8194.00024414063;52.1298750;52.1285742;0.05870316;52.3300000
8195.00064849854;52.1888968;52.1871656;0.05868483;52.3890000
8196.00009918213;52.2477461;52.2460550;0.058839;52.4480000
8197.00050354004;52.3075752;52.3058385;0.0594735;52.5060000
8197.99995422363;52.3668851;52.3664564;0.0601686;52.5650000
8199.00035858154;52.4260039;52.4266571;0.06016313;52.6240000
8200.00076293945;52.4841748;52.4858445;0.05947999;52.6830000
8201.00021362305;52.5428431;52.5441974;0.05878266;52.7420000
8202.00061798096;52.6018750;52.6029080;0.05872705;52.8010000
8203.00006866455;52.6608750;52.6617974;0.05882729;52.8590000
8204.00047302246;52.7198532;52.7207464;0.05890875;52.9180000
8204.99992370605;52.7790039;52.7799934;0.05908271;52.9770000
8206.00032806396;52.8371748;52.8385848;0.05871516;53.0360000
8207.00073242188;52.8958431;52.8965205;0.05823945;53.0940000
8208.00018310547;52.9548532;52.9544562;0.05806278;53.1530000
8209.00058746338;53.0140039;53.0128091;0.05823864;53.2110000
8210.00003814697;53.0721530;53.0711025;0.05826839;53.2700000
8211.00044250488;53.1309720;53.1292766;0.05827664;53.3280000
8212.00084686279;53.1891530;53.1876296;0.05833211;53.3870000
8213.00029754639;53.2479720;53.2461613;0.05846831;53.4450000
8214.0007019043;53.3061530;53.3050507;0.058693;53.5030000
8215.00015258789;53.3649502;53.3638805;0.05879094;53.5620000
8216.0005569458;53.4233037;53.4230083;0.05895645;53.6200000
8217.00000762939;53.4811211;53.4815401;0.05867126;53.6780000
8218.0004119873;53.5399502;53.5400718;0.05863352;53.7360000
8219.00081634521;53.5982819;53.5987824;0.05865918;53.7950000
8220.00026702881;53.6562718;53.6570162;0.05836724;53.8530000
8221.00067138672;53.7141211;53.7148327;0.05800314;53.9110000
8222.00012207031;53.7729502;53.7728280;0.05805057;53.9690000
8223.00052642822;53.8312819;53.8313597;0.05835485;54.0270000
8223.99997711182;53.8892500;53.8892955;0.05811055;54.0850000
8225.00038146973;53.9472500;53.9468735;0.05776685;54.1430000
8226.00078582764;54.0052500;54.0042132;0.05749175;54.2010000
8227.00023651123;54.0632500;54.0615529;0.05743333;54.2580000
8228.00064086914;54.1212282;54.1190714;0.05750984;54.3160000
8229.00009155273;54.1793789;54.1768879;0.05771496;54.3740000
8230.00049591064;54.2365498;54.2346448;0.05769262;54.4320000
8230.99994659424;54.2942181;54.2922228;0.05763575;54.4900000
8232.00035095215;54.3522500;54.3505162;0.05803232;54.5470000
8233.00075531006;54.4102282;54.4094652;0.05859884;54.6050000
8234.00020599365;54.4683789;54.4684738;0.05883142;54.6620000
8235.00061035156;54.5255280;54.5271248;0.05867688;54.7200000
8236.00006103516;54.5833470;54.5847028;0.05800286;54.7770000
8237.00046539307;54.6405280;54.6418637;0.05744857;54.8350000
8237.99991607666;54.6983470;54.6986073;0.05705591;54.8920000
8239.00032043457;54.7555280;54.7554701;0.05694646;54.9500000
8240.00072479248;54.8133470;54.8122734;0.05689666;55.0070000
8241.00017547607;54.8705280;54.8694342;0.05703408;55.0640000
8242.00057983398;54.9283252;54.9265951;0.05712585;55.1220000
8243.00003051758;54.9856787;54.9838751;0.05717374;55.1220000
8244.00043487549;55.0412523;55.0407380;0.05697835;55.1790000
8245.0008392334;55.1076746;55.1021308;0.05981893;55.2360000
8246.00028991699;55.1177440;55.1360458;0.04142298;55.3500000
8247.0006942749;55.1570510;55.1479071;0.0245259;55.4070000
8248.0001449585;55.2072756;55.1877230;0.03499769;55.4640000
8249.00054931641;55.3115379;55.2741498;0.06931654;55.5210000
8250;55.3874428;55.3865641;0.09461632;55.5780000
8251.00040435791;55.4426250;55.4654807;0.08354501;55.6350000
8252.00080871582;55.4996250;55.5207938;0.06551696;55.6920000
8253.00025939941;55.5566250;55.5653781;0.05253557;55.7490000
8254.00066375732;55.6136250;55.6127041;0.04974382;55.8050000
8255.00011444092;55.6706032;55.6667060;0.05251556;55.8620000
8256.00051879883;55.7277539;55.7239860;0.05551467;55.9190000
8256.99996948242;55.7839248;55.7815641;0.05669527;55.9750000
8258.00037384033;55.8405713;55.8381289;0.05659224;56.0320000
8259.00077819824;55.8977539;55.8947533;0.056579;56.0880000
8260.00022888184;55.9539030;55.9508413;0.05623804;56.1450000
8261.00063323975;56.0107220;56.0070485;0.05627033;56.2010000
8262.00008392334;56.0669030;56.0640901;0.05679944;56.2580000
8263.00048828125;56.1237220;56.1223835;0.05777284;56.3140000
8263.99993896484;56.1799030;56.1806172;0.05801226;56.3700000
8265.00034332275;56.2367002;56.2379569;0.05757665;56.4270000
8266.00074768066;56.2930537;56.2940448;0.05659473;56.4830000
8267.00019836426;56.3488711;56.3490599;0.05556761;56.5390000
8268.00060272217;56.4057002;56.4043134;0.05545717;56.5950000
8269.00005340576;56.4620319;56.4605802;0.05599304;56.6510000
8270.00045776367;56.5180000;56.5175027;0.05659081;56.7070000
8271.00086212158;56.5740000;56.5747827;0.05702506;56.7630000
8272.00031280518;56.6300000;56.6320032;0.05711923;56.8190000
8273.00071716309;56.6860000;56.6885680;0.0567428;56.8750000
8274.00016784668;56.7420000;56.7443579;0.05612804;56.9310000
8275.00057220459;56.7980000;56.7994922;0.05549807;56.9870000
8276.00002288818;56.8540000;56.8543285;0.05510428;57.0430000
8277.00042724609;56.9100000;56.9093436;0.05507021;57.0980000
8278.000831604;56.9659782;56.9648951;0.05539059;57.1540000
8279.0002822876;57.0221289;57.0208639;0.05578187;57.2100000
8280.00068664551;57.0772998;57.0767134;0.05581082;57.2650000
8281.0001373291;57.1329463;57.1322054;0.05566114;57.3210000
8282.00054168701;57.1891289;57.1881145;0.055861;57.3760000
8282.99999237061;57.2442780;57.2437853;0.05571713;57.4320000
8284.00039672852;57.3000970;57.2992176;0.05554556;57.4870000
8285.00080108643;57.3552780;57.3546499;0.05544563;57.5420000
8286.00025177002;57.4110752;57.4102610;0.05559884;57.5980000
8287.00065612793;57.4664287;57.4661106;0.05572201;57.6530000
8288.00010681152;57.5212461;57.5217813;0.05564796;57.7080000
8289.00051116943;57.5770752;57.5777501;0.05590797;57.7630000
8289.99996185303;57.6324069;57.6337188;0.05593202;57.8180000
8291.00036621094;57.6873750;57.6889723;0.05548159;57.8730000
8292.00077056885;57.7423750;57.7436298;0.05495476;57.9280000
8293.00022125244;57.7973750;57.7980488;0.0546236;57.9830000
8294.00062561035;57.8523750;57.8522295;0.05434855;58.0380000
8295.00007629395;57.9073750;57.9063505;0.0541885;58.0930000
8296.00048065186;57.9623750;57.9608887;0.05440403;58.1480000
8296.99993133545;58.0173750;58.0155462;0.05459324;58.2030000
8298.00033569336;58.0723750;58.0703825;0.05476544;58.2570000
8299.00074005127;58.1273532;58.1253380;0.05491921;58.3120000
8300.00019073486;58.1825039;58.1804722;0.05510099;58.3670000
8301.00059509277;58.2366748;58.2353085;0.05490969;58.4210000
8302.00004577637;58.2913213;58.2899660;0.05477864;58.4760000
8303.00045013428;58.3465039;58.3449811;0.05496329;58.5300000
8304.00085449219;58.4006530;58.4002942;0.05512385;58.5850000
8305.00030517578;58.4554720;58.4556073;0.05523849;58.6390000
8306.00070953369;58.5096530;58.5108012;0.05519973;58.6930000
8307.00016021729;58.5644502;58.5656375;0.05501314;58.7480000
8308.0005645752;58.6188037;58.6204141;0.05483624;58.8020000
8309.00001525879;58.6726211;58.6744159;0.05429239;58.8560000
8310.0004196167;58.7274502;58.7281793;0.05400078;58.9100000
8311.00082397461;58.7817819;58.7824196;0.05412696;58.9640000
8312.0002746582;58.8357500;58.8363022;0.05396086;59.0180000
8313.00067901611;58.8897500;58.8900059;0.05378745;59.0720000
8314.00012969971;58.9437500;58.9435309;0.05362485;59.1260000
8315.00053405762;58.9977500;58.9970559;0.05357246;59.1800000
8315.99998474121;59.0517500;59.0505809;0.05354862;59.2340000
8317.00038909912;59.1057500;59.1042846;0.05363337;59.2870000
8318.00079345703;59.1597282;59.1581672;0.05377317;59.3410000
8319.00024414063;59.2138789;59.2122883;0.05400343;59.3950000
8320.00064849854;59.2670498;59.2662305;0.05394674;59.4480000
8321.00009918213;59.3206963;59.3198150;0.05376467;59.5020000
8322.00050354004;59.3748789;59.3739957;0.05406951;59.5550000
8322.99995422363;59.4280280;59.4282359;0.05415728;59.6090000
8324.00035858154;59.4818470;59.4823569;0.05412903;59.6620000
8325.00076293945;59.5350280;59.5364779;0.05408033;59.7150000
8326.00021362305;59.5888252;59.5901221;0.05380912;59.7690000
8327.00061798096;59.6421787;59.6438855;0.05374732;59.8220000
8328.00006866455;59.6949961;59.6968144;0.05326209;59.8750000
8329.00047302246;59.7488252;59.7497433;0.05313402;59.9280000
8329.99992370605;59.8021569;59.8029107;0.05314023;59.9810000
8331.00032806396;59.8551250;59.8557204;0.05291998;60.0340000
8332.00073242188;59.9081250;59.9082321;0.05266472;60.0870000
8333.00018310547;59.9611250;59.9605054;0.05240786;60.1400000
8334.00058746338;60.0141250;60.0127190;0.05229938;60.1930000
8335.00003814697;60.0671250;60.0651711;0.05241178;60.2460000
8336.00044250488;60.1201250;60.1179808;0.05266539;60.2980000
8337.00084686279;60.1731032;60.1710886;0.05295251;60.3510000
8338.00029754639;60.2262539;60.2245539;0.0532855;60.4040000
8339.0007019043;60.2784248;60.2777213;0.05314827;60.4560000
8340.00015258789;60.3310713;60.3305310;0.05295713;60.5090000
8341.0005569458;60.3842539;60.3836983;0.0531024;60.5610000
8342.00000762939;60.4364030;60.4370445;0.05323661;60.6140000
8343.0004119873;60.4892220;60.4900330;0.05311774;60.6660000
8344.00081634521;60.5414030;60.5430812;0.0530729;60.7180000
8345.00026702881;60.5942002;60.5956525;0.05275329;60.7710000
8346.00067138672;60.6465537;60.6482834;0.05261852;60.8230000
8347.00012207031;60.6983711;60.7000798;0.052101;60.8750000
8348.00052642822;60.7512002;60.7518166;0.05190913;60.9270000
8348.99997711182;60.8035319;60.8037919;0.05192266;60.9790000
8350.00038146973;60.8555000;60.8552307;0.05160958;61.0310000
8351.00078582764;60.9075000;60.9066695;0.05149133;61.0830000
8352.00023651123;60.9595000;60.9581083;0.05148313;61.1350000
8353.00064086914;61.0115000;61.0094875;0.05142282;61.1860000
8354.00009155273;61.0634782;61.0612839;0.05166718;61.2380000
8355.00049591064;61.1156289;61.1131996;0.05182666;61.2900000
8355.99994659424;61.1667998;61.1648768;0.05169651;61.3410000
8357.00035095215;61.2184463;61.2161964;0.0514551;61.3930000
8358.00075531006;61.2706289;61.2685293;0.05202144;61.4450000
8359.00020599365;61.3217998;61.3206834;0.05210353;61.4960000
8360.00061035156;61.3734463;61.3727778;0.05214294;61.5470000
8361.00006103516;61.4256071;61.4253491;0.05242578;61.5990000
8362.00046539307;61.4769287;61.4775628;0.05225623;61.6500000
8363.00086975098;61.5277461;61.5290016;0.05172763;61.7010000
8364.00032043457;61.5795752;61.5804404;0.05160088;61.7520000
8365.00072479248;61.6309069;61.6319388;0.05153292;61.8030000
8366.00017547607;61.6818750;61.6829008;0.05115505;61.8540000
8367.00057983398;61.7328750;61.7335647;0.050833;61.9050000
8368.00003051758;61.7838750;61.7839307;0.05054728;61.9560000
8369.00043487549;61.8348750;61.8342966;0.05044486;62.0070000
8370.0008392334;61.8858750;61.8846029;0.05038419;62.0580000
8371.00028991699;61.9368750;61.9352072;0.05053271;62.1090000
8372.0006942749;61.9878750;61.9858712;0.05058945;62.1590000
8373.0001449585;62.0388532;62.0368332;0.05079867;62.2100000
8374.00054931641;62.0900039;62.0877355;0.05086493;62.2610000
8375;62.1401748;62.1383399;0.05066242;62.3110000
8376.00040435791;62.1908213;62.1886462;0.05047876;62.3620000
8377.00080871582;62.2420039;62.2397274;0.05088241;62.4120000
8378.00025939941;62.2921530;62.2908086;0.05098593;62.4620000
8379.00066375732;62.3429502;62.3418301;0.05105299;62.5130000
8380.00011444092;62.3933037;62.3929113;0.05107505;62.5630000
8381.00051879883;62.4431211;62.4435753;0.05081223;62.6130000
8381.99996948242;62.4939502;62.4942988;0.0508053;62.6630000
8383.00037384033;62.5442819;62.5453204;0.05093951;62.7130000
8384.00077819824;62.5942500;62.5956267;0.05050658;62.7630000
8385.00022888184;62.6442500;62.6455754;0.0501391;62.8130000
8386.00063323975;62.6942500;62.6952261;0.0498452;62.8630000
8387.00008392334;62.7442500;62.7448767;0.04975634;62.9120000
8388.00048828125;62.7942282;62.7944678;0.04966139;62.9620000
8388.99993896484;62.8443789;62.8443569;0.04980514;63.0120000
8390.00034332275;62.8935498;62.8937095;0.04949123;63.0610000
8391.00074768066;62.9431963;62.9427642;0.04920998;63.1110000
8392.00019836426;62.9933789;62.9922360;0.04939384;63.1600000
8393.00060272217;63.0425280;63.0415291;0.04930482;63.2100000
8394.00005340576;63.0923470;63.0905837;0.04915458;63.2590000
8395.00045776367;63.1415280;63.1398767;0.04920452;63.3090000
8396.00086212158;63.1913470;63.1894082;0.04945051;63.3580000
8397.00031280518;63.2405280;63.2392377;0.04966998;63.4070000
8398.00071716309;63.2903252;63.2890671;0.04979351;63.4560000
8399.00016784668;63.3396569;63.3391350;0.0499454;63.5050000
8400.00057220459;63.3886250;63.3887857;0.04977582;63.5540000
8401.00002288818;63.4376250;63.4381980;0.04956421;63.6030000
8402.00042724609;63.4866250;63.4872526;0.04924716;63.6520000
8403.000831604;63.5356250;63.5363668;0.04913918;63.7010000
8404.0002822876;63.5846250;63.5853618;0.04904253;63.7490000
8405.00068664551;63.6336032;63.6343568;0.04900096;63.7980000
8406.0001373291;63.6827539;63.6834711;0.04906273;63.8470000
8407.00054168701;63.7309248;63.7318700;0.04861547;63.8950000
8407.99999237061;63.7795713;63.7799710;0.04829449;63.9440000
8409.00039672852;63.8287539;63.8285488;0.04850109;63.9920000
8410.00080108643;63.8769030;63.8767689;0.04832071;64.0400000
8411.00025177002;63.9257002;63.9248699;0.04820501;64.0890000
8412.00065612793;63.9740537;63.9729112;0.04809371;64.1370000
8413.00010681152;64.0218711;64.0205949;0.04784045;64.1850000
8414.00051116943;64.0707002;64.0686363;0.04802926;64.2330000
8414.99996185303;64.1190319;64.1170949;0.04827832;64.2810000
8416.00036621094;64.1670000;64.1652554;0.04820094;64.3290000
8417.00077056885;64.2150000;64.2131776;0.04804492;64.3770000
8418.00022125244;64.2630000;64.2611593;0.04800153;64.4250000
8419.00062561035;64.3110000;64.3094391;0.04817363;64.4730000
8420.00007629395;64.3590000;64.3576592;0.04822373;64.5200000
8421.00048065186;64.4069782;64.4063562;0.04849939;64.5680000
8421.99993133545;64.4551289;64.4551724;0.0486866;64.6160000
8423.00033569336;64.5022998;64.5033926;0.04834633;64.6630000
8424.00074005127;64.5499463;64.5510167;0.04790476;64.7110000
8425.00019073486;64.5981289;64.5988196;0.04786838;64.7580000
8426.00059509277;64.6452780;64.6464437;0.04766695;64.8050000
8427.00004577637;64.6930752;64.6937102;0.04744069;64.8520000
8428.00045013428;64.7404069;64.7410959;0.04737384;64.9000000
8429.00085449219;64.7873968;64.7878855;0.04698457;64.9470000
8430.00030517578;64.8342461;64.8342580;0.04661154;64.9940000
8431.00070953369;64.8820752;64.8808092;0.04662209;65.0410000
8432.00016021729;64.9294069;64.9277180;0.0467797;65.0880000
8433.0005645752;64.9763750;64.9742693;0.046597;65.1350000
8434.00001525879;65.0233750;65.0207609;0.04654456;65.1810000
8435.0004196167;65.0703532;65.0673717;0.04660975;65.2280000
8436.00082397461;65.1175039;65.1142806;0.04680049;65.2750000
8437.0002746582;65.1636748;65.1608914;0.04664581;65.3210000
8438.00067901611;65.2103213;65.2071446;0.04644496;65.3680000
8439.00012969971;65.2575039;65.2542323;0.04688898;65.4140000
8440.00053405762;65.3036530;65.3013199;0.0470012;65.4610000
8440.99998474121;65.3504720;65.3484076;0.04709739;65.5070000
8442.00038909912;65.3966530;65.3955549;0.04710447;65.5530000
8443.00079345703;65.4434502;65.4426426;0.04709881;65.6000000
8444.00024414063;65.4898037;65.4897302;0.04703709;65.6460000
8445.00064849854;65.5356211;65.5360430;0.04656686;65.6920000
8446.00009918213;65.5824502;65.5825943;0.04658086;65.7380000
8447.00050354004;65.6287819;65.6290859;0.04650452;65.7840000
8447.99995422363;65.6747500;65.6751007;0.04617943;65.8290000
8449.00035858154;65.7207282;65.7208174;0.04587095;65.8750000
8450.00076293945;65.7668789;65.7664150;0.04570695;65.9210000
8451.00021362305;65.8120498;65.8113569;0.04519254;65.9670000
8452.00061798096;65.8577181;65.8561200;0.04497447;66.0120000
8453.00006866455;65.9037282;65.9017175;0.0453735;66.0580000
8454.00047302246;65.9498789;65.9479707;0.04591727;66.1030000
8455.00087738037;65.9950280;65.9938663;0.04584411;66.1490000
8456.00032806396;66.0408470;66.0395235;0.04573387;66.1940000
8457.00073242188;66.0860280;66.0851806;0.04568135;66.2390000
8458.00018310547;66.1318252;66.1305398;0.0455211;66.2840000
8459.00058746338;66.1771569;66.1761969;0.04561589;66.3290000
8460.00003814697;66.2221250;66.2213176;0.04530823;66.3290000
8461.00044250488;66.2661431;66.2665576;0.04528195;66.4190000
8462.00084686279;66.3189091;66.3149565;0.04724543;66.4640000
8463.00029754639;66.3198127;66.3380235;0.03033224;66.5090000
8464.0007019043;66.3872001;66.3662761;0.03205397;66.5540000
8465.00015258789;66.4485601;66.4367288;0.05558729;66.5990000
8466.0005569458;66.4921250;66.4972275;0.05789485;66.6430000
8467.00000762939;66.5371032;66.5466398;0.0523071;66.6880000
8468.0004119873;66.5822539;66.5891379;0.04611561;66.7320000
8469.00081634521;66.6264030;66.6280001;0.04164152;66.7770000
8470.00026702881;66.6712220;66.6678160;0.04067324;66.8210000
8471.00067138672;66.7154030;66.7115062;0.04271394;66.8650000
8472.00012207031;66.7602002;66.7581171;0.0451773;66.9090000
8473.00052642822;66.8045319;66.8052643;0.04631837;66.9540000
8473.99997711182;66.8485218;66.8504447;0.0455234;66.9980000
8475.00038146973;66.8923711;66.8940753;0.0442856;67.0420000
8476.00078582764;66.9372002;66.9369906;0.04346049;67.0860000
8477.00023651123;66.9815319;66.9802040;0.04333196;67.1290000
8478.00064086914;67.0254782;67.0235366;0.04335071;67.1730000
8479.00009155273;67.0696289;67.0677632;0.04390572;67.2170000
8480.00049591064;67.1127998;67.1118706;0.04399059;67.2610000
8480.99994659424;67.1564681;67.1555608;0.04377785;67.3040000
8482.00035095215;67.2004782;67.1994895;0.04385153;67.3480000
8483.00075531006;67.2446289;67.2434181;0.04390007;67.3910000
8484.00020599365;67.2877780;67.2868699;0.04359008;67.4340000
8485.00061035156;67.3315752;67.3302025;0.04347906;67.4780000
8486.00006103516;67.3749287;67.3740119;0.04369557;67.5210000
8487.00046539307;67.4177461;67.4177617;0.04374839;67.5640000
8488.00086975098;67.4615752;67.4619287;0.04402045;67.6070000
8489.00032043457;67.5049069;67.5063938;0.04425881;67.6500000
8490.00072479248;67.5478750;67.5500244;0.04383889;67.6930000
8491.00017547607;67.5908750;67.5928801;0.04317732;67.7360000
8492.00057983398;67.6338750;67.6350802;0.04254575;67.7790000
8493.00003051758;67.6768750;67.6770419;0.04217716;67.8210000
8494.00043487549;67.7198532;67.7190632;0.04208224;67.8640000
8495.0008392334;67.7630039;67.7618593;0.04252416;67.9070000
8496.00028991699;67.8051748;67.8044170;0.04254203;67.9490000
8497.0006942749;67.8478213;67.8468555;0.04250679;67.9920000
8498.0001449585;67.8910039;67.8897113;0.04273747;68.0340000
8499.00054931641;67.9331530;67.9321498;0.04252948;68.0760000
8500;67.9759502;67.9740518;0.04216926;68.1180000
8501.00040435791;68.0182819;68.0160135;0.04204676;68.1610000
8502.00080871582;68.0602718;68.0576771;0.04181379;68.2030000
8503.00025939941;68.1021211;68.0990428;0.04153813;68.2450000
8504.00066375732;68.1449502;68.1413025;0.04202835;68.2870000
8505.00011444092;68.1872819;68.1843370;0.04265783;68.3280000
8506.00051879883;68.2292282;68.2272524;0.04281351;68.3700000
8506.99996948242;68.2713789;68.2701081;0.04285282;68.4120000
8508.00037384033;68.3125498;68.3122486;0.04237375;68.4540000
8509.00077819824;68.3542181;68.3539122;0.04198426;68.4950000
8510.00022888184;68.3962282;68.3959931;0.04207345;68.5370000
8511.00063323975;68.4383789;68.4384316;0.0423195;68.5780000
8512.00008392334;68.4795280;68.4805721;0.04219102;68.6190000
8513.00048828125;68.5213252;68.5221165;0.04180999;68.6610000
8513.99993896484;68.5626787;68.5638398;0.04174484;68.7020000
8515.00034332275;68.6034961;68.6048478;0.04125105;68.7430000
8516.00074768066;68.6453252;68.6459750;0.04119843;68.7840000
8517.00019836426;68.6866569;68.6874002;0.04136107;68.8250000
8518.00060272217;68.7276250;68.7283486;0.04110469;68.8660000
8519.00005340576;68.7686250;68.7692374;0.04096662;68.9070000
8520.00045776367;68.8096250;68.8097685;0.04071163;68.9470000
8521.00086212158;68.8506032;68.8504189;0.04064094;68.9880000
8522.00031280518;68.8917539;68.8911885;0.04072092;69.0290000
8523.00071716309;68.9319248;68.9314216;0.04035445;69.0690000
8524.00016784668;68.9725713;68.9712971;0.04008441;69.1100000
8525.00057220459;69.0137539;69.0117687;0.04034165;69.1500000
8526.00002288818;69.0539030;69.0521210;0.04033243;69.1900000
8527.00042724609;69.0947002;69.0924138;0.04032217;69.2310000
8528.000831604;69.1350537;69.1327661;0.04032119;69.2710000
8529.0002822876;69.1748711;69.1727012;0.04008267;69.3110000
8530.00068664551;69.2157002;69.2131728;0.04036879;69.3510000
8531.0001373291;69.2560319;69.2544192;0.04089387;69.3910000
8532.00054168701;69.2960000;69.2950696;0.04074749;69.4310000
8532.99999237061;69.3360000;69.3353623;0.04042752;69.4710000
8534.00039672852;69.3760000;69.3756550;0.04035268;69.5100000
8535.00080108643;69.4159782;69.4158286;0.04024559;69.5500000
8536.00025177002;69.4561289;69.4561809;0.04030184;69.5890000
8537.00065612793;69.4952780;69.4960564;0.04000237;69.6290000
8538.00010681152;69.5350970;69.5356339;0.0397591;69.6680000
8539.00051116943;69.5742780;69.5751518;0.03958593;69.7080000
8539.99996185303;69.6140970;69.6146101;0.0395189;69.7470000
8541.00036621094;69.6532780;69.6539491;0.0393591;69.7860000
8542.00077056885;69.6930752;69.6933478;0.03938677;69.8250000
8543.00022125244;69.7324069;69.7329253;0.03949111;69.8640000
8544.00062561035;69.7713750;69.7717279;0.03904316;69.9030000
8545.00007629395;69.8103750;69.8104113;0.03880949;69.9420000
8546.00048065186;69.8493750;69.8487967;0.03852773;69.9810000
8546.99993133545;69.8883750;69.8873013;0.0384889;70.0200000
8548.00033569336;69.9273750;69.9259847;0.03860596;70.0580000
8549.00074005127;69.9663532;69.9644893;0.03852182;70.0970000
8550.00019073486;70.0055039;70.0034112;0.0387714;70.1350000
8551.00059509277;70.0436530;70.0419754;0.03862179;70.1740000
8552.00004577637;70.0824720;70.0805396;0.03862007;70.2120000
8553.00045013428;70.1206530;70.1189250;0.03847334;70.2510000
8554.00085449219;70.1594720;70.1573700;0.03850187;70.2890000
8555.00030517578;70.1976530;70.1959342;0.03852659;70.3270000
8556.00070953369;70.2364502;70.2347368;0.03873076;70.3650000
8557.00016021729;70.2747819;70.2738374;0.03895492;70.4030000
8558.0005645752;70.3127500;70.3123420;0.03869411;70.4410000
8559.00001525879;70.3507500;70.3506082;0.0384342;70.4790000
8560.0004196167;70.3887500;70.3888744;0.0383335;70.5160000
8561.00082397461;70.4267282;70.4270810;0.03824812;70.5540000
8562.0002746582;70.4648789;70.4653472;0.03826689;70.5920000
8563.00067901611;70.5020498;70.5032557;0.03801453;70.6290000
8564.00012969971;70.5396963;70.5407470;0.03771321;70.6670000
8565.00053405762;70.5778789;70.5787152;0.03786488;70.7040000
8565.99998474121;70.6150280;70.6164449;0.03775811;70.7410000
8567.00038909912;70.6528252;70.6537574;0.03750302;70.7780000
8568.00079345703;70.6901569;70.6912488;0.03748996;70.8160000
8569.00024414063;70.7271468;70.7280844;0.03708686;70.8530000
8570.00064849854;70.7639961;70.7646221;0.03673881;70.8900000
8571.00009918213;70.8018252;70.8014578;0.0368154;70.9260000
8572.00050354004;70.8391351;70.8387703;0.03710648;70.9630000
8572.99995422363;70.8762539;70.8759040;0.03712932;70.9630000
8574.00035858154;70.9116174;70.9123820;0.03671067;71.0370000
8575.00076293945;70.9546711;70.9509462;0.03791663;71.0730000
8576.00021362305;70.9554242;70.9695429;0.02443646;71.1100000
8577.00061798096;71.0109823;70.9913582;0.02523975;71.1460000
8578.00006866455;71.0605829;71.0480422;0.04454525;71.1460000
8579.00047302246;71.0954147;71.0975736;0.04712503;71.2190000
8580.00087738037;71.1379810;71.1412042;0.04468605;71.2550000
8581.00032806396;71.1385212;71.1581319;0.02585457;71.2910000
8582.00073242188;71.1932603;71.1760729;0.02341694;71.3270000
8583.00018310547;71.2426800;71.2303728;0.04247713;71.3630000
8584.00058746338;71.2775000;71.2788314;0.04571978;71.3990000
8585.00003814697;71.3135000;71.3201374;0.04275226;71.4350000
8586.00044250488;71.3495000;71.3559598;0.0383368;71.4710000
8587.00084686279;71.3855000;71.3884443;0.03470405;71.5060000
8588.00029754639;71.4214782;71.4208096;0.03332244;71.5420000
8589.0007019043;71.4576289;71.4546055;0.03371855;71.5780000
8590.00015258789;71.4927998;71.4899510;0.03477419;71.6130000
8591.0005569458;71.5284463;71.5263098;0.03577276;71.6480000
8592.00000762939;71.5646071;71.5640396;0.03697116;71.6840000
8593.0004119873;71.5999287;71.6012329;0.03703768;71.7190000
8594.00081634521;71.6347461;71.6368169;0.03608107;71.7540000
8595.00026702881;71.6705752;71.6715664;0.03526762;71.7890000
8596.00067138672;71.7059069;71.7061967;0.03488448;71.8240000
8597.00012207031;71.7408750;71.7402905;0.03439765;71.8590000
8598.00052642822;71.7758750;71.7745632;0.03431947;71.8940000
8598.99997711182;71.8108750;71.8091339;0.03450154;71.9280000
8600.00038146973;71.8458532;71.8439430;0.03470496;71.9630000
8601.00078582764;71.8810039;71.8792885;0.03510739;71.9970000
8602.00023651123;71.9151530;71.9143361;0.03502911;72.0320000
8603.00064086914;71.9499720;71.9487876;0.03466094;72.0660000
8604.00009155273;71.9841530;71.9830006;0.0343426;72.1010000
8605.00049591064;72.0189720;72.0169157;0.03410817;72.1350000
8605.99994659424;72.0531530;72.0510095;0.03405819;72.1690000
8607.00035095215;72.0879502;72.0852822;0.03420713;72.2030000
8608.00075531006;72.1222819;72.1199721;0.03448676;72.2370000
8609.00020599365;72.1562500;72.1543044;0.03437977;72.2710000
8610.00061035156;72.1902500;72.1884578;0.03423442;72.3050000
8611.00006103516;72.2242500;72.2226113;0.03420256;72.3390000
8612.00046539307;72.2582500;72.2568840;0.03426633;72.3730000
8613.00086975098;72.2922500;72.2912162;0.03431066;72.4060000
8614.00032043457;72.3262282;72.3256081;0.03436767;72.4400000
8615.00072479248;72.3603789;72.3602384;0.03454721;72.4730000
8616.00017547607;72.3935280;72.3943919;0.0342778;72.5070000
8617.00057983398;72.4273470;72.4280685;0.03390457;72.5400000
8618.00003051758;72.4605280;72.4616855;0.03366705;72.5730000
8619.00043487549;72.4943252;72.4950641;0.03352954;72.6060000
8620.0008392334;72.5276569;72.5286812;0.03357594;72.6390000
8621.00028991699;72.5606250;72.5620001;0.03338209;72.6720000
8622.0006942749;72.5936250;72.5949615;0.03308862;72.7050000
8623.0001449585;72.6266250;72.6277441;0.03288937;72.7380000
8624.00054931641;72.6596250;72.6602882;0.03267024;72.7710000
8625;72.6926250;72.6928919;0.03263654;72.8040000
8626.00040435791;72.7256250;72.7256149;0.0326899;72.8360000
8627.00080871582;72.7586032;72.7585763;0.03285375;72.8360000
8628.00025939941;72.7910339;72.7915972;0.03298897;72.9010000
8629.00066375732;72.8288779;72.8264064;0.03409916;72.9330000
8630.00011444092;72.8293379;72.8429168;0.02184076;72.9660000
8631.00051879883;72.8781088;72.8620499;0.022293;72.9980000
8631.99996948242;72.9219235;72.9125351;0.0396029;73.0300000
8633.00037384033;72.9537002;72.9561061;0.04158513;73.0620000
8634.00077819824;72.9860319;72.9920477;0.03780384;73.0940000
8635.00022888184;73.0180000;73.0222076;0.03297549;73.1260000
8636.00063323975;73.0500000;73.0501026;0.02986829;73.1580000
8637.00008392334;73.0820000;73.0791300;0.0294379;73.1890000
8638.00048828125;73.1139782;73.1101841;0.03050726;73.2210000
8638.99993896484;73.1461289;73.1429666;0.03193366;73.2530000
8640.00034332275;73.1772998;73.1755108;0.03224077;73.2840000
8641.00074768066;73.2089463;73.2068628;0.03166367;73.3160000
8642.00019836426;73.2411289;73.2381552;0.03147163;73.3470000
8643.00060272217;73.2722780;73.2692093;0.03121234;73.3780000
8644.00005340576;73.3040752;73.3006209;0.03139779;73.4090000
8645.00045776367;73.3354069;73.3329266;0.03195961;73.4400000
8646.00086212158;73.3663750;73.3652919;0.03220804;73.4710000
8647.00031280518;73.3973750;73.3975381;0.03218987;73.5020000
8648.00071716309;73.4283750;73.4291285;0.03180502;73.5330000
8649.00016784668;73.4593750;73.4600633;0.03125381;73.5640000
8650.00057220459;73.4903750;73.4905213;0.03075221;73.5950000
8651.00002288818;73.5213750;73.5210985;0.03062493;73.6250000
8652.00042724609;73.5523532;73.5518545;0.03073885;73.6560000
8653.000831604;73.5835039;73.5829681;0.03099581;73.6860000
8654.0002822876;73.6136530;73.6137837;0.03083398;73.7170000
8655.00068664551;73.6444720;73.6444205;0.03072136;73.7470000
8656.0001373291;73.6746530;73.6748189;0.03050352;73.7770000
8657.00054168701;73.7054502;73.7050980;0.03035895;73.8070000
8657.99999237061;73.7357819;73.7352580;0.03021812;73.8370000
8659.00039672852;73.7657500;73.7650603;0.0299337;73.8670000
8660.00080108643;73.7957500;73.7946242;0.02970669;73.8970000
8661.00025177002;73.8257500;73.8241285;0.0296121;73.9270000
8662.00065612793;73.8557500;73.8538116;0.02968381;73.9570000
8663.00010681152;73.8857500;73.8837331;0.0298391;73.9860000
8664.00051116943;73.9157282;73.9137739;0.02998071;74.0160000
8664.99996185303;73.9458789;73.9438146;0.03004297;74.0450000
8666.00036621094;73.9750280;73.9732593;0.02966088;74.0750000
8667.00077056885;74.0048470;74.0023464;0.02933313;74.1040000
8668.00022125244;74.0340280;74.0314931;0.02920717;74.1330000
8669.00062561035;74.0638252;74.0608185;0.02932916;74.1620000
8670.00007629395;74.0931569;74.0905017;0.029519;74.1920000
8671.00048065186;74.1221468;74.1197675;0.02935719;74.2210000
8672.00088500977;74.1509961;74.1486162;0.02901095;74.2490000
8673.00033569336;74.1808034;74.1782397;0.02943807;74.2780000
8674.00074005127;74.2102858;74.2085189;0.0299693;74.3070000
8675.00019073486;74.2384248;74.2380232;0.0296169;74.3360000
8676.00059509277;74.2670931;74.2666334;0.02899844;74.3640000
8677.00004577637;74.2961032;74.2953032;0.02880122;74.3930000
8678.00045013428;74.3252539;74.3243307;0.02894018;74.3930000
8679.00085449219;74.3527920;74.3532389;0.0289176;74.4500000
8680.00030517578;74.3864432;74.3839949;0.0301006;74.4780000
8681.00070953369;74.3871864;74.3992537;0.01964763;74.5060000
8682.00016021729;74.4299136;74.4165391;0.02011257;74.5340000
8683.0005645752;74.4684248;74.4621962;0.03583301;74.5620000
8684.00001525879;74.4955000;74.5012373;0.03734749;74.5900000
8685.0004196167;74.5235000;74.5325893;0.03341043;74.6180000
8686.00082397461;74.5515000;74.5586365;0.02876703;74.6460000
8687.0002746582;74.5795000;74.5828360;0.02596192;74.6740000
8688.00067901611;74.6075000;74.6078104;0.02544195;74.7010000
8689.00012969971;74.6354782;74.6348113;0.02646503;74.7290000
8690.00053405762;74.6636289;74.6631831;0.02766697;74.7560000
8690.99998474121;74.6907780;74.6914953;0.02799416;74.7840000
8692.00038909912;74.7185970;74.7190326;0.02769464;74.8110000
8693.00079345703;74.7457780;74.7459739;0.02717149;74.8380000
8694.00024414063;74.7735752;74.7726172;0.02685368;74.8660000
8695.00064849854;74.8009287;74.7993797;0.02678641;74.8930000
8696.00009918213;74.8277461;74.8260826;0.0267412;74.9200000
8697.00050354004;74.8555752;74.8535603;0.02725273;74.9470000
8697.99995422363;74.8829069;74.8816341;0.02773673;74.9730000
8699.00035858154;74.9098532;74.9092311;0.02762571;75.0000000
8700.00076293945;74.9370039;74.9361128;0.02715303;75.0270000
8701.00021362305;74.9631748;74.9619216;0.02627696;75.0530000
8702.00061798096;74.9898213;74.9872535;0.0257325;75.0800000
8703.00006866455;75.0170039;75.0133604;0.02600533;75.1060000
8704.00047302246;75.0431530;75.0400036;0.02638629;75.1330000
8705.00087738037;75.0699720;75.0669449;0.02679495;75.1590000
8706.00032806396;75.0961530;75.0939459;0.02689078;75.1850000
8707.00073242188;75.1229502;75.1208872;0.02694421;75.2110000
8708.00018310547;75.1492819;75.1476496;0.02683502;75.2370000
8709.00058746338;75.1752500;75.1735777;0.02626054;75.2630000
8710.00003814697;75.2012500;75.1993269;0.0259593;75.2890000
8711.00044250488;75.2272500;75.2252549;0.02596134;75.3150000
8712.00084686279;75.2532500;75.2514213;0.02610775;75.3410000
8713.00029754639;75.2792500;75.2778858;0.02633336;75.3660000
8714.0007019043;75.3052282;75.3044695;0.02650488;75.3920000
8715.00015258789;75.3313789;75.3311723;0.02663433;75.4170000
8716.0005569458;75.3565280;75.3572196;0.0262396;75.4430000
8717.00000762939;75.3823470;75.3828496;0.02587374;75.4680000
8718.0004119873;75.4075280;75.4082411;0.0255733;75.4930000
8719.00081634521;75.4333252;75.4335135;0.02537527;75.5190000
8720.00026702881;75.4586787;75.4590839;0.02548718;75.5440000
8721.00067138672;75.4834961;75.4840583;0.02515463;75.5690000
8722.00012207031;75.5093252;75.5093902;0.02530067;75.5940000
8723.00052642822;75.5346569;75.5350798;0.02553367;75.6180000
8723.99997711182;75.5596032;75.5604118;0.02538964;75.6430000
8725.00038146973;75.5847539;75.5853861;0.02511688;75.6680000
8726.00078582764;75.6089248;75.6097644;0.02461303;75.6920000
8727.00023651123;75.6335713;75.6336063;0.02416394;75.7170000
8728.00064086914;75.6587539;75.6579846;0.02432824;75.7410000
8729.00009155273;75.6829030;75.6825417;0.0244689;75.7660000
8730.00049591064;75.7077220;75.7070392;0.02452959;75.7900000
8730.99994659424;75.7319030;75.7315367;0.02449827;75.8140000
8732.00035095215;75.7567002;75.7559746;0.0244728;75.8380000
8733.00075531006;75.7810319;75.7804125;0.02443504;75.8620000
8734.00020599365;75.8050000;75.8041948;0.02401305;75.8860000
8735.00061035156;75.8290000;75.8279174;0.02381834;75.9100000
8736.00006103516;75.8530000;75.8515805;0.02375203;75.9340000
8737.00046539307;75.8770000;75.8753031;0.02373997;75.9580000
8738.00086975098;75.9010000;75.8991450;0.02380216;75.9810000
8739.00032043457;75.9249782;75.9230465;0.02388463;76.0050000
8740.00072479248;75.9491289;75.9471267;0.02398103;76.0280000
8741.00017547607;75.9722780;75.9708494;0.02380193;76.0520000
8742.00057983398;75.9960970;75.9942144;0.02355916;76.0750000
8743.00003051758;76.0192780;76.0177582;0.02351866;76.0980000
8744.00043487549;76.0430752;76.0413617;0.02360932;76.1220000
8745.0008392334;76.0664287;76.0651439;0.02369821;76.1450000
8746.00028991699;76.0892461;76.0883897;0.02340241;76.1680000
8747.0006942749;76.1130752;76.1115760;0.02330176;76.1910000
8748.0001449585;76.1364069;76.1350602;0.02340255;76.2140000
8749.00054931641;76.1593750;76.1581868;0.02321204;76.2360000
8750;76.1823532;76.1811346;0.02305163;76.2590000
8751.00040435791;76.2055039;76.2042612;0.02310829;76.2820000
8752.00080871582;76.2276748;76.2270898;0.02292474;76.3040000
8753.00025939941;76.2503213;76.2497395;0.02274903;76.3270000
8754.00066375732;76.2735039;76.2729853;0.02307095;76.3490000
8755.00011444092;76.2956530;76.2959331;0.02297087;76.3710000
8756.00051879883;76.3184502;76.3188213;0.02293986;76.3930000
8756.99996948242;76.3407819;76.3416499;0.02283374;76.4160000
8758.00037384033;76.3627718;76.3639420;0.02249164;76.4380000
8759.00077819824;76.3846211;76.3858765;0.02216969;76.4600000
8760.00022888184;76.4074502;76.4081091;0.02224775;76.4820000
8761.00063323975;76.4297819;76.4307588;0.02248391;76.5030000
8762.00008392334;76.4517282;76.4529318;0.02229396;76.5250000
8763.00048828125;76.4738789;76.4749259;0.0220989;76.5470000
8764.00089263916;76.4950498;76.4965624;0.02178312;76.5680000
8765.00034332275;76.5166963;76.5177220;0.02142972;76.5900000
8766.00074768066;76.5388789;76.5392393;0.0215105;76.6110000
8767.00019836426;76.5600280;76.5609354;0.02159379;76.6330000
8768.00060272217;76.5818470;76.5823334;0.02148823;76.6540000
8769.00005340576;76.6030280;76.6037911;0.02143569;76.6750000
8770.00045776367;76.6248252;76.6251296;0.02139458;76.6960000
8771.00086212158;76.6461569;76.6465872;0.02139915;76.7170000
8772.00031280518;76.6671250;76.6675681;0.02112521;76.7380000
8773.00071716309;76.6881250;76.6884297;0.02097117;76.7590000
8774.00016784668;76.7091250;76.7092913;0.02090585;76.7800000
8775.00057220459;76.7301250;76.7301530;0.02086083;76.8010000
8776.00002288818;76.7511250;76.7510146;0.02085097;76.8210000
8777.00042724609;76.7721032;76.7717570;0.02078204;76.8420000
8778.000831604;76.7932539;76.7924994;0.02074447;76.8620000
8779.0002822876;76.8134030;76.8130034;0.0205558;76.8830000
8780.00068664551;76.8342220;76.8330306;0.02025643;76.9030000
8781.0001373291;76.8544030;76.8531769;0.02017603;76.9230000
8782.00054168701;76.8752002;76.8735617;0.02033205;76.9440000
8782.99999237061;76.8955537;76.8941849;0.02051185;76.9640000
8784.00039672852;76.9153711;76.9141525;0.02014583;76.9840000
8785.00080108643;76.9362002;76.9341797;0.02011168;77.0040000
8786.00025177002;76.9565319;76.9546240;0.02029803;77.0240000
8787.00065612793;76.9765000;76.9744724;0.02001566;77.0430000
8788.00010681152;76.9964782;76.9942611;0.01984891;77.0630000
8789.00051116943;77.0166289;77.0142287;0.01990793;77.0830000
8789.99996185303;77.0357998;77.0338386;0.01967318;77.1020000
8791.00036621094;77.0554463;77.0532697;0.01952172;77.1220000
8792.00077056885;77.0756289;77.0731181;0.01975696;77.1410000
8793.00022125244;77.0947780;77.0929068;0.01974529;77.1600000
8794.00062561035;77.1145752;77.1123975;0.01961415;77.1800000
8795.00007629395;77.1339287;77.1320075;0.01960419;77.1990000
8796.00048065186;77.1527461;77.1510214;0.01922324;77.2180000
8797.00088500977;77.1725752;77.1702737;0.01927496;77.2370000
8798.00033569336;77.1919069;77.1903008;0.01971948;77.2560000
8799.00074005127;77.2108750;77.2100300;0.01971846;77.2750000
8800.00019073486;77.2298750;77.2294611;0.01952691;77.2940000
8801.00059509277;77.2488750;77.2485942;0.01925356;77.3120000
8802.00004577637;77.2678532;77.2676080;0.01905885;77.3310000
8803.00045013428;77.2870039;77.2865027;0.01898249;77.3500000
8804.00085449219;77.3051748;77.3049205;0.01862275;77.3680000
8805.00030517578;77.3238213;77.3231596;0.01840001;77.3860000
8806.00070953369;77.3429821;77.3421734;0.01879604;77.4050000
8807.00016021729;77.3613037;77.3613065;0.01897021;77.4230000
8808.0005645752;77.3791211;77.3798436;0.01867748;77.4410000
8809.00001525879;77.3979502;77.3982614;0.01855517;77.4590000
8810.0004196167;77.4162819;77.4170369;0.01868107;77.4770000
8811.00082397461;77.4342500;77.4350971;0.018285;77.4950000
8812.0002746582;77.4522500;77.4528593;0.01795018;77.5130000
8813.00067901611;77.4702500;77.4705619;0.01779062;77.5310000
8814.00012969971;77.4882500;77.4885029;0.01790757;77.5490000
8815.00053405762;77.5062500;77.5064439;0.01794407;77.5660000
8815.99998474121;77.5242282;77.5245637;0.01806503;77.5840000
8817.00038909912;77.5423789;77.5428027;0.01818452;77.6010000
8818.00079345703;77.5595280;77.5605649;0.01788352;77.6190000
8819.00024414063;77.5773470;77.5777906;0.01748794;77.6360000
8820.00064849854;77.5945280;77.5948375;0.01720036;77.6530000
8821.00009918213;77.6123252;77.6119441;0.01715535;77.6710000
8822.00050354004;77.6296787;77.6293486;0.01729139;77.6880000
8822.99995422363;77.6464961;77.6462763;0.01706458;77.7050000
8824.00035858154;77.6643252;77.6632637;0.01706513;77.7220000
8825.00076293945;77.6816569;77.6808470;0.01735595;77.7390000
8826.00021362305;77.6986250;77.6981324;0.01727525;77.7550000
8827.00061798096;77.7156032;77.7152985;0.01717717;77.7720000
8828.00006866455;77.7327539;77.7323455;0.01708443;77.7890000
8829.00047302246;77.7489248;77.7489751;0.01676215;77.8050000
8830.00087738037;77.7655713;77.7649492;0.01629212;77.8220000
8831.00032806396;77.7827539;77.7812213;0.01628966;77.8380000
8832.00073242188;77.7989030;77.7975529;0.01628227;77.8550000
8833.00018310547;77.8157220;77.8139442;0.0163398;77.8710000
8834.00058746338;77.8319030;77.8303355;0.01636768;77.8870000
8835.00003814697;77.8487002;77.8467864;0.01645737;77.9030000
8836.00044250488;77.8650319;77.8633565;0.01651516;77.9190000
8837.00084686279;77.8810000;77.8796881;0.01640108;77.9350000
8838.00029754639;77.8970000;77.8956026;0.01609475;77.9510000
8839.0007019043;77.9130000;77.9113382;0.015852;77.9670000
8840.00015258789;77.9290000;77.9270738;0.01576297;77.9830000
8841.0005569458;77.9450000;77.9426902;0.01566114;77.9990000
8842.00000762939;77.9610000;77.9584259;0.01569625;78.0140000
8843.0004119873;77.9769782;77.9743999;0.01588253;78.0300000
8844.00081634521;77.9931289;77.9904932;0.01603302;78.0450000
8845.00026702881;78.0082780;78.0064672;0.01595939;78.0610000
8846.00067138672;78.0240970;78.0221432;0.01579124;78.0760000
8847.00012207031;78.0392780;78.0378193;0.01569035;78.0910000
8848.00052642822;78.0550752;78.0534357;0.01565726;78.1070000
8848.99997711182;78.0704287;78.0691117;0.01563735;78.1070000
8850.00038146973;78.0849188;78.0841917;0.01528898;78.1370000
8851.00078582764;78.1033366;78.1002849;0.01583358;78.1520000
8852.00023651123;78.1039695;78.1089872;0.01076817;78.1670000
8853.00064086914;78.1264000;78.1181067;0.01072533;78.1670000
8854.00009155273;78.1465261;78.1421274;0.01896832;78.1960000
8855.00049591064;78.1636145;78.1643003;0.02073676;78.2110000
8855.99994659424;78.1640665;78.1746119;0.01347478;78.2250000
8857.00035095215;78.1856780;78.1821817;0.0107118;78.2400000
8858.00075531006;78.2059504;78.2034606;0.01729507;78.2540000
8859.00020599365;78.2196530;78.2222360;0.01799622;78.2540000
8860.00061035156;78.2341447;78.2382101;0.01667323;78.2830000
8861.00006103516;78.2509143;78.2533497;0.01568835;78.2970000
8862.00046539307;78.2510128;78.2591909;0.008982401;78.3120000
8863.00086975098;78.2728287;78.2659262;0.008643414;78.3260000
8864.00032043457;78.2920994;78.2883972;0.0172267;78.3400000
8865.00072479248;78.3064502;78.3085436;0.01883594;78.3540000
8866.00017547607;78.3207819;78.3256501;0.01760005;78.3680000
8867.00057983398;78.3347500;78.3392399;0.01502099;78.3810000
8868.00003051758;78.3487282;78.3508629;0.0129307;78.3950000
8869.00043487549;78.3628789;78.3624858;0.01218531;78.4090000
8870.0008392334;78.3760498;78.3748835;0.01236768;78.4220000
8871.00028991699;78.3896963;78.3883542;0.0131131;78.4360000
8872.0006942749;78.4038789;78.4030765;0.01415499;78.4490000
8873.0001449585;78.4170280;78.4176797;0.0143957;78.4630000
8874.00054931641;78.4308470;78.4316271;0.01409166;78.4760000
8875;78.4440280;78.4449786;0.01359609;78.4890000
8876.00040435791;78.4578252;78.4577936;0.01312796;78.5020000
8877.00080871582;78.4711569;78.4706682;0.01295741;78.5160000
8878.00025939941;78.4841468;78.4835428;0.01289675;78.5290000
8879.00066375732;78.4969961;78.4964174;0.01290873;78.5420000
8880.00011444092;78.5108252;78.5100073;0.01337055;78.5540000
8881.00051879883;78.5241351;78.5241336;0.01383656;78.5670000
8881.99996948242;78.5372539;78.5377830;0.01371601;78.5800000
8883.00037384033;78.5494248;78.5504788;0.01302344;78.5930000
8884.00077819824;78.5620931;78.5623401;0.01230692;78.6050000
8885.00022888184;78.5751032;78.5744399;0.01220055;78.6180000
8886.00063323975;78.5882539;78.5871357;0.01250852;78.6300000
8887.00008392334;78.6004030;78.5998315;0.01259571;78.6430000
8888.00048828125;78.6132220;78.6125272;0.01267311;78.6550000
8889.00089263916;78.6254030;78.6252230;0.01268387;78.6670000
8890.00034332275;78.6382002;78.6376208;0.01252226;78.6800000
8891.00074768066;78.6505537;78.6500782;0.01245383;78.6920000
8892.00019836426;78.6623711;78.6619395;0.01207935;78.7040000
8893.00060272217;78.6752002;78.6739200;0.01204133;78.7160000
8894.00005340576;78.6875319;78.6864966;0.01237721;78.7280000
8895.00045776367;78.6995000;78.6988348;0.01236987;78.7400000
8896.00086212158;78.7115000;78.7109941;0.01226133;78.7510000
8897.00031280518;78.7234782;78.7230343;0.01210821;78.7630000
8898.00071716309;78.7356289;78.7351936;0.01210987;78.7750000
8899.00016784668;78.7467998;78.7468761;0.01179677;78.7860000
8900.00057220459;78.7584463;78.7579030;0.01133989;78.7980000
8901.00002288818;78.7706289;78.7692279;0.01135612;78.8090000
8902.00042724609;78.7817780;78.7804931;0.01127673;78.8210000
8903.000831604;78.7935970;78.7916988;0.01123236;78.8320000
8904.0002822876;78.8047780;78.8032025;0.01138283;78.8430000
8905.00068664551;78.8165752;78.8145870;0.01139797;78.8540000
8906.0001373291;78.8279069;78.8263887;0.01164722;78.8660000
8907.00054168701;78.8388968;78.8377136;0.01145712;78.8770000
8907.99999237061;78.8497461;78.8486808;0.0111564;78.8880000
8909.00039672852;78.8615752;78.8600057;0.01127751;78.8990000
8910.00080108643;78.8729069;78.8715690;0.01144752;78.9090000
8911.00025177002;78.8838532;78.8828343;0.01131227;78.9200000
8912.00065612793;78.8950039;78.8939208;0.01116963;78.9310000
8913.00010681152;78.9051748;78.9044112;0.01074027;78.9420000
8914.00051116943;78.9158431;78.9143056;0.01025613;78.9520000
8914.99996185303;78.9268532;78.9244383;0.01019991;78.9630000
8916.00036621094;78.9380039;78.9351076;0.01048417;78.9730000
8917.00077056885;78.9481530;78.9458960;0.01062263;78.9840000
8918.00022125244;78.9589720;78.9565056;0.01060993;78.9940000
8919.00062561035;78.9691530;78.9671749;0.01061946;79.0040000
8920.00007629395;78.9799502;78.9777249;0.01059368;79.0140000
8921.00048065186;78.9902819;78.9883941;0.01062049;79.0240000
8922.00088500977;79.0002500;78.9986461;0.01037006;79.0350000
8923.00033569336;79.0102718;79.0086597;0.01013606;79.0450000
8924.00074005127;79.0201211;79.0185541;0.009995917;79.0540000
8925.00019073486;79.0309284;79.0286869;0.01012867;79.0640000
8926.00059509277;79.0414108;79.0395349;0.01056803;79.0740000
8927.00004577637;79.0505498;79.0498465;0.01036842;79.0840000
8928.00045013428;79.0602181;79.0593237;0.009843157;79.0940000
8929.00085449219;79.0702500;79.0687412;0.009602764;79.1030000
8930.00030517578;79.0802282;79.0783971;0.009639319;79.1130000
8931.00070953369;79.0903789;79.0883511;0.009844498;79.1220000
8932.00016021729;79.0995280;79.0982455;0.009856531;79.1320000
8933.0005645752;79.1093470;79.1077822;0.009681072;79.1410000
8934.00001525879;79.1185280;79.1173786;0.009610377;79.1500000
8935.0004196167;79.1283252;79.1268557;0.009517262;79.1600000
8936.00082397461;79.1376787;79.1366309;0.009652787;79.1690000
8937.0002746582;79.1464961;79.1458100;0.009325662;79.1780000
8938.00067901611;79.1563252;79.1551083;0.009334804;79.1870000
8939.00012969971;79.1656569;79.1648239;0.009553252;79.1960000
8940.00053405762;79.1746250;79.1743010;0.009475095;79.2050000
8940.99998474121;79.1836250;79.1835397;0.009308262;79.2140000
8942.00038909912;79.1926250;79.1926593;0.009160697;79.2220000
8943.00079345703;79.2016032;79.2016596;0.009036385;79.2220000
8944.00024414063;79.2105576;79.2106599;0.009011992;79.2400000
8945.00064849854;79.2202816;79.2196602;0.008963136;79.2400000
8946.00009918213;79.2199343;79.2236537;0.00555311;79.2570000
8947.00050354004;79.2349750;79.2293757;0.006298653;79.2660000
8947.99995422363;79.2385785;79.2400449;0.008633478;79.2740000
8949.00035858154;79.2509180;79.2488664;0.009155482;79.2820000
8950.00076293945;79.2629872;79.2641848;0.01295493;79.2910000
8951.00021362305;79.2710537;79.2761654;0.01218509;79.2990000
8952.00061798096;79.2788711;79.2842716;0.009589915;79.3070000
8953.00006866455;79.2877002;79.2907089;0.007656884;79.3150000
8954.00047302246;79.2960319;79.2973250;0.007026787;79.3230000
8955.00087738037;79.3040000;79.3041199;0.006912591;79.3310000
8956.00032806396;79.3120000;79.3116301;0.007297388;79.3390000
8957.00073242188;79.3200000;79.3196171;0.007751897;79.3470000
8958.00018310547;79.3280000;79.3280214;0.008156512;79.3550000
8959.00058746338;79.3360000;79.3365449;0.008369754;79.3630000
8960.00003814697;79.3440000;79.3450087;0.008431321;79.3700000
8961.00044250488;79.3519782;79.3530553;0.00821122;79.3780000
8962.00084686279;79.3601289;79.3609232;0.008011493;79.3860000
8963.00029754639;79.3672998;79.3681353;0.00747116;79.3930000
8964.0007019043;79.3749463;79.3750495;0.007128603;79.4010000
8965.00015258789;79.3831289;79.3825000;0.007361792;79.4080000
8966.0005569458;79.3902780;79.3902486;0.007597572;79.4150000
8967.00000762939;79.3980752;79.3979376;0.007667985;79.4230000
8968.0004119873;79.4054287;79.4057459;0.007737237;79.4300000
8969.00081634521;79.4122461;79.4129580;0.007391176;79.4370000
8970.00026702881;79.4200752;79.4201106;0.007279469;79.4440000
8971.00067138672;79.4274069;79.4275016;0.007353207;79.4510000
8972.00012207031;79.4343750;79.4345945;0.007188294;79.4580000
8973.00052642822;79.4413750;79.4414490;0.006980668;79.4650000
8973.99997711182;79.4483750;79.4482440;0.006878384;79.4720000
8975.00038146973;79.4553750;79.4549793;0.006800049;79.4790000
8976.00078582764;79.4623750;79.4618338;0.006848388;79.4790000
8977.00023651123;79.4692223;79.4686884;0.006851288;79.4930000
8978.00064086914;79.4774303;79.4762582;0.007295884;79.4990000
8979.00009155273;79.4775490;79.4800728;0.004852471;79.5060000
8980.00049591064;79.4881823;79.4843644;0.004966813;79.5130000
8981.00090026855;79.4968980;79.4955701;0.008784191;79.5190000
8982.00035095215;79.5033213;79.5051664;0.009180549;79.5260000
8983.00075531006;79.5105039;79.5135707;0.008633206;79.5320000
8984.00020599365;79.5166530;79.5203060;0.007376757;79.5380000
8985.00061035156;79.5234502;79.5256704;0.006155087;79.5450000
8986.00006103516;79.5298037;79.5309752;0.005622345;79.5510000
8987.00046539307;79.5356211;79.5359224;0.005205723;79.5570000
8988.00086975098;79.5424502;79.5415252;0.00550332;79.5630000
8989.00032043457;79.5487819;79.5479029;0.006049037;79.5690000
8990.00072479248;79.5547500;79.5543998;0.006308838;79.5750000
8991.00017547607;79.5607500;79.5606583;0.006259727;79.5810000
8992.00057983398;79.5667500;79.5667380;0.006145707;79.5870000
8993.00003051758;79.5727500;79.5724004;0.005872689;79.5930000
8994.00043487549;79.5787500;79.5780629;0.0057565;79.5990000
8995.0008392334;79.5847500;79.5836657;0.0056898;79.6050000
8996.00028991699;79.5907500;79.5894474;0.005754279;79.6100000
8997.0006942749;79.5967282;79.5954674;0.005928673;79.6160000
8998.0001449585;79.6028789;79.6015471;0.006017357;79.6210000
8999.00054931641;79.6080280;79.6073884;0.005842767;79.6270000
9000;79.6138470;79.6126932;0.005508896;79.6330000
9001.00040435791;79.6190498;79.6180576;0.005405229;79.6380000
9002.00080871582;79.6246963;79.6233624;0.005358568;79.6430000
9003.00025939941;79.6308571;79.6292037;0.005694018;79.6490000
9004.00066375732;79.6361787;79.6351641;0.005843974;79.6540000
9005.00011444092;79.6409961;79.6404093;0.005446477;79.6590000
9006.00051879883;79.6468252;79.6456546;0.00533222;79.6640000
9006.99996948242;79.6521569;79.6511382;0.005404943;79.6700000
9008.00037384033;79.6571468;79.6563834;0.00528978;79.6750000
9009.00077819824;79.6619961;79.6612710;0.005031693;79.6800000
9010.00022888184;79.6678252;79.6666354;0.00529305;79.6850000
9011.00063323975;79.6731569;79.6722382;0.00546982;79.6900000
9012.00008392334;79.6781250;79.6778411;0.005527606;79.6940000
9013.00048828125;79.6831032;79.6830863;0.005358184;79.6990000
9014.00089263916;79.6882539;79.6883315;0.005290806;79.7040000
9015.00034332275;79.6924248;79.6928018;0.004736559;79.7090000
9016.00074768066;79.6970931;79.6967953;0.00427369;79.7140000
9017.00019836426;79.7021250;79.7011465;0.004332486;79.7180000
9018.00060272217;79.7071032;79.7059148;0.004610245;79.7230000
9019.00005340576;79.7122539;79.7110408;0.004935611;79.7270000
9020.00045776367;79.7164030;79.7159880;0.004903525;79.7320000
9021.00086212158;79.7212220;79.7205776;0.004720403;79.7360000
9022.00031280518;79.7254030;79.7250479;0.004542138;79.7410000
9023.00071716309;79.7302220;79.7293395;0.004416095;79.7450000
9024.00016784668;79.7344030;79.7336906;0.004371266;79.7490000
9025.00057220459;79.7392002;79.7379821;0.004319667;79.7540000
9026.00002288818;79.7435537;79.7426313;0.004505521;79.7580000
9027.00042724609;79.7473711;79.7467440;0.004250668;79.7620000
9028.000831604;79.7522002;79.7509164;0.00422262;79.7660000
9029.0002822876;79.7565319;79.7553867;0.004339705;79.7700000
9030.00068664551;79.7605000;79.7594994;0.004170562;79.7740000
9031.0001373291;79.7645000;79.7635525;0.004072611;79.7780000
9032.00054168701;79.7685000;79.7674268;0.003945979;79.7820000
9032.99999237061;79.7725000;79.7713011;0.003895648;79.7860000
9034.00039672852;79.7765000;79.7751754;0.003875623;79.7900000
9035.00080108643;79.7805000;79.7791690;0.003974053;79.7940000
9036.00025177002;79.7845000;79.7831625;0.003984636;79.7970000
9037.00065612793;79.7884782;79.7872752;0.004069609;79.8010000
9038.00010681152;79.7926289;79.7914475;0.004128123;79.8050000
9039.00051116943;79.7957998;79.7951430;0.003829839;79.8080000
9039.99996185303;79.7994463;79.7982424;0.003357645;79.8120000
9041.00036621094;79.8036289;79.8018187;0.003479019;79.8160000
9042.00077056885;79.8067998;79.8054546;0.003570162;79.8190000
9043.00022125244;79.8104463;79.8089713;0.003572115;79.8230000
9044.00062561035;79.8146289;79.8129648;0.003844567;79.8260000
9045.00007629395;79.8177780;79.8169583;0.003917563;79.8290000
9046.00048065186;79.8215752;79.8207134;0.00382866;79.8330000
9047.00088500977;79.8249287;79.8245281;0.003809067;79.8360000
9048.00033569336;79.8277461;79.8275679;0.003320331;79.8390000
9049.00074005127;79.8315752;79.8306078;0.003167063;79.8420000
9050.00019073486;79.8349069;79.8341244;0.003380534;79.8460000
9051.00059509277;79.8378968;79.8374027;0.003312648;79.8490000
9052.00004577637;79.8407461;79.8405021;0.003165153;79.8520000
9053.00045013428;79.8445752;79.8437804;0.003249082;79.8550000
9054.00085449219;79.8479069;79.8473567;0.003454435;79.8580000
9055.00030517578;79.8508750;79.8506945;0.003385467;79.8610000
9056.00070953369;79.8538750;79.8538536;0.003273538;79.8640000
9057.00016021729;79.8568750;79.8567742;0.003071055;79.8670000
9058.0005645752;79.8598750;79.8596352;0.002935875;79.8690000
9059.00001525879;79.8628532;79.8624962;0.002905931;79.8720000
9060.0004196167;79.8660039;79.8652977;0.002843249;79.8750000
9061.00082397461;79.8681748;79.8679203;0.002676928;79.8780000
9062.0002746582;79.8708431;79.8700064;0.00233672;79.8800000
9063.00067901611;79.8738532;79.8723906;0.002386641;79.8830000
9064.00012969971;79.8770039;79.8753112;0.002730752;79.8860000
9065.00053405762;79.8791748;79.8781723;0.002786435;79.8880000
9065.99998474121;79.8818213;79.8808545;0.00272762;79.8910000
9067.00038909912;79.8850039;79.8838347;0.002899199;79.8930000
9068.00079345703;79.8871530;79.8866957;0.002839143;79.8960000
9069.00024414063;79.8899720;79.8892587;0.002670766;79.8980000
9070.00064849854;79.8921530;79.8917621;0.00256096;79.9000000
9071.00009918213;79.8949502;79.8940271;0.002400564;79.9030000
9072.00050354004;79.8973037;79.8964709;0.002405583;79.9050000
9072.99995422363;79.8991211;79.8986167;0.002211741;79.9070000
9074.00035858154;79.9019502;79.9008220;0.002230356;79.9100000
9075.00076293945;79.9043037;79.9033254;0.002388077;79.9120000
9076.00021362305;79.9061211;79.9054712;0.00224045;79.9140000
9077.00061798096;79.9089502;79.9076766;0.002230493;79.9140000
9078.00006866455;79.9112383;79.9102992;0.002436134;79.9180000
9079.00047302246;79.9135515;79.9126238;0.002342986;79.9200000
9080.00087738037;79.9135917;79.9138755;0.001593566;79.9200000
9081.00032806396;79.9165430;79.9148887;0.001366202;79.9240000
9082.00073242188;79.9196153;79.9180478;0.002515206;79.9260000
9083.00018310547;79.9195917;79.9200147;0.002081636;79.9280000
9084.00058746338;79.9225867;79.9215645;0.001836472;79.9300000
9085.00003814697;79.9253138;79.9247831;0.002689338;79.9320000
9086.00044250488;79.9272500;79.9274653;0.002683293;79.9340000
9087.00084686279;79.9292500;79.9296707;0.002382705;79.9360000
9088.00029754639;79.9312500;79.9315184;0.002009083;79.9370000
9089.0007019043;79.9332282;79.9333066;0.0018472;79.9390000
9090.00015258789;79.9353789;79.9349755;0.001737114;79.9410000
9091.0005569458;79.9365498;79.9362868;0.001421735;79.9420000
9092.00000762939;79.9381963;79.9373001;0.001166906;79.9440000
9093.0004119873;79.9403789;79.9387306;0.001355313;79.9460000
9094.00081634521;79.9415498;79.9402803;0.001458469;79.9470000
9095.00026702881;79.9431963;79.9418300;0.001531683;79.9490000
9096.00067138672;79.9453789;79.9437970;0.001812671;79.9500000
9097.00012207031;79.9465280;79.9457639;0.001879625;79.9520000
9098.00052642822;79.9483470;79.9474925;0.00178672;79.9530000
9098.99997711182;79.9495280;79.9491614;0.001676151;79.9550000
9100.00038146973;79.9513470;79.9507111;0.001603134;79.9560000
9101.00078582764;79.9525280;79.9522608;0.001566855;79.9570000
9102.00023651123;79.9543252;79.9536914;0.001502341;79.9590000
9103.00064086914;79.9556787;79.9553007;0.001543693;79.9600000
9104.00009155273;79.9564961;79.9564332;0.001276395;79.9610000
9105.00049591064;79.9583252;79.9575657;0.001205655;79.9630000
9106.00090026855;79.9596787;79.9590558;0.001349691;79.9640000
9107.00035095215;79.9604961;79.9603671;0.001311949;79.9650000
9108.00075531006;79.9623252;79.9616784;0.001350722;79.9660000
9109.00020599365;79.9636569;79.9632877;0.001507917;79.9670000
9110.00061035156;79.9646250;79.9645990;0.001405607;79.9690000
9111.00006103516;79.9656468;79.9656719;0.001210132;79.9700000
9112.00046539307;79.9664961;79.9666256;0.001080516;79.9710000
9113.00086975098;79.9683252;79.9677581;0.001177735;79.9720000
9114.00032043457;79.9696569;79.9692482;0.00138894;79.9730000
9115.00072479248;79.9706250;79.9706191;0.001357659;79.9740000
9116.00017547607;79.9716250;79.9718112;0.001252737;79.9750000
9117.00057983398;79.9726250;79.9727648;0.001051259;79.9760000
9118.00003051758;79.9736250;79.9737185;0.0009772051;79.9770000
9119.00043487549;79.9746250;79.9746126;0.0009566341;79.9780000
9120.0008392334;79.9756250;79.9753874;0.0008413679;79.9790000
9121.00028991699;79.9766250;79.9762219;0.0008329986;79.9790000
9122.0006942749;79.9776032;79.9770564;0.0008492126;79.9800000
9123.0001449585;79.9787539;79.9779504;0.0008736333;79.9810000
9124.00054931641;79.9789248;79.9786061;0.0007412422;79.9820000
9125;79.9795931;79.9789041;0.0004883611;79.9830000
9126.00040435791;79.9806250;79.9796194;0.0006594572;79.9830000
9127.00080871582;79.9816032;79.9805731;0.0008629109;79.9840000
9128.00025939941;79.9827539;79.9818247;0.001121492;79.9850000
9129.00066375732;79.9829248;79.9828976;0.001058835;79.9850000
9130.00011444092;79.9835713;79.9836725;0.0008842325;79.9860000
9131.00051879883;79.9847539;79.9846858;0.0009884065;79.9870000
9131.99996948242;79.9849248;79.9854010;0.0007879863;79.9870000
9133.00037384033;79.9855713;79.9857587;0.0005076134;79.9880000
9134.00077819824;79.9867539;79.9864739;0.0006288298;79.9890000
9135.00022888184;79.9869248;79.9872488;0.0006755957;79.9890000
9136.00063323975;79.9875713;79.9876064;0.0004850527;79.9900000
9137.00008392334;79.9887539;79.9884409;0.0007106238;79.9900000
9138.00048828125;79.9889030;79.9892157;0.0007350287;79.9910000
9139.00089263916;79.9897220;79.9897522;0.0006449872;79.9910000
9140.00034332275;79.9899030;79.9902290;0.0005187711;79.9920000
9141.00074768066;79.9907220;79.9906462;0.0004500636;79.9920000
9142.00019836426;79.9909030;79.9911231;0.0004524128;79.9930000
9143.00060272217;79.9917220;79.9914807;0.0004051063;79.9930000
9144.00005340576;79.9919030;79.9919575;0.0004243028;79.9930000
9145.00045776367;79.9927002;79.9924940;0.0004868399;79.9940000
9146.00086212158;79.9930537;79.9932092;0.0006272013;79.9940000
9147.00031280518;79.9928711;79.9935073;0.0004093153;79.9950000
9148.00071716309;79.9937220;79.9937457;0.0003256229;79.9950000
9149.00016784668;79.9939030;79.9941629;0.0003749225;79.9950000
9150.00057220459;79.9947002;79.9946397;0.0004639392;79.9960000
9151.00002288818;79.9950537;79.9952358;0.0005421467;79.9960000
9152.00042724609;79.9948711;79.9954146;0.0003057852;79.9960000
9153.000831604;79.9957002;79.9955934;0.0002365511;79.9960000
9154.0002822876;79.9960319;79.9961299;0.0003973104;79.9970000
9155.00068664551;79.9960218;79.9964279;0.0003051219;79.9970000
9156.0001373291;79.9958711;79.9963684;6.603063E-05;79.9970000
9157.00054168701;79.9967002;79.9964875;0.0001257252;79.9970000
9157.99999237061;79.9970319;79.9969643;0.0003385861;79.9980000
9159.00039672852;79.9970218;79.9972624;0.000288467;79.9980000
9160.00080108643;79.9968711;79.9973220;0.0001385607;79.9980000
9161.00025177002;79.9977002;79.9974412;0.0001388116;79.9980000
9162.00065612793;79.9980319;79.9979776;0.0003705112;79.9980000
9163.00010681152;79.9980000;79.9982160;0.0002686986;79.9980000
9164.00051116943;79.9980000;79.9982756;0.0001279525;79.9990000
9164.99996185303;79.9980218;79.9982756;4.986876E-05;79.9990000
9166.00036621094;79.9978711;79.9981565;-5.07902E-05;79.9990000
9167.00077056885;79.9987002;79.9981564;3.988395E-06;79.9990000
9168.00022125244;79.9990319;79.9987525;0.0003768939;79.9990000
9169.00062561035;79.9990000;79.9991101;0.000358752;79.9990000
9170.00007629395;79.9990000;79.9993485;0.0002790708;79.9990000
9171.00048065186;79.9990000;79.9993485;0.0001087663;79.9990000
9172.00088500977;79.9990000;79.9992890;-1.049784E-05;79.9990000
9173.00033569336;79.9990000;79.9992293;-3.492055E-05;80.0000000
9174.00074005127;79.9990218;79.9991102;-8.389124E-05;80.0000000
9175.00019073486;79.9988711;79.9990506;-6.209503E-05;80.0000000
9176.00059509277;79.9997002;79.9992293;0.0001368761;80.0000000
9177.00004577637;80.0000319;79.9997657;0.0003602745;80.0000000
9178.00045013428;80.0000000;80.0002426;0.0004038864;80.0000000
9179.00085449219;80.0000000;80.0004214;0.0002571315;80.0000000
9180.00030517578;80.0000000;80.0004214;0.0001002155;80.0000000
9181.00070953369;80.0000000;80.0003619;9.70886E-06;80.0000000
9182.00016021729;80.0000000;80.0001235;-0.0001436805;80.0000000
9183.0005645752;80.0000000;80.0001235;-5.599864E-05;80.0000000
9184.00001525879;80.0000000;80.0001235;-2.182516E-05;80.0000000
9185.0004196167;80.0000000;80.0001830;2.451204E-05;80.0000000
9186.00082397461;80.0000000;80.0001830;9.553431E-06;80.0000000
9187.0002746582;80.0000000;80.0003022;8.021365E-05;80.0000000
9188.00067901611;80.0000000;80.0003022;3.126281E-05;80.0000000
9189.00012969971;80.0000000;80.0002427;-1.716507E-05;80.0000000
9190.00053405762;80.0000000;80.0001831;-3.282235E-05;80.0000000
9190.99998474121;80.0000000;80.0001830;1.146258E-06;80.0000000
9192.00038909912;80.0000000;80.0001235;-2.274304E-05;80.0000000
9193.00079345703;80.0000000;80.0000639;-3.209274E-05;80.0000000
9194.00024414063;80.0000000;80.0000639;-1.250797E-05;80.0000000
9195.00064849854;80.0000000;80.0001234;2.447467E-05;80.0000000
9196.00009918213;80.0000000;80.0001830;5.247942E-05;80.0000000
9197.00050354004;80.0000000;80.0001235;-2.655879E-05;80.0000000
9198.00090789795;80.0000000;80.0001235;-1.035114E-05;80.0000000
9199.00035858154;80.0000000;80.0001830;4.297805E-05;80.0000000
9200.00076293945;80.0000000;80.0001235;-6.439334E-06;80.0000000
9201.00021362305;80.0000000;80.0001235;-2.509694E-06;80.0000000
9202.00061798096;80.0000000;80.0001235;-9.781392E-07;80.0000000
9203.00006866455;80.0000000;80.0001235;-3.812242E-07;80.0000000
9204.00047302246;80.0000000;80.0001235;-1.4858E-07;80.0000000
9205.00087738037;80.0000000;80.0001235;-5.79082E-08;80.0000000
9206.00032806396;80.0000000;80.0000043;-8.607411E-05;80.0000000
9207.00073242188;80.0000000;80.0000638;-5.286222E-07;80.0000000
9208.00018310547;80.0000000;80.0000638;-2.060275E-07;80.0000000
9209.00058746338;80.0000000;80.0000638;4.562894E-06;80.0000000
9210.00003814697;80.0000000;80.0000043;-3.123991E-05;80.0000000
9211.00044250488;80.0000000;80.0000638;1.7174E-05;80.0000000
9212.00084686279;80.0000000;80.0001234;2.992223E-05;80.0000000
9213.00029754639;80.0000000;80.0001830;5.875338E-05;80.0000000
9214.0007019043;80.0000000;80.0001235;-2.909924E-07;80.0000000
9215.00015258789;80.0000000;80.0000043;-6.810475E-05;80.0000000
9216.0005569458;80.0000000;79.9999447;-6.840242E-05;80.0000000
9217.00000762939;80.0000000;80.0000042;2.035289E-05;80.0000000
9218.0004119873;80.0000000;80.0000638;3.406478E-05;80.0000000
9219.00081634521;80.0000000;80.0000638;1.327655E-05;80.0000000
9220.00026702881;80.0000000;80.0000638;5.174462E-06;80.0000000
9221.00067138672;80.0000000;80.0000638;1.55522E-05;80.0000000
9222.00012207031;80.0000000;80.0000638;2.575666E-05;80.0000000
9223.00052642822;80.0000000;80.0000638;1.003851E-05;80.0000000
9223.99997711182;80.0000000;80.0000638;3.912453E-06;80.0000000
9225.00038146973;80.0000000;80.0000638;1.524856E-06;80.0000000
9226.00078582764;80.0000000;80.0001234;4.245329E-05;80.0000000
9227.00023651123;80.0000000;80.0001235;1.196516E-05;80.0000000
9228.00064086914;80.0000000;80.0000639;-3.254463E-05;80.0000000
9229.00009155273;80.0000000;80.0000043;-4.208299E-05;80.0000000
9230.00049591064;80.0000000;80.0000043;-1.640161E-05;80.0000000
9231.00090026855;80.0000000;79.9999447;-3.252479E-05;80.0000000
9232.00035095215;80.0000000;80.0000042;2.034192E-05;80.0000000
9233.00075531006;80.0000000;80.0000638;3.115691E-05;80.0000000
9234.00020599365;80.0000000;80.0000638;1.214323E-05;80.0000000
9235.00061035156;80.0000000;80.0000638;4.732755E-06;80.0000000
9236.00006103516;80.0000000;79.9999447;-6.320421E-05;80.0000000
9237.00046539307;80.0000000;79.9999447;-2.463349E-05;80.0000000
9238.00086975098;80.0000000;79.9998851;-3.573312E-05;80.0000000
9239.00032043457;80.0000000;80.0000042;7.206927E-05;80.0000000
9240.00072479248;80.0000000;80.0000042;2.808859E-05;80.0000000
9241.00017547607;80.0000000;80.0000638;3.417613E-05;80.0000000
9242.00057983398;80.0000000;80.0000043;-2.382561E-05;80.0000000
9243.00003051758;80.0000000;80.0000043;-9.285894E-06;80.0000000
9244.00043487549;80.0000000;80.0000043;-3.619124E-06;80.0000000
9245.0008392334;80.0000000;80.0000042;2.237305E-05;80.0000000
9246.00028991699;80.0000000;80.0000043;4.785963E-09;80.0000000
9247.0006942749;80.0000000;80.0000043;-2.679851E-05;80.0000000
9248.0001449585;80.0000000;80.0000043;-3.426713E-05;80.0000000
9249.00054931641;80.0000000;79.9999447;-5.056341E-05;80.0000000
9250;80.0000000;79.9998851;-5.278057E-05;80.0000000
9251.00040435791;80.0000000;79.9998851;-2.057093E-05;80.0000000
9252.00080871582;80.0000000;79.9999446;2.133217E-05;80.0000000
9253.00025939941;80.0000000;80.0000638;7.165443E-05;80.0000000
9254.00066375732;80.0000000;80.0000638;3.15956E-05;80.0000000
9255.00011444092;80.0000000;80.0000638;1.231421E-05;80.0000000
9256.00051879883;80.0000000;80.0000042;-1.323703E-05;80.0000000
9256.99996948242;80.0000000;79.9999447;-3.124757E-05;80.0000000
9258.00037384033;80.0000000;79.9999447;-1.217856E-05;80.0000000
9259.00077819824;80.0000000;79.9999447;-4.746526E-06;80.0000000
9260.00022888184;80.0000000;79.9999447;-1.849932E-06;80.0000000
9261.00063323975;80.0000000;79.9999447;-2.454356E-05;80.0000000
9262.00008392334;80.0000000;80.0000042;1.65228E-05;80.0000000
9263.00048828125;80.0000000;79.9999447;-1.675012E-05;80.0000000
9264.00089263916;80.0000000;79.9999447;-6.528265E-06;80.0000000
9265.00034332275;80.0000000;79.9999447;-2.544355E-06;80.0000000
9266.00074768066;80.0000000;79.9999447;-9.91648E-07;80.0000000
9267.00019836426;80.0000000;79.9999447;-3.864892E-07;80.0000000
9268.00060272217;80.0000000;79.9999447;-1.50632E-07;80.0000000
9269.00005340576;80.0000000;80.0000042;3.295957E-05;80.0000000
9270.00045776367;80.0000000;80.0000042;1.284581E-05;80.0000000
9271.00086212158;80.0000000;80.0000043;-1.467868E-07;80.0000000
9272.00031280518;80.0000000;80.0000043;-1.771998E-05;80.0000000
9273.00071716309;80.0000000;80.0000043;-6.906261E-06;80.0000000
9274.00016784668;80.0000000;80.0000043;-2.691677E-06;80.0000000
9275.00057220459;80.0000000;80.0000638;3.196921E-05;80.0000000
9276.00002288818;80.0000000;80.0000638;1.245982E-05;80.0000000
9277.00042724609;80.0000000;80.0000043;-3.693261E-05;80.0000000
9278.000831604;80.0000000;80.0000043;-1.439428E-05;80.0000000
9279.0002822876;80.0000000;80.0000043;-5.610088E-06;80.0000000
9280.00068664551;80.0000000;80.0000638;3.495906E-05;80.0000000
9281.0001373291;80.0000000;80.0000638;1.362509E-05;80.0000000
9282.00054168701;80.0000000;80.0000638;5.310303E-06;80.0000000
9282.99999237061;80.0000000;80.0000043;-2.112013E-05;80.0000000
9284.00039672852;80.0000000;79.9999447;-6.120923E-05;80.0000000
9285.00080108643;80.0000000;79.9999447;-2.907954E-05;80.0000000
9286.00025177002;80.0000000;80.0000042;4.15553E-05;80.0000000
9287.00065612793;80.0000000;80.0000042;1.619594E-05;80.0000000
9288.00010681152;80.0000000;80.0000042;6.312277E-06;80.0000000
9289.00051116943;80.0000000;79.9999447;-3.932858E-05;80.0000000
9290.00091552734;80.0000000;80.0000042;1.076042E-05;80.0000000
9291.00036621094;80.0000000;80.0000042;4.193814E-06;80.0000000
9292.00077056885;80.0000000;80.0000042;1.634515E-06;80.0000000
9293.00022125244;80.0000000;80.0000042;6.370431E-07;80.0000000
9294.00062561035;80.0000000;80.0000042;2.48284E-07;80.0000000
9295.00007629395;80.0000000;80.0000042;9.676727E-08;80.0000000
9296.00048065186;80.0000000;80.0000042;3.77145E-08;80.0000000
9297.00088500977;80.0000000;80.0000042;1.469902E-08;80.0000000
9298.00033569336;80.0000000;79.9999447;-4.178302E-05;80.0000000
9299.00074005127;80.0000000;80.0000042;2.550406E-05;80.0000000
9300.00019073486;80.0000000;79.9999447;-1.614845E-05;80.0000000
9301.00059509277;80.0000000;79.9999447;-6.293766E-06;80.0000000
9302.00004577637;80.0000000;80.0000042;2.363555E-05;80.0000000
9303.00045013428;80.0000000;80.0000042;9.211823E-06;80.0000000
9304.00085449219;80.0000000;80.0000042;3.590256E-06;80.0000000
9305.00030517578;80.0000000;80.0000042;1.399282E-06;80.0000000
9306.00070953369;80.0000000;80.0000042;5.453623E-07;80.0000000
9307.00016021729;80.0000000;79.9999447;-3.280572E-05;80.0000000
9308.0005645752;80.0000000;79.9999447;-1.800944E-05;80.0000000
9309.00001525879;80.0000000;80.0000042;3.012648E-05;80.0000000
9310.0004196167;80.0000000;80.0000043;-2.196951E-06;80.0000000
9311.00082397461;80.0000000;80.0000043;-8.562492E-07;80.0000000
9312.0002746582;80.0000000;80.0000043;-1.428949E-05;80.0000000
9313.00067901611;80.0000000;80.0000043;-5.569247E-06;80.0000000
9314.00012969971;80.0000000;80.0000043;-2.170583E-06;80.0000000
9315.00053405762;80.0000000;80.0000042;4.951562E-06;80.0000000
9315.99998474121;80.0000000;80.0000042;1.929843E-06;80.0000000
9317.00038909912;80.0000000;80.0000638;3.015105E-05;80.0000000
9318.00079345703;80.0000000;80.0001234;5.361019E-05;80.0000000
9319.00024414063;80.0000000;80.0001830;6.275325E-05;80.0000000
9320.00064849854;80.0000000;80.0000639;-6.153833E-05;80.0000000
9321.00009918213;80.0000000;79.9999447;-0.0001030512;80.0000000
9322.00050354004;80.0000000;79.9998851;-6.956253E-05;80.0000000
9323.00090789795;80.0000000;79.9998851;-2.71116E-05;80.0000000
9324.00035858154;80.0000000;79.9999446;1.26232E-05;80.0000000
9325.00076293945;80.0000000;80.0000638;5.754748E-05;80.0000000
9326.00021362305;80.0000000;80.0000638;2.242881E-05;80.0000000
9327.00061798096;80.0000000;80.0000638;8.7415E-06;80.0000000
9328.00006866455;80.0000000;80.0000638;3.406951E-06;80.0000000
9329.00047302246;80.0000000;80.0000043;-4.046092E-05;80.0000000
9330.00087738037;80.0000000;80.0000043;-1.576941E-05;80.0000000
9331.00032806396;80.0000000;80.0000638;2.320353E-05;80.0000000
9332.00073242188;80.0000000;80.0000638;9.043447E-06;80.0000000
9333.00018310547;80.0000000;80.0000638;3.524632E-06;80.0000000
9334.00058746338;80.0000000;80.0000638;1.373705E-06;80.0000000
9335.00003814697;80.0000000;80.0000043;-4.125336E-05;80.0000000
9336.00044250488;80.0000000;80.0000638;7.111525E-06;80.0000000
9337.00084686279;80.0000000;80.0000638;2.771677E-06;80.0000000
9338.00029754639;80.0000000;80.0000638;1.080245E-06;80.0000000
9339.0007019043;80.0000000;80.0000638;4.210195E-07;80.0000000
9340.00015258789;80.0000000;80.0000638;1.6409E-07;80.0000000
9341.0005569458;80.0000000;80.0000638;6.395315E-08;80.0000000
9342.00000762939;80.0000000;80.0000043;-3.299335E-05;80.0000000
9343.0004119873;80.0000000;79.9999447;-5.471796E-05;80.0000000
9344.00081634521;80.0000000;79.9999447;-2.132602E-05;80.0000000
9345.00026702881;80.0000000;79.9999447;-8.311694E-06;80.0000000
9346.00067138672;80.0000000;80.0000042;2.611014E-05;80.0000000
9347.00012207031;80.0000000;80.0001234;7.526403E-05;80.0000000
9348.00052642822;80.0000000;80.0001234;2.933373E-05;80.0000000
9348.99997711182;80.0000000;80.0001234;1.143265E-05;80.0000000
9350.00038146973;80.0000000;80.0000639;-4.255654E-05;80.0000000
9351.00078582764;80.0000000;80.0000043;-4.271853E-05;80.0000000
9352.00023651123;80.0000000;79.9999447;-5.385729E-05;80.0000000
9353.00064086914;80.0000000;80.0000042;2.079818E-05;80.0000000
9354.00009155273;80.0000000;80.0000042;8.105971E-06;80.0000000
9355.00049591064;80.0000000;80.0000042;3.159256E-06;80.0000000
9356.00090026855;80.0000000;80.0000638;2.736366E-05;80.0000000
9357.00035095215;80.0000000;80.0000638;1.066483E-05;80.0000000
9358.00075531006;80.0000000;80.0000638;4.156558E-06;80.0000000
9359.00020599365;80.0000000;80.0000638;1.619995E-06;80.0000000
9360.00061035156;80.0000000;80.0000043;-3.238689E-05;80.0000000
9361.00006103516;80.0000000;79.9999447;-3.875497E-05;80.0000000
9362.00046539307;80.0000000;80.0000042;8.085261E-06;80.0000000
9363.00086975098;80.0000000;80.0000638;4.732509E-05;80.0000000
9364.00032043457;80.0000000;80.0000043;-3.44442E-05;80.0000000
9365.00072479248;80.0000000;80.0000043;-1.342443E-05;80.0000000
9366.00017547607;80.0000000;80.0000043;-5.232097E-06;80.0000000
9367.00057983398;80.0000000;80.0000043;-2.039181E-06;80.0000000
9368.00003051758;80.0000000;80.0000043;-1.066155E-05;80.0000000
9369.00043487549;80.0000000;80.0000638;4.873361E-05;80.0000000
9370.0008392334;80.0000000;80.0000638;1.899365E-05;80.0000000
9371.00028991699;80.0000000;80.0000043;-3.438608E-05;80.0000000
9372.0006942749;80.0000000;79.9999447;-5.157117E-05;80.0000000
9373.0001449585;80.0000000;79.9999447;-2.009957E-05;80.0000000
9374.00054931641;80.0000000;79.9999447;-7.833694E-06;80.0000000
9375;80.0000000;79.9999447;-3.053138E-06;80.0000000
9376.00040435791;80.0000000;79.9999447;-1.189943E-06;80.0000000
9377.00080871582;80.0000000;80.0000042;2.272602E-05;80.0000000
9378.00025939941;80.0000000;80.0000042;8.857335E-06;80.0000000
9379.00066375732;80.0000000;79.9999447;-4.356025E-05;80.0000000
9380.00011444092;80.0000000;79.9999447;-1.697736E-05;80.0000000
9381.00051879883;80.0000000;79.9999447;-6.616831E-06;80.0000000
9381.99996948242;80.0000000;80.0000042;5.031002E-05;80.0000000
9383.00037384033;80.0000000;80.0000042;1.960805E-05;80.0000000
9384.00077819824;80.0000000;80.0000042;7.642125E-06;80.0000000
9385.00022888184;80.0000000;80.0000042;2.978475E-06;80.0000000
9386.00063323975;80.0000000;79.9999447;-4.58515E-05;80.0000000
9387.00008392334;80.0000000;79.9999447;-1.787036E-05;80.0000000
9388.00048828125;80.0000000;79.9999447;-6.964872E-06;80.0000000
9389.00089263916;80.0000000;80.0000042;3.443104E-05;80.0000000
9390.00034332275;80.0000000;80.0000638;4.649307E-05;80.0000000
9391.00074768066;80.0000000;80.0000638;2.3344E-05;80.0000000
9392.00019836426;80.0000000;80.0000043;-2.392008E-05;80.0000000
9393.00060272217;80.0000000;79.9999447;-4.65307E-05;80.0000000
9394.00005340576;80.0000000;79.9999447;-1.813508E-05;80.0000000
9395.00045776367;80.0000000;79.9999447;-7.068044E-06;80.0000000
9396.00086212158;80.0000000;79.9999447;-2.75473E-06;80.0000000
9397.00031280518;80.0000000;80.0000042;5.181525E-05;80.0000000
9398.00071716309;80.0000000;80.0000042;2.01947E-05;80.0000000
9399.00016784668;80.0000000;80.0000042;7.87077E-06;80.0000000
9400.00057220459;80.0000000;80.0000042;3.067588E-06;80.0000000
9401.00002288818;80.0000000;79.9999447;-2.8154E-05;80.0000000
9402.00042724609;80.0000000;79.9999447;-1.097286E-05;80.0000000
9403.000831604;80.0000000;79.9999447;-4.276612E-06;80.0000000
9404.0002822876;80.0000000;80.0000042;2.768279E-05;80.0000000
9405.00068664551;80.0000000;79.9999447;-1.240058E-05;80.0000000
9406.0001373291;80.0000000;80.0000638;6.834682E-05;80.0000000
9407.00054168701;80.0000000;80.0000638;2.663779E-05;80.0000000
9407.99999237061;80.0000000;80.0000043;-4.250696E-05;80.0000000
9409.00039672852;80.0000000;80.0000043;-1.656685E-05;80.0000000
9410.00080108643;80.0000000;79.9999447;-5.943461E-05;80.0000000
9411.00025177002;80.0000000;79.9999447;-2.31643E-05;80.0000000
9412.00065612793;80.0000000;79.9999447;-2.00852E-05;80.0000000
9413.00010681152;80.0000000;80.0000042;3.918426E-05;80.0000000
9414.00051116943;80.0000000;80.0000042;1.527184E-05;80.0000000
9415.00091552734;80.0000000;80.0000042;5.952114E-06;80.0000000
9416.00036621094;80.0000000;79.9999447;-3.069847E-05;80.0000000
9417.00077056885;80.0000000;79.9999447;-1.563325E-05;80.0000000
9418.00022125244;80.0000000;80.0000042;2.32566E-05;80.0000000
9419.00062561035;80.0000000;80.0001234;7.938426E-05;80.0000000
9420.00007629395;80.0000000;80.0001235;2.099123E-05;80.0000000
9421.00048065186;80.0000000;80.0000639;-3.367777E-05;80.0000000
9422.00088500977;80.0000000;80.0000043;-4.619949E-05;80.0000000
9423.00033569336;80.0000000;79.9998851;-8.309374E-05;80.0000000
9424.00074005127;80.0000000;79.9998851;-3.238532E-05;80.0000000
9425.00019073486;80.0000000;79.9999446;2.452356E-05;80.0000000
9426.00059509277;80.0000000;80.0000638;6.999467E-05;80.0000000
9427.00004577637;80.0000000;80.0001234;7.437138E-05;80.0000000
9428.00045013428;80.0000000;80.0001234;2.898582E-05;80.0000000
9429.00085449219;80.0000000;80.0000043;-6.881257E-05;80.0000000
9430.00030517578;80.0000000;79.9999447;-5.004808E-05;80.0000000
9431.00070953369;80.0000000;79.9998851;-6.659731E-05;80.0000000
9432.00016021729;80.0000000;79.9999446;2.693296E-05;80.0000000
9433.0005645752;80.0000000;80.0000042;4.357073E-05;80.0000000
9434.00001525879;80.0000000;80.0000638;4.31138E-05;80.0000000
9435.0004196167;80.0000000;80.0000638;1.680336E-05;80.0000000
9436.00082397461;80.0000000;80.0000043;-4.633988E-05;80.0000000
9437.0002746582;80.0000000;79.9999447;-4.419306E-05;80.0000000
9438.00067901611;80.0000000;79.9998851;-5.029776E-05;80.0000000
9439.00012969971;80.0000000;79.9998851;-1.960327E-05;80.0000000
9440.00053405762;80.0000000;79.9998851;-7.640262E-06;80.0000000
9440.99998474121;80.0000000;79.9999447;2.121846E-05;80.0000000
9442.00038909912;80.0000000;80.0000638;6.743205E-05;80.0000000
9443.00079345703;80.0000000;80.0001234;5.568016E-05;80.0000000
9444.00024414063;80.0000000;80.0000639;-2.008773E-05;80.0000000
9445.00064849854;80.0000000;80.0000043;-4.968806E-05;80.0000000
9446.00009918213;80.0000000;79.9999447;-5.243941E-05;80.0000000
9447.00050354004;80.0000000;79.9999447;-2.043796E-05;80.0000000
9448.00090789795;80.0000000;79.9999447;-7.965579E-06;80.0000000
9449.00035858154;80.0000000;80.0000638;6.019197E-05;80.0000000
9450.00076293945;80.0000000;80.0000638;2.345948E-05;80.0000000
9451.00021362305;80.0000000;80.0000638;9.143198E-06;80.0000000
9452.00061798096;80.0000000;80.0000043;-3.822524E-05;80.0000000
9453.00006866455;80.0000000;79.9999447;-5.210606E-05;80.0000000
9454.00047302246;80.0000000;80.0000042;3.258085E-05;80.0000000
9455.00087738037;80.0000000;80.0000042;1.26982E-05;80.0000000
9456.00032806396;80.0000000;80.0001234;7.526917E-05;80.0000000
9457.00073242188;80.0000000;80.0001234;2.933574E-05;80.0000000
9458.00018310547;80.0000000;80.0000639;-4.145545E-05;80.0000000
9459.00058746338;80.0000000;80.0000639;-1.615703E-05;80.0000000
9460.00003814697;80.0000000;80.0000639;-6.29711E-06;80.0000000
9461.00044250488;80.0000000;80.0000043;-2.858662E-05;80.0000000
9462.00084686279;80.0000000;80.0000043;-1.114147E-05;80.0000000
9463.00029754639;80.0000000;79.9999447;-3.047469E-05;80.0000000
9464.0007019043;80.0000000;80.0000042;1.421118E-05;80.0000000
9465.00015258789;80.0000000;80.0000638;5.263008E-05;80.0000000
9466.0005569458;80.0000000;80.0000638;2.051228E-05;80.0000000
9467.00000762939;80.0000000;80.0000043;-3.379421E-05;80.0000000
9468.0004119873;80.0000000;80.0000043;-1.31711E-05;80.0000000
9469.00081634521;80.0000000;80.0000043;-5.133363E-06;80.0000000
9470.00026702881;80.0000000;80.0000638;2.118909E-05;80.0000000
9471.00067138672;80.0000000;79.9999447;-7.080796E-05;80.0000000
9472.00012207031;80.0000000;79.9999447;-2.7597E-05;80.0000000
9473.00052642822;80.0000000;79.9999447;-1.075578E-05;80.0000000
9473.99997711182;80.0000000;79.9999447;-4.192003E-06;80.0000000
9475.00038146973;80.0000000;80.0000042;4.015495E-05;80.0000000
9476.00078582764;80.0000000;80.0000043;4.620248E-06;80.0000000
9477.00023651123;80.0000000;80.0000043;1.800715E-06;80.0000000
9478.00064086914;80.0000000;79.9999447;-2.869709E-05;80.0000000
9479.00009155273;80.0000000;79.9999447;-1.118453E-05;80.0000000
9480.00049591064;80.0000000;80.0000042;2.865917E-05;80.0000000
9481.00090026855;80.0000000;80.0000042;1.116975E-05;80.0000000
9482.00035095215;80.0000000;80.0000638;3.375225E-05;80.0000000
9483.00075531006;80.0000000;80.0000638;1.315475E-05;80.0000000
9484.00020599365;80.0000000;80.0000043;-2.422259E-05;80.0000000
9485.00061035156;80.0000000;79.9999447;-4.664861E-05;80.0000000
9486.00006103516;80.0000000;79.9999447;-1.818103E-05;80.0000000
9487.00046539307;80.0000000;79.9999447;-7.085953E-06;80.0000000
9488.00086975098;80.0000000;80.0000638;6.751944E-05;80.0000000
9489.00032043457;80.0000000;80.0001830;8.965566E-05;80.0000000
9490.00072479248;80.0000000;80.0001830;3.494279E-05;80.0000000
9491.00017547607;80.0000000;80.0000639;-6.254881E-05;80.0000000
9492.00057983398;80.0000000;80.0000043;-6.158603E-05;80.0000000
9493.00003051758;80.0000000;80.0000042;-5.128168E-07;80.0000000
9494.00043487549;80.0000000;80.0000042;2.949924E-05;80.0000000
9495.0008392334;80.0000000;80.0000042;1.149716E-05;80.0000000
9496.00028991699;80.0000000;80.0000638;5.745873E-05;80.0000000
9497.0006942749;80.0000000;80.0000638;2.239421E-05;80.0000000
9498.0001449585;80.0000000;80.0000638;8.728017E-06;80.0000000
9499.00054931641;80.0000000;80.0000638;3.401695E-06;80.0000000
9500;80.0000000;80.0000638;1.325791E-06;80.0000000
9501.00040435791;80.0000000;80.0000638;1.451079E-05;80.0000000
9502.00080871582;80.0000000;80.0000638;5.655498E-06;80.0000000
9503.00025939941;80.0000000;80.0000638;2.204199E-06;80.0000000
9504.00066375732;80.0000000;80.0000638;8.590739E-07;80.0000000
9505.00011444092;80.0000000;80.0000638;3.348192E-07;80.0000000
9506.00051879883;80.0000000;80.0000043;-3.701507E-05;80.0000000
9507.00092315674;80.0000000;79.9999447;-3.765518E-05;80.0000000
9508.00037384033;80.0000000;79.9999447;-1.467589E-05;80.0000000
9509.00077819824;80.0000000;79.9999447;-5.719845E-06;80.0000000
9510.00022888184;80.0000000;80.0000042;2.385924E-05;80.0000000
9511.00063323975;80.0000000;80.0000638;5.347291E-05;80.0000000
9512.00008392334;80.0000000;80.0000638;2.084076E-05;80.0000000
9513.00048828125;80.0000000;80.0000638;8.12257E-06;80.0000000
9514.00089263916;80.0000000;80.0000638;3.165726E-06;80.0000000
9515.00034332275;80.0000000;80.0000043;-4.055493E-05;80.0000000
9516.00074768066;80.0000000;80.0000043;-1.580606E-05;80.0000000
9517.00019836426;80.0000000;80.0000043;-6.160321E-06;80.0000000
9518.00060272217;80.0000000;80.0000043;-2.400951E-06;80.0000000
9519.00005340576;80.0000000;80.0000043;-9.357568E-07;80.0000000
9520.00045776367;80.0000000;80.0000043;-3.647059E-07;80.0000000
9521.00086212158;80.0000000;80.0000043;-1.421421E-07;80.0000000
9522.00031280518;80.0000000;80.0000638;5.283349E-05;80.0000000
9523.00071716309;80.0000000;80.0000638;2.059155E-05;80.0000000
9524.00016784668;80.0000000;80.0000638;8.025441E-06;80.0000000
9525.00057220459;80.0000000;80.0000638;3.127871E-06;80.0000000
9526.00002288818;80.0000000;80.0000638;1.21907E-06;80.0000000
9527.00042724609;80.0000000;80.0000638;4.751256E-07;80.0000000
9528.000831604;80.0000000;80.0000638;1.851775E-07;80.0000000
9529.0002822876;80.0000000;80.0000638;7.217189E-08;80.0000000
9530.00068664551;80.0000000;80.0000043;-3.711743E-05;80.0000000
9531.0001373291;80.0000000;80.0000043;-1.446631E-05;80.0000000
9532.00054168701;80.0000000;80.0000043;-5.638162E-06;80.0000000
9532.99999237061;80.0000000;80.0000638;2.389107E-05;80.0000000
9534.00039672852;80.0000000;80.0000638;9.311409E-06;80.0000000
9535.00080108643;80.0000000;80.0000043;-4.338328E-05;80.0000000
9536.00025177002;80.0000000;79.9999447;-5.411638E-05;80.0000000
9537.00065612793;80.0000000;79.9998851;-4.722391E-05;80.0000000
9538.00010681152;80.0000000;79.9999446;3.448364E-05;80.0000000
9539.00051116943;80.0000000;80.0000042;5.529879E-05;80.0000000
9540.00091552734;80.0000000;80.0000638;7.453017E-05;80.0000000
9541.00036621094;80.0000000;80.0000043;2.959197E-06;80.0000000
9542.00077056885;80.0000000;79.9999447;-2.900519E-05;80.0000000
9543.00022125244;80.0000000;79.9999447;-1.130461E-05;80.0000000
9544.00062561035;80.0000000;79.9998255;-6.320371E-05;80.0000000
9545.00007629395;80.0000000;79.9998850;1.455225E-06;80.0000000
9546.00048065186;80.0000000;80.0000638;0.0001039611;80.0000000
9547.00088500977;80.0000000;80.0000638;4.051824E-05;80.0000000
9548.00033569336;80.0000000;80.0001234;4.519066E-05;80.0000000
9549.00074005127;80.0000000;80.0001234;1.76128E-05;80.0000000
9550.00019073486;80.0000000;79.9999447;-0.0001111621;80.0000000
9551.00059509277;80.0000000;79.9999447;-4.332479E-05;80.0000000
9552.00004577637;80.0000000;79.9999447;-1.688559E-05;80.0000000
9553.00045013428;80.0000000;79.9998851;-3.965483E-05;80.0000000
9554.00085449219;80.0000000;80.0000042;5.110231E-05;80.0000000
9555.00030517578;80.0000000;80.0000638;7.289462E-05;80.0000000
9556.00070953369;80.0000000;80.0000638;2.841027E-05;80.0000000
9557.00016021729;80.0000000;80.0000638;1.107274E-05;80.0000000
9558.0005645752;80.0000000;80.0000638;4.315538E-06;80.0000000
9559.00001525879;80.0000000;80.0000043;-4.01068E-05;80.0000000
9560.0004196167;80.0000000;79.9999447;-6.272276E-05;80.0000000
9561.00082397461;80.0000000;80.0000042;1.734292E-05;80.0000000
9562.0002746582;80.0000000;80.0000042;3.64584E-05;80.0000000
9563.00067901611;80.0000000;80.0000042;1.420946E-05;80.0000000
9564.00012969971;80.0000000;80.0000638;3.493695E-05;80.0000000
9565.00053405762;80.0000000;80.0000043;-1.57331E-05;80.0000000
9565.99998474121;80.0000000;79.9999447;-5.910967E-05;80.0000000
9567.00038909912;80.0000000;79.9999447;-2.303765E-05;80.0000000
9568.00079345703;80.0000000;80.0000042;2.816677E-05;80.0000000
9569.00024414063;80.0000000;80.0000042;1.097784E-05;80.0000000
9570.00064849854;80.0000000;80.0000042;4.27855E-06;80.0000000
9571.00009918213;80.0000000;80.0000042;1.667541E-06;80.0000000
9572.00050354004;80.0000000;80.0000638;2.678227E-05;80.0000000
9573.00090789795;80.0000000;80.0000638;1.043824E-05;80.0000000
9574.00035858154;80.0000000;79.9999447;-7.825911E-05;80.0000000
9575.00076293945;80.0000000;79.9999447;-3.050105E-05;80.0000000
9576.00021362305;80.0000000;79.9999447;-1.188761E-05;80.0000000
9577.00061798096;80.0000000;79.9999447;-4.633129E-06;80.0000000
9578.00006866455;80.0000000;79.9999447;-1.805736E-06;80.0000000
9579.00047302246;80.0000000;79.9999447;-7.037754E-07;80.0000000
9580.00087738037;80.0000000;79.9999447;-2.742924E-07;80.0000000
9581.00032806396;80.0000000;79.9999447;-1.069039E-07;80.0000000
9582.00073242188;80.0000000;79.9999447;-4.16652E-08;80.0000000
9583.00018310547;80.0000000;80.0000042;2.317355E-05;80.0000000
9584.00058746338;80.0000000;79.9999447;-4.385713E-05;80.0000000
9585.00003814697;80.0000000;79.9999447;-3.104883E-05;80.0000000
9586.00044250488;80.0000000;79.9999447;-1.210111E-05;80.0000000
9587.00084686279;80.0000000;79.9999447;-4.716338E-06;80.0000000
9588.00029754639;80.0000000;79.9999447;-1.838166E-06;80.0000000
9589.0007019043;80.0000000;79.9999447;-7.164148E-07;80.0000000
9590.00015258789;80.0000000;79.9999447;-2.792186E-07;80.0000000
9591.0005569458;80.0000000;79.9999447;-1.088239E-07;80.0000000
9592.00000762939;80.0000000;79.9999447;-4.241348E-08;80.0000000
9593.0004119873;80.0000000;79.9999447;-1.653041E-08;80.0000000
9594.00081634521;80.0000000;79.9999447;-6.442635E-09;80.0000000
9595.00026702881;80.0000000;79.9999447;-2.510981E-09;80.0000000
9596.00067138672;80.0000000;79.9999447;-9.786405E-10;80.0000000
9597.00012207031;80.0000000;80.0000042;5.288851E-05;80.0000000
9598.00052642822;80.0000000;80.0000042;2.0613E-05;80.0000000
9599.00093078613;80.0000000;80.0000638;4.989278E-05;80.0000000
9600.00038146973;80.0000000;80.0000638;1.944543E-05;80.0000000
9601.00078582764;80.0000000;80.0000638;7.578745E-06;80.0000000
9602.00023651123;80.0000000;80.0000043;-2.313474E-05;80.0000000
9603.00064086914;80.0000000;79.9999447;-4.20904E-05;80.0000000
9604.00009155273;80.0000000;80.0000042;6.785296E-06;80.0000000
9605.00049591064;80.0000000;80.0000638;2.877689E-05;80.0000000
9606.00090026855;80.0000000;80.0000043;-4.167326E-05;80.0000000
9607.00035095215;80.0000000;80.0000043;-1.624192E-05;80.0000000
9608.00075531006;80.0000000;80.0000638;4.068215E-05;80.0000000
9609.00020599365;80.0000000;80.0000043;-7.334151E-06;80.0000000
9610.00061035156;80.0000000;80.0000043;-1.162892E-05;80.0000000
9611.00006103516;80.0000000;80.0000043;-4.532308E-06;80.0000000
9612.00046539307;80.0000000;80.0000043;-1.766441E-06;80.0000000
9613.00086975098;80.0000000;80.0000043;-6.884606E-07;80.0000000
9614.00032043457;80.0000000;80.0000043;-3.167049E-06;80.0000000
9615.00072479248;80.0000000;80.0000043;-1.234339E-06;80.0000000
9616.00017547607;80.0000000;79.9999447;-2.661343E-05;80.0000000
9617.00057983398;80.0000000;80.0000042;2.264584E-05;80.0000000
9618.00003051758;80.0000000;80.0000042;8.826089E-06;80.0000000
9619.00043487549;80.0000000;80.0000638;3.651368E-05;80.0000000
9620.0008392334;80.0000000;80.0000638;1.4231E-05;80.0000000
9621.00028991699;80.0000000;80.0000638;5.546453E-06;80.0000000
9622.0006942749;80.0000000;80.0000043;-2.102809E-05;80.0000000
9623.0001449585;80.0000000;80.0000042;5.194107E-07;80.0000000
9624.00054931641;80.0000000;79.9999447;-3.694312E-05;80.0000000
9625;80.0000000;80.0000042;2.274718E-05;80.0000000
9626.00040435791;80.0000000;80.0000042;8.865586E-06;80.0000000
9627.00080871582;80.0000000;80.0000042;3.455312E-06;80.0000000
9628.00025939941;80.0000000;80.0000042;7.223225E-06;80.0000000
9629.00066375732;80.0000000;79.9999447;-3.433035E-05;80.0000000
9630.00011444092;80.0000000;79.9999447;-1.338006E-05;80.0000000
9631.00051879883;80.0000000;79.9999447;-5.214803E-06;80.0000000
9632.00092315674;80.0000000;79.9999447;-2.03244E-06;80.0000000
9633.00037384033;80.0000000;79.9999447;-9.562613E-06;80.0000000
9634.00077819824;80.0000000;80.0000042;3.341858E-05;80.0000000
9635.00022888184;80.0000000;79.9999447;-1.306381E-05;80.0000000
9636.00063323975;80.0000000;80.0000042;3.669721E-05;80.0000000
9637.00008392334;80.0000000;80.0000042;1.430253E-05;80.0000000
9638.00048828125;80.0000000;80.0000042;5.574329E-06;80.0000000
9639.00089263916;80.0000000;80.0000042;2.172563E-06;80.0000000
9640.00034332275;80.0000000;80.0000638;2.69791E-05;80.0000000
9641.00074768066;80.0000000;80.0000043;-2.250332E-05;80.0000000
9642.00019836426;80.0000000;79.9999447;-4.597853E-05;80.0000000
9643.00060272217;80.0000000;79.9999447;-1.791987E-05;80.0000000
9644.00005340576;80.0000000;80.0000042;3.016139E-05;80.0000000
9645.00045776367;80.0000000;80.0000042;1.175523E-05;80.0000000
9646.00086212158;80.0000000;80.0000042;4.581534E-06;80.0000000
9647.00031280518;80.0000000;80.0000042;1.785627E-06;80.0000000
9648.00071716309;80.0000000;80.0000638;4.77873E-05;80.0000000
9649.00016784668;80.0000000;80.0000638;1.862483E-05;80.0000000
9650.00057220459;80.0000000;80.0000638;7.258921E-06;80.0000000
9651.00002288818;80.0000000;80.0000043;-3.431643E-05;80.0000000
9652.00042724609;80.0000000;79.9999447;-5.058262E-05;80.0000000
9653.000831604;80.0000000;79.9999447;-1.971429E-05;80.0000000
9654.0002822876;80.0000000;79.9999447;-7.683532E-06;80.0000000
9655.00068664551;80.0000000;79.9999447;-2.994614E-06;80.0000000
9656.0001373291;80.0000000;80.0000042;2.818244E-05;80.0000000
9657.00054168701;80.0000000;80.0000042;1.098395E-05;80.0000000
9657.99999237061;80.0000000;79.9999447;-3.286463E-05;80.0000000
9659.00039672852;80.0000000;79.9999447;-1.28088E-05;80.0000000
9660.00080108643;80.0000000;80.0000042;4.202019E-05;80.0000000
9661.00025177002;80.0000000;79.9999447;-1.664114E-05;80.0000000
9662.00065612793;80.0000000;79.9999447;-6.48579E-06;80.0000000
9663.00010681152;80.0000000;79.9998851;-4.961916E-05;80.0000000
9664.00051116943;80.0000000;79.9998851;-1.933879E-05;80.0000000
9665.00091552734;80.0000000;80.0000638;8.364396E-05;80.0000000
9666.00036621094;80.0000000;80.0001234;7.445875E-05;80.0000000
9667.00077056885;80.0000000;80.0001235;2.127322E-05;80.0000000
9668.00022125244;80.0000000;80.0001235;-1.537363E-06;80.0000000
9669.00062561035;80.0000000;80.0000639;-2.673154E-05;80.0000000
9670.00007629395;80.0000000;79.9999447;-6.304614E-05;80.0000000
9671.00048065186;80.0000000;79.9998851;-5.070424E-05;80.0000000
9672.00088500977;80.0000000;79.9998851;-1.976169E-05;80.0000000
9673.00033569336;80.0000000;80.0000042;6.717525E-05;80.0000000
9674.00074005127;80.0000000;80.0000638;6.338916E-05;80.0000000
9675.00019073486;80.0000000;80.0000638;2.470557E-05;80.0000000
9676.00059509277;80.0000000;80.0000638;9.628854E-06;80.0000000
9677.00004577637;80.0000000;80.0000043;-1.943699E-05;80.0000000
9678.00045013428;80.0000000;80.0000638;3.421329E-05;80.0000000
9679.00085449219;80.0000000;80.0000638;1.333444E-05;80.0000000
9680.00030517578;80.0000000;80.0000638;5.197021E-06;80.0000000
9681.00070953369;80.0000000;80.0000638;2.02551E-06;80.0000000
9682.00016021729;80.0000000;80.0000638;7.894309E-07;80.0000000
9683.0005645752;80.0000000;80.0000638;3.076762E-07;80.0000000
9684.00001525879;80.0000000;80.0000638;1.19915E-07;80.0000000
9685.0004196167;80.0000000;80.0000043;-2.930284E-05;80.0000000
9686.00082397461;80.0000000;80.0000043;-1.142062E-05;80.0000000
9687.0002746582;80.0000000;80.0000043;-4.45112E-06;80.0000000
9688.00067901611;80.0000000;80.0000043;-1.734799E-06;80.0000000
9689.00012969971;80.0000000;80.0000043;-6.761281E-07;80.0000000
9690.00053405762;80.0000000;80.0000638;3.688204E-05;80.0000000
9690.99998474121;80.0000000;80.0000638;1.437457E-05;80.0000000
9692.00038909912;80.0000000;80.0000043;-2.741587E-05;80.0000000
9693.00079345703;80.0000000;80.0000043;-1.068518E-05;80.0000000
9694.00024414063;80.0000000;80.0000043;-4.164488E-06;80.0000000
9695.00064849854;80.0000000;80.0000638;2.77265E-05;80.0000000
9696.00009918213;80.0000000;80.0001234;4.388001E-05;80.0000000
9697.00050354004;80.0000000;80.0000639;-1.224759E-05;80.0000000
9698.00090789795;80.0000000;79.9999447;-5.413456E-05;80.0000000
9699.00035858154;80.0000000;79.9998851;-6.295762E-05;80.0000000
9700.00076293945;80.0000000;79.9998851;-2.453738E-05;80.0000000
9701.00021362305;80.0000000;80.0000042;7.408443E-05;80.0000000
9702.00061798096;80.0000000;80.0000638;6.194777E-05;80.0000000
9703.00006866455;80.0000000;80.0000639;3.263804E-06;80.0000000
9704.00047302246;80.0000000;80.0000043;-5.170573E-05;80.0000000
9705.00087738037;80.0000000;79.9999447;-5.322578E-05;80.0000000
9706.00032806396;80.0000000;79.9999447;-2.074445E-05;80.0000000
9707.00073242188;80.0000000;79.9998851;-3.421739E-05;80.0000000
9708.00018310547;80.0000000;79.9999446;2.845272E-05;80.0000000
9709.00058746338;80.0000000;80.0000638;8.14094E-05;80.0000000
9710.00003814697;80.0000000;80.0000638;3.172885E-05;80.0000000
9711.00044250488;80.0000000;79.9999447;-6.670015E-05;80.0000000
9712.00084686279;80.0000000;79.9999447;-2.599601E-05;80.0000000
9713.00029754639;80.0000000;79.9999447;-1.01318E-05;80.0000000
9714.0007019043;80.0000000;79.9999447;-3.94881E-06;80.0000000
9715.00015258789;80.0000000;80.0000042;5.134987E-05;80.0000000
9716.0005569458;80.0000000;80.0000042;2.001332E-05;80.0000000
9717.00000762939;80.0000000;80.0000042;2.179415E-05;80.0000000
9718.0004119873;80.0000000;79.9999447;-4.439475E-05;80.0000000
9719.00081634521;80.0000000;80.0000042;1.571567E-05;80.0000000
9720.00026702881;80.0000000;80.0000638;3.919886E-05;80.0000000
9721.00067138672;80.0000000;80.0000638;1.527753E-05;80.0000000
9722.00012207031;80.0000000;80.0000638;5.954332E-06;80.0000000
9723.00052642822;80.0000000;79.9999447;-7.085921E-05;80.0000000
9724.00093078613;80.0000000;80.0000042;1.417178E-05;80.0000000
9725.00038146973;80.0000000;80.0000042;5.523372E-06;80.0000000
9726.00078582764;80.0000000;80.0000042;2.152703E-06;80.0000000
9727.00023651123;80.0000000;80.0000042;8.390038E-07;80.0000000
9728.00064086914;80.0000000;79.9999447;-2.943021E-05;80.0000000
9729.00009155273;80.0000000;79.9999447;-1.147026E-05;80.0000000
9730.00049591064;80.0000000;80.0000042;4.254188E-05;80.0000000
9731.00090026855;80.0000000;80.0000042;1.658046E-05;80.0000000
9732.00035095215;80.0000000;80.0000042;6.46214E-06;80.0000000
9733.00075531006;80.0000000;80.0000042;2.518583E-06;80.0000000
9734.00020599365;80.0000000;80.0000042;9.816034E-07;80.0000000
9735.00061035156;80.0000000;79.9999447;-4.140618E-05;80.0000000
9736.00006103516;80.0000000;79.9999447;-1.939889E-05;80.0000000
9737.00046539307;80.0000000;80.0000042;1.562918E-05;80.0000000
9738.00086975098;80.0000000;80.0000042;6.091386E-06;80.0000000
9739.00032043457;80.0000000;80.0000042;2.374083E-06;80.0000000
9740.00072479248;80.0000000;80.0000042;9.252856E-07;80.0000000
9741.00017547607;80.0000000;80.0000042;3.606248E-07;80.0000000
9742.00057983398;80.0000000;79.9999447;-3.287772E-05;80.0000000
9743.00003051758;80.0000000;79.9999447;-1.28139E-05;80.0000000
9744.00043487549;80.0000000;79.9999447;-4.994146E-06;80.0000000
9745.0008392334;80.0000000;80.0000042;3.984231E-05;80.0000000
9746.00028991699;80.0000000;80.0000638;6.261967E-05;80.0000000
9747.0006942749;80.0000000;80.0000638;2.440566E-05;80.0000000
9748.0001449585;80.0000000;80.0001234;5.660333E-05;80.0000000
9749.00054931641;80.0000000;80.0001234;2.206083E-05;80.0000000
9750;80.0000000;80.0001234;8.598083E-06;80.0000000
9751.00040435791;80.0000000;80.0000639;-2.966722E-05;80.0000000
9752.00080871582;80.0000000;80.0000043;-4.877061E-05;80.0000000
9753.00025939941;80.0000000;79.9999447;-4.514043E-05;80.0000000
9754.00066375732;80.0000000;80.0000042;3.529566E-05;80.0000000
9755.00011444092;80.0000000;80.0000638;6.084764E-05;80.0000000
9756.00051879883;80.0000000;80.0000638;2.371503E-05;80.0000000
9757.00092315674;80.0000000;80.0000638;9.242798E-06;80.0000000
9758.00037384033;80.0000000;80.0000043;-3.818642E-05;80.0000000
9759.00077819824;80.0000000;79.9999447;-3.811171E-05;80.0000000
9760.00022888184;80.0000000;80.0000042;2.693493E-05;80.0000000
9761.00063323975;80.0000000;80.0000042;1.049774E-05;80.0000000
9762.00008392334;80.0000000;80.0000638;3.022379E-05;80.0000000
9763.00048828125;80.0000000;80.0000638;1.177955E-05;80.0000000
9764.00089263916;80.0000000;80.0000638;4.591013E-06;80.0000000
9765.00034332275;80.0000000;80.0000638;1.789322E-06;80.0000000
9766.00074768066;80.0000000;79.9999447;-5.189131E-05;80.0000000
9767.00019836426;80.0000000;79.9999447;-2.022434E-05;80.0000000
9768.00060272217;80.0000000;79.9999447;-7.882323E-06;80.0000000
9769.00005340576;80.0000000;80.0000638;6.022441E-05;80.0000000
9770.00045776367;80.0000000;80.0001234;5.65459E-05;80.0000000
9771.00086212158;80.0000000;80.0001234;2.203844E-05;80.0000000
9772.00031280518;80.0000000;80.0000639;-1.749915E-05;80.0000000
9773.00071716309;80.0000000;80.0000043;-4.867918E-05;80.0000000
9774.00016784668;80.0000000;80.0000043;-1.897244E-05;80.0000000
9775.00057220459;80.0000000;80.0000043;-7.3944E-06;80.0000000
9776.00002288818;80.0000000;80.0000043;-2.881926E-06;80.0000000
9777.00042724609;80.0000000;80.0000043;-1.123214E-06;80.0000000
9778.000831604;80.0000000;80.0000638;2.891181E-05;80.0000000
9779.0002822876;80.0000000;80.0000043;-1.48203E-05;80.0000000
9780.00068664551;80.0000000;79.9999447;-3.884989E-05;80.0000000
9781.0001373291;80.0000000;80.0000042;2.200403E-05;80.0000000
9782.00054168701;80.0000000;80.0000042;8.575947E-06;80.0000000
9782.99999237061;80.0000000;80.0000638;4.520141E-05;80.0000000
9784.00039672852;80.0000000;80.0000043;-1.173259E-05;80.0000000
9785.00080108643;80.0000000;80.0000043;-4.572709E-06;80.0000000
9786.00025177002;80.0000000;80.0000043;-1.782187E-06;80.0000000
9787.00065612793;80.0000000;79.9999447;-3.669375E-05;80.0000000
9788.00010681152;80.0000000;79.9999447;-1.430118E-05;80.0000000
9789.00051116943;80.0000000;79.9999447;-5.573803E-06;80.0000000
9790.00091552734;80.0000000;79.9999447;-2.172358E-06;80.0000000
9791.00036621094;80.0000000;79.9999447;-8.466645E-07;80.0000000
9792.00077056885;80.0000000;80.0000042;3.681557E-05;80.0000000
9793.00022125244;80.0000000;80.0000638;5.620765E-05;80.0000000
9794.00062561035;80.0000000;80.0000638;2.190661E-05;80.0000000
9795.00007629395;80.0000000;80.0000638;8.537977E-06;80.0000000
9796.00048065186;80.0000000;80.0001234;5.041898E-05;80.0000000
9797.00088500977;80.0000000;80.0000639;-2.213824E-05;80.0000000
9798.00033569336;80.0000000;80.0000639;-8.628254E-06;80.0000000
9799.00074005127;80.0000000;80.0000639;-3.362814E-06;80.0000000
9800.00019073486;80.0000000;80.0000639;-1.310638E-06;80.0000000
9801.00059509277;80.0000000;80.0000639;-5.108137E-07;80.0000000
9802.00004577637;80.0000000;80.0000639;-1.990867E-07;80.0000000
9803.00045013428;80.0000000;80.0000043;-3.315136E-05;80.0000000
9804.00085449219;80.0000000;80.0000043;-1.292055E-05;80.0000000
9805.00030517578;80.0000000;80.0000638;2.10528E-05;80.0000000
9806.00070953369;80.0000000;80.0000638;8.205207E-06;80.0000000
9807.00016021729;80.0000000;79.9999447;-7.586836E-05;80.0000000
9808.0005645752;80.0000000;79.9999447;-2.956927E-05;80.0000000
9809.00001525879;80.0000000;79.9998851;-3.475322E-05;80.0000000
9810.0004196167;80.0000000;79.9999446;2.360069E-05;80.0000000
9811.00082397461;80.0000000;80.0000042;3.533059E-05;80.0000000
9812.0002746582;80.0000000;80.0000638;5.097788E-05;80.0000000
9813.00067901611;80.0000000;80.0000638;1.986834E-05;80.0000000
9814.00012969971;80.0000000;79.9999447;-9.224656E-05;80.0000000
9815.00053405762;80.0000000;79.9999447;-3.595257E-05;80.0000000
9816.00093841553;80.0000000;79.9999447;-1.401231E-05;80.0000000
9817.00038909912;80.0000000;79.9999447;-5.461219E-06;80.0000000
9818.00079345703;80.0000000;79.9999447;-2.128479E-06;80.0000000
9819.00024414063;80.0000000;80.0000042;5.205933E-05;80.0000000
9820.00064849854;80.0000000;80.0000042;2.808581E-05;80.0000000
9821.00009918213;80.0000000;79.9999447;-4.194261E-05;80.0000000
9822.00050354004;80.0000000;79.9999447;-1.634689E-05;80.0000000
9823.00090789795;80.0000000;79.9999447;-1.15947E-05;80.0000000
9824.00035858154;80.0000000;80.0000042;2.849931E-05;80.0000000
9825.00076293945;80.0000000;80.0000638;4.41812E-05;80.0000000
9826.00021362305;80.0000000;80.0000638;1.721937E-05;80.0000000
9827.00061798096;80.0000000;80.0000043;-2.630712E-05;80.0000000
9828.00006866455;80.0000000;79.9999447;-3.348182E-05;80.0000000
9829.00047302246;80.0000000;79.9998851;-3.627811E-05;80.0000000
9830.00087738037;80.0000000;80.0000042;7.598415E-05;80.0000000
9831.00032806396;80.0000000;80.0000042;2.961439E-05;80.0000000
9832.00073242188;80.0000000;80.0000638;4.875003E-05;80.0000000
9833.00018310547;80.0000000;80.0000638;1.900005E-05;80.0000000
9834.00058746338;80.0000000;80.0000638;7.405162E-06;80.0000000
9835.00003814697;80.0000000;79.9999447;-6.739503E-05;80.0000000
9836.00044250488;80.0000000;79.9998851;-7.335818E-05;80.0000000
9837.00084686279;80.0000000;79.9999446;2.429795E-05;80.0000000
9838.00029754639;80.0000000;80.0000042;5.656135E-05;80.0000000
9839.0007019043;80.0000000;80.0000638;4.817682E-05;80.0000000
9840.00015258789;80.0000000;80.0000638;1.877665E-05;80.0000000
9841.0005569458;80.0000000;80.0001234;3.345045E-05;80.0000000
9842.00000762939;80.0000000;80.0001234;1.303712E-05;80.0000000
9843.0004119873;80.0000000;80.0000639;-4.19312E-05;80.0000000
9844.00081634521;80.0000000;80.0000043;-5.820143E-05;80.0000000
9845.00026702881;80.0000000;79.9999447;-5.208257E-05;80.0000000
9846.00067138672;80.0000000;80.0000042;1.271938E-05;80.0000000
9847.00012207031;80.0000000;80.0000042;9.084596E-06;80.0000000
9848.00052642822;80.0000000;80.0000638;5.651845E-05;80.0000000
9849.00093078613;80.0000000;80.0000638;2.202775E-05;80.0000000
9850.00038146973;80.0000000;80.0000638;8.58519E-06;80.0000000
9851.00078582764;80.0000000;80.0000638;3.346029E-06;80.0000000
9852.00023651123;80.0000000;79.9999447;-7.486348E-05;80.0000000
9853.00064086914;80.0000000;80.0000042;1.416603E-05;80.0000000
9854.00009155273;80.0000000;79.9999447;-3.626763E-05;80.0000000
9855.00049591064;80.0000000;79.9999447;-1.41351E-05;80.0000000
9856.00090026855;80.0000000;79.9999447;-5.509076E-06;80.0000000
9857.00035095215;80.0000000;79.9999447;-2.147131E-06;80.0000000
9858.00075531006;80.0000000;80.0000042;2.525168E-05;80.0000000
9859.00020599365;80.0000000;80.0000638;3.597406E-05;80.0000000
9860.00061035156;80.0000000;79.9999447;-6.504561E-05;80.0000000
9861.00006103516;80.0000000;79.9999447;-2.535116E-05;80.0000000
9862.00046539307;80.0000000;79.9999447;-9.88047E-06;80.0000000
9863.00086975098;80.0000000;80.0000042;4.316149E-05;80.0000000
9864.00032043457;80.0000000;80.0000042;2.298174E-05;80.0000000
9865.00072479248;80.0000000;79.9999447;-3.805535E-05;80.0000000
9866.00017547607;80.0000000;80.0000042;8.357933E-06;80.0000000
9867.00057983398;80.0000000;79.9999447;-3.498442E-05;80.0000000
9868.00003051758;80.0000000;79.9999447;-1.363498E-05;80.0000000
9869.00043487549;80.0000000;79.9999447;-5.314156E-06;80.0000000
9870.0008392334;80.0000000;80.0000042;4.494119E-05;80.0000000
9871.00028991699;80.0000000;80.0000042;1.751557E-05;80.0000000
9872.0006942749;80.0000000;80.0000638;3.990036E-05;80.0000000
9873.0001449585;80.0000000;80.0000638;1.555094E-05;80.0000000
9874.00054931641;80.0000000;80.0000638;6.06089E-06;80.0000000
9875;80.0000000;79.9999447;-6.55853E-05;80.0000000
9876.00040435791;80.0000000;79.9999447;-2.55615E-05;80.0000000
9877.00080871582;80.0000000;79.9999447;-9.962451E-06;80.0000000
9878.00025939941;80.0000000;80.0000042;3.464488E-05;80.0000000
9879.00066375732;80.0000000;80.0000638;5.071063E-05;80.0000000
9880.00011444092;80.0000000;80.0000638;1.976419E-05;80.0000000
9881.00051879883;80.0000000;80.0000638;7.70298E-06;80.0000000
9882.00092315674;80.0000000;80.0000043;-2.308632E-05;80.0000000
9883.00037384033;80.0000000;79.9999447;-3.839667E-05;80.0000000
9884.00077819824;80.0000000;80.0000042;2.218067E-05;80.0000000
9885.00022888184;80.0000000;80.0000638;3.187355E-05;80.0000000
9886.00063323975;80.0000000;80.0000638;1.242254E-05;80.0000000
9887.00008392334;80.0000000;80.0000043;-4.804728E-05;80.0000000
9888.00048828125;80.0000000;80.0000043;-1.872615E-05;80.0000000
9889.00089263916;80.0000000;80.0000043;-7.298413E-06;80.0000000
9890.00034332275;80.0000000;80.0000043;-7.48771E-06;80.0000000
9891.00074768066;80.0000000;80.0000043;-2.918293E-06;80.0000000
9892.00019836426;80.0000000;79.9999447;-3.54232E-05;80.0000000
9893.00060272217;80.0000000;80.0000042;2.333957E-05;80.0000000
9894.00005340576;80.0000000;80.0000042;9.096465E-06;80.0000000
9895.00045776367;80.0000000;80.0000042;3.545296E-06;80.0000000
9896.00086212158;80.0000000;80.0000042;1.381759E-06;80.0000000
9897.00031280518;80.0000000;79.9999447;-5.235036E-05;80.0000000
9898.00071716309;80.0000000;79.9998851;-7.338104E-05;80.0000000
9899.00016784668;80.0000000;79.9998851;-2.859985E-05;80.0000000
9900.00057220459;80.0000000;79.9998851;-1.114663E-05;80.0000000
9901.00002288818;80.0000000;79.9998851;-4.344335E-06;80.0000000
9902.00042724609;80.0000000;80.0000042;7.474775E-05;80.0000000
9903.000831604;80.0000000;79.9999447;-2.170635E-07;80.0000000
9904.0002822876;80.0000000;79.9999447;-8.459929E-08;80.0000000
9905.00068664551;80.0000000;79.9999447;-3.29721E-08;80.0000000
9906.0001373291;80.0000000;79.9999447;-1.285069E-08;80.0000000
9907.00054168701;80.0000000;79.9999447;-5.008483E-09;80.0000000
9908.00094604492;80.0000000;80.0000042;4.70104E-05;80.0000000
9909.00039672852;80.0000000;80.0000042;1.832203E-05;80.0000000
9910.00080108643;80.0000000;80.0000042;7.140909E-06;80.0000000
9911.00025177002;80.0000000;80.0000042;2.783129E-06;80.0000000
9912.00065612793;80.0000000;80.0000042;1.084709E-06;80.0000000
9913.00010681152;80.0000000;80.0000638;4.751412E-05;80.0000000
9914.00051116943;80.0000000;80.0000638;1.851836E-05;80.0000000
9915.00091552734;80.0000000;80.0000638;7.217424E-06;80.0000000
9916.00036621094;80.0000000;80.0000638;2.81295E-06;80.0000000
9917.00077056885;80.0000000;79.9999447;-7.90133E-05;80.0000000
9918.00022125244;80.0000000;79.9999447;-5.171882E-05;80.0000000
9919.00062561035;80.0000000;80.0000042;1.698844E-05;80.0000000
9920.00007629395;80.0000000;80.0000638;5.371251E-05;80.0000000
9921.00048065186;80.0000000;80.0000043;-1.502115E-05;80.0000000
9922.00088500977;80.0000000;80.0000043;-5.854409E-06;80.0000000
9923.00033569336;80.0000000;80.0000043;-2.281723E-06;80.0000000
9924.00074005127;80.0000000;80.0000043;-8.892886E-07;80.0000000
9925.00019073486;80.0000000;80.0000638;2.28432E-05;80.0000000
9926.00059509277;80.0000000;80.0000638;8.903007E-06;80.0000000
9927.00004577637;80.0000000;80.0000043;-2.261862E-05;80.0000000
9928.00045013428;80.0000000;80.0000043;-8.815478E-06;80.0000000
9929.00085449219;80.0000000;80.0000042;1.512421E-05;80.0000000
9930.00030517578;80.0000000;80.0000042;5.894575E-06;80.0000000
9931.00070953369;80.0000000;80.0000638;4.938873E-05;80.0000000
9932.00016021729;80.0000000;80.0000638;1.924898E-05;80.0000000
9933.0005645752;80.0000000;80.0000638;7.502182E-06;80.0000000
9934.00001525879;80.0000000;80.0000043;-3.422163E-05;80.0000000
9935.0004196167;80.0000000;79.9999447;-4.641145E-05;80.0000000
9936.00082397461;80.0000000;79.9999447;-1.80886E-05;80.0000000
9937.0002746582;80.0000000;80.0000042;2.229965E-05;80.0000000
9938.00067901611;80.0000000;80.0000042;1.195222E-05;80.0000000
9939.00012969971;80.0000000;80.0000042;4.658312E-06;80.0000000
9940.00053405762;80.0000000;80.0000042;1.815551E-06;80.0000000
9941.00093841553;80.0000000;80.0000042;7.076007E-07;80.0000000
9942.00038909912;80.0000000;80.0000638;3.334954E-05;80.0000000
9943.00079345703;80.0000000;80.0000638;1.29978E-05;80.0000000
9944.00024414063;80.0000000;80.0000043;-3.207974E-05;80.0000000
9945.00064849854;80.0000000;79.9999447;-3.863526E-05;80.0000000
9946.00009918213;80.0000000;79.9999447;-1.505787E-05;80.0000000
9947.00050354004;80.0000000;80.0000042;4.114363E-05;80.0000000
9948.00090789795;80.0000000;80.0000042;1.60355E-05;80.0000000
9949.00035858154;80.0000000;80.0000638;3.23821E-05;80.0000000
9950.00076293945;80.0000000;80.0001234;3.58495E-05;80.0000000
9951.00021362305;80.0000000;80.0000043;-6.835521E-05;80.0000000
9952.00061798096;80.0000000;79.9999447;-5.277342E-05;80.0000000
9953.00006866455;80.0000000;79.9999447;-2.056814E-05;80.0000000
9954.00047302246;80.0000000;79.9999447;-8.016316E-06;80.0000000
9955.00087738037;80.0000000;79.9999447;-3.124314E-06;80.0000000
9956.00032806396;80.0000000;79.9999447;-1.217684E-06;80.0000000
9957.00073242188;80.0000000;80.0000638;7.569298E-05;80.0000000
9958.00018310547;80.0000000;80.0000638;2.950091E-05;80.0000000
9959.00058746338;80.0000000;80.0000638;1.149781E-05;80.0000000
9960.00003814697;80.0000000;80.0000638;4.481208E-06;80.0000000
9961.00044250488;80.0000000;79.9999447;-7.442105E-05;80.0000000
9962.00084686279;80.0000000;80.0000042;3.443945E-07;80.0000000
9963.00029754639;80.0000000;80.0000042;1.342258E-07;80.0000000
9964.0007019043;80.0000000;80.0000042;5.231375E-08;80.0000000
9965.00015258789;80.0000000;80.0000638;5.299817E-05;80.0000000
9966.0005569458;80.0000000;80.0000638;2.065574E-05;80.0000000
9967.00000762939;80.0000000;80.0000639;-2.160967E-05;80.0000000
9968.0004119873;80.0000000;79.9999447;-0.000103259;80.0000000
9969.00081634521;80.0000000;79.9999447;-4.024461E-05;80.0000000
9970.00026702881;80.0000000;79.9998851;-6.866289E-05;80.0000000
9971.00067138672;80.0000000;79.9998851;-2.676098E-05;80.0000000
9972.00012207031;80.0000000;79.9999446;4.245895E-05;80.0000000
9973.00052642822;80.0000000;80.0000042;5.375612E-05;80.0000000
9974.00093078613;80.0000000;80.0000042;2.095114E-05;80.0000000
9975.00038146973;80.0000000;80.0000042;8.165589E-06;80.0000000
9976.00078582764;80.0000000;80.0000042;3.182492E-06;80.0000000
9977.00023651123;80.0000000;79.9999447;-4.05484E-05;80.0000000
9978.00064086914;80.0000000;79.9999447;-1.580351E-05;80.0000000
9979.00009155273;80.0000000;80.0000042;4.672956E-05;80.0000000
9980.00049591064;80.0000000;80.0000042;1.821258E-05;80.0000000
9981.00090026855;80.0000000;80.0000638;4.017201E-05;80.0000000
9982.00035095215;80.0000000;80.0000638;1.565681E-05;80.0000000
9983.00075531006;80.0000000;79.9999447;-5.894663E-05;80.0000000
9984.00020599365;80.0000000;79.9999447;-2.297411E-05;80.0000000
9985.00061035156;80.0000000;79.9999447;-8.954031E-06;80.0000000
9986.00006103516;80.0000000;79.9999447;-3.489783E-06;80.0000000
9987.00046539307;80.0000000;80.0000042;2.182967E-05;80.0000000
9988.00086975098;80.0000000;80.0000042;8.507989E-06;80.0000000
9989.00032043457;80.0000000;79.9999447;-2.970233E-05;80.0000000
9990.00072479248;80.0000000;79.9999447;-1.157632E-05;80.0000000
9991.00017547607;80.0000000;79.9999447;-4.511803E-06;80.0000000
9992.00057983398;80.0000000;80.0000042;4.52539E-05;80.0000000
9993.00003051758;80.0000000;79.9999447;-1.538082E-05;80.0000000
9994.00043487549;80.0000000;80.0000042;4.101776E-05;80.0000000
9995.0008392334;80.0000000;80.0000042;1.598644E-05;80.0000000
9996.00028991699;80.0000000;79.9999447;-2.311895E-05;80.0000000
9997.0006942749;80.0000000;80.0000042;4.387841E-05;80.0000000
9998.0001449585;80.0000000;80.0000042;4.680047E-05;80.0000000
9999.00054931641;80.0000000;79.9999447;-4.949573E-06;80.0000000
10000;80.0000000;80.0000042;2.742051E-05;80.0000000
10001.0004043579;80.0000000;80.0000042;1.068699E-05;80.0000000
10002.0008087158;80.0000000;80.0000638;3.029755E-05;80.0000000
10003.0002593994;80.0000000;80.0000638;1.18083E-05;80.0000000
10004.0006637573;80.0000000;80.0000638;4.602218E-06;80.0000000
10005.0001144409;80.0000000;80.0000638;1.793689E-06;80.0000000
10006.0005187988;80.0000000;80.0000638;6.990799E-07;80.0000000
10007.0009231567;80.0000000;80.0000638;2.724624E-07;80.0000000
10008.0003738403;80.0000000;80.0000043;-2.924339E-05;80.0000000
10009.0007781982;80.0000000;80.0000043;-1.139744E-05;80.0000000
10010.0002288818;80.0000000;79.9999447;-5.741986E-05;80.0000000
10011.0006332397;80.0000000;79.9999447;-4.743497E-05;80.0000000
10012.0000839233;80.0000000;79.9999447;-1.848751E-05;80.0000000
10013.0004882813;80.0000000;80.0000042;1.598439E-05;80.0000000
10014.0008926392;80.0000000;80.0000042;2.389259E-05;80.0000000
10015.0003433228;80.0000000;79.9999447;-2.783355E-05;80.0000000
10016.0007476807;80.0000000;79.9999447;-1.084797E-05;80.0000000
10017.0001983643;80.0000000;79.9999447;-4.227934E-06;80.0000000
10018.0006027222;80.0000000;80.0000042;2.154198E-05;80.0000000
10019.0000534058;80.0000000;80.0000042;8.395863E-06;80.0000000
10020.0004577637;80.0000000;79.9999447;-4.374011E-05;80.0000000
10021.0008621216;80.0000000;79.9999447;-3.471023E-05;80.0000000
10022.0003128052;80.0000000;79.9999447;-1.719681E-05;80.0000000
10023.0007171631;80.0000000;79.9999447;-1.87387E-05;80.0000000
10024.0001678467;80.0000000;79.9999447;-3.084262E-05;80.0000000
10025.0005722046;80.0000000;79.9999447;-1.202074E-05;80.0000000
10026.0000228882;80.0000000;79.9999447;-8.35371E-06;80.0000000
10027.0004272461;80.0000000;79.9999447;-2.312643E-05;80.0000000
10028.000831604;80.0000000;79.9999447;-9.013395E-06;80.0000000
10029.0002822876;80.0000000;79.9999447;-3.51292E-06;80.0000000
10030.0006866455;80.0000000;79.9999447;-1.369141E-06;80.0000000
10031.0001373291;80.0000000;80.0000042;2.55549E-05;80.0000000
10032.000541687;80.0000000;80.0000042;9.959876E-06;80.0000000
10033.0009460449;80.0000000;80.0000042;3.881806E-06;80.0000000
10034.0003967285;80.0000000;80.0000042;6.156109E-06;80.0000000
10035.0008010864;80.0000000;79.9999447;-3.938944E-05;80.0000000
10036.00025177;80.0000000;80.0000042;3.753708E-05;80.0000000
10037.0006561279;80.0000000;80.0000042;1.752859E-05;80.0000000
10038.0001068115;80.0000000;80.0000042;6.831668E-06;80.0000000
10039.0005111694;80.0000000;80.0000042;8.539151E-06;80.0000000
10040.0009155273;80.0000000;80.0000042;3.328086E-06;80.0000000
10041.0003662109;80.0000000;80.0000042;1.297103E-06;80.0000000
10042.0007705688;80.0000000;80.0000638;4.236453E-05;80.0000000
10043.0002212524;80.0000000;80.0000638;2.761147E-05;80.0000000
10044.0006256104;80.0000000;80.0000043;-3.625093E-05;80.0000000
10045.0000762939;80.0000000;80.0000043;-1.41286E-05;80.0000000
10046.0004806519;80.0000000;79.9999447;-5.25979E-05;80.0000000
10047.0008850098;80.0000000;80.0000042;5.588779E-06;80.0000000
10048.0003356934;80.0000000;80.0000042;2.178195E-06;80.0000000
10049.0007400513;80.0000000;80.0000638;3.024784E-05;80.0000000
10050.0001907349;80.0000000;80.0000638;1.178893E-05;80.0000000
10051.0005950928;80.0000000;80.0000043;-2.475491E-05;80.0000000
10052.0000457764;80.0000000;80.0000638;4.32408E-05;80.0000000
10053.0004501343;80.0000000;80.0000638;1.685286E-05;80.0000000
10054.0008544922;80.0000000;80.0000043;-3.057726E-05;80.0000000
10055.0003051758;80.0000000;79.9999447;-3.804966E-05;80.0000000
10056.0007095337;80.0000000;80.0000638;7.116641E-05;80.0000000
10057.0001602173;80.0000000;80.0000638;2.773671E-05;80.0000000
10058.0005645752;80.0000000;80.0000043;-1.527829E-05;80.0000000
10059.0000152588;80.0000000;80.0000043;-5.954626E-06;80.0000000
10060.0004196167;80.0000000;80.0000638;3.946797E-05;80.0000000
10061.0008239746;80.0000000;80.0000638;1.538242E-05;80.0000000
10062.0002746582;80.0000000;80.0000638;5.995211E-06;80.0000000
10063.0006790161;80.0000000;80.0000638;2.3366E-06;80.0000000
10064.0001296997;80.0000000;80.0000638;9.106765E-07;80.0000000
10065.0005340576;80.0000000;80.0000638;3.54931E-07;80.0000000
10066.0009384155;80.0000000;80.0000638;1.383324E-07;80.0000000
10067.0003890991;80.0000000;80.0000638;5.391426E-08;80.0000000
10068.000793457;80.0000000;80.0000638;2.101278E-08;80.0000000
10069.0002441406;80.0000000;80.0000043;-2.31816E-05;80.0000000
10070.0006484985;80.0000000;79.9999447;-5.612626E-05;80.0000000
10071.0000991821;80.0000000;79.9999447;-2.187489E-05;80.0000000
10072.00050354;80.0000000;80.0000042;2.449266E-05;80.0000000
10073.0009078979;80.0000000;80.0000638;5.663724E-05;80.0000000
10074.0003585815;80.0000000;80.0000638;2.207404E-05;80.0000000
10075.0007629395;80.0000000;80.0000043;-2.854233E-05;80.0000000
10076.000213623;80.0000000;80.0000043;-1.112421E-05;80.0000000
10077.000617981;80.0000000;80.0000638;3.280996E-05;80.0000000
10078.0000686646;80.0000000;80.0000638;1.27875E-05;80.0000000
10079.0004730225;80.0000000;80.0000638;4.983855E-06;80.0000000
10080.0008773804;80.0000000;80.0000638;1.942429E-06;80.0000000
10081.000328064;80.0000000;80.0000638;7.570507E-07;80.0000000
10082.0007324219;80.0000000;80.0000638;2.950562E-07;80.0000000
10083.0001831055;80.0000000;80.0000638;1.149965E-07;80.0000000
10084.0005874634;80.0000000;80.0000638;4.481923E-08;80.0000000
10085.000038147;80.0000000;80.0000638;1.746804E-08;80.0000000
10086.0004425049;80.0000000;80.0000638;6.80807E-09;80.0000000
10087.0008468628;80.0000000;80.0000638;2.653407E-09;80.0000000
10088.0002975464;80.0000000;80.0000638;1.03415E-09;80.0000000
10089.0007019043;80.0000000;80.0000638;4.030542E-10;80.0000000
10090.0001525879;80.0000000;80.0000638;1.570881E-10;80.0000000
10091.0005569458;80.0000000;80.0000043;-2.318973E-05;80.0000000
10092.0000076294;80.0000000;80.0000043;-9.038065E-06;80.0000000
10093.0004119873;80.0000000;80.0000638;2.582704E-05;80.0000000
10094.0008163452;80.0000000;80.0000638;1.006594E-05;80.0000000
10095.0002670288;80.0000000;80.0000638;3.923144E-06;80.0000000
10096.0006713867;80.0000000;79.9999447;-7.229502E-05;80.0000000
10097.0001220703;80.0000000;79.9999447;-2.817657E-05;80.0000000
10098.0005264282;80.0000000;79.9999447;-1.098166E-05;80.0000000
10099.0009307861;80.0000000;79.9999447;-4.28004E-06;80.0000000
10100.0003814697;80.0000000;80.0000042;3.547744E-05;80.0000000
10101.0007858276;80.0000000;80.0000638;6.091849E-05;80.0000000
10102.0002365112;80.0000000;80.0000638;2.374264E-05;80.0000000
10103.0006408691;80.0000000;80.0000638;9.253558E-06;80.0000000
10104.0000915527;80.0000000;80.0000638;3.606522E-06;80.0000000
10105.0004959106;80.0000000;79.9999447;-8.224212E-05;80.0000000
10106.0009002686;80.0000000;79.9998851;-7.914476E-05;80.0000000
10107.0003509521;80.0000000;79.9997658;-0.0001211209;80.0000000
10108.0007553101;80.0000000;79.9998254;-2.107382E-05;80.0000000
10109.0002059937;80.0000000;79.9999446;6.827686E-05;80.0000000
10110.0006103516;80.0000000;80.0000638;9.983424E-05;80.0000000
10111.0000610352;80.0000000;80.0001234;8.600119E-05;80.0000000
10112.0004653931;80.0000000;80.0000639;-1.937042E-05;80.0000000
10113.000869751;80.0000000;80.0000043;-5.464087E-05;80.0000000
10114.0003204346;80.0000000;79.9999447;-5.436974E-05;80.0000000
10115.0007247925;80.0000000;79.9999447;-2.11903E-05;80.0000000
10116.0001754761;80.0000000;79.9999447;-8.258799E-06;80.0000000
10117.000579834;80.0000000;80.0000042;2.28697E-05;80.0000000
10118.0000305176;80.0000000;80.0000042;8.913335E-06;80.0000000
10119.0004348755;80.0000000;80.0000638;5.056528E-05;80.0000000
10120.0008392334;80.0000000;80.0000638;1.970754E-05;80.0000000
10121.000289917;80.0000000;79.9999447;-7.138539E-05;80.0000000
10122.0006942749;80.0000000;79.9999447;-3.072077E-05;80.0000000
10123.0001449585;80.0000000;79.9999447;-1.197325E-05;80.0000000
10124.0005493164;80.0000000;80.0000042;4.822238E-05;80.0000000
10125.0009536743;80.0000000;80.0000042;1.87944E-05;80.0000000
10126.0004043579;80.0000000;80.0000042;7.32501E-06;80.0000000
10127.0008087158;80.0000000;80.0000042;2.854881E-06;80.0000000
10128.0002593994;80.0000000;80.0000042;1.112674E-06;80.0000000
10129.0006637573;80.0000000;80.0000042;6.310205E-06;80.0000000
10130.0001144409;80.0000000;79.9999447;-2.073042E-05;80.0000000
10131.0005187988;80.0000000;79.9999447;-8.079564E-06;80.0000000
10132.0009231567;80.0000000;80.0000042;2.004083E-05;80.0000000
10133.0003738403;80.0000000;80.0000042;7.8108E-06;80.0000000
10134.0007781982;80.0000000;79.9999447;-2.997406E-05;80.0000000
10135.0002288818;80.0000000;79.9999447;-1.168222E-05;80.0000000
10136.0006332397;80.0000000;80.0000042;2.84652E-05;80.0000000
10137.0000839233;80.0000000;80.0000638;6.407193E-05;80.0000000
10138.0004882813;80.0000000;80.0000638;2.497167E-05;80.0000000
10139.0008926392;80.0000000;80.0000043;-4.315632E-05;80.0000000
10140.0003433228;80.0000000;79.9999447;-6.391128E-05;80.0000000
10141.0007476807;80.0000000;79.9999447;-2.490906E-05;80.0000000
10142.0001983643;80.0000000;79.9999447;-9.708167E-06;80.0000000
10143.0006027222;80.0000000;79.9999447;-3.783703E-06;80.0000000
10144.0000534058;80.0000000;80.0000042;2.171511E-05;80.0000000
10145.0004577637;80.0000000;80.0000638;3.45957E-05;80.0000000
10146.0008621216;80.0000000;80.0000638;1.348348E-05;80.0000000
10147.0003128052;80.0000000;80.0000043;-1.793468E-05;80.0000000
10148.0007171631;80.0000000;80.0000043;-6.98994E-06;80.0000000
10149.0001678467;80.0000000;79.9999447;-4.981565E-05;80.0000000
10150.0005722046;80.0000000;79.9999447;-1.941537E-05;80.0000000
10151.0000228882;80.0000000;80.0000042;4.532186E-05;80.0000000
10152.0004272461;80.0000000;80.0000638;5.952292E-05;80.0000000
10153.000831604;80.0000000;80.0000638;2.319872E-05;80.0000000
10154.0002822876;80.0000000;80.0000638;9.041571E-06;80.0000000
10155.0006866455;80.0000000;80.0000638;3.523901E-06;80.0000000
10156.0001373291;80.0000000;79.9999447;-5.778886E-05;80.0000000
10157.000541687;80.0000000;79.9999447;-2.252288E-05;80.0000000
10158.0009460449;80.0000000;80.0000042;3.301059E-05;80.0000000
10159.0003967285;80.0000000;80.0000042;1.286569E-05;80.0000000
10160.0008010864;80.0000000;79.9999447;-4.199802E-05;80.0000000
10161.00025177;80.0000000;79.9999447;-1.636849E-05;80.0000000
10162.0006561279;80.0000000;80.0000042;2.663875E-05;80.0000000
10163.0001068115;80.0000000;80.0000638;5.224128E-05;80.0000000
10164.0005111694;80.0000000;80.0000638;2.036074E-05;80.0000000
10165.0009155273;80.0000000;80.0000043;-4.495341E-05;80.0000000
10166.0003662109;80.0000000;80.0000042;-1.139952E-05;80.0000000
10167.0007705688;80.0000000;80.0000042;7.996284E-06;80.0000000
10168.0002212524;80.0000000;80.0000042;6.377571E-06;80.0000000
10169.0006256104;80.0000000;79.9999447;-3.930313E-05;80.0000000
10170.0000762939;80.0000000;79.9999447;-2.514666E-05;80.0000000
10171.0004806519;80.0000000;79.9999447;-1.346946E-05;80.0000000
10172.0008850098;80.0000000;80.0000042;1.794014E-05;80.0000000
10173.0003356934;80.0000000;80.0000638;4.006584E-05;80.0000000
10174.0007400513;80.0000000;80.0000043;-3.139691E-05;80.0000000
10175.0001907349;80.0000000;80.0000043;-1.223677E-05;80.0000000
10176.0005950928;80.0000000;79.9999447;-2.799798E-05;80.0000000
10177.0000457764;80.0000000;79.9999447;-1.417312E-05;80.0000000
10178.0004501343;80.0000000;80.0000042;3.626486E-05;80.0000000
10179.0008544922;80.0000000;80.0000042;1.413402E-05;80.0000000
10180.0003051758;80.0000000;80.0000042;5.508655E-06;80.0000000
10181.0007095337;80.0000000;79.9999447;-3.964179E-05;80.0000000
10182.0001602173;80.0000000;79.9999447;-1.545016E-05;80.0000000
10183.0005645752;80.0000000;79.9999447;-6.021613E-06;80.0000000
10184.0000152588;80.0000000;80.0000042;4.274602E-05;80.0000000
10185.0004196167;80.0000000;80.0000042;1.666002E-05;80.0000000
10186.0008239746;80.0000000;80.0000042;6.493148E-06;80.0000000
10187.0002746582;80.0000000;79.9999447;-2.681891E-05;80.0000000
10188.0006790161;80.0000000;79.9999447;-1.045252E-05;80.0000000
10189.0001296997;80.0000000;79.9999447;-4.07381E-06;80.0000000
10190.0005340576;80.0000000;80.0000042;2.160205E-05;80.0000000
10191.0009384155;80.0000000;80.0000042;8.419276E-06;80.0000000
10192.0003890991;80.0000000;79.9999447;-2.280715E-05;80.0000000
10193.000793457;80.0000000;80.0000042;3.28998E-05;80.0000000
10194.0002441406;80.0000000;80.0000042;1.282251E-05;80.0000000
10195.0006484985;80.0000000;79.9999447;-2.802077E-05;80.0000000
10196.0000991821;80.0000000;79.9999447;-1.092094E-05;80.0000000
10197.00050354;80.0000000;79.9999447;-1.62927E-05;80.0000000
10198.0009078979;80.0000000;79.9999447;-1.447231E-05;80.0000000
10199.0003585815;80.0000000;79.9999447;-5.640501E-06;80.0000000
10200.0007629395;80.0000000;79.9999447;-2.198353E-06;80.0000000
10201.000213623;80.0000000;79.9999447;-8.567959E-07;80.0000000
10202.000617981;80.0000000;79.9999447;-3.339313E-07;80.0000000
10203.0000686646;80.0000000;79.9999447;-1.301478E-07;80.0000000
10204.0004730225;80.0000000;80.0000042;2.313906E-05;80.0000000
10205.0008773804;80.0000000;80.0000042;9.018319E-06;80.0000000
10206.000328064;80.0000000;79.9999447;-1.967495E-05;80.0000000
10207.0007324219;80.0000000;79.9999447;-1.13369E-05;80.0000000
10208.0001831055;80.0000000;79.9999447;-1.428528E-05;80.0000000
10209.0005874634;80.0000000;79.9999447;-5.567609E-06;80.0000000
10210.000038147;80.0000000;79.9999447;-2.169944E-06;80.0000000
10211.0004425049;80.0000000;80.0000042;3.217255E-05;80.0000000
10212.0008468628;80.0000000;80.0000042;1.253907E-05;80.0000000
10213.0002975464;80.0000000;80.0000042;4.887032E-06;80.0000000
10214.0007019043;80.0000000;80.0000042;1.904693E-06;80.0000000
10215.0001525879;80.0000000;80.0000042;7.423435E-07;80.0000000
10216.0005569458;80.0000000;80.0000042;2.893242E-07;80.0000000
10217.0009613037;80.0000000;80.0000042;5.336352E-06;80.0000000
10218.0004119873;80.0000000;80.0000042;2.079813E-06;80.0000000
10219.0008163452;80.0000000;80.0000042;8.105952E-07;80.0000000
10220.0002670288;80.0000000;80.0000042;3.159249E-07;80.0000000
10221.0006713867;80.0000000;80.0000042;1.2313E-07;80.0000000
10222.0001220703;80.0000000;79.9999447;-2.930159E-05;80.0000000
10223.0005264282;80.0000000;80.0000042;3.559222E-05;80.0000000
10224.0009307861;80.0000000;80.0000042;2.370035E-05;80.0000000
10225.0003814697;80.0000000;80.0000042;9.237079E-06;80.0000000
10226.0007858276;80.0000000;79.9999447;-4.928879E-05;80.0000000
10227.0002365112;80.0000000;79.9999447;-1.921003E-05;80.0000000
10228.0006408691;80.0000000;79.9999447;-7.486999E-06;80.0000000
10229.0000915527;80.0000000;80.0000042;3.422754E-05;80.0000000
10230.0004959106;80.0000000;80.0000042;1.333999E-05;80.0000000
10231.0009002686;80.0000000;80.0000042;5.199186E-06;80.0000000
10232.0003509521;80.0000000;79.9999447;-3.51192E-05;80.0000000
10233.0007553101;80.0000000;80.0000042;2.345804E-05;80.0000000
10234.0002059937;80.0000000;80.0000042;9.142641E-06;80.0000000
10235.0006103516;80.0000000;80.0000638;2.679205E-05;80.0000000
10236.0000610352;80.0000000;80.0000043;-3.657029E-05;80.0000000
10237.0004653931;80.0000000;80.0000638;2.753569E-05;80.0000000
10238.000869751;80.0000000;80.0000638;1.073188E-05;80.0000000
10239.0003204346;80.0000000;80.0000638;4.182689E-06;80.0000000
10240.0007247925;80.0000000;80.0000638;1.630179E-06;80.0000000
10241.0001754761;80.0000000;80.0000042;-1.477564E-05;80.0000000
10242.000579834;80.0000000;80.0000042;-5.758722E-06;80.0000000
10243.0000305176;80.0000000;80.0000042;-2.244429E-06;80.0000000
10244.0004348755;80.0000000;80.0000042;-8.747537E-07;80.0000000
10245.0008392334;80.0000000;80.0000042;-3.409303E-07;80.0000000
10246.000289917;80.0000000;79.9999447;-4.609201E-05;80.0000000
10247.0006942749;80.0000000;79.9999447;-1.79641E-05;80.0000000
10248.0001449585;80.0000000;79.9999447;-7.001405E-06;80.0000000
10249.0005493164;80.0000000;79.9999447;-2.728758E-06;80.0000000
10250.0009536743;80.0000000;79.9999447;-2.121738E-05;80.0000000
10251.0004043579;80.0000000;80.0000042;3.997634E-05;80.0000000
10252.0008087158;80.0000000;79.9999447;-2.853307E-05;80.0000000
10253.0002593994;80.0000000;79.9999447;-1.11206E-05;80.0000000
10254.0006637573;80.0000000;79.9999447;-4.334192E-06;80.0000000
10255.0001144409;80.0000000;79.9999447;-1.689227E-06;80.0000000
10256.0005187988;80.0000000;79.9999447;-6.583666E-07;80.0000000
10257.0009231567;80.0000000;80.0000042;3.276168E-05;80.0000000
10258.0003738403;80.0000000;80.0000042;1.892847E-05;80.0000000
10259.0007781982;80.0000000;80.0000042;7.377264E-06;80.0000000
10260.0002288818;80.0000000;80.0000042;2.875247E-06;80.0000000
10261.0006332397;80.0000000;79.9999447;-3.189766E-05;80.0000000
10262.0000839233;80.0000000;79.9999447;-1.243193E-05;80.0000000
10263.0004882813;80.0000000;79.9999447;-4.845276E-06;80.0000000
10264.0008926392;80.0000000;80.0000042;4.512393E-05;80.0000000
10265.0003433228;80.0000000;80.0000638;5.944578E-05;80.0000000
10266.0007476807;80.0000000;80.0000638;2.316866E-05;80.0000000
10267.0001983643;80.0000000;80.0000043;-3.27589E-05;80.0000000
10268.0006027222;80.0000000;79.9999447;-4.997558E-05;80.0000000
10269.0000534058;80.0000000;79.9999447;-1.94777E-05;80.0000000
10270.0004577637;80.0000000;80.0000042;1.559847E-05;80.0000000
10271.0008621216;80.0000000;80.0000638;5.317077E-05;80.0000000
10272.0003128052;80.0000000;80.0000638;2.0723E-05;80.0000000
10273.0007171631;80.0000000;80.0000638;8.076673E-06;80.0000000
10274.0001678467;80.0000000;80.0000043;-4.386451E-05;80.0000000
10275.0005722046;80.0000000;80.0000042;-1.439554E-06;80.0000000
10276.0000228882;80.0000000;80.0000042;-5.610582E-07;80.0000000
10277.0004272461;80.0000000;80.0000042;3.908617E-06;80.0000000
10278.000831604;80.0000000;80.0000042;1.523361E-06;80.0000000
10279.0002822876;80.0000000;80.0000042;5.817319E-06;80.0000000
10280.0006866455;80.0000000;79.9999447;-3.952148E-05;80.0000000
10281.0001373291;80.0000000;80.0000042;1.7615E-05;80.0000000
10282.000541687;80.0000000;80.0000638;5.984312E-05;80.0000000
10283.0009460449;80.0000000;80.0000043;-6.02606E-06;80.0000000
10284.0003967285;80.0000000;80.0000043;-2.348623E-06;80.0000000
10285.0008010864;80.0000000;80.0000638;3.210291E-05;80.0000000
10286.00025177;80.0000000;80.0000638;1.251193E-05;80.0000000
10287.0006561279;80.0000000;80.0000638;4.876453E-06;80.0000000
10288.0001068115;80.0000000;80.0000638;1.90057E-06;80.0000000
10289.0005111694;80.0000000;80.0000043;-3.640482E-05;80.0000000
10290.0009155273;80.0000000;79.9999447;-4.358748E-05;80.0000000
10291.0003662109;80.0000000;79.9999447;-1.698797E-05;80.0000000
10292.0007705688;80.0000000;80.0000042;2.639731E-05;80.0000000
10293.0002212524;80.0000000;80.0000638;4.749619E-05;80.0000000
10294.0006256104;80.0000000;80.0000638;1.851137E-05;80.0000000
10295.0000762939;80.0000000;80.0000043;-2.993086E-05;80.0000000
10296.0004806519;80.0000000;80.0000043;-1.166538E-05;80.0000000
10297.0008850098;80.0000000;80.0000043;-4.546517E-06;80.0000000
10298.0003356934;80.0000000;80.0000043;-1.771979E-06;80.0000000
10299.0007400513;80.0000000;80.0000043;-6.906189E-07;80.0000000
10300.0001907349;80.0000000;80.0000043;-2.691648E-07;80.0000000
10301.0005950928;80.0000000;80.0000043;-1.049055E-07;80.0000000
10302.0000457764;80.0000000;80.0000043;-4.088632E-08;80.0000000
10303.0004501343;80.0000000;80.0000043;-1.593521E-08;80.0000000
10304.0008544922;80.0000000;80.0000043;-6.210658E-09;80.0000000
10305.0003051758;80.0000000;80.0000043;-2.420569E-09;80.0000000
10306.0007095337;80.0000000;80.0000043;-9.43403E-10;80.0000000
10307.0001602173;80.0000000;80.0000043;-3.67686E-10;80.0000000
10308.0005645752;80.0000000;80.0000638;3.301814E-05;80.0000000
10309.0000152588;80.0000000;80.0000638;1.286863E-05;80.0000000
10310.0004196167;80.0000000;80.0000638;5.015476E-06;80.0000000
10311.0008239746;80.0000000;80.0000042;-1.43294E-05;80.0000000
10312.0002746582;80.0000000;79.9999447;-5.847369E-05;80.0000000
10313.0006790161;80.0000000;80.0000042;3.298721E-06;80.0000000
10314.0001296997;80.0000000;80.0000638;2.451442E-05;80.0000000
10315.0005340576;80.0000000;80.0000638;9.554358E-06;80.0000000
10316.0009384155;80.0000000;80.0000043;-4.328859E-05;80.0000000
10317.0003890991;80.0000000;80.0000042;-1.229071E-05;80.0000000
10318.000793457;80.0000000;80.0000042;-4.790235E-06;80.0000000
10319.0002441406;80.0000000;80.0000042;-1.866967E-06;80.0000000
10320.0006484985;80.0000000;80.0000042;-7.276398E-07;80.0000000
10321.0000991821;80.0000000;80.0000638;4.157539E-05;80.0000000
10322.00050354;80.0000000;80.0000043;-3.080858E-05;80.0000000
10323.0009078979;80.0000000;79.9999447;-6.498524E-05;80.0000000
10324.0003585815;80.0000000;79.9999447;-2.532763E-05;80.0000000
10325.0007629395;80.0000000;79.9999447;-9.871301E-06;80.0000000
10326.000213623;80.0000000;79.9999447;-8.49048E-06;80.0000000
10327.000617981;80.0000000;79.9999447;-1.726489E-05;80.0000000
10328.0000686646;80.0000000;80.0000042;2.628938E-05;80.0000000
10329.0004730225;80.0000000;79.9999447;-1.951107E-05;80.0000000
10330.0008773804;80.0000000;79.9999447;-7.60433E-06;80.0000000
10331.000328064;80.0000000;80.0000638;5.743403E-05;80.0000000
10332.0007324219;80.0000000;80.0000638;2.238459E-05;80.0000000
10333.0001831055;80.0000000;80.0000043;-3.828808E-05;80.0000000
10334.0005874634;80.0000000;79.9999447;-6.201393E-05;80.0000000
10335.000038147;80.0000000;79.9999447;-2.416958E-05;80.0000000
10336.0004425049;80.0000000;80.0000042;1.376983E-05;80.0000000
10337.0008468628;80.0000000;80.0000042;5.366715E-06;80.0000000
10338.0002975464;80.0000000;80.0000638;2.822401E-05;80.0000000
10339.0007019043;80.0000000;80.0000638;1.100015E-05;80.0000000
10340.0001525879;80.0000000;80.0000638;4.287244E-06;80.0000000
10341.0005569458;80.0000000;80.0000043;-4.534142E-05;80.0000000
10342.0009613037;80.0000000;80.0000043;-1.767156E-05;80.0000000
10343.0004119873;80.0000000;80.0000043;-6.887391E-06;80.0000000
10344.0008163452;80.0000000;80.0000042;9.350507E-07;80.0000000
10345.0002670288;80.0000000;80.0000042;3.263154E-06;80.0000000
10346.0006713867;80.0000000;80.0000042;5.399083E-06;80.0000000
10347.0001220703;80.0000000;80.0000042;2.104262E-06;80.0000000
10348.0005264282;80.0000000;80.0000042;8.201242E-07;80.0000000
10349.0009307861;80.0000000;80.0000042;3.196388E-07;80.0000000
10350.0003814697;80.0000000;80.0000638;3.319835E-05;80.0000000
10351.0007858276;80.0000000;80.0000638;1.293887E-05;80.0000000
10352.0002365112;80.0000000;79.9999447;-7.402344E-05;80.0000000
10353.0006408691;80.0000000;79.9998851;-7.07092E-05;80.0000000
10354.0000915527;80.0000000;79.9999446;9.58705E-06;80.0000000
10355.0004959106;80.0000000;80.0000042;3.681027E-05;80.0000000
10356.0009002686;80.0000000;80.0000638;4.047895E-05;80.0000000
10357.0003509521;80.0000000;80.0000638;1.577644E-05;80.0000000
10358.0007553101;80.0000000;80.0000043;-2.686949E-05;80.0000000
10359.0002059937;80.0000000;80.0000638;3.654011E-05;80.0000000
10360.0006103516;80.0000000;80.0000638;1.42413E-05;80.0000000
10361.0000610352;80.0000000;80.0000043;-2.746781E-05;80.0000000
10362.0004653931;80.0000000;80.0000043;-1.070542E-05;80.0000000
10363.000869751;80.0000000;80.0000042;-1.005828E-07;80.0000000
10364.0003204346;80.0000000;79.9999447;-5.29281E-05;80.0000000
10365.0007247925;80.0000000;80.0000042;2.116033E-05;80.0000000
10366.0001754761;80.0000000;80.0000042;8.247117E-06;80.0000000
10367.000579834;80.0000000;80.0000638;4.507325E-05;80.0000000
10368.0000305176;80.0000000;80.0000043;-1.957851E-05;80.0000000
10369.0004348755;80.0000000;80.0000043;-7.630613E-06;80.0000000
10370.0008392334;80.0000000;79.9999447;-4.018198E-05;80.0000000
10371.000289917;80.0000000;79.9999447;-1.56607E-05;80.0000000
10372.0006942749;80.0000000;79.9999447;-6.103668E-06;80.0000000
10373.0001449585;80.0000000;79.9999447;-2.37887E-06;80.0000000
10374.0005493164;80.0000000;80.0000042;2.226264E-05;80.0000000
10375.0009536743;80.0000000;80.0000043;-2.336465E-06;80.0000000
10376.0004043579;80.0000000;79.9999447;-3.811861E-05;80.0000000
10377.0008087158;80.0000000;79.9999447;-1.485651E-05;80.0000000
10378.0002593994;80.0000000;79.9999447;-5.790242E-06;80.0000000
10379.0006637573;80.0000000;80.0000042;2.093308E-05;80.0000000
10380.0001144409;80.0000000;80.0000638;4.536653E-05;80.0000000
10381.0005187988;80.0000000;80.0000638;1.768135E-05;80.0000000
10382.0009231567;80.0000000;80.0000043;-1.919731E-05;80.0000000
10383.0003738403;80.0000000;80.0000043;-1.160933E-05;80.0000000
10384.0007781982;80.0000000;80.0000638;1.866512E-05;80.0000000
10385.0002288818;80.0000000;80.0000043;-3.973772E-05;80.0000000
10386.0006332397;80.0000000;79.9999447;-4.488645E-05;80.0000000
10387.0000839233;80.0000000;79.9999447;-1.749424E-05;80.0000000
10388.0004882813;80.0000000;79.9999447;-6.818281E-06;80.0000000
10389.0008926392;80.0000000;80.0000042;3.448817E-05;80.0000000
10390.0003433228;80.0000000;80.0000042;1.344157E-05;80.0000000
10391.0007476807;80.0000000;80.0000638;2.846754E-05;80.0000000
10392.0001983643;80.0000000;80.0000043;-2.60505E-05;80.0000000
10393.0006027222;80.0000000;79.9999447;-3.628539E-05;80.0000000
10394.0000534058;80.0000000;79.9999447;-1.414202E-05;80.0000000
10395.0004577637;80.0000000;79.9999447;-5.511774E-06;80.0000000
10396.0008621216;80.0000000;80.0000042;3.964057E-05;80.0000000
10397.0003128052;80.0000000;79.9999447;-1.063882E-05;80.0000000
10398.0007171631;80.0000000;79.9999447;-4.146421E-06;80.0000000
10399.0001678467;80.0000000;79.9999447;-1.616044E-06;80.0000000
10400.0005722046;80.0000000;79.9999447;-6.298441E-07;80.0000000
10401.0000228882;80.0000000;79.9999447;-2.454782E-07;80.0000000
10402.0004272461;80.0000000;79.9999447;-9.567373E-08;80.0000000
10403.000831604;80.0000000;80.0000042;2.931229E-05;80.0000000
10404.0002822876;80.0000000;80.0000638;4.863228E-05;80.0000000
10405.0006866455;80.0000000;80.0000043;-3.393474E-05;80.0000000
10406.0001373291;80.0000000;80.0000043;-1.322587E-05;80.0000000
10407.000541687;80.0000000;80.0000042;-1.345244E-09;80.0000000
10408.0009460449;80.0000000;80.0000042;-5.24301E-10;80.0000000
10409.0003967285;80.0000000;80.0000043;-2.859954E-06;80.0000000
10410.0008010864;80.0000000;80.0000043;-1.114651E-06;80.0000000
10411.00025177;80.0000000;80.0000638;4.135432E-05;80.0000000
10412.0006561279;80.0000000;80.0000638;1.611761E-05;80.0000000
10413.0001068115;80.0000000;79.9999447;-7.382788E-05;80.0000000
10414.0005111694;80.0000000;79.9999447;-2.8774E-05;80.0000000
10415.0009155273;80.0000000;79.9998851;-3.444326E-05;80.0000000
10416.0003662109;80.0000000;79.9999446;2.372149E-05;80.0000000
10417.0007705688;80.0000000;80.0000042;5.11043E-05;80.0000000
10418.0002212524;80.0000000;80.0000042;1.991761E-05;80.0000000
10419.0006256104;80.0000000;80.0000638;3.389513E-05;80.0000000
10420.0000762939;80.0000000;80.0000043;-3.967846E-05;80.0000000
10421.0004806519;80.0000000;79.9999447;-4.159681E-05;80.0000000
10422.0008850098;80.0000000;79.9999447;-1.621212E-05;80.0000000
10423.0003356934;80.0000000;79.9999447;-6.318582E-06;80.0000000
10424.0007400513;80.0000000;80.0000042;3.932612E-05;80.0000000
10425.0001907349;80.0000000;80.0000042;1.532713E-05;80.0000000
10426.0005950928;80.0000000;80.0000638;3.537257E-05;80.0000000
10427.0000457764;80.0000000;80.0000638;1.378626E-05;80.0000000
10428.0004501343;80.0000000;80.0000043;-2.764516E-05;80.0000000
10429.0008544922;80.0000000;80.0000043;-1.077455E-05;80.0000000
10430.0003051758;80.0000000;80.0000042;-1.339567E-06;80.0000000
10431.0007095337;80.0000000;79.9999447;-4.463572E-05;80.0000000
10432.0001602173;80.0000000;80.0000042;5.793273E-06;80.0000000
10433.0005645752;80.0000000;80.0000042;2.257896E-06;80.0000000
10434.0009689331;80.0000000;80.0000042;8.80002E-07;80.0000000
10435.0004196167;80.0000000;80.0000042;3.429758E-07;80.0000000
10436.0008239746;80.0000000;80.0000042;5.357268E-06;80.0000000
10437.0002746582;80.0000000;80.0000042;2.087965E-06;80.0000000
10438.0006790161;80.0000000;80.0000638;4.790513E-05;80.0000000
10439.0001296997;80.0000000;80.0000638;1.867075E-05;80.0000000
10440.0005340576;80.0000000;80.0000638;7.276821E-06;80.0000000
10441.0009384155;80.0000000;80.0000043;-2.325241E-05;80.0000000
10442.0003890991;80.0000000;80.0000042;9.497495E-06;80.0000000
10443.000793457;80.0000000;80.0000042;3.701595E-06;80.0000000
10444.0002441406;80.0000000;80.0000042;1.388185E-05;80.0000000
10445.0006484985;80.0000000;80.0000042;5.410375E-06;80.0000000
10446.0000991821;80.0000000;80.0000042;2.108663E-06;80.0000000
10447.00050354;80.0000000;80.0000042;8.218394E-07;80.0000000
10448.0009078979;80.0000000;80.0000042;3.203073E-07;80.0000000
10449.0003585815;80.0000000;80.0000042;1.248379E-07;80.0000000
10450.0007629395;80.0000000;80.0000042;4.865488E-08;80.0000000
10451.000213623;80.0000000;79.9999447;-3.299931E-05;80.0000000
10452.000617981;80.0000000;79.9999447;-1.286129E-05;80.0000000
10453.0000686646;80.0000000;79.9999447;-5.012617E-06;80.0000000
10454.0004730225;80.0000000;79.9999447;-1.953639E-06;80.0000000
10455.0008773804;80.0000000;80.0000042;2.532709E-05;80.0000000
10456.000328064;80.0000000;80.0000042;9.871092E-06;80.0000000
10457.0007324219;80.0000000;80.0000042;3.847202E-06;80.0000000
10458.0001831055;80.0000000;80.0000042;1.499425E-06;80.0000000
10459.0005874634;80.0000000;80.0000042;5.843924E-07;80.0000000
10460.000038147;80.0000000;80.0000638;2.962667E-05;80.0000000
10461.0004425049;80.0000000;80.0000638;1.154683E-05;80.0000000
10462.0008468628;80.0000000;80.0000043;-2.15882E-05;80.0000000
10463.0002975464;80.0000000;80.0000043;-8.41388E-06;80.0000000
10464.0007019043;80.0000000;80.0000638;3.850949E-05;80.0000000
10465.0001525879;80.0000000;80.0000638;1.500886E-05;80.0000000
10466.0005569458;80.0000000;80.0001234;3.524852E-05;80.0000000
10467.0009613037;80.0000000;80.0000639;-1.928036E-05;80.0000000
10468.0004119873;80.0000000;80.0000043;-3.691332E-05;80.0000000
10469.0008163452;80.0000000;80.0000042;-9.805994E-06;80.0000000
10470.0002670288;80.0000000;80.0000042;1.384094E-05;80.0000000
10471.0006713867;80.0000000;80.0000042;2.921699E-05;80.0000000
10472.0001220703;80.0000000;80.0000042;1.138715E-05;80.0000000
10473.0005264282;80.0000000;80.0000638;4.164607E-05;80.0000000
10474.0009307861;80.0000000;79.9999447;-6.283497E-05;80.0000000
10475.0003814697;80.0000000;79.9999447;-2.448957E-05;80.0000000
10476.0007858276;80.0000000;80.0000638;6.952161E-05;80.0000000
10477.0002365112;80.0000000;80.0000043;-1.596475E-05;80.0000000
10478.0006408691;80.0000000;80.0000043;-6.222171E-06;80.0000000
10479.0000915527;80.0000000;80.0000638;4.458729E-05;80.0000000
10480.0004959106;80.0000000;80.0000638;1.737764E-05;80.0000000
10481.0009002686;80.0000000;80.0000638;6.772838E-06;80.0000000
10482.0003509521;80.0000000;80.0000043;-3.03786E-05;80.0000000
10483.0007553101;80.0000000;80.0000043;-1.183989E-05;80.0000000
10484.0002059937;80.0000000;80.0000043;-4.614529E-06;80.0000000
10485.0006103516;80.0000000;80.0000638;2.13913E-05;80.0000000
10486.0000610352;80.0000000;80.0000638;8.337139E-06;80.0000000
10487.0004653931;80.0000000;80.0000043;-4.376299E-05;80.0000000
10488.000869751;80.0000000;80.0000043;-1.705638E-05;80.0000000
10489.0003204346;80.0000000;80.0000043;-6.647627E-06;80.0000000
10490.0007247925;80.0000000;80.0000638;4.442147E-05;80.0000000
10491.0001754761;80.0000000;80.0000638;1.731302E-05;80.0000000
10492.000579834;80.0000000;80.0000638;6.74765E-06;80.0000000
10493.0000305176;80.0000000;80.0000043;-3.915889E-05;80.0000000
10494.0004348755;80.0000000;80.0000043;-1.526196E-05;80.0000000
10495.0008392334;80.0000000;80.0000043;-5.948261E-06;80.0000000
10496.000289917;80.0000000;80.0000638;2.703128E-05;80.0000000
10497.0006942749;80.0000000;80.0000638;1.053529E-05;80.0000000
10498.0001449585;80.0000000;79.9999447;-4.848263E-05;80.0000000
10499.0005493164;80.0000000;79.9999447;-1.889583E-05;80.0000000
10500.0009536743;80.0000000;79.9999447;-7.364543E-06;80.0000000
10501.0004043579;80.0000000;80.0000042;2.724927E-05;80.0000000
10502.0008087158;80.0000000;80.0000042;1.062025E-05;80.0000000
10503.0002593994;80.0000000;80.0000042;4.139181E-06;80.0000000
10504.0006637573;80.0000000;80.0000042;1.613222E-06;80.0000000
10505.0001144409;80.0000000;80.0000042;6.287443E-07;80.0000000
10506.0005187988;80.0000000;79.9999447;-2.910453E-05;80.0000000
10507.0009231567;80.0000000;79.9999447;-1.134332E-05;80.0000000
10508.0003738403;80.0000000;79.9999447;-4.420996E-06;80.0000000
10509.0007781982;80.0000000;80.0000042;4.006569E-05;80.0000000
10510.0002288818;80.0000000;80.0000042;1.561538E-05;80.0000000
10511.0006332397;80.0000000;79.9999447;-3.570275E-05;80.0000000
10512.0000839233;80.0000000;79.9999447;-1.391494E-05;80.0000000
10513.0004882813;80.0000000;79.9999447;-5.423271E-06;80.0000000
10514.0008926392;80.0000000;79.9999447;-2.113689E-06;80.0000000
10515.0003433228;80.0000000;80.0000042;2.526472E-05;80.0000000
10516.0007476807;80.0000000;80.0000638;3.307555E-05;80.0000000
10517.0001983643;80.0000000;80.0000638;1.289101E-05;80.0000000
10518.0006027222;80.0000000;80.0000638;5.024197E-06;80.0000000
10519.0000534058;80.0000000;80.0000638;1.958152E-06;80.0000000
10520.0004577637;80.0000000;80.0000043;-2.242661E-05;80.0000000
10521.0008621216;80.0000000;80.0000043;-8.740643E-06;80.0000000
10522.0003128052;80.0000000;80.0000043;-3.406616E-06;80.0000000
10523.0007171631;80.0000000;80.0000043;-1.327709E-06;80.0000000
10524.0001678467;80.0000000;80.0000043;-5.174671E-07;80.0000000
10525.0005722046;80.0000000;80.0000638;2.298811E-05;80.0000000
10526.0009765625;80.0000000;80.0000043;-2.039009E-05;80.0000000
10527.0004272461;80.0000000;80.0000043;-7.946926E-06;80.0000000
10528.000831604;80.0000000;80.0000043;-3.097269E-06;80.0000000
10529.0002822876;80.0000000;79.9999447;-2.73395E-05;80.0000000
10530.0006866455;80.0000000;80.0000042;2.649014E-05;80.0000000
10531.0001373291;80.0000000;80.0000042;1.032438E-05;80.0000000
10532.000541687;80.0000000;80.0000042;4.02387E-06;80.0000000
10533.0009460449;80.0000000;80.0000042;1.56828E-06;80.0000000
10534.0003967285;80.0000000;80.0000042;6.112284E-07;80.0000000
10535.0008010864;80.0000000;80.0000042;2.382228E-07;80.0000000
10536.00025177;80.0000000;79.9999447;-5.279605E-05;80.0000000
10537.0006561279;80.0000000;79.9999447;-2.057696E-05;80.0000000
10538.0001068115;80.0000000;80.0000042;3.3769E-05;80.0000000
10539.0005111694;80.0000000;80.0000042;1.316128E-05;80.0000000
10540.0009155273;80.0000000;80.0000042;5.129534E-06;80.0000000
10541.0003662109;80.0000000;79.9999447;-2.735037E-05;80.0000000
10542.0007705688;80.0000000;79.9999447;-1.065965E-05;80.0000000
10543.0002212524;80.0000000;80.0000042;4.285781E-05;80.0000000
10544.0006256104;80.0000000;79.9999447;-2.508517E-05;80.0000000
10545.0000762939;80.0000000;79.9999447;-9.776802E-06;80.0000000
10546.0004806519;80.0000000;80.0000042;4.907844E-05;80.0000000
10547.0008850098;80.0000000;80.0000042;1.912804E-05;80.0000000
10548.0003356934;80.0000000;80.0000042;7.455046E-06;80.0000000
10549.0007400513;80.0000000;80.0000042;9.835323E-06;80.0000000
10550.0001907349;80.0000000;80.0000042;3.833261E-06;80.0000000
10551.0005950928;80.0000000;80.0000042;4.755057E-06;80.0000000
10552.0000457764;80.0000000;80.0000042;1.853257E-06;80.0000000
10553.0004501343;80.0000000;80.0000042;7.222963E-07;80.0000000
10554.0008544922;80.0000000;80.0000042;2.815109E-07;80.0000000
10555.0003051758;80.0000000;79.9999447;-5.277917E-05;80.0000000
10556.0007095337;80.0000000;80.0000042;2.619405E-06;80.0000000
10557.0001602173;80.0000000;80.0000638;5.399867E-05;80.0000000
10558.0005645752;80.0000000;80.0000638;2.104568E-05;80.0000000
10559.0009689331;80.0000000;80.0000638;8.202433E-06;80.0000000
10560.0004196167;80.0000000;80.0000043;-1.999294E-05;80.0000000
10561.0008239746;80.0000000;80.0000043;-7.792134E-06;80.0000000
10562.0002746582;80.0000000;79.9999447;-4.024492E-05;80.0000000
10563.0006790161;80.0000000;80.0000042;1.040328E-05;80.0000000
10564.0001296997;80.0000000;80.0000638;4.591361E-05;80.0000000
10565.0005340576;80.0000000;80.0001234;5.510256E-05;80.0000000
10566.0009384155;80.0000000;80.0001234;2.147591E-05;80.0000000
10567.0003890991;80.0000000;80.0001234;8.370112E-06;80.0000000
10568.000793457;80.0000000;80.0000043;-6.794636E-05;80.0000000
10569.0002441406;80.0000000;79.9999447;-4.971047E-05;80.0000000
10570.0006484985;80.0000000;80.0000042;1.36439E-05;80.0000000
10571.0000991821;80.0000000;80.0000042;5.317634E-06;80.0000000
10572.00050354;80.0000000;80.0000638;4.916387E-05;80.0000000
10573.0009078979;80.0000000;80.0000638;1.916134E-05;80.0000000
10574.0003585815;80.0000000;80.0000043;-3.432072E-05;80.0000000
10575.0007629395;80.0000000;79.9999447;-5.05843E-05;80.0000000
10576.000213623;80.0000000;79.9999447;-1.971494E-05;80.0000000
10577.000617981;80.0000000;80.0000042;2.533449E-05;80.0000000
10578.0000686646;80.0000000;80.0000042;9.873973E-06;80.0000000
10579.0004730225;80.0000000;80.0000042;3.848325E-06;80.0000000
10580.0008773804;80.0000000;80.0000638;2.763222E-05;80.0000000
10581.000328064;80.0000000;80.0000043;-3.624284E-05;80.0000000
10582.0007324219;80.0000000;79.9998851;-8.905819E-05;80.0000000
10583.0001831055;80.0000000;79.9998851;-3.470993E-05;80.0000000
10584.0005874634;80.0000000;79.9998851;-1.3528E-05;80.0000000
10585.000038147;80.0000000;79.9999446;1.791733E-05;80.0000000
10586.0004425049;80.0000000;80.0000638;7.207093E-05;80.0000000
10587.0008468628;80.0000000;80.0000638;2.808923E-05;80.0000000
10588.0002975464;80.0000000;79.9999447;-7.917572E-05;80.0000000
10589.0007019043;80.0000000;79.9999447;-4.068678E-05;80.0000000
10590.0001525879;80.0000000;79.9999447;-1.585744E-05;80.0000000
10591.0005569458;80.0000000;79.9999447;-6.180349E-06;80.0000000
10592.0009613037;80.0000000;80.0000042;3.060952E-05;80.0000000
10593.0004119873;80.0000000;80.0000042;1.192989E-05;80.0000000
10594.0008163452;80.0000000;80.0000042;4.649607E-06;80.0000000
10595.0002670288;80.0000000;79.9999447;-3.53334E-05;80.0000000
10596.0006713867;80.0000000;79.9999447;-1.377099E-05;80.0000000
10597.0001220703;80.0000000;79.9999447;-5.367168E-06;80.0000000
10598.0005264282;80.0000000;80.0000042;3.092645E-05;80.0000000
10599.0009307861;80.0000000;80.0000042;1.205341E-05;80.0000000
10600.0003814697;80.0000000;80.0000638;3.777152E-05;80.0000000
10601.0007858276;80.0000000;80.0000638;1.472123E-05;80.0000000
10602.0002365112;80.0000000;79.9999447;-6.547104E-05;80.0000000
10603.0006408691;80.0000000;79.9999447;-2.551697E-05;80.0000000
10604.0000915527;80.0000000;79.9999447;-9.945094E-06;80.0000000
10605.0004959106;80.0000000;80.0000042;4.31363E-05;80.0000000
10606.0009002686;80.0000000;80.0000042;1.681213E-05;80.0000000
10607.0003509521;80.0000000;80.0000042;6.552432E-06;80.0000000
10608.0007553101;80.0000000;80.0000042;2.553773E-06;80.0000000
10609.0002059937;80.0000000;80.0000042;9.953188E-07;80.0000000
10610.0006103516;80.0000000;80.0000042;3.879199E-07;80.0000000
10611.0000610352;80.0000000;80.0000042;6.027734E-06;80.0000000
10612.0004653931;80.0000000;79.9999447;-4.140201E-05;80.0000000
10613.000869751;80.0000000;80.0000042;2.565256E-05;80.0000000
10614.0003204346;80.0000000;80.0000042;9.997939E-06;80.0000000
10615.0007247925;80.0000000;80.0000638;3.329554E-05;80.0000000
10616.0001754761;80.0000000;80.0000638;1.297675E-05;80.0000000
10617.000579834;80.0000000;80.0000638;5.057615E-06;80.0000000
10618.0000305176;80.0000000;80.0000043;-3.517438E-05;80.0000000
10619.0004348755;80.0000000;79.9999447;-4.310792E-05;80.0000000
10620.0008392334;80.0000000;80.0000042;2.034449E-05;80.0000000
10621.000289917;80.0000000;80.0000042;7.929151E-06;80.0000000
10622.0006942749;80.0000000;80.0000042;3.090342E-06;80.0000000
10623.0001449585;80.0000000;80.0000638;3.060335E-05;80.0000000
10624.0005493164;80.0000000;80.0000638;1.192748E-05;80.0000000
10625.0009536743;80.0000000;80.0000638;4.648669E-06;80.0000000
10626.0004043579;80.0000000;80.0000638;1.811792E-06;80.0000000
10627.0008087158;80.0000000;80.0000043;-3.231214E-05;80.0000000
10628.0002593994;80.0000000;80.0000043;-1.259347E-05;80.0000000
10629.0006637573;80.0000000;80.0000043;-4.908235E-06;80.0000000
10630.0001144409;80.0000000;80.0000043;-6.556152E-06;80.0000000
10631.0005187988;80.0000000;80.0000638;4.445712E-05;80.0000000
10632.0009231567;80.0000000;80.0000638;1.732691E-05;80.0000000
10633.0003738403;80.0000000;80.0000043;-4.025929E-05;80.0000000
10634.0007781982;80.0000000;79.9999447;-5.289882E-05;80.0000000
10635.0002288818;80.0000000;79.9999447;-2.061702E-05;80.0000000
10636.0006332397;80.0000000;79.9999447;-8.035366E-06;80.0000000
10637.0000839233;80.0000000;80.0000042;3.865701E-05;80.0000000
10638.0004882813;80.0000000;79.9999447;-1.102216E-05;80.0000000
10639.0008926392;80.0000000;79.9999447;-7.964522E-06;80.0000000
10640.0003433228;80.0000000;80.0000042;4.978476E-05;80.0000000
10641.0007476807;80.0000000;80.0000042;1.940333E-05;80.0000000
10642.0001983643;80.0000000;80.0000042;7.562337E-06;80.0000000
10643.0006027222;80.0000000;80.0000042;2.947378E-06;80.0000000
10644.0000534058;80.0000000;80.0000042;4.409787E-06;80.0000000
10645.0004577637;80.0000000;80.0000042;1.71869E-06;80.0000000
10646.0008621216;80.0000000;80.0000043;-2.949522E-06;80.0000000
10647.0003128052;80.0000000;80.0000043;-1.149559E-06;80.0000000
10648.0007171631;80.0000000;80.0000043;-4.480343E-07;80.0000000
10649.0001678467;80.0000000;80.0000043;-1.746188E-07;80.0000000
10650.0005722046;80.0000000;80.0000043;-6.805669E-08;80.0000000
10651.0009765625;80.0000000;80.0000638;2.316327E-05;80.0000000
10652.0004272461;80.0000000;80.0000638;9.027753E-06;80.0000000
10653.000831604;80.0000000;80.0000638;3.518515E-06;80.0000000
10654.0002822876;80.0000000;79.9999447;-6.657618E-05;80.0000000
10655.0006866455;80.0000000;79.9999447;-3.059088E-05;80.0000000
10656.0001373291;80.0000000;79.9999447;-2.06931E-05;80.0000000
10657.000541687;80.0000000;80.0000042;3.372374E-05;80.0000000
10658.0009460449;80.0000000;80.0000042;1.314364E-05;80.0000000
10659.0003967285;80.0000000;79.9999447;-2.789561E-05;80.0000000
10660.0008010864;80.0000000;80.0000042;3.09166E-05;80.0000000
10661.00025177;80.0000000;79.9999447;-3.496278E-05;80.0000000
10662.0006561279;80.0000000;79.9999447;-1.362654E-05;80.0000000
10663.0001068115;80.0000000;80.0000042;1.787892E-05;80.0000000
10664.0005111694;80.0000000;80.0000042;6.968206E-06;80.0000000
10665.0009155273;80.0000000;79.9999447;-5.017307E-05;80.0000000
10666.0003662109;80.0000000;80.0000042;6.533845E-06;80.0000000
10667.0007705688;80.0000000;79.9999447;-3.047174E-05;80.0000000
10668.0002212524;80.0000000;79.9999447;-1.187619E-05;80.0000000
10669.0006256104;80.0000000;80.0000638;6.565247E-05;80.0000000
10670.0000762939;80.0000000;80.0000638;2.558768E-05;80.0000000
10671.0004806519;80.0000000;80.0000638;9.97265E-06;80.0000000
10672.0008850098;80.0000000;80.0000638;3.886784E-06;80.0000000
10673.0003356934;80.0000000;80.0000638;1.514852E-06;80.0000000
10674.0007400513;80.0000000;80.0000043;-4.119835E-05;80.0000000
10675.0001907349;80.0000000;79.9999447;-5.791581E-05;80.0000000
10676.0005950928;80.0000000;80.0000042;3.516154E-06;80.0000000
10677.0000457764;80.0000000;80.0000042;1.370401E-06;80.0000000
10678.0004501343;80.0000000;80.0000638;2.993301E-05;80.0000000
10679.0008544922;80.0000000;80.0000043;-3.534613E-05;80.0000000
10680.0003051758;80.0000000;80.0000043;-1.377595E-05;80.0000000
10681.0007095337;80.0000000;80.0000043;-5.3691E-06;80.0000000
10682.0001602173;80.0000000;79.9999447;-2.532134E-05;80.0000000
10683.0005645752;80.0000000;80.0000042;2.314943E-05;80.0000000
10684.0009689331;80.0000000;80.0000638;3.225112E-05;80.0000000
10685.0004196167;80.0000000;80.0000043;-3.444266E-05;80.0000000
10686.0008239746;80.0000000;79.9999447;-3.665259E-05;80.0000000
10687.0002746582;80.0000000;80.0000042;3.860375E-05;80.0000000
10688.0006790161;80.0000000;80.0000638;4.811936E-05;80.0000000
10689.0001296997;80.0000000;80.0001234;6.58456E-05;80.0000000
10690.0005340576;80.0000000;80.0001234;2.566295E-05;80.0000000
10691.0009384155;80.0000000;80.0000043;-6.487526E-05;80.0000000
10692.0003890991;80.0000000;79.9998851;-8.572152E-05;80.0000000
10693.000793457;80.0000000;79.9998851;-3.340948E-05;80.0000000
10694.0002441406;80.0000000;79.9999446;3.399119E-05;80.0000000
10695.0006484985;80.0000000;80.0000638;7.368461E-05;80.0000000
10696.0000991821;80.0000000;80.0001830;9.708916E-05;80.0000000
10697.00050354;80.0000000;80.0001830;3.783995E-05;80.0000000
10698.0009078979;80.0000000;80.0001235;-1.827037E-05;80.0000000
10699.0003585815;80.0000000;80.0000043;-8.205352E-05;80.0000000
10700.0007629395;80.0000000;79.9999447;-5.520866E-05;80.0000000
10701.000213623;80.0000000;79.9999447;-2.151726E-05;80.0000000
10702.000617981;80.0000000;79.9999447;-8.386232E-06;80.0000000
10703.0000686646;80.0000000;80.0000042;4.96204E-05;80.0000000
10704.0004730225;80.0000000;80.0000638;7.231705E-05;80.0000000
10705.0008773804;80.0000000;80.0000638;2.818516E-05;80.0000000
10706.000328064;80.0000000;80.0001234;4.819299E-05;80.0000000
10707.0007324219;80.0000000;80.0001234;1.878295E-05;80.0000000
10708.0001831055;80.0000000;80.0000043;-6.388802E-05;80.0000000
10709.0005874634;80.0000000;79.9999447;-5.103235E-05;80.0000000
10710.000038147;80.0000000;79.9999447;-1.988957E-05;80.0000000
10711.0004425049;80.0000000;79.9999447;-7.751848E-06;80.0000000
10712.0008468628;80.0000000;79.9999447;-3.021239E-06;80.0000000
10713.0002975464;80.0000000;79.9999447;-1.177511E-06;80.0000000
10714.0007019043;80.0000000;80.0000042;3.668663E-05;80.0000000
10715.0001525879;80.0000000;80.0000042;1.429841E-05;80.0000000
10716.0005569458;80.0000000;80.0000042;5.572723E-06;80.0000000
10717.0009613037;80.0000000;79.9999447;-2.391658E-05;80.0000000
10718.0004119873;80.0000000;79.9999447;-1.344864E-05;80.0000000
10719.0008163452;80.0000000;79.9999447;-5.24153E-06;80.0000000
10720.0002670288;80.0000000;79.9999447;-2.042857E-06;80.0000000
10721.0006713867;80.0000000;79.9999447;-7.961921E-07;80.0000000
10722.0001220703;80.0000000;80.0000042;2.57782E-05;80.0000000
10723.0005264282;80.0000000;80.0000042;1.004691E-05;80.0000000
10724.0009307861;80.0000000;80.0000042;3.915726E-06;80.0000000
10725.0003814697;80.0000000;80.0000042;1.722638E-05;80.0000000
10726.0007858276;80.0000000;79.9999447;-4.029847E-05;80.0000000
10727.0002365112;80.0000000;79.9999447;-2.350208E-05;80.0000000
10728.0006408691;80.0000000;80.0000042;3.785254E-05;80.0000000
10729.0000915527;80.0000000;80.0000042;1.475281E-05;80.0000000
10730.0004959106;80.0000000;80.0000042;1.97439E-05;80.0000000
10731.0009002686;80.0000000;79.9999447;-3.409368E-05;80.0000000
10732.0003509521;80.0000000;79.9999447;-1.328782E-05;80.0000000
10733.0007553101;80.0000000;80.0000042;2.417072E-05;80.0000000
10734.0002059937;80.0000000;80.0000042;9.420402E-06;80.0000000
10735.0006103516;80.0000000;80.0000638;3.307045E-05;80.0000000
10736.0000610352;80.0000000;80.0000043;-2.425654E-05;80.0000000
10737.0004653931;80.0000000;79.9999447;-4.252762E-05;80.0000000
10738.000869751;80.0000000;79.9999447;-1.65749E-05;80.0000000
10739.0003204346;80.0000000;79.9999447;-6.459972E-06;80.0000000
10740.0007247925;80.0000000;80.0000042;3.050054E-05;80.0000000
10741.0001754761;80.0000000;80.0000042;1.188741E-05;80.0000000
10742.000579834;80.0000000;79.9999447;-4.23793E-05;80.0000000
10743.0009841919;80.0000000;79.9999447;-1.651709E-05;80.0000000
10744.0004348755;80.0000000;80.0000042;3.122403E-05;80.0000000
10745.0008392334;80.0000000;80.0000042;3.019929E-05;80.0000000
10746.000289917;80.0000000;79.9999447;-3.524234E-05;80.0000000
10747.0006942749;80.0000000;80.0000042;1.561407E-05;80.0000000
10748.0001449585;80.0000000;80.0000042;1.718563E-05;80.0000000
10749.0005493164;80.0000000;79.9999447;-1.939051E-05;80.0000000
10750.0009536743;80.0000000;79.9999447;-3.435772E-05;80.0000000
10751.0004043579;80.0000000;80.0000042;9.799063E-06;80.0000000
10752.0008087158;80.0000000;79.9999447;-3.703343E-05;80.0000000
10753.0002593994;80.0000000;79.9999447;-1.443357E-05;80.0000000
10754.0006637573;80.0000000;79.9999447;-8.524123E-06;80.0000000
10755.0001144409;80.0000000;80.0000042;2.602735E-05;80.0000000
10756.0005187988;80.0000000;80.0000042;1.014401E-05;80.0000000
10757.0009231567;80.0000000;80.0000042;3.953572E-06;80.0000000
10758.0003738403;80.0000000;80.0000042;1.540882E-06;80.0000000
10759.0007781982;80.0000000;80.0000042;6.005502E-07;80.0000000
10760.0002288818;80.0000000;80.0000042;2.34061E-07;80.0000000
10761.0006332397;80.0000000;80.0000042;9.122394E-08;80.0000000
10762.0000839233;80.0000000;80.0000638;2.943446E-05;80.0000000
10763.0004882813;80.0000000;80.0000638;1.147191E-05;80.0000000
10764.0008926392;80.0000000;80.0000638;4.471114E-06;80.0000000
10765.0003433228;80.0000000;80.0000043;-3.127569E-05;80.0000000
10766.0007476807;80.0000000;80.0000043;-1.218952E-05;80.0000000
10767.0001983643;80.0000000;80.0000043;-4.750798E-06;80.0000000
10768.0006027222;80.0000000;80.0000043;-1.851596E-06;80.0000000
10769.0000534058;80.0000000;80.0000043;-7.216493E-07;80.0000000
10770.0004577637;80.0000000;80.0000043;-2.812587E-07;80.0000000
10771.0008621216;80.0000000;80.0000043;-1.09619E-07;80.0000000
10772.0003128052;80.0000000;80.0000043;-4.272338E-08;80.0000000
10773.0007171631;80.0000000;80.0000638;3.300162E-05;80.0000000
10774.0001678467;80.0000000;80.0000043;-3.415015E-05;80.0000000
10775.0005722046;80.0000000;80.0000043;-1.330983E-05;80.0000000
10776.0009765625;80.0000000;80.0000043;-2.900999E-05;80.0000000
10777.0004272461;80.0000000;80.0000043;-1.130648E-05;80.0000000
10778.000831604;80.0000000;80.0000042;1.908336E-05;80.0000000
10779.0002822876;80.0000000;80.0000638;5.452899E-05;80.0000000
10780.0006866455;80.0000000;80.0000638;2.125236E-05;80.0000000
10781.0001373291;80.0000000;80.0000638;8.282989E-06;80.0000000
10782.000541687;80.0000000;80.0000638;3.228248E-06;80.0000000
10783.0009460449;80.0000000;80.0000638;2.47975E-05;80.0000000
10784.0003967285;80.0000000;80.0000638;9.664685E-06;80.0000000
10785.0008010864;80.0000000;80.0000638;3.766756E-06;80.0000000
10786.00025177;80.0000000;80.0000638;1.468072E-06;80.0000000
10787.0006561279;80.0000000;79.9999447;-8.175518E-05;80.0000000
10788.0001068115;80.0000000;80.0000042;-8.673827E-06;80.0000000
10789.0005111694;80.0000000;80.0000042;-3.380575E-06;80.0000000
10790.0009155273;80.0000000;80.0000638;2.808134E-05;80.0000000
10791.0003662109;80.0000000;80.0000638;1.094454E-05;80.0000000
10792.0007705688;80.0000000;80.0000638;4.265574E-06;80.0000000
10793.0002212524;80.0000000;80.0000638;1.662483E-06;80.0000000
10794.0006256104;80.0000000;80.0000043;-2.870163E-05;80.0000000
10795.0000762939;80.0000000;79.9999447;-3.441506E-05;80.0000000
10796.0004806519;80.0000000;79.9999447;-1.341307E-05;80.0000000
10797.0008850098;80.0000000;80.0000638;6.795221E-05;80.0000000
10798.0003356934;80.0000000;80.0001234;6.834297E-05;80.0000000
10799.0007400513;80.0000000;80.0001235;1.683193E-05;80.0000000
10800.0001907349;80.0000000;80.0000639;-3.680763E-05;80.0000000
10801.0005950928;80.0000000;79.9999447;-8.095245E-05;80.0000000
10802.0000457764;80.0000000;79.9999447;-3.155076E-05;80.0000000
10803.0004501343;80.0000000;80.0000042;2.072155E-05;80.0000000
10804.0008544922;80.0000000;80.0000042;8.076105E-06;80.0000000
10805.0003051758;80.0000000;80.0000042;3.147616E-06;80.0000000
10806.0007095337;80.0000000;80.0000638;5.420454E-05;80.0000000
10807.0001602173;80.0000000;80.0000043;-2.066284E-05;80.0000000
10808.0005645752;80.0000000;80.0000043;-8.053225E-06;80.0000000
10809.0009689331;80.0000000;80.0000043;-3.138699E-06;80.0000000
10810.0004196167;80.0000000;80.0000043;-1.22329E-06;80.0000000
10811.0008239746;80.0000000;80.0000043;-4.767703E-07;80.0000000
10812.0002746582;80.0000000;80.0000638;2.590269E-05;80.0000000
10813.0006790161;80.0000000;80.0000043;-3.691692E-05;80.0000000
10814.0001296997;80.0000000;79.9999447;-6.147952E-05;80.0000000
10815.0005340576;80.0000000;80.0000042;5.38828E-06;80.0000000
10816.0009384155;80.0000000;80.0000042;2.100052E-06;80.0000000
10817.0003890991;80.0000000;80.0000638;2.695084E-05;80.0000000
10818.000793457;80.0000000;80.0000638;1.050394E-05;80.0000000
10819.0002441406;80.0000000;80.0000638;4.09385E-06;80.0000000
10820.0006484985;80.0000000;80.0000043;-3.555E-05;80.0000000
10821.0000991821;80.0000000;79.9999447;-5.10634E-05;80.0000000
10822.00050354;80.0000000;80.0000042;1.728219E-05;80.0000000
10823.0009078979;80.0000000;80.0000638;4.859462E-05;80.0000000
10824.0003585815;80.0000000;80.0000638;1.893948E-05;80.0000000
10825.0007629395;80.0000000;80.0000043;-3.44072E-05;80.0000000
10826.000213623;80.0000000;79.9999447;-3.954237E-05;80.0000000
10827.000617981;80.0000000;79.9999447;-1.541142E-05;80.0000000
10828.0000686646;80.0000000;80.0000042;4.100583E-05;80.0000000
10829.0004730225;80.0000000;80.0000042;1.598179E-05;80.0000000
10830.0008773804;80.0000000;80.0000638;3.930258E-05;80.0000000
10831.000328064;80.0000000;80.0001234;4.471686E-05;80.0000000
10832.0007324219;80.0000000;80.0001234;1.742814E-05;80.0000000
10833.0001831055;80.0000000;80.0001234;6.792519E-06;80.0000000
10834.0005874634;80.0000000;80.0000043;-4.957353E-05;80.0000000
10835.000038147;80.0000000;79.9999447;-5.239477E-05;80.0000000
10836.0004425049;80.0000000;79.9999447;-2.042056E-05;80.0000000
10837.0008468628;80.0000000;80.0000042;2.277291E-05;80.0000000
10838.0002975464;80.0000000;80.0000042;8.875612E-06;80.0000000
10839.0007019043;80.0000000;80.0000042;3.45922E-06;80.0000000
10840.0001525879;80.0000000;80.0000042;1.348211E-06;80.0000000
10841.0005569458;80.0000000;80.0000042;5.254577E-07;80.0000000
10842.0009613037;80.0000000;80.0000638;2.633715E-05;80.0000000
10843.0004119873;80.0000000;80.0000638;1.026476E-05;80.0000000
10844.0008163452;80.0000000;80.0000638;4.00063E-06;80.0000000
10845.0002670288;80.0000000;80.0000638;1.559223E-06;80.0000000
10846.0006713867;80.0000000;80.0000043;-2.548081E-05;80.0000000
10847.0001220703;80.0000000;80.0000043;-9.931004E-06;80.0000000
10848.0005264282;80.0000000;79.9999447;-5.096191E-05;80.0000000
10849.0009307861;80.0000000;79.9999447;-2.76581E-05;80.0000000
10850.0003814697;80.0000000;79.9999447;-1.077959E-05;80.0000000
10851.0007858276;80.0000000;79.9999447;-4.201283E-06;80.0000000
10852.0002365112;80.0000000;79.9999447;-1.637427E-06;80.0000000
10853.0006408691;80.0000000;79.9998851;-2.386694E-05;80.0000000
10854.0000915527;80.0000000;79.9998851;-9.302005E-06;80.0000000
10855.0004959106;80.0000000;79.9998851;-3.625404E-06;80.0000000
10856.0009002686;80.0000000;79.9998851;-1.412981E-06;80.0000000
10857.0003509521;80.0000000;79.9999446;3.659486E-05;80.0000000
10858.0007553101;80.0000000;79.9999446;1.426264E-05;80.0000000
10859.0002059937;80.0000000;80.0000042;2.878755E-05;80.0000000
10860.0006103516;80.0000000;79.9999447;-2.179849E-05;80.0000000
10861.0000610352;80.0000000;79.9998851;-3.17246E-05;80.0000000
10862.0004653931;80.0000000;79.9998851;-1.236448E-05;80.0000000
10863.000869751;80.0000000;79.9998851;-4.818988E-06;80.0000000
10864.0003204346;80.0000000;80.0000042;7.299909E-05;80.0000000
10865.0007247925;80.0000000;80.0000638;7.030996E-05;80.0000000
10866.0001754761;80.0000000;80.0001234;6.461089E-05;80.0000000
10867.000579834;80.0000000;80.0000639;-2.770716E-05;80.0000000
10868.0009841919;80.0000000;80.0000639;-1.079871E-05;80.0000000
10869.0004348755;80.0000000;80.0000043;-5.130009E-05;80.0000000
10870.0008392334;80.0000000;80.0000043;-1.999392E-05;80.0000000
10871.000289917;80.0000000;80.0000043;-7.792517E-06;80.0000000
10872.0006942749;80.0000000;79.9999447;-5.012844E-05;80.0000000
10873.0001449585;80.0000000;79.9999447;-1.953728E-05;80.0000000
10874.0005493164;80.0000000;79.9999447;-7.614542E-06;80.0000000
10875.0009536743;80.0000000;79.9999447;-2.967725E-06;80.0000000
10876.0004043579;80.0000000;79.9999447;-1.156654E-06;80.0000000
10877.0008087158;80.0000000;79.9999447;-4.507994E-07;80.0000000
10878.0002593994;80.0000000;79.9998851;-2.340446E-05;80.0000000
10879.0006637573;80.0000000;79.9998851;-9.121756E-06;80.0000000
10880.0001144409;80.0000000;79.9998851;-3.555153E-06;80.0000000
10881.0005187988;80.0000000;79.9998851;-1.385601E-06;80.0000000
10882.0009231567;80.0000000;79.9999446;3.660553E-05;80.0000000
10883.0003738403;80.0000000;79.9999447;3.611066E-06;80.0000000
10884.0007781982;80.0000000;79.9999447;1.407393E-06;80.0000000
10885.0002288818;80.0000000;79.9998851;-3.665946E-05;80.0000000
10886.0006332397;80.0000000;79.9998851;-1.428782E-05;80.0000000
10887.0000839233;80.0000000;80.0000042;5.317989E-05;80.0000000
10888.0004882813;80.0000000;80.0000638;5.012546E-05;80.0000000
10889.0008926392;80.0000000;80.0000638;1.953611E-05;80.0000000
10890.0003433228;80.0000000;80.0000638;7.614089E-06;80.0000000
10891.0007476807;80.0000000;80.0000638;2.967548E-06;80.0000000
10892.0001983643;80.0000000;80.0000638;1.156585E-06;80.0000000
10893.0006027222;80.0000000;80.0000638;4.507725E-07;80.0000000
10894.0000534058;80.0000000;80.0000043;-2.30141E-05;80.0000000
10895.0004577637;80.0000000;79.9999447;-5.08286E-05;80.0000000
10896.0008621216;80.0000000;79.9999447;-1.981016E-05;80.0000000
10897.0003128052;80.0000000;80.0000042;1.836762E-05;80.0000000
10898.0007171631;80.0000000;80.0000638;3.329103E-05;80.0000000
10899.0001678467;80.0000000;80.0000638;1.297499E-05;80.0000000
10900.0005722046;80.0000000;80.0000638;5.056931E-06;80.0000000
10901.0009765625;80.0000000;80.0000638;1.97091E-06;80.0000000
10902.0004272461;80.0000000;80.0000638;7.68151E-07;80.0000000
10903.000831604;80.0000000;80.0000638;2.993825E-07;80.0000000
10904.0002822876;80.0000000;80.0000638;1.166826E-07;80.0000000
10905.0006866455;80.0000000;80.0000043;-5.284341E-05;80.0000000
10906.0001373291;80.0000000;80.0000043;-2.059542E-05;80.0000000
10907.000541687;80.0000000;80.0000043;-8.026949E-06;80.0000000
10908.0009460449;80.0000000;80.0000638;4.976043E-05;80.0000000
10909.0003967285;80.0000000;80.0000638;1.939384E-05;80.0000000
10910.0008010864;80.0000000;80.0000638;7.558641E-06;80.0000000
10911.00025177;80.0000000;79.9999447;-8.129099E-05;80.0000000
10912.0006561279;80.0000000;79.9998851;-7.877406E-05;80.0000000
10913.0001068115;80.0000000;79.9998851;-3.070174E-05;80.0000000
10914.0005111694;80.0000000;79.9998851;-1.196583E-05;80.0000000
10915.0009155273;80.0000000;80.0000042;8.42165E-05;80.0000000
10916.0003662109;80.0000000;80.0000638;6.589668E-05;80.0000000
10917.0007705688;80.0000000;80.0001830;9.890658E-05;80.0000000
10918.0002212524;80.0000000;80.0001831;3.080162E-05;80.0000000
10919.0006256104;80.0000000;80.0001831;1.200476E-05;80.0000000
10920.0000762939;80.0000000;80.0000639;-6.040897E-05;80.0000000
10921.0004806519;80.0000000;80.0000043;-6.540303E-05;80.0000000
10922.0008850098;80.0000000;80.0000043;-2.549046E-05;80.0000000
10923.0003356934;80.0000000;80.0000042;-7.075013E-06;80.0000000
10924.0007400513;80.0000000;80.0000042;-2.757447E-06;80.0000000
10925.0001907349;80.0000000;80.0000638;4.078429E-05;80.0000000
10926.0005950928;80.0000000;80.0000638;1.589544E-05;80.0000000
10927.0000457764;80.0000000;80.0000638;6.19516E-06;80.0000000
10928.0004501343;80.0000000;80.0000638;2.414528E-06;80.0000000
10929.0008544922;80.0000000;80.0000638;9.410487E-07;80.0000000
10930.0003051758;80.0000000;80.0000638;3.667684E-07;80.0000000
10931.0007095337;80.0000000;80.0000638;1.429459E-07;80.0000000
10932.0001602173;80.0000000;80.0000043;-2.60328E-05;80.0000000
10933.0005645752;80.0000000;80.0000043;-1.014614E-05;80.0000000
10934.0009689331;80.0000000;80.0000043;-3.9544E-06;80.0000000
10935.0004196167;80.0000000;80.0000638;4.024755E-05;80.0000000
10936.0008239746;80.0000000;80.0000638;1.568626E-05;80.0000000
10937.0002746582;80.0000000;79.9999447;-7.289092E-05;80.0000000
10938.0006790161;80.0000000;79.9998851;-7.02678E-05;80.0000000
10939.0001296997;80.0000000;79.9998851;-2.738648E-05;80.0000000
10940.0005340576;80.0000000;79.9998851;-1.067372E-05;80.0000000
10941.0009384155;80.0000000;80.0000042;7.484452E-05;80.0000000
10942.0003890991;80.0000000;80.0000638;6.637821E-05;80.0000000
10943.000793457;80.0000000;80.0000638;2.587053E-05;80.0000000
10944.0002441406;80.0000000;79.9999447;-6.479436E-05;80.0000000
10945.0006484985;80.0000000;79.9999447;-2.525323E-05;80.0000000
10946.0000991821;80.0000000;79.9998851;-3.307107E-05;80.0000000
10947.00050354;80.0000000;79.9999446;2.889949E-05;80.0000000
10948.0009078979;80.0000000;80.0000638;8.746995E-05;80.0000000
10949.0003585815;80.0000000;80.0000638;3.409092E-05;80.0000000
10950.0007629395;80.0000000;80.0000638;1.328674E-05;80.0000000
10951.000213623;80.0000000;80.0000638;5.178433E-06;80.0000000
10952.000617981;80.0000000;80.0000638;2.018265E-06;80.0000000
10953.0000686646;80.0000000;80.0000638;7.866074E-07;80.0000000
10954.0004730225;80.0000000;80.0000043;-3.27117E-05;80.0000000
10955.0008773804;80.0000000;80.0000638;1.333932E-05;80.0000000
10956.000328064;80.0000000;80.0000638;5.198923E-06;80.0000000
10957.0007324219;80.0000000;80.0000638;2.026251E-06;80.0000000
10958.0001831055;80.0000000;80.0000638;7.897198E-07;80.0000000
10959.0005874634;80.0000000;80.0000638;3.077888E-07;80.0000000
10960.0009918213;80.0000000;80.0000638;1.19959E-07;80.0000000
10961.0004425049;80.0000000;80.0000043;-5.284214E-05;80.0000000
10962.0008468628;80.0000000;80.0000043;-2.059493E-05;80.0000000
10963.0002975464;80.0000000;80.0000042;9.586689E-06;80.0000000
10964.0007019043;80.0000000;79.9999447;-2.561322E-05;80.0000000
10965.0001525879;80.0000000;80.0000042;1.610591E-05;80.0000000
10966.0005569458;80.0000000;80.0000638;4.813617E-05;80.0000000
10967.0009613037;80.0000000;80.0000638;2.858929E-05;80.0000000
10968.0004119873;80.0000000;80.0000638;1.114251E-05;80.0000000
10969.0008163452;80.0000000;79.9999447;-6.221483E-05;80.0000000
10970.0002670288;80.0000000;79.9999447;-2.424788E-05;80.0000000
10971.0006713867;80.0000000;79.9999447;-9.450474E-06;80.0000000
10972.0001220703;80.0000000;79.9999447;-3.683269E-06;80.0000000
10973.0005264282;80.0000000;80.0000042;3.571003E-05;80.0000000
10974.0009307861;80.0000000;80.0000042;1.391778E-05;80.0000000
10975.0003814697;80.0000000;79.9999447;-2.75939E-05;80.0000000
10976.0007858276;80.0000000;79.9999447;-1.075457E-05;80.0000000
10977.0002365112;80.0000000;79.9999447;-4.191531E-06;80.0000000
10978.0006408691;80.0000000;80.0000042;3.138465E-05;80.0000000
10979.0000915527;80.0000000;80.0000638;3.836435E-05;80.0000000
10980.0004959106;80.0000000;80.0000638;1.495229E-05;80.0000000
10981.0009002686;80.0000000;80.0000043;-4.706132E-05;80.0000000
10982.0003509521;80.0000000;79.9999447;-6.543324E-05;80.0000000
10983.0007553101;80.0000000;79.9999447;-2.550224E-05;80.0000000
10984.0002059937;80.0000000;79.9999447;-9.939354E-06;80.0000000
10985.0006103516;80.0000000;79.9998851;-2.710257E-05;80.0000000
10986.0000610352;80.0000000;79.9999446;4.232582E-05;80.0000000
10987.0004653931;80.0000000;79.9999446;1.649625E-05;80.0000000
10988.000869751;80.0000000;79.9999446;6.429319E-06;80.0000000
10989.0003204346;80.0000000;79.9999446;2.50579E-06;80.0000000
10990.0007247925;80.0000000;79.9999446;9.766175E-07;80.0000000
10991.0001754761;80.0000000;79.9999446;3.806311E-07;80.0000000
10992.000579834;80.0000000;79.9999446;1.483488E-07;80.0000000
10993.0009841919;80.0000000;79.9999446;5.781812E-08;80.0000000
10994.0004348755;80.0000000;80.0000042;4.711389E-05;80.0000000
10995.0008392334;80.0000000;80.0000042;1.836237E-05;80.0000000
10996.000289917;80.0000000;80.0000042;7.156631E-06;80.0000000
10997.0006942749;80.0000000;80.0000042;2.789257E-06;80.0000000
10998.0001449585;80.0000000;80.0000042;1.087097E-06;80.0000000
10999.0005493164;80.0000000;79.9999447;-2.566483E-05;80.0000000
11000.0009536743;80.0000000;79.9999447;-1.000272E-05;80.0000000
11001.0004043579;80.0000000;79.9999447;-3.898503E-06;80.0000000
11002.0008087158;80.0000000;79.9999447;-1.51942E-06;80.0000000
11003.0002593994;80.0000000;80.0000042;3.242609E-05;80.0000000
11004.0006637573;80.0000000;80.0000638;5.972925E-05;80.0000000
11005.0001144409;80.0000000;80.0000638;2.327914E-05;80.0000000
11006.0005187988;80.0000000;80.0000638;9.072913E-06;80.0000000
11007.0009231567;80.0000000;80.0000638;3.536117E-06;80.0000000
11008.0003738403;80.0000000;80.0000638;1.378181E-06;80.0000000
11009.0007781982;80.0000000;80.0000043;-4.125161E-05;80.0000000
11010.0002288818;80.0000000;80.0000043;-1.607758E-05;80.0000000
11011.0006332397;80.0000000;80.0000043;-6.266147E-06;80.0000000
11012.0000839233;80.0000000;80.0000043;-2.442195E-06;80.0000000
11013.0004882813;80.0000000;80.0000042;4.845704E-06;80.0000000
11014.0008926392;80.0000000;80.0000042;1.888586E-06;80.0000000
11015.0003433228;80.0000000;80.0000042;7.360657E-07;80.0000000
11016.0007476807;80.0000000;80.0000638;4.737823E-05;80.0000000
11017.0001983643;80.0000000;80.0000638;1.84654E-05;80.0000000
11018.0006027222;80.0000000;80.0000638;7.196784E-06;80.0000000
11019.0000534058;80.0000000;80.0000638;2.804906E-06;80.0000000
11020.0004577637;80.0000000;80.0000043;-2.209659E-05;80.0000000
11021.0008621216;80.0000000;80.0000043;-8.612022E-06;80.0000000
11022.0003128052;80.0000000;80.0000043;-3.356487E-06;80.0000000
11023.0007171631;80.0000000;80.0000638;3.17101E-05;80.0000000
11024.0001678467;80.0000000;80.0000638;1.235883E-05;80.0000000
11025.0005722046;80.0000000;80.0000638;4.816786E-06;80.0000000
11026.0009765625;80.0000000;80.0000638;1.877315E-06;80.0000000
11027.0004272461;80.0000000;80.0000638;7.31673E-07;80.0000000
11028.000831604;80.0000000;80.0000638;2.851654E-07;80.0000000
11029.0002822876;80.0000000;80.0000638;1.111416E-07;80.0000000
11030.0006866455;80.0000000;80.0000043;-4.696903E-05;80.0000000
11031.0001373291;80.0000000;80.0000043;-1.830591E-05;80.0000000
11032.000541687;80.0000000;80.0000043;-7.134624E-06;80.0000000
11033.0009460449;80.0000000;79.9999447;-4.987204E-05;80.0000000
11034.0003967285;80.0000000;79.9999447;-3.343142E-05;80.0000000
11035.0008010864;80.0000000;80.0000042;3.398264E-05;80.0000000
11036.00025177;80.0000000;80.0000042;1.324454E-05;80.0000000
11037.0006561279;80.0000000;80.0000042;5.161985E-06;80.0000000
11038.0001068115;80.0000000;80.0000042;2.011854E-06;80.0000000
11039.0005111694;80.0000000;80.0000042;7.841088E-07;80.0000000
11040.0009155273;80.0000000;80.0000638;2.970451E-05;80.0000000
11041.0003662109;80.0000000;80.0000043;-3.021159E-05;80.0000000
11042.0007705688;80.0000000;79.9999447;-4.193332E-05;80.0000000
11043.0002212524;80.0000000;79.9999447;-1.634327E-05;80.0000000
11044.0006256104;80.0000000;79.9999447;-6.369698E-06;80.0000000
11045.0000762939;80.0000000;80.0000042;3.053572E-05;80.0000000
11046.0004806519;80.0000000;79.9999447;-3.511122E-05;80.0000000
11047.0008850098;80.0000000;80.0000042;9.50539E-06;80.0000000
11048.0003356934;80.0000000;80.0000638;4.091266E-05;80.0000000
11049.0007400513;80.0000000;80.0000638;1.594548E-05;80.0000000
11050.0001907349;80.0000000;80.0000638;6.214661E-06;80.0000000
11051.0005950928;80.0000000;80.0000638;2.422129E-06;80.0000000
11052.0009994507;80.0000000;80.0000043;-2.224578E-05;80.0000000
11053.0004501343;80.0000000;80.0000043;-8.670166E-06;80.0000000
11054.0008544922;80.0000000;80.0000638;4.36332E-05;80.0000000
11055.0003051758;80.0000000;80.0000638;1.700579E-05;80.0000000
11056.0007095337;80.0000000;80.0000638;6.62791E-06;80.0000000
11057.0001602173;80.0000000;80.0000043;-5.03057E-05;80.0000000
11058.0005645752;80.0000000;80.0000043;-1.960636E-05;80.0000000
11059.0009689331;80.0000000;80.0000043;-7.641469E-06;80.0000000
11060.0004196167;80.0000000;80.0000638;4.403412E-05;80.0000000
11061.0008239746;80.0000000;80.0000043;-3.572684E-05;80.0000000
11062.0002746582;80.0000000;80.0000043;-1.392433E-05;80.0000000
11063.0006790161;80.0000000;79.9999447;-3.850069E-05;80.0000000
11064.0001296997;80.0000000;79.9999447;-1.500543E-05;80.0000000
11065.0005340576;80.0000000;79.9998851;-4.305627E-05;80.0000000
11066.0009384155;80.0000000;79.9998851;-1.678094E-05;80.0000000
11067.0003890991;80.0000000;79.9998851;-6.540276E-06;80.0000000
11068.000793457;80.0000000;79.9999446;2.680054E-05;80.0000000
11069.0002441406;80.0000000;80.0000042;3.367412E-05;80.0000000
11070.0006484985;80.0000000;80.0000638;4.619806E-05;80.0000000
11071.0000991821;80.0000000;80.0000638;1.800543E-05;80.0000000
11072.00050354;80.0000000;80.0000043;-4.587138E-05;80.0000000
11073.0009078979;80.0000000;80.0000043;-1.787811E-05;80.0000000
11074.0003585815;80.0000000;80.0000043;-6.967894E-06;80.0000000
11075.0007629395;80.0000000;80.0000638;2.663388E-05;80.0000000
11076.000213623;80.0000000;80.0000638;1.038041E-05;80.0000000
11077.000617981;80.0000000;80.0000638;4.045704E-06;80.0000000
11078.0000686646;80.0000000;80.0000043;-4.021196E-05;80.0000000
11079.0004730225;80.0000000;79.9999447;-4.507129E-05;80.0000000
11080.0008773804;80.0000000;80.0000042;1.957928E-05;80.0000000
11081.000328064;80.0000000;80.0000042;7.630912E-06;80.0000000
11082.0007324219;80.0000000;80.0000638;5.595188E-05;80.0000000
11083.0001831055;80.0000000;80.0000638;2.180693E-05;80.0000000
11084.0005874634;80.0000000;80.0000638;8.499127E-06;80.0000000
11085.0009918213;80.0000000;80.0000043;-2.277603E-05;80.0000000
11086.0004425049;80.0000000;79.9999447;-5.073581E-05;80.0000000
11087.0008468628;80.0000000;79.9999447;-1.977399E-05;80.0000000
11088.0002975464;80.0000000;80.0000042;1.548298E-05;80.0000000
11089.0007019043;80.0000000;80.0000638;5.901218E-05;80.0000000
11090.0001525879;80.0000000;80.0000638;2.299966E-05;80.0000000
11091.0005569458;80.0000000;79.9999447;-6.747694E-05;80.0000000
11092.0009613037;80.0000000;79.9999447;-2.629876E-05;80.0000000
11093.0004119873;80.0000000;79.9999447;-1.024979E-05;80.0000000
11094.0008163452;80.0000000;80.0000042;2.209371E-05;80.0000000
11095.0002670288;80.0000000;80.0000638;4.581889E-05;80.0000000
11096.0006713867;80.0000000;80.0000638;1.785765E-05;80.0000000
11097.0001220703;80.0000000;80.0000638;6.959919E-06;80.0000000
11098.0005264282;80.0000000;80.0000638;2.712589E-06;80.0000000
11099.0009307861;80.0000000;80.0000043;-2.50313E-05;80.0000000
11100.0003814697;80.0000000;80.0000043;-9.755806E-06;80.0000000
11101.0007858276;80.0000000;79.9999447;-2.703103E-05;80.0000000
11102.0002365112;80.0000000;80.0000042;3.647715E-05;80.0000000
11103.0006408691;80.0000000;80.0000638;5.607575E-05;80.0000000
11104.0000915527;80.0000000;80.0001234;6.894656E-05;80.0000000
11105.0004959106;80.0000000;80.0001234;2.687153E-05;80.0000000
11106.0009002686;80.0000000;80.0000639;-2.254524E-05;80.0000000
11107.0003509521;80.0000000;79.9999447;-8.499343E-05;80.0000000
11108.0007553101;80.0000000;79.9998851;-8.610348E-05;80.0000000
11109.0002059937;80.0000000;79.9998851;-3.355835E-05;80.0000000
11110.0006103516;80.0000000;79.9998851;-1.307918E-05;80.0000000
11111.0000610352;80.0000000;80.0000042;7.855021E-05;80.0000000
11112.0004653931;80.0000000;80.0000042;3.06145E-05;80.0000000
11113.000869751;80.0000000;79.9999447;-2.292717E-05;80.0000000
11114.0003204346;80.0000000;79.9999447;-8.935734E-06;80.0000000
11115.0007247925;80.0000000;80.0000042;4.352969E-05;80.0000000
11116.0001754761;80.0000000;80.0000042;1.696545E-05;80.0000000
11117.000579834;80.0000000;80.0000638;5.370355E-05;80.0000000
11118.0009841919;80.0000000;79.9999447;-5.523691E-05;80.0000000
11119.0004348755;80.0000000;79.9999447;-2.152827E-05;80.0000000
11120.0008392334;80.0000000;79.9999447;-8.390522E-06;80.0000000
11121.000289917;80.0000000;80.0000042;3.061433E-05;80.0000000
11122.0006942749;80.0000000;80.0000042;1.193176E-05;80.0000000
11123.0001449585;80.0000000;80.0000042;4.650337E-06;80.0000000
11124.0005493164;80.0000000;79.9999447;-3.414286E-05;80.0000000
11125.0009536743;80.0000000;79.9999447;-1.330699E-05;80.0000000
11126.0004043579;80.0000000;79.9999447;-5.186323E-06;80.0000000
11127.0008087158;80.0000000;80.0000042;3.099693E-05;80.0000000
11128.0002593994;80.0000000;80.0000042;1.208088E-05;80.0000000
11129.0006637573;80.0000000;79.9999447;-2.830982E-05;80.0000000
11130.0001144409;80.0000000;79.9999447;-1.103359E-05;80.0000000
11131.0005187988;80.0000000;80.0000042;3.284528E-05;80.0000000
11132.0009231567;80.0000000;80.0000042;1.280126E-05;80.0000000
11133.0003738403;80.0000000;80.0000638;3.112158E-05;80.0000000
11134.0007781982;80.0000000;80.0000043;-1.106033E-05;80.0000000
11135.0002288818;80.0000000;80.0000043;-4.310702E-06;80.0000000
11136.0006332397;80.0000000;80.0000042;2.507646E-05;80.0000000
11137.0000839233;80.0000000;79.9999447;-1.805957E-05;80.0000000
11138.0004882813;80.0000000;80.0000042;2.597966E-05;80.0000000
11139.0008926392;80.0000000;80.0000042;1.012543E-05;80.0000000
11140.0003433228;80.0000000;80.0000638;4.115432E-05;80.0000000
11141.0007476807;80.0000000;80.0000638;1.603966E-05;80.0000000
11142.0001983643;80.0000000;80.0000043;-4.663752E-05;80.0000000
11143.0006027222;80.0000000;79.9999447;-5.538469E-05;80.0000000
11144.0000534058;80.0000000;79.9999447;-2.158587E-05;80.0000000
11145.0004577637;80.0000000;79.9999447;-8.41297E-06;80.0000000
11146.0008621216;80.0000000;79.9999447;-3.278907E-06;80.0000000
11147.0003128052;80.0000000;79.9999447;-1.277936E-06;80.0000000
11148.0007171631;80.0000000;80.0000042;5.239082E-05;80.0000000
11149.0001678467;80.0000000;79.9999447;-3.246986E-05;80.0000000
11150.0005722046;80.0000000;79.9999447;-1.265494E-05;80.0000000
11151.0009765625;80.0000000;79.9999447;-4.932193E-06;80.0000000
11152.0004272461;80.0000000;79.9999447;-1.922294E-06;80.0000000
11153.000831604;80.0000000;80.0000042;2.533931E-05;80.0000000
11154.0002822876;80.0000000;80.0000042;9.875851E-06;80.0000000
11155.0006866455;80.0000000;80.0000042;3.849057E-06;80.0000000
11156.0001373291;80.0000000;80.0000042;1.500148E-06;80.0000000
11157.000541687;80.0000000;80.0000042;5.846742E-07;80.0000000
11158.0009460449;80.0000000;80.0000042;2.278735E-07;80.0000000
11159.0003967285;80.0000000;79.9999447;-3.705675E-05;80.0000000
11160.0008010864;80.0000000;80.0000042;1.857562E-05;80.0000000
11161.00025177;80.0000000;80.0000042;7.239742E-06;80.0000000
11162.0006561279;80.0000000;80.0000042;2.821649E-06;80.0000000
11163.0001068115;80.0000000;79.9999447;-3.604584E-05;80.0000000
11164.0005111694;80.0000000;80.0000042;3.884023E-05;80.0000000
11165.0009155273;80.0000000;80.0000042;1.513776E-05;80.0000000
11166.0003662109;80.0000000;80.0000042;5.899855E-06;80.0000000
11167.0007705688;80.0000000;80.0000042;2.299435E-06;80.0000000
11168.0002212524;80.0000000;80.0000638;3.396995E-05;80.0000000
11169.0006256104;80.0000000;80.0000638;1.32396E-05;80.0000000
11170.0000762939;80.0000000;80.0000638;5.160058E-06;80.0000000
11171.0004806519;80.0000000;80.0000043;-4.500124E-05;80.0000000
11172.0008850098;80.0000000;80.0000043;-1.753898E-05;80.0000000
11173.0003356934;80.0000000;80.0000043;-6.835718E-06;80.0000000
11174.0007400513;80.0000000;80.0000638;3.448137E-05;80.0000000
11175.0001907349;80.0000000;80.0000043;-1.957935E-05;80.0000000
11176.0005950928;80.0000000;80.0000043;-7.630942E-06;80.0000000
11177.0009994507;80.0000000;80.0000043;-2.974117E-06;80.0000000
11178.0004501343;80.0000000;80.0000043;-1.159145E-06;80.0000000
11179.0008544922;80.0000000;79.9999447;-2.368053E-05;80.0000000
11180.0003051758;80.0000000;80.0000042;2.791621E-05;80.0000000
11181.0007095337;80.0000000;80.0000638;5.273916E-05;80.0000000
11182.0001602173;80.0000000;80.0000638;2.055479E-05;80.0000000
11183.0005645752;80.0000000;80.0000638;8.011113E-06;80.0000000
11184.0009689331;80.0000000;80.0000638;3.122286E-06;80.0000000
11185.0004196167;80.0000000;79.9999447;-7.78494E-05;80.0000000
11186.0008239746;80.0000000;79.9999447;-3.034136E-05;80.0000000
11187.0002746582;80.0000000;79.9999447;-1.182537E-05;80.0000000
11188.0006790161;80.0000000;80.0000042;4.240347E-05;80.0000000
11189.0001296997;80.0000000;80.0000042;1.652652E-05;80.0000000
11190.0005340576;80.0000000;80.0000042;1.166471E-05;80.0000000
11191.0009384155;80.0000000;79.9999447;-3.067987E-05;80.0000000
11192.0003890991;80.0000000;79.9999447;-1.975329E-05;80.0000000
11193.000793457;80.0000000;80.0000042;3.123439E-05;80.0000000
11194.0002441406;80.0000000;79.9999447;-1.101636E-05;80.0000000
11195.0006484985;80.0000000;80.0000042;1.889622E-05;80.0000000
11196.0000991821;80.0000000;80.0000042;7.364696E-06;80.0000000
11197.00050354;80.0000000;80.0000638;4.472934E-05;80.0000000
11198.0009078979;80.0000000;80.0000638;1.743301E-05;80.0000000
11199.0003585815;80.0000000;79.9999447;-5.976315E-05;80.0000000
11200.0007629395;80.0000000;79.9999447;-2.329235E-05;80.0000000
11201.000213623;80.0000000;79.9999447;-9.078061E-06;80.0000000
11202.000617981;80.0000000;79.9999447;-3.538123E-06;80.0000000
11203.0000686646;80.0000000;80.0000638;7.768733E-05;80.0000000
11204.0004730225;80.0000000;80.0000638;3.027819E-05;80.0000000
11205.0008773804;80.0000000;80.0000638;1.180075E-05;80.0000000
11206.000328064;80.0000000;80.0000043;-2.8419E-05;80.0000000
11207.0007324219;80.0000000;80.0000043;-1.107614E-05;80.0000000
11208.0001831055;80.0000000;80.0000638;1.887292E-05;80.0000000
11209.0005874634;80.0000000;80.0000638;7.355617E-06;80.0000000
11210.0009918213;80.0000000;80.0000638;2.86681E-06;80.0000000
11211.0004425049;80.0000000;80.0000638;1.117323E-06;80.0000000
11212.0008468628;80.0000000;80.0000043;-5.245342E-05;80.0000000
11213.0002975464;80.0000000;80.0000043;-2.044342E-05;80.0000000
11214.0007019043;80.0000000;80.0000638;3.382104E-05;80.0000000
11215.0001525879;80.0000000;80.0000638;1.318156E-05;80.0000000
11216.0005569458;80.0000000;80.0000638;5.137439E-06;80.0000000
11217.0009613037;80.0000000;80.0000043;-2.734729E-05;80.0000000
11218.0004119873;80.0000000;79.9999447;-4.786644E-05;80.0000000
11219.0008163452;80.0000000;80.0000042;1.848988E-05;80.0000000
11220.0002670288;80.0000000;80.0000042;7.206327E-06;80.0000000
11221.0006713867;80.0000000;80.0000042;5.707345E-06;80.0000000
11222.0001220703;80.0000000;80.0000042;2.224406E-06;80.0000000
11223.0005264282;80.0000000;80.0000638;3.394072E-05;80.0000000
11224.0009307861;80.0000000;80.0000638;1.32282E-05;80.0000000
11225.0003814697;80.0000000;79.9999447;-8.084043E-05;80.0000000
11226.0007858276;80.0000000;79.9999447;-3.150709E-05;80.0000000
11227.0002365112;80.0000000;79.9998851;-4.94877E-05;80.0000000
11228.0006408691;80.0000000;79.9998851;-1.928755E-05;80.0000000
11229.0000915527;80.0000000;80.0000042;4.874634E-05;80.0000000
11230.0004959106;80.0000000;80.0000042;1.899861E-05;80.0000000
11231.0009002686;80.0000000;80.0000042;7.404601E-06;80.0000000
11232.0003509521;80.0000000;80.0000042;2.885901E-06;80.0000000
11233.0007553101;80.0000000;80.0000638;5.410254E-05;80.0000000
11234.0002059937;80.0000000;80.0000043;-3.180273E-05;80.0000000
11235.0006103516;80.0000000;80.0000638;4.049396E-05;80.0000000
11236.0000610352;80.0000000;80.0000638;1.578229E-05;80.0000000
11237.0004653931;80.0000000;80.0000043;-3.563769E-05;80.0000000
11238.000869751;80.0000000;79.9999447;-4.002195E-05;80.0000000
11239.0003204346;80.0000000;79.9999447;-1.559833E-05;80.0000000
11240.0007247925;80.0000000;79.9999447;-6.07936E-06;80.0000000
11241.0001754761;80.0000000;79.9999447;-2.329323E-05;80.0000000
11242.000579834;80.0000000;80.0000042;1.411139E-05;80.0000000
11243.0009841919;80.0000000;80.0000042;5.499832E-06;80.0000000
11244.0004348755;80.0000000;80.0000042;2.143528E-06;80.0000000
11245.0008392334;80.0000000;80.0000042;8.354281E-07;80.0000000
11246.000289917;80.0000000;80.0000042;3.256034E-07;80.0000000
11247.0006942749;80.0000000;80.0000042;1.269021E-07;80.0000000
11248.0001449585;80.0000000;80.0000042;4.945937E-08;80.0000000
11249.0005493164;80.0000000;80.0000042;1.927651E-08;80.0000000
11250.0009536743;80.0000000;80.0000042;7.512909E-09;80.0000000
11251.0004043579;80.0000000;80.0000042;2.928114E-09;80.0000000
11252.0008087158;80.0000000;80.0000638;5.297892E-05;80.0000000
11253.0002593994;80.0000000;80.0000638;2.064823E-05;80.0000000
11254.0006637573;80.0000000;80.0000638;8.047532E-06;80.0000000
11255.0001144409;80.0000000;80.0000638;3.13648E-06;80.0000000
11256.0005187988;80.0000000;80.0000638;1.222425E-06;80.0000000
11257.0009231567;80.0000000;80.0000638;4.764333E-07;80.0000000
11258.0003738403;80.0000000;80.0000638;1.856872E-07;80.0000000
11259.0007781982;80.0000000;79.9999447;-5.21485E-05;80.0000000
11260.0002288818;80.0000000;79.9998851;-4.972348E-05;80.0000000
11261.0006332397;80.0000000;79.9998851;-1.937945E-05;80.0000000
11262.0000839233;80.0000000;80.0000042;5.749574E-05;80.0000000
11263.0004882813;80.0000000;80.0001234;9.039999E-05;80.0000000
11264.0008926392;80.0000000;80.0001830;7.244087E-05;80.0000000
11265.0003433228;80.0000000;80.0001235;-8.912141E-06;80.0000000
11266.0007476807;80.0000000;80.0000043;-7.996372E-05;80.0000000
11267.0001983643;80.0000000;79.9999447;-7.302439E-05;80.0000000
11268.0006027222;80.0000000;80.0000042;1.85515E-05;80.0000000
11269.0010070801;80.0000000;80.0000638;4.03041E-05;80.0000000
11270.0004577637;80.0000000;80.0000638;1.57083E-05;80.0000000
11271.0008621216;80.0000000;79.9999447;-9.974445E-05;80.0000000
11272.0003128052;80.0000000;79.9999447;-5.74738E-05;80.0000000
11273.0007171631;80.0000000;80.0000042;1.474547E-05;80.0000000
11274.0001678467;80.0000000;80.0000638;3.882073E-05;80.0000000
11275.0005722046;80.0000000;80.0000638;1.513016E-05;80.0000000
11276.0009765625;80.0000000;79.9999447;-5.326538E-05;80.0000000
11277.0004272461;80.0000000;79.9999447;-2.075988E-05;80.0000000
11278.000831604;80.0000000;79.9999447;-8.091047E-06;80.0000000
11279.0002822876;80.0000000;80.0000042;3.399212E-05;80.0000000
11280.0006866455;80.0000000;80.0000638;4.6322E-05;80.0000000
11281.0001373291;80.0000000;80.0000638;1.805374E-05;80.0000000
11282.000541687;80.0000000;80.0000043;-2.231323E-05;80.0000000
11283.0009460449;80.0000000;79.9999447;-3.482882E-05;80.0000000
11284.0003967285;80.0000000;79.9999447;-1.357433E-05;80.0000000
11285.0008010864;80.0000000;80.0000042;4.759837E-05;80.0000000
11286.00025177;80.0000000;80.0000042;1.855119E-05;80.0000000
11287.0006561279;80.0000000;80.0000042;7.230223E-06;80.0000000
11288.0001068115;80.0000000;80.0000042;2.817938E-06;80.0000000
11289.0005111694;80.0000000;80.0000042;1.098275E-06;80.0000000
11290.0009155273;80.0000000;79.9999447;-5.246084E-05;80.0000000
11291.0003662109;80.0000000;79.9999447;-2.044632E-05;80.0000000
11292.0007705688;80.0000000;80.0000042;3.381992E-05;80.0000000
11293.0002212524;80.0000000;80.0000638;5.038911E-05;80.0000000
11294.0006256104;80.0000000;80.0000043;-3.325002E-05;80.0000000
11295.0000762939;80.0000000;79.9999447;-6.005036E-05;80.0000000
11296.0004806519;80.0000000;79.9999447;-2.340429E-05;80.0000000
11297.0008850098;80.0000000;79.9999447;-9.121689E-06;80.0000000
11298.0003356934;80.0000000;79.9999447;-3.555127E-06;80.0000000
11299.0007400513;80.0000000;79.9999447;-1.385591E-06;80.0000000
11300.0001907349;80.0000000;80.0000042;3.247824E-05;80.0000000
11301.0005950928;80.0000000;80.0000042;1.265821E-05;80.0000000
11302.0009994507;80.0000000;80.0000042;4.933466E-06;80.0000000
11303.0004501343;80.0000000;80.0000042;6.565982E-06;80.0000000
11304.0008544922;80.0000000;79.9999447;-5.032984E-05;80.0000000
11305.0003051758;80.0000000;79.9999447;-2.549231E-05;80.0000000
11306.0007095337;80.0000000;80.0000042;1.615303E-05;80.0000000
11307.0001602173;80.0000000;80.0000042;6.29555E-06;80.0000000
11308.0005645752;80.0000000;80.0000042;2.453655E-06;80.0000000
11309.0009689331;80.0000000;80.0000042;6.832845E-06;80.0000000
11310.0004196167;80.0000000;79.9999447;-2.342545E-05;80.0000000
11311.0008239746;80.0000000;79.9999447;-9.129938E-06;80.0000000
11312.0002746582;80.0000000;79.9999447;-3.558342E-06;80.0000000
11313.0006790161;80.0000000;80.0000042;4.040191E-05;80.0000000
11314.0001296997;80.0000000;80.0000042;2.55749E-05;80.0000000
11315.0005340576;80.0000000;80.0000042;9.967673E-06;80.0000000
11316.0009384155;80.0000000;80.0000042;3.884844E-06;80.0000000
11317.0003890991;80.0000000;80.0000042;7.673883E-06;80.0000000
11318.000793457;80.0000000;79.9999447;-3.745886E-05;80.0000000
11319.0002441406;80.0000000;79.9999447;-1.459938E-05;80.0000000
11320.0006484985;80.0000000;79.9999447;-5.690026E-06;80.0000000
11321.0000991821;80.0000000;79.9999447;-2.217656E-06;80.0000000
11322.00050354;80.0000000;79.9999447;-8.643187E-07;80.0000000
11323.0009078979;80.0000000;80.0000042;2.901271E-05;80.0000000
11324.0003585815;80.0000000;79.9999447;-3.57048E-05;80.0000000
11325.0007629395;80.0000000;79.9999447;-1.391575E-05;80.0000000
11326.000213623;80.0000000;79.9999447;-5.423583E-06;80.0000000
11327.000617981;80.0000000;79.9999447;-2.113811E-06;80.0000000
11328.0000686646;80.0000000;79.9999447;-8.238459E-07;80.0000000
11329.0004730225;80.0000000;80.0000042;2.612976E-05;80.0000000
11330.0008773804;80.0000000;80.0000042;2.711752E-05;80.0000000
11331.000328064;80.0000000;80.0000042;1.346762E-05;80.0000000
11332.0007324219;80.0000000;79.9999447;-4.299677E-05;80.0000000
11333.0001831055;80.0000000;79.9999447;-1.675775E-05;80.0000000
11334.0005874634;80.0000000;80.0000042;2.281834E-05;80.0000000
11335.0009918213;80.0000000;80.0000042;8.893319E-06;80.0000000
11336.0004425049;80.0000000;80.0000042;3.466121E-06;80.0000000
11337.0008468628;80.0000000;80.0000042;1.350901E-06;80.0000000
11338.0002975464;80.0000000;80.0000042;5.265059E-07;80.0000000
11339.0007019043;80.0000000;79.9999447;-3.378757E-05;80.0000000
11340.0001525879;80.0000000;80.0000042;1.292E-05;80.0000000
11341.0005569458;80.0000000;80.0000042;5.035496E-06;79.9990000
11342.0009613037;79.9999782;79.9999447;-3.692747E-05;79.9990000
11343.0004119873;80.0001289;80.0000042;2.275329E-05;79.9990000
11344.0008163452;79.9992998;79.9997062;-0.0002043477;79.9990000
11345.0002670288;79.9989681;79.9988718;-0.0005759958;79.9990000
11346.0006713867;79.9990000;79.9985141;-0.0004207033;79.9990000
11347.0001220703;79.9990000;79.9985141;-0.0001639667;79.9990000
11348.0005264282;79.9990000;79.9988121;0.0001185558;79.9990000
11349.0009307861;79.9990000;79.9992293;0.0002743535;79.9990000
11350.0003814697;79.9990000;79.9995869;0.0002875241;79.9980000
11351.0007858276;79.9989782;79.9997657;0.0002065475;79.9980000
11352.0002365112;79.9991289;79.9997062;5.115116E-05;79.9980000
11353.0006408691;79.9982998;79.9991102;-0.0003815974;79.9980000
11354.0000915527;79.9979681;79.9980969;-0.000744073;79.9980000
11355.0004959106;79.9980000;79.9975009;-0.0006373671;79.9980000
11356.0009002686;79.9980000;79.9973817;-0.0003117506;79.9970000
11357.0003509521;79.9979782;79.9976796;7.296508E-05;79.9970000
11358.0007553101;79.9981289;79.9982160;0.0003701738;79.9970000
11359.0002059937;79.9972998;79.9983949;0.0002332435;79.9970000
11360.0006103516;79.9969681;79.9978585;-0.0002383707;79.9960000
11361.0010147095;79.9969782;79.9975009;-0.0003217686;79.9960000
11362.0004653931;79.9971289;79.9975009;-0.0001254075;79.9960000
11363.000869751;79.9962998;79.9972625;-0.000228013;79.9960000
11364.0003204346;79.9959681;79.9965472;-0.0005168027;79.9950000
11365.0007247925;79.9959782;79.9961896;-0.0003940691;79.9950000
11366.0001754761;79.9961289;79.9962491;-8.561483E-05;79.9950000
11367.000579834;79.9952998;79.9961896;-9.80727E-05;79.9940000
11368.0009841919;79.9949463;79.9956531;-0.0003541395;79.9940000
11369.0004348755;79.9951289;79.9954743;-0.0002237253;79.9930000
11370.0008392334;79.9942780;79.9952955;-0.0002238914;79.9930000
11371.000289917;79.9940970;79.9948783;-0.0003207554;79.9930000
11372.0006942749;79.9932998;79.9943418;-0.0004616102;79.9920000
11373.0001449585;79.9929463;79.9936862;-0.0005572733;79.9920000
11374.0005493164;79.9931289;79.9934478;-0.0003331621;79.9910000
11375.0009536743;79.9922780;79.9932093;-0.0003090466;79.9910000
11376.0004043579;79.9920970;79.9927325;-0.0004132245;79.9900000
11377.0008087158;79.9912780;79.9924345;-0.0003516487;79.9900000
11378.0002593994;79.9910970;79.9918384;-0.000450951;79.9890000
11379.0006637573;79.9902780;79.9913020;-0.0004987395;79.9890000
11380.0001144409;79.9900970;79.9907655;-0.0004835134;79.9880000
11381.0005187988;79.9892780;79.9902887;-0.0004811639;79.9870000
11382.0009231567;79.9890752;79.9896331;-0.0005678771;79.9870000
11383.0003738403;79.9884287;79.9892754;-0.0004597246;79.9860000
11384.0007781982;79.9872461;79.9885006;-0.0006666282;79.9850000
11385.0002288818;79.9870752;79.9876661;-0.0007212168;79.9850000
11386.0006332397;79.9864287;79.9871297;-0.0006064076;79.9840000
11387.0000839233;79.9852461;79.9862356;-0.0007963295;79.9830000
11388.0004882813;79.9850752;79.9854011;-0.0007861279;79.9830000
11389.0008926392;79.9844287;79.9849839;-0.0005671886;79.9820000
11390.0003433228;79.9832461;79.9841494;-0.0007537075;79.9810000
11391.0007476807;79.9830752;79.9834342;-0.0007067528;79.9800000
11392.0001983643;79.9824069;79.9830765;-0.0005060651;79.9790000
11393.0006027222;79.9813750;79.9823017;-0.0007019733;79.9790000
11394.0010070801;79.9803968;79.9813480;-0.0008894756;79.9780000
11395.0004577637;79.9792461;79.9802155;-0.001050702;79.9770000
11396.0008621216;79.9790752;79.9793215;-0.0009192557;79.9760000
11397.0003128052;79.9784069;79.9789042;-0.0006198848;79.9750000
11398.0007171631;79.9773750;79.9781890;-0.0006850876;79.9740000
11399.0001678467;79.9763750;79.9772353;-0.0008612628;79.9730000
11400.0005722046;79.9753750;79.9762220;-0.0009559738;79.9720000
11401.0009765625;79.9743750;79.9751491;-0.001020919;79.9710000
11402.0004272461;79.9733750;79.9739570;-0.001131055;79.9700000
11403.000831604;79.9723750;79.9729438;-0.001062299;79.9690000
11404.0002822876;79.9713750;79.9719305;-0.001034477;79.9670000
11405.0006866455;79.9703532;79.9709768;-0.0009729968;79.9660000
11406.0001373291;79.9695039;79.9699635;-0.001006807;79.9650000
11407.000541687;79.9676748;79.9686522;-0.001247331;79.9640000
11408.0009460449;79.9663431;79.9666853;-0.001666033;79.9630000
11409.0003967285;79.9653750;79.9651952;-0.001528583;79.9610000
11410.0008010864;79.9643532;79.9642415;-0.001153873;79.9600000
11411.00025177;79.9635039;79.9635858;-0.0008430798;79.9590000
11412.0006561279;79.9616748;79.9625725;-0.001011034;79.9570000
11413.0001068115;79.9603213;79.9608440;-0.001445815;79.9560000
11414.0005111694;79.9595039;79.9594731;-0.001370168;79.9550000
11415.0009155273;79.9576748;79.9581022;-0.001403662;79.9530000
11416.0003662109;79.9563213;79.9563737;-0.001586027;79.9520000
11417.0007705688;79.9555039;79.9551816;-0.001321514;79.9500000
11418.0002212524;79.9536530;79.9540491;-0.00124003;79.9490000
11419.0006256104;79.9524720;79.9525590;-0.001385652;79.9470000
11420.0000762939;79.9506530;79.9511881;-0.001386871;79.9460000
11421.0004806519;79.9494720;79.9494595;-0.001589479;79.9440000
11422.0008850098;79.9476530;79.9479098;-0.001604132;79.9420000
11423.0003356934;79.9464502;79.9463601;-0.001575311;79.9410000
11424.0007400513;79.9448037;79.9449296;-0.001514386;79.9390000
11425.0001907349;79.9426211;79.9430818;-0.001756391;79.9370000
11426.0005950928;79.9414502;79.9412937;-0.00174566;79.9360000
11427.0009994507;79.9398037;79.9399228;-0.001516112;79.9340000
11428.0004501343;79.9376211;79.9380750;-0.001734009;79.9320000
11429.0008544922;79.9364502;79.9362869;-0.001770724;79.9300000
11430.0003051758;79.9347819;79.9349756;-0.001528994;79.9280000
11431.0007095337;79.9327500;79.9331875;-0.001695407;79.9260000
11432.0001602173;79.9307500;79.9311013;-0.001937311;79.9240000
11433.0005645752;79.9287500;79.9291343;-0.001948473;79.9220000
11434.0009689331;79.9267500;79.9270482;-0.002015804;79.9200000
11435.0004196167;79.9247500;79.9251408;-0.001952554;79.9180000
11436.0008239746;79.9227500;79.9232335;-0.001929073;79.9160000
11437.0002746582;79.9207500;79.9213261;-0.001905974;79.9140000
11438.0006790161;79.9187500;79.9193592;-0.001924781;79.9120000
11439.0001296997;79.9167500;79.9172730;-0.002032933;79.9100000
11440.0005340576;79.9147500;79.9152465;-0.00203279;79.9070000
11441.0009384155;79.9127282;79.9132795;-0.001991543;79.9050000
11442.0003890991;79.9108789;79.9113126;-0.001970388;79.9030000
11443.000793457;79.9080498;79.9090476;-0.002197124;79.9000000
11444.0002441406;79.9056963;79.9061269;-0.002607862;79.9000000
11445.0006484985;79.9039226;79.9037428;-0.002425248;79.8960000
11446.0000991821;79.9007483;79.9012990;-0.002470856;79.8930000
11447.00050354;79.9003546;79.8993916;-0.002041023;79.8910000
11448.0009078979;79.8975423;79.8981399;-0.001646798;79.8880000
11449.0003585815;79.8939642;79.8948021;-0.002727889;79.8860000
11450.0007629395;79.8918470;79.8915238;-0.003019627;79.8830000
11451.000213623;79.8890280;79.8887224;-0.002893423;79.8800000
11452.000617981;79.8868252;79.8862190;-0.002642978;79.8780000
11453.0000686646;79.8841787;79.8841924;-0.002304018;79.8750000
11454.0004730225;79.8809961;79.8816890;-0.002439593;79.8720000
11455.0008773804;79.8788252;79.8791856;-0.00244994;79.8690000
11456.000328064;79.8761569;79.8769803;-0.002307462;79.8670000
11457.0007324219;79.8731468;79.8741789;-0.00261875;79.8640000
11458.0001831055;79.8699961;79.8709602;-0.002978022;79.8610000
11459.0005874634;79.8678252;79.8680992;-0.002862063;79.8580000
11460.0009918213;79.8651569;79.8657746;-0.002539124;79.8550000
11461.0004425049;79.8621250;79.8631520;-0.002596878;79.8520000
11462.0008468628;79.8591250;79.8602314;-0.00281103;79.8490000
11463.0002975464;79.8561250;79.8572511;-0.002901258;79.8460000
11464.0007019043;79.8531250;79.8540921;-0.003060432;79.8420000
11465.0001525879;79.8501032;79.8510523;-0.003054376;79.8390000
11466.0005569458;79.8472539;79.8480720;-0.00298702;79.8360000
11467.0009613037;79.8434248;79.8447342;-0.003254573;79.8330000
11468.0004119873;79.8400931;79.8409195;-0.003582358;79.8290000
11469.0008163452;79.8371032;79.8375816;-0.003416205;79.8260000
11470.0002670288;79.8342539;79.8346610;-0.003090071;79.8230000
11471.0006713867;79.8304248;79.8314423;-0.003215862;79.8190000
11472.0001220703;79.8270713;79.8277468;-0.003487141;79.8160000
11473.0005264282;79.8242539;79.8244686;-0.003363752;79.8120000
11474.0009307861;79.8204030;79.8211903;-0.003345718;79.8080000
11475.0003814697;79.8172002;79.8175544;-0.00350112;79.8050000
11476.0007858276;79.8135537;79.8140974;-0.003500422;79.8010000
11477.0002365112;79.8093711;79.8099251;-0.003965517;79.7970000
11478.0006408691;79.8062002;79.8059911;-0.003918538;79.7940000
11479.0000915527;79.8025537;79.8024745;-0.003680455;79.7900000
11480.0004959106;79.7983711;79.7985406;-0.003875257;79.7860000
11481.0009002686;79.7952002;79.7949047;-0.003721462;79.7820000
11482.0003509521;79.7915319;79.7916860;-0.003431101;79.7780000
11483.0007553101;79.7875000;79.7879309;-0.003656663;79.7740000
11484.0002059937;79.7835000;79.7837586;-0.003987791;79.7700000
11485.0006103516;79.7795000;79.7795863;-0.004105834;79.7660000
11486.0010147095;79.7755000;79.7754736;-0.004126858;79.7620000
11487.0004653931;79.7715000;79.7714205;-0.004100231;79.7580000
11488.000869751;79.7675000;79.7674269;-0.004039055;79.7540000
11489.0003204346;79.7635000;79.7635526;-0.00393524;79.7490000
11490.0007247925;79.7594782;79.7594995;-0.004016971;79.7450000
11491.0001754761;79.7556289;79.7556848;-0.003905608;79.7410000
11492.000579834;79.7507998;79.7512741;-0.00425457;79.7360000
11493.0009841919;79.7464463;79.7464461;-0.004597806;79.7320000
11494.0004348755;79.7426289;79.7421546;-0.004380356;79.7270000
11495.0008392334;79.7377780;79.7379226;-0.004315434;79.7230000
11496.000289917;79.7335970;79.7334523;-0.004378033;79.7180000
11497.0006942749;79.7287780;79.7291012;-0.0043631;79.7140000
11498.0001449585;79.7245970;79.7246308;-0.00439915;79.7090000
11499.0005493164;79.7197780;79.7202797;-0.004402156;79.7040000
11500.0009536743;79.7155752;79.7159285;-0.004356449;79.6990000
11501.0004043579;79.7109069;79.7116966;-0.004317625;79.6940000
11502.0008087158;79.7058750;79.7069282;-0.004612916;79.6900000
11503.0002593994;79.7008968;79.7018022;-0.004926292;79.6850000
11504.0006637573;79.6957461;79.6965570;-0.005126292;79.6800000
11505.0001144409;79.6915752;79.6917886;-0.00488229;79.6750000
11506.0005187988;79.6869069;79.6876163;-0.004468455;79.6700000
11507.0009231567;79.6818750;79.6829076;-0.00463698;79.6640000
11508.0003738403;79.6768532;79.6779008;-0.004849595;79.6590000
11509.0007781982;79.6720039;79.6725960;-0.005140712;79.6540000
11510.0002288818;79.6661748;79.6671719;-0.005342096;79.6490000
11511.0006332397;79.6608431;79.6611519;-0.005731065;79.6430000
11512.0000839233;79.6558532;79.6559067;-0.00541684;79.6380000
11513.0004882813;79.6510039;79.6510191;-0.005080163;79.6330000
11514.0008926392;79.6451748;79.6459527;-0.005131852;79.6270000
11515.0003433228;79.6398213;79.6403498;-0.005414755;79.6210000
11516.0007476807;79.6349821;79.6351046;-0.005292667;79.6160000
11517.0001983643;79.6293037;79.6298594;-0.005299345;79.6100000
11518.0006027222;79.6231211;79.6237201;-0.005830516;79.6050000
11519.0010070801;79.6179720;79.6176405;-0.005952751;79.5990000
11520.0004577637;79.6121530;79.6120972;-0.005718489;79.5930000
11521.0008621216;79.6069502;79.6066732;-0.005500992;79.5870000
11522.0003128052;79.6012819;79.6013684;-0.005381452;79.5810000
11523.0007171631;79.5952500;79.5954079;-0.005752757;79.5750000
11524.0001678467;79.5892500;79.5891494;-0.006054697;79.5690000
11525.0005722046;79.5832500;79.5828910;-0.006156306;79.5630000
11526.0009765625;79.5772500;79.5768113;-0.006102117;79.5570000
11527.0004272461;79.5712500;79.5707912;-0.006044859;79.5510000
11528.000831604;79.5652500;79.5650692;-0.005833444;79.5450000
11529.0002822876;79.5592500;79.5591683;-0.005863655;79.5380000
11530.0006866455;79.5532282;79.5532675;-0.00590511;79.5320000
11531.0001373291;79.5473789;79.5474262;-0.005892513;79.5260000
11532.000541687;79.5405498;79.5411081;-0.006201867;79.5190000
11533.0009460449;79.5341963;79.5341940;-0.006594466;79.5130000
11534.0003967285;79.5283789;79.5280547;-0.006274865;79.5060000
11535.0008010864;79.5215280;79.5219154;-0.006207031;79.4990000
11536.00025177;79.5153252;79.5154185;-0.006357112;79.4930000
11537.0006561279;79.5086787;79.5091004;-0.006369422;79.4860000
11538.0001068115;79.5014961;79.5020671;-0.006782849;79.4790000
11539.0005111694;79.4953252;79.4951529;-0.006817714;79.4720000
11540.0009155273;79.4886569;79.4887156;-0.006572364;79.4650000
11541.0003662109;79.4816250;79.4818015;-0.00677669;79.4580000
11542.0007705688;79.4746250;79.4747681;-0.006943621;79.4510000
11543.0002212524;79.4676250;79.4675560;-0.007086104;79.4440000
11544.0006256104;79.4606250;79.4603438;-0.007154376;79.4370000
11545.0000762939;79.4536250;79.4530720;-0.007237437;79.4300000
11546.0004806519;79.4466250;79.4459791;-0.007162385;79.4230000
11547.0008850098;79.4396250;79.4389457;-0.007091334;79.4150000
11548.0003356934;79.4326032;79.4319720;-0.007038143;79.4080000
11549.0007400513;79.4257539;79.4251175;-0.006963991;79.4010000
11550.0001907349;79.4179248;79.4178457;-0.007220089;79.3930000
11551.0005950928;79.4105713;79.4099779;-0.00758951;79.3860000
11552.0009994507;79.4037539;79.4027061;-0.007362764;79.3780000
11553.0004501343;79.3959030;79.3953747;-0.007385361;79.3700000
11554.0008544922;79.3887002;79.3878050;-0.007463958;79.3630000
11555.0003051758;79.3810537;79.3804140;-0.007450175;79.3550000
11556.0007095337;79.3728711;79.3726654;-0.007646935;79.3470000
11557.0001602173;79.3657002;79.3649168;-0.007637672;79.3390000
11558.0005645752;79.3580319;79.3576450;-0.007415651;79.3310000
11559.0009689331;79.3500000;79.3498368;-0.007681929;79.3230000
11560.0004196167;79.3420000;79.3418498;-0.007871092;79.3150000
11561.0008239746;79.3340000;79.3338031;-0.007962349;79.3070000
11562.0002746582;79.3260000;79.3256969;-0.008046889;79.2990000
11563.0006790161;79.3180000;79.3175907;-0.008083083;79.2910000
11564.0001296997;79.3100000;79.3096037;-0.008022719;79.2820000
11565.0005340576;79.3019782;79.3014378;-0.008098337;79.2740000
11566.0009384155;79.2941289;79.2934508;-0.008029919;79.2660000
11567.0003890991;79.2852998;79.2848677;-0.00841128;79.2570000
11568.000793457;79.2769463;79.2758674;-0.008745001;79.2480000
11569.0002441406;79.2691071;79.2675228;-0.00846374;79.2400000
11570.0006484985;79.2604287;79.2591781;-0.008439654;79.2310000
11571.0000991821;79.2512461;79.2500586;-0.00889916;79.2220000
11572.00050354;79.2430752;79.2410583;-0.008906406;79.2140000
11573.0009078979;79.2344287;79.2324753;-0.008720155;79.2050000
11574.0003585815;79.2252461;79.2236538;-0.008800847;79.1960000
11575.0007629395;79.2170752;79.2150707;-0.008608244;79.1870000
11576.000213623;79.2084069;79.2068453;-0.008373695;79.1780000
11577.000617981;79.1993750;79.1982026;-0.008550417;79.1690000
11578.0010223389;79.1903750;79.1892619;-0.008789492;79.1600000
11579.0004730225;79.1813750;79.1802616;-0.008920154;79.1500000
11580.0008773804;79.1723532;79.1712017;-0.008991404;79.1410000
11581.000328064;79.1635039;79.1623802;-0.008869306;79.1320000
11582.0007324219;79.1536748;79.1530223;-0.009192098;79.1220000
11583.0001831055;79.1443213;79.1433067;-0.009495966;79.1130000
11584.0005874634;79.1355039;79.1338892;-0.009424918;79.1030000
11585.0009918213;79.1256530;79.1244120;-0.009491793;79.0940000
11586.0004425049;79.1164720;79.1144581;-0.009761357;79.0840000
11587.0008468628;79.1066530;79.1048021;-0.009738368;79.0740000
11588.0002975464;79.0974502;79.0950269;-0.009723113;79.0640000
11589.0007019043;79.0877819;79.0856094;-0.009552784;79.0540000
11590.0001525879;79.0777500;79.0758342;-0.009707494;79.0450000
11591.0005569458;79.0677718;79.0659399;-0.009834689;79.0350000
11592.0009613037;79.0576211;79.0558667;-0.009981078;79.0240000
11593.0004119873;79.0484284;79.0462703;-0.009705757;79.0140000
11594.0008163452;79.0389108;79.0373296;-0.009237479;79.0040000
11595.0002670288;79.0280498;79.0274353;-0.009726671;78.9940000
11596.0006713867;79.0177181;79.0169449;-0.01022121;78.9840000
11597.0001220703;79.0077500;79.0066929;-0.01022114;78.9730000
11598.0005264282;78.9977282;78.9967985;-0.01002049;78.9630000
11599.0009307861;78.9878789;78.9870829;-0.009822707;78.9520000
11600.0003814697;78.9770280;78.9768905;-0.01011088;78.9420000
11601.0007858276;78.9668470;78.9661021;-0.01053373;78.9310000
11602.0002365112;78.9560280;78.9553733;-0.01065871;78.9200000
11603.0006408691;78.9458252;78.9445252;-0.01076639;78.9090000
11604.0000915527;78.9351569;78.9340944;-0.01059092;78.8990000
11605.0004959106;78.9241468;78.9233656;-0.01069654;78.8880000
11606.0009002686;78.9129961;78.9122195;-0.01099123;78.8770000
11607.0003509521;78.9028252;78.9015503;-0.01076297;78.8660000
11608.0007553101;78.8921569;78.8912983;-0.01048655;78.8540000
11609.0002059937;78.8811032;78.8807482;-0.01053188;78.8430000
11610.0006103516;78.8702539;78.8699598;-0.01068158;78.8320000
11611.0010147095;78.8584248;78.8586349;-0.01112859;78.8210000
11612.0004653931;78.8470931;78.8468928;-0.01151763;78.8090000
11613.000869751;78.8361032;78.8358063;-0.01124147;78.7980000
11614.0003204346;78.8252539;78.8251967;-0.01084618;78.7860000
11615.0007247925;78.8134030;78.8141103;-0.01103845;78.7750000
11616.0001754761;78.8022220;78.8026066;-0.01131828;78.7630000
11617.000579834;78.7904030;78.7909836;-0.01152427;78.7510000
11618.0009841919;78.7792002;78.7791819;-0.01167645;78.7400000
11619.0004348755;78.7675537;78.7677378;-0.01157432;78.7280000
11620.0008392334;78.7553711;78.7558169;-0.01181971;78.7160000
11621.000289917;78.7442002;78.7441344;-0.01170646;78.7040000
11622.0006942749;78.7325319;78.7328691;-0.01147225;78.6920000
11623.0001449585;78.7205000;78.7211866;-0.01161064;78.6800000
11624.0005493164;78.7085000;78.7092657;-0.01180226;78.6670000
11625.0009536743;78.6964782;78.6971659;-0.01198769;78.6550000
11626.0004043579;78.6846289;78.6852450;-0.01195475;78.6430000
11627.0008087158;78.6717998;78.6728472;-0.01226368;78.6300000
11628.0002593994;78.6594463;78.6600918;-0.01254716;78.6180000
11629.0006637573;78.6476289;78.6478729;-0.01232519;78.6050000
11630.0001144409;78.6347780;78.6357136;-0.01227034;78.5930000
11631.0005187988;78.6225970;78.6229582;-0.01256291;78.5800000
11632.0009231567;78.6097780;78.6103220;-0.01264417;78.5670000
11633.0003738403;78.5975752;78.5976262;-0.01265821;78.5540000
11634.0007781982;78.5849069;78.5850496;-0.01264769;78.5420000
11635.0002288818;78.5718968;78.5721154;-0.01283942;78.5290000
11636.0006332397;78.5587461;78.5589428;-0.01306848;78.5160000
11637.0000839233;78.5465752;78.5462470;-0.01280506;78.5020000
11638.0004882813;78.5338851;78.5342068;-0.01237356;78.4890000
11639.0008926392;78.5210039;78.5217495;-0.01244385;78.4760000
11640.0003433228;78.5071748;78.5083980;-0.01308712;78.4630000
11641.0007476807;78.4938431;78.4943909;-0.01366038;78.4490000
11642.0001983643;78.4808532;78.4809799;-0.01347625;78.4360000
11643.0006027222;78.4680039;78.4679265;-0.01320088;78.4220000
11644.0010070801;78.4541530;78.4546942;-0.01327872;78.4090000
11645.0004577637;78.4409720;78.4409256;-0.01356106;78.3950000
11646.0008621216;78.4271530;78.4272165;-0.01367855;78.3810000
11647.0003128052;78.4139502;78.4132690;-0.01378308;78.3680000
11648.0007171631;78.4003037;78.3996792;-0.0136848;78.3540000
11649.0001678467;78.3861211;78.3856125;-0.01394095;78.3400000
11650.0005722046;78.3729502;78.3718438;-0.01376523;78.3260000
11651.0009765625;78.3592819;78.3586712;-0.01341295;78.3120000
11652.0004272461;78.3452500;78.3449621;-0.01361651;78.2970000
11653.000831604;78.3312282;78.3308954;-0.01390451;78.2830000
11654.0002822876;78.3173789;78.3168287;-0.01400248;78.2690000
11655.0006866455;78.3025498;78.3021660;-0.01442508;78.2540000
11656.0001373291;78.2881963;78.2871456;-0.01476717;78.2400000
11657.000541687;78.2743789;78.2729597;-0.01436676;78.2250000
11658.0009460449;78.2595280;78.2584161;-0.01452672;78.2110000
11659.0003967285;78.2453470;78.2437534;-0.01460363;78.1960000
11660.0008010864;78.2305280;78.2292099;-0.01459179;78.1810000
11661.00025177;78.2163252;78.2145471;-0.014617;78.1670000
11662.0006561279;78.2016787;78.2003016;-0.01441071;78.1520000
11663.0001068115;78.1864961;78.1853409;-0.01478283;78.1370000
11664.0005111694;78.1723252;78.1705589;-0.01473574;78.1220000
11665.0009155273;78.1576569;78.1561942;-0.01453056;78.1070000
11666.0003662109;78.1426250;78.1413526;-0.01475837;78.0910000
11667.0007705688;78.1276032;78.1261534;-0.01503899;78.0760000
11668.0002212524;78.1127539;78.1107754;-0.01524481;78.0610000
11669.0006256104;78.0969248;78.0949206;-0.01564657;78.0450000
11670.0010299683;78.0815713;78.0787677;-0.01593653;78.0300000
11671.0004806519;78.0667539;78.0635090;-0.0154907;78.0140000
11672.0008850098;78.0509030;78.0483098;-0.0153498;77.9990000
11673.0003356934;78.0357220;78.0328722;-0.0153846;77.9830000
11674.0007400513;78.0199030;78.0176134;-0.0153388;77.9670000
11675.0001907349;78.0047002;78.0022950;-0.01531471;77.9510000
11676.0005950928;77.9890319;77.9870958;-0.01526673;77.9350000
11677.0009994507;77.9730000;77.9714198;-0.01552222;77.9190000
11678.0004501343;77.9570000;77.9553265;-0.01586436;77.9030000
11679.0008544922;77.9410000;77.9392333;-0.01599462;77.8870000
11680.0003051758;77.9250000;77.9231996;-0.01600722;77.8710000
11681.0007095337;77.9090000;77.9072852;-0.01593963;77.8550000
11682.0001602173;77.8930000;77.8914900;-0.01583659;77.8380000
11683.0005645752;77.8769782;77.8756947;-0.01582676;77.8220000
11684.0009689331;77.8611289;77.8600783;-0.01568509;77.8050000
11685.0004196167;77.8442780;77.8439254;-0.01601944;77.7890000
11686.0008239746;77.8280970;77.8274150;-0.01628954;77.7720000
11687.0002746582;77.8112780;77.8109045;-0.01643696;77.7550000
11688.0006790161;77.7950752;77.7942748;-0.0165369;77.7390000
11689.0001296997;77.7784287;77.7780027;-0.01640786;77.7220000
11690.0005340576;77.7612461;77.7611942;-0.01668139;77.7050000
11691.0009384155;77.7450752;77.7443857;-0.01673419;77.6880000
11692.0003890991;77.7284069;77.7281732;-0.01642665;77.6710000
11693.000793457;77.7113750;77.7114839;-0.01658282;77.6530000
11694.0002441406;77.6943532;77.6946754;-0.01673897;77.6360000
11695.0006484985;77.6775039;77.6779265;-0.01673847;77.6190000
11696.0000991821;77.6596748;77.6606412;-0.01710607;77.6010000
11697.00050354;77.6423213;77.6429386;-0.01744118;77.5840000
11698.0009078979;77.6255039;77.6258321;-0.01719754;77.5660000
11699.0003585815;77.6076530;77.6084275;-0.01735341;77.5490000
11700.0007629395;77.5904720;77.5907845;-0.01752026;77.5310000
11701.000213623;77.5726530;77.5731415;-0.01764851;77.5130000
11702.000617981;77.5554502;77.5554986;-0.01763397;77.4950000
11703.0010223389;77.5377819;77.5382132;-0.0174387;77.4770000
11704.0004730225;77.5197500;77.5206299;-0.01753484;77.4590000
11705.0008773804;77.5017500;77.5025696;-0.0178574;77.4410000
11706.000328064;77.4837500;77.4843902;-0.01808038;77.4230000
11707.0007324219;77.4657500;77.4661512;-0.01819639;77.4050000
11708.0001831055;77.4477500;77.4481506;-0.01811142;77.3860000
11709.0005874634;77.4297282;77.4300308;-0.018133;77.3680000
11710.0009918213;77.4118789;77.4119110;-0.01812029;77.3500000
11711.0004425049;77.3930498;77.3933143;-0.01844339;77.3310000
11712.0008468628;77.3746963;77.3744197;-0.01869972;77.3120000
11713.0002975464;77.3568571;77.3562999;-0.01830617;77.2940000
11714.0007019043;77.3381787;77.3381800;-0.01822072;77.2750000
11715.0001525879;77.3189961;77.3192258;-0.01871116;77.2560000
11716.0005569458;77.3008252;77.3003907;-0.01875898;77.2370000
11717.0009613037;77.2821569;77.2818536;-0.01865704;77.2180000
11718.0004119873;77.2631250;77.2628994;-0.01888167;77.1990000
11719.0008163452;77.2441250;77.2434683;-0.01923828;77.1800000
11720.0002670288;77.2251250;77.2241564;-0.0192752;77.1600000
11721.0006713867;77.2061032;77.2049637;-0.01919882;77.1410000
11722.0001220703;77.1872539;77.1860094;-0.01904543;77.1220000
11723.0005264282;77.1674248;77.1666379;-0.01930497;77.1020000
11724.0009307861;77.1480713;77.1467895;-0.01963295;77.0830000
11725.0003814697;77.1292539;77.1274776;-0.01943401;77.0630000
11726.0007858276;77.1094030;77.1079869;-0.01952397;77.0430000
11727.0002365112;77.0902002;77.0882578;-0.0196253;77.0240000
11728.0006408691;77.0705537;77.0685882;-0.01967153;77.0040000
11729.0000915527;77.0503711;77.0485015;-0.0199444;76.9840000
11730.0004959106;77.0312002;77.0287723;-0.0197761;76.9640000
11731.0009002686;77.0115319;77.0095200;-0.01947777;76.9440000
11732.0003509521;76.9915000;76.9898505;-0.0196195;76.9230000
11733.0007553101;76.9714782;76.9700021;-0.01977846;76.9030000
11734.0002059937;76.9516289;76.9502134;-0.01978864;76.8830000
11735.0006103516;76.9307998;76.9295902;-0.02035795;76.8620000
11736.0010147095;76.9104463;76.9087286;-0.02064321;76.8420000
11737.0004653931;76.8906289;76.8886418;-0.02026367;76.8210000
11738.000869751;76.8697780;76.8685550;-0.0201787;76.8010000
11739.0003204346;76.8495970;76.8482895;-0.02019277;76.7800000
11740.0007247925;76.8287780;76.8282623;-0.02011472;76.7590000
11741.0001754761;76.8085752;76.8079967;-0.02017531;76.7380000
11742.000579834;76.7879069;76.7877311;-0.02025455;76.7170000
11743.0009841919;76.7668750;76.7669887;-0.02058468;76.6960000
11744.0004348755;76.7458750;76.7458887;-0.02091454;76.6750000
11745.0008392334;76.7248750;76.7247886;-0.0210333;76.6540000
11746.000289917;76.7038750;76.7038078;-0.0210207;76.6330000
11747.0006942749;76.6828750;76.6830058;-0.02087502;76.6110000
11748.0001449585;76.6618532;76.6622038;-0.0208023;76.5900000
11749.0005493164;76.6410039;76.6415806;-0.02067795;76.5680000
11750.0009536743;76.6191530;76.6202421;-0.02113155;76.5470000
11751.0004043579;76.5979720;76.5985460;-0.02143863;76.5250000
11752.0008087158;76.5761530;76.5767903;-0.02164483;76.5030000
11753.0002593994;76.5549502;76.5551538;-0.02162815;76.4820000
11754.0006637573;76.5333037;76.5339346;-0.0214021;76.4600000
11755.0001144409;76.5111211;76.5121789;-0.02163388;76.4380000
11756.0005187988;76.4899502;76.4905424;-0.02160668;76.4160000
11757.0009231567;76.4682819;76.4692635;-0.02143857;76.3930000
11758.0003738403;76.4462282;76.4474482;-0.02170764;76.3710000
11759.0007781982;76.4243789;76.4253945;-0.02193954;76.3490000
11760.0002288818;76.4015498;76.4026851;-0.02244745;76.3270000
11761.0006332397;76.3792181;76.3794989;-0.02285367;76.3040000
11762.0000839233;76.3572282;76.3571472;-0.02250843;76.2820000
11763.0004882813;76.3353789;76.3352723;-0.02210667;76.2590000
11764.0008926392;76.3125280;76.3129801;-0.02226976;76.2360000
11765.0003433228;76.2903252;76.2901516;-0.02260157;76.2140000
11766.0007476807;76.2676787;76.2675018;-0.02267588;76.1910000
11767.0001983643;76.2444961;76.2441368;-0.0231217;76.1680000
11768.0006027222;76.2223252;76.2210698;-0.02304218;76.1450000
11769.0010070801;76.1996569;76.1987776;-0.02259159;76.1220000
11770.0004577637;76.1766250;76.1758299;-0.02283908;76.0980000
11771.0008621216;76.1536032;76.1527033;-0.02302046;76.0750000
11772.0003128052;76.1307539;76.1293978;-0.02316792;76.0520000
11773.0007171631;76.1069248;76.1055560;-0.02360855;76.0280000
11774.0001678467;76.0835713;76.0813565;-0.02394608;76.0050000
11775.0005722046;76.0607539;76.0579915;-0.02353818;75.9810000
11776.0009765625;76.0369030;76.0346265;-0.02346677;75.9580000
11777.0004272461;76.0137220;76.0110826;-0.023508;75.9340000
11778.000831604;75.9899030;75.9875984;-0.02353143;75.9100000
11779.0002822876;75.9667002;75.9641142;-0.02346548;75.8860000
11780.0006866455;75.9430319;75.9407491;-0.02340684;75.8620000
11781.0001373291;75.9190000;75.9168477;-0.02371413;75.8380000
11782.000541687;75.8950000;75.8927674;-0.02394353;75.8140000
11783.0009460449;75.8710000;75.8689255;-0.02387629;75.7900000
11784.0003967285;75.8470000;75.8451433;-0.02382043;75.7660000
11785.0008010864;75.8230000;75.8214802;-0.02372415;75.7410000
11786.00025177;75.7989782;75.7978768;-0.02364938;75.7170000
11787.0006561279;75.7751289;75.7742734;-0.02361451;75.6920000
11788.0001068115;75.7502780;75.7500143;-0.02405337;75.6680000
11789.0005111694;75.7260970;75.7253976;-0.02438818;75.6430000
11790.0009155273;75.7012780;75.7009597;-0.02443594;75.6180000
11791.0003662109;75.6770752;75.6765218;-0.02439709;75.5940000
11792.0007705688;75.6524287;75.6524415;-0.02422493;75.5690000
11793.0002212524;75.6272461;75.6277652;-0.02452251;75.5440000
11794.0006256104;75.6030752;75.6030292;-0.02462576;75.5190000
11795.0010299683;75.5784069;75.5787701;-0.02440719;75.4930000
11796.0004806519;75.5533532;75.5539746;-0.02466309;75.4680000
11797.0008850098;75.5285039;75.5288810;-0.02493865;75.4430000
11798.0003356934;75.5026748;75.5034299;-0.0253111;75.4170000
11799.0007400513;75.4773213;75.4775614;-0.02564808;75.3920000
11800.0001907349;75.4525039;75.4525275;-0.02527805;75.3660000
11801.0005950928;75.4266530;75.4272551;-0.0253429;75.3410000
11802.0009994507;75.4014720;75.4015655;-0.02555407;75.3150000
11803.0004501343;75.3756530;75.3761143;-0.02552703;75.2890000
11804.0008544922;75.3504502;75.3504843;-0.02556365;75.2630000
11805.0003051758;75.3247819;75.3251524;-0.02546568;75.2370000
11806.0007095337;75.2987500;75.2992243;-0.02578164;75.2110000
11807.0001602173;75.2727500;75.2728195;-0.02613728;75.1850000
11808.0005645752;75.2467500;75.2464146;-0.026285;75.1590000
11809.0009689331;75.2207500;75.2200098;-0.02633432;75.1330000
11810.0004196167;75.1947500;75.1938433;-0.02619021;75.1060000
11811.0008239746;75.1687282;75.1677365;-0.0261319;75.0800000
11812.0002746582;75.1428789;75.1417489;-0.02605187;75.0530000
11813.0006790161;75.1160280;75.1150460;-0.02651234;75.0270000
11814.0001296997;75.0898470;75.0879855;-0.02682104;75.0000000
11815.0005340576;75.0630280;75.0609846;-0.02694762;74.9730000
11816.0009384155;75.0368252;75.0342817;-0.02675672;74.9470000
11817.0003890991;75.0101787;75.0080557;-0.02643697;74.9200000
11818.000793457;74.9829961;74.9813528;-0.02661816;74.8930000
11819.0002441406;74.9568252;74.9549479;-0.02645481;74.8660000
11820.0006484985;74.9301569;74.9287219;-0.02634452;74.8380000
11821.0000991821;74.9031032;74.9018402;-0.02666035;74.8110000
11822.00050354;74.8762539;74.8748393;-0.02684781;74.7840000
11823.0009078979;74.8484248;74.8473615;-0.02726234;74.7560000
11824.0003585815;74.8210713;74.8197050;-0.02747407;74.7290000
11825.0007629395;74.7942539;74.7929425;-0.02701888;74.7010000
11826.000213623;74.7664030;74.7660012;-0.02703489;74.6740000
11827.000617981;74.7392220;74.7387619;-0.02716953;74.6460000
11828.0010223389;74.7114030;74.7115226;-0.02725808;74.6180000
11829.0004730225;74.6842002;74.6842236;-0.02724069;74.5900000
11830.0008773804;74.6565319;74.6570439;-0.02719685;74.5620000
11831.000328064;74.6285000;74.6293277;-0.02754766;74.5340000
11832.0007324219;74.6005000;74.6012540;-0.02788463;74.5060000
11833.0001831055;74.5725000;74.5730610;-0.02806582;74.4780000
11834.0005874634;74.5445000;74.5450468;-0.02801966;74.4500000
11835.0009918213;74.5165000;74.5170922;-0.02796585;74.4210000
11836.0004425049;74.4884782;74.4891972;-0.02791774;74.3930000
11837.0008468628;74.4606289;74.4615407;-0.02773963;74.3640000
11838.0002975464;74.4317780;74.4332285;-0.02813333;74.3360000
11839.0007019043;74.4035970;74.4044394;-0.02850684;74.3070000
11840.0001525879;74.3747780;74.3756504;-0.02869415;74.2780000
11841.0005569458;74.3465752;74.3466825;-0.02882648;74.2490000
11842.0009613037;74.3179069;74.3183107;-0.028551;74.2210000
11843.0004119873;74.2888968;74.2892832;-0.02885559;74.1920000
11844.0008163452;74.2597461;74.2598386;-0.02920126;74.1620000
11845.0002670288;74.2315534;74.2306323;-0.02913873;74.1330000
11846.0006713867;74.2030358;74.2020817;-0.02879335;74.1040000
11847.0001220703;74.1731748;74.1726370;-0.0292507;74.0750000
11848.0005264282;74.1438431;74.1425366;-0.02974649;74.0450000
11849.0009307861;74.1148532;74.1128535;-0.02968305;74.0160000
11850.0003814697;74.0860039;74.0837068;-0.02935291;73.9860000
11851.0007858276;74.0561530;74.0542621;-0.02946404;73.9570000
11852.0002365112;74.0269720;74.0245790;-0.02955773;73.9270000
11853.0006408691;73.9971530;73.9951343;-0.02952203;73.8970000
11854.0000915527;73.9679502;73.9656300;-0.029473;73.8670000
11855.0004959106;73.9382819;73.9362449;-0.02946812;73.8370000
11856.0009002686;73.9082500;73.9065022;-0.02965795;73.8070000
11857.0003509521;73.8782500;73.8764019;-0.02992656;73.7770000
11858.0007553101;73.8482500;73.8463611;-0.03000274;73.7470000
11859.0002059937;73.8182500;73.8167376;-0.02976737;73.7170000
11860.0006103516;73.7882500;73.7871141;-0.02968217;73.6860000
11861.0010147095;73.7582282;73.7575502;-0.02962247;73.6560000
11862.0004653931;73.7283789;73.7278671;-0.02967744;73.6250000
11863.000869751;73.6975280;73.6977071;-0.03002348;73.5950000
11864.0003204346;73.6673470;73.6671896;-0.03032592;73.5640000
11865.0007247925;73.6365280;73.6366720;-0.03048143;73.5330000
11866.0001754761;73.6063252;73.6062736;-0.03038477;73.5020000
11867.000579834;73.5756569;73.5759349;-0.03037209;73.4710000
11868.0009841919;73.5446250;73.5452385;-0.03060434;73.4400000
11869.0004348755;73.5136250;73.5141844;-0.03088567;73.4090000
11870.0008392334;73.4826250;73.4830708;-0.03100926;73.3780000
11871.000289917;73.4516250;73.4520168;-0.0310208;73.3470000
11872.0006942749;73.4206250;73.4210224;-0.03101523;73.3160000
11873.0001449585;73.3896250;73.3900280;-0.03099681;73.2840000
11874.0005493164;73.3586032;73.3589740;-0.03104243;73.2530000
11875.0009536743;73.3277539;73.3280391;-0.03095496;73.2210000
11876.0004043579;73.2959030;73.2965083;-0.03136228;73.1890000
11877.0008087158;73.2647002;73.2645602;-0.03171035;73.1580000
11878.0002593994;73.2330537;73.2327313;-0.03182318;73.1260000
11879.0006637573;73.2008711;73.2003660;-0.03216716;73.0940000
11880.0001144409;73.1697002;73.1683583;-0.03203378;73.0620000
11881.0005187988;73.1380319;73.1369467;-0.03167091;73.0300000
11882.0009231567;73.1060000;73.1048197;-0.03198574;72.9980000
11883.0003738403;73.0740000;73.0725140;-0.03218577;72.9660000
11884.0007781982;73.0420000;73.0400891;-0.03233952;72.9330000
11885.0002288818;73.0099782;73.0078430;-0.03225678;72.9010000
11886.0006332397;72.9781289;72.9758949;-0.03205769;72.8690000
11887.0010375977;72.9452998;72.9437084;-0.03219014;72.8360000
11888.0004882813;72.9129463;72.9111047;-0.03242486;72.8040000
11889.0008926392;72.8811289;72.8792758;-0.03203289;72.7710000
11890.0003433228;72.8482780;72.8471489;-0.03211445;72.7380000
11891.0007476807;72.8160752;72.8150220;-0.03209012;72.7050000
11892.0001983643;72.7834069;72.7828951;-0.03213308;72.6720000
11893.0006027222;72.7503750;72.7502913;-0.03245131;72.6390000
11894.0010070801;72.7173750;72.7172107;-0.03284412;72.6060000
11895.0004577637;72.6843750;72.6843090;-0.03288445;72.5730000
11896.0008621216;72.6513750;72.6515860;-0.03276749;72.5400000
11897.0003128052;72.6183750;72.6188035;-0.03279852;72.5070000
11898.0007171631;72.5853750;72.5860805;-0.03275226;72.4730000
11899.0001678467;72.5523532;72.5530596;-0.03293306;72.4400000
11900.0005722046;72.5195039;72.5202174;-0.03287153;72.4060000
11901.0009765625;72.4856530;72.4868984;-0.03318376;72.3730000
11902.0004272461;72.4524720;72.4531026;-0.03351833;72.3390000
11903.000831604;72.4186530;72.4193663;-0.03367515;72.3050000
11904.0002822876;72.3854502;72.3856301;-0.03367593;72.2710000
11905.0006866455;72.3517819;72.3522515;-0.0334886;72.2370000
11906.0001373291;72.3177500;72.3182173;-0.03384209;72.2030000
11907.000541687;72.2837500;72.2838850;-0.03418593;72.1690000
11908.0009460449;72.2497500;72.2494335;-0.03435933;72.1350000
11909.0003967285;72.2157500;72.2148628;-0.03447195;72.1010000
11910.0008010864;72.1817500;72.1805305;-0.03438209;72.0660000
11911.00025177;72.1477282;72.1463771;-0.03421371;72.0320000
11912.0006561279;72.1138789;72.1122832;-0.03414821;71.9970000
11913.0001068115;72.0790280;72.0775933;-0.03451788;71.9630000
11914.0005111694;72.0448470;72.0424862;-0.03484757;71.9280000
11915.0009155273;72.0100280;72.0074982;-0.03494292;71.8940000
11916.0003662109;71.9758470;71.9728083;-0.03473349;71.8590000
11917.0007705688;71.9410280;71.9384761;-0.03451108;71.8240000
11918.0002212524;71.9068252;71.9041438;-0.03437267;71.7890000
11919.0006256104;71.8721569;71.8700499;-0.03422946;71.7540000
11920.0010299683;71.8371250;71.8353004;-0.03454461;71.7190000
11921.0004806519;71.8021250;71.8003125;-0.03484918;71.6840000
11922.0008850098;71.7671250;71.7653842;-0.03489928;71.6480000
11923.0003356934;71.7321032;71.7305155;-0.03486377;71.6130000
11924.0007400513;71.6972539;71.6958255;-0.03473845;71.5780000
11925.0001907349;71.6614248;71.6609568;-0.03485356;71.5420000
11926.0005950928;71.6260713;71.6257305;-0.03506373;71.5060000
11927.0009994507;71.5912321;71.5909214;-0.03488934;71.4710000
11928.0004501343;71.5555537;71.5558738;-0.03503318;71.4350000
11929.0008544922;71.5193711;71.5199918;-0.03555858;71.3990000
11930.0003051758;71.4842002;71.4842887;-0.03559338;71.3630000
11931.0007095337;71.4485319;71.4489431;-0.03545877;71.3270000
11932.0001602173;71.4125000;71.4130015;-0.03579214;71.2910000
11933.0005645752;71.3765000;71.3768811;-0.03600792;71.2550000
11934.0009689331;71.3405000;71.3407011;-0.03608385;71.2190000
11935.0004196167;71.3045000;71.3046403;-0.03607259;71.1830000
11936.0008239746;71.2685000;71.2685795;-0.03607674;71.1460000
11937.0002746582;71.2324782;71.2325783;-0.03603895;71.1100000
11938.0006790161;71.1966289;71.1965770;-0.03600756;71.0730000
11939.0001296997;71.1597780;71.1598606;-0.0364926;71.0370000
11940.0005340576;71.1235970;71.1228461;-0.03676319;71.0000000
11941.0009384155;71.0867780;71.0858912;-0.03690302;70.9630000
11942.0003890991;71.0505752;71.0488767;-0.03693597;70.9260000
11943.000793457;71.0139069;71.0123391;-0.03668804;70.8900000
11944.0002441406;70.9768968;70.9752054;-0.03695162;70.8530000
11945.0006484985;70.9397461;70.9378929;-0.03717093;70.8160000
11946.0000991821;70.9035752;70.9010572;-0.03690759;70.7780000
11947.00050354;70.8668851;70.8648772;-0.03648359;70.7410000
11948.0009078979;70.8300039;70.8285184;-0.03640699;70.7040000
11949.0003585815;70.7921748;70.7915039;-0.03682797;70.6670000
11950.0007629395;70.7548431;70.7539530;-0.037248;70.6290000
11951.000213623;70.7178532;70.7169385;-0.03706449;70.5920000
11952.000617981;70.6810039;70.6804008;-0.03674215;70.5540000
11953.0010223389;70.6431530;70.6436248;-0.0368275;70.5160000
11954.0004730225;70.6059502;70.6063719;-0.03709532;70.4790000
11955.0008773804;70.5683037;70.5690593;-0.03724384;70.4410000
11956.000328064;70.5301211;70.5309124;-0.03782778;70.4030000
11957.0007324219;70.4929502;70.4931826;-0.03773149;70.3650000
11958.0001831055;70.4552819;70.4559297;-0.03746524;70.3270000
11959.0005874634;70.4172500;70.4181404;-0.03767399;70.2890000
11960.0009918213;70.3792500;70.3799934;-0.03796497;70.2510000
11961.0004425049;70.3412500;70.3417272;-0.03815844;70.2120000
11962.0008468628;70.3032282;70.3035207;-0.03817633;70.1740000
11963.0002975464;70.2653789;70.2653141;-0.03818095;70.1350000
11964.0007019043;70.2265280;70.2265711;-0.03858358;70.0970000
11965.0001525879;70.1883470;70.1874108;-0.03890676;70.0580000
11966.0005569458;70.1495280;70.1484294;-0.03899683;70.0200000
11967.0009613037;70.1113470;70.1094479;-0.03897417;69.9810000
11968.0004119873;70.0725280;70.0706453;-0.03889449;69.9420000
11969.0008163452;70.0343252;70.0317831;-0.03883957;69.9030000
11970.0002670288;69.9956569;69.9933381;-0.03860972;69.8640000
11971.0006713867;69.9566250;69.9544162;-0.03881638;69.8250000
11972.0001220703;69.9176250;69.9151964;-0.03908112;69.7860000
11973.0005264282;69.8786250;69.8759169;-0.03918306;69.7470000
11974.0009307861;69.8396250;69.8369951;-0.03898976;69.7080000
11975.0003814697;69.8006250;69.7983117;-0.03878842;69.6680000
11976.0007858276;69.7616032;69.7598071;-0.03861764;69.6290000
11977.0002365112;69.7227539;69.7213621;-0.03851688;69.5890000
11978.0006408691;69.6829030;69.6823806;-0.03883737;69.5500000
11979.0010452271;69.6437220;69.6428628;-0.03922028;69.5100000
11980.0004959106;69.6039030;69.6034641;-0.03936706;69.4710000
11981.0009002686;69.5647220;69.5640058;-0.03938279;69.4310000
11982.0003509521;69.5249030;69.5247860;-0.03930572;69.3910000
11983.0007553101;69.4857002;69.4855661;-0.03924736;69.3510000
11984.0002059937;69.4460319;69.4465251;-0.03916141;69.3110000
11985.0006103516;69.4060000;69.4065900;-0.03967093;69.2710000
11986.0010147095;69.3660000;69.3664164;-0.04000403;69.2310000
11987.0004653931;69.3260000;69.3263025;-0.04005725;69.1900000
11988.000869751;69.2859782;69.2860098;-0.04020541;69.1500000
11989.0003204346;69.2461289;69.2457170;-0.04027674;69.1100000
11990.0007247925;69.2052998;69.2050070;-0.04060787;69.0690000
11991.0001754761;69.1649463;69.1640587;-0.04077128;69.0290000
11992.000579834;69.1251289;69.1237063;-0.04048876;68.9880000
11993.0009841919;69.0842780;69.0831156;-0.04061258;68.9470000
11994.0004348755;69.0440752;69.0422864;-0.04071021;68.9070000
11995.0008392334;69.0034287;69.0015764;-0.04071577;68.8660000
11996.000289917;68.9622461;68.9604492;-0.04096496;68.8250000
11997.0006942749;68.9220752;68.9197392;-0.04073473;68.7840000
11998.0001449585;68.8814069;68.8794465;-0.04049473;68.7430000
11999.0005493164;68.8403750;68.8387961;-0.04061821;68.7020000
12000.0009536743;68.7993750;68.7980861;-0.04068963;68.6610000
12001.0004043579;68.7583750;68.7573762;-0.04068641;68.6190000
12002.0008087158;68.7173532;68.7166066;-0.04073875;68.5780000
12003.0002593994;68.6765039;68.6760754;-0.04064532;68.5370000
12004.0006637573;68.6346748;68.6350674;-0.04091212;68.4950000
12005.0001144409;68.5933213;68.5934634;-0.04129483;68.4540000
12006.0005187988;68.5525039;68.5525150;-0.04106344;68.4120000
12007.0009231567;68.5106530;68.5115666;-0.04104242;68.3700000
12008.0003738403;68.4694502;68.4700818;-0.04127576;68.3280000
12009.0007781982;68.4277819;68.4286566;-0.04140414;68.2870000
12010.0002288818;68.3857718;68.3863969;-0.04194086;68.2450000
12011.0006332397;68.3436211;68.3438987;-0.04229585;68.2030000
12012.0010375977;68.3024502;68.3021755;-0.04188124;68.1610000
12013.0004882813;68.2607819;68.2609291;-0.04151211;68.1180000
12014.0008926392;68.2187282;68.2189078;-0.04186135;68.0760000
12015.0003433228;68.1768789;68.1765885;-0.04217871;68.0340000
12016.0007476807;68.1340498;68.1336732;-0.04267042;67.9920000
12017.0001983643;68.0917181;68.0902810;-0.04310839;67.9490000
12018.0006027222;68.0497282;68.0477233;-0.04275335;67.9070000
12019.0010070801;68.0078789;68.0055232;-0.04239142;67.8640000
12020.0004577637;67.9650280;67.9631443;-0.04244145;67.8210000
12021.0008621216;67.9228252;67.9205270;-0.04253666;67.7790000
12022.0003128052;67.8801787;67.8779692;-0.04256733;67.7360000
12023.0007171631;67.8369961;67.8348751;-0.04288644;67.6930000
12024.0001678467;67.7948252;67.7924366;-0.04255595;67.6500000
12025.0005722046;67.7521569;67.7505345;-0.04217722;67.6070000
12026.0009765625;67.7091250;67.7082152;-0.04228037;67.5640000
12027.0004272461;67.6661250;67.6655383;-0.04253661;67.5640000
12028.000831604;67.6240633;67.6226229;-0.04281453;67.4780000
12029.0002822876;67.5736425;67.5766678;-0.04479574;67.4340000
12030.0006866455;67.5727572;67.5548525;-0.02868845;67.3910000
12031.0001373291;67.5085155;67.5292821;-0.0295682;67.3480000
12032.000541687;67.4490535;67.4628825;-0.05225024;67.3040000
12033.0009460449;67.4070713;67.4057216;-0.05461781;67.2610000
12034.0003967285;67.3642539;67.3589916;-0.04948042;67.2170000
12035.0008010864;67.3204030;67.3164935;-0.04514223;67.1730000
12036.00025177;67.2772002;67.2753067;-0.04268817;67.1290000
12037.0006561279;67.2335319;67.2334046;-0.04231163;67.0860000
12038.0001068115;67.1895218;67.1896548;-0.04326424;67.0420000
12039.0005111694;67.1453711;67.1444149;-0.04448304;66.9980000
12040.0009155273;67.1022002;67.1000094;-0.04433717;66.9540000
12041.0003662109;67.0585319;67.0572729;-0.04332771;66.9090000
12042.0007705688;67.0144782;67.0145960;-0.04297596;66.8650000
12043.0002212524;66.9706289;66.9710250;-0.0434049;66.8210000
12044.0006256104;66.9257998;66.9259042;-0.04455283;66.7770000
12045.0010299683;66.8814681;66.8799491;-0.04537601;66.7320000
12046.0004806519;66.8374782;66.8347687;-0.04521417;66.6880000
12047.0008850098;66.7936289;66.7907805;-0.04443603;66.6430000
12048.0003356934;66.7487780;66.7469711;-0.04408512;66.5990000
12049.0007400513;66.7045970;66.7031617;-0.04389444;66.5540000
12050.0001907349;66.6597780;66.6594715;-0.04379275;66.5090000
12051.0005950928;66.6155752;66.6153640;-0.04398105;66.4640000
12052.0009994507;66.5709069;66.5712566;-0.04409182;66.4190000
12053.0004501343;66.5258750;66.5262551;-0.04465831;66.3740000
12054.0008544922;66.4808750;66.4810152;-0.04502637;66.3290000
12055.0003051758;66.4358750;66.4358945;-0.0450916;66.2840000
12056.0007095337;66.3908750;66.3910122;-0.04495361;66.2390000
12057.0001602173;66.3458750;66.3463087;-0.04478719;66.1940000
12058.0005645752;66.3008750;66.3016648;-0.04473395;66.1490000
12059.0009689331;66.2558750;66.2569017;-0.044759;66.1030000
12060.0004196167;66.2108532;66.2116618;-0.04504327;66.0580000
12061.0008239746;66.1660039;66.1661238;-0.04536842;66.0120000
12062.0002746582;66.1201530;66.1199302;-0.04592079;65.9670000
12063.0006790161;66.0749720;66.0733194;-0.04633033;65.9210000
12064.0001296997;66.0291530;66.0269470;-0.04635685;65.8750000
12065.0005340576;65.9839502;65.9810514;-0.04601264;65.8290000
12066.0009384155;65.9382819;65.9356327;-0.0456402;65.7840000
12067.0003890991;65.8922718;65.8897371;-0.04581525;65.7380000
12068.000793457;65.8461211;65.8438415;-0.04589134;65.6920000
12069.0002441406;65.8009502;65.7987208;-0.04535203;65.6460000
12070.0006484985;65.7552819;65.7538385;-0.04509228;65.6000000
12071.0000991821;65.7092500;65.7084198;-0.04529609;65.5530000
12072.00050354;65.6632282;65.6624050;-0.04575202;65.5070000
12073.0009078979;65.6173789;65.6165690;-0.04581741;65.4610000
12074.0003585815;65.5705498;65.5701370;-0.04624055;65.4140000
12075.0007629395;65.5241963;65.5234070;-0.04650144;65.3680000
12076.000213623;65.4783789;65.4775710;-0.04604355;65.3210000
12077.000617981;65.4315280;65.4317350;-0.04595737;65.2750000
12078.0010223389;65.3853470;65.3856010;-0.04604395;65.2280000
12079.0004730225;65.3385280;65.3393478;-0.04617271;65.1810000
12080.0008773804;65.2923252;65.2927966;-0.04638617;65.1350000
12081.000328064;65.2456787;65.2463050;-0.04648414;65.0880000
12082.0007324219;65.1984961;65.1989193;-0.04704968;65.0410000
12083.0001831055;65.1523252;65.1517124;-0.04711219;64.9940000
12084.0005874634;65.1056569;65.1049227;-0.04692902;64.9470000
12085.0009918213;65.0586250;65.0575967;-0.04717993;64.9000000
12086.0004425049;65.0116250;65.0102110;-0.04727291;64.8520000
12087.0008468628;64.9646032;64.9628849;-0.04729316;64.8050000
12088.0002975464;64.9177539;64.9159164;-0.04710097;64.7580000
12089.0007019043;64.8699248;64.8686499;-0.04724189;64.7110000
12090.0001525879;64.8225931;64.8211450;-0.04737773;64.6630000
12091.0005569458;64.7756032;64.7745342;-0.0468765;64.6160000
12092.0009613037;64.7287539;64.7281022;-0.04659551;64.5680000
12093.0004119873;64.6809030;64.6813125;-0.04677284;64.5200000
12094.0008163452;64.6337002;64.6342845;-0.04689399;64.4730000
12095.0002670288;64.5860537;64.5870180;-0.04713181;64.4250000
12096.0006713867;64.5378711;64.5389766;-0.047708;64.3770000
12097.0001220703;64.4907002;64.4911141;-0.04776298;64.3290000
12098.0005264282;64.4430319;64.4438476;-0.047472;64.2810000
12099.0009307861;64.3950000;64.3961639;-0.0476211;64.2330000
12100.0003814697;64.3470000;64.3481822;-0.04785643;64.1850000
12101.0007858276;64.2990000;64.3000812;-0.04803197;64.1370000
12102.0002365112;64.2510000;64.2516823;-0.04827119;64.0890000
12103.0006408691;64.2030000;64.2031045;-0.04848429;64.0400000
12104.0010452271;64.1549782;64.1545267;-0.04857258;63.9920000
12105.0004959106;64.1071289;64.1062469;-0.04841128;63.9440000
12106.0009002686;64.0582998;64.0574903;-0.04867736;63.8950000
12107.0003509521;64.0099463;64.0083165;-0.04892787;63.8470000
12108.0007553101;63.9621289;63.9598579;-0.04860675;63.7980000
12109.0002059937;63.9132780;63.9113993;-0.04857802;63.7490000
12110.0006103516;63.8650752;63.8628216;-0.04855794;63.7010000
12111.0010147095;63.8164287;63.8144226;-0.04849267;63.6520000
12112.0004653931;63.7672461;63.7657256;-0.04864323;63.6030000
12113.000869751;63.7190752;63.7173862;-0.04839789;63.5540000
12114.0003204346;63.6704069;63.6695237;-0.04807957;63.5050000
12115.0007247925;63.6213750;63.6210651;-0.04833848;63.4560000
12116.0001754761;63.5723750;63.5723085;-0.04861974;63.4070000
12117.000579834;63.5233750;63.5234923;-0.04872897;63.3580000
12118.0009841919;63.4743750;63.4746165;-0.04879697;63.3090000
12119.0004348755;63.4253750;63.4258003;-0.04880437;63.2590000
12120.0008392334;63.3763532;63.3768649;-0.04887928;63.2100000
12121.000289917;63.3275039;63.3280487;-0.04880587;63.1600000
12122.0006942749;63.2776530;63.2785172;-0.04928407;63.1110000
12123.0001449585;63.2284720;63.2285089;-0.04970043;63.0610000
12124.0005493164;63.1786530;63.1786198;-0.04984423;63.0120000
12125.0009536743;63.1294720;63.1287307;-0.04982851;63.0120000
12126.0004043579;63.0807440;63.0789609;-0.04984517;62.9120000
12127.0008087158;63.0229124;63.0254359;-0.0521302;62.8630000
12128.0002593994;63.0222618;62.9997463;-0.03369033;62.8130000
12129.0006637573;62.9472043;62.9688115;-0.03512994;62.7630000
12130.0001144409;62.8798557;62.8937692;-0.05954061;62.7130000
12131.0005187988;62.8317819;62.8296942;-0.06163409;62.6630000
12132.0009231567;62.7817500;62.7755136;-0.05670594;62.6130000
12133.0003738403;62.7317500;62.7267570;-0.0516942;62.5630000
12134.0007781982;62.6817500;62.6802058;-0.04854798;62.5130000
12135.0002288818;62.6317500;62.6324625;-0.04812426;62.4620000
12136.0006332397;62.5817282;62.5827522;-0.04918203;62.4120000
12137.0010375977;62.5318789;62.5320286;-0.05013027;62.3620000
12138.0004882813;62.4810498;62.4809475;-0.05072505;62.3110000
12139.0008926392;62.4306963;62.4304623;-0.05051358;62.2610000
12140.0003433228;62.3808789;62.3812289;-0.04967958;62.2100000
12141.0007476807;62.3300280;62.3320551;-0.04942442;62.1590000
12142.0001983643;62.2798252;62.2818083;-0.04993322;62.1090000
12143.0006027222;62.2291787;62.2306676;-0.05072097;62.0580000
12144.0010070801;62.1779961;62.1781559;-0.05183171;62.0070000
12145.0004577637;62.1278252;62.1258230;-0.05205112;61.9560000
12146.0008621216;62.0771569;62.0743842;-0.05163062;61.9050000
12147.0003128052;62.0261250;62.0232434;-0.05129554;61.8540000
12148.0007171631;61.9751250;61.9725795;-0.05089774;61.8030000
12149.0001678467;61.9241250;61.9220943;-0.05067044;61.7520000
12150.0005722046;61.8731250;61.8716092;-0.0505606;61.7010000
12151.0009765625;61.8221250;61.8208260;-0.05071024;61.6500000
12152.0004272461;61.7711250;61.7697448;-0.0509388;61.5990000
12153.000831604;61.7201250;61.7184849;-0.05113162;61.5470000
12154.0002822876;61.6691032;61.6675825;-0.05097553;61.4960000
12155.0006866455;61.6182539;61.6172166;-0.05060303;61.4450000
12156.0001373291;61.5664248;61.5666122;-0.05067583;61.3930000
12157.000541687;61.5150713;61.5155310;-0.05090839;61.3410000
12158.0009460449;61.4642321;61.4647479;-0.05079607;61.2900000
12159.0003967285;61.4125537;61.4135475;-0.0511051;61.2380000
12160.0008010864;61.3603711;61.3610954;-0.05198269;61.1860000
12161.00025177;61.3092002;61.3088221;-0.05210521;61.1350000
12162.0006561279;61.2575537;61.2570853;-0.05187979;61.0830000
12163.0001068115;61.2053711;61.2049312;-0.05204406;61.0310000
12164.0005111694;61.1542002;61.1531348;-0.05184434;60.9790000
12165.0009155273;61.1025319;61.1016364;-0.05163846;60.9270000
12166.0003662109;61.0505000;61.0494823;-0.05198457;60.8750000
12167.0007705688;60.9985000;60.9972686;-0.05213868;60.8230000
12168.0002212524;60.9465000;60.9449954;-0.05221305;60.7710000
12169.0006256104;60.8945000;60.8926625;-0.05227066;60.7180000
12170.0010299683;60.8424782;60.8404488;-0.05221333;60.6660000
12171.0004806519;60.7906289;60.7885928;-0.05197616;60.6140000
12172.0008850098;60.7377998;60.7363195;-0.05218393;60.5610000
12173.0003356934;60.6854463;60.6838078;-0.052354;60.5090000
12174.0007400513;60.6336289;60.6323094;-0.05177992;60.4560000
12175.0001907349;60.5807780;60.5807514;-0.05167907;60.4040000
12176.0005950928;60.5285970;60.5287761;-0.05185108;60.3510000
12177.0009994507;60.4757780;60.4766817;-0.05203332;60.2980000
12178.0004501343;60.4235752;60.4242892;-0.05222344;60.2460000
12179.0008544922;60.3709287;60.3718967;-0.05237103;60.1930000
12180.0003051758;60.3177461;60.3187294;-0.05290925;60.1400000
12181.0007095337;60.2655752;60.2658004;-0.05288091;60.0870000
12182.0001602173;60.2129069;60.2128715;-0.05293798;60.0340000
12183.0005645752;60.1598750;60.1594658;-0.05325817;59.9810000
12184.0009689331;60.1068750;60.1058216;-0.05352575;59.9280000
12185.0004196167;60.0538750;60.0521178;-0.05363232;59.8750000
12186.0008239746;60.0008750;59.9987120;-0.0534683;59.8220000
12187.0002746582;59.9478750;59.9456639;-0.05318908;59.7690000
12188.0006790161;59.8948750;59.8927946;-0.05297535;59.7150000
12189.0001296997;59.8418532;59.8398657;-0.05294455;59.6620000
12190.0005340576;59.7890039;59.7873540;-0.05266425;59.6090000
12191.0009384155;59.7351748;59.7342462;-0.05297276;59.5550000
12192.0003890991;59.6818213;59.6807809;-0.05324581;59.5020000
12193.000793457;59.6290039;59.6280307;-0.05291877;59.4480000
12194.0002441406;59.5751530;59.5751018;-0.05297269;59.3950000
12195.0006484985;59.5219720;59.5218749;-0.05310256;59.3410000
12196.0010528564;59.4681530;59.4685883;-0.05326064;59.2870000
12197.00050354;59.4149502;59.4151230;-0.05339189;59.2340000
12198.0009078979;59.3613037;59.3618364;-0.05334581;59.1800000
12199.0003585815;59.3071211;59.3078942;-0.05372049;59.1260000
12200.0007629395;59.2539502;59.2540116;-0.05375649;59.0720000
12201.000213623;59.2002819;59.2003078;-0.05374025;59.0180000
12202.000617981;59.1462500;59.1461272;-0.05402454;58.9640000
12203.0010223389;59.0922500;59.0915889;-0.05433159;58.9100000
12204.0004730225;59.0382500;59.0366931;-0.05467968;58.8560000
12205.0008773804;58.9842500;58.9821548;-0.05459522;58.8020000
12206.000328064;58.9302500;58.9278550;-0.05441322;58.7480000
12207.0007324219;58.8762500;58.8738532;-0.05418383;58.6930000
12208.0001831055;58.8222282;58.8202090;-0.05381876;58.6390000
12209.0005874634;58.7683789;58.7668032;-0.05354119;58.5850000
12210.0009918213;58.7135498;58.7131591;-0.05363467;58.5300000
12211.0004425049;58.6591963;58.6589784;-0.05395451;58.4760000
12212.0008468628;58.6053789;58.6052150;-0.0538171;58.4210000
12213.0002975464;58.5505280;58.5511536;-0.05403205;58.3670000
12214.0007019043;58.4963470;58.4967942;-0.05423095;58.3120000
12215.0001525879;58.4415280;58.4423156;-0.05442926;58.2570000
12216.0005569458;58.3873252;58.3877177;-0.05449589;58.2030000
12217.0009613037;58.3326787;58.3332391;-0.05451069;58.1480000
12218.0004119873;58.2774961;58.2782836;-0.05479787;58.0930000
12219.0008163452;58.2233252;58.2232685;-0.05488429;58.0380000
12220.0002670288;58.1686569;58.1687302;-0.05468281;57.9830000
12221.0006713867;58.1136250;58.1135959;-0.05497473;57.9280000
12222.0001220703;58.0586250;58.0580444;-0.05531693;57.8730000
12223.0005264282;58.0036250;58.0023141;-0.05555141;57.8180000
12224.0009307861;57.9486250;57.9468221;-0.05551332;57.7630000
12225.0003814697;57.8936250;57.8916282;-0.0553011;57.7080000
12226.0007858276;57.8386250;57.8366132;-0.05510774;57.6530000
12227.0002365112;57.7836250;57.7818365;-0.05490238;57.5980000
12228.0006408691;57.7286250;57.7272386;-0.05471682;57.5420000
12229.0010452271;57.6736032;57.6728792;-0.05447926;57.4870000
12230.0004959106;57.6187539;57.6185794;-0.05438363;57.4320000
12231.0009002686;57.5629248;57.5636239;-0.05479433;57.3760000
12232.0003509521;57.5075713;57.5080723;-0.05523399;57.3210000
12233.0007553101;57.4527539;57.4530573;-0.05507624;57.2650000
12234.0002059937;57.3969030;57.3977442;-0.05526128;57.2100000
12235.0006103516;57.3417220;57.3420138;-0.05549379;57.1540000
12236.0010147095;57.2859030;57.2864027;-0.05559054;57.0980000
12237.0004653931;57.2307002;57.2307915;-0.0555767;57.0430000
12238.000869751;57.1750537;57.1752996;-0.05555488;56.9870000
12239.0003204346;57.1188711;57.1189732;-0.05605479;56.9310000
12240.0007247925;57.0637002;57.0627660;-0.05608688;56.8750000
12241.0001754761;57.0080319;57.0069165;-0.05593463;56.8190000
12242.000579834;56.9520000;56.9507093;-0.05609145;56.7630000
12243.0009841919;56.8960000;56.8943829;-0.0562217;56.7070000
12244.0004348755;56.8400000;56.8382354;-0.05618222;56.6510000
12245.0008392334;56.7840000;56.7824454;-0.05595683;56.5950000
12246.000289917;56.7280000;56.7267747;-0.0557656;56.5390000
12247.0006942749;56.6720000;56.6711635;-0.05567134;56.4830000
12248.0001449585;56.6160000;56.6157312;-0.05555204;56.4270000
12249.0005493164;56.5600000;56.5602393;-0.05552748;56.3700000
12250.0009536743;56.5039782;56.5045685;-0.05559373;56.3140000
12251.0004043579;56.4481289;56.4488382;-0.05569245;56.2580000
12252.0008087158;56.3912998;56.3925118;-0.05617727;56.2010000
12253.0002593994;56.3349463;56.3356490;-0.05659716;56.1450000
12254.0006637573;56.2791289;56.2793226;-0.05639606;56.0880000
12255.0001144409;56.2222780;56.2227578;-0.05655918;56.0320000
12256.0005187988;56.1660970;56.1660142;-0.05669856;55.9750000
12257.0009231567;56.1092780;56.1091513;-0.05683504;55.9190000
12258.0003738403;56.0530970;56.0521097;-0.05693584;55.8620000
12259.0007781982;55.9962780;55.9952469;-0.05691531;55.8050000
12260.0002288818;55.9400752;55.9386224;-0.05669102;55.7490000
12261.0006332397;55.8834287;55.8821172;-0.0565677;55.6920000
12262.0010375977;55.8262461;55.8250160;-0.05688323;55.6350000
12263.0004882813;55.7700752;55.7684512;-0.05662927;55.5780000
12264.0008926392;55.7134069;55.7124824;-0.05622668;55.5210000
12265.0003433228;55.6563750;55.6560964;-0.05632052;55.4640000
12266.0007476807;55.5993750;55.5995316;-0.05648598;55.4070000
12267.0001983643;55.5423750;55.5428476;-0.05661087;55.3500000
12268.0006027222;55.4853750;55.4857464;-0.05690103;55.2930000
12269.0010070801;55.4283750;55.4287643;-0.05697431;55.2360000
12270.0004577637;55.3713750;55.3718419;-0.05694405;55.1790000
12271.0008621216;55.3143750;55.3149790;-0.05689568;55.1220000
12272.0003128052;55.2573750;55.2580566;-0.056916;55.0640000
12273.0007171631;55.2003532;55.2007765;-0.05713211;55.0070000
12274.0001678467;55.1435039;55.1434369;-0.05725181;54.9500000
12275.0005722046;55.0856748;55.0855012;-0.05771006;54.8920000
12276.0009765625;55.0283213;55.0271482;-0.05806973;54.8350000
12277.0004272461;54.9715039;54.9696297;-0.05769563;54.7770000
12278.000831604;54.9136530;54.9120517;-0.05767127;54.7200000
12279.0002822876;54.8564720;54.8543544;-0.05764994;54.6620000
12280.0006866455;54.7986530;54.7968955;-0.05754468;54.6050000
12281.0001373291;54.7414720;54.7396750;-0.05732745;54.5470000
12282.000541687;54.6836530;54.6828718;-0.05703071;54.4900000
12283.0009460449;54.6264720;54.6261282;-0.05680148;54.4320000
12284.0003967285;54.5686530;54.5692653;-0.05685797;54.3740000
12285.0008010864;54.5114502;54.5121641;-0.05698721;54.3160000
12286.00025177;54.4537819;54.4549436;-0.0571301;54.2580000
12287.0006561279;54.3957500;54.3970675;-0.0575995;54.2010000
12288.0001068115;54.3377718;54.3388934;-0.05795787;54.1430000
12289.0005111694;54.2796211;54.2806596;-0.05816528;54.0850000
12290.0009155273;54.2224502;54.2227239;-0.05798689;54.0270000
12291.0003662109;54.1647819;54.1652055;-0.05771049;53.9690000
12292.0007705688;54.1067500;54.1071505;-0.05792781;53.9110000
12293.0002212524;54.0487500;54.0484400;-0.05843648;53.8530000
12294.0006256104;53.9907500;53.9899082;-0.05851108;53.7950000
12295.0010299683;53.9327500;53.9313764;-0.05850996;53.7360000
12296.0004806519;53.8747282;53.8730831;-0.05835588;53.6780000
12297.0008850098;53.8168789;53.8151474;-0.05807769;53.6200000
12298.0003356934;53.7580498;53.7572713;-0.05798775;53.5620000
12299.0007400513;53.6997181;53.6989183;-0.05816713;53.5030000
12300.0001907349;53.6417282;53.6411018;-0.05792974;53.4450000
12301.0005950928;53.5838789;53.5836429;-0.05765396;53.3870000
12302.0009994507;53.5250498;53.5257072;-0.05786605;53.3280000
12303.0004501343;53.4666963;53.4672351;-0.05819511;53.2700000
12304.0008544922;53.4088789;53.4092993;-0.0580257;53.2110000
12305.0003051758;53.3500280;53.3512444;-0.05809842;53.1530000
12306.0007095337;53.2918470;53.2928915;-0.05823164;53.0940000
12307.0001602173;53.2330280;53.2343597;-0.05845745;53.0360000
12308.0005645752;53.1748470;53.1752915;-0.05882468;52.9770000
12309.0009689331;53.1160280;53.1162233;-0.05902207;52.9180000
12310.0004196167;53.0578252;53.0571551;-0.05901883;52.8590000
12311.0008239746;52.9991569;52.9981465;-0.05901652;52.8010000
12312.0002746582;52.9401468;52.9388995;-0.05916226;52.7420000
12313.0006790161;52.8809961;52.8794141;-0.05936133;52.6830000
12314.0001296997;52.8228252;52.8206439;-0.05895484;52.6240000
12315.0005340576;52.7641569;52.7627678;-0.0583099;52.5650000
12316.0009384155;52.7051250;52.7045936;-0.05822995;52.5060000
12317.0003890991;52.6461250;52.6461215;-0.05837805;52.4480000
12318.000793457;52.5871468;52.5874705;-0.05852623;52.3890000
12319.0002441406;52.5279961;52.5285215;-0.0587824;52.3300000
12320.0006484985;52.4698252;52.4702878;-0.05839353;52.2700000
12321.0010528564;52.4111351;52.4122925;-0.05818619;52.2110000
12322.00050354;52.3522539;52.3536415;-0.05850831;52.1520000
12323.0009078979;52.2924248;52.2940964;-0.05922874;52.0930000
12324.0003585815;52.2330931;52.2338361;-0.05983777;52.0340000
12325.0007629395;52.1741250;52.1738739;-0.05988998;51.9750000
12326.000213623;52.1151250;52.1143884;-0.05963246;51.9150000
12327.000617981;52.0561032;52.0550222;-0.05947487;51.8560000
12328.0010223389;51.9972539;51.9958944;-0.05927688;51.7970000
12329.0004730225;51.9374248;51.9362302;-0.05954709;51.7370000
12330.0008773804;51.8780713;51.8762679;-0.05976848;51.6780000
12331.000328064;51.8192539;51.8170805;-0.05934645;51.6190000
12332.0007324219;51.7594248;51.7578931;-0.05928642;51.5590000
12333.0001831055;51.7000713;51.6985268;-0.05930519;51.5000000
12334.0005874634;51.6412539;51.6400547;-0.05874679;51.4400000
12335.0009918213;51.5814030;51.5814037;-0.05872397;51.3810000
12336.0004425049;51.5222220;51.5223355;-0.05892111;51.3210000
12337.0008468628;51.4624030;51.4630289;-0.05920769;51.2610000
12338.0002975464;51.4032002;51.4035434;-0.05934443;51.2020000
12339.0007019043;51.3435537;51.3439984;-0.05951101;51.1420000
12340.0001525879;51.2833711;51.2839765;-0.0598569;51.0820000
12341.0005569458;51.2242002;51.2240739;-0.05987238;51.0230000
12342.0009613037;51.1645537;51.1646480;-0.05968044;50.9630000
12343.0004119873;51.1043711;51.1045069;-0.0599924;50.9030000
12344.0008163452;51.0452002;51.0442466;-0.06009528;50.8430000
12345.0002670288;50.9855319;50.9844036;-0.05994511;50.7830000
12346.0006713867;50.9255000;50.9241433;-0.06016912;50.7240000
12347.0001220703;50.8655218;50.8638234;-0.0602751;50.6640000
12348.0005264282;50.8053711;50.8038015;-0.06012458;50.6040000
12349.0009307861;50.7462002;50.7444353;-0.05962706;50.5440000
12350.0003814697;50.6865319;50.6857843;-0.0590442;50.4840000
12351.0007858276;50.6265000;50.6266565;-0.05911165;50.4240000
12352.0002365112;50.5665000;50.5671711;-0.05933393;50.3640000
12353.0006408691;50.5065000;50.5072684;-0.0596995;50.3040000
12354.0010452271;50.4465000;50.4473657;-0.05984202;50.2430000
12355.0004959106;50.3864782;50.3876419;-0.05973882;50.1830000
12356.0009002686;50.3266289;50.3277392;-0.05980082;50.1230000
12357.0003509521;50.2657998;50.2671809;-0.06031996;50.0630000
12358.0007553101;50.2054681;50.2059669;-0.06083759;50.0030000
12359.0002059937;50.1455000;50.1451702;-0.0607801;49.9420000
12360.0006103516;50.0854782;50.0846715;-0.06059698;49.8820000
12361.0010147095;50.0256289;50.0243516;-0.06042339;49.8220000
12362.0004653931;49.9647998;49.9636740;-0.0606405;49.7610000
12363.000869751;49.9044463;49.9026985;-0.06084822;49.7010000
12364.0003204346;49.8446289;49.8423786;-0.06048626;49.6410000
12365.0007247925;49.7837998;49.7822971;-0.06026698;49.5800000
12366.0001754761;49.7234463;49.7220964;-0.06021259;49.5200000
12367.000579834;49.6636289;49.6625514;-0.05980784;49.4590000
12368.0009841919;49.6027780;49.6028275;-0.05979811;49.3990000
12369.0004348755;49.5425970;49.5426268;-0.0600201;49.3380000
12370.0008392334;49.4817780;49.4822473;-0.06025406;49.2780000
12371.000289917;49.4215970;49.4217486;-0.06038321;49.2170000
12372.0006942749;49.3607780;49.3613095;-0.06043919;49.1570000
12373.0001449585;49.3005970;49.3009300;-0.06038892;49.0960000
12374.0005493164;49.2397780;49.2403121;-0.06057227;49.0350000
12375.0009536743;49.1795752;49.1794557;-0.06074522;48.9750000
12376.0004043579;49.1189287;49.1187186;-0.0607834;48.9140000
12377.0008087158;49.0577461;49.0571470;-0.06128758;48.8530000
12378.0002593994;48.9975752;48.9957542;-0.06128912;48.7920000
12379.0006637573;48.9369069;48.9349575;-0.06098483;48.7320000
12380.0001144409;48.8758968;48.8739223;-0.0610342;48.6710000
12381.0005187988;48.8147461;48.8128872;-0.06102857;48.6100000
12382.0009231567;48.7545752;48.7526269;-0.06051244;48.5490000
12383.0003738403;48.6939069;48.6930222;-0.05997008;48.4880000
12384.0007781982;48.6328750;48.6327619;-0.06020017;48.4270000
12385.0002288818;48.5718750;48.5720844;-0.06051676;48.3670000
12386.0006332397;48.5108968;48.5112281;-0.06072291;48.3060000
12387.0010375977;48.4497461;48.4504313;-0.06076176;48.2450000
12388.0004882813;48.3895752;48.3901114;-0.06041884;48.1840000
12389.0008926392;48.3289069;48.3302088;-0.0601261;48.1230000
12390.0003433228;48.2678750;48.2695312;-0.06050047;48.0620000
12391.0007476807;48.2068750;48.2079596;-0.06115962;48.0010000
12392.0001983643;48.1458750;48.1461496;-0.06156573;47.9400000
12393.0006027222;48.0848750;48.0844588;-0.06163263;47.8780000
12394.0010070801;48.0238532;48.0228276;-0.06162055;47.8170000
12395.0004577637;47.9630039;47.9614348;-0.06147957;47.7560000
12396.0008621216;47.9011748;47.8998632;-0.06158443;47.6950000
12397.0003128052;47.8398431;47.8381128;-0.06165497;47.6340000
12398.0007171631;47.7788750;47.7770776;-0.06125114;47.5730000
12399.0001678467;47.7178750;47.7166385;-0.06077811;47.5110000
12400.0005722046;47.6568532;47.6563782;-0.06047044;47.4500000
12401.0009765625;47.5960039;47.5960583;-0.06041283;47.3890000
12402.0004272461;47.5341748;47.5351424;-0.06078177;47.3280000
12403.000831604;47.4728431;47.4736304;-0.06120557;47.2660000
12404.0002822876;47.4118532;47.4124760;-0.06119451;47.2050000
12405.0006866455;47.3510039;47.3515005;-0.06104246;47.1440000
12406.0001373291;47.2891748;47.2901673;-0.06125412;47.0820000
12407.000541687;47.2278213;47.2281189;-0.06172242;47.0210000
12408.0009460449;47.1670039;47.1667261;-0.06151443;46.9590000
12409.0003967285;47.1051530;47.1050949;-0.06163438;46.8980000
12410.0008010864;47.0439720;47.0431657;-0.06178367;46.8370000
12411.00025177;46.9821748;46.9811172;-0.06197993;46.7750000
12412.0006561279;46.9208213;46.9190688;-0.06201888;46.7140000
12413.0010604858;46.8600039;46.8580336;-0.06139762;46.6520000
12414.0005111694;46.7981530;46.7970581;-0.06118075;46.5910000
12415.0009155273;46.7369720;46.7359037;-0.06114244;46.5290000
12416.0003662109;46.6751530;46.6748686;-0.06108997;46.4680000
12417.0007705688;46.6139720;46.6137142;-0.06108756;46.4060000
12418.0002212524;46.5521530;46.5527386;-0.06104705;46.3440000
12419.0006256104;46.4909502;46.4915247;-0.06109;46.2830000
12420.0010299683;46.4293037;46.4303703;-0.06116303;46.2210000
12421.0004806519;46.3671211;46.3683219;-0.06177086;46.1590000
12422.0008850098;46.3059502;46.3065119;-0.06175648;46.0980000
12423.0003356934;46.2443037;46.2450595;-0.06157498;46.0360000
12424.0007400513;46.1821211;46.1828918;-0.06194633;45.9740000
12425.0001907349;46.1209502;46.1207242;-0.06203495;45.9130000
12426.0005950928;46.0593037;46.0589738;-0.06187276;45.8510000
12427.0009994507;45.9971211;45.9967465;-0.06211619;45.7890000
12428.0004501343;45.9359502;45.9348769;-0.06191019;45.7280000
12429.0008544922;45.8743037;45.8731265;-0.06180853;45.6660000
12430.0003051758;45.8121211;45.8110780;-0.06196499;45.6040000
12431.0007095337;45.7509502;45.7495661;-0.06162402;45.5420000
12432.0001602173;45.6892819;45.6884117;-0.06131928;45.4800000
12433.0005645752;45.6272500;45.6270785;-0.06132057;45.4180000
12434.0009689331;45.5652500;45.5657453;-0.06130589;45.3570000
12435.0004196167;45.5032718;45.5040545;-0.0615485;45.2950000
12436.0008239746;45.4411211;45.4422445;-0.06170611;45.2330000
12437.0002746582;45.3799502;45.3808517;-0.06146859;45.1710000
12438.0006790161;45.3182819;45.3198166;-0.06120445;45.1090000
12439.0001296997;45.2562500;45.2578873;-0.06166692;45.0470000
12440.0005340576;45.1942500;45.1953621;-0.06219949;44.9850000
12441.0009384155;45.1322500;45.1325984;-0.06253156;44.9230000
12442.0003890991;45.0702500;45.0698347;-0.06265441;44.8610000
12443.000793457;45.0082500;45.0073094;-0.06255139;44.7990000
12444.0002441406;44.9462500;44.9451418;-0.06230484;44.7370000
12445.0006484985;44.8842500;44.8829741;-0.06221727;44.6750000
12446.0010528564;44.8222500;44.8210449;-0.06202461;44.6130000
12447.00050354;44.7602500;44.7592945;-0.06185162;44.5510000
12448.0009078979;44.6982500;44.6976633;-0.06172675;44.4890000
12449.0003585815;44.6362500;44.6360917;-0.06164991;44.4270000
12450.0007629395;44.5742500;44.5746393;-0.06152773;44.3650000
12451.000213623;44.5122500;44.5130677;-0.06156127;44.3030000
12452.000617981;44.4502500;44.4513769;-0.06165544;44.2410000
12453.0010223389;44.3882500;44.3895073;-0.06179052;44.1790000
12454.0004730225;44.3262500;44.3275780;-0.06187078;44.1170000
12455.0008773804;44.2642500;44.2655296;-0.0619856;44.0550000
12456.000328064;44.2022500;44.2030639;-0.0622871;43.9920000
12457.0007324219;44.1402282;44.1405983;-0.06240588;43.9300000
12458.0001831055;44.0783789;44.0781326;-0.06243166;43.8680000
12459.0005874634;44.0155498;44.0152497;-0.06274702;43.8060000
12460.0009918213;43.9532181;43.9521284;-0.06293669;43.7440000
12461.0004425049;43.8912500;43.8895435;-0.06269;43.6820000
12462.0008468628;43.8292500;43.8276739;-0.06216957;43.6190000
12463.0002975464;43.7672282;43.7661023;-0.06179442;43.5570000
12464.0007019043;43.7053789;43.7048287;-0.06147555;43.4950000
12465.0001525879;43.6425498;43.6428995;-0.06181555;43.4330000
12466.0005569458;43.5802181;43.5804338;-0.06221354;43.3700000
12467.0009613037;43.5182282;43.5185642;-0.06198424;43.3080000
12468.0004119873;43.4563789;43.4571118;-0.06162731;43.2460000
12469.0008163452;43.3935498;43.3950634;-0.06192639;43.1840000
12470.0002670288;43.3312181;43.3325381;-0.06227978;43.1210000
12471.0006713867;43.2692282;43.2702512;-0.06224941;43.0590000
12472.0001220703;43.2073789;43.2078452;-0.06233301;42.9970000
12473.0005264282;43.1445498;43.1451411;-0.06260674;42.9340000
12474.0009307861;43.0821963;43.0819602;-0.06293097;42.8720000
12475.0003814697;43.0203789;43.0193157;-0.06272422;42.8100000
12476.0007858276;42.9575498;42.9566116;-0.0627187;42.7480000
12477.0002365112;42.8952181;42.8937883;-0.06275618;42.6850000
12478.0006408691;42.8332282;42.8317995;-0.0622654;42.6230000
12479.0010452271;42.7713789;42.7702875;-0.06178137;42.5610000
12480.0004959106;42.7085498;42.7082987;-0.06195665;42.4980000
12481.0009002686;42.6461963;42.6459522;-0.06216942;42.4360000
12482.0003509521;42.5843789;42.5842018;-0.06187785;42.3730000
12483.0007553101;42.5215280;42.5222726;-0.06193169;42.3110000
12484.0002059937;42.4593470;42.4602241;-0.0619747;42.2490000
12485.0006103516;42.3965498;42.3979969;-0.06217154;42.1860000
12486.0010147095;42.3341963;42.3352928;-0.06247166;42.1240000
12487.0004653931;42.2723789;42.2732444;-0.06219899;42.0610000
12488.000869751;42.2095280;42.2107787;-0.06241382;41.9990000
12489.0003204346;42.1473470;42.1479554;-0.06264332;41.9370000
12490.0007247925;42.0845498;42.0847745;-0.06302185;41.8740000
12491.0001754761;42.0221963;42.0213551;-0.06321678;41.8120000
12492.000579834;41.9603789;41.9586510;-0.0628562;41.7490000
12493.0009841919;41.8975280;41.8962450;-0.06259576;41.6870000
12494.0004348755;41.8353470;41.8337793;-0.06247674;41.6240000
12495.0008392334;41.7725280;41.7716117;-0.06232072;41.5620000
12496.000289917;41.7103470;41.7093248;-0.06225741;41.5000000
12497.0006942749;41.6475498;41.6470976;-0.06223707;41.4370000
12498.0001449585;41.5851963;41.5848703;-0.06222282;41.3750000
12499.0005493164;41.5233789;41.5233583;-0.0617497;41.3120000
12500.0009536743;41.4605280;41.4615483;-0.06182273;41.2500000
12501.0004043579;41.3983470;41.3992614;-0.0620938;41.1870000
12502.0008087158;41.3355280;41.3368554;-0.0622941;41.1250000
12503.0002593994;41.2733470;41.2742109;-0.06248276;41.0620000
12504.0006637573;41.2105280;41.2114472;-0.06269336;41.0000000
12505.0010681152;41.1483470;41.1483855;-0.06291789;40.9370000
12506.0005187988;41.0855280;41.0852046;-0.06312083;40.8750000
12507.0009231567;41.0233470;41.0219640;-0.06316631;40.8120000
12508.0003738403;40.9605280;40.9590811;-0.06300611;40.7500000
12509.0007781982;40.8983470;40.8964367;-0.06273471;40.6870000
12510.0002288818;40.8355280;40.8341498;-0.06245683;40.6250000
12511.0006332397;40.7733470;40.7719822;-0.06225324;40.5620000
12512.0010375977;40.7105280;40.7099337;-0.06215888;40.5000000
12513.0004882813;40.6483470;40.6478853;-0.06207476;40.4370000
12514.0008926392;40.5855280;40.5860157;-0.06197785;40.3750000
12515.0003433228;40.5233470;40.5238480;-0.06208892;40.3120000
12516.0007476807;40.4605280;40.4616804;-0.06218397;40.2500000
12517.0001983643;40.3983470;40.3992147;-0.06234559;40.1870000
12518.0006027222;40.3355280;40.3367490;-0.06245441;40.1250000
12519.0010070801;40.2733470;40.2741642;-0.06253385;40.0620000
12520.0004577637;40.2105280;40.2115197;-0.06266186;40.0000000
12521.0008621216;40.1483470;40.1486964;-0.06275953;39.9380000
12522.0003128052;40.0855498;40.0857539;-0.06290011;39.8750000
12523.0007171631;40.0231963;40.0226326;-0.06298772;39.8130000
12524.0001678467;39.9613789;39.9602861;-0.06255043;39.7500000
12525.0005722046;39.8985280;39.8977608;-0.06260088;39.6880000
12526.0009765625;39.8363470;39.8350568;-0.06263015;39.6250000
12527.0004272461;39.7735280;39.7725911;-0.06252585;39.5630000
12528.000831604;39.7113470;39.7102446;-0.06236647;39.5000000
12529.0002822876;39.6485280;39.6481962;-0.06217262;39.4380000
12530.0006866455;39.5863470;39.5861478;-0.06207746;39.3750000
12531.0001373291;39.5235280;39.5241589;-0.06207086;39.3130000
12532.000541687;39.4613470;39.4619317;-0.06216419;39.2500000
12533.0009460449;39.3985280;39.3995852;-0.06232753;39.1880000
12534.0003967285;39.3363470;39.3371792;-0.06238566;39.1250000
12535.0008010864;39.2735280;39.2747135;-0.06248286;39.0630000
12536.00025177;39.2113470;39.2118902;-0.06265817;39.0000000
12537.0006561279;39.1485280;39.1489477;-0.06284756;38.9380000
12538.0010604858;39.0863470;39.0857668;-0.06303088;38.8750000
12539.0005111694;39.0235280;39.0227051;-0.06307761;38.8130000
12540.0009155273;38.9613470;38.9597029;-0.06299853;38.7500000
12541.0003662109;38.8985280;38.8969989;-0.0628117;38.6880000
12542.0007705688;38.8363470;38.8342948;-0.06268988;38.6250000
12543.0002212524;38.7735280;38.7720675;-0.06240519;38.5630000
12544.0006256104;38.7113470;38.7100787;-0.06211099;38.5000000
12545.0010299683;38.6485280;38.6481495;-0.06205209;38.4380000
12546.0004806519;38.5863470;38.5861010;-0.06204361;38.3760000
12547.0008850098;38.5235498;38.5239930;-0.06212241;38.3130000
12548.0003356934;38.4611963;38.4618849;-0.06209056;38.2510000
12549.0007400513;38.3993789;38.4001345;-0.06186629;38.1880000
12550.0001907349;38.3365280;38.3379669;-0.06211763;38.1260000
12551.0005950928;38.2743470;38.2753224;-0.06243633;38.0630000
12552.0009994507;38.2115280;38.2124395;-0.06274374;38.0010000
12553.0004501343;38.1493470;38.1493778;-0.06290451;37.9390000
12554.0008544922;38.0865498;38.0863757;-0.06298541;37.8760000
12555.0003051758;38.0241963;38.0232544;-0.06306551;37.8140000
12556.0007095337;37.9623789;37.9609079;-0.06260433;37.7510000
12557.0001602173;37.8995280;37.8985018;-0.06252214;37.6890000
12558.0005645752;37.8373470;37.8360362;-0.0624687;37.6270000
12559.0009689331;37.7745498;37.7737493;-0.06236127;37.5640000
12560.0004196167;37.7121963;37.7113433;-0.06234907;37.5020000
12561.0008239746;37.6503789;37.6498909;-0.0617865;37.4390000
12562.0002746582;37.5875280;37.5882001;-0.06177215;37.3770000
12563.0006790161;37.5253470;37.5260324;-0.06199134;37.3150000
12564.0001296997;37.4625498;37.4636860;-0.06226474;37.2520000
12565.0005340576;37.4001963;37.4012799;-0.06236116;37.1900000
12566.0009384155;37.3383789;37.3392911;-0.06212486;37.1280000
12567.0003890991;37.2755498;37.2770638;-0.06225077;37.0660000
12568.000793457;37.2132181;37.2141809;-0.06264871;37.0030000
12569.0002441406;37.1512282;37.1515960;-0.06261819;36.9410000
12570.0006484985;37.0893789;37.0893092;-0.06243704;36.8790000
12571.0010528564;37.0265498;37.0265455;-0.06268094;36.8160000
12572.00050354;36.9641963;36.9633646;-0.0629734;36.7540000
12573.0009078979;36.9023789;36.9008989;-0.06264097;36.6920000
12574.0003585815;36.8395498;36.8385524;-0.0625129;36.6300000
12575.0007629395;36.7772181;36.7762656;-0.0623595;36.5670000
12576.000213623;36.7152282;36.7144556;-0.06200927;36.5050000
12577.000617981;36.6533789;36.6531820;-0.06153771;36.4430000
12578.0010223389;36.5905498;36.5913720;-0.06175694;36.3810000
12579.0004730225;36.5282181;36.5289063;-0.06218056;36.3180000
12580.0008773804;36.4662282;36.4669771;-0.06202279;36.2560000
12581.000328064;36.4043789;36.4054055;-0.06176732;36.1940000
12582.0007324219;36.3415498;36.3431186;-0.06215139;36.1320000
12583.0001831055;36.2792181;36.2803549;-0.06254257;36.0700000
12584.0005874634;36.2172500;36.2179489;-0.06245704;36.0080000
12585.0009918213;36.1552500;36.1557216;-0.06234509;35.9450000
12586.0004425049;36.0932282;36.0934944;-0.06229144;35.8830000
12587.0008468628;36.0313789;36.0311479;-0.06233859;35.8210000
12588.0002975464;35.9685498;35.9683246;-0.06267963;35.7590000
12589.0007019043;35.9062181;35.9051437;-0.06296383;35.6970000
12590.0001525879;35.8442500;35.8426184;-0.0626775;35.6350000
12591.0005569458;35.7822500;35.7808680;-0.0621111;35.5730000
12592.0009613037;35.7202500;35.7192368;-0.0618468;35.5110000
12593.0004119873;35.6582500;35.6579036;-0.06153303;35.4490000
12594.0008163452;35.5962500;35.5963917;-0.06152384;35.3870000
12595.0002670288;35.5342500;35.5348797;-0.06153532;35.3250000
12596.0006713867;35.4722500;35.4731888;-0.06163003;35.2630000
12597.0001220703;35.4102500;35.4112596;-0.06182383;35.2010000
12598.0005264282;35.3482500;35.3493900;-0.06186065;35.1390000
12599.0009307861;35.2862500;35.2873416;-0.06198921;35.0770000
12600.0003814697;35.2242500;35.2251739;-0.06210966;35.0150000
12601.0007858276;35.1622500;35.1628275;-0.06226256;34.9530000
12602.0002365112;35.1002500;35.1003618;-0.06240561;34.8910000
12603.0006408691;35.0382500;35.0377769;-0.06254464;34.8290000
12604.0010452271;34.9762500;34.9754305;-0.0624327;34.7670000
12605.0004959106;34.9142500;34.9132032;-0.06233319;34.7050000
12606.0009002686;34.8522500;34.8510952;-0.06217948;34.6430000
12607.0003509521;34.7902500;34.7892256;-0.06195233;34.5820000
12608.0007553101;34.7282718;34.7275943;-0.06175747;34.5200000
12609.0002059937;34.6661211;34.6662016;-0.06154894;34.4580000
12610.0006103516;34.6049502;34.6053452;-0.06111507;34.3960000
12611.0010147095;34.5432819;34.5448465;-0.06075989;34.3340000
12612.0004653931;34.4812500;34.4833941;-0.06119895;34.2720000
12613.000869751;34.4192500;34.4212861;-0.06177947;34.2110000
12614.0003204346;34.3572718;34.3588800;-0.06217723;34.1490000
12615.0007247925;34.2951211;34.2965336;-0.06228118;34.0870000
12616.0001754761;34.2339502;34.2344851;-0.06207164;34.0260000
12617.000579834;34.1723037;34.1729731;-0.06174217;33.9640000
12618.0009841919;34.1101211;34.1108055;-0.06202297;33.9020000
12619.0004348755;34.0489502;34.0485186;-0.06214644;33.8410000
12620.0008392334;33.9873037;33.9866490;-0.06201286;33.7790000
12621.000289917;33.9251211;33.9243622;-0.06218877;33.7170000
12622.0006942749;33.8639502;33.8624329;-0.06199016;33.6560000
12623.0001449585;33.8023037;33.8011594;-0.06155045;33.5940000
12624.0005493164;33.7401211;33.7396474;-0.06152781;33.5320000
12625.0009536743;33.6789502;33.6784334;-0.06128797;33.4710000
12626.0004043579;33.6173037;33.6176963;-0.06098611;33.4090000
12627.0008087158;33.5551211;33.5560651;-0.06141419;33.3480000
12628.0002593994;33.4939720;33.4945531;-0.0614358;33.2860000
12629.0006637573;33.4321530;33.4333987;-0.06130018;33.2250000
12630.0010681152;33.3709720;33.3721251;-0.06124954;33.1630000
12631.0005187988;33.3091530;33.3107919;-0.06134951;33.1020000
12632.0009231567;33.2479720;33.2492799;-0.0614329;33.0410000
12633.0003738403;33.1861748;33.1873507;-0.06177599;32.9790000
12634.0007781982;33.1248213;33.1253023;-0.06191306;32.9180000
12635.0002288818;33.0640039;33.0637903;-0.06163011;32.8560000
12636.0006332397;33.0021530;33.0019803;-0.06177489;32.7950000
12637.0010375977;32.9409720;32.9399914;-0.06185257;32.7340000
12638.0004882813;32.8791748;32.8782410;-0.06179634;32.6720000
12639.0008926392;32.8178213;32.8166694;-0.06162382;32.6110000
12640.0003433228;32.7570039;32.7561111;-0.06092248;32.5500000
12641.0007476807;32.6951748;32.6953740;-0.06082244;32.4890000
12642.0001983643;32.6338431;32.6342792;-0.06098843;32.4270000
12643.0006027222;32.5728532;32.5735421;-0.06082364;32.3660000
12644.0010070801;32.5120039;32.5131030;-0.06058596;32.3050000
12645.0004577637;32.4501748;32.4522466;-0.06078368;32.2440000
12646.0008621216;32.3888431;32.3906154;-0.06128596;32.1830000
12647.0003128052;32.3278750;32.3292227;-0.0613224;32.1220000
12648.0007171631;32.2668750;32.2680683;-0.0612184;32.0600000
12649.0001678467;32.2058532;32.2069735;-0.06114258;31.9990000
12650.0005722046;32.1450039;32.1457596;-0.06118583;31.9380000
12651.0009765625;32.0831748;32.0837707;-0.06171917;31.8770000
12652.0004272461;32.0218431;32.0211262;-0.06224417;31.8160000
12653.000831604;31.9608750;31.9592566;-0.06196995;31.7550000
12654.0002822876;31.8998750;31.8981023;-0.06143903;31.6940000
12655.0006866455;31.8388750;31.8373651;-0.06098483;31.6330000
12656.0001373291;31.7778750;31.7768068;-0.06072332;31.5730000
12657.000541687;31.7168968;31.7161889;-0.06064671;31.5120000
12658.0009460449;31.6557461;31.6555114;-0.06066072;31.4510000
12659.0003967285;31.5955752;31.5953107;-0.06033534;31.3900000
12660.0008010864;31.5349069;31.5354676;-0.06005923;31.3290000
12661.00025177;31.4738750;31.4750285;-0.06032032;31.2680000
12662.0006561279;31.4128750;31.4142914;-0.06057259;31.2080000
12663.0010604858;31.3518968;31.3531966;-0.06090665;31.1470000
12664.0005111694;31.2907461;31.2921018;-0.06104378;31.0860000
12665.0009155273;31.2305752;31.2314243;-0.06077285;31.0250000
12666.0003662109;31.1699069;31.1711044;-0.06052425;30.9650000
12667.0007705688;31.1088968;31.1098308;-0.06101753;30.9040000
12668.0002212524;31.0477461;31.0480804;-0.06150417;30.8430000
12669.0006256104;30.9875752;30.9867472;-0.06135071;30.7830000
12670.0010299683;30.9269287;30.9260101;-0.06097876;30.7220000
12671.0004806519;30.8657461;30.8647961;-0.06112865;30.6620000
12672.0008850098;30.8055970;30.8041782;-0.06075341;30.6010000
12673.0003356934;30.7447780;30.7440371;-0.06041319;30.5410000
12674.0007400513;30.6845970;30.6840749;-0.0601338;30.4800000
12675.0001907349;30.6237780;30.6241722;-0.06000878;30.4200000
12676.0005950928;30.5635970;30.5640907;-0.05999831;30.3590000
12677.0009994507;30.5027780;30.5038900;-0.06014298;30.2990000
12678.0004501343;30.4425970;30.4436893;-0.06016344;30.2390000
12679.0008544922;30.3817998;30.3835482;-0.06018574;30.1780000
12680.0003051758;30.3214463;30.3231687;-0.06028982;30.1180000
12681.0007095337;30.2616289;30.2632065;-0.06006778;30.0580000
12682.0001602173;30.2007998;30.2026481;-0.06040833;29.9970000
12683.0005645752;30.1404463;30.1413746;-0.06092774;29.9370000
12684.0009689331;30.0806289;30.0806374;-0.06079422;29.8770000
12685.0004196167;30.0197998;30.0195427;-0.06099448;29.8170000
12686.0008239746;29.9594681;29.9583287;-0.06107866;29.7570000
12687.0002746582;29.8995000;29.8978896;-0.06064636;29.6960000
12688.0006790161;29.8394782;29.8378677;-0.06024937;29.6360000
12689.0001296997;29.7796289;29.7785015;-0.05968869;29.5760000
12690.0005340576;29.7187998;29.7187180;-0.05979588;29.5160000
12691.0009384155;29.6584681;29.6584577;-0.06005916;29.4560000
12692.0003890991;29.5985000;29.5986743;-0.05987008;29.3960000
12693.000793457;29.5385000;29.5391888;-0.05960557;29.3360000
12694.0002441406;29.4785000;29.4795246;-0.0596381;29.2760000
12695.0006484985;29.4185000;29.4197411;-0.05974687;29.2170000
12696.0010528564;29.3585218;29.3596596;-0.05997014;29.1570000
12697.00050354;29.2983711;29.2995186;-0.06010565;29.0970000
12698.0009078979;29.2392002;29.2396159;-0.05992737;29.0370000
12699.0003585815;29.1795319;29.1800708;-0.05972755;28.9770000
12700.0007629395;29.1195000;29.1198702;-0.06002912;28.9180000
12701.000213623;29.0595218;29.0592522;-0.06039079;28.8580000
12702.000617981;28.9993711;28.9985151;-0.06056176;28.7980000
12703.0010223389;28.9402002;28.9383740;-0.06022147;28.7390000
12704.0004730225;28.8805537;28.8789482;-0.05973656;28.6790000
12705.0008773804;28.8203711;28.8191647;-0.05975839;28.6190000
12706.000328064;28.7612002;28.7598581;-0.05942871;28.5600000
12707.0007324219;28.7015537;28.7011475;-0.0590088;28.5000000
12708.0001831055;28.6413711;28.6417217;-0.05928841;28.4410000
12709.0005874634;28.5822220;28.5824747;-0.05922377;28.3810000
12710.0009918213;28.5224030;28.5234065;-0.05913445;28.3220000
12711.0004425049;28.4632220;28.4641595;-0.05916572;28.2630000
12712.0008468628;28.4034248;28.4047932;-0.05933249;28.2030000
12713.0002975464;28.3440713;28.3451886;-0.05947924;28.1440000
12714.0007019043;28.2852539;28.2861800;-0.05918983;28.0850000
12715.0001525879;28.2254248;28.2267542;-0.05940805;28.0250000
12716.0005569458;28.1660713;28.1666727;-0.05983376;27.9660000
12717.0009613037;28.1072539;28.1071276;-0.05967079;27.9070000
12718.0004119873;28.0474248;28.0472846;-0.05982945;27.8480000
12719.0008163452;27.9880931;27.9871435;-0.05998193;27.7890000
12720.0002670288;27.9291250;27.9276581;-0.05966356;27.7300000
12721.0006713867;27.8701250;27.8686495;-0.05927411;27.6700000
12722.0010757446;27.8111032;27.8099389;-0.0589131;27.6110000
12723.0005264282;27.7522539;27.7513475;-0.05869328;27.5520000
12724.0009307861;27.6924248;27.6924581;-0.0588414;27.4940000
12725.0003814697;27.6331149;27.6332707;-0.05906212;27.4350000
12726.0007858276;27.5739961;27.5744409;-0.05891092;27.3760000
12727.0002365112;27.5158252;27.5162072;-0.05843012;27.3170000
12728.0006408691;27.4571569;27.4585099;-0.05799031;27.2580000
12729.0010452271;27.3981250;27.4000377;-0.05833927;27.1990000
12730.0004959106;27.3391250;27.3409695;-0.05877969;27.1410000
12731.0009002686;27.2801468;27.2814841;-0.05922187;27.0820000
12732.0003509521;27.2209961;27.2219987;-0.05940758;27.0230000
12733.0007553101;27.1628252;27.1629901;-0.05911812;26.9640000
12734.0002059937;27.1041569;27.1045179;-0.05875527;26.9060000
12735.0006103516;27.0451468;27.0454497;-0.05897722;26.8470000
12736.0010147095;26.9859961;26.9858451;-0.05938807;26.7890000
12737.0004653931;26.9278470;26.9267769;-0.05916051;26.7300000
12738.000869751;26.8690280;26.8682451;-0.05879014;26.6720000
12739.0003204346;26.8108470;26.8101306;-0.05831961;26.6130000
12740.0007247925;26.7520280;26.7520160;-0.05821586;26.5550000
12741.0001754761;26.6938470;26.6939611;-0.05809923;26.4970000
12742.000579834;26.6350498;26.6359062;-0.05808168;26.4380000
12743.0009841919;26.5766963;26.5776128;-0.05817791;26.3800000
12744.0004348755;26.5188789;26.5199156;-0.05782709;26.3220000
12745.0008392334;26.4600498;26.4619202;-0.05797197;26.2640000
12746.000289917;26.4017181;26.4034481;-0.05830235;26.2050000
12747.0006942749;26.3437282;26.3452143;-0.05825593;26.1470000
12748.0001449585;26.2858789;26.2872190;-0.05809673;26.0890000
12749.0005493164;26.2270498;26.2285680;-0.05848436;26.0310000
12750.0009536743;26.1687181;26.1693806;-0.05890877;25.9730000
12751.0004043579;26.1107500;26.1106701;-0.05876181;25.9150000
12752.0008087158;26.0527500;26.0523171;-0.05851343;25.8570000
12753.0002593994;25.9947500;25.9942026;-0.05826186;25.7990000
12754.0006637573;25.9367500;25.9361477;-0.0581329;25.7420000
12755.0010681152;25.8787718;25.8780331;-0.0581238;25.6840000
12756.0005187988;25.8206211;25.8198590;-0.05816522;25.6260000
12757.0009231567;25.7634502;25.7622809;-0.05774793;25.5680000
12758.0003738403;25.7057819;25.7052393;-0.05730375;25.5100000
12759.0007781982;25.6477500;25.6478400;-0.05733951;25.4530000
12760.0002288818;25.5897718;25.5903215;-0.05744812;25.3950000
12761.0006332397;25.5316211;25.5324454;-0.05770866;25.3380000
12762.0010375977;25.4744720;25.4749865;-0.05750025;25.2800000
12763.0004882813;25.4166530;25.4178853;-0.05728698;25.2230000
12764.0008926392;25.3594720;25.3605456;-0.05731592;25.1650000
12765.0003433228;25.3016530;25.3031463;-0.05741693;25.1080000
12766.0007476807;25.2444720;25.2453894;-0.0576136;25.0500000
12767.0001983643;25.1866530;25.1875133;-0.05780786;24.9930000
12768.0006027222;25.1294720;25.1295180;-0.05790673;24.9360000
12769.0010070801;25.0716748;25.0715823;-0.0579604;24.8780000
12770.0004577637;25.0143213;25.0137062;-0.05788378;24.8210000
12771.0008621216;24.9575039;24.9566645;-0.05732503;24.7640000
12772.0003128052;24.8996748;24.8993249;-0.05739421;24.7070000
12773.0007171631;24.8423431;24.8416872;-0.05752204;24.6500000
12774.0001678467;24.7853750;24.7845859;-0.0572426;24.5930000
12775.0005722046;24.7283750;24.7280211;-0.05683024;24.5360000
12776.0009765625;24.6713750;24.6715755;-0.05658148;24.4790000
12777.0004272461;24.6143750;24.6151895;-0.05647551;24.4220000
12778.000831604;24.5573750;24.5586843;-0.0565078;24.4220000
12779.0002822876;24.5016187;24.5019407;-0.05669874;24.3080000
12780.0006866455;24.4347819;24.4410248;-0.05936451;24.2510000
12781.0001373291;24.4336373;24.4121165;-0.03814502;24.1950000
12782.000541687;24.3483017;24.3770094;-0.03986435;24.1380000
12783.0009460449;24.2704283;24.2907018;-0.06835939;24.0810000
12784.0003967285;24.2160752;24.2175669;-0.07043754;24.0250000
12785.0008010864;24.1594287;24.1561146;-0.06458665;23.9680000
12786.00025177;24.1022461;24.0996093;-0.05951225;23.9120000
12787.0006561279;24.0460970;24.0448327;-0.05663519;23.8550000
12788.0010604858;23.9892780;23.9894004;-0.05602178;23.7990000
12789.0005111694;23.9330970;23.9322991;-0.05674459;23.7420000
12790.0009155273;23.8762780;23.8743634;-0.05749826;23.6860000
12791.0003662109;23.8200970;23.8168449;-0.05742143;23.6300000
12792.0007705688;23.7632998;23.7609954;-0.05638121;23.5730000
12793.0002212524;23.7069463;23.7065167;-0.05514577;23.5170000
12794.0006256104;23.6511289;23.6526937;-0.05433114;23.4610000
12795.0010299683;23.5942998;23.5974402;-0.05502327;23.4050000
12796.0004806519;23.5379681;23.5403390;-0.05633996;23.3490000
12797.0008850098;23.4820000;23.4829397;-0.05699043;23.2930000
12798.0003356934;23.4260000;23.4258384;-0.05704654;23.2370000
12799.0007400513;23.3700000;23.3694524;-0.05659446;23.1810000
12800.0001907349;23.3140000;23.3138413;-0.05597599;23.1250000
12801.0005950928;23.2580000;23.2585878;-0.05553793;23.0690000
12802.0009994507;23.2020000;23.2030959;-0.05553004;23.0130000
12803.0004501343;23.1460000;23.1472463;-0.05574236;22.9570000
12804.0008544922;23.0900000;23.0905623;-0.05636289;22.9020000
12805.0003051758;23.0340218;23.0333419;-0.05691197;22.8460000
12806.0007095337;22.9778711;22.9761214;-0.05709105;22.7900000
12807.0001602173;22.9227002;22.9198546;-0.05651555;22.7350000
12808.0005645752;22.8670537;22.8647203;-0.05568099;22.6790000
12809.0009689331;22.8108711;22.8097648;-0.05525298;22.6240000
12810.0004196167;22.7557220;22.7551670;-0.05481914;22.5680000
12811.0008239746;22.6999030;22.7004499;-0.05479015;22.5130000
12812.0002746582;22.6447220;22.6454348;-0.05492625;22.4580000
12813.0006790161;22.5889248;22.5900621;-0.05526121;22.4020000
12814.001083374;22.5335713;22.5342722;-0.05557915;22.3470000
12815.0005340576;22.4787539;22.4791975;-0.05521715;22.2920000
12816.0009384155;22.4229248;22.4240036;-0.05524268;22.2370000
12817.0003890991;22.3675931;22.3683924;-0.05542539;22.1820000
12818.000793457;22.3126250;22.3134966;-0.05505523;22.1270000
12819.0002441406;22.2576250;22.2587795;-0.05485164;22.0720000
12820.0006484985;22.2026250;22.2039432;-0.05486786;22.0170000
12821.0010528564;22.1476250;22.1488089;-0.05501578;21.9620000
12822.00050354;22.0926250;22.0931978;-0.05536809;21.9070000
12823.0009078979;22.0376250;22.0373482;-0.05567565;21.8520000
12824.0003585815;21.9826250;21.9815583;-0.05575417;21.7970000
12825.0007629395;21.9276250;21.9260664;-0.05559667;21.7430000
12826.000213623;21.8726468;21.8709321;-0.05528633;21.6880000
12827.000617981;21.8174961;21.8161554;-0.05494712;21.6330000
12828.0010223389;21.7633252;21.7621536;-0.05429177;21.5790000
12829.0004730225;21.7086787;21.7086882;-0.05379706;21.5240000
12830.0008773804;21.6534961;21.6543884;-0.05413401;21.4700000
12831.000328064;21.5993470;21.6003270;-0.05407764;21.4150000
12832.0007324219;21.5445280;21.5460272;-0.05425814;21.3610000
12833.0001831055;21.4903470;21.4916677;-0.05431475;21.3070000
12834.0005874634;21.4355498;21.4373679;-0.05431608;21.2520000
12835.0009918213;21.3811963;21.3827700;-0.05447702;21.1980000
12836.0004425049;21.3273789;21.3287086;-0.05418974;21.1440000
12837.0008468628;21.2725498;21.2742896;-0.05436856;21.0900000
12838.0002975464;21.2182181;21.2192149;-0.05477865;21.0360000
12839.0007019043;21.1642500;21.1644978;-0.05474527;20.9820000
12840.0001525879;21.1102500;21.1100192;-0.05458286;20.9280000
12841.0005569458;21.0562500;21.0556597;-0.05446508;20.8740000
12842.0009613037;21.0022500;21.0015983;-0.05420482;20.8200000
12843.0004119873;20.9482500;20.9475369;-0.0540989;20.7660000
12844.0008163452;20.8942500;20.8933563;-0.05413691;20.7130000
12845.0002670288;20.8402718;20.8391161;-0.0541782;20.6590000
12846.0006713867;20.7861211;20.7850547;-0.05409291;20.6050000
12847.0010757446;20.7329502;20.7316489;-0.053622;20.5520000
12848.0005264282;20.6793037;20.6788988;-0.05310302;20.4980000
12849.0009307861;20.6251211;20.6257910;-0.05310996;20.4450000
12850.0003814697;20.5719720;20.5728025;-0.05298097;20.3910000
12851.0007858276;20.5181530;20.5198140;-0.0530151;20.3380000
12852.0002365112;20.4649720;20.4665870;-0.05314013;20.2850000
12853.0006408691;20.4111748;20.4134197;-0.05317906;20.2310000
12854.0010452271;20.3578213;20.3597159;-0.05348918;20.1780000
12855.0004959106;20.3050039;20.3066082;-0.0532358;20.1250000
12856.0009002686;20.2511748;20.2530236;-0.05349426;20.0720000
12857.0003509521;20.1978431;20.1988430;-0.05387526;20.0190000
12858.0007553101;20.1448750;20.1453776;-0.05359103;19.9660000
12859.0002059937;20.0918750;20.0922103;-0.05333221;19.9130000
12860.0006103516;20.0388750;20.0389833;-0.05328223;19.8600000
12861.0010147095;19.9858750;19.9857564;-0.05325353;19.8070000
12862.0004653931;19.9328750;19.9324102;-0.05329654;19.7540000
12863.000869751;19.8798750;19.8790641;-0.05333044;19.7020000
12864.0003204346;19.8268968;19.8260159;-0.05315795;19.6490000
12865.0007247925;19.7737461;19.7730870;-0.05299169;19.5960000
12866.0001754761;19.7215752;19.7207541;-0.05255575;19.5440000
12867.000579834;19.6689287;19.6689577;-0.0521485;19.4910000
12868.0009841919;19.6157461;19.6165652;-0.05234618;19.4390000
12869.0004348755;19.5635970;19.5640535;-0.05242747;19.3860000
12870.0008392334;19.5107780;19.5118994;-0.05230701;19.3340000
12871.000289917;19.4585970;19.4596858;-0.05221141;19.2820000
12872.0006942749;19.4057998;19.4074125;-0.05229257;19.2290000
12873.0001449585;19.3534463;19.3549008;-0.0524054;19.1770000
12874.0005493164;19.3016289;19.3029256;-0.05214414;19.1250000
12875.0009536743;19.2487998;19.2504735;-0.05238625;19.0730000
12876.0004043579;19.1964681;19.1972465;-0.05289182;19.0210000
12877.0008087158;19.1445000;19.1446156;-0.0526973;18.9690000
12878.0002593994;19.0925000;19.0921635;-0.05253086;18.9170000
12879.0006637573;19.0405000;19.0398307;-0.05241474;18.8650000
12880.0010681152;18.9885000;18.9876170;-0.05230815;18.8140000
12881.0005187988;18.9365218;18.9355225;-0.05218415;18.7620000
12882.0009231567;18.8843711;18.8834877;-0.05207503;18.7100000
12883.0003738403;18.8332002;18.8318701;-0.05171721;18.6590000
12884.0007781982;18.7815537;18.7809081;-0.05124737;18.6070000
12885.0002288818;18.7293711;18.7294693;-0.05139655;18.5550000
12886.0006332397;18.6782002;18.6782093;-0.05128171;18.5040000
12887.0010375977;18.6265537;18.6273665;-0.05103384;18.4530000
12888.0004882813;18.5743929;18.5756893;-0.05145811;18.4010000
12889.0008926392;18.5230713;18.5242505;-0.05141312;18.3500000
12890.0003433228;18.4722539;18.4736461;-0.0508819;18.2990000
12891.0007476807;18.4204248;18.4225650;-0.05106172;18.2480000
12892.0001983643;18.3690931;18.3710665;-0.05133415;18.1970000
12893.0006027222;18.3181250;18.3198662;-0.05121661;18.1460000
12894.0010070801;18.2671250;18.2687254;-0.05115506;18.0950000
12895.0004577637;18.2161250;18.2173462;-0.05132087;18.0440000
12896.0008621216;18.1651250;18.1660266;-0.05132977;17.9930000
12897.0003128052;18.1141250;18.1145878;-0.05139221;17.9420000
12898.0007171631;18.0631250;18.0630893;-0.05145711;17.8910000
12899.0001678467;18.0121250;18.0115909;-0.05149215;17.8410000
12900.0005722046;17.9611468;17.9602713;-0.05136324;17.7900000
12901.0009765625;17.9099961;17.9088921;-0.05139705;17.7390000
12902.0004272461;17.8598252;17.8583474;-0.05082602;17.6890000
12903.000831604;17.8091787;17.8083987;-0.05032187;17.6380000
12904.0002822876;17.7579961;17.7579136;-0.05042039;17.5880000
12905.0006866455;17.7078470;17.7074880;-0.05036777;17.5380000
12906.0001373291;17.6570498;17.6574201;-0.05021127;17.4870000
12907.000541687;17.6066963;17.6072926;-0.05013252;17.4370000
12908.0009460449;17.5568789;17.5575227;-0.04988653;17.3870000
12909.0003967285;17.5060498;17.5075144;-0.05001074;17.3370000
12910.0008010864;17.4557181;17.4570293;-0.05030477;17.2870000
12911.00025177;17.4057500;17.4067826;-0.05027102;17.2370000
12912.0006561279;17.3557500;17.3567147;-0.05014293;17.1870000
12913.0010604858;17.3057500;17.3069448;-0.04990434;17.1370000
12914.0005111694;17.2557500;17.2570557;-0.04989083;17.0880000
12915.0009155273;17.2057718;17.2069282;-0.05001748;17.0380000
12916.0003662109;17.1556211;17.1565623;-0.050234;16.9880000
12917.0007705688;17.1064502;17.1065540;-0.05006785;16.9390000
12918.0002212524;17.0568037;17.0569033;-0.04981551;16.8890000
12919.0006256104;17.0066211;17.0065374;-0.05017519;16.8400000
12920.0010299683;16.9574720;16.9565291;-0.0500096;16.7900000
12921.0004806519;16.9076530;16.9068188;-0.04981321;16.7410000
12922.0008850098;16.8584720;16.8574066;-0.04950691;16.6910000
12923.0003356934;16.8086530;16.8084116;-0.04919644;16.6420000
12924.0007400513;16.7594720;16.7591185;-0.04923252;16.5930000
12925.0001907349;16.7096748;16.7099447;-0.04923317;16.5440000
12926.0005950928;16.6603431;16.6604132;-0.04938589;16.4950000
12927.0009994507;16.6113750;16.6115970;-0.04903144;16.4460000
12928.0004501343;16.5623750;16.5631981;-0.04863407;16.3970000
12929.0008544922;16.5133750;16.5145011;-0.04863381;16.3480000
12930.0003051758;16.4643750;16.4657445;-0.04872558;16.2990000
12931.0007095337;16.4153750;16.4168687;-0.04881591;16.2510000
12932.0001602173;16.3663968;16.3676948;-0.04906013;16.2020000
12933.0005645752;16.3172461;16.3185806;-0.04909268;16.1530000
12934.0009689331;16.2690752;16.2698240;-0.04882788;16.1050000
12935.0004196167;16.2204287;16.2214846;-0.04856588;16.0560000
12936.0008239746;16.1712461;16.1724300;-0.04892059;16.0080000
12937.0002746582;16.1230970;16.1231966;-0.04909601;15.9600000
12938.0006790161;16.0742998;16.0742612;-0.04903589;15.9110000
12939.001083374;16.0259463;16.0252065;-0.04900625;15.8630000
12940.0005340576;15.9781289;15.9771652;-0.04839259;15.8150000
12941.0009384155;15.9292998;15.9288854;-0.04835052;15.7670000
12942.0003890991;15.8809681;15.8803673;-0.04842288;15.7190000
12943.000793457;15.8330000;15.8323855;-0.04812897;15.6710000
12944.0002441406;15.7850000;15.7847018;-0.04786645;15.6230000
12945.0006484985;15.7370000;15.7371373;-0.0477021;15.5750000
12946.0010528564;15.6890000;15.6895132;-0.04765227;15.5270000
12947.00050354;15.6410000;15.6420083;-0.04756804;15.4800000
12948.0009078979;15.5930218;15.5943246;-0.04767207;15.4320000
12949.0003585815;15.5448711;15.5466408;-0.04773407;15.3840000
12950.0007629395;15.4977002;15.4992552;-0.04746592;15.3370000
12951.000213623;15.4500537;15.4521675;-0.04727221;15.2890000
12952.000617981;15.4018711;15.4042453;-0.04771242;15.2420000
12953.0010223389;15.3547220;15.3563828;-0.04778293;15.1950000
12954.0004730225;15.3069248;15.3088183;-0.04766366;15.1480000
12955.0008773804;15.2595931;15.2610154;-0.04770456;15.1000000
12956.000328064;15.2126032;15.2137489;-0.04741901;15.0530000
12957.0007324219;15.1657539;15.1667208;-0.04717863;15.0060000
12958.0001831055;15.1179248;15.1190967;-0.04751821;14.9590000
12959.0005874634;15.0705931;15.0707574;-0.04801247;14.9120000
12960.0009918213;15.0236250;15.0229544;-0.04784038;14.8650000
12961.0004425049;14.9766250;14.9756880;-0.04746645;14.8190000
12962.0008468628;14.9296468;14.9287791;-0.04715244;14.7720000
12963.0002975464;14.8824961;14.8817510;-0.04709613;14.7250000
12964.0007019043;14.8363252;14.8352594;-0.04667919;14.6790000
12965.0001525879;14.7896787;14.7893042;-0.04624495;14.6320000
12966.0005569458;14.7424961;14.7428126;-0.04641439;14.5860000
12967.0009613037;14.6963470;14.6965594;-0.04629519;14.5390000
12968.0004119873;14.6495280;14.6506042;-0.04613259;14.4930000
12969.0008163452;14.6033470;14.6046490;-0.04601989;14.4470000
12970.0002670288;14.5565498;14.5583958;-0.0462049;14.4000000
12971.0006713867;14.5101963;14.5119042;-0.04639537;14.3540000
12972.0010757446;14.4643789;14.4659490;-0.04610037;14.3080000
12973.0005264282;14.4175498;14.4198150;-0.04615954;14.2620000
12974.0009307861;14.3712181;14.3731446;-0.04645594;14.2160000
12975.0003814697;14.3252500;14.3270106;-0.04624024;14.1710000
12976.0007858276;14.2792718;14.2810554;-0.04610483;14.1250000
12977.0002365112;14.2331211;14.2347426;-0.0462448;14.0790000
12978.0006408691;14.1879502;14.1887874;-0.04599466;14.0330000
12979.0010452271;14.1422819;14.1430707;-0.04580148;13.9880000
12980.0004959106;14.0962718;14.0967579;-0.04614274;13.9420000
12981.0009002686;14.0501211;14.0501470;-0.046411;13.8970000
12982.0003509521;14.0049720;14.0040130;-0.04615505;13.8510000
12983.0007553101;13.9591530;13.9584751;-0.0457697;13.8060000
12984.0002059937;13.9139720;13.9129371;-0.04561411;13.7610000
12985.0006103516;13.8681748;13.8675780;-0.04551319;13.7160000
12986.0010147095;13.8228431;13.8220401;-0.04550077;13.6710000
12987.0004653931;13.7778750;13.7773366;-0.04497282;13.6260000
12988.000869751;13.7328750;13.7329311;-0.04462469;13.5810000
12989.0003204346;13.6878750;13.6885853;-0.04445743;13.5360000
12990.0007247925;13.6428750;13.6440606;-0.04450472;13.4910000
12991.0001754761;13.5978750;13.5992379;-0.04472561;13.4460000
12992.000579834;13.5528750;13.5543556;-0.04484028;13.4010000
12993.0009841919;13.5078750;13.5094137;-0.04490204;13.3570000
12994.0004348755;13.4628968;13.4645910;-0.04485146;13.3120000
12995.0008392334;13.4177461;13.4194703;-0.04505862;13.2680000
12996.000289917;13.3735970;13.3748860;-0.04471977;13.2230000
12997.0006942749;13.3287780;13.3305402;-0.0445051;13.1790000
12998.0001449585;13.2845970;13.2860155;-0.04449392;13.1350000
12999.0005493164;13.2397998;13.2413716;-0.04465165;13.0910000