time [ms];Setpoint position [mm];Actual position value encoder channel 1 [mm];Setpoint value velocity controller [m/s];Actual velocity value encoder channel 1 [m/s];Target position CiA402 [mm]
0;64.0645825;64.0615434;0.0276039;0.02662902;64.1510000
1.00000004749745;64.0924795;64.0903920;0.02839144;0.02803407;64.1790000
2.0000000949949;64.1205630;64.1195983;0.02768333;0.02873175;64.2060000
3.00000002607703;64.1475729;64.1475529;0.02733686;0.02818468;64.2330000
4.00000018998981;64.1755425;64.1749114;0.02780502;0.02768819;64.2600000
5.00000035390258;64.2026359;64.2022103;0.0269579;0.02744471;64.2870000
6.00000005215406;64.2296250;64.2296285;0.027;0.02744057;64.3150000
7.00000021606684;64.2566346;64.2573446;0.02685156;0.02760577;64.3420000
8.00000037997961;64.2835620;64.2846436;0.02730364;0.02741062;64.3680000
9.00000054389238;64.3115329;64.3119425;0.0277584;0.02735692;64.3950000
10.0000007078052;64.3386989;64.3391818;0.02643252;0.02722582;64.4220000
11.0000008717179;64.3647075;64.3651098;0.02622047;0.02636981;64.4490000
12.0000001043081;64.3916141;64.3907994;0.02718029;0.0259814;64.4750000
13.0000002682209;64.4186154;64.4172639;0.02721991;0.02630889;64.5020000
14.0000004321337;64.4456880;64.4443840;0.02672113;0.02682173;64.5550000
15.0000005960464;64.4719574;64.4709081;0.02457947;0.02654996;64.5550000
16.0000007599592;64.4967161;64.4968957;0.03996957;0.02648726;64.5810000
17.000000923872;64.5511722;64.5422548;0.03571295;0.03888763;64.6080000
18.0000010877848;64.5541985;64.5721764;0.002408402;0.03160407;64.6340000
19.0000012516975;64.5774037;64.5832032;0.02810546;0.01923604;64.6600000
20.0000014156103;64.6046675;64.6014423;0.02709405;0.01892645;64.6860000
21.0000015795231;64.6307609;64.6248073;0.02657381;0.02181053;64.7120000
22.0000017434359;64.6567500;64.6515698;0.02657716;0.0249226;64.7380000
23.0000019073486;64.6827500;64.6794647;0.02636604;0.02674607;64.7900000
24.0000002086163;64.7089999;64.7069425;0.02442649;0.0271031;64.7900000
25.000000372529;64.7328616;64.7331089;0.03880318;0.02675062;64.8150000
26.0000005364418;64.7862342;64.7769183;0.03518151;0.03802006;64.8410000
27.0000007003546;64.7892410;64.8056478;0.002318158;0.03053536;64.8670000
28.0000008642673;64.8115492;64.8161382;0.02708148;0.01849043;64.8920000
29.0000010281801;64.8377295;64.8339004;0.02658548;0.01836549;64.9180000
30.0000011920929;64.8638130;64.8580402;0.02621904;0.02209827;64.9430000
31.0000013560057;64.8888229;64.8849219;0.02576927;0.02509758;64.9680000
32.0000015199184;64.9147925;64.9128765;0.02594817;0.02686159;64.9940000
32.9999998211861;64.9398955;64.9399966;0.02482988;0.02695532;65.0440000
34.000001847744;64.9650523;64.9648518;0.02371309;0.02555314;65.0440000
35.0000001490116;64.9889767;64.9883360;0.03814332;0.02455189;65.0690000
36.0000021755695;65.0403991;65.0298208;0.03385276;0.03572904;65.0940000
37.0000004768372;65.0432096;65.0576562;0.002784928;0.02924753;65.1190000
38.0000025033951;65.0656026;65.0692791;0.02682832;0.01874387;65.1430000
39.0000008046627;65.0908654;65.0888890;0.02528954;0.01957236;65.1680000
40.0000028312206;65.1159380;65.1131481;0.02488669;0.02254317;65.1930000
41.0000011324883;65.1399575;65.1387781;0.0243967;0.02444329;65.2180000
42.0000031590462;65.1648641;65.1642889;0.02515361;0.02509275;65.2420000
43.0000014603138;65.1898654;65.1895017;0.02510986;0.02514476;65.2670000
44.0000034868717;65.2149380;65.2141184;0.02466716;0.02477687;65.2910000
45.0000017881393;65.2389479;65.2379006;0.02445132;0.02412133;65.3150000
46.0000038146973;65.2639175;65.2618617;0.02496375;0.02404976;65.3400000
47.0000021159649;65.2880205;65.2862996;0.02403288;0.02430958;65.3640000
48.0000004172325;65.3119370;65.3110355;0.0245246;0.02461343;65.4120000
49.0000024437904;65.3371482;65.3363675;0.02315762;0.02506376;65.4120000
50.0000007450581;65.3592677;65.3612227;0.03553641;0.02510594;65.4360000
51.000002771616;65.4085327;65.4025883;0.03211543;0.03577701;65.4600000
52.0000010728836;65.4112412;65.4291720;0.002220944;0.02842045;65.4840000
53.0000030994415;65.4327385;65.4382319;0.02553638;0.01681136;65.5070000
54.0000014007092;65.4569904;65.4534906;0.02445927;0.01614808;65.5310000
55.0000034272671;65.4810630;65.4738158;0.02438331;0.01890599;65.5550000
56.0000017285347;65.5040825;65.4979557;0.02394793;0.02223101;65.5780000
57.0000037550926;65.5279795;65.5239433;0.02460856;0.0246026;65.6020000
58.0000020563602;65.5520630;65.5507058;0.02372706;0.02587185;65.6250000
59.0000040829182;65.5750729;65.5760378;0.02322713;0.02544687;65.6480000
60.0000023841858;65.5990425;65.5995816;0.02367463;0.02420875;65.6720000
61.0000044107437;65.6221455;65.6218738;0.02287142;0.02297032;65.6950000
62.0000027120113;65.6450620;65.6432122;0.02363025;0.02199284;65.7180000
63.000001013279;65.6690425;65.6654448;0.02413554;0.02221328;65.7410000
64.0000030398369;65.6921359;65.6886310;0.02330099;0.02281876;65.7640000
65.0000050663948;65.7151250;65.7122344;0.02332206;0.0233388;65.7870000
65.9999996423721;65.7381250;65.7360763;0.02322826;0.02366352;65.8100000
67.0000016689301;65.7611250;65.7597989;0.02314775;0.02367131;65.8330000
68.000003695488;65.7841250;65.7831639;0.02310708;0.02345404;65.8780000
69.0000057220459;65.8073365;65.8058733;0.02163764;0.02293388;65.8780000
70.0000002980232;65.8285175;65.8278078;0.03400518;0.02253234;65.9010000
71.0000023245811;65.8747597;65.8652395;0.03046859;0.03234017;65.9230000
72.0000043511391;65.8772523;65.8903331;0.002744393;0.02641536;65.9460000
73.000006377697;65.8979374;65.9007639;0.02431984;0.01688829;65.9680000
74.0000009536743;65.9201979;65.9168572;0.02270685;0.01658398;65.9900000
75.0000029802322;65.9431675;65.9375400;0.0233617;0.01926238;66.0120000
76.0000050067902;65.9652609;65.9613222;0.02234932;0.0221122;66.0350000
77.0000070333481;65.9872596;65.9856409;0.02211102;0.02346747;66.0570000
78.0000016093254;66.0091870;66.0093040;0.02241112;0.02353244;66.0790000
79.0000036358833;66.0321675;66.0323114;0.02271866;0.02315533;66.1010000
80.0000056624413;66.0542609;66.0545439;0.02187895;0.02252221;66.1230000
81.0000002384186;66.0762500;66.0757631;0.02205425;0.02171697;66.1440000
82.0000022649765;66.0982404;66.0969228;0.02221614;0.02138979;66.1660000
83.0000042915344;66.1203130;66.1186189;0.0217646;0.02159273;66.1880000
84.0000063180923;66.1413325;66.1403746;0.02137203;0.02167515;66.2090000
85.0000008940697;66.1632295;66.1625475;0.02223484;0.02202078;66.2310000
86.0000029206276;66.1853130;66.1851973;0.02158874;0.02240334;66.2520000
87.0000049471855;66.2063229;66.2074894;0.02120467;0.02229415;66.2740000
88.0000069737434;66.2283021;66.2291855;0.02156694;0.02192198;66.2950000
89.0000015497208;66.2493229;66.2502855;0.02122738;0.02138528;66.3160000
90.0000035762787;66.2712925;66.2712068;0.02174425;0.02113845;66.3370000
91.0000056028366;66.2923859;66.2920088;0.02095249;0.02091825;66.3590000
92.0000076293945;66.3133846;66.3126916;0.02100787;0.02078061;66.3800000
93.0000022053719;66.3343120;66.3334340;0.02152198;0.02079421;66.4010000
94.0000042319298;66.3562925;66.3550705;0.02187085;0.02136457;66.4210000
95.0000062584877;66.3773763;66.3770646;0.02101455;0.02173069;66.4420000
96.000000834465;66.3984380;66.3988799;0.02052661;0.02173558;66.4630000
97.0000028610229;66.4184575;66.4195627;0.02014216;0.0210148;66.4840000
98.0000048875809;66.4393641;66.4394707;0.02107764;0.02033889;66.5040000
99.0000069141388;66.4603654;66.4596171;0.02115271;0.02022902;66.5250000
100.000001490116;66.4814380;66.4800614;0.02072922;0.02039982;66.5450000
101.000003516674;66.5014479;66.5003270;0.02045952;0.02031814;66.5660000
102.000005543232;66.5224271;66.5207118;0.02085648;0.02039315;66.5860000
103.00000756979;66.5424479;66.5412754;0.02046527;0.02048665;66.6060000
104.000002145767;66.5634175;66.5618390;0.02091057;0.02057;66.6270000
105.000004172325;66.5835205;66.5825218;0.01995242;0.02061956;66.6470000
106.000006198883;66.6034370;66.6024894;0.02052973;0.02022499;66.6670000
107.000008225441;66.6244175;66.6228742;0.02090665;0.02034786;66.6870000
108.000002801418;66.6445109;66.6433186;0.02004332;0.02036565;66.7070000
109.000004827976;66.6645000;66.6634053;0.02012197;0.0201786;66.7270000
110.000006854534;66.6845000;66.6832537;0.02013886;0.01995947;66.7460000
111.000008881092;66.7044904;66.7029828;0.02023731;0.01982523;66.7660000
112.000003457069;66.7245630;66.7227716;0.01977544;0.01979321;66.7860000
113.000005483627;66.7435825;66.7421431;0.01942567;0.01950863;66.8050000
114.000007510185;66.7634795;66.7615146;0.02037778;0.01944699;66.8250000
115.000002086163;66.7835630;66.7814821;0.01980769;0.01977933;66.8440000
116.00000411272;66.8025729;66.8010921;0.01949962;0.01966286;66.8640000
117.000006139278;66.8225521;66.8207616;0.01986486;0.01967093;66.8830000
118.000008165836;66.8415729;66.8405503;0.01944857;0.01973271;66.9020000
119.000002741814;66.8615425;66.8602795;0.01987542;0.0197649;66.9210000
120.000004768372;66.8806359;66.8799490;0.01898701;0.01966667;66.9400000
121.00000679493;66.8996250;66.8993205;0.01903393;0.01946658;66.9600000
122.000008821487;66.9186346;66.9182748;0.01897075;0.01915131;66.9780000
123.000003397465;66.9375524;66.9369907;0.01955607;0.01889369;66.9970000
124.000005424023;66.9576055;66.9563622;0.01944907;0.01923142;67.0160000
125;66.9757184;66.9753164;0.01822057;0.01900223;67.0350000
126.000002026558;66.9946141;66.9938535;0.01917426;0.0187041;67.0540000
127.000004053116;67.0136250;67.0125097;0.01912426;0.01869437;67.0720000
128.000006079674;67.0326154;67.0315832;0.01918434;0.01896013;67.1090000
129.000008106232;67.0518611;67.0506567;0.01746199;0.01898407;67.1090000
130.00001013279;67.0683905;67.0693726;0.02710802;0.01896569;67.1280000
131.000012159348;67.1063267;67.1004862;0.02490594;0.02697621;67.1460000
131.999999284744;67.1083788;67.1215266;0.002033801;0.02206892;67.1640000
133.000001311302;67.1254714;67.1298713;0.0198558;0.01387087;67.1820000
134.00000333786;67.1437609;67.1429843;0.01799701;0.01356438;67.2010000
135.000005364418;67.1617596;67.1591372;0.01822284;0.01524173;67.2190000
136.000007390976;67.1796870;67.1774954;0.01866834;0.01723522;67.2370000
137.000009417534;67.1986675;67.1972245;0.01889548;0.01880025;67.2550000
138.000011444092;67.2167609;67.2168941;0.01789564;0.01926363;67.2720000
139.00001347065;67.2347404;67.2353119;0.01800566;0.01867272;67.2900000
140.000000596046;67.2528130;67.2530741;0.01754675;0.01809737;67.3080000
141.000002622604;67.2698325;67.2701210;0.01723316;0.01744149;67.3260000
142.000004649162;67.2877391;67.2872275;0.01814652;0.01729105;67.3610000
143.00000667572;67.3059134;67.3050493;0.01691756;0.01761399;67.3610000
144.000008702278;67.3225056;67.3229307;0.02641129;0.01798556;67.3780000
145.000010728836;67.3584724;67.3529119;0.02354401;0.02586032;67.3960000
146.000012755394;67.3604830;67.3725814;0.001481454;0.02082464;67.4130000
146.999999880791;67.3756268;67.3791975;0.01854813;0.01230539;67.4300000
148.000001907349;67.3937925;67.3911184;0.01803264;0.01232868;67.4470000
149.000003933907;67.4108859;67.4069733;0.01734641;0.01462226;67.4640000
150.000005960464;67.4278750;67.4250931;0.01730995;0.01679994;67.4820000
151.000007987022;67.4448846;67.4438089;0.01705052;0.01795188;67.4990000
152.00001001358;67.4618120;67.4617499;0.01743107;0.01790924;67.5150000
153.000012040138;67.4797829;67.4792141;0.01786741;0.01762775;67.5320000
154.000014066696;67.4969489;67.4963206;0.01655633;0.01728537;67.5490000
155.000001192093;67.5129575;67.5124139;0.01632586;0.01652457;67.5660000
156.000003218651;67.5298641;67.5284475;0.01724735;0.01624749;67.5820000
157.000005245209;67.5468654;67.5451964;0.01725529;0.01656883;67.5990000
158.000007271767;67.5639380;67.5624222;0.01674473;0.01697873;67.6150000
159.000009298325;67.5799479;67.5790519;0.01643446;0.01671694;67.6320000
160.000011324883;67.5969271;67.5953836;0.01683734;0.01646833;67.6480000
161.00001335144;67.6129479;67.6114172;0.01650518;0.01616964;67.6650000
162.000000476837;67.6299271;67.6275701;0.01692797;0.01618921;67.6810000
163.000002503395;67.6459479;67.6438421;0.01656926;0.01623937;67.6970000
164.000004529953;67.6629175;67.6604122;0.01701383;0.01646334;67.7130000
165.000006556511;67.6790109;67.6772207;0.01610994;0.0166634;67.7290000
166.000008583069;67.6950000;67.6936120;0.01615465;0.01647805;67.7450000
167.000010609627;67.7110000;67.7097649;0.01613761;0.01625493;67.7610000
168.000012636185;67.7270000;67.7257985;0.01613387;0.01611063;67.7770000
169.000014662743;67.7430000;67.7415938;0.01615667;0.01590797;67.7930000
170.000001788139;67.7590000;67.7573890;0.01617949;0.01582381;67.8080000
171.000003814697;67.7749904;67.7731246;0.01627722;0.01577848;67.8240000
172.000005841255;67.7910630;67.7890390;0.01580135;0.01585373;67.8400000
173.000007867813;67.8060825;67.8046555;0.01542429;0.0156907;67.8550000
174.000009894371;67.8219795;67.8202123;0.01635575;0.01565803;67.8710000
175.000011920929;67.8380630;67.8363651;0.01576502;0.01597311;67.8860000
176.000013947487;67.8530729;67.8521604;0.0154363;0.01583274;67.9010000
177.000001072884;67.8690425;67.8678960;0.01586244;0.01578814;67.9160000
178.000003099442;67.8841359;67.8834528;0.01498659;0.01560997;67.9320000
179.000005125999;67.8991346;67.8986520;0.01498443;0.01533873;67.9470000
180.000007152557;67.9140620;67.9135532;0.01548084;0.01506699;67.9620000
181.000009179115;67.9300425;67.9290504;0.01584524;0.01535663;67.9770000
182.000011205673;67.9451359;67.9446072;0.01496939;0.01546898;67.9920000
183.000013232231;67.9601250;67.9597468;0.01504214;0.01526286;68.0070000
184.000015258789;67.9751250;67.9746479;0.01505316;0.01505312;68.0210000
185.000002384186;67.9901154;67.9894299;0.01514571;0.01492138;68.0360000
186.000004410744;68.0051880;68.0043310;0.01467133;0.01493634;68.0510000
187.000006437302;68.0192075;68.0189342;0.01429575;0.01471269;68.0800000
188.00000846386;68.0342487;68.0333585;0.014218;0.01454635;68.0800000
189.000010490417;68.0480985;68.0480808;0.02198016;0.01481966;68.0940000
190.000012516975;68.0779058;68.0730552;0.01953328;0.02148242;68.1090000
191.000014543533;68.0795779;68.0899829;0.001142785;0.01768493;68.1230000
192.00000166893;68.0920345;68.0960626;0.01522861;0.01071528;68.1370000
193.000003695488;68.1071675;68.1062550;0.01483637;0.01057611;68.1510000
194.000005722046;68.1212609;68.1194872;0.0141081;0.01226416;68.1650000
195.000007748604;68.1352500;68.1340307;0.01413585;0.01370538;68.1800000
196.000009775162;68.1492596;68.1487531;0.0139871;0.01431007;68.1940000
197.00001180172;68.1631870;68.1629390;0.01445179;0.01422499;68.2070000
198.000013828278;68.1781579;68.1773633;0.01489257;0.01436283;68.2210000
199.000015854836;68.1923239;68.1920857;0.01351287;0.01456566;68.2350000
200.000002980232;68.2053325;68.2061524;0.01317395;0.01421839;68.2490000
201.00000500679;68.2192391;68.2200402;0.01400026;0.01401748;68.2630000
202.000007033348;68.2332500;68.2342857;0.0138846;0.01414944;68.2760000
203.000009059906;68.2472404;68.2482928;0.01395208;0.01406562;68.2900000
204.000011086464;68.2613130;68.2620019;0.01349909;0.01382689;68.3030000
205.000013113022;68.2743229;68.2751149;0.01324639;0.01333457;68.3170000
206.00001513958;68.2883021;68.2879895;0.01370019;0.01306689;68.3300000
207.000017166138;68.3013229;68.3009237;0.01337911;0.01294002;68.3430000
208.000004291534;68.3152925;68.3142752;0.01384804;0.01320359;68.3560000
209.000006318092;68.3283859;68.3278054;0.01297516;0.01338693;68.3700000
210.00000834465;68.3413846;68.3409185;0.01298259;0.01320191;68.3830000
211.000010371208;68.3543120;68.3540315;0.0134554;0.01316858;68.3960000
212.000012397766;68.3682925;68.3676213;0.01380948;0.0134838;68.4090000
213.000014424324;68.3813859;68.3813304;0.01291666;0.01359686;68.4220000
214.000016450882;68.3943750;68.3946222;0.01297246;0.01340229;68.4340000
215.000003576279;68.4073654;68.4074968;0.01305469;0.01306622;68.4470000
216.000005602837;68.4204380;68.4201926;0.01260319;0.01281023;68.4600000
217.000007629395;68.4324575;68.4325308;0.01225713;0.01246674;68.4730000
218.000009655952;68.4453641;68.4446305;0.01317125;0.01228231;68.4850000
219.00001168251;68.4583654;68.4571475;0.01320503;0.01244917;68.4980000
220.000013709068;68.4714380;68.4699625;0.01274024;0.01266459;68.5100000
221.000015735626;68.4834479;68.4824795;0.01244253;0.01255115;68.5230000
222.000017762184;68.4964271;68.4949369;0.0128314;0.01252368;68.5350000
223.000004887581;68.5084479;68.5073346;0.01245868;0.01242089;68.5470000
224.000006914139;68.5214175;68.5201496;0.01287597;0.01267867;68.5590000
225.000008940697;68.5335109;68.5329050;0.01197799;0.01268937;68.5720000
226.000010967255;68.5455096;68.5453028;0.0119537;0.01249378;68.5840000
227.000012993813;68.5574370;68.5571641;0.01245456;0.01210011;68.6080000
228.00001502037;68.5705329;68.5693235;0.01203742;0.01217286;68.6080000
229.000017046928;68.5816393;68.5814828;0.01784979;0.01228399;68.6200000
230.000004172325;68.6062664;68.6015696;0.01624987;0.01743349;68.6310000
231.000006198883;68.6076110;68.6149806;0.001357609;0.01414012;68.6430000
232.000008225441;68.6184323;68.6199278;0.01248344;0.00863103;68.6670000
233.000010251999;68.6296978;68.6275572;0.01067177;0.008100936;68.6670000
234.000012278557;68.6406175;68.6374516;0.01836413;0.009447572;68.6780000
235.000014305115;68.6652567;68.6578960;0.01661601;0.01664046;68.6900000
236.000016331673;68.6666836;68.6726779;0.001017351;0.01468208;68.7010000
237.000018358231;68.6764421;68.6779827;0.0122372;0.00901414;68.7130000
238.000005483627;68.6885521;68.6860890;0.0119398;0.008618803;68.7240000
239.000007510185;68.6995729;68.6966986;0.01165488;0.009901977;68.7350000
240.000009536743;68.7115425;68.7092156;0.01199396;0.01154163;68.7460000
241.000011563301;68.7226359;68.7220306;0.01097792;0.01226958;68.7580000
242.000013589859;68.7336346;68.7336535;0.01092856;0.01180607;68.7690000
243.000015616417;68.7445620;68.7442035;0.0114641;0.01104834;68.7800000
244.000017642975;68.7565425;68.7550515;0.01190082;0.01098444;68.7910000
245.000004768372;68.7676359;68.7663764;0.01105081;0.01119393;68.8020000
246.00000679493;68.7786250;68.7776417;0.01110956;0.0112443;68.8120000
247.000008821487;68.7896154;68.7886089;0.01118148;0.01108456;68.8230000
248.000010848045;68.8006880;68.7992782;0.01073292;0.01084161;68.8340000
249.000012874603;68.8107075;68.8093514;0.01041639;0.01034487;68.8450000
250;68.8216141;68.8193649;0.01134012;0.01016538;68.8550000
251.000016927719;68.8326154;68.8301534;0.01134364;0.01057697;68.8660000
252.000004053116;68.8436880;68.8413591;0.01083533;0.01097774;68.8760000
253.000020980835;68.8536979;68.8523263;0.01048745;0.01094446;68.8870000
254.000008106232;68.8646771;68.8632936;0.01081951;0.01095253;68.8970000
255.000025033951;68.8746979;68.8740224;0.0104099;0.01079539;68.9070000
256.000012159348;68.8856675;68.8849300;0.01081687;0.01088166;68.9180000
256.999999284744;68.8957705;68.8957781;0.009841146;0.01085251;68.9280000
258.000016212463;68.9056870;68.9059109;0.01039921;0.0104074;68.9380000
259.00000333786;68.9166675;68.9160437;0.0108042;0.01026944;68.9480000
260.000020265579;68.9267609;68.9261765;0.009975594;0.01015679;68.9580000
261.000007390976;68.9367500;68.9361900;0.01006239;0.01005099;68.9680000
262.000024318695;68.9467500;68.9460248;0.0100808;0.009910756;68.9780000
263.000011444092;68.9567500;68.9559192;0.01009257;0.009897486;68.9880000
263.999998569489;68.9667500;68.9658135;0.01010434;0.009885879;68.9980000
265.000015497208;68.9767500;68.9758271;0.01010283;0.009950994;69.0170000
266.000002622604;68.9868365;68.9858407;0.009486926;0.009994431;69.0170000
267.000019550323;68.9960867;68.9958543;0.01453664;0.01011899;69.0270000
268.00000667572;69.0156378;69.0123052;0.01274208;0.01430738;69.0360000
269.000023603439;69.0166633;69.0233320;0.001173657;0.01166494;69.0460000
270.000010728836;69.0257041;69.0281004;0.01020404;0.007547578;69.0550000
271.000027656555;69.0348229;69.0351934;0.009293355;0.007371594;69.0650000
272.000014781952;69.0448021;69.0438360;0.009773005;0.008226973;69.0740000
273.000001907349;69.0538229;69.0533728;0.009384784;0.009035346;69.0830000
274.000018835068;69.0637925;69.0630883;0.009813161;0.009458679;69.0920000
275.000005960464;69.0728859;69.0727443;0.008926257;0.009559751;69.1010000
276.000022888184;69.0818750;69.0818638;0.009001248;0.009256297;69.1110000
277.00001001358;69.0908846;69.0909833;0.008919667;0.009152002;69.1200000
278.000026941299;69.0998120;69.1001028;0.009391753;0.009131484;69.1290000
279.000014066696;69.1097925;69.1095800;0.009758377;0.009361605;69.1380000
280.000001192093;69.1188859;69.1189975;0.008898047;0.009370622;69.1460000
281.000018119812;69.1278654;69.1277594;0.009081146;0.008979103;69.1550000
282.000005245209;69.1369380;69.1365213;0.008622274;0.008837947;69.1640000
283.000022172928;69.1449575;69.1447467;0.008288786;0.008428265;69.1730000
284.000009298325;69.1538641;69.1530317;0.009182262;0.00835456;69.1810000
285.000026226044;69.1628654;69.1617340;0.009195394;0.008607485;69.1900000
286.00001335144;69.1719380;69.1708535;0.008696679;0.008923858;69.1980000
287.000000476837;69.1799479;69.1797346;0.0083584;0.008886545;69.2070000
288.000017404556;69.1889271;69.1884369;0.008719981;0.008829224;69.2150000
289.000004529953;69.1969479;69.1970796;0.008319961;0.008699282;69.2240000
290.000021457672;69.2059271;69.2058415;0.008674902;0.008750422;69.2320000
291.000008583069;69.2139479;69.2144841;0.008274892;0.008665481;69.2400000
292.000025510788;69.2229175;69.2229480;0.008731302;0.00855477;69.2480000
293.000012636185;69.2310109;69.2314715;0.007859162;0.008500979;69.2570000
293.999999761581;69.2390096;69.2393989;0.007887289;0.008132174;69.2650000
295.000016689301;69.2469370;69.2472071;0.008394059;0.007931839;69.2730000
296.000003814697;69.2559175;69.2554921;0.008782097;0.008174285;69.2810000
297.000020742416;69.2640109;69.2639560;0.007916598;0.008338853;69.2890000
298.000007867813;69.2720000;69.2721218;0.007986429;0.008241527;69.2960000
299.000024795532;69.2799904;69.2799300;0.008076065;0.00798921;69.3040000
300.000011920929;69.2880630;69.2877978;0.007605394;0.007914869;69.3120000
301.000028848648;69.2950825;69.2951888;0.007253455;0.007539154;69.3200000
302.000015974045;69.3029891;69.3025202;0.008141762;0.007417366;69.3270000
303.000003099442;69.3109904;69.3102092;0.008156375;0.007590555;69.3350000
304.000020027161;69.3190630;69.3181366;0.007679063;0.007801961;69.3420000
305.000007152557;69.3260729;69.3258852;0.007355548;0.007754509;69.3500000
306.000024080276;69.3340521;69.3333954;0.007738532;0.007632222;69.3570000
307.000011205673;69.3410729;69.3410248;0.007339994;0.007614563;69.3650000
308.000028133392;69.3490521;69.3486542;0.007709697;0.007638121;69.3720000
309.000015258789;69.3560729;69.3561644;0.00732444;0.007525337;69.3790000
310.000002384186;69.3640425;69.3637938;0.00776241;0.007615708;69.3870000
311.000019311905;69.3711455;69.3713039;0.006823497;0.007558908;69.4010000
312.000006437302;69.3781293;69.3780989;0.006942189;0.007067914;69.4010000
313.000023365021;69.3855341;69.3852514;0.01122062;0.00720384;69.4080000
314.000010490417;69.3999996;69.3975896;0.009352826;0.01054492;69.4150000
315.000027418137;69.4007787;69.4056958;0.0006826175;0.008575213;69.4290000
316.000014543533;69.4071160;69.4084376;0.006994026;0.005070134;69.4290000
317.00000166893;69.4136166;69.4130272;0.0105201;0.004919132;69.4360000
318.000018596649;69.4279887;69.4242925;0.009585649;0.009068032;69.4420000
319.000005722046;69.4287691;69.4327563;0.0008555611;0.008224505;69.4490000
320.000022649765;69.4351118;69.4362134;0.007079736;0.005336316;69.4560000
321.000009775162;69.4412075;69.4407434;0.006317008;0.004883809;69.4620000
322.000026702881;69.4481045;69.4464058;0.007348119;0.005447544;69.4690000
323.000013828278;69.4551880;69.4534988;0.006764053;0.00648843;69.4820000
324.000000953674;69.4612652;69.4603533;0.005950885;0.006653769;69.4820000
325.000017881393;69.4676687;69.4668502;0.01021099;0.006641304;69.4890000
326.00000500679;69.4810712;69.4776386;0.00882158;0.009384808;69.4950000
327.000021934509;69.4817582;69.4850296;0.001024832;0.007724221;69.5010000
328.000009059906;69.4881021;69.4883675;0.007242239;0.005108588;69.5080000
329.000025987625;69.4942705;69.4934339;0.005934357;0.005102498;69.5140000
330.000013113022;69.5001870;69.4990367;0.006552317;0.00542623;69.5200000
331.000030040741;69.5071675;69.5053548;0.006936667;0.006049192;69.5260000
332.000017166138;69.5132609;69.5117325;0.006080772;0.006219274;69.5320000
333.000004291534;69.5192500;69.5180506;0.006133634;0.006265355;69.5380000
334.000021219254;69.5252500;69.5242495;0.006111473;0.006223072;69.5440000
335.00000834465;69.5312500;69.5306868;0.00606275;0.006356385;69.5500000
336.000025272369;69.5372500;69.5368857;0.006040589;0.006251518;69.5560000
337.000012397766;69.5432500;69.5428461;0.006045001;0.006049;69.5620000
338.000029325485;69.5492500;69.5485086;0.006082605;0.005792117;69.5680000
339.000016450882;69.5552500;69.5542902;0.006106938;0.005794919;69.5730000
340.000003576279;69.5612404;69.5601315;0.006192887;0.00585383;69.5790000
341.000020503998;69.5673130;69.5660323;0.005718539;0.005900524;69.5850000
342.000007629395;69.5723325;69.5715160;0.005356272;0.005614265;69.5900000
343.000024557114;69.5782295;69.5765823;0.006342381;0.005324899;69.5960000
344.00001168251;69.5843130;69.5821852;0.00581292;0.00551793;69.6020000
345.000028610229;69.5893325;69.5877880;0.005437383;0.005565972;69.6070000
346.000015735626;69.5952295;69.5933909;0.006363706;0.00562546;69.6120000
347.000002861023;69.6013034;69.5994705;0.005849399;0.005918587;69.6180000
348.000019788742;69.6063955;69.6052522;0.004968529;0.005809446;69.6230000
349.000006914139;69.6113120;69.6102590;0.005541475;0.005294121;69.6280000
350.000023841858;69.6172925;69.6155638;0.005927308;0.005315047;69.6340000
351.000010967255;69.6223955;69.6209878;0.004997988;0.005351542;69.6390000
352.000027894974;69.6273120;69.6259350;0.005577575;0.005087262;69.6440000
353.00001502037;69.6332925;69.6312398;0.005963407;0.005229642;69.6490000
354.000002145767;69.6383859;69.6367234;0.005095713;0.005390262;69.6540000
355.000019073486;69.6433750;69.6419090;0.005163338;0.005257898;69.6590000
356.000006198883;69.6483750;69.6469158;0.00516258;0.005105653;69.6640000
357.000023126602;69.6533750;69.6518034;0.005175104;0.004957282;69.6690000
358.000010251999;69.6583750;69.6566910;0.005187627;0.004901225;69.6740000
359.000027179718;69.6633750;69.6616978;0.005186869;0.004952975;69.6780000
360.000014305115;69.6683654;69.6666450;0.005261018;0.004948817;69.6830000
361.000031232834;69.6734380;69.6717710;0.004761579;0.005052557;69.6930000
362.000018358231;69.6775056;69.6764797;0.004032923;0.004806703;69.6930000
363.000005483627;69.6820009;69.6808905;0.007680683;0.004632063;69.6970000
364.000022411346;69.6922680;69.6891755;0.006966628;0.007044647;69.7020000
365.000009536743;69.6929049;69.6953148;0.000186247;0.006188676;69.7060000
366.000026464462;69.6963934;69.6975202;0.004656681;0.003773195;69.7110000
367.000013589859;69.7014271;69.7008580;0.004728772;0.003562333;69.7150000
368.000030517578;69.7054479;69.7051496;0.004367871;0.00402711;69.7200000
369.000017642975;69.7104271;69.7099179;0.004722098;0.004519022;69.7240000
370.000004768372;69.7144479;69.7146863;0.004308073;0.004660654;69.7280000
371.000021696091;69.7194175;69.7192759;0.004750477;0.004610098;69.7330000
372.000008821487;69.7235205;69.7238654;0.003802717;0.004574592;69.7370000
373.000025749207;69.7274370;69.7279781;0.004363865;0.004307788;69.7410000
374.000012874603;69.7324175;69.7322101;0.004757808;0.004279335;69.7450000
375.000029802322;69.7365109;69.7366804;0.003891596;0.00437384;69.7490000
376.000016927719;69.7405000;69.7406739;0.003980624;0.004119172;69.7530000
377.000004053116;69.7445000;69.7444290;0.00400791;0.0038742;69.7570000
378.000020980835;69.7485000;69.7480649;0.004048477;0.003727449;69.7610000
379.000008106232;69.7525000;69.7517008;0.004089044;0.003676182;69.7650000
380.000025033951;69.7565000;69.7554559;0.004116331;0.003730918;69.7690000
381.000012159348;69.7605000;69.7593302;0.004130336;0.00383794;69.7730000
382.000029087067;69.7645000;69.7633237;0.00413106;0.003932634;69.7770000
383.000016212463;69.7685000;69.7674960;0.004111863;0.004083638;69.7810000
384.00000333786;69.7725000;69.7716683;0.004092666;0.004167905;69.7840000
385.000020265579;69.7764904;69.7758407;0.004141724;0.004167179;69.7880000
386.000007390976;69.7805630;69.7801322;0.003623845;0.004244606;69.7920000
387.000024318695;69.7835825;69.7838277;0.00323798;0.003894166;69.7950000
388.000011444092;69.7874795;69.7871060;0.004200468;0.003558338;69.7990000
389.000028371811;69.7915630;69.7907418;0.003667342;0.003643405;69.8020000
390.000015497208;69.7945729;69.7941393;0.003382946;0.003487704;69.8060000
391.000032424927;69.7985521;69.7975368;0.003778487;0.003433506;69.8090000
392.000019550323;69.8015729;69.8009342;0.003405798;0.003433962;69.8130000
393.00000667572;69.8055521;69.8043317;0.003801338;0.003432266;69.8160000
394.000023603439;69.8085729;69.8077888;0.003421998;0.0034162;69.8190000
395.000010728836;69.8125425;69.8114842;0.003852613;0.00360808;69.8230000
396.000027656555;69.8156455;69.8151797;0.002893044;0.003663542;69.8260000
397.000014781952;69.8185620;69.8183984;0.003442382;0.003391798;69.8290000
398.000031709671;69.8225425;69.8218555;0.003811244;0.003463411;69.8320000
399.000018835068;69.8256359;69.8253721;0.002939873;0.003482113;69.8360000
400.000005960464;69.8286346;69.8285908;0.002935544;0.003306014;69.8420000
401.000022888184;69.8315908;69.8315114;0.003224992;0.003075649;69.8420000
402.00001001358;69.8353246;69.8346705;0.005288047;0.003182732;69.8450000
403.000026941299;69.8415775;69.8400349;0.004013995;0.004599358;69.8480000
404.000014066696;69.8419052;69.8436112;0.0003372654;0.003777777;69.8510000
405.000030994415;69.8445923;69.8451609;0.003205203;0.002423594;69.8540000
406.000018119812;69.8476250;69.8474259;0.003022183;0.002354349;69.8560000
407.000005245209;69.8506154;69.8501677;0.003119217;0.00259847;69.8590000
408.000022172928;69.8536880;69.8533863;0.002609461;0.00297275;69.8620000
409.000009298325;69.8557075;69.8561281;0.002218437;0.002780607;69.8650000
410.000026226044;69.8586141;69.8586911;0.003080939;0.002649108;69.8680000
411.00001335144;69.8616250;69.8614925;0.003014763;0.002769961;69.8700000
412.00003027916;69.8646154;69.8645920;0.003071943;0.002996896;69.8730000
413.000017404556;69.8676880;69.8679298;0.002548905;0.003211095;69.8760000
414.000034332275;69.8697075;69.8707313;0.00215123;0.00292532;69.8780000
415.000021457672;69.8726045;69.8732347;0.003088638;0.002675286;69.8810000
416.000008583069;69.8756880;69.8759169;0.002550343;0.002688922;69.8860000
417.000025510788;69.8777267;69.8783607;0.002055989;0.002494718;69.8860000
418.000012636185;69.8804592;69.8807448;0.004114012;0.002448173;69.8880000
419.000029563904;69.8856395;69.8847980;0.003360034;0.003498001;69.8910000
420.000016689301;69.8859573;69.8875398;1.638987E-05;0.002872841;69.8930000
421.00003361702;69.8876652;69.8884935;0.002510903;0.001688875;69.8950000
422.000020742416;69.8906675;69.8902816;0.002777697;0.001805364;69.8980000
423.000007867813;69.8927705;69.8927850;0.00183953;0.002233947;69.9000000
424.000024795532;69.8946870;69.8949904;0.00239035;0.002198437;69.9040000
425.000011920929;69.8976867;69.8974938;0.002617521;0.002391704;69.9040000
426.000028848648;69.8996156;69.8998779;0.002868236;0.002365815;69.9070000
427.000015974045;69.9037207;69.9030966;0.002621293;0.002917474;69.9090000
428.000032901764;69.9038737;69.9052424;0.0006232187;0.00232221;69.9110000
429.000020027161;69.9066457;69.9066729;0.002910706;0.001815719;69.9150000
430.000007152557;69.9087801;69.9088782;0.00176088;0.002045779;69.9150000
431.000024080276;69.9106047;69.9108452;0.002960183;0.001991949;69.9170000
432.000011205673;69.9147111;69.9138850;0.002713135;0.002674058;69.9190000
433.000028133392;69.9149368;69.9159712;0.0002363123;0.002183428;69.9210000
434.000015258789;69.9167282;69.9168057;0.002170402;0.001380418;69.9230000
435.000032186508;69.9187500;69.9181170;0.002070527;0.0013695;69.9250000
436.000019311905;69.9207500;69.9197859;0.002107417;0.001562292;69.9270000
437.000006437302;69.9227500;69.9218721;0.002097813;0.001890984;69.9280000
438.000023365021;69.9247404;69.9240178;0.002149846;0.002057598;69.9300000
439.000010490417;69.9268130;69.9262232;0.00164156;0.002140075;69.9320000
440.000027418137;69.9278325;69.9280113;0.001245378;0.001880288;69.9340000
441.000014543533;69.9297391;69.9294418;0.002122642;0.001622901;69.9350000
442.000031471252;69.9317404;69.9311704;0.002132844;0.001706678;69.9370000
443.000018596649;69.9338130;69.9331373;0.001651131;0.00187252;69.9390000
444.000035524368;69.9348325;69.9347467;0.001274859;0.001688185;69.9400000
445.000022649765;69.9367295;69.9361176;0.00222703;0.001517614;69.9420000
446.000009775162;69.9388130;69.9379057;0.001676935;0.00168801;69.9440000
447.000026702881;69.9398325;69.9395746;0.001294034;0.001661032;69.9450000
448.000013828278;69.9417295;69.9411244;0.002226273;0.001623174;69.9470000
449.000030755997;69.9438130;69.9430317;0.001662897;0.001809401;69.9480000
450.000017881393;69.9448229;69.9446410;0.001354902;0.001671419;69.9500000
451.000034809113;69.9468021;69.9461311;0.001740125;0.00156682;69.9510000
452.000021934509;69.9478229;69.9476213;0.001357097;0.001483063;69.9520000
453.000009059906;69.9497925;69.9491710;0.001803947;0.001535128;69.9540000
454.000025987625;69.9508955;69.9507207;0.0008606215;0.001514024;69.9570000
455.000013113022;69.9518312;69.9516744;0.001302952;0.001142619;69.9570000
456.000030040741;69.9536569;69.9529261;0.002733767;0.001248387;69.9580000
457.000017166138;69.9567839;69.9553699;0.002113273;0.002029462;69.9590000
458.000034093857;69.9569793;69.9573964;3.979086E-05;0.001935213;69.9600000
459.000021219254;69.9578641;69.9581713;0.001055291;0.001201285;69.9620000
460.00000834465;69.9588846;69.9588865;0.000930664;0.0009073205;69.9630000
461.000025272369;69.9598120;69.9597806;0.001427652;0.0008996245;69.9640000
462.000012397766;69.9617925;69.9611515;0.001806119;0.00122808;69.9650000
463.000029325485;69.9628859;69.9626416;0.0009377009;0.00137278;69.9660000
464.000016450882;69.9638750;69.9640125;0.00098468;0.001359958;69.9670000
465.000033378601;69.9648750;69.9650854;0.0009765577;0.001205626;69.9680000
466.000020503998;69.9658750;69.9660987;0.0009750758;0.001085408;69.9690000
467.000007629395;69.9668750;69.9671120;0.000973594;0.00105802;69.9710000
468.000024557114;69.9678846;69.9679464;0.0009237784;0.0009379945;69.9720000
469.00001168251;69.9688120;69.9687809;0.001427619;0.000894934;69.9730000
470.000028610229;69.9707925;69.9699134;0.001832648;0.001086705;69.9730000
471.000015735626;69.9718763;69.9714631;0.001025855;0.00136159;69.9740000
472.000032663345;69.9729380;69.9728340;0.0005874338;0.001356903;69.9760000
473.000019788742;69.9729671;69.9734897;0.0001377367;0.0008647412;69.9760000
474.000036716461;69.9737915;69.9737281;0.001590072;0.0004975339;69.9770000
475.000023841858;69.9758555;69.9748010;0.001428037;0.0008896426;69.9780000
476.000010967255;69.9759684;69.9760527;0.0001663888;0.001063438;69.9790000
477.000027894974;69.9768641;69.9767083;0.001106877;0.0008232713;69.9800000
478.00001502037;69.9778750;69.9777216;0.001017091;0.0009610646;69.9800000
479.00003194809;69.9788654;69.9787945;0.001077235;0.001049007;69.9810000
480.000019073486;69.9799380;69.9799866;0.0005704315;0.001130685;69.9820000
481.000036001205;69.9799575;69.9806422;0.0001890119;0.0008035455;69.9830000
482.000023126602;69.9808641;69.9809403;0.001081028;0.0004887671;69.9830000
483.000010251999;69.9818654;69.9816555;0.001092722;0.0006518534;69.9840000
484.000027179718;69.9829380;69.9824900;0.0006257614;0.0007867051;69.9850000
485.000014305115;69.9829575;69.9830860;0.0002509823;0.0006311751;69.9850000
486.000031232834;69.9838545;69.9835033;0.001197984;0.0005008928;69.9860000
487.000018358231;69.9849380;69.9843973;0.0006360898;0.0007536475;69.9870000
488.00003528595;69.9849575;69.9849934;0.0002612996;0.0006402865;69.9870000
489.000022411346;69.9858545;69.9855298;0.001195031;0.0005876093;69.9880000
490.000009536743;69.9869380;69.9864239;0.0006331261;0.0007753308;69.9880000
491.000026464462;69.9869479;69.9871987;0.0003066919;0.0007559263;69.9890000
492.000013589859;69.9879271;69.9877948;0.0006801051;0.0006866442;69.9890000
493.000030517578;69.9879479;69.9882716;0.0002985696;0.0005408932;69.9900000
494.000017642975;69.9889271;69.9887485;0.0006852637;0.0005357422;69.9900000
495.000034570694;69.9889479;69.9891657;0.0003103687;0.0004491234;69.9910000
496.000021696091;69.9899271;69.9896425;0.0006970739;0.0004911064;69.9910000
497.000008821487;69.9899479;69.9900598;0.0003221678;0.0004344022;69.9920000
498.000025749207;69.9909271;69.9905962;0.0007022326;0.0005133707;69.9920000
499.000012874603;69.9909479;69.9910134;0.0003273376;0.0004406953;69.9930000
500;69.9919271;69.9916095;0.0007007507;0.0005480532;69.9930000
501.000046730042;69.9919479;69.9921459;0.0003125748;0.0005339695;69.9930000
502.000033855438;69.9929175;69.9927420;0.0007542542;0.0006050995;69.9940000
503.000020980835;69.9930205;69.9932784;-0.0001875888;0.0005723936;69.9940000
504.000008106232;69.9929370;69.9933380;0.0003794752;0.0002492195;69.9950000
504.999995231628;69.9939271;69.9936360;0.0006977982;0.0003108993;69.9950000
506.00004196167;69.9939479;69.9940533;0.000322892;0.0003650936;69.9950000
507.000029087067;69.9949175;69.9945301;0.0007778636;0.0004446608;69.9960000
508.000016212463;69.9950205;69.9951262;-0.0001706311;0.0004819826;69.9960000
509.00000333786;69.9949370;69.9953646;0.0003765115;0.0003045893;69.9960000
510.000050067902;69.9959175;69.9957818;0.0007498199;0.0003988025;69.9960000
511.000037193298;69.9960109;69.9962586;-0.0001171165;0.0004464009;69.9970000
512.000024318695;69.9960096;69.9963779;-0.000110371;0.0002373664;69.9970000
513.000011444092;69.9959370;69.9963184;0.000381659;3.962334E-05;69.9970000
513.999998569489;69.9969175;69.9964971;0.0007815404;0.0001374116;69.9970000
515.00004529953;69.9970109;69.9969739;-8.539588E-05;0.0003023162;69.9970000
516.000032424927;69.9970000;69.9972719;-3.029443E-05;0.0002950977;69.9980000
517.000019550323;69.9970096;69.9973315;-0.0001052012;0.0001568716;69.9980000
518.00000667572;69.9969370;69.9972720;0.0003868288;3.179024E-05;69.9980000
519.000053405762;69.9979175;69.9974507;0.0007867102;0.0001343587;69.9980000
520.000040531158;69.9980109;69.9979276;-8.023725E-05;0.0003298211;69.9980000
521.000027656555;69.9980000;69.9981660;-1.849531E-05;0.0002683765;69.9990000
522.000014781952;69.9980096;69.9982256;-9.340212E-05;0.000127827;69.9990000
523.000001907349;69.9979370;69.9981661;0.0003986279;-3.069046E-06;69.9990000
524.00004863739;69.9989175;69.9984044;0.0007918688;0.0001685179;69.9990000
525.000035762787;69.9990109;69.9989409;-8.17191E-05;0.0003819925;69.9990000
526.000022888184;69.9990000;69.9991197;-1.333668E-05;0.0002433661;69.9990000
527.00001001358;69.9990000;69.9991793;-1.997716E-05;0.0001209829;69.9990000
527.999997138977;69.9990000;69.9991793;-1.997716E-05;4.715241E-05;69.9990000
529.000043869019;69.9990000;69.9991793;-1.997716E-05;1.837739E-05;69.9990000
530.000030994415;69.9990000;69.9991793;-1.997716E-05;7.162484E-06;69.9990000
531.000018119812;69.9990000;69.9991198;-1.334782E-05;-2.039825E-05;70.0000000
532.000005245209;69.9990096;69.9991198;-8.161415E-05;-7.950104E-06;70.0000000
533.00005197525;69.9989370;69.9991198;0.0004037865;-3.098508E-06;70.0000000
534.000039100647;69.9999175;69.9995369;0.000777106;0.0002874432;70.0000000
535.000026226044;70.0000109;70.0001330;-0.0001031224;0.0004723149;70.0000000
536.00001335144;70.0000000;70.0003714;-4.138047E-05;0.0003116425;70.0000000
537.000000476837;70.0000000;70.0004310;-4.802096E-05;0.0001446897;70.0000000
538.000047206879;70.0000000;70.0003715;-4.139161E-05;9.379637E-06;70.0000000
539.000034332275;70.0000000;70.0001927;-2.147016E-05;-0.000106776;70.0000000
540.000021457672;70.0000000;70.0000734;-8.178047E-06;-0.0001129435;70.0000000
541.000008583069;70.0000000;70.0000138;-1.537562E-06;-9.699685E-05;70.0000000
542.00005531311;70.0000000;70.0000733;-8.166905E-06;3.984773E-06;70.0000000
543.000042438507;70.0000000;70.0001926;-2.145902E-05;6.820927E-05;70.0000000
544.000029563904;70.0000000;70.0002522;-2.80995E-05;6.844316E-05;70.0000000
545.000016689301;70.0000000;70.0002522;-2.80995E-05;2.667534E-05;70.0000000
546.000003814697;70.0000000;70.0002522;-2.80995E-05;1.039656E-05;70.0000000
547.000050544739;70.0000000;70.0001927;-2.147016E-05;-2.203651E-05;70.0000000
548.000037670135;70.0000000;70.0001927;-2.147016E-05;-8.588604E-06;70.0000000
549.000024795532;70.0000000;70.0001331;-1.482967E-05;-3.274626E-05;70.0000000
550.000011920929;70.0000000;70.0001331;-1.482967E-05;-1.276267E-05;70.0000000
550.999999046326;70.0000000;70.0001926;-2.145902E-05;1.821561E-05;70.0000000
552.000045776367;70.0000000;70.0001926;-2.145902E-05;7.099432E-06;70.0000000
553.000032901764;70.0000000;70.0001926;-2.145902E-05;2.766963E-06;70.0000000
554.000020027161;70.0000000;70.0001926;-2.145902E-05;1.078408E-06;70.0000000
555.000007152557;70.0000000;70.0001926;-2.145902E-05;4.203035E-07;70.0000000
556.000053882599;70.0000000;70.0001331;-1.482967E-05;-4.162494E-05;70.0000000
557.000041007996;70.0000000;70.0000734;-8.178047E-06;-4.935234E-05;70.0000000
558.000028133392;70.0000000;70.0000734;-8.178047E-06;-1.923479E-05;70.0000000
559.000015258789;70.0000000;70.0000734;-8.178047E-06;-7.496652E-06;70.0000000
560.000002384186;70.0000000;70.0000734;-8.178047E-06;-2.921778E-06;70.0000000
561.000049114227;70.0000000;70.0001330;-1.481853E-05;2.499361E-05;70.0000000
562.000036239624;70.0000000;70.0001926;-2.145902E-05;4.69491E-05;70.0000000
563.000023365021;70.0000000;70.0001331;-1.482967E-05;-1.472013E-05;70.0000000
564.000010490417;70.0000000;70.0001331;-1.482967E-05;-5.737086E-06;70.0000000
564.999997615814;70.0000000;70.0001331;-1.482967E-05;-2.235997E-06;70.0000000
566.000044345856;70.0000000;70.0000734;-8.178047E-06;-3.400073E-05;70.0000000
567.000031471252;70.0000000;70.0000734;-8.178047E-06;-1.325159E-05;70.0000000
568.000018596649;70.0000000;70.0000734;-8.178047E-06;-5.164733E-06;70.0000000
569.000005722046;70.0000000;70.0000734;-8.178047E-06;-2.012925E-06;70.0000000
570.000052452087;70.0000000;70.0000734;-8.178047E-06;-7.845262E-07;70.0000000
571.000039577484;70.0000000;70.0000734;-8.178047E-06;-3.057647E-07;70.0000000
572.000026702881;70.0000000;70.0000734;-8.178047E-06;-1.1917E-07;70.0000000
573.000013828278;70.0000000;70.0001330;-1.481853E-05;2.318232E-05;70.0000000
574.000000953674;70.0000000;70.0001330;-1.481853E-05;9.035178E-06;70.0000000
575.000047683716;70.0000000;70.0001330;-1.481853E-05;3.52141E-06;70.0000000
576.000034809113;70.0000000;70.0001330;-1.481853E-05;1.372449E-06;70.0000000
577.000021934509;70.0000000;70.0001330;-1.481853E-05;5.349044E-07;70.0000000
578.000009059906;70.0000000;70.0001330;-1.481853E-05;2.08476E-07;70.0000000
579.000055789948;70.0000000;70.0001330;-1.481853E-05;8.125233E-08;70.0000000
580.000042915344;70.0000000;70.0001330;-1.481853E-05;3.166764E-08;70.0000000
581.000030040741;70.0000000;70.0000734;-8.178047E-06;-4.707901E-05;70.0000000
582.000017166138;70.0000000;70.0000734;-8.178047E-06;-1.834878E-05;70.0000000
583.000004291534;70.0000000;70.0000138;-1.537562E-06;-4.02251E-05;70.0000000
584.000051021576;70.0000000;69.9999542;5.102923E-06;-5.753649E-05;70.0000000
585.000038146973;70.0000000;69.9999542;5.102923E-06;-2.242452E-05;70.0000000
586.000025272369;70.0000000;70.0000137;-1.52642E-06;3.304893E-05;70.0000000
587.000012397766;70.0000000;70.0000137;-1.52642E-06;1.288063E-05;70.0000000
587.999999523163;70.0000000;70.0000733;-8.166905E-06;5.799793E-05;70.0000000
589.000046253204;70.0000000;70.0000733;-8.166905E-06;2.260436E-05;70.0000000
590.000033378601;70.0000000;70.0000138;-1.537562E-06;-4.407897E-05;70.0000000
591.000020503998;70.0000000;70.0000138;-1.537562E-06;-1.717953E-05;70.0000000
592.000007629395;70.0000000;69.9999542;5.102923E-06;-3.282798E-05;70.0000000
593.000054359436;70.0000000;69.9999542;5.102923E-06;-1.279452E-05;70.0000000
594.000041484833;70.0000000;70.0000137;-1.52642E-06;2.110192E-05;70.0000000
595.000028610229;70.0000000;70.0000137;-1.52642E-06;8.224356E-06;70.0000000
596.000015735626;70.0000000;70.0001330;-1.481853E-05;8.567097E-05;70.0000000
597.000002861023;70.0000000;70.0001330;-1.481853E-05;3.338977E-05;70.0000000
598.000049591064;70.0000000;70.0000734;-8.178047E-06;-1.311888E-05;70.0000000
599.000036716461;70.0000000;70.0000734;-8.178047E-06;-5.113011E-06;70.0000000
600.000023841858;70.0000000;70.0000138;-1.537562E-06;-2.522153E-05;70.0000000
601.000010967255;70.0000000;69.9999542;5.102923E-06;-4.290372E-05;70.0000000
602.000057697296;70.0000000;69.9999542;5.102923E-06;-1.672148E-05;70.0000000
603.000044822693;70.0000000;70.0000733;-8.166905E-06;7.254919E-05;70.0000000
604.00003194809;70.0000000;70.0001926;-2.145902E-05;0.0001126374;70.0000000
605.000019073486;70.0000000;70.0001926;-2.145902E-05;4.389979E-05;70.0000000
606.000006198883;70.0000000;70.0001926;-2.145902E-05;1.71097E-05;70.0000000
607.000052928925;70.0000000;70.0000734;-8.178047E-06;-5.845061E-05;70.0000000
608.000040054321;70.0000000;70.0000734;-8.178047E-06;-2.278079E-05;70.0000000
609.000027179718;70.0000000;70.0000734;-8.178047E-06;-8.878685E-06;70.0000000
610.000014305115;70.0000000;70.0000734;-8.178047E-06;-3.460417E-06;70.0000000
611.000001430511;70.0000000;70.0000138;-1.537562E-06;-3.074758E-05;70.0000000
612.000048160553;70.0000000;70.0000138;-1.537562E-06;-1.19837E-05;70.0000000
613.00003528595;70.0000000;70.0000138;-1.537562E-06;-4.670578E-06;70.0000000
614.000022411346;70.0000000;69.9999542;5.102923E-06;-5.479811E-05;70.0000000
615.000009536743;70.0000000;69.9999542;5.102923E-06;-2.135725E-05;70.0000000
616.000056266785;70.0000000;70.0000137;-1.52642E-06;2.469441E-05;70.0000000
617.000043392181;70.0000000;70.0000137;-1.52642E-06;9.624504E-06;70.0000000
618.000030517578;70.0000000;70.0000137;-1.52642E-06;3.751096E-06;70.0000000
619.000017642975;70.0000000;70.0000137;-1.52642E-06;1.461968E-06;70.0000000
620.000004768372;70.0000000;70.0000137;-1.52642E-06;5.697939E-07;70.0000000
621.000051498413;70.0000000;70.0000137;-1.52642E-06;2.220739E-07;70.0000000
622.00003862381;70.0000000;69.9999542;5.102923E-06;-2.926302E-05;70.0000000
623.000025749207;70.0000000;69.9999542;5.102923E-06;-1.14051E-05;70.0000000
624.000012874603;70.0000000;69.9999542;5.102923E-06;-4.445072E-06;70.0000000
625;70.0000000;70.0000137;-1.52642E-06;3.541312E-05;70.0000000
626.000046730042;70.0000000;70.0000137;-1.52642E-06;1.380206E-05;70.0000000
627.000033855438;70.0000000;70.0000137;-1.52642E-06;5.379276E-06;70.0000000
628.000020980835;70.0000000;70.0000137;-1.52642E-06;2.096542E-06;70.0000000
629.000008106232;70.0000000;70.0000137;-1.52642E-06;8.171156E-07;70.0000000
630.000054836273;70.0000000;70.0000137;-1.52642E-06;3.184662E-07;70.0000000
631.00004196167;70.0000000;70.0000137;-1.52642E-06;1.241204E-07;70.0000000
632.000029087067;70.0000000;70.0000137;-1.52642E-06;4.837522E-08;70.0000000
633.000016212463;70.0000000;70.0000137;-1.52642E-06;1.885397E-08;70.0000000
634.00000333786;70.0000000;70.0000137;-1.52642E-06;7.348226E-09;70.0000000
635.000050067902;70.0000000;69.9999542;5.102923E-06;-2.318693E-05;70.0000000
636.000037193298;70.0000000;69.9999542;5.102923E-06;-9.036974E-06;70.0000000
637.000024318695;70.0000000;70.0000137;-1.52642E-06;2.582747E-05;70.0000000
638.000011444092;70.0000000;70.0000137;-1.52642E-06;1.006611E-05;70.0000000
639.000058174133;70.0000000;69.9999542;5.102923E-06;-3.322235E-05;70.0000000
640.00004529953;70.0000000;69.9999542;5.102923E-06;-1.294822E-05;70.0000000
641.000032424927;70.0000000;69.9999542;5.102923E-06;-5.046496E-06;70.0000000
642.000019550323;70.0000000;69.9999542;5.102923E-06;-1.966843E-06;70.0000000
643.00000667572;70.0000000;69.9999542;5.102923E-06;-7.665661E-07;70.0000000
644.000053405762;70.0000000;69.9999541;5.114065E-06;1.363982E-05;70.0000000
645.000040531158;70.0000000;69.9999541;5.114065E-06;5.316042E-06;70.0000000
646.000027656555;70.0000000;70.0000137;-1.52642E-06;3.514567E-05;70.0000000
647.000014781952;70.0000000;70.0000137;-1.52642E-06;1.369782E-05;70.0000000
648.000001907349;70.0000000;70.0000137;-1.52642E-06;5.338649E-06;70.0000000
649.00004863739;70.0000000;70.0000137;-1.52642E-06;2.080708E-06;70.0000000
650.000035762787;70.0000000;70.0000137;-1.52642E-06;8.109442E-07;70.0000000
651.000022888184;70.0000000;69.9999542;5.102923E-06;-5.257283E-05;70.0000000
652.00001001358;70.0000000;69.9999542;5.102923E-06;-2.048996E-05;70.0000000
653.000056743622;70.0000000;69.9998946;1.174341E-05;-3.41182E-05;70.0000000
654.000043869019;70.0000000;69.9998946;1.174341E-05;-1.329738E-05;70.0000000
655.000030994415;70.0000000;70.0000137;-1.52642E-06;6.509857E-05;70.0000000
656.000018119812;70.0000000;70.0000137;-1.52642E-06;2.53718E-05;70.0000000
657.000005245209;70.0000000;70.0000137;-1.52642E-06;9.888516E-06;70.0000000
658.00005197525;70.0000000;70.0000137;-1.52642E-06;3.853993E-06;70.0000000
659.000039100647;70.0000000;69.9999542;5.102923E-06;-2.784751E-05;70.0000000
660.000026226044;70.0000000;69.9999542;5.102923E-06;-1.085341E-05;70.0000000
661.00001335144;70.0000000;69.9999542;5.102923E-06;-4.230054E-06;70.0000000
662.000060081482;70.0000000;69.9999542;5.102923E-06;-1.64864E-06;70.0000000
663.000047206879;70.0000000;70.0000137;-1.52642E-06;3.650301E-05;70.0000000
664.000034332275;70.0000000;70.0001330;-1.481853E-05;8.042987E-05;70.0000000
665.000021457672;70.0000000;70.0001926;-2.145902E-05;6.855507E-05;70.0000000
666.000008583069;70.0000000;70.0000734;-8.178047E-06;-5.34697E-05;70.0000000
667.00005531311;70.0000000;70.0000734;-8.178047E-06;-2.083951E-05;70.0000000
668.000042438507;70.0000000;70.0000138;-1.537562E-06;-4.998107E-05;70.0000000
669.000029563904;70.0000000;70.0000138;-1.537562E-06;-1.947984E-05;70.0000000
670.000016689301;70.0000000;70.0000138;-1.537562E-06;-7.592158E-06;70.0000000
671.000003814697;70.0000000;70.0000733;-8.166905E-06;3.418656E-05;70.0000000
672.000050544739;70.0000000;70.0000733;-8.166905E-06;1.332402E-05;70.0000000
673.000037670135;70.0000000;70.0001330;-1.481853E-05;3.136916E-05;70.0000000
674.000024795532;70.0000000;70.0000734;-8.178047E-06;-2.084781E-05;70.0000000
675.000011920929;70.0000000;69.9999542;5.102923E-06;-7.321306E-05;70.0000000
676.00005865097;70.0000000;69.9998946;1.174341E-05;-6.574237E-05;70.0000000
677.000045776367;70.0000000;69.9998946;1.174341E-05;-2.562272E-05;70.0000000
678.000032901764;70.0000000;69.9999541;5.114065E-06;2.303197E-05;70.0000000
679.000020027161;70.0000000;70.0000137;-1.52642E-06;3.510894E-05;70.0000000
680.000007152557;70.0000000;70.0001330;-1.481853E-05;7.988654E-05;70.0000000
681.000053882599;70.0000000;70.0001331;-1.482967E-05;1.545443E-05;70.0000000
682.000041007996;70.0000000;70.0001331;-1.482967E-05;6.023275E-06;70.0000000
683.000028133392;70.0000000;70.0000734;-8.178047E-06;-2.09202E-05;70.0000000
684.000015258789;70.0000000;70.0000734;-8.178047E-06;-8.153531E-06;70.0000000
685.000061988831;70.0000000;69.9999542;5.102923E-06;-8.228794E-05;70.0000000
686.000049114227;70.0000000;69.9998946;1.174341E-05;-5.820362E-05;70.0000000
687.000036239624;70.0000000;69.9999541;5.114065E-06;1.033374E-05;70.0000000
688.000023365021;70.0000000;70.0000137;-1.52642E-06;3.342642E-05;70.0000000
689.000010490417;70.0000000;70.0000733;-8.166905E-06;5.488675E-05;70.0000000
690.000057220459;70.0000000;70.0000733;-8.166905E-06;2.13918E-05;70.0000000
691.000044345856;70.0000000;70.0000733;-8.166905E-06;8.337332E-06;70.0000000
692.000031471252;70.0000000;70.0000138;-1.537562E-06;-4.376292E-05;70.0000000
693.000018596649;70.0000000;69.9999542;5.102923E-06;-4.645526E-05;70.0000000
694.000005722046;70.0000000;69.9998946;1.174341E-05;-4.423803E-05;70.0000000
695.000052452087;70.0000000;69.9999541;5.114065E-06;2.977082E-05;70.0000000
696.000039577484;70.0000000;70.0000137;-1.52642E-06;4.881099E-05;70.0000000
697.000026702881;70.0000000;70.0000733;-8.166905E-06;6.611517E-05;70.0000000
698.000013828278;70.0000000;70.0001330;-1.481853E-05;5.194422E-05;70.0000000
699.000060558319;70.0000000;70.0001330;-1.481853E-05;2.024497E-05;70.0000000
700.000047683716;70.0000000;70.0000734;-8.178047E-06;-4.508742E-05;70.0000000
701.000034809113;70.0000000;70.0000138;-1.537562E-06;-6.466392E-05;70.0000000
702.000021934509;70.0000000;69.9998946;1.174341E-05;-0.0001112539;70.0000000
703.000009059906;70.0000000;69.9998350;1.838389E-05;-9.045195E-05;70.0000000
704.000055789948;70.0000000;69.9998945;1.175455E-05;-9.164627E-06;70.0000000
705.000042915344;70.0000000;70.0000137;-1.52642E-06;7.659326E-05;70.0000000
706.000030040741;70.0000000;70.0000733;-8.166905E-06;8.282957E-05;70.0000000
707.000017166138;70.0000000;70.0001330;-1.481853E-05;5.555009E-05;70.0000000
708.000004291534;70.0000000;70.0001330;-1.481853E-05;2.165033E-05;70.0000000
709.000051021576;70.0000000;70.0000734;-8.178047E-06;-2.096081E-05;70.0000000
710.000038146973;70.0000000;70.0000734;-8.178047E-06;-8.169356E-06;70.0000000
711.000025272369;70.0000000;70.0000734;-8.178047E-06;-3.18396E-06;70.0000000
712.000012397766;70.0000000;70.0000138;-1.537562E-06;-3.844891E-05;70.0000000
713.000059127808;70.0000000;70.0000138;-1.537562E-06;-1.498525E-05;70.0000000
714.000046253204;70.0000000;70.0000138;-1.537562E-06;-5.840415E-06;70.0000000
715.000033378601;70.0000000;70.0000733;-8.166905E-06;4.473608E-05;70.0000000
716.000020503998;70.0000000;70.0000733;-8.166905E-06;1.743563E-05;70.0000000
717.000007629395;70.0000000;70.0000138;-1.537562E-06;-1.929307E-05;70.0000000
718.000054359436;70.0000000;69.9999542;5.102923E-06;-4.937835E-05;70.0000000
719.000041484833;70.0000000;69.9999542;5.102923E-06;-1.924493E-05;70.0000000
720.000028610229;70.0000000;69.9999542;5.102923E-06;-7.500604E-06;70.0000000
721.000015735626;70.0000000;69.9999542;5.102923E-06;-2.923318E-06;70.0000000
722.000062465668;70.0000000;70.0000137;-1.52642E-06;5.174954E-05;70.0000000
723.000049591064;70.0000000;69.9999542;5.102923E-06;-2.161966E-05;70.0000000
724.000036716461;70.0000000;69.9999542;5.102923E-06;-8.426143E-06;70.0000000
725.000023841858;70.0000000;69.9999542;5.102923E-06;-3.284041E-06;70.0000000
726.000010967255;70.0000000;70.0000137;-1.52642E-06;5.160895E-05;70.0000000
727.000057697296;70.0000000;70.0000137;-1.52642E-06;2.01143E-05;70.0000000
728.000044822693;70.0000000;70.0000137;-1.52642E-06;7.839434E-06;70.0000000
729.00003194809;70.0000000;70.0000137;-1.52642E-06;3.055375E-06;70.0000000
730.000019073486;70.0000000;70.0000733;-8.166905E-06;3.058972E-05;70.0000000
731.000006198883;70.0000000;70.0000733;-8.166905E-06;1.192217E-05;70.0000000
732.000052928925;70.0000000;70.0000138;-1.537562E-06;-2.837167E-05;70.0000000
733.000040054321;70.0000000;70.0000137;-1.52642E-06;-3.311047E-06;70.0000000
734.000027179718;70.0000000;70.0000137;-1.52642E-06;-1.290462E-06;70.0000000
735.000014305115;70.0000000;70.0000137;-1.52642E-06;-5.029502E-07;70.0000000
736.000061035156;70.0000000;70.0000137;-1.52642E-06;-1.96022E-07;70.0000000
737.000048160553;70.0000000;70.0000137;-1.52642E-06;-7.639846E-08;70.0000000
738.00003528595;70.0000000;70.0000733;-8.166905E-06;4.182921E-05;70.0000000
739.000022411346;70.0000000;70.0001330;-1.481853E-05;6.936937E-05;70.0000000
740.000009536743;70.0000000;70.0000734;-8.178047E-06;-1.482267E-05;70.0000000
741.000056266785;70.0000000;70.0000734;-8.178047E-06;-5.777051E-06;70.0000000
742.000043392181;70.0000000;70.0000138;-1.537562E-06;-4.411056E-05;70.0000000
743.000030517578;70.0000000;69.9999542;5.102923E-06;-6.428319E-05;70.0000000
744.000017642975;70.0000000;69.9999542;5.102923E-06;-2.505401E-05;70.0000000
745.000064373016;70.0000000;70.0000137;-1.52642E-06;2.73809E-05;70.0000000
746.000051498413;70.0000000;70.0000137;-1.52642E-06;1.067155E-05;70.0000000
747.00003862381;70.0000000;70.0000137;-1.52642E-06;4.159176E-06;70.0000000
748.000025749207;70.0000000;70.0000137;-1.52642E-06;1.621015E-06;70.0000000
749.000012874603;70.0000000;70.0000137;-1.52642E-06;6.317813E-07;70.0000000
750.000059604645;70.0000000;69.9999542;5.102923E-06;-5.264266E-05;70.0000000
751.000046730042;70.0000000;69.9999542;5.102923E-06;-2.051718E-05;70.0000000
752.000033855438;70.0000000;69.9999542;5.102923E-06;-7.996454E-06;70.0000000
753.000020980835;70.0000000;70.0000137;-1.52642E-06;2.297194E-05;70.0000000
754.000008106232;70.0000000;70.0000137;-1.52642E-06;8.953184E-06;70.0000000
755.000054836273;70.0000000;70.0000137;-1.52642E-06;3.489453E-06;70.0000000
756.00004196167;70.0000000;70.0000137;-1.52642E-06;1.359995E-06;70.0000000
757.000029087067;70.0000000;69.9999542;5.102923E-06;-3.661551E-05;70.0000000
758.000016212463;70.0000000;69.9999542;5.102923E-06;-1.427069E-05;70.0000000
759.000062942505;70.0000000;69.9999542;5.102923E-06;-5.56192E-06;70.0000000
760.000050067902;70.0000000;69.9999542;5.102923E-06;-2.167727E-06;70.0000000
761.000037193298;70.0000000;70.0000137;-1.52642E-06;3.217341E-05;70.0000000
762.000024318695;70.0000000;70.0000137;-1.52642E-06;1.25394E-05;70.0000000
763.000011444092;70.0000000;70.0000137;-1.52642E-06;4.887161E-06;70.0000000
764.000058174133;70.0000000;70.0000137;-1.52642E-06;1.904743E-06;70.0000000
765.00004529953;70.0000000;70.0000137;-1.52642E-06;7.423629E-07;70.0000000
766.000032424927;70.0000000;69.9999542;5.102923E-06;-3.272894E-05;70.0000000
767.000019550323;70.0000000;69.9999542;5.102923E-06;-1.275592E-05;70.0000000
768.00000667572;70.0000000;70.0000137;-1.52642E-06;2.437803E-05;70.0000000
769.000053405762;70.0000000;70.0000733;-8.166905E-06;3.890011E-05;70.0000000
770.000040531158;70.0000000;70.0001330;-1.481853E-05;5.709031E-05;70.0000000
771.000027656555;70.0000000;70.0000734;-8.178047E-06;-1.082314E-05;70.0000000
772.000014781952;70.0000000;70.0000138;-1.537562E-06;-4.142625E-05;70.0000000
773.000061511993;70.0000000;69.9998946;1.174341E-05;-8.646576E-05;70.0000000
774.00004863739;70.0000000;69.9999541;5.114065E-06;1.918935E-05;70.0000000
775.000035762787;70.0000000;70.0000137;-1.52642E-06;5.45703E-05;70.0000000
776.000022888184;70.0000000;70.0000137;-1.52642E-06;2.126847E-05;70.0000000
777.00001001358;70.0000000;70.0000733;-8.166905E-06;5.538062E-05;70.0000000
778.000056743622;70.0000000;70.0000733;-8.166905E-06;2.158429E-05;70.0000000
779.000043869019;70.0000000;70.0000733;-8.166905E-06;8.412354E-06;70.0000000
780.000030994415;70.0000000;70.0000138;-1.537562E-06;-2.97396E-05;70.0000000
781.000018119812;70.0000000;70.0000138;-1.537562E-06;-1.159084E-05;70.0000000
782.000064849854;70.0000000;69.9999542;5.102923E-06;-2.774623E-05;70.0000000
783.00005197525;70.0000000;69.9999542;5.102923E-06;-1.081394E-05;70.0000000
784.000039100647;70.0000000;70.0000137;-1.52642E-06;1.897512E-05;70.0000000
785.000026226044;70.0000000;70.0000137;-1.52642E-06;7.395446E-06;70.0000000
786.00001335144;70.0000000;70.0000137;-1.52642E-06;2.882333E-06;70.0000000
787.000060081482;70.0000000;70.0000137;-1.52642E-06;1.123373E-06;70.0000000
788.000047206879;70.0000000;70.0000137;-1.52642E-06;4.378283E-07;70.0000000
789.000034332275;70.0000000;70.0000137;-1.52642E-06;1.706411E-07;70.0000000
790.000021457672;70.0000000;70.0000137;-1.52642E-06;6.650642E-08;70.0000000
791.000008583069;70.0000000;70.0000137;-1.52642E-06;2.59205E-08;70.0000000
792.00005531311;70.0000000;70.0000137;-1.52642E-06;1.010237E-08;70.0000000
793.000042438507;70.0000000;69.9999542;5.102923E-06;-3.301434E-05;70.0000000
794.000029563904;70.0000000;69.9999542;5.102923E-06;-1.286715E-05;70.0000000
795.000016689301;70.0000000;70.0000137;-1.52642E-06;2.107361E-05;70.0000000
796.000063419342;70.0000000;70.0000137;-1.52642E-06;8.21332E-06;70.0000000
797.000050544739;70.0000000;70.0000137;-1.52642E-06;3.201095E-06;70.0000000
798.000037670135;70.0000000;70.0000137;-1.52642E-06;1.247609E-06;70.0000000
799.000024795532;70.0000000;70.0000137;-1.52642E-06;2.035687E-05;70.0000000
800.000011920929;70.0000000;70.0000137;-1.52642E-06;7.933974E-06;70.0000000
801.00005865097;70.0000000;70.0000137;-1.52642E-06;3.092222E-06;70.0000000
802.000045776367;70.0000000;70.0000137;-1.52642E-06;1.205176E-06;70.0000000
803.000032901764;70.0000000;69.9999542;5.102923E-06;-2.56188E-05;70.0000000
804.000020027161;70.0000000;69.9999542;5.102923E-06;-9.984783E-06;70.0000000
805.000066757202;70.0000000;69.9998946;1.174341E-05;-3.002387E-05;70.0000000
806.000053882599;70.0000000;69.9998946;1.174341E-05;-1.170163E-05;70.0000000
807.000041007996;70.0000000;69.9999541;5.114065E-06;3.722811E-05;70.0000000
808.000028133392;70.0000000;70.0000137;-1.52642E-06;6.16008E-05;70.0000000
809.000015258789;70.0000000;70.0000137;-1.52642E-06;2.400856E-05;70.0000000
810.000061988831;70.0000000;70.0000137;-1.52642E-06;9.357201E-06;70.0000000
811.000049114227;70.0000000;70.0000137;-1.52642E-06;3.646916E-06;70.0000000
812.000036239624;70.0000000;70.0000137;-1.52642E-06;1.421365E-06;70.0000000
813.000023365021;70.0000000;70.0000137;-1.52642E-06;5.53969E-07;70.0000000
814.000010490417;70.0000000;70.0000137;-1.52642E-06;2.159063E-07;70.0000000
815.000057220459;70.0000000;70.0000137;-1.52642E-06;8.414824E-08;70.0000000
816.000044345856;70.0000000;70.0000137;-1.52642E-06;3.27963E-08;70.0000000
817.000031471252;70.0000000;70.0000137;-1.52642E-06;1.278217E-08;70.0000000
818.000018596649;70.0000000;69.9999542;5.102923E-06;-2.934459E-05;70.0000000
819.000065326691;70.0000000;69.9998946;1.174341E-05;-5.852825E-05;70.0000000
820.000052452087;70.0000000;69.9998946;1.174341E-05;-2.281106E-05;70.0000000
821.000039577484;70.0000000;70.0000137;-1.52642E-06;6.755046E-05;70.0000000
822.000026702881;70.0000000;70.0000733;-8.166905E-06;6.353539E-05;70.0000000
823.000013828278;70.0000000;70.0001330;-1.481853E-05;5.789181E-05;70.0000000
824.000060558319;70.0000000;70.0000734;-8.178047E-06;-1.929598E-05;70.0000000
825.000047683716;70.0000000;70.0000734;-8.178047E-06;-7.520498E-06;70.0000000
826.000034809113;70.0000000;70.0000138;-1.537562E-06;-2.615983E-05;70.0000000
827.000021934509;70.0000000;70.0000138;-1.537562E-06;-1.019565E-05;70.0000000
828.000068664551;70.0000000;69.9999542;5.102923E-06;-3.010605E-05;70.0000000
829.000055789948;70.0000000;69.9998946;1.174341E-05;-4.480743E-05;70.0000000
830.000042915344;70.0000000;69.9999541;5.114065E-06;2.432531E-05;70.0000000
831.000030040741;70.0000000;70.0000137;-1.52642E-06;3.887955E-05;70.0000000
832.000017166138;70.0000000;70.0000137;-1.52642E-06;1.515309E-05;70.0000000
833.000063896179;70.0000000;70.0000137;-1.52642E-06;5.905829E-06;70.0000000
834.000051021576;70.0000000;70.0000137;-1.52642E-06;2.301764E-06;70.0000000
835.000038146973;70.0000000;70.0000137;-1.52642E-06;8.970994E-07;70.0000000
836.000025272369;70.0000000;69.9999542;5.102923E-06;-2.573887E-05;70.0000000
837.000012397766;70.0000000;69.9998946;1.174341E-05;-5.189057E-05;70.0000000
838.000059127808;70.0000000;69.9998946;1.174341E-05;-2.022405E-05;70.0000000
839.000046253204;70.0000000;69.9999541;5.114065E-06;1.82063E-05;70.0000000
840.000033378601;70.0000000;70.0000137;-1.52642E-06;3.032457E-05;70.0000000
841.000020503998;70.0000000;69.9999542;5.102923E-06;-1.426968E-05;70.0000000
842.000067234039;70.0000000;69.9998946;1.174341E-05;-3.169389E-05;70.0000000
843.000054359436;70.0000000;69.9999541;5.114065E-06;1.3736E-05;70.0000000
844.000041484833;70.0000000;69.9999541;5.114065E-06;5.353528E-06;70.0000000
845.000028610229;70.0000000;70.0000137;-1.52642E-06;4.917786E-05;70.0000000
846.000015735626;70.0000000;70.0000137;-1.52642E-06;1.91668E-05;70.0000000
847.000062465668;70.0000000;70.0000137;-1.52642E-06;7.47015E-06;70.0000000
848.000049591064;70.0000000;69.9999542;5.102923E-06;-4.41009E-05;70.0000000
849.000036716461;70.0000000;69.9999542;5.102923E-06;-1.718808E-05;70.0000000
850.000023841858;70.0000000;69.9999542;5.102923E-06;-6.698956E-06;70.0000000
851.000010967255;70.0000000;69.9999542;5.102923E-06;-2.61088E-06;70.0000000
852.000057697296;70.0000000;69.9999542;5.102923E-06;-1.017576E-06;70.0000000
853.000044822693;70.0000000;69.9999542;5.102923E-06;-3.965944E-07;70.0000000
854.00003194809;70.0000000;69.9999542;5.102923E-06;-1.545704E-07;70.0000000
855.000019073486;70.0000000;69.9999542;5.102923E-06;-6.024295E-08;70.0000000
856.000065803528;70.0000000;69.9999542;5.102923E-06;-2.347935E-08;70.0000000
857.000052928925;70.0000000;69.9999542;5.102923E-06;-9.150945E-09;70.0000000
858.000040054321;70.0000000;70.0000137;-1.52642E-06;2.608495E-05;70.0000000
859.000027179718;70.0000000;70.0000137;-1.52642E-06;1.016646E-05;70.0000000
860.000014305115;70.0000000;70.0000137;-1.52642E-06;3.962321E-06;70.0000000
861.000061035156;70.0000000;70.0000137;-1.52642E-06;1.544292E-06;70.0000000
862.000048160553;70.0000000;70.0000137;-1.52642E-06;6.018793E-07;70.0000000
863.00003528595;70.0000000;69.9999542;5.102923E-06;-4.155418E-05;70.0000000
864.000022411346;70.0000000;70.0000137;-1.52642E-06;9.893009E-06;70.0000000
865.000069141388;70.0000000;70.0000137;-1.52642E-06;3.855744E-06;70.0000000
866.000056266785;70.0000000;70.0000137;-1.52642E-06;1.502754E-06;70.0000000
867.000043392181;70.0000000;69.9999542;5.102923E-06;-4.642666E-05;70.0000000
868.000030517578;70.0000000;69.9999542;5.102923E-06;-1.809453E-05;70.0000000
869.000017642975;70.0000000;69.9999542;5.102923E-06;-7.052241E-06;70.0000000
870.000064373016;70.0000000;69.9999542;5.102923E-06;-2.748571E-06;70.0000000
871.000051498413;70.0000000;69.9999542;5.102923E-06;-1.07124E-06;70.0000000
872.00003862381;70.0000000;69.9999542;5.102923E-06;-4.175097E-07;70.0000000
873.000025749207;70.0000000;69.9999542;5.102923E-06;-1.62722E-07;70.0000000
874.000012874603;70.0000000;69.9999542;5.102923E-06;-6.342E-08;70.0000000
875.000059604645;70.0000000;70.0000137;-1.52642E-06;3.299355E-05;70.0000000
876.000046730042;70.0000000;70.0000137;-1.52642E-06;1.285905E-05;70.0000000
877.000033855438;70.0000000;70.0000137;-1.52642E-06;5.011743E-06;70.0000000
878.000020980835;70.0000000;70.0000137;-1.52642E-06;1.953298E-06;70.0000000
879.000067710876;70.0000000;70.0000137;-1.52642E-06;7.612869E-07;70.0000000
880.000054836273;70.0000000;70.0000137;-1.52642E-06;2.967073E-07;70.0000000
881.00004196167;70.0000000;70.0000137;-1.52642E-06;1.1564E-07;70.0000000
882.000029087067;70.0000000;70.0000137;-1.52642E-06;4.507002E-08;70.0000000
883.000016212463;70.0000000;70.0000137;-1.52642E-06;2.681794E-05;70.0000000
884.000062942505;70.0000000;70.0000137;-1.52642E-06;1.045214E-05;70.0000000
885.000050067902;70.0000000;70.0000137;-1.52642E-06;4.073662E-06;70.0000000
886.000037193298;70.0000000;70.0000137;-1.52642E-06;1.587686E-06;70.0000000
887.000024318695;70.0000000;69.9999542;5.102923E-06;-4.116996E-05;70.0000000
888.000071048737;70.0000000;69.9999542;5.102923E-06;-1.604576E-05;70.0000000
889.000058174133;70.0000000;69.9999542;5.102923E-06;-6.253744E-06;70.0000000
890.00004529953;70.0000000;69.9999542;5.102923E-06;-2.437361E-06;70.0000000
891.000032424927;70.0000000;69.9999542;5.102923E-06;-9.499478E-07;70.0000000
892.000019550323;70.0000000;70.0000137;-1.52642E-06;5.251866E-05;70.0000000
893.000066280365;70.0000000;69.9999542;5.102923E-06;-1.667671E-05;70.0000000
894.000053405762;70.0000000;69.9999542;5.102923E-06;-6.499653E-06;70.0000000
895.000040531158;70.0000000;70.0000137;-1.52642E-06;2.681638E-05;70.0000000
896.000027656555;70.0000000;70.0000733;-8.166905E-06;4.765952E-05;70.0000000
897.000014781952;70.0000000;70.0001330;-1.481853E-05;5.170429E-05;70.0000000
898.000061511993;70.0000000;70.0000734;-8.178047E-06;-1.705653E-05;70.0000000
899.00004863739;70.0000000;70.0000734;-8.178047E-06;-6.647687E-06;70.0000000
900.000035762787;70.0000000;70.0000138;-1.537562E-06;-3.979889E-05;70.0000000
901.000022888184;70.0000000;69.9999542;5.102923E-06;-5.271938E-05;70.0000000
902.000069618225;70.0000000;69.9999542;5.102923E-06;-2.054708E-05;70.0000000
903.000056743622;70.0000000;70.0000137;-1.52642E-06;3.378065E-05;70.0000000
904.000043869019;70.0000000;70.0000137;-1.52642E-06;1.316582E-05;70.0000000
905.000030994415;70.0000000;70.0000137;-1.52642E-06;5.131302E-06;70.0000000
906.000018119812;70.0000000;70.0000137;-1.52642E-06;1.999896E-06;70.0000000
907.000064849854;70.0000000;69.9999542;5.102923E-06;-3.636611E-05;70.0000000
908.00005197525;70.0000000;69.9999542;5.102923E-06;-1.417349E-05;70.0000000
909.000039100647;70.0000000;69.9999542;5.102923E-06;-5.524037E-06;70.0000000
910.000026226044;70.0000000;69.9999542;5.102923E-06;-2.152962E-06;70.0000000
911.000072956085;70.0000000;69.9999542;5.102923E-06;-8.391048E-07;70.0000000
912.000060081482;70.0000000;70.0000137;-1.52642E-06;2.286275E-05;70.0000000
913.000047206879;70.0000000;70.0000137;-1.52642E-06;8.910629E-06;70.0000000
914.000034332275;70.0000000;70.0000137;-1.52642E-06;3.472868E-06;70.0000000
915.000021457672;70.0000000;69.9999542;5.102923E-06;-2.473498E-05;70.0000000
916.000068187714;70.0000000;69.9999542;5.102923E-06;-9.64032E-06;70.0000000
917.00005531311;70.0000000;70.0000137;-1.52642E-06;4.913163E-05;70.0000000
918.000042438507;70.0000000;70.0000137;-1.52642E-06;1.914877E-05;70.0000000
919.000029563904;70.0000000;70.0000137;-1.52642E-06;7.463127E-06;70.0000000
920.000016689301;70.0000000;70.0000137;-1.52642E-06;2.908711E-06;70.0000000
921.000063419342;70.0000000;69.9999542;5.102923E-06;-5.175524E-05;70.0000000
922.000050544739;70.0000000;69.9999542;5.102923E-06;-2.017131E-05;70.0000000
923.000037670135;70.0000000;69.9999542;5.102923E-06;-7.861656E-06;70.0000000
924.000024795532;70.0000000;69.9999542;5.102923E-06;-3.064036E-06;70.0000000
925.000071525574;70.0000000;70.0000137;-1.52642E-06;2.489432E-05;70.0000000
926.00005865097;70.0000000;70.0000137;-1.52642E-06;9.702421E-06;70.0000000
927.000045776367;70.0000000;70.0000137;-1.52642E-06;3.781464E-06;70.0000000
928.000032901764;70.0000000;69.9999542;5.102923E-06;-2.787577E-05;70.0000000
929.000020027161;70.0000000;69.9999542;5.102923E-06;-1.086442E-05;70.0000000
930.000066757202;70.0000000;70.0000137;-1.52642E-06;4.2778E-05;70.0000000
931.000053882599;70.0000000;70.0000137;-1.52642E-06;1.667248E-05;70.0000000
932.000041007996;70.0000000;70.0000733;-8.166905E-06;3.263036E-05;70.0000000
933.000028133392;70.0000000;70.0000733;-8.166905E-06;1.27175E-05;70.0000000
934.000015258789;70.0000000;70.0000138;-1.537562E-06;-3.218899E-05;70.0000000
935.000061988831;70.0000000;70.0000138;-1.537562E-06;-1.254547E-05;70.0000000
936.000049114227;70.0000000;70.0000138;-1.537562E-06;-4.889527E-06;70.0000000
937.000036239624;70.0000000;69.9999542;5.102923E-06;-3.130457E-05;70.0000000
938.000023365021;70.0000000;70.0000137;-1.52642E-06;3.481157E-05;70.0000000
939.000070095062;70.0000000;70.0000137;-1.52642E-06;1.356761E-05;70.0000000
940.000057220459;70.0000000;70.0000733;-8.166905E-06;3.142026E-05;70.0000000
941.000044345856;70.0000000;70.0000733;-8.166905E-06;1.224587E-05;70.0000000
942.000031471252;70.0000000;70.0000733;-8.166905E-06;4.772757E-06;70.0000000
943.000018596649;70.0000000;70.0000138;-1.537562E-06;-2.748942E-05;70.0000000
944.000065326691;70.0000000;69.9999542;5.102923E-06;-4.011275E-05;70.0000000
945.000052452087;70.0000000;69.9999542;5.102923E-06;-1.563372E-05;70.0000000
946.000039577484;70.0000000;70.0000137;-1.52642E-06;3.10524E-05;70.0000000
947.000026702881;70.0000000;70.0000137;-1.52642E-06;1.21025E-05;70.0000000
948.000073432922;70.0000000;70.0000137;-1.52642E-06;4.716881E-06;70.0000000
949.000060558319;70.0000000;70.0000137;-1.52642E-06;1.166686E-05;70.0000000
950.000047683716;70.0000000;69.9999542;5.102923E-06;-2.847118E-05;70.0000000
951.000034809113;70.0000000;69.9999542;5.102923E-06;-1.109648E-05;70.0000000
952.000021934509;70.0000000;70.0000137;-1.52642E-06;1.8865E-05;70.0000000
953.000068664551;70.0000000;70.0000137;-1.52642E-06;7.352526E-06;70.0000000
954.000055789948;70.0000000;70.0000137;-1.52642E-06;2.865605E-06;70.0000000
955.000042915344;70.0000000;70.0000137;-1.52642E-06;1.116853E-06;70.0000000
956.000030040741;70.0000000;70.0000137;-1.52642E-06;4.352873E-07;70.0000000
957.000017166138;70.0000000;69.9999542;5.102923E-06;-5.271924E-05;70.0000000
958.000063896179;70.0000000;69.9999542;5.102923E-06;-2.054703E-05;70.0000000
959.000051021576;70.0000000;69.9999542;5.102923E-06;-8.008088E-06;70.0000000
960.000038146973;70.0000000;70.0000137;-1.52642E-06;2.989717E-05;70.0000000
961.000025272369;70.0000000;70.0000137;-1.52642E-06;1.165225E-05;70.0000000
962.000072002411;70.0000000;69.9999542;5.102923E-06;-4.834749E-05;70.0000000
963.000059127808;70.0000000;69.9999542;5.102923E-06;-1.884316E-05;70.0000000
964.000046253204;70.0000000;69.9999542;5.102923E-06;-7.344015E-06;70.0000000
965.000033378601;70.0000000;69.9999542;5.102923E-06;-2.862288E-06;70.0000000
966.000020503998;70.0000000;69.9999542;5.102923E-06;-1.115561E-06;70.0000000
967.000067234039;70.0000000;70.0000137;-1.52642E-06;2.275501E-05;70.0000000
968.000054359436;70.0000000;70.0000137;-1.52642E-06;8.868635E-06;70.0000000
969.000041484833;70.0000000;69.9999542;5.102923E-06;-3.368906E-05;70.0000000
970.000028610229;70.0000000;69.9999542;5.102923E-06;-1.313012E-05;70.0000000
971.000075340271;70.0000000;70.0000137;-1.52642E-06;3.776768E-05;70.0000000
972.000062465668;70.0000000;70.0000137;-1.52642E-06;1.471974E-05;70.0000000
973.000049591064;70.0000000;70.0000137;-1.52642E-06;5.736934E-06;70.0000000
974.000036716461;70.0000000;70.0000137;-1.52642E-06;2.235938E-06;70.0000000
975.000023841858;70.0000000;70.0000137;-1.52642E-06;8.714442E-07;70.0000000
976.000070571899;70.0000000;70.0000137;-1.52642E-06;3.396404E-07;70.0000000
977.000057697296;70.0000000;70.0000137;-1.52642E-06;4.25966E-06;70.0000000
978.000044822693;70.0000000;69.9999542;5.102923E-06;-5.122871E-05;70.0000000
979.00003194809;70.0000000;69.9999542;5.102923E-06;-1.99661E-05;70.0000000
980.000019073486;70.0000000;70.0000137;-1.52642E-06;2.52366E-05;70.0000000
981.000065803528;70.0000000;70.0000137;-1.52642E-06;9.835822E-06;70.0000000
982.000052928925;70.0000000;70.0000137;-1.52642E-06;3.833456E-06;70.0000000
983.000040054321;70.0000000;70.0000137;-1.52642E-06;1.494068E-06;70.0000000
984.000027179718;70.0000000;70.0000137;-1.52642E-06;5.823046E-07;70.0000000
985.00007390976;70.0000000;70.0000137;-1.52642E-06;2.269499E-07;70.0000000
986.000061035156;70.0000000;70.0000137;-1.52642E-06;8.845245E-08;70.0000000
987.000048160553;70.0000000;70.0000137;-1.52642E-06;3.447384E-08;70.0000000
988.00003528595;70.0000000;70.0000137;-1.52642E-06;1.343598E-08;70.0000000
989.000022411346;70.0000000;69.9999542;5.102923E-06;-5.288365E-05;70.0000000
990.000069141388;70.0000000;69.9999542;5.102923E-06;-2.061111E-05;70.0000000
991.000056266785;70.0000000;69.9999542;5.102923E-06;-8.033062E-06;70.0000000
992.000043392181;70.0000000;69.9999542;5.102923E-06;-3.13084E-06;70.0000000
993.000030517578;70.0000000;70.0000137;-1.52642E-06;4.579212E-05;70.0000000
994.000017642975;70.0000000;70.0000137;-1.52642E-06;1.784722E-05;70.0000000
995.000064373016;70.0000000;70.0000137;-1.52642E-06;6.955854E-06;70.0000000
996.000051498413;70.0000000;70.0000137;-1.52642E-06;2.711005E-06;70.0000000
997.00003862381;70.0000000;70.0000137;-1.52642E-06;1.056599E-06;70.0000000
998.000025749207;70.0000000;70.0000137;-1.52642E-06;4.118033E-07;70.0000000
999.000072479248;70.0000000;69.9999542;5.102923E-06;-5.272839E-05;70.0000000
1000;70.0000000;69.9998946;1.174341E-05;-6.764195E-05;70.0000000
1001.00004673004;70.0000000;69.9998946;1.174341E-05;-2.636307E-05;70.0000000
1002.00009346008;70.0000000;69.9998946;1.174341E-05;-1.027486E-05;70.0000000
1003.00002098083;70.0000000;69.9999541;5.114065E-06;4.888432E-05;70.0000000
1004.00006771088;70.0000000;69.9999541;5.114065E-06;1.905239E-05;70.0000000
1004.99999523163;70.0000000;70.0000137;-1.52642E-06;3.682446E-05;70.0000000
1006.00004196167;70.0000000;70.0000137;-1.52642E-06;1.435213E-05;70.0000000
1007.00008869171;70.0000000;70.0000137;-1.52642E-06;5.59366E-06;70.0000000
1008.00001621246;70.0000000;70.0000137;-1.52642E-06;2.180097E-06;70.0000000
1009.0000629425;70.0000000;69.9999542;5.102923E-06;-2.84999E-05;70.0000000
1009.99999046326;70.0000000;69.9998946;1.174341E-05;-5.296666E-05;70.0000000
1011.0000371933;70.0000000;69.9999541;5.114065E-06;8.706123E-06;70.0000000
1012.00008392334;70.0000000;69.9999541;5.114065E-06;3.393162E-06;70.0000000
1013.00001144409;70.0000000;70.0000137;-1.52642E-06;2.745482E-05;70.0000000
1014.00005817413;70.0000000;70.0000137;-1.52642E-06;1.070036E-05;70.0000000
1015.00010490417;70.0000000;70.0000137;-1.52642E-06;4.170406E-06;70.0000000
1016.00003242493;70.0000000;70.0000137;-1.52642E-06;1.625392E-06;70.0000000
1017.00007915497;70.0000000;70.0000137;-1.52642E-06;6.334875E-07;70.0000000
1018.00000667572;70.0000000;70.0000137;-1.52642E-06;7.176659E-06;70.0000000
1019.00005340576;70.0000000;70.0000137;-1.52642E-06;2.797062E-06;70.0000000
1020.0001001358;70.0000000;70.0000137;-1.52642E-06;1.090139E-06;70.0000000
1021.00002765656;70.0000000;70.0000137;-1.52642E-06;4.248755E-07;70.0000000
1022.0000743866;70.0000000;70.0000137;-1.52642E-06;1.655928E-07;70.0000000
1023.00000190735;70.0000000;70.0000137;-1.52642E-06;6.453886E-08;70.0000000
1024.00004863739;70.0000000;70.0000137;-1.52642E-06;2.515365E-08;70.0000000
1025.00009536743;70.0000000;70.0000137;-1.52642E-06;9.803494E-09;70.0000000
1026.00002288818;70.0000000;69.9999542;5.102923E-06;-2.934575E-05;70.0000000
1027.00006961823;70.0000000;69.9999542;5.102923E-06;-1.143734E-05;70.0000000
1027.99999713898;70.0000000;69.9999542;5.102923E-06;-4.457639E-06;70.0000000
1029.00004386902;70.0000000;69.9999542;5.102923E-06;-1.73734E-06;70.0000000
1030.00009059906;70.0000000;70.0000137;-1.52642E-06;3.234115E-05;70.0000000
1031.00001811981;70.0000000;70.0000137;-1.52642E-06;1.260478E-05;70.0000000
1032.00006484985;70.0000000;70.0000137;-1.52642E-06;4.912642E-06;70.0000000
1032.99999237061;70.0000000;69.9999542;5.102923E-06;-3.987408E-05;70.0000000
1034.00003910065;70.0000000;69.9999542;5.102923E-06;-1.55407E-05;70.0000000
1035.00008583069;70.0000000;69.9999542;5.102923E-06;-6.056899E-06;70.0000000
1036.00001335144;70.0000000;70.0000137;-1.52642E-06;4.46517E-05;70.0000000
1037.00006008148;70.0000000;70.0000137;-1.52642E-06;1.740275E-05;70.0000000
1038.00010681152;70.0000000;69.9999542;5.102923E-06;-3.500613E-05;70.0000000
1039.00003433228;70.0000000;69.9998946;1.174341E-05;-6.662122E-05;70.0000000
1040.00008106232;70.0000000;69.9998946;1.174341E-05;-2.596524E-05;70.0000000
1041.00000858307;70.0000000;69.9998946;1.174341E-05;-1.011981E-05;70.0000000
1042.00005531311;70.0000000;69.9999541;5.114065E-06;3.320142E-05;70.0000000
1043.00010204315;70.0000000;70.0000137;-1.52642E-06;5.014805E-05;70.0000000
1044.0000295639;70.0000000;70.0000137;-1.52642E-06;1.954492E-05;70.0000000
1045.00007629395;70.0000000;70.0000137;-1.52642E-06;7.617522E-06;70.0000000
1046.0000038147;70.0000000;70.0000137;-1.52642E-06;2.968886E-06;70.0000000
1047.00005054474;70.0000000;70.0000137;-1.52642E-06;1.157107E-06;70.0000000
1048.00009727478;70.0000000;69.9999542;5.102923E-06;-5.243791E-05;70.0000000
1049.00002479553;70.0000000;69.9999542;5.102923E-06;-2.043738E-05;70.0000000
1050.00007152557;70.0000000;70.0000137;-1.52642E-06;4.492354E-05;70.0000000
1050.99999904633;70.0000000;70.0000137;-1.52642E-06;1.75087E-05;70.0000000
1052.00004577637;70.0000000;70.0000137;-1.52642E-06;6.823916E-06;70.0000000
1053.00009250641;70.0000000;70.0000137;-1.52642E-06;2.659582E-06;70.0000000
1054.00002002716;70.0000000;70.0000137;-1.52642E-06;1.036557E-06;70.0000000
1055.0000667572;70.0000000;70.0000137;-1.52642E-06;4.039923E-07;70.0000000
1055.99999427795;70.0000000;70.0000137;-1.52642E-06;1.574537E-07;70.0000000
1057.000041008;70.0000000;70.0000137;-1.52642E-06;6.136671E-08;70.0000000
1058.00008773804;70.0000000;69.9999542;5.102923E-06;-3.712164E-05;70.0000000
1059.00001525879;70.0000000;69.9999542;5.102923E-06;-1.446795E-05;70.0000000
1060.00006198883;70.0000000;70.0000137;-1.52642E-06;4.725009E-05;70.0000000
1061.00010871887;70.0000000;70.0000137;-1.52642E-06;1.841546E-05;70.0000000
1062.00003623962;70.0000000;69.9998946;1.174341E-05;-7.188897E-05;70.0000000
1063.00008296967;70.0000000;69.9998946;1.174341E-05;-2.801832E-05;70.0000000
1064.00001049042;70.0000000;69.9999541;5.114065E-06;2.209829E-05;70.0000000
1065.00005722046;70.0000000;70.0000137;-1.52642E-06;3.474504E-05;70.0000000
1066.0001039505;70.0000000;70.0000733;-8.166905E-06;4.294059E-05;70.0000000
1067.00003147125;70.0000000;70.0001330;-1.481853E-05;6.980252E-05;70.0000000
1068.00007820129;70.0000000;70.0000734;-8.178047E-06;-1.000285E-05;70.0000000
1069.00000572205;70.0000000;70.0000138;-1.537562E-06;-4.575754E-05;70.0000000
1070.00005245209;70.0000000;70.0000138;-1.537562E-06;-1.783374E-05;70.0000000
1071.00009918213;70.0000000;70.0000138;-1.537562E-06;-6.950601E-06;70.0000000
1072.00002670288;70.0000000;70.0000138;-1.537562E-06;-2.708957E-06;70.0000000
1073.00007343292;70.0000000;70.0000138;-1.537562E-06;-1.055801E-06;70.0000000
1074.00000095367;70.0000000;70.0000138;-1.537562E-06;-4.114924E-07;70.0000000
1075.00004768372;70.0000000;70.0000733;-8.166905E-06;4.685197E-05;70.0000000
1076.00009441376;70.0000000;70.0000733;-8.166905E-06;1.826029E-05;70.0000000
1077.00002193451;70.0000000;70.0000733;-8.166905E-06;7.116846E-06;70.0000000
1078.00006866455;70.0000000;70.0000733;-8.166905E-06;2.773751E-06;70.0000000
1078.9999961853;70.0000000;70.0000138;-1.537562E-06;-3.193722E-05;70.0000000
1080.00004291534;70.0000000;70.0000138;-1.537562E-06;-1.244735E-05;70.0000000
1081.00008964539;70.0000000;70.0000138;-1.537562E-06;-4.851285E-06;70.0000000
1082.00001716614;70.0000000;70.0000138;-1.537562E-06;-1.890761E-06;70.0000000
1083.00006389618;70.0000000;70.0000138;-1.537562E-06;-7.369134E-07;70.0000000
1084.00011062622;70.0000000;69.9999542;5.102923E-06;-3.336097E-05;70.0000000
1085.00003814697;70.0000000;70.0000137;-1.52642E-06;3.988664E-05;70.0000000
1086.00008487701;70.0000000;70.0000137;-1.52642E-06;1.554559E-05;70.0000000
1087.00001239777;70.0000000;69.9999542;5.102923E-06;-2.329077E-05;70.0000000
1088.00005912781;70.0000000;69.9999542;5.102923E-06;-9.077446E-06;70.0000000
1089.00010585785;70.0000000;70.0000137;-1.52642E-06;3.825087E-05;70.0000000
1090.0000333786;70.0000000;70.0000137;-1.52642E-06;1.490806E-05;70.0000000
1091.00008010864;70.0000000;70.0000137;-1.52642E-06;9.479028E-06;70.0000000
1092.00000762939;70.0000000;69.9999542;5.102923E-06;-1.949539E-05;70.0000000
1093.00005435944;70.0000000;69.9999542;5.102923E-06;-7.598219E-06;70.0000000
1094.00010108948;70.0000000;70.0000137;-1.52642E-06;2.022843E-05;70.0000000
1095.00002861023;70.0000000;70.0000137;-1.52642E-06;7.883914E-06;70.0000000
1096.00007534027;70.0000000;70.0000137;-1.52642E-06;3.072711E-06;70.0000000
1097.00000286102;70.0000000;70.0000137;-1.52642E-06;1.197571E-06;70.0000000
1098.00004959106;70.0000000;70.0000137;-1.52642E-06;4.667467E-07;70.0000000
1099.00009632111;70.0000000;70.0000137;-1.52642E-06;1.819119E-07;70.0000000
1100.00002384186;70.0000000;70.0000137;-1.52642E-06;7.089913E-08;70.0000000
1101.0000705719;70.0000000;70.0000137;-1.52642E-06;2.763253E-08;70.0000000
1101.99999809265;70.0000000;70.0000733;-8.166905E-06;4.186975E-05;70.0000000
1103.00004482269;70.0000000;70.0000733;-8.166905E-06;1.63185E-05;70.0000000
1104.00009155273;70.0000000;70.0000733;-8.166905E-06;6.360042E-06;70.0000000
1105.00001907349;70.0000000;70.0000733;-8.166905E-06;2.478791E-06;70.0000000
1106.00006580353;70.0000000;70.0000138;-1.537562E-06;-2.512242E-05;70.0000000
1106.99999332428;70.0000000;70.0000138;-1.537562E-06;-9.79132E-06;70.0000000
1108.00004005432;70.0000000;70.0000138;-1.537562E-06;-3.816112E-06;70.0000000
1109.00008678436;70.0000000;70.0000138;-1.537562E-06;-1.487308E-06;70.0000000
1110.00001430511;70.0000000;70.0000138;-1.537562E-06;-5.796699E-07;70.0000000
1111.00006103516;70.0000000;70.0000138;-1.537562E-06;-2.259231E-07;70.0000000
1112.0001077652;70.0000000;70.0000138;-1.537562E-06;-8.805225E-08;70.0000000
1113.00003528595;70.0000000;70.0000138;-1.537562E-06;-3.431786E-08;70.0000000
1114.00008201599;70.0000000;69.9999542;5.102923E-06;-2.614573E-05;70.0000000
1115.00000953674;70.0000000;69.9999542;5.102923E-06;-1.019015E-05;70.0000000
1116.00005626678;70.0000000;70.0000137;-1.52642E-06;2.904672E-05;70.0000000
1117.00010299683;70.0000000;70.0000137;-1.52642E-06;1.13208E-05;70.0000000
1118.00003051758;70.0000000;70.0000137;-1.52642E-06;4.412216E-06;70.0000000
1119.00007724762;70.0000000;70.0000137;-1.52642E-06;1.719636E-06;70.0000000
1120.00000476837;70.0000000;70.0000137;-1.52642E-06;6.702185E-07;70.0000000
1121.00005149841;70.0000000;70.0000137;-1.52642E-06;2.612138E-07;70.0000000
1122.00009822845;70.0000000;69.9999542;5.102923E-06;-2.598671E-05;70.0000000
1123.00002574921;70.0000000;69.9999542;5.102923E-06;-1.012817E-05;70.0000000
1124.00007247925;70.0000000;69.9999542;5.102923E-06;-3.947398E-06;70.0000000
1125;70.0000000;69.9999542;5.102923E-06;-1.538476E-06;70.0000000
1126.00004673004;70.0000000;70.0000137;-1.52642E-06;2.874996E-05;70.0000000
1127.00009346008;70.0000000;70.0000137;-1.52642E-06;1.120514E-05;70.0000000
1128.00002098083;70.0000000;70.0000137;-1.52642E-06;4.367138E-06;70.0000000
1129.00006771088;70.0000000;70.0000137;-1.52642E-06;1.702067E-06;70.0000000
1129.99999523163;70.0000000;70.0000137;-1.52642E-06;6.633711E-07;70.0000000
1131.00004196167;70.0000000;69.9999542;5.102923E-06;-4.67538E-05;70.0000000
1132.00008869171;70.0000000;69.9999542;5.102923E-06;-1.822203E-05;70.0000000
1133.00001621246;70.0000000;69.9999542;5.102923E-06;-7.101934E-06;70.0000000
1134.0000629425;70.0000000;70.0000137;-1.52642E-06;2.658164E-05;70.0000000
1135.00010967255;70.0000000;70.0000137;-1.52642E-06;1.036004E-05;70.0000000
1136.0000371933;70.0000000;69.9999542;5.102923E-06;-4.297458E-05;70.0000000
1137.00008392334;70.0000000;69.9999542;5.102923E-06;-1.67491E-05;70.0000000
1138.00001144409;70.0000000;69.9999542;5.102923E-06;-6.527867E-06;70.0000000
1139.00005817413;70.0000000;70.0000137;-1.52642E-06;3.924455E-05;70.0000000
1140.00010490417;70.0000000;70.0000137;-1.52642E-06;1.529534E-05;70.0000000
1141.00003242493;70.0000000;70.0000137;-1.52642E-06;5.961273E-06;70.0000000
1142.00007915497;70.0000000;70.0000137;-1.52642E-06;2.323372E-06;70.0000000
1143.00000667572;70.0000000;70.0000137;-1.52642E-06;9.055211E-07;70.0000000
1144.00005340576;70.0000000;70.0000137;-1.52642E-06;3.529217E-07;70.0000000
1145.0001001358;70.0000000;70.0000137;-1.52642E-06;1.375492E-07;70.0000000
1146.00002765656;70.0000000;70.0000137;-1.52642E-06;5.360904E-08;70.0000000
1147.0000743866;70.0000000;70.0000137;-1.52642E-06;2.089382E-08;70.0000000
1148.00000190735;70.0000000;70.0000137;-1.52642E-06;8.143246E-09;70.0000000
1149.00004863739;70.0000000;70.0000137;-1.52642E-06;3.173784E-09;70.0000000
1150.00009536743;70.0000000;70.0000137;-1.52642E-06;1.236964E-09;70.0000000
1151.00002288818;70.0000000;70.0000137;-1.52642E-06;4.820999E-10;70.0000000
1152.00006961823;70.0000000;70.0000137;-1.52642E-06;1.878957E-10;70.0000000
1152.99999713898;70.0000000;70.0000137;-1.52642E-06;7.32313E-11;70.0000000
1154.00004386902;70.0000000;70.0000137;-1.52642E-06;2.854148E-11;70.0000000
1155.00009059906;70.0000000;70.0000137;-1.52642E-06;1.112388E-11;70.0000000
1156.00001811981;70.0000000;70.0000733;-8.166905E-06;4.185899E-05;70.0000000
1157.00006484985;70.0000000;70.0000733;-8.166905E-06;1.63143E-05;70.0000000
1158.0001115799;70.0000000;70.0000733;-8.166905E-06;6.358408E-06;70.0000000
1159.00003910065;70.0000000;70.0000138;-1.537562E-06;-2.687142E-05;70.0000000
1160.00008583069;70.0000000;69.9999542;5.102923E-06;-3.660534E-05;70.0000000
1161.00001335144;70.0000000;69.9999542;5.102923E-06;-1.426672E-05;70.0000000
1162.00006008148;70.0000000;69.9999542;5.102923E-06;-5.560375E-06;70.0000000
1163.00010681152;70.0000000;70.0000137;-1.52642E-06;2.718245E-05;70.0000000
1164.00003433228;70.0000000;70.0000733;-8.166905E-06;5.768556E-05;70.0000000
1165.00008106232;70.0000000;70.0000733;-8.166905E-06;2.248262E-05;70.0000000
1166.00000858307;70.0000000;70.0000733;-8.166905E-06;8.762473E-06;70.0000000
1167.00005531311;70.0000000;70.0000138;-1.537562E-06;-2.267339E-05;70.0000000
1168.00010204315;70.0000000;69.9999542;5.102923E-06;-5.069581E-05;70.0000000
1169.0000295639;70.0000000;69.9999542;5.102923E-06;-1.97584E-05;70.0000000
1170.00007629395;70.0000000;70.0000137;-1.52642E-06;1.838779E-05;70.0000000
1171.0000038147;70.0000000;70.0000137;-1.52642E-06;7.166536E-06;70.0000000
1172.00005054474;70.0000000;70.0000137;-1.52642E-06;2.793117E-06;70.0000000
1173.00009727478;70.0000000;70.0000137;-1.52642E-06;1.088601E-06;70.0000000
1174.00002479553;70.0000000;70.0000137;-1.52642E-06;4.242762E-07;70.0000000
1175.00007152557;70.0000000;70.0000137;-1.52642E-06;1.653593E-07;70.0000000
1175.99999904633;70.0000000;70.0000137;-1.52642E-06;6.444784E-08;70.0000000
1177.00004577637;70.0000000;70.0000137;-1.52642E-06;2.511818E-08;70.0000000
1178.00009250641;70.0000000;70.0000137;-1.52642E-06;9.78967E-09;70.0000000
1179.00002002716;70.0000000;70.0000733;-8.166905E-06;2.613617E-05;70.0000000
1180.0000667572;70.0000000;70.0000733;-8.166905E-06;1.018643E-05;70.0000000
1181.00011348724;70.0000000;70.0000138;-1.537562E-06;-4.891879E-05;70.0000000
1182.000041008;70.0000000;69.9999542;5.102923E-06;-6.092481E-05;70.0000000
1183.00008773804;70.0000000;69.9999542;5.102923E-06;-2.37451E-05;70.0000000
1184.00001525879;70.0000000;69.9999542;5.102923E-06;-9.254517E-06;70.0000000
1185.00006198883;70.0000000;69.9999542;5.102923E-06;-3.606896E-06;70.0000000
1186.00010871887;70.0000000;69.9999542;5.102923E-06;-1.405767E-06;70.0000000
1187.00003623962;70.0000000;70.0000137;-1.52642E-06;4.124086E-05;70.0000000
1188.00008296967;70.0000000;70.0000137;-1.52642E-06;1.607339E-05;70.0000000
1189.00001049042;70.0000000;70.0000733;-8.166905E-06;5.924229E-05;70.0000000
1190.00005722046;70.0000000;70.0000733;-8.166905E-06;2.308935E-05;70.0000000
1191.0001039505;70.0000000;70.0000733;-8.166905E-06;8.998942E-06;70.0000000
1192.00003147125;70.0000000;70.0000733;-8.166905E-06;3.507286E-06;70.0000000
1193.00007820129;70.0000000;69.9999542;5.102923E-06;-6.89142E-05;70.0000000
1194.00000572205;70.0000000;69.9999542;5.102923E-06;-2.685892E-05;70.0000000
1195.00005245209;70.0000000;69.9999542;5.102923E-06;-1.046811E-05;70.0000000
1196.00009918213;70.0000000;70.0000137;-1.52642E-06;3.770887E-05;70.0000000
1197.00002670288;70.0000000;70.0000137;-1.52642E-06;1.469682E-05;70.0000000
1198.00007343292;70.0000000;70.0000733;-8.166905E-06;3.186036E-05;70.0000000
1199.00000095367;70.0000000;70.0000733;-8.166905E-06;1.241739E-05;70.0000000
1200.00004768372;70.0000000;70.0000138;-1.537562E-06;-4.217274E-05;70.0000000
1201.00009441376;70.0000000;69.9999542;5.102923E-06;-5.364457E-05;70.0000000
1202.00002193451;70.0000000;69.9999542;5.102923E-06;-2.090767E-05;70.0000000
1203.00006866455;70.0000000;69.9998946;1.174341E-05;-4.122241E-05;70.0000000
1204.00011539459;70.0000000;69.9999541;5.114065E-06;3.094615E-05;70.0000000
1205.00004291534;70.0000000;69.9999541;5.114065E-06;1.206108E-05;70.0000000
1206.00008964539;70.0000000;69.9999541;5.114065E-06;4.700739E-06;70.0000000
1207.00001716614;70.0000000;69.9999541;5.114065E-06;1.832087E-06;70.0000000
1208.00006389618;70.0000000;69.9999541;5.114065E-06;7.140454E-07;70.0000000
1209.00011062622;70.0000000;69.9999541;5.114065E-06;2.782952E-07;70.0000000
1210.00003814697;70.0000000;70.0000137;-1.52642E-06;3.318223E-05;70.0000000
1211.00008487701;70.0000000;70.0000137;-1.52642E-06;1.293259E-05;70.0000000
1212.00001239777;70.0000000;69.9999542;5.102923E-06;-4.784849E-05;70.0000000
1213.00005912781;70.0000000;69.9998946;1.174341E-05;-7.162645E-05;70.0000000
1214.00010585785;70.0000000;69.9998946;1.174341E-05;-2.7916E-05;70.0000000
1215.0000333786;70.0000000;69.9999541;5.114065E-06;3.613225E-05;70.0000000
1216.00008010864;70.0000000;70.0000137;-1.52642E-06;5.594133E-05;70.0000000
1217.00000762939;70.0000000;70.0000137;-1.52642E-06;2.180282E-05;70.0000000
1218.00005435944;70.0000000;70.0000137;-1.52642E-06;8.497523E-06;70.0000000
1219.00010108948;70.0000000;70.0000137;-1.52642E-06;3.311861E-06;70.0000000
1220.00002861023;70.0000000;69.9999542;5.102923E-06;-3.585478E-05;70.0000000
1221.00007534027;70.0000000;69.9999542;5.102923E-06;-1.39742E-05;70.0000000
1222.00000286102;70.0000000;69.9999542;5.102923E-06;-5.446365E-06;70.0000000
1223.00004959106;70.0000000;69.9999542;5.102923E-06;-2.12269E-06;70.0000000
1224.00009632111;70.0000000;70.0000137;-1.52642E-06;2.852227E-05;70.0000000
1225.00002384186;70.0000000;70.0000137;-1.52642E-06;1.111639E-05;70.0000000
1226.0000705719;70.0000000;70.0000137;-1.52642E-06;4.332551E-06;70.0000000
1227.00011730194;70.0000000;69.9999542;5.102923E-06;-4.010017E-05;70.0000000
1228.00004482269;70.0000000;69.9999542;5.102923E-06;-1.562882E-05;70.0000000
1229.00009155273;70.0000000;70.0000137;-1.52642E-06;1.709855E-05;70.0000000
1230.00001907349;70.0000000;70.0000137;-1.52642E-06;6.664062E-06;70.0000000
1231.00006580353;70.0000000;70.0000733;-8.166905E-06;5.557506E-05;70.0000000
1232.00011253357;70.0000000;70.0001330;-1.481853E-05;5.478932E-05;70.0000000
1233.00004005432;70.0000000;70.0000734;-8.178047E-06;-2.573753E-05;70.0000000
1234.00008678436;70.0000000;70.0000734;-8.178047E-06;-1.003106E-05;70.0000000
1235.00001430511;70.0000000;70.0000734;-8.178047E-06;-3.909548E-06;70.0000000
1236.00006103516;70.0000000;70.0000734;-8.178047E-06;-1.523724E-06;70.0000000
1237.0001077652;70.0000000;70.0000138;-1.537562E-06;-5.357164E-05;70.0000000
1238.00003528595;70.0000000;70.0000138;-1.537562E-06;-2.087924E-05;70.0000000
1239.00008201599;70.0000000;70.0000138;-1.537562E-06;-8.137566E-06;70.0000000
1240.00000953674;70.0000000;70.0000138;-1.537562E-06;-3.17157E-06;70.0000000
1241.00005626678;70.0000000;70.0000138;-1.537562E-06;-1.236102E-06;70.0000000
1242.00010299683;70.0000000;70.0000138;-1.537562E-06;-4.817636E-07;70.0000000
1243.00003051758;70.0000000;70.0000138;-1.537562E-06;-1.877647E-07;70.0000000
1244.00007724762;70.0000000;70.0000138;-1.537562E-06;-7.318022E-08;70.0000000
1245.00000476837;70.0000000;70.0000138;-1.537562E-06;-2.852158E-08;70.0000000
1246.00005149841;70.0000000;70.0000138;-1.537562E-06;-1.111612E-08;70.0000000
1247.00009822845;70.0000000;70.0000138;-1.537562E-06;-4.332446E-09;70.0000000
1248.00002574921;70.0000000;70.0000138;-1.537562E-06;-1.688546E-09;70.0000000
1249.00007247925;70.0000000;70.0000138;-1.537562E-06;-6.581014E-10;70.0000000
1250;70.0000000;70.0000138;-1.537562E-06;-2.564913E-10;70.0000000
1251.00004673004;70.0000000;69.9999542;5.102923E-06;-5.297788E-05;70.0000000
1252.00009346008;70.0000000;69.9999542;5.102923E-06;-2.064783E-05;70.0000000
1253.00002098083;70.0000000;69.9999542;5.102923E-06;-8.047374E-06;70.0000000
1254.00006771088;70.0000000;69.9999542;5.102923E-06;-3.136419E-06;70.0000000
1255.00011444092;70.0000000;69.9999542;5.102923E-06;-1.222401E-06;70.0000000
1256.00004196167;70.0000000;70.0000137;-1.52642E-06;5.241247E-05;70.0000000
1257.00008869171;70.0000000;70.0000137;-1.52642E-06;2.042746E-05;70.0000000
1258.00001621246;70.0000000;70.0000137;-1.52642E-06;7.961487E-06;70.0000000
1259.0000629425;70.0000000;70.0000137;-1.52642E-06;3.102945E-06;70.0000000
1260.00010967255;70.0000000;70.0000137;-1.52642E-06;1.209355E-06;70.0000000
1261.0000371933;70.0000000;70.0000137;-1.52642E-06;4.713394E-07;70.0000000
1262.00008392334;70.0000000;69.9999542;5.102923E-06;-4.682865E-05;70.0000000
1263.00001144409;70.0000000;69.9999542;5.102923E-06;-1.82512E-05;70.0000000
1264.00005817413;70.0000000;70.0000137;-1.52642E-06;2.223628E-05;70.0000000
1265.00010490417;70.0000000;70.0000137;-1.52642E-06;8.666464E-06;70.0000000
1266.00003242493;70.0000000;70.0000137;-1.52642E-06;3.377705E-06;70.0000000
1267.00007915497;70.0000000;70.0000137;-1.52642E-06;1.316441E-06;70.0000000
1268.00000667572;70.0000000;69.9999542;5.102923E-06;-5.237582E-05;70.0000000
1269.00005340576;70.0000000;70.0000137;-1.52642E-06;2.137557E-05;70.0000000
1270.0001001358;70.0000000;70.0000137;-1.52642E-06;8.331008E-06;70.0000000
1271.00002765656;70.0000000;70.0000137;-1.52642E-06;3.246963E-06;70.0000000
1272.0000743866;70.0000000;70.0000137;-1.52642E-06;1.265486E-06;70.0000000
1273.00000190735;70.0000000;70.0000137;-1.52642E-06;4.932159E-07;70.0000000
1274.00004863739;70.0000000;70.0000137;-1.52642E-06;1.922281E-07;70.0000000
1275.00009536743;70.0000000;69.9999542;5.102923E-06;-3.707064E-05;70.0000000
1276.00002288818;70.0000000;69.9999542;5.102923E-06;-1.444807E-05;70.0000000
1277.00006961823;70.0000000;69.9999542;5.102923E-06;-5.631055E-06;70.0000000
1278.00011634827;70.0000000;69.9999542;5.102923E-06;-2.194672E-06;70.0000000
1279.00004386902;70.0000000;70.0000137;-1.52642E-06;2.233443E-05;70.0000000
1280.00009059906;70.0000000;69.9999542;5.102923E-06;-2.431356E-05;70.0000000
1281.00001811981;70.0000000;69.9999542;5.102923E-06;-9.476073E-06;70.0000000
1282.00006484985;70.0000000;69.9999542;5.102923E-06;-3.693246E-06;70.0000000
1283.0001115799;70.0000000;70.0000137;-1.52642E-06;5.144947E-05;70.0000000
1284.00003910065;70.0000000;70.0000137;-1.52642E-06;2.005214E-05;70.0000000
1285.00008583069;70.0000000;70.0000137;-1.52642E-06;7.815208E-06;70.0000000
1286.00001335144;70.0000000;70.0000137;-1.52642E-06;3.045933E-06;70.0000000
1287.00006008148;70.0000000;69.9999542;5.102923E-06;-2.816244E-05;70.0000000
1288.00010681152;70.0000000;69.9999542;5.102923E-06;-1.097615E-05;70.0000000
1289.00003433228;70.0000000;69.9999542;5.102923E-06;-4.277893E-06;70.0000000
1290.00008106232;70.0000000;70.0000137;-1.52642E-06;2.15225E-05;70.0000000
1291.00000858307;70.0000000;70.0000137;-1.52642E-06;8.388274E-06;70.0000000
1292.00005531311;70.0000000;70.0000137;-1.52642E-06;3.269283E-06;70.0000000
1293.00010204315;70.0000000;70.0000137;-1.52642E-06;1.274184E-06;70.0000000
1294.0000295639;70.0000000;70.0000137;-1.52642E-06;4.966062E-07;70.0000000
1295.00007629395;70.0000000;69.9999542;5.102923E-06;-4.159521E-05;70.0000000
1296.0000038147;70.0000000;69.9999542;5.102923E-06;-1.62115E-05;70.0000000
1297.00005054474;70.0000000;70.0000137;-1.52642E-06;1.687145E-05;70.0000000
1298.00009727478;70.0000000;70.0000137;-1.52642E-06;6.575553E-06;70.0000000
1299.00002479553;70.0000000;70.0000137;-1.52642E-06;2.562784E-06;70.0000000
1300.00007152557;70.0000000;70.0000137;-1.52642E-06;9.988307E-07;70.0000000
1301.00011825562;70.0000000;70.0000137;-1.52642E-06;3.892887E-07;70.0000000
1302.00004577637;70.0000000;70.0000137;-1.52642E-06;1.517231E-07;70.0000000
1303.00009250641;70.0000000;70.0000137;-1.52642E-06;5.913321E-08;70.0000000
1304.00002002716;70.0000000;70.0000137;-1.52642E-06;2.304684E-08;70.0000000
1305.0000667572;70.0000000;69.9999542;5.102923E-06;-2.93406E-05;70.0000000
1306.00011348724;70.0000000;69.9999542;5.102923E-06;-1.143533E-05;70.0000000
1307.000041008;70.0000000;70.0000137;-1.52642E-06;2.489272E-05;70.0000000
1308.00008773804;70.0000000;70.0000137;-1.52642E-06;9.701797E-06;70.0000000
1309.00001525879;70.0000000;70.0000137;-1.52642E-06;3.781221E-06;70.0000000
1310.00006198883;70.0000000;69.9999542;5.102923E-06;-4.553864E-05;70.0000000
1311.00010871887;70.0000000;69.9999542;5.102923E-06;-1.774843E-05;70.0000000
1312.00003623962;70.0000000;70.0000137;-1.52642E-06;2.243223E-05;70.0000000
1313.00008296967;70.0000000;70.0000137;-1.52642E-06;8.742834E-06;70.0000000
1314.00001049042;70.0000000;70.0000137;-1.52642E-06;3.40747E-06;70.0000000
1315.00005722046;70.0000000;70.0000137;-1.52642E-06;1.328042E-06;70.0000000
1316.0001039505;70.0000000;69.9999542;5.102923E-06;-2.883198E-05;70.0000000
1317.00003147125;70.0000000;69.9999542;5.102923E-06;-1.12371E-05;70.0000000
1318.00007820129;70.0000000;69.9999542;5.102923E-06;-4.379597E-06;70.0000000
1319.00000572205;70.0000000;69.9999542;5.102923E-06;-1.706923E-06;70.0000000
1320.00005245209;70.0000000;70.0000137;-1.52642E-06;3.235301E-05;70.0000000
1321.00009918213;70.0000000;70.0000137;-1.52642E-06;1.26094E-05;70.0000000
1322.00002670288;70.0000000;70.0000137;-1.52642E-06;4.914443E-06;70.0000000
1323.00007343292;70.0000000;70.0000137;-1.52642E-06;1.915376E-06;70.0000000
1324.00012016296;70.0000000;70.0000137;-1.52642E-06;7.465071E-07;70.0000000
1325.00004768372;70.0000000;70.0000137;-1.52642E-06;2.909469E-07;70.0000000
1326.00009441376;70.0000000;70.0000733;-8.166905E-06;3.732138E-05;70.0000000
1327.00002193451;70.0000000;70.0000733;-8.166905E-06;1.45458E-05;70.0000000
1328.00006866455;70.0000000;70.0000733;-8.166905E-06;5.669143E-06;70.0000000
1329.00011539459;70.0000000;70.0000733;-8.166905E-06;2.209516E-06;70.0000000
1330.00004291534;70.0000000;70.0000733;-8.166905E-06;8.611466E-07;70.0000000
1331.00008964539;70.0000000;70.0000138;-1.537562E-06;-4.145313E-05;70.0000000
1332.00001716614;70.0000000;70.0000138;-1.537562E-06;-1.615612E-05;70.0000000
1333.00006389618;70.0000000;70.0000138;-1.537562E-06;-6.296757E-06;70.0000000
1334.00011062622;70.0000000;70.0000138;-1.537562E-06;-2.454125E-06;70.0000000
1335.00003814697;70.0000000;70.0000138;-1.537562E-06;-9.564815E-07;70.0000000
1336.00008487701;70.0000000;70.0000138;-1.537562E-06;-3.727833E-07;70.0000000
1337.00001239777;70.0000000;69.9999542;5.102923E-06;-5.312307E-05;70.0000000
1338.00005912781;70.0000000;70.0000137;-1.52642E-06;8.64516E-06;70.0000000
1339.00010585785;70.0000000;70.0000137;-1.52642E-06;3.369402E-06;70.0000000
1340.0000333786;70.0000000;70.0000137;-1.52642E-06;1.313205E-06;70.0000000
1341.00008010864;70.0000000;69.9999542;5.102923E-06;-5.237708E-05;70.0000000
1342.00000762939;70.0000000;69.9999542;5.102923E-06;-2.041367E-05;70.0000000
1343.00005435944;70.0000000;69.9999542;5.102923E-06;-7.95611E-06;70.0000000
1344.00010108948;70.0000000;69.9999542;5.102923E-06;-3.100849E-06;70.0000000
1345.00002861023;70.0000000;69.9999542;5.102923E-06;-1.208538E-06;70.0000000
1346.00007534027;70.0000000;69.9999542;5.102923E-06;-4.710209E-07;70.0000000
1347.00012207031;70.0000000;69.9999542;5.102923E-06;-1.835778E-07;70.0000000
1348.00004959106;70.0000000;69.9999542;5.102923E-06;-7.154839E-08;70.0000000
1349.00009632111;70.0000000;69.9999542;5.102923E-06;-2.788558E-08;70.0000000
1350.00002384186;70.0000000;69.9999542;5.102923E-06;-1.086825E-08;70.0000000
1351.0000705719;70.0000000;69.9999542;5.102923E-06;-4.235838E-09;70.0000000
1352.00011730194;70.0000000;69.9999542;5.102923E-06;-2.354096E-05;70.0000000
1353.00004482269;70.0000000;69.9999542;5.102923E-06;-9.174957E-06;70.0000000
1354.00009155273;70.0000000;69.9999542;5.102923E-06;-3.575887E-06;70.0000000
1355.00001907349;70.0000000;70.0000137;-1.52642E-06;4.561867E-05;70.0000000
1356.00006580353;70.0000000;70.0000733;-8.166905E-06;7.075739E-05;70.0000000
1357.00011253357;70.0000000;70.0001330;-1.481853E-05;6.484771E-05;70.0000000
1358.00004005432;70.0000000;70.0001330;-1.481853E-05;2.527403E-05;70.0000000
1359.00008678436;70.0000000;70.0001330;-1.481853E-05;9.850409E-06;70.0000000
1360.00001430511;70.0000000;70.0000734;-8.178047E-06;-3.801984E-05;70.0000000
1361.00006103516;70.0000000;70.0000138;-1.537562E-06;-5.2026E-05;70.0000000
1362.0001077652;70.0000000;70.0000138;-1.537562E-06;-2.027684E-05;70.0000000
1363.00003528595;70.0000000;69.9999542;5.102923E-06;-5.499414E-05;70.0000000
1364.00008201599;70.0000000;70.0000137;-1.52642E-06;1.57119E-05;70.0000000
1365.00000953674;70.0000000;70.0000733;-8.166905E-06;5.91014E-05;70.0000000
1366.00005626678;70.0000000;70.0000733;-8.166905E-06;2.303444E-05;70.0000000
1367.00010299683;70.0000000;70.0001330;-1.481853E-05;4.21068E-05;70.0000000
1368.00003051758;70.0000000;70.0001330;-1.481853E-05;1.931448E-05;70.0000000
1369.00007724762;70.0000000;70.0000138;-1.537562E-06;-7.158243E-05;70.0000000
1370.00012397766;70.0000000;69.9999542;5.102923E-06;-6.097261E-05;70.0000000
1371.00005149841;70.0000000;69.9999542;5.102923E-06;-2.376373E-05;70.0000000
1372.00009822845;70.0000000;70.0000137;-1.52642E-06;3.775057E-05;70.0000000
1373.00002574921;70.0000000;70.0000137;-1.52642E-06;1.471307E-05;70.0000000
1374.00007247925;70.0000000;70.0000137;-1.52642E-06;5.734336E-06;70.0000000
1375.00011920929;70.0000000;70.0000137;-1.52642E-06;2.234925E-06;70.0000000
1376.00004673004;70.0000000;70.0000137;-1.52642E-06;8.710496E-07;70.0000000
1377.00009346008;70.0000000;70.0000137;-1.52642E-06;3.394866E-07;70.0000000
1378.00002098083;70.0000000;70.0000137;-1.52642E-06;1.32313E-07;70.0000000
1379.00006771088;70.0000000;70.0000137;-1.52642E-06;5.156824E-08;70.0000000
1380.00011444092;70.0000000;70.0000733;-8.166905E-06;2.324886E-05;70.0000000
1381.00004196167;70.0000000;70.0000734;-8.178047E-06;5.435576E-06;70.0000000
1382.00008869171;70.0000000;70.0000734;-8.178047E-06;2.118485E-06;70.0000000
1383.00001621246;70.0000000;70.0000734;-8.178047E-06;8.256676E-07;70.0000000
1384.0000629425;70.0000000;70.0000734;-8.178047E-06;3.217993E-07;70.0000000
1385.00010967255;70.0000000;70.0000734;-8.178047E-06;1.254195E-07;70.0000000
1386.0000371933;70.0000000;69.9999542;5.102923E-06;-7.615766E-05;70.0000000
1387.00008392334;70.0000000;69.9999542;5.102923E-06;-2.968202E-05;70.0000000
1388.00001144409;70.0000000;69.9998946;1.174341E-05;-3.770076E-05;70.0000000
1389.00005817413;70.0000000;69.9998946;1.174341E-05;-1.469366E-05;70.0000000
1390.00010490417;70.0000000;69.9999541;5.114065E-06;2.362281E-05;70.0000000
1391.00003242493;70.0000000;69.9999541;5.114065E-06;9.206856E-06;70.0000000
1392.00007915497;70.0000000;70.0000137;-1.52642E-06;4.54473E-05;70.0000000
1393.00000667572;70.0000000;70.0000137;-1.52642E-06;1.771283E-05;70.0000000
1394.00005340576;70.0000000;69.9999542;5.102923E-06;-1.628632E-05;70.0000000
1395.0001001358;70.0000000;69.9998945;1.175455E-05;-1.854636E-05;70.0000000
1396.00002765656;70.0000000;69.9998945;1.175455E-05;-7.228338E-06;70.0000000
1397.0000743866;70.0000000;69.9999541;5.114065E-06;2.331516E-05;70.0000000
1398.00012111664;70.0000000;70.0000137;-1.52642E-06;3.231571E-05;70.0000000
1399.00004863739;70.0000000;70.0000137;-1.52642E-06;1.259487E-05;70.0000000
1400.00009536743;70.0000000;70.0000137;-1.52642E-06;4.908778E-06;70.0000000
1401.00002288818;70.0000000;70.0000137;-1.52642E-06;1.913168E-06;70.0000000
1402.00006961823;70.0000000;70.0000137;-1.52642E-06;7.456466E-07;70.0000000
1403.00011634827;70.0000000;69.9999542;5.102923E-06;-2.289918E-05;70.0000000
1404.00004386902;70.0000000;69.9999542;5.102923E-06;-8.924823E-06;70.0000000
1405.00009059906;70.0000000;69.9999542;5.102923E-06;-3.478399E-06;70.0000000
1406.00001811981;70.0000000;70.0000137;-1.52642E-06;2.473283E-05;70.0000000
1407.00006484985;70.0000000;70.0000733;-8.166905E-06;5.149846E-05;70.0000000
1408.0001115799;70.0000000;70.0000733;-8.166905E-06;2.007123E-05;70.0000000
1409.00003910065;70.0000000;70.0000138;-1.537562E-06;-1.826586E-05;70.0000000
1410.00008583069;70.0000000;70.0000138;-1.537562E-06;-7.119017E-06;70.0000000
1411.00001335144;70.0000000;70.0000138;-1.537562E-06;-2.774596E-06;70.0000000
1412.00006008148;70.0000000;69.9999542;5.102923E-06;-2.431015E-05;70.0000000
1413.00010681152;70.0000000;69.9999542;5.102923E-06;-9.474742E-06;70.0000000
1414.00003433228;70.0000000;69.9999542;5.102923E-06;-3.692727E-06;70.0000000
1415.00008106232;70.0000000;69.9999542;5.102923E-06;-1.43922E-06;70.0000000
1416.00000858307;70.0000000;70.0000137;-1.52642E-06;4.122783E-05;70.0000000
1417.00005531311;70.0000000;70.0000137;-1.52642E-06;1.606831E-05;70.0000000
1418.00010204315;70.0000000;70.0000137;-1.52642E-06;6.262532E-06;70.0000000
1419.0000295639;70.0000000;69.9999542;5.102923E-06;-4.457156E-05;70.0000000
1420.00007629395;70.0000000;70.0000137;-1.52642E-06;2.964083E-05;70.0000000
1421.00012302399;70.0000000;70.0000733;-8.166905E-06;5.864371E-05;70.0000000
1422.00005054474;70.0000000;70.0000733;-8.166905E-06;2.285605E-05;70.0000000
1423.00009727478;70.0000000;70.0000734;-8.178047E-06;-8.735114E-06;70.0000000
1424.00002479553;70.0000000;70.0000138;-1.537562E-06;-4.526345E-05;70.0000000
1425.00007152557;70.0000000;69.9999542;5.102923E-06;-5.071494E-05;70.0000000
1426.00011825562;70.0000000;69.9999542;5.102923E-06;-1.976586E-05;70.0000000
1427.00004577637;70.0000000;69.9999542;5.102923E-06;-7.703633E-06;70.0000000
1428.00009250641;70.0000000;70.0000137;-1.52642E-06;3.414312E-05;70.0000000
1429.00002002716;70.0000000;70.0000137;-1.52642E-06;1.330709E-05;70.0000000
1430.0000667572;70.0000000;70.0000137;-1.52642E-06;5.186362E-06;70.0000000
1431.00011348724;70.0000000;70.0000137;-1.52642E-06;2.021355E-06;70.0000000
1432.000041008;70.0000000;70.0000137;-1.52642E-06;7.878117E-07;70.0000000
1433.00008773804;70.0000000;70.0000137;-1.52642E-06;3.070451E-07;70.0000000
1434.00001525879;70.0000000;70.0000137;-1.52642E-06;1.196691E-07;70.0000000
1435.00006198883;70.0000000;70.0000137;-1.52642E-06;4.664036E-08;70.0000000
1436.00010871887;70.0000000;70.0000137;-1.52642E-06;1.817781E-08;70.0000000
1437.00003623962;70.0000000;70.0000137;-1.52642E-06;7.084699E-09;70.0000000
1438.00008296967;70.0000000;70.0000137;-1.52642E-06;2.761221E-09;70.0000000
1439.00001049042;70.0000000;70.0000137;-1.52642E-06;1.07617E-09;70.0000000
1440.00005722046;70.0000000;70.0000137;-1.52642E-06;4.194314E-10;70.0000000
1441.0001039505;70.0000000;70.0000137;-1.52642E-06;1.63471E-10;70.0000000
1442.00003147125;70.0000000;69.9999542;5.102923E-06;-5.288882E-05;70.0000000
1443.00007820129;70.0000000;70.0000137;-1.52642E-06;2.576669E-06;70.0000000
1444.00012493134;70.0000000;70.0000137;-1.52642E-06;1.004242E-06;70.0000000
1445.00005245209;70.0000000;70.0000137;-1.52642E-06;3.913977E-07;70.0000000
1446.00009918213;70.0000000;70.0000137;-1.52642E-06;1.52545E-07;70.0000000
1447.00002670288;70.0000000;70.0000733;-8.166905E-06;2.619181E-05;70.0000000
1448.00007343292;70.0000000;70.0000733;-8.166905E-06;1.020811E-05;70.0000000
1449.00012016296;70.0000000;69.9999542;5.102923E-06;-5.931795E-05;70.0000000
1450.00004768372;70.0000000;69.9999542;5.102923E-06;-2.311884E-05;70.0000000
1451.00009441376;70.0000000;69.9999542;5.102923E-06;-9.010436E-06;70.0000000
1452.00002193451;70.0000000;69.9999542;5.102923E-06;-3.511766E-06;70.0000000
1453.00006866455;70.0000000;69.9999542;5.102923E-06;-1.368691E-06;70.0000000
1454.00011539459;70.0000000;69.9999542;5.102923E-06;-5.334396E-07;70.0000000
1455.00004291534;70.0000000;70.0000137;-1.52642E-06;5.268099E-05;70.0000000
1456.00008964539;70.0000000;70.0000137;-1.52642E-06;2.053212E-05;70.0000000
1457.00001716614;70.0000000;70.0000137;-1.52642E-06;8.002276E-06;70.0000000
1458.00006389618;70.0000000;70.0000137;-1.52642E-06;3.118842E-06;70.0000000
1459.00011062622;70.0000000;70.0000137;-1.52642E-06;1.215551E-06;70.0000000
1460.00003814697;70.0000000;69.9999542;5.102923E-06;-3.66718E-05;70.0000000
1461.00008487701;70.0000000;69.9998946;1.174341E-05;-4.369153E-05;70.0000000
1462.00001239777;70.0000000;69.9998946;1.174341E-05;-1.702853E-05;70.0000000
1463.00005912781;70.0000000;69.9998946;1.174341E-05;-6.636772E-06;70.0000000
1464.00010585785;70.0000000;69.9999541;5.114065E-06;2.060315E-05;70.0000000
1465.0000333786;70.0000000;70.0000137;-1.52642E-06;3.416232E-05;70.0000000
1466.00008010864;70.0000000;70.0000733;-8.166905E-06;4.638834E-05;70.0000000
1467.00012683868;70.0000000;70.0000733;-8.166905E-06;1.807959E-05;70.0000000
1468.00005435944;70.0000000;70.0000138;-1.537562E-06;-1.904209E-05;70.0000000
1469.00010108948;70.0000000;69.9999542;5.102923E-06;-3.355391E-05;70.0000000
1470.00002861023;70.0000000;69.9999542;5.102923E-06;-1.307745E-05;70.0000000
1471.00007534027;70.0000000;70.0000137;-1.52642E-06;2.099165E-05;70.0000000
1472.00012207031;70.0000000;70.0000137;-1.52642E-06;8.181379E-06;70.0000000
1473.00004959106;70.0000000;70.0000137;-1.52642E-06;3.188646E-06;70.0000000
1474.00009632111;70.0000000;70.0000137;-1.52642E-06;1.242757E-06;70.0000000
1475.00002384186;70.0000000;69.9999542;5.102923E-06;-4.652799E-05;70.0000000
1476.0000705719;70.0000000;69.9999542;5.102923E-06;-1.813402E-05;70.0000000
1477.00011730194;70.0000000;69.9999542;5.102923E-06;-7.067632E-06;70.0000000
1478.00004482269;70.0000000;69.9999542;5.102923E-06;-2.75457E-06;70.0000000
1479.00009155273;70.0000000;69.9999542;5.102923E-06;-1.073578E-06;70.0000000
1480.00001907349;70.0000000;69.9999542;5.102923E-06;-4.184209E-07;70.0000000
1481.00006580353;70.0000000;70.0000137;-1.52642E-06;2.302671E-05;70.0000000
1482.00011253357;70.0000000;70.0000137;-1.52642E-06;8.974532E-06;70.0000000
1483.00004005432;70.0000000;70.0000733;-8.166905E-06;3.289667E-05;70.0000000
1484.00008678436;70.0000000;70.0000138;-1.537562E-06;-3.419105E-05;70.0000000
1485.00001430511;70.0000000;70.0000138;-1.537562E-06;-1.332577E-05;70.0000000
1486.00006103516;70.0000000;69.9999542;5.102923E-06;-3.459254E-05;70.0000000
1487.0001077652;70.0000000;69.9999542;5.102923E-06;-1.348225E-05;70.0000000
1488.00003528595;70.0000000;69.9999542;5.102923E-06;-5.254629E-06;70.0000000
1489.00008201599;70.0000000;70.0000137;-1.52642E-06;3.50976E-05;70.0000000
1490.00012874603;70.0000000;70.0000137;-1.52642E-06;1.367909E-05;70.0000000
1491.00005626678;70.0000000;70.0000733;-8.166905E-06;4.253933E-05;70.0000000
1492.00010299683;70.0000000;70.0000733;-8.166905E-06;1.657946E-05;70.0000000
1493.00003051758;70.0000000;70.0000138;-1.537562E-06;-4.05506E-05;70.0000000
1494.00007724762;70.0000000;70.0000138;-1.537562E-06;-1.580437E-05;70.0000000
1495.00012397766;70.0000000;70.0000138;-1.537562E-06;-6.159662E-06;70.0000000
1496.00005149841;70.0000000;70.0000138;-1.537562E-06;-2.400693E-06;70.0000000
1497.00009822845;70.0000000;70.0000138;-1.537562E-06;-9.356567E-07;70.0000000
1498.00002574921;70.0000000;70.0000138;-1.537562E-06;-3.646669E-07;70.0000000
1499.00007247925;70.0000000;70.0000733;-8.166905E-06;4.164663E-05;70.0000000
1500.00011920929;70.0000000;70.0000733;-8.166905E-06;1.623154E-05;70.0000000
1501.00004673004;70.0000000;70.0000138;-1.537562E-06;-3.081941E-05;70.0000000
1502.00009346008;70.0000000;69.9999542;5.102923E-06;-4.508546E-05;70.0000000
1503.00002098083;70.0000000;69.9998946;1.174341E-05;-5.064557E-05;70.0000000
1504.00006771088;70.0000000;69.9998946;1.174341E-05;-1.973882E-05;70.0000000
1505.00011444092;70.0000000;70.0000137;-1.52642E-06;7.830295E-05;70.0000000
1506.00004196167;70.0000000;70.0000137;-1.52642E-06;3.051813E-05;70.0000000
1507.00008869171;70.0000000;70.0000734;-8.178047E-06;2.736328E-05;70.0000000
1508.00001621246;70.0000000;70.0000734;-8.178047E-06;-1.908433E-05;70.0000000
1509.0000629425;70.0000000;70.0000138;-1.537562E-06;-3.683691E-05;70.0000000
1510.00010967255;70.0000000;69.9999542;5.102923E-06;-4.048934E-05;70.0000000
1511.0000371933;70.0000000;69.9998946;1.174341E-05;-4.51794E-05;70.0000000
1512.00008392334;70.0000000;69.9999541;5.114065E-06;1.953715E-05;70.0000000
1513.00013065338;70.0000000;70.0000137;-1.52642E-06;4.068826E-05;70.0000000
1514.00005817413;70.0000000;70.0000733;-8.166905E-06;4.525691E-05;70.0000000
1515.00010490417;70.0000000;70.0000733;-8.166905E-06;1.763863E-05;70.0000000
1516.00003242493;70.0000000;70.0000733;-8.166905E-06;6.874554E-06;70.0000000
1517.00007915497;70.0000000;70.0000138;-1.537562E-06;-3.033896E-05;70.0000000
1518.00012588501;70.0000000;70.0000138;-1.537562E-06;-1.182444E-05;70.0000000
1519.00005340576;70.0000000;70.0000138;-1.537562E-06;-4.608507E-06;70.0000000
1520.0001001358;70.0000000;70.0000138;-1.537562E-06;-1.79614E-06;70.0000000
1521.00002765656;70.0000000;70.0000138;-1.537562E-06;-7.000353E-07;70.0000000
1522.0000743866;70.0000000;70.0000138;-1.537562E-06;-2.728348E-07;70.0000000
1523.00012111664;70.0000000;69.9999542;5.102923E-06;-3.31801E-05;70.0000000
1524.00004863739;70.0000000;69.9999542;5.102923E-06;-1.293176E-05;70.0000000
1525.00009536743;70.0000000;69.9999542;5.102923E-06;-5.040079E-06;70.0000000
1526.00002288818;70.0000000;69.9999542;5.102923E-06;-1.964343E-06;70.0000000
1527.00006961823;70.0000000;69.9999542;5.102923E-06;-7.655914E-07;70.0000000
1528.00011634827;70.0000000;70.0000137;-1.52642E-06;2.289141E-05;70.0000000
1529.00004386902;70.0000000;69.9999542;5.102923E-06;-3.809055E-05;70.0000000
1530.00009059906;70.0000000;69.9999542;5.102923E-06;-1.484558E-05;70.0000000
1531.00001811981;70.0000000;70.0000137;-1.52642E-06;4.122637E-05;70.0000000
1532.00006484985;70.0000000;70.0000137;-1.52642E-06;1.606775E-05;70.0000000
1533.0001115799;70.0000000;70.0000137;-1.52642E-06;6.262313E-06;70.0000000
1534.00003910065;70.0000000;70.0000137;-1.52642E-06;2.440701E-06;70.0000000
1535.00008583069;70.0000000;70.0000137;-1.52642E-06;9.512494E-07;70.0000000
1536.00001335144;70.0000000;69.9999542;5.102923E-06;-4.66416E-05;70.0000000
1537.00006008148;70.0000000;69.9999542;5.102923E-06;-1.81783E-05;70.0000000
1538.00010681152;70.0000000;69.9999542;5.102923E-06;-7.08489E-06;70.0000000
1539.00003433228;70.0000000;70.0000137;-1.52642E-06;3.438426E-05;70.0000000
1540.00008106232;70.0000000;70.0000137;-1.52642E-06;1.340107E-05;70.0000000
1541.00012779236;70.0000000;70.0000137;-1.52642E-06;5.222991E-06;70.0000000
1542.00005531311;70.0000000;70.0000137;-1.52642E-06;2.035631E-06;70.0000000
1543.00010204315;70.0000000;69.9999542;5.102923E-06;-2.529514E-05;70.0000000
1544.0000295639;70.0000000;69.9999542;5.102923E-06;-9.858636E-06;70.0000000
1545.00007629395;70.0000000;69.9998946;1.174341E-05;-4.105033E-05;70.0000000
1546.00012302399;70.0000000;69.9999541;5.114065E-06;1.008938E-05;70.0000000
1547.00005054474;70.0000000;69.9999541;5.114065E-06;3.932278E-06;70.0000000
1548.00009727478;70.0000000;70.0000137;-1.52642E-06;3.460635E-05;70.0000000
1549.00002479553;70.0000000;70.0000137;-1.52642E-06;1.348763E-05;70.0000000
1550.00007152557;70.0000000;70.0000137;-1.52642E-06;5.256727E-06;70.0000000
1551.00011825562;70.0000000;70.0000137;-1.52642E-06;2.04878E-06;70.0000000
1552.00004577637;70.0000000;70.0000137;-1.52642E-06;7.985002E-07;70.0000000
1553.00009250641;70.0000000;70.0000137;-1.52642E-06;3.11211E-07;70.0000000
1554.00002002716;70.0000000;70.0000137;-1.52642E-06;1.212927E-07;70.0000000
1555.0000667572;70.0000000;70.0000137;-1.52642E-06;4.727314E-08;70.0000000
1556.00011348724;70.0000000;70.0000137;-1.52642E-06;1.842444E-08;70.0000000
1557.000041008;70.0000000;70.0000137;-1.52642E-06;7.180821E-09;70.0000000
1558.00008773804;70.0000000;70.0000137;-1.52642E-06;2.798685E-09;70.0000000
1559.00001525879;70.0000000;70.0000137;-1.52642E-06;1.090771E-09;70.0000000
1560.00006198883;70.0000000;70.0000137;-1.52642E-06;4.25122E-10;70.0000000
1561.00010871887;70.0000000;70.0000137;-1.52642E-06;1.656889E-10;70.0000000
1562.00003623962;70.0000000;70.0000137;-1.52642E-06;6.457632E-11;70.0000000
1563.00008296967;70.0000000;69.9999542;5.102923E-06;-4.178873E-05;70.0000000
1564.00012969971;70.0000000;69.9999542;5.102923E-06;-1.628692E-05;70.0000000
1565.00005722046;70.0000000;69.9999542;5.102923E-06;-6.347734E-06;70.0000000
1566.0001039505;70.0000000;70.0000137;-1.52642E-06;2.361452E-05;70.0000000
1567.00003147125;70.0000000;70.0000137;-1.52642E-06;9.203625E-06;70.0000000
1568.00007820129;70.0000000;70.0000137;-1.52642E-06;3.587061E-06;70.0000000
1569.00012493134;70.0000000;70.0000137;-1.52642E-06;1.398037E-06;70.0000000
1570.00005245209;70.0000000;70.0000137;-1.52642E-06;5.448769E-07;70.0000000
1571.00009918213;70.0000000;70.0000137;-1.52642E-06;2.123627E-07;70.0000000
1572.00002670288;70.0000000;70.0000137;-1.52642E-06;8.276717E-08;70.0000000
1573.00007343292;70.0000000;70.0000137;-1.52642E-06;3.225804E-08;70.0000000
1574.00012016296;70.0000000;70.0000137;-1.52642E-06;1.257239E-08;70.0000000
1575.00004768372;70.0000000;69.9999542;5.102923E-06;-2.934467E-05;70.0000000
1576.00009441376;70.0000000;69.9999542;5.102923E-06;-1.143692E-05;70.0000000
1577.00002193451;70.0000000;69.9999542;5.102923E-06;-4.457475E-06;70.0000000
1578.00006866455;70.0000000;70.0000137;-1.52642E-06;2.145251E-05;70.0000000
1579.00011539459;70.0000000;70.0000137;-1.52642E-06;8.360996E-06;70.0000000
1580.00004291534;70.0000000;70.0000137;-1.52642E-06;3.258651E-06;70.0000000
1581.00008964539;70.0000000;69.9999542;5.102923E-06;-4.574231E-05;70.0000000
1582.00001716614;70.0000000;69.9999542;5.102923E-06;-1.782781E-05;70.0000000
1583.00006389618;70.0000000;69.9999542;5.102923E-06;-6.948287E-06;70.0000000
1584.00011062622;70.0000000;69.9999542;5.102923E-06;-2.708056E-06;70.0000000
1585.00003814697;70.0000000;70.0000137;-1.52642E-06;4.07333E-05;70.0000000
1586.00008487701;70.0000000;70.0000137;-1.52642E-06;1.587557E-05;70.0000000
1587.00013160706;70.0000000;70.0000137;-1.52642E-06;6.187415E-06;70.0000000
1588.00005912781;70.0000000;70.0000137;-1.52642E-06;2.41151E-06;70.0000000
1589.00010585785;70.0000000;70.0000137;-1.52642E-06;9.398723E-07;70.0000000
1590.0000333786;70.0000000;70.0000137;-1.52642E-06;3.663099E-07;70.0000000
1591.00008010864;70.0000000;70.0000137;-1.52642E-06;1.427672E-07;70.0000000
1592.00012683868;70.0000000;70.0000733;-8.166905E-06;3.312941E-05;70.0000000
1593.00005435944;70.0000000;70.0000733;-8.166905E-06;1.2912E-05;70.0000000
1594.00010108948;70.0000000;70.0000138;-1.537562E-06;-2.43172E-05;70.0000000
1595.00002861023;70.0000000;70.0000138;-1.537562E-06;-9.477491E-06;70.0000000
1596.00007534027;70.0000000;70.0000138;-1.537562E-06;-3.693799E-06;70.0000000
1597.00012207031;70.0000000;70.0000138;-1.537562E-06;-1.439637E-06;70.0000000
1598.00004959106;70.0000000;70.0000138;-1.537562E-06;-5.610904E-07;70.0000000
1599.00009632111;70.0000000;70.0000138;-1.537562E-06;-2.186818E-07;70.0000000
1600.00002384186;70.0000000;70.0000138;-1.537562E-06;-8.523001E-08;70.0000000
1601.0000705719;70.0000000;70.0000138;-1.537562E-06;-3.321792E-08;70.0000000
1602.00011730194;70.0000000;70.0000138;-1.537562E-06;-1.294649E-08;70.0000000
1603.00004482269;70.0000000;70.0000138;-1.537562E-06;-5.045823E-09;70.0000000
1604.00009155273;70.0000000;70.0000138;-1.537562E-06;-1.966581E-09;70.0000000
1605.00001907349;70.0000000;70.0000138;-1.537562E-06;-7.664638E-10;70.0000000
1606.00006580353;70.0000000;69.9999542;5.102923E-06;-2.322906E-05;70.0000000
1607.00011253357;70.0000000;69.9999542;5.102923E-06;-9.053396E-06;70.0000000
1608.00004005432;70.0000000;70.0000137;-1.52642E-06;2.256E-05;70.0000000
1609.00008678436;70.0000000;70.0000137;-1.52642E-06;8.792633E-06;70.0000000
1610.0001335144;70.0000000;70.0000137;-1.52642E-06;3.426879E-06;70.0000000
1611.00006103516;70.0000000;69.9999542;5.102923E-06;-2.47529E-05;70.0000000
1612.0001077652;70.0000000;69.9999542;5.102923E-06;-9.647305E-06;70.0000000
1613.00003528595;70.0000000;69.9999542;5.102923E-06;-3.759982E-06;70.0000000
1614.00008201599;70.0000000;70.0000137;-1.52642E-06;3.568013E-05;70.0000000
1615.00012874603;70.0000000;70.0000137;-1.52642E-06;1.390613E-05;70.0000000
1616.00005626678;70.0000000;70.0000137;-1.52642E-06;5.419835E-06;70.0000000
1617.00010299683;70.0000000;70.0000137;-1.52642E-06;2.11235E-06;70.0000000
1618.00003051758;70.0000000;70.0000137;-1.52642E-06;8.232765E-07;70.0000000
1619.00007724762;70.0000000;69.9999542;5.102923E-06;-2.902871E-05;70.0000000
1620.00012397766;70.0000000;69.9999542;5.102923E-06;-1.131378E-05;70.0000000
1621.00005149841;70.0000000;70.0000137;-1.52642E-06;3.737928E-05;70.0000000
1622.00009822845;70.0000000;70.0000137;-1.52642E-06;1.456836E-05;70.0000000
1623.00002574921;70.0000000;70.0000137;-1.52642E-06;5.677937E-06;70.0000000
1624.00007247925;70.0000000;69.9999542;5.102923E-06;-5.067595E-05;70.0000000
1625.00011920929;70.0000000;69.9999542;5.102923E-06;-1.975067E-05;70.0000000
1626.00004673004;70.0000000;69.9998946;1.174341E-05;-6.067549E-05;70.0000000
1627.00009346008;70.0000000;69.9998946;1.174341E-05;-2.364793E-05;70.0000000
1628.00002098083;70.0000000;69.9999541;5.114065E-06;3.257211E-05;70.0000000
1629.00006771088;70.0000000;70.0000137;-1.52642E-06;4.20937E-05;70.0000000
1630.00011444092;70.0000000;70.0000137;-1.52642E-06;1.640578E-05;70.0000000
1631.00004196167;70.0000000;70.0000137;-1.52642E-06;6.394062E-06;70.0000000
1632.00008869171;70.0000000;70.0000137;-1.52642E-06;2.492049E-06;70.0000000
1633.00013542175;70.0000000;69.9999542;5.102923E-06;-3.61743E-05;70.0000000
1634.0000629425;70.0000000;69.9999542;5.102923E-06;-1.409873E-05;70.0000000
1635.00010967255;70.0000000;69.9999542;5.102923E-06;-5.494899E-06;70.0000000
1636.0000371933;70.0000000;69.9999542;5.102923E-06;-2.141606E-06;70.0000000
1637.00008392334;70.0000000;69.9999542;5.102923E-06;-8.346788E-07;70.0000000
1638.00013065338;70.0000000;70.0000137;-1.52642E-06;4.146344E-05;70.0000000
1639.00005817413;70.0000000;70.0000137;-1.52642E-06;1.616014E-05;70.0000000
1640.00010490417;70.0000000;69.9999542;5.102923E-06;-4.071402E-05;70.0000000
1641.00003242493;70.0000000;69.9999541;5.114065E-06;-1.179627E-05;70.0000000
1642.00007915497;70.0000000;69.9999541;5.114065E-06;-4.597528E-06;70.0000000
1643.00012588501;70.0000000;69.9999541;5.114065E-06;-1.791861E-06;70.0000000
1644.00005340576;70.0000000;69.9998946;1.174341E-05;-4.248712E-05;70.0000000
1645.0001001358;70.0000000;69.9999541;5.114065E-06;3.632978E-05;70.0000000
1646.00002765656;70.0000000;69.9999541;5.114065E-06;1.415933E-05;70.0000000
1647.0000743866;70.0000000;70.0000137;-1.52642E-06;3.165087E-05;70.0000000
1648.00012111664;70.0000000;70.0000137;-1.52642E-06;1.233575E-05;70.0000000
1649.00004863739;70.0000000;70.0000137;-1.52642E-06;4.807789E-06;70.0000000
1650.00009536743;70.0000000;70.0000137;-1.52642E-06;1.873809E-06;70.0000000
1651.00002288818;70.0000000;70.0000137;-1.52642E-06;7.303063E-07;70.0000000
1652.00006961823;70.0000000;70.0000137;-1.52642E-06;2.846328E-07;70.0000000
1653.00011634827;70.0000000;70.0000137;-1.52642E-06;1.10934E-07;70.0000000
1654.00004386902;70.0000000;70.0000137;-1.52642E-06;4.32359E-08;70.0000000
1655.00009059906;70.0000000;70.0000137;-1.52642E-06;1.685095E-08;70.0000000
1656.0001373291;70.0000000;70.0000137;-1.52642E-06;6.567562E-09;70.0000000
1657.00006484985;70.0000000;70.0000137;-1.52642E-06;2.55967E-09;70.0000000
1658.0001115799;70.0000000;70.0000137;-1.52642E-06;9.976168E-10;70.0000000
1659.00003910065;70.0000000;70.0000137;-1.52642E-06;3.888155E-10;70.0000000
1660.00008583069;70.0000000;70.0000733;-8.166905E-06;2.613251E-05;70.0000000
1661.00013256073;70.0000000;70.0000733;-8.166905E-06;1.0185E-05;70.0000000
1662.00006008148;70.0000000;70.0000733;-8.166905E-06;3.969546E-06;70.0000000
1663.00010681152;70.0000000;70.0000138;-1.537562E-06;-2.45414E-05;70.0000000
1664.00003433228;70.0000000;70.0000138;-1.537562E-06;-9.564874E-06;70.0000000
1665.00008106232;70.0000000;70.0000138;-1.537562E-06;-3.727856E-06;70.0000000
1666.00012779236;70.0000000;70.0000138;-1.537562E-06;-1.452911E-06;70.0000000
1667.00005531311;70.0000000;70.0000138;-1.537562E-06;-5.662638E-07;70.0000000
1668.00010204315;70.0000000;70.0000138;-1.537562E-06;-2.206981E-07;70.0000000
1669.0000295639;70.0000000;70.0000138;-1.537562E-06;-8.601584E-08;70.0000000
1670.00007629395;70.0000000;70.0000138;-1.537562E-06;-3.352419E-08;70.0000000
1671.00012302399;70.0000000;70.0000138;-1.537562E-06;-1.306586E-08;70.0000000
1672.00005054474;70.0000000;70.0000138;-1.537562E-06;-5.092346E-09;70.0000000
1673.00009727478;70.0000000;70.0000137;-1.52642E-06;1.981314E-05;70.0000000
1674.00002479553;70.0000000;70.0000137;-1.52642E-06;7.722058E-06;70.0000000
1675.00007152557;70.0000000;70.0000137;-1.52642E-06;3.009629E-06;70.0000000
1676.00011825562;70.0000000;70.0000137;-1.52642E-06;1.172986E-06;70.0000000
1677.00004577637;70.0000000;70.0000137;-1.52642E-06;4.571646E-07;70.0000000
1678.00009250641;70.0000000;70.0000137;-1.52642E-06;1.781773E-07;70.0000000
1679.00013923645;70.0000000;70.0000137;-1.52642E-06;6.94436E-08;70.0000000
1680.0000667572;70.0000000;70.0000137;-1.52642E-06;2.706525E-08;70.0000000
1681.00011348724;70.0000000;70.0000137;-1.52642E-06;1.054853E-08;70.0000000
1682.000041008;70.0000000;70.0000137;-1.52642E-06;4.111229E-09;70.0000000
1683.00008773804;70.0000000;70.0000137;-1.52642E-06;1.602328E-09;70.0000000
1684.00013446808;70.0000000;69.9999542;5.102923E-06;-3.714494E-05;70.0000000
1685.00006198883;70.0000000;70.0000137;-1.52642E-06;2.266853E-05;70.0000000
1686.00010871887;70.0000000;70.0000137;-1.52642E-06;8.834931E-06;70.0000000
1687.00003623962;70.0000000;70.0000733;-8.166905E-06;5.053472E-05;70.0000000
1688.00008296967;70.0000000;70.0001330;-1.481853E-05;7.276228E-05;70.0000000
1689.00012969971;70.0000000;70.0000734;-8.178047E-06;-4.715074E-06;70.0000000
1690.00005722046;70.0000000;69.9999542;5.102923E-06;-7.832793E-05;70.0000000
1691.0001039505;70.0000000;69.9998946;1.174341E-05;-5.375663E-05;70.0000000
1692.00003147125;70.0000000;69.9998350;1.838389E-05;-4.41801E-05;70.0000000
1693.00007820129;70.0000000;69.9998945;1.175455E-05;1.213063E-05;70.0000000
1694.00012493134;70.0000000;69.9999541;5.114065E-06;4.193584E-05;70.0000000
1695.00005245209;70.0000000;70.0000137;-1.52642E-06;4.941802E-05;70.0000000
1696.00009918213;70.0000000;70.0000733;-8.166905E-06;7.223817E-05;70.0000000
1697.00002670288;70.0000000;70.0000733;-8.166905E-06;2.815441E-05;70.0000000
1698.00007343292;70.0000000;70.0000138;-1.537562E-06;-2.617254E-05;70.0000000
1699.00012016296;70.0000000;70.0000138;-1.537562E-06;-1.02006E-05;70.0000000
1700.00004768372;70.0000000;70.0000138;-1.537562E-06;-3.975625E-06;70.0000000
1701.00009441376;70.0000000;70.0000138;-1.537562E-06;-1.549477E-06;70.0000000
1702.00002193451;70.0000000;70.0000138;-1.537562E-06;-6.039E-07;70.0000000
1703.00006866455;70.0000000;70.0000138;-1.537562E-06;-2.353666E-07;70.0000000
1704.00011539459;70.0000000;70.0000138;-1.537562E-06;-9.173281E-08;70.0000000
1705.00004291534;70.0000000;70.0000138;-1.537562E-06;-3.575234E-08;70.0000000
1706.00008964539;70.0000000;70.0000138;-1.537562E-06;-1.393427E-08;70.0000000
1707.00013637543;70.0000000;70.0000138;-1.537562E-06;-5.430805E-09;70.0000000
1708.00006389618;70.0000000;70.0000138;-1.537562E-06;-2.116626E-09;70.0000000
1709.00011062622;70.0000000;70.0000138;-1.537562E-06;-8.249429E-10;70.0000000
1710.00003814697;70.0000000;70.0000138;-1.537562E-06;-3.215168E-10;70.0000000
1711.00008487701;70.0000000;70.0000138;-1.537562E-06;-1.253094E-10;70.0000000
1712.00013160706;70.0000000;70.0000138;-1.537562E-06;-4.883862E-11;70.0000000
1713.00005912781;70.0000000;70.0000733;-8.166905E-06;4.701233E-05;70.0000000
1714.00010585785;70.0000000;70.0000733;-8.166905E-06;1.832279E-05;70.0000000
1715.0000333786;70.0000000;70.0000733;-8.166905E-06;7.141204E-06;70.0000000
1716.00008010864;70.0000000;70.0000733;-8.166905E-06;2.783244E-06;70.0000000
1717.00012683868;70.0000000;70.0000734;-8.178047E-06;-1.46226E-05;70.0000000
1718.00005435944;70.0000000;70.0000734;-8.178047E-06;-5.699078E-06;70.0000000
1719.00010108948;70.0000000;70.0000734;-8.178047E-06;-2.221183E-06;70.0000000
1720.00002861023;70.0000000;70.0000138;-1.537562E-06;-4.272467E-05;70.0000000
1721.00007534027;70.0000000;70.0000138;-1.537562E-06;-1.66517E-05;70.0000000
1722.00012207031;70.0000000;70.0000138;-1.537562E-06;-6.489905E-06;70.0000000
1723.00004959106;70.0000000;70.0000733;-8.166905E-06;3.048887E-05;70.0000000
1724.00009632111;70.0000000;70.0000733;-8.166905E-06;1.188286E-05;70.0000000
1725.00002384186;70.0000000;70.0000733;-8.166905E-06;4.63128E-06;70.0000000
1726.0000705719;70.0000000;70.0000138;-1.537562E-06;-2.138477E-05;70.0000000
1727.00011730194;70.0000000;69.9999542;5.102923E-06;-3.446695E-05;70.0000000
1728.00004482269;70.0000000;69.9999542;5.102923E-06;-1.34333E-05;70.0000000
1729.00009155273;70.0000000;70.0000137;-1.52642E-06;4.17768E-05;70.0000000
1730.00013828278;70.0000000;70.0000137;-1.52642E-06;1.628227E-05;70.0000000
1731.00006580353;70.0000000;70.0000733;-8.166905E-06;2.957468E-05;70.0000000
1732.00011253357;70.0000000;70.0000733;-8.166905E-06;1.152657E-05;70.0000000
1733.00004005432;70.0000000;70.0000733;-8.166905E-06;4.492415E-06;70.0000000
1734.00008678436;70.0000000;70.0000138;-1.537562E-06;-2.433762E-05;70.0000000
1735.0001335144;70.0000000;69.9999542;5.102923E-06;-3.561781E-05;70.0000000
1736.00006103516;70.0000000;69.9999542;5.102923E-06;-1.388184E-05;70.0000000
1737.0001077652;70.0000000;69.9999542;5.102923E-06;-1.234013E-05;70.0000000
1738.00003528595;70.0000000;70.0000137;-1.52642E-06;1.838029E-05;70.0000000
1739.00008201599;70.0000000;70.0000137;-1.52642E-06;7.163615E-06;70.0000000
1740.00012874603;70.0000000;69.9999542;5.102923E-06;-2.65576E-05;70.0000000
1741.00005626678;70.0000000;69.9998946;1.174341E-05;-3.648303E-05;70.0000000
1742.00010299683;70.0000000;69.9999541;5.114065E-06;3.279329E-05;70.0000000
1743.00003051758;70.0000000;70.0000733;-8.166905E-06;9.189114E-05;70.0000000
1744.00007724762;70.0000000;70.0000733;-8.166905E-06;3.581405E-05;70.0000000
1745.00012397766;70.0000000;70.0000733;-8.166905E-06;1.395832E-05;70.0000000
1746.00005149841;70.0000000;70.0000138;-1.537562E-06;-4.744871E-05;70.0000000
1747.00009822845;70.0000000;69.9999542;5.102923E-06;-5.570085E-05;70.0000000
1748.00002574921;70.0000000;69.9999542;5.102923E-06;-2.170909E-05;70.0000000
1749.00007247925;70.0000000;69.9999542;5.102923E-06;-8.460996E-06;70.0000000
1750.00011920929;70.0000000;69.9999542;5.102923E-06;-3.297625E-06;70.0000000
1751.00004673004;70.0000000;69.9999542;5.102923E-06;-1.285231E-06;70.0000000
1752.00009346008;70.0000000;70.0000137;-1.52642E-06;2.884866E-05;70.0000000
1753.00014019012;70.0000000;69.9999542;5.102923E-06;-2.177467E-05;70.0000000
1754.00006771088;70.0000000;69.9999542;5.102923E-06;-8.486556E-06;70.0000000
1755.00011444092;70.0000000;70.0000137;-1.52642E-06;3.383797E-05;70.0000000
1756.00004196167;70.0000000;70.0000137;-1.52642E-06;1.318816E-05;70.0000000
1757.00008869171;70.0000000;70.0000137;-1.52642E-06;5.14001E-06;70.0000000
1758.00013542175;70.0000000;70.0000137;-1.52642E-06;2.00329E-06;70.0000000
1759.0000629425;70.0000000;70.0000137;-1.52642E-06;7.80771E-07;70.0000000
1760.00010967255;70.0000000;70.0000137;-1.52642E-06;3.043011E-07;70.0000000
1761.0000371933;70.0000000;69.9999542;5.102923E-06;-2.923098E-05;70.0000000
1762.00008392334;70.0000000;70.0000137;-1.52642E-06;1.179718E-05;70.0000000
1763.00013065338;70.0000000;70.0000137;-1.52642E-06;4.597884E-06;70.0000000
1764.00005817413;70.0000000;70.0000137;-1.52642E-06;1.791999E-06;70.0000000
1765.00010490417;70.0000000;70.0000137;-1.52642E-06;6.984217E-07;70.0000000
1766.00003242493;70.0000000;70.0000137;-1.52642E-06;2.722059E-07;70.0000000
1767.00007915497;70.0000000;69.9999542;5.102923E-06;-4.690626E-05;70.0000000
1768.00012588501;70.0000000;69.9999542;5.102923E-06;-1.828145E-05;70.0000000
1769.00005340576;70.0000000;70.0000137;-1.52642E-06;2.222448E-05;70.0000000
1770.0001001358;70.0000000;70.0000137;-1.52642E-06;8.661866E-06;70.0000000
1771.00002765656;70.0000000;70.0000137;-1.52642E-06;3.375914E-06;70.0000000
1772.0000743866;70.0000000;70.0000137;-1.52642E-06;1.315743E-06;70.0000000
1773.00012111664;70.0000000;70.0000137;-1.52642E-06;5.128035E-07;70.0000000
1774.00004863739;70.0000000;70.0000137;-1.52642E-06;1.998623E-07;70.0000000
1775.00009536743;70.0000000;70.0000137;-1.52642E-06;7.789518E-08;70.0000000
1776.00014209747;70.0000000;70.0000137;-1.52642E-06;3.03592E-08;70.0000000
1777.00006961823;70.0000000;70.0000137;-1.52642E-06;1.183233E-08;70.0000000
1778.00011634827;70.0000000;70.0000137;-1.52642E-06;4.611583E-09;70.0000000
1779.00004386902;70.0000000;70.0000137;-1.52642E-06;1.797338E-09;70.0000000
1780.00009059906;70.0000000;70.0000137;-1.52642E-06;7.005025E-10;70.0000000
1781.0001373291;70.0000000;69.9999542;5.102923E-06;-4.701207E-05;70.0000000
1782.00006484985;70.0000000;69.9999542;5.102923E-06;-1.832269E-05;70.0000000
1783.0001115799;70.0000000;70.0000137;-1.52642E-06;3.000439E-05;70.0000000
1784.00003910065;70.0000000;70.0000137;-1.52642E-06;1.169404E-05;70.0000000
1785.00008583069;70.0000000;70.0000137;-1.52642E-06;4.557687E-06;70.0000000
1786.00013256073;70.0000000;70.0000137;-1.52642E-06;8.706093E-06;70.0000000
1787.00006008148;70.0000000;70.0000137;-1.52642E-06;1.913649E-05;70.0000000
1788.00010681152;70.0000000;70.0000137;-1.52642E-06;7.458337E-06;70.0000000
1789.00003433228;70.0000000;69.9999542;5.102923E-06;-2.028295E-05;70.0000000
1790.00008106232;70.0000000;69.9999542;5.102923E-06;-7.905163E-06;70.0000000
1791.00012779236;70.0000000;70.0000137;-1.52642E-06;3.406456E-05;70.0000000
1792.00005531311;70.0000000;70.0000137;-1.52642E-06;1.327647E-05;70.0000000
1793.00010204315;70.0000000;70.0000137;-1.52642E-06;1.105097E-05;70.0000000
1794.0000295639;70.0000000;70.0000137;-1.52642E-06;4.307052E-06;70.0000000
1795.00007629395;70.0000000;69.9999542;5.102923E-06;-3.546691E-05;70.0000000
1796.00012302399;70.0000000;69.9999542;5.102923E-06;-1.382303E-05;70.0000000
1797.00005054474;70.0000000;70.0000137;-1.52642E-06;1.780234E-05;70.0000000
1798.00009727478;70.0000000;70.0000137;-1.52642E-06;6.938363E-06;70.0000000
1799.00014400482;70.0000000;70.0000733;-8.166905E-06;5.568197E-05;70.0000000
1800.00007152557;70.0000000;70.0000733;-8.166905E-06;2.170173E-05;70.0000000
1801.00011825562;70.0000000;70.0000733;-8.166905E-06;8.458127E-06;70.0000000
1802.00004577637;70.0000000;70.0000138;-1.537562E-06;-3.384905E-05;70.0000000
1803.00009250641;70.0000000;70.0000138;-1.537562E-06;-1.319248E-05;70.0000000
1804.00013923645;70.0000000;69.9999542;5.102923E-06;-4.700068E-05;70.0000000
1805.0000667572;70.0000000;69.9999542;5.102923E-06;-1.831825E-05;70.0000000
1806.00011348724;70.0000000;70.0000137;-1.52642E-06;2.221014E-05;70.0000000
1807.000041008;70.0000000;70.0000137;-1.52642E-06;8.656278E-06;70.0000000
1808.00008773804;70.0000000;70.0000137;-1.52642E-06;3.373735E-06;70.0000000
1809.00013446808;70.0000000;70.0000137;-1.52642E-06;1.314894E-06;70.0000000
1810.00006198883;70.0000000;70.0000137;-1.52642E-06;5.124726E-07;70.0000000
1811.00010871887;70.0000000;69.9999542;5.102923E-06;-3.694582E-05;70.0000000
1812.00003623962;70.0000000;70.0000137;-1.52642E-06;1.495015E-05;70.0000000
1813.00008296967;70.0000000;70.0000137;-1.52642E-06;5.826737E-06;70.0000000
1814.00012969971;70.0000000;70.0000137;-1.52642E-06;2.270938E-06;70.0000000
1815.00005722046;70.0000000;70.0000137;-1.52642E-06;8.850852E-07;70.0000000
1816.0001039505;70.0000000;70.0000137;-1.52642E-06;3.449569E-07;70.0000000
1817.00003147125;70.0000000;70.0000137;-1.52642E-06;1.34445E-07;70.0000000
1818.00007820129;70.0000000;69.9999542;5.102923E-06;-4.695995E-05;70.0000000
1819.00012493134;70.0000000;69.9999542;5.102923E-06;-1.830237E-05;70.0000000
1820.00005245209;70.0000000;69.9999542;5.102923E-06;-7.133246E-06;70.0000000
1821.00009918213;70.0000000;69.9999542;5.102923E-06;-2.780142E-06;70.0000000
1822.00014591217;70.0000000;69.9999542;5.102923E-06;-1.083545E-06;70.0000000
1823.00007343292;70.0000000;70.0000137;-1.52642E-06;2.892727E-05;70.0000000
1824.00012016296;70.0000000;70.0000137;-1.52642E-06;1.127424E-05;70.0000000
1825.00004768372;70.0000000;70.0000137;-1.52642E-06;4.394072E-06;70.0000000
1826.00009441376;70.0000000;70.0000137;-1.52642E-06;1.712565E-06;70.0000000
1827.0001411438;70.0000000;70.0000137;-1.52642E-06;6.674625E-07;70.0000000
1828.00006866455;70.0000000;70.0000137;-1.52642E-06;3.92884E-06;70.0000000
1829.00011539459;70.0000000;70.0000137;-1.52642E-06;1.531243E-06;70.0000000
1830.00004291534;70.0000000;70.0000137;-1.52642E-06;5.967933E-07;70.0000000
1831.00008964539;70.0000000;70.0000733;-8.166905E-06;2.96315E-05;70.0000000
1832.00013637543;70.0000000;70.0000733;-8.166905E-06;1.154871E-05;70.0000000
1833.00006389618;70.0000000;69.9999542;5.102923E-06;-5.879546E-05;70.0000000
1834.00011062622;70.0000000;69.9999542;5.102923E-06;-2.29152E-05;70.0000000
1835.00003814697;70.0000000;69.9999542;5.102923E-06;-8.93107E-06;70.0000000
1836.00008487701;70.0000000;69.9999542;5.102923E-06;-3.480834E-06;70.0000000
1837.00013160706;70.0000000;69.9998946;1.174341E-05;-3.856462E-05;70.0000000
1838.00005912781;70.0000000;69.9999541;5.114065E-06;1.431923E-05;70.0000000
1839.00010585785;70.0000000;69.9999541;5.114065E-06;5.58084E-06;70.0000000
1840.0000333786;70.0000000;70.0000137;-1.52642E-06;3.524886E-05;70.0000000
1841.00008010864;70.0000000;70.0000137;-1.52642E-06;1.373805E-05;70.0000000
1842.00012683868;70.0000000;70.0000733;-8.166905E-06;3.148668E-05;70.0000000
1843.00005435944;70.0000000;70.0000733;-8.166905E-06;1.227176E-05;70.0000000
1844.00010108948;70.0000000;69.9999542;5.102923E-06;-7.165809E-05;70.0000000
1845.00002861023;70.0000000;69.9998946;1.174341E-05;-5.40607E-05;70.0000000
1846.00007534027;70.0000000;69.9998946;1.174341E-05;-2.106985E-05;70.0000000
1847.00012207031;70.0000000;69.9999541;5.114065E-06;3.880049E-05;70.0000000
1848.00004959106;70.0000000;70.0000137;-1.52642E-06;5.233026E-05;70.0000000
1849.00009632111;70.0000000;70.0000733;-8.166905E-06;5.760341E-05;70.0000000
1850.00014305115;70.0000000;70.0000733;-8.166905E-06;2.24506E-05;70.0000000
1851.0000705719;70.0000000;70.0000733;-8.166905E-06;8.749997E-06;70.0000000
1852.00011730194;70.0000000;70.0000138;-1.537562E-06;-3.837849E-05;70.0000000
1853.00004482269;70.0000000;70.0000138;-1.537562E-06;-1.49578E-05;70.0000000
1854.00009155273;70.0000000;69.9999542;5.102923E-06;-2.905848E-05;70.0000000
1855.00013828278;70.0000000;69.9999542;5.102923E-06;-1.132538E-05;70.0000000
1856.00006580353;70.0000000;69.9999542;5.102923E-06;-4.414002E-06;70.0000000
1857.00011253357;70.0000000;70.0000137;-1.52642E-06;3.129794E-05;70.0000000
1858.00004005432;70.0000000;70.0000137;-1.52642E-06;1.21982E-05;70.0000000
1859.00008678436;70.0000000;70.0000137;-1.52642E-06;4.754178E-06;70.0000000
1860.0001335144;70.0000000;70.0000137;-1.52642E-06;1.852914E-06;70.0000000
1861.00006103516;70.0000000;69.9999542;5.102923E-06;-3.642339E-05;70.0000000
1862.0001077652;70.0000000;69.9999542;5.102923E-06;-1.419581E-05;70.0000000
1863.00003528595;70.0000000;69.9999542;5.102923E-06;-5.532738E-06;70.0000000
1864.00008201599;70.0000000;70.0000137;-1.52642E-06;2.103343E-05;70.0000000
1865.00012874603;70.0000000;70.0000137;-1.52642E-06;8.197662E-06;70.0000000
1866.00005626678;70.0000000;70.0000733;-8.166905E-06;4.505398E-05;70.0000000
1867.00010299683;70.0000000;70.0000733;-8.166905E-06;1.755953E-05;70.0000000
1868.00003051758;70.0000000;70.0000733;-8.166905E-06;6.843729E-06;70.0000000
1869.00007724762;70.0000000;70.0000138;-1.537562E-06;-4.434504E-05;70.0000000
1870.00012397766;70.0000000;70.0000138;-1.537562E-06;-1.728323E-05;70.0000000
1871.00005149841;70.0000000;70.0000138;-1.537562E-06;-6.736041E-06;70.0000000
1872.00009822845;70.0000000;70.0000138;-1.537562E-06;-2.625334E-06;70.0000000
1873.0001449585;70.0000000;70.0000138;-1.537562E-06;-1.023209E-06;70.0000000
1874.00007247925;70.0000000;70.0000138;-1.537562E-06;-3.987899E-07;70.0000000
1875.00011920929;70.0000000;70.0000138;-1.537562E-06;-1.554261E-07;70.0000000
1876.00004673004;70.0000000;70.0000138;-1.537562E-06;-6.057644E-08;70.0000000
1877.00009346008;70.0000000;69.9999542;5.102923E-06;-3.72316E-05;70.0000000
1878.00014019012;70.0000000;69.9999542;5.102923E-06;-1.45108E-05;70.0000000
1879.00006771088;70.0000000;69.9998946;1.174341E-05;-3.178786E-05;70.0000000
1880.00011444092;70.0000000;69.9999541;5.114065E-06;1.696044E-05;70.0000000
1881.00004196167;70.0000000;70.0000137;-1.52642E-06;3.600914E-05;70.0000000
1882.00008869171;70.0000000;70.0000733;-8.166905E-06;3.726311E-05;70.0000000
1883.00013542175;70.0000000;70.0000733;-8.166905E-06;1.452309E-05;70.0000000
1884.0000629425;70.0000000;70.0000138;-1.537562E-06;-3.612846E-05;70.0000000
1885.00010967255;70.0000000;69.9999542;5.102923E-06;-6.705864E-05;70.0000000
1886.0000371933;70.0000000;69.9999542;5.102923E-06;-2.613573E-05;70.0000000
1887.00008392334;70.0000000;69.9999542;5.102923E-06;-1.018625E-05;70.0000000
1888.00013065338;70.0000000;70.0000137;-1.52642E-06;3.781872E-05;70.0000000
1889.00005817413;70.0000000;70.0000137;-1.52642E-06;1.473963E-05;70.0000000
1890.00010490417;70.0000000;70.0000137;-1.52642E-06;5.744687E-06;70.0000000
1891.00003242493;70.0000000;70.0000137;-1.52642E-06;2.238959E-06;70.0000000
1892.00007915497;70.0000000;70.0000137;-1.52642E-06;8.726216E-07;70.0000000
1893.00012588501;70.0000000;70.0000137;-1.52642E-06;3.400993E-07;70.0000000
1894.00005340576;70.0000000;69.9998946;1.174341E-05;-6.229079E-05;70.0000000
1895.0001001358;70.0000000;69.9999541;5.114065E-06;-1.087693E-06;70.0000000
1896.00014686584;70.0000000;70.0000137;-1.52642E-06;2.897498E-05;70.0000000
1897.0000743866;70.0000000;70.0000733;-8.166905E-06;4.069174E-05;70.0000000
1898.00012111664;70.0000000;70.0001330;-1.481853E-05;5.778859E-05;70.0000000
1899.00004863739;70.0000000;70.0000734;-8.178047E-06;-6.876126E-06;70.0000000
1900.00009536743;70.0000000;70.0000138;-1.537562E-06;-4.453892E-05;70.0000000
1901.00014209747;70.0000000;69.9999542;5.102923E-06;-5.456678E-05;70.0000000
1902.00006961823;70.0000000;69.9999542;5.102923E-06;-2.126709E-05;70.0000000
1903.00011634827;70.0000000;69.9999542;5.102923E-06;-8.288728E-06;70.0000000
1904.00004386902;70.0000000;69.9999542;5.102923E-06;-3.230484E-06;70.0000000
1905.00009059906;70.0000000;70.0000137;-1.52642E-06;2.193073E-05;70.0000000
1906.0001373291;70.0000000;70.0000137;-1.52642E-06;8.547377E-06;70.0000000
1907.00006484985;70.0000000;70.0000137;-1.52642E-06;3.331292E-06;70.0000000
1908.0001115799;70.0000000;70.0000137;-1.52642E-06;1.298352E-06;70.0000000
1909.00003910065;70.0000000;69.9999542;5.102923E-06;-3.251225E-05;70.0000000
1910.00008583069;70.0000000;69.9998946;1.174341E-05;-3.880383E-05;70.0000000
1911.00013256073;70.0000000;69.9998946;1.174341E-05;-1.512357E-05;70.0000000
1912.00006008148;70.0000000;69.9999541;5.114065E-06;4.111802E-05;70.0000000
1913.00010681152;70.0000000;70.0000137;-1.52642E-06;6.900329E-05;70.0000000
1914.00003433228;70.0000000;70.0000137;-1.52642E-06;2.689364E-05;70.0000000
1915.00008106232;70.0000000;70.0000137;-1.52642E-06;1.048164E-05;70.0000000
1916.00012779236;70.0000000;69.9999542;5.102923E-06;-4.880373E-05;70.0000000
1917.00005531311;70.0000000;69.9999542;5.102923E-06;-1.902098E-05;70.0000000
1918.00010204315;70.0000000;69.9999542;5.102923E-06;-7.413318E-06;70.0000000
1919.00014877319;70.0000000;70.0000137;-1.52642E-06;2.319921E-05;70.0000000
1920.00007629395;70.0000000;70.0000137;-1.52642E-06;9.041762E-06;70.0000000
1921.00012302399;70.0000000;69.9999542;5.102923E-06;-4.348837E-05;70.0000000
1922.00005054474;70.0000000;69.9999542;5.102923E-06;-1.694935E-05;70.0000000
1923.00009727478;70.0000000;69.9998946;1.174341E-05;-3.600481E-05;70.0000000
1924.00014400482;70.0000000;69.9999541;5.114065E-06;2.311289E-05;70.0000000
1925.00007152557;70.0000000;69.9999541;5.114065E-06;9.008118E-06;70.0000000
1926.00011825562;70.0000000;69.9999541;5.114065E-06;3.510863E-06;70.0000000
1927.00004577637;70.0000000;69.9999541;5.114065E-06;1.368339E-06;70.0000000
1928.00009250641;70.0000000;69.9999541;5.114065E-06;5.333025E-07;70.0000000
1929.00013923645;70.0000000;70.0000137;-1.52642E-06;2.343662E-05;70.0000000
1930.0000667572;70.0000000;70.0000137;-1.52642E-06;9.134288E-06;70.0000000
1931.00011348724;70.0000000;70.0000137;-1.52642E-06;3.560037E-06;70.0000000
1932.000041008;70.0000000;70.0000137;-1.52642E-06;1.387504E-06;70.0000000
1933.00008773804;70.0000000;70.0000137;-1.52642E-06;5.40772E-07;70.0000000
1934.00013446808;70.0000000;70.0000137;-1.52642E-06;2.107628E-07;70.0000000
1935.00006198883;70.0000000;70.0000137;-1.52642E-06;8.214361E-08;70.0000000
1936.00010871887;70.0000000;69.9999542;5.102923E-06;-3.711354E-05;70.0000000
1937.00003623962;70.0000000;69.9999542;5.102923E-06;-1.446479E-05;70.0000000
1938.00008296967;70.0000000;69.9999542;5.102923E-06;-5.637572E-06;70.0000000
1939.00012969971;70.0000000;69.9999542;5.102923E-06;-2.197212E-06;70.0000000
1940.00005722046;70.0000000;70.0000137;-1.52642E-06;2.233344E-05;70.0000000
1941.0001039505;70.0000000;70.0000137;-1.52642E-06;8.704332E-06;70.0000000
1942.00015068054;70.0000000;70.0000137;-1.52642E-06;3.392464E-06;70.0000000
1943.00007820129;70.0000000;70.0000137;-1.52642E-06;1.322194E-06;70.0000000
1944.00012493134;70.0000000;70.0000137;-1.52642E-06;5.153175E-07;70.0000000
1945.00005245209;70.0000000;70.0000137;-1.52642E-06;2.008421E-07;70.0000000
1946.00009918213;70.0000000;70.0000137;-1.52642E-06;7.827706E-08;70.0000000
1947.00014591217;70.0000000;70.0000137;-1.52642E-06;3.050805E-08;70.0000000
1948.00007343292;70.0000000;70.0000137;-1.52642E-06;1.189034E-08;70.0000000
1949.00012016296;70.0000000;70.0000137;-1.52642E-06;4.634193E-09;70.0000000
1950.00004768372;70.0000000;70.0000137;-1.52642E-06;1.80615E-09;70.0000000
1951.00009441376;70.0000000;70.0000137;-1.52642E-06;7.039369E-10;70.0000000
1952.0001411438;70.0000000;70.0000137;-1.52642E-06;2.743554E-10;70.0000000
1953.00006866455;70.0000000;70.0000137;-1.52642E-06;1.069285E-10;70.0000000
1954.00011539459;70.0000000;70.0000137;-1.52642E-06;4.167477E-11;70.0000000
1955.00004291534;70.0000000;70.0000137;-1.52642E-06;1.624251E-11;70.0000000
1956.00008964539;70.0000000;70.0000137;-1.52642E-06;6.330424E-12;70.0000000
1957.00013637543;70.0000000;70.0000137;-1.52642E-06;2.467247E-12;70.0000000
1958.00006389618;70.0000000;69.9999542;5.102923E-06;-2.608851E-05;70.0000000
1959.00011062622;70.0000000;69.9999542;5.102923E-06;-1.016785E-05;70.0000000
1960.00003814697;70.0000000;69.9999542;5.102923E-06;-3.962862E-06;70.0000000
1961.00008487701;70.0000000;69.9999542;5.102923E-06;-1.544503E-06;70.0000000
1962.00013160706;70.0000000;69.9999542;5.102923E-06;-6.019612E-07;70.0000000
1963.00005912781;70.0000000;70.0000137;-1.52642E-06;2.295518E-05;70.0000000
1964.00010585785;70.0000000;70.0000137;-1.52642E-06;8.94665E-06;70.0000000
1965.00015258789;70.0000000;70.0000137;-1.52642E-06;3.486907E-06;70.0000000
1966.00008010864;70.0000000;70.0000137;-1.52642E-06;1.359002E-06;70.0000000
1967.00012683868;70.0000000;70.0000137;-1.52642E-06;5.296633E-07;70.0000000
1968.00005435944;70.0000000;70.0000137;-1.52642E-06;2.064333E-07;70.0000000
1969.00010108948;70.0000000;69.9999542;5.102923E-06;-4.693189E-05;70.0000000
1970.00014781952;70.0000000;69.9999542;5.102923E-06;-1.829144E-05;70.0000000
1971.00007534027;70.0000000;70.0000137;-1.52642E-06;4.575991E-05;70.0000000
1972.00012207031;70.0000000;70.0000137;-1.52642E-06;1.783466E-05;70.0000000
1973.00004959106;70.0000000;70.0000137;-1.52642E-06;6.95096E-06;70.0000000
1974.00009632111;70.0000000;70.0000733;-8.166905E-06;3.991708E-05;70.0000000
1975.00014305115;70.0000000;70.0000733;-8.166905E-06;1.555746E-05;70.0000000
1976.0000705719;70.0000000;70.0000138;-1.537562E-06;-4.682546E-05;70.0000000
1977.00011730194;70.0000000;69.9999542;5.102923E-06;-5.132372E-05;70.0000000
1978.00004482269;70.0000000;69.9999542;5.102923E-06;-2.000313E-05;70.0000000
1979.00009155273;70.0000000;70.0000137;-1.52642E-06;3.399265E-05;70.0000000
1980.00013828278;70.0000000;70.0000137;-1.52642E-06;1.324844E-05;70.0000000
1981.00006580353;70.0000000;70.0000733;-8.166905E-06;4.237149E-05;70.0000000
1982.00011253357;70.0000000;70.0000733;-8.166905E-06;1.651405E-05;70.0000000
1983.00004005432;70.0000000;70.0000138;-1.537562E-06;-4.057609E-05;70.0000000
1984.00008678436;70.0000000;70.0000138;-1.537562E-06;-1.58143E-05;70.0000000
1985.0001335144;70.0000000;69.9999542;5.102923E-06;-3.556244E-05;70.0000000
1986.00006103516;70.0000000;69.9999542;5.102923E-06;-1.386026E-05;70.0000000
1987.0001077652;70.0000000;70.0000137;-1.52642E-06;4.748693E-05;70.0000000
1988.00003528595;70.0000000;70.0000733;-8.166905E-06;5.571575E-05;70.0000000
1989.00008201599;70.0000000;70.0000733;-8.166905E-06;2.17149E-05;70.0000000
1990.00012874603;70.0000000;70.0001330;-1.481853E-05;4.379791E-05;70.0000000
1991.00005626678;70.0000000;70.0000734;-8.178047E-06;-1.232892E-05;70.0000000
1992.00010299683;70.0000000;70.0000138;-1.537562E-06;-3.093748E-05;70.0000000
1993.00014972687;70.0000000;69.9999542;5.102923E-06;-4.145661E-05;70.0000000
1994.00007724762;70.0000000;69.9999542;5.102923E-06;-1.615748E-05;70.0000000
1995.00012397766;70.0000000;69.9999542;5.102923E-06;-6.297287E-06;70.0000000
1996.00005149841;70.0000000;70.0000137;-1.52642E-06;2.363418E-05;70.0000000
1997.00009822845;70.0000000;70.0000137;-1.52642E-06;9.211288E-06;70.0000000
1998.0001449585;70.0000000;69.9999542;5.102923E-06;-4.34223E-05;70.0000000
1999.00007247925;70.0000000;69.9999542;5.102923E-06;-1.69236E-05;70.0000000
2000;70.0000000;70.0000137;-1.52642E-06;2.27537E-05;70.0000000
2001.00016593933;70.0000000;69.9999542;5.102923E-06;-3.814422E-05;70.0000000
2002.00009346008;70.0000000;69.9999542;5.102923E-06;-1.48665E-05;70.0000000
2003.00002098083;70.0000000;69.9998946;1.174341E-05;-5.288549E-05;70.0000000
2004.00018692017;70.0000000;69.9998946;1.174341E-05;-2.061182E-05;70.0000000
2005.00011444092;70.0000000;69.9999541;5.114065E-06;1.805517E-05;70.0000000
2006.00004196167;70.0000000;70.0000137;-1.52642E-06;3.643581E-05;70.0000000
2007.000207901;70.0000000;70.0000137;-1.52642E-06;1.420065E-05;70.0000000
2008.00013542175;70.0000000;70.0000137;-1.52642E-06;5.534622E-06;70.0000000
2009.0000629425;70.0000000;70.0000733;-8.166905E-06;4.401607E-05;70.0000000
2009.99999046326;70.0000000;70.0000733;-8.166905E-06;1.715501E-05;70.0000000
2011.00015640259;70.0000000;69.9999542;5.102923E-06;-4.957748E-05;70.0000000
2012.00008392334;70.0000000;69.9999542;5.102923E-06;-1.932254E-05;70.0000000
2013.00001144409;70.0000000;69.9999542;5.102923E-06;-7.530852E-06;70.0000000
2014.00017738342;70.0000000;70.0000137;-1.52642E-06;3.421045E-05;70.0000000
2015.00010490417;70.0000000;70.0000733;-8.166905E-06;6.042469E-05;70.0000000
2016.00003242493;70.0000000;70.0000733;-8.166905E-06;2.355018E-05;70.0000000
2017.00019836426;70.0000000;70.0000733;-8.166905E-06;9.17855E-06;70.0000000
2018.00012588501;70.0000000;70.0000733;-8.166905E-06;3.577288E-06;70.0000000
2019.00005340576;70.0000000;70.0000733;-8.166905E-06;1.394228E-06;70.0000000
2019.99998092651;70.0000000;70.0000138;-1.537562E-06;-3.660217E-05;70.0000000
2021.00014686584;70.0000000;69.9999542;5.102923E-06;-4.366439E-05;70.0000000
2022.0000743866;70.0000000;69.9999542;5.102923E-06;-1.701795E-05;70.0000000
2023.00000190735;70.0000000;69.9999542;5.102923E-06;-6.632648E-06;70.0000000
2024.00016784668;70.0000000;70.0000137;-1.52642E-06;2.060476E-05;70.0000000
2025.00009536743;70.0000000;70.0000137;-1.52642E-06;8.030587E-06;70.0000000
2026.00002288818;70.0000000;70.0000137;-1.52642E-06;3.129876E-06;70.0000000
2027.00018882751;70.0000000;70.0000137;-1.52642E-06;1.219852E-06;70.0000000
2028.00011634827;70.0000000;70.0000137;-1.52642E-06;4.754303E-07;70.0000000
2029.00004386902;70.0000000;70.0000137;-1.52642E-06;1.852963E-07;70.0000000
2030.00020980835;70.0000000;70.0000137;-1.52642E-06;7.221817E-08;70.0000000
2031.0001373291;70.0000000;70.0000137;-1.52642E-06;2.814662E-08;70.0000000
2032.00006484985;70.0000000;70.0000137;-1.52642E-06;1.096999E-08;70.0000000
2032.99999237061;70.0000000;70.0000137;-1.52642E-06;4.275491E-09;70.0000000
2034.00015830994;70.0000000;70.0000137;-1.52642E-06;1.666348E-09;70.0000000
2035.00008583069;70.0000000;70.0000137;-1.52642E-06;6.494499E-10;70.0000000
2036.00001335144;70.0000000;70.0000137;-1.52642E-06;2.531194E-10;70.0000000
2037.00017929077;70.0000000;70.0000137;-1.52642E-06;9.865186E-11;70.0000000
2038.00010681152;70.0000000;70.0000137;-1.52642E-06;3.844901E-11;70.0000000
2039.00003433228;70.0000000;70.0000137;-1.52642E-06;1.498528E-11;70.0000000
2040.00020027161;70.0000000;70.0000137;-1.52642E-06;5.84043E-12;70.0000000
2041.00012779236;70.0000000;70.0000137;-1.52642E-06;2.276274E-12;70.0000000
2042.00005531311;70.0000000;70.0000137;-1.52642E-06;8.871651E-13;70.0000000
2042.99998283386;70.0000000;70.0000137;-1.52642E-06;3.457675E-13;70.0000000
2044.00014877319;70.0000000;70.0000137;-1.52642E-06;1.34761E-13;70.0000000
2045.00007629395;70.0000000;69.9999542;5.102923E-06;-2.934958E-05;70.0000000
2046.0000038147;70.0000000;69.9999542;5.102923E-06;-1.143883E-05;70.0000000
2047.00016975403;70.0000000;70.0000137;-1.52642E-06;3.733054E-05;70.0000000
2048.00009727478;70.0000000;70.0000137;-1.52642E-06;1.454937E-05;70.0000000
2049.00002479553;70.0000000;70.0000137;-1.52642E-06;5.670533E-06;70.0000000
2050.00019073486;70.0000000;70.0000137;-1.52642E-06;2.210058E-06;70.0000000
2051.00011825562;70.0000000;70.0000137;-1.52642E-06;8.613579E-07;70.0000000
2052.00004577637;70.0000000;70.0000137;-1.52642E-06;3.357094E-07;70.0000000
2053.0002117157;70.0000000;70.0000137;-1.52642E-06;1.308408E-07;70.0000000
2054.00013923645;70.0000000;70.0000137;-1.52642E-06;5.099447E-08;70.0000000
2055.0000667572;70.0000000;70.0000137;-1.52642E-06;1.98748E-08;70.0000000
2055.99999427795;70.0000000;70.0000137;-1.52642E-06;7.746093E-09;70.0000000
2057.00016021729;70.0000000;70.0000137;-1.52642E-06;3.018996E-09;70.0000000
2058.00008773804;70.0000000;70.0000137;-1.52642E-06;1.176637E-09;70.0000000
2059.00001525879;70.0000000;70.0000137;-1.52642E-06;4.585875E-10;70.0000000
2060.00018119812;70.0000000;70.0000137;-1.52642E-06;1.787319E-10;70.0000000
2061.00010871887;70.0000000;70.0000137;-1.52642E-06;6.965975E-11;70.0000000
2062.00003623962;70.0000000;69.9999542;5.102923E-06;-2.318976E-05;70.0000000
2063.00020217896;70.0000000;70.0000137;-1.52642E-06;4.385081E-05;70.0000000
2064.00012969971;70.0000000;70.0000137;-1.52642E-06;1.70906E-05;70.0000000
2065.00005722046;70.0000000;70.0000137;-1.52642E-06;6.660966E-06;70.0000000
2065.99998474121;70.0000000;70.0000137;-1.52642E-06;2.596074E-06;70.0000000
2067.00015068054;70.0000000;70.0000137;-1.52642E-06;1.011805E-06;70.0000000
2068.00007820129;70.0000000;70.0000137;-1.52642E-06;3.943453E-07;70.0000000
2069.00000572205;70.0000000;70.0000137;-1.52642E-06;1.536938E-07;70.0000000
2070.00017166138;70.0000000;70.0000137;-1.52642E-06;5.99013E-08;70.0000000
2071.00009918213;70.0000000;70.0000137;-1.52642E-06;2.334619E-08;70.0000000
2072.00002670288;70.0000000;70.0000137;-1.52642E-06;9.099047E-09;70.0000000
2073.00019264221;70.0000000;70.0000137;-1.52642E-06;3.546302E-09;70.0000000
2074.00012016296;70.0000000;70.0000137;-1.52642E-06;1.382151E-09;70.0000000
2075.00004768372;70.0000000;70.0000137;-1.52642E-06;5.386855E-10;70.0000000
2076.00021362305;70.0000000;70.0000137;-1.52642E-06;2.099497E-10;70.0000000
2077.0001411438;70.0000000;70.0000137;-1.52642E-06;8.182669E-11;70.0000000
2078.00006866455;70.0000000;70.0000137;-1.52642E-06;3.189149E-11;70.0000000
2078.9999961853;70.0000000;70.0000137;-1.52642E-06;1.242953E-11;70.0000000
2080.00016212463;70.0000000;70.0000137;-1.52642E-06;4.844338E-12;70.0000000
2081.00008964539;70.0000000;70.0000137;-1.52642E-06;1.888054E-12;70.0000000
2082.00001716614;70.0000000;70.0000137;-1.52642E-06;8.770478E-06;70.0000000
2083.00018310547;70.0000000;70.0000137;-1.52642E-06;2.72408E-05;70.0000000
2084.00011062622;70.0000000;70.0000137;-1.52642E-06;1.061695E-05;70.0000000
2085.00003814697;70.0000000;70.0000137;-1.52642E-06;4.137896E-06;70.0000000
2086.0002040863;70.0000000;70.0000137;-1.52642E-06;1.612722E-06;70.0000000
2087.00013160706;70.0000000;70.0000137;-1.52642E-06;6.285492E-07;70.0000000
2088.00005912781;70.0000000;69.9999542;5.102923E-06;-3.27733E-05;70.0000000
2088.99998664856;70.0000000;69.9998946;1.174341E-05;-5.986456E-05;70.0000000
2090.00015258789;70.0000000;69.9999541;5.114065E-06;2.368047E-05;70.0000000
2091.00008010864;70.0000000;69.9999541;5.114065E-06;9.229329E-06;70.0000000
2092.00000762939;70.0000000;69.9999541;5.114065E-06;3.59708E-06;70.0000000
2093.00017356873;70.0000000;69.9999541;5.114065E-06;1.401942E-06;70.0000000
2094.00010108948;70.0000000;69.9998946;1.174341E-05;-5.234249E-05;70.0000000
2095.00002861023;70.0000000;69.9999541;5.114065E-06;3.24887E-05;70.0000000
2096.00019454956;70.0000000;69.9999541;5.114065E-06;1.266229E-05;70.0000000
2097.00012207031;70.0000000;70.0000137;-1.52642E-06;5.791283E-05;70.0000000
2098.00004959106;70.0000000;70.0000137;-1.52642E-06;2.25712E-05;70.0000000
2099.0002155304;70.0000000;69.9999542;5.102923E-06;-3.299176E-05;70.0000000
2100.00014305115;70.0000000;69.9999542;5.102923E-06;-1.285835E-05;70.0000000
2101.0000705719;70.0000000;70.0000137;-1.52642E-06;4.200088E-05;70.0000000
2101.99999809265;70.0000000;70.0000137;-1.52642E-06;1.63696E-05;70.0000000
2103.00016403198;70.0000000;70.0000137;-1.52642E-06;6.379961E-06;70.0000000
2104.00009155273;70.0000000;70.0000137;-1.52642E-06;2.486553E-06;70.0000000
2105.00001907349;70.0000000;70.0000137;-1.52642E-06;9.691199E-07;70.0000000
2106.00018501282;70.0000000;69.9999542;5.102923E-06;-5.251118E-05;70.0000000
2107.00011253357;70.0000000;69.9999542;5.102923E-06;-2.046594E-05;70.0000000
2108.00004005432;70.0000000;70.0000137;-1.52642E-06;3.903587E-05;70.0000000
2109.00020599365;70.0000000;70.0000137;-1.52642E-06;1.521401E-05;70.0000000
2110.0001335144;70.0000000;70.0000137;-1.52642E-06;5.929574E-06;70.0000000
2111.00006103516;70.0000000;70.0000137;-1.52642E-06;2.311018E-06;70.0000000
2111.99998855591;70.0000000;70.0000137;-1.52642E-06;9.007061E-07;70.0000000
2113.00015449524;70.0000000;70.0000137;-1.52642E-06;3.510451E-07;70.0000000
2114.00008201599;70.0000000;70.0000137;-1.52642E-06;1.368178E-07;70.0000000
2115.00000953674;70.0000000;69.9999542;5.102923E-06;-2.929625E-05;70.0000000
2116.00017547607;70.0000000;69.9999542;5.102923E-06;-1.141805E-05;70.0000000
2117.00010299683;70.0000000;69.9999542;5.102923E-06;-4.450119E-06;70.0000000
2118.00003051758;70.0000000;69.9999542;5.102923E-06;-1.734409E-06;70.0000000
2119.00019645691;70.0000000;69.9999542;5.102923E-06;-6.759761E-07;70.0000000
2120.00012397766;70.0000000;69.9999542;5.102923E-06;-2.634579E-07;70.0000000
2121.00005149841;70.0000000;70.0000137;-1.52642E-06;2.92469E-05;70.0000000
2122.00021743774;70.0000000;70.0000137;-1.52642E-06;1.139881E-05;70.0000000
2123.0001449585;70.0000000;70.0000137;-1.52642E-06;4.442622E-06;70.0000000
2124.00007247925;70.0000000;70.0000137;-1.52642E-06;1.731486E-06;70.0000000
2125;70.0000000;70.0000137;-1.52642E-06;6.748371E-07;70.0000000
2126.00016593933;70.0000000;70.0000137;-1.52642E-06;2.630139E-07;70.0000000
2127.00009346008;70.0000000;70.0000733;-8.166905E-06;4.719387E-05;70.0000000
2128.00002098083;70.0000000;70.0000733;-8.166905E-06;1.839354E-05;70.0000000
2129.00018692017;70.0000000;70.0000138;-1.537562E-06;-1.891974E-05;70.0000000
2130.00011444092;70.0000000;70.0000138;-1.537562E-06;-7.373861E-06;70.0000000
2131.00004196167;70.0000000;70.0000138;-1.537562E-06;-2.87392E-06;70.0000000
2132.000207901;70.0000000;70.0000138;-1.537562E-06;-1.120094E-06;70.0000000
2133.00013542175;70.0000000;70.0000138;-1.537562E-06;-4.365504E-07;70.0000000
2134.0000629425;70.0000000;70.0000138;-1.537562E-06;-1.701431E-07;70.0000000
2134.99999046326;70.0000000;70.0000138;-1.537562E-06;-6.63123E-08;70.0000000
2136.00015640259;70.0000000;70.0000138;-1.537562E-06;-2.584484E-08;70.0000000
2137.00008392334;70.0000000;70.0000138;-1.537562E-06;-1.007288E-08;70.0000000
2138.00001144409;70.0000000;70.0000733;-8.166905E-06;5.288497E-05;70.0000000
2139.00017738342;70.0000000;70.0000733;-8.166905E-06;2.061162E-05;70.0000000
2140.00010490417;70.0000000;70.0000733;-8.166905E-06;8.033262E-06;70.0000000
2141.00003242493;70.0000000;70.0000733;-8.166905E-06;3.130918E-06;70.0000000
2142.00019836426;70.0000000;70.0000138;-1.537562E-06;-2.812932E-05;70.0000000
2143.00012588501;70.0000000;70.0000138;-1.537562E-06;-1.096324E-05;70.0000000
2144.00005340576;70.0000000;70.0000138;-1.537562E-06;-4.272862E-06;70.0000000
2145.00021934509;70.0000000;70.0000138;-1.537562E-06;-1.665324E-06;70.0000000
2146.00014686584;70.0000000;70.0000138;-1.537562E-06;-6.490507E-07;70.0000000
2147.0000743866;70.0000000;70.0000138;-1.537562E-06;-8.048944E-06;70.0000000
2148.00000190735;70.0000000;70.0000138;-1.537562E-06;-3.13703E-06;70.0000000
2149.00016784668;70.0000000;70.0000138;-1.537562E-06;-1.22264E-06;70.0000000
2150.00009536743;70.0000000;70.0000138;-1.537562E-06;-4.76517E-07;70.0000000
2151.00002288818;70.0000000;70.0000138;-1.537562E-06;-1.857198E-07;70.0000000
2152.00018882751;70.0000000;70.0000138;-1.537562E-06;-7.238324E-08;70.0000000
2153.00011634827;70.0000000;70.0000138;-1.537562E-06;-2.821096E-08;70.0000000
2154.00004386902;70.0000000;70.0000138;-1.537562E-06;-1.099506E-08;70.0000000
2155.00020980835;70.0000000;70.0000138;-1.537562E-06;-4.285263E-09;70.0000000
2156.0001373291;70.0000000;70.0000138;-1.537562E-06;-1.670157E-09;70.0000000
2157.00006484985;70.0000000;70.0000138;-1.537562E-06;-6.509342E-10;70.0000000
2157.99999237061;70.0000000;70.0000138;-1.537562E-06;-2.536979E-10;70.0000000
2159.00015830994;70.0000000;70.0000138;-1.537562E-06;-9.887732E-11;70.0000000
2160.00008583069;70.0000000;70.0000138;-1.537562E-06;-3.853688E-11;70.0000000
2161.00001335144;70.0000000;70.0000138;-1.537562E-06;-1.501953E-11;70.0000000
2162.00017929077;70.0000000;70.0000138;-1.537562E-06;-5.853778E-12;70.0000000
2163.00010681152;70.0000000;69.9999542;5.102923E-06;-4.709136E-05;70.0000000
2164.00003433228;70.0000000;70.0000137;-1.52642E-06;4.836197E-06;70.0000000
2165.00020027161;70.0000000;70.0000137;-1.52642E-06;8.04467E-06;70.0000000
2166.00012779236;70.0000000;70.0000137;-1.52642E-06;3.135365E-06;70.0000000
2167.00005531311;70.0000000;70.0000137;-1.52642E-06;1.221991E-06;70.0000000
2168.00022125244;70.0000000;70.0000137;-1.52642E-06;4.762639E-07;70.0000000
2169.00014877319;70.0000000;70.0000137;-1.52642E-06;1.856212E-07;70.0000000
2170.00007629395;70.0000000;69.9999542;5.102923E-06;-3.707321E-05;70.0000000
2171.0000038147;70.0000000;69.9999542;5.102923E-06;-1.444908E-05;70.0000000
2172.00016975403;70.0000000;70.0000137;-1.52642E-06;2.045707E-05;70.0000000
2173.00009727478;70.0000000;70.0000137;-1.52642E-06;7.973027E-06;70.0000000
2174.00002479553;70.0000000;70.0000137;-1.52642E-06;3.107442E-06;70.0000000
2175.00019073486;70.0000000;69.9999542;5.102923E-06;-3.593445E-05;70.0000000
2176.00011825562;70.0000000;69.9999542;5.102923E-06;-1.400525E-05;70.0000000
2177.00004577637;70.0000000;70.0000137;-1.52642E-06;4.155388E-05;70.0000000
2178.0002117157;70.0000000;70.0001330;-1.481853E-05;0.00010647;70.0000000
2179.00013923645;70.0000000;70.0001330;-1.481853E-05;4.14961E-05;70.0000000
2180.0000667572;70.0000000;70.0001330;-1.481853E-05;1.617287E-05;70.0000000
2180.99999427795;70.0000000;70.0001330;-1.481853E-05;6.303285E-06;70.0000000
2182.00016021729;70.0000000;70.0000734;-8.178047E-06;-2.07721E-05;70.0000000
2183.00008773804;70.0000000;70.0000734;-8.178047E-06;-8.095806E-06;70.0000000
2184.00001525879;70.0000000;70.0000734;-8.178047E-06;-3.155295E-06;70.0000000
2185.00018119812;70.0000000;70.0000734;-8.178047E-06;-1.229758E-06;70.0000000
2186.00010871887;70.0000000;70.0000734;-8.178047E-06;-4.792913E-07;70.0000000
2187.00003623962;70.0000000;70.0000734;-8.178047E-06;-1.868011E-07;70.0000000
2188.00020217896;70.0000000;70.0000734;-8.178047E-06;-7.280467E-08;70.0000000
2189.00012969971;70.0000000;70.0000138;-1.537562E-06;-2.325714E-05;70.0000000
2190.00005722046;70.0000000;70.0000138;-1.537562E-06;-9.064337E-06;70.0000000
2191.00022315979;70.0000000;69.9999542;5.102923E-06;-5.062413E-05;70.0000000
2192.00015068054;70.0000000;70.0000137;-1.52642E-06;6.358046E-06;70.0000000
2193.00007820129;70.0000000;70.0000137;-1.52642E-06;2.478012E-06;70.0000000
2194.00000572205;70.0000000;70.0000137;-1.52642E-06;9.657913E-07;70.0000000
2195.00017166138;70.0000000;70.0000137;-1.52642E-06;3.764117E-07;70.0000000
2196.00009918213;70.0000000;69.9999542;5.102923E-06;-3.287157E-05;70.0000000
2197.00002670288;70.0000000;69.9999542;5.102923E-06;-1.281151E-05;70.0000000
2198.00019264221;70.0000000;69.9998946;1.174341E-05;-3.112557E-05;70.0000000
2199.00012016296;70.0000000;69.9999541;5.114065E-06;2.965774E-05;70.0000000
2200.00004768372;70.0000000;70.0000137;-1.52642E-06;5.341792E-05;70.0000000
2201.00021362305;70.0000000;70.0000137;-1.52642E-06;2.081933E-05;70.0000000
2202.0001411438;70.0000000;69.9999542;5.102923E-06;-2.123536E-05;70.0000000
2203.00006866455;70.0000000;69.9999542;5.102923E-06;-8.276362E-06;70.0000000
2203.9999961853;70.0000000;69.9999542;5.102923E-06;-3.225666E-06;70.0000000
2205.00016212463;70.0000000;69.9998946;1.174341E-05;-3.433095E-05;70.0000000
2206.00008964539;70.0000000;69.9999541;5.114065E-06;1.963798E-05;70.0000000
2207.00001716614;70.0000000;69.9999541;5.114065E-06;7.65379E-06;70.0000000
2208.00018310547;70.0000000;69.9999541;5.114065E-06;2.983021E-06;70.0000000
2209.00011062622;70.0000000;69.9999541;5.114065E-06;1.162616E-06;70.0000000
2210.00003814697;70.0000000;70.0000137;-1.52642E-06;2.985203E-05;70.0000000
2211.0002040863;70.0000000;70.0000137;-1.52642E-06;1.163466E-05;70.0000000
2212.00013160706;70.0000000;70.0000137;-1.52642E-06;4.534542E-06;70.0000000
2213.00005912781;70.0000000;70.0000137;-1.52642E-06;1.767312E-06;70.0000000
2213.99998664856;70.0000000;69.9999542;5.102923E-06;-4.109995E-05;70.0000000
2215.00015258789;70.0000000;69.9998946;1.174341E-05;-5.322646E-05;70.0000000
2216.00008010864;70.0000000;69.9999541;5.114065E-06;8.604866E-06;70.0000000
2217.00000762939;70.0000000;70.0000137;-1.52642E-06;5.044505E-05;70.0000000
2218.00017356873;70.0000000;70.0000137;-1.52642E-06;1.966068E-05;70.0000000
2219.00010108948;70.0000000;70.0000137;-1.52642E-06;7.662637E-06;70.0000000
2220.00002861023;70.0000000;70.0000137;-1.52642E-06;2.986469E-06;70.0000000
2221.00019454956;70.0000000;70.0000137;-1.52642E-06;1.16396E-06;70.0000000
2222.00012207031;70.0000000;70.0000137;-1.52642E-06;4.536466E-07;70.0000000
2223.00004959106;70.0000000;70.0000137;-1.52642E-06;1.768062E-07;70.0000000
2224.0002155304;70.0000000;70.0000137;-1.52642E-06;6.890921E-08;70.0000000
2225.00014305115;70.0000000;70.0000137;-1.52642E-06;2.685697E-08;70.0000000
2226.0000705719;70.0000000;70.0000137;-1.52642E-06;1.046735E-08;70.0000000
2226.99999809265;70.0000000;70.0000137;-1.52642E-06;4.079591E-09;70.0000000
2228.00016403198;70.0000000;70.0000137;-1.52642E-06;1.589998E-09;70.0000000
2229.00009155273;70.0000000;69.9999542;5.102923E-06;-2.318917E-05;70.0000000
2230.00001907349;70.0000000;70.0000137;-1.52642E-06;3.27509E-05;70.0000000
2231.00018501282;70.0000000;70.0000137;-1.52642E-06;1.276448E-05;70.0000000
2232.00011253357;70.0000000;70.0000137;-1.52642E-06;4.974883E-06;70.0000000
2233.00004005432;70.0000000;70.0000137;-1.52642E-06;1.938932E-06;70.0000000
2234.00020599365;70.0000000;70.0000137;-1.52642E-06;7.55688E-07;70.0000000
2235.0001335144;70.0000000;70.0000137;-1.52642E-06;2.945251E-07;70.0000000
2236.00006103516;70.0000000;70.0000137;-1.52642E-06;1.147895E-07;70.0000000
2236.99998855591;70.0000000;70.0000137;-1.52642E-06;4.473856E-08;70.0000000
2238.00015449524;70.0000000;70.0000137;-1.52642E-06;1.74366E-08;70.0000000
2239.00008201599;70.0000000;69.9999542;5.102923E-06;-2.608172E-05;70.0000000
2240.00000953674;70.0000000;69.9999542;5.102923E-06;-1.01652E-05;70.0000000
2241.00017547607;70.0000000;69.9999542;5.102923E-06;-3.96183E-06;70.0000000
2242.00010299683;70.0000000;70.0000137;-1.52642E-06;2.164569E-05;70.0000000
2243.00003051758;70.0000000;70.0000137;-1.52642E-06;8.436285E-06;70.0000000
2244.00019645691;70.0000000;70.0000137;-1.52642E-06;3.287994E-06;70.0000000
2245.00012397766;70.0000000;69.9999542;5.102923E-06;-3.17368E-05;70.0000000
2246.00005149841;70.0000000;70.0000137;-1.52642E-06;3.464311E-05;70.0000000
2247.00021743774;70.0000000;70.0000137;-1.52642E-06;1.350196E-05;70.0000000
2248.0001449585;70.0000000;70.0000137;-1.52642E-06;5.262311E-06;70.0000000
2249.00007247925;70.0000000;70.0000137;-1.52642E-06;2.050956E-06;70.0000000
2250;70.0000000;70.0000137;-1.52642E-06;7.993485E-07;70.0000000
2251.00016593933;70.0000000;69.9999542;5.102923E-06;-3.270673E-05;70.0000000
2252.00009346008;70.0000000;69.9999541;5.114065E-06;5.812732E-06;70.0000000
2253.00002098083;70.0000000;70.0000137;-1.52642E-06;4.935684E-05;70.0000000
2254.00018692017;70.0000000;70.0000137;-1.52642E-06;1.923655E-05;70.0000000
2255.00011444092;70.0000000;70.0000137;-1.52642E-06;7.497336E-06;70.0000000
2256.00004196167;70.0000000;70.0000137;-1.52642E-06;2.922044E-06;70.0000000
2257.000207901;70.0000000;70.0000137;-1.52642E-06;1.13885E-06;70.0000000
2258.00013542175;70.0000000;70.0000137;-1.52642E-06;4.438604E-07;70.0000000
2259.0000629425;70.0000000;70.0000137;-1.52642E-06;1.729921E-07;70.0000000
2259.99999046326;70.0000000;70.0000137;-1.52642E-06;6.742269E-08;70.0000000
2261.00015640259;70.0000000;70.0000137;-1.52642E-06;2.627761E-08;70.0000000
2262.00008392334;70.0000000;69.9999542;5.102923E-06;-2.317955E-05;70.0000000
2263.00001144409;70.0000000;69.9999542;5.102923E-06;-9.034098E-06;70.0000000
2264.00017738342;70.0000000;70.0000137;-1.52642E-06;2.949728E-05;70.0000000
2265.00010490417;70.0000000;70.0000137;-1.52642E-06;1.14964E-05;70.0000000
2266.00003242493;70.0000000;70.0000137;-1.52642E-06;4.480656E-06;70.0000000
2267.00019836426;70.0000000;70.0000137;-1.52642E-06;1.74631E-06;70.0000000
2268.00012588501;70.0000000;70.0000137;-1.52642E-06;6.806146E-07;70.0000000
2269.00005340576;70.0000000;70.0000137;-1.52642E-06;2.652657E-07;70.0000000
2270.00021934509;70.0000000;70.0000137;-1.52642E-06;1.033858E-07;70.0000000
2271.00014686584;70.0000000;70.0000733;-8.166905E-06;4.189928E-05;70.0000000
2272.0000743866;70.0000000;70.0001330;-1.481853E-05;4.945927E-05;70.0000000
2273.00000190735;70.0000000;70.0000734;-8.178047E-06;-1.37973E-05;70.0000000
2274.00016784668;70.0000000;70.0000734;-8.178047E-06;-5.377418E-06;70.0000000
2275.00009536743;70.0000000;70.0000138;-1.537562E-06;-4.918718E-05;70.0000000
2276.00002288818;70.0000000;69.9999542;5.102923E-06;-6.626178E-05;70.0000000
2277.00018882751;70.0000000;69.9999542;5.102923E-06;-2.582515E-05;70.0000000
2278.00011634827;70.0000000;69.9999542;5.102923E-06;-1.006521E-05;70.0000000
2279.00004386902;70.0000000;70.0000137;-1.52642E-06;3.32227E-05;70.0000000
2280.00020980835;70.0000000;70.0000137;-1.52642E-06;1.294836E-05;70.0000000
2281.0001373291;70.0000000;70.0000137;-1.52642E-06;5.046549E-06;70.0000000
2282.00006484985;70.0000000;70.0000137;-1.52642E-06;1.966864E-06;70.0000000
2282.99999237061;70.0000000;70.0000137;-1.52642E-06;7.665742E-07;70.0000000
2284.00015830994;70.0000000;70.0000137;-1.52642E-06;2.98768E-07;70.0000000
2285.00008583069;70.0000000;70.0000137;-1.52642E-06;1.164431E-07;70.0000000
2286.00001335144;70.0000000;69.9999542;5.102923E-06;-3.710018E-05;70.0000000
2287.00017929077;70.0000000;70.0000137;-1.52642E-06;2.732917E-05;70.0000000
2288.00010681152;70.0000000;70.0000137;-1.52642E-06;1.065139E-05;70.0000000
2289.00003433228;70.0000000;70.0000137;-1.52642E-06;4.151319E-06;70.0000000
2290.00020027161;70.0000000;69.9999542;5.102923E-06;-4.539439E-05;70.0000000
2291.00012779236;70.0000000;69.9999542;5.102923E-06;-1.769221E-05;70.0000000
2292.00005531311;70.0000000;69.9998946;1.174341E-05;-3.996921E-05;70.0000000
2293.00022125244;70.0000000;69.9998946;1.174341E-05;-1.557777E-05;70.0000000
2294.00014877319;70.0000000;69.9999541;5.114065E-06;3.57174E-05;70.0000000
2295.00007629395;70.0000000;70.0000733;-8.166905E-06;8.1912E-05;70.0000000
2296.0000038147;70.0000000;70.0001330;-1.481853E-05;5.519248E-05;70.0000000
2297.00016975403;70.0000000;70.0001330;-1.481853E-05;2.151096E-05;70.0000000
2298.00009727478;70.0000000;70.0000734;-8.178047E-06;-2.882421E-05;70.0000000
2299.00002479553;70.0000000;70.0000138;-1.537562E-06;-6.421185E-05;70.0000000
2300.00019073486;70.0000000;70.0000138;-1.537562E-06;-2.502621E-05;70.0000000
2301.00011825562;70.0000000;69.9999542;5.102923E-06;-5.161281E-05;70.0000000
2302.00004577637;70.0000000;69.9999542;5.102923E-06;-2.01158E-05;70.0000000
2303.0002117157;70.0000000;69.9998946;1.174341E-05;-4.969901E-05;70.0000000
2304.00013923645;70.0000000;69.9998946;1.174341E-05;-1.936991E-05;70.0000000
2305.0000667572;70.0000000;69.9998946;1.174341E-05;-7.54931E-06;70.0000000
2305.99999427795;70.0000000;69.9999541;5.114065E-06;3.884645E-05;70.0000000
2307.00016021729;70.0000000;69.9999541;5.114065E-06;1.514019E-05;70.0000000
2308.00008773804;70.0000000;69.9999541;5.114065E-06;5.900803E-06;70.0000000
2309.00001525879;70.0000000;69.9999541;5.114065E-06;2.299804E-06;70.0000000
2310.00018119812;70.0000000;69.9999541;5.114065E-06;8.963356E-07;70.0000000
2311.00010871887;70.0000000;69.9999541;5.114065E-06;3.493417E-07;70.0000000
2312.00003623962;70.0000000;70.0000137;-1.52642E-06;2.626851E-05;70.0000000
2313.00020217896;70.0000000;70.0000137;-1.52642E-06;1.0238E-05;70.0000000
2314.00012969971;70.0000000;70.0000137;-1.52642E-06;3.990204E-06;70.0000000
2315.00005722046;70.0000000;70.0000137;-1.52642E-06;1.55516E-06;70.0000000
2316.00022315979;70.0000000;70.0000137;-1.52642E-06;6.061147E-07;70.0000000
2317.00015068054;70.0000000;69.9999542;5.102923E-06;-4.677612E-05;70.0000000
2318.00007820129;70.0000000;69.9999542;5.102923E-06;-1.823072E-05;70.0000000
2319.00000572205;70.0000000;69.9999542;5.102923E-06;-7.105322E-06;70.0000000
2320.00017166138;70.0000000;70.0000137;-1.52642E-06;3.901949E-05;70.0000000
2321.00009918213;70.0000000;70.0000137;-1.52642E-06;1.520763E-05;70.0000000
2322.00002670288;70.0000000;70.0000137;-1.52642E-06;5.927088E-06;70.0000000
2323.00019264221;70.0000000;70.0000137;-1.52642E-06;2.310049E-06;70.0000000
2324.00012016296;70.0000000;70.0000137;-1.52642E-06;9.003286E-07;70.0000000
2325.00004768372;70.0000000;70.0000137;-1.52642E-06;3.508979E-07;70.0000000
2326.00021362305;70.0000000;69.9999542;5.102923E-06;-3.700879E-05;70.0000000
2327.0001411438;70.0000000;69.9999542;5.102923E-06;-1.442397E-05;70.0000000
2328.00006866455;70.0000000;69.9999542;5.102923E-06;-5.62166E-06;70.0000000
2328.9999961853;70.0000000;69.9999542;5.102923E-06;-2.19101E-06;70.0000000
2330.00016212463;70.0000000;69.9999542;5.102923E-06;-8.539338E-07;70.0000000
2331.00008964539;70.0000000;69.9999542;5.102923E-06;-3.328158E-07;70.0000000
2332.00001716614;70.0000000;69.9999542;5.102923E-06;-1.297131E-07;70.0000000
2333.00018310547;70.0000000;69.9999542;5.102923E-06;-5.055494E-08;70.0000000
2334.00011062622;70.0000000;69.9999542;5.102923E-06;-1.97035E-08;70.0000000
2335.00003814697;70.0000000;70.0000137;-1.52642E-06;5.288121E-05;70.0000000
2336.0002040863;70.0000000;70.0000137;-1.52642E-06;2.061015E-05;70.0000000
2337.00013160706;70.0000000;70.0000137;-1.52642E-06;8.032691E-06;70.0000000
2338.00005912781;70.0000000;70.0000137;-1.52642E-06;3.130696E-06;70.0000000
2339.00022506714;70.0000000;69.9999542;5.102923E-06;-3.17981E-05;70.0000000
2340.00015258789;70.0000000;70.0000137;-1.52642E-06;2.939563E-05;70.0000000
2341.00008010864;70.0000000;70.0000137;-1.52642E-06;1.145678E-05;70.0000000
2342.00000762939;70.0000000;70.0000137;-1.52642E-06;4.465215E-06;70.0000000
2343.00017356873;70.0000000;70.0000137;-1.52642E-06;1.740292E-06;70.0000000
2344.00010108948;70.0000000;69.9999542;5.102923E-06;-4.633408E-05;70.0000000
2345.00002861023;70.0000000;69.9998946;1.174341E-05;-6.51498E-05;70.0000000
2346.00019454956;70.0000000;69.9998946;1.174341E-05;-2.539177E-05;70.0000000
2347.00012207031;70.0000000;69.9999541;5.114065E-06;4.299259E-05;70.0000000
2348.00004959106;70.0000000;69.9999541;5.114065E-06;1.675612E-05;70.0000000
2349.0002155304;70.0000000;69.9999541;5.114065E-06;6.530603E-06;70.0000000
2350.00014305115;70.0000000;69.9999541;5.114065E-06;2.545265E-06;70.0000000
2351.0000705719;70.0000000;70.0000137;-1.52642E-06;2.422077E-05;70.0000000
2351.99999809265;70.0000000;70.0000137;-1.52642E-06;9.439907E-06;70.0000000
2353.00016403198;70.0000000;70.0000137;-1.52642E-06;3.67915E-06;70.0000000
2354.00009155273;70.0000000;70.0000137;-1.52642E-06;1.433928E-06;70.0000000
2355.00001907349;70.0000000;70.0000137;-1.52642E-06;5.588653E-07;70.0000000
2356.00018501282;70.0000000;70.0000137;-1.52642E-06;2.375714E-05;70.0000000
2357.00011253357;70.0000000;70.0000137;-1.52642E-06;9.25921E-06;70.0000000
2358.00004005432;70.0000000;70.0000137;-1.52642E-06;3.608725E-06;70.0000000
2359.00020599365;70.0000000;70.0000137;-1.52642E-06;1.40648E-06;70.0000000
2360.0001335144;70.0000000;69.9999542;5.102923E-06;-2.264162E-05;70.0000000
2361.00006103516;70.0000000;69.9999542;5.102923E-06;-8.824443E-06;70.0000000
2362.00022697449;70.0000000;70.0000137;-1.52642E-06;1.975051E-05;70.0000000
2363.00015449524;70.0000000;70.0000733;-8.166905E-06;5.478901E-05;70.0000000
2364.00008201599;70.0000000;70.0000733;-8.166905E-06;2.135371E-05;70.0000000
2365.00000953674;70.0000000;70.0000733;-8.166905E-06;8.322486E-06;70.0000000
2366.00017547607;70.0000000;70.0000734;-8.178047E-06;2.094323E-08;70.0000000
2367.00010299683;70.0000000;69.9999542;5.102923E-06;-8.236852E-05;70.0000000
2368.00003051758;70.0000000;69.9998946;1.174341E-05;-6.931066E-05;70.0000000
2369.00019645691;70.0000000;69.9998946;1.174341E-05;-2.701343E-05;70.0000000
2370.00012397766;70.0000000;69.9998946;1.174341E-05;-1.052833E-05;70.0000000
2371.00005149841;70.0000000;69.9998946;1.174341E-05;-4.103358E-06;70.0000000
2372.00021743774;70.0000000;69.9999541;5.114065E-06;3.55463E-05;70.0000000
2373.0001449585;70.0000000;70.0000137;-1.52642E-06;3.998632E-05;70.0000000
2374.00007247925;70.0000000;70.0000137;-1.52642E-06;1.558444E-05;70.0000000
2375;70.0000000;70.0000137;-1.52642E-06;6.073948E-06;70.0000000
2376.00016593933;70.0000000;69.9999542;5.102923E-06;-5.05216E-05;70.0000000
2377.00009346008;70.0000000;69.9999542;5.102923E-06;-1.969051E-05;70.0000000
2378.00002098083;70.0000000;69.9999542;5.102923E-06;-7.674264E-06;70.0000000
2379.00018692017;70.0000000;70.0000137;-1.52642E-06;3.415456E-05;70.0000000
2380.00011444092;70.0000000;70.0000137;-1.52642E-06;1.331155E-05;70.0000000
2381.00004196167;70.0000000;70.0000137;-1.52642E-06;5.188099E-06;70.0000000
2382.000207901;70.0000000;70.0000137;-1.52642E-06;2.022032E-06;70.0000000
2383.00013542175;70.0000000;69.9999542;5.102923E-06;-3.635748E-05;70.0000000
2384.0000629425;70.0000000;70.0000137;-1.52642E-06;3.871877E-05;70.0000000
2385.00022888184;70.0000000;70.0000137;-1.52642E-06;1.509042E-05;70.0000000
2386.00015640259;70.0000000;70.0000733;-8.166905E-06;4.308939E-05;70.0000000
2387.00008392334;70.0000000;70.0000733;-8.166905E-06;1.679385E-05;70.0000000
2388.00001144409;70.0000000;70.0000733;-8.166905E-06;6.545307E-06;70.0000000
2389.00017738342;70.0000000;70.0000733;-8.166905E-06;2.550996E-06;70.0000000
2390.00010490417;70.0000000;70.0000733;-8.166905E-06;9.942364E-07;70.0000000
2391.00003242493;70.0000000;70.0000138;-1.537562E-06;-2.570102E-05;70.0000000
2392.00019836426;70.0000000;69.9999542;5.102923E-06;-5.710818E-05;70.0000000
2393.00012588501;70.0000000;69.9999542;5.102923E-06;-2.225759E-05;70.0000000
2394.00005340576;70.0000000;69.9999542;5.102923E-06;-8.67477E-06;70.0000000
2395.00021934509;70.0000000;69.9999542;5.102923E-06;-3.380942E-06;70.0000000
2396.00014686584;70.0000000;70.0000137;-1.52642E-06;3.170057E-05;70.0000000
2397.0000743866;70.0000000;70.0001330;-1.481853E-05;8.73581E-05;70.0000000
2398.00000190735;70.0000000;70.0001330;-1.481853E-05;3.772219E-05;70.0000000
2399.00016784668;70.0000000;70.0000734;-8.178047E-06;-1.143035E-05;70.0000000
2400.00009536743;70.0000000;70.0000734;-8.178047E-06;-4.454914E-06;70.0000000
2401.00002288818;70.0000000;70.0000734;-8.178047E-06;-1.736278E-06;70.0000000
2402.00018882751;70.0000000;70.0000138;-1.537562E-06;-3.375047E-05;70.0000000
2403.00011634827;70.0000000;70.0000138;-1.537562E-06;-1.315405E-05;70.0000000
2404.00004386902;70.0000000;70.0000733;-8.166905E-06;4.776218E-05;70.0000000
2405.00020980835;70.0000000;70.0000733;-8.166905E-06;1.861504E-05;70.0000000
2406.0001373291;70.0000000;70.0000733;-8.166905E-06;7.255106E-06;70.0000000
2407.00006484985;70.0000000;70.0000733;-8.166905E-06;2.827637E-06;70.0000000
2408.00023078918;70.0000000;70.0000733;-8.166905E-06;1.102055E-06;70.0000000
2409.00015830994;70.0000000;70.0000733;-8.166905E-06;4.295198E-07;70.0000000
2410.00008583069;70.0000000;70.0000138;-1.537562E-06;-5.272149E-05;70.0000000
2411.00001335144;70.0000000;70.0000138;-1.537562E-06;-2.05479E-05;70.0000000
2412.00017929077;70.0000000;70.0000138;-1.537562E-06;-8.008429E-06;70.0000000
2413.00010681152;70.0000000;70.0001330;-1.481853E-05;6.199777E-05;70.0000000
2414.00003433228;70.0000000;70.0001330;-1.481853E-05;2.416328E-05;70.0000000
2415.00020027161;70.0000000;70.0000734;-8.178047E-06;-3.244149E-05;70.0000000
2416.00012779236;70.0000000;70.0000138;-1.537562E-06;-5.450287E-05;70.0000000
2417.00005531311;70.0000000;69.9999542;5.102923E-06;-5.431595E-05;70.0000000
2418.00022125244;70.0000000;69.9999542;5.102923E-06;-2.116934E-05;70.0000000
2419.00014877319;70.0000000;69.9999542;5.102923E-06;-8.250629E-06;70.0000000
2420.00007629395;70.0000000;69.9999542;5.102923E-06;-3.215636E-06;70.0000000
2421.0000038147;70.0000000;69.9999542;5.102923E-06;-1.108176E-05;70.0000000
2422.00016975403;70.0000000;69.9999542;5.102923E-06;-4.319054E-06;70.0000000
2423.00009727478;70.0000000;69.9999542;5.102923E-06;-1.683327E-06;70.0000000
2424.00002479553;70.0000000;69.9998946;1.174341E-05;-5.363384E-05;70.0000000
2425.00019073486;70.0000000;69.9998946;1.174341E-05;-2.090349E-05;70.0000000
2426.00011825562;70.0000000;69.9999541;5.114065E-06;2.487126E-05;70.0000000
2427.00004577637;70.0000000;69.9999541;5.114065E-06;9.693432E-06;70.0000000
2428.0002117157;70.0000000;69.9999541;5.114065E-06;3.77796E-06;70.0000000
2429.00013923645;70.0000000;70.0000137;-1.52642E-06;2.76048E-05;70.0000000
2430.0000667572;70.0000000;70.0000137;-1.52642E-06;1.075881E-05;70.0000000
2431.00023269653;70.0000000;70.0000137;-1.52642E-06;4.193187E-06;70.0000000
2432.00016021729;70.0000000;70.0000137;-1.52642E-06;1.634271E-06;70.0000000
2433.00008773804;70.0000000;70.0000137;-1.52642E-06;6.36948E-07;70.0000000
2434.00001525879;70.0000000;69.9999542;5.102923E-06;-2.910133E-05;70.0000000
2435.00018119812;70.0000000;69.9999542;5.102923E-06;-1.134208E-05;70.0000000
2436.00010871887;70.0000000;69.9999542;5.102923E-06;-4.420511E-06;70.0000000
2437.00003623962;70.0000000;70.0000137;-1.52642E-06;4.006588E-05;70.0000000
2438.00020217896;70.0000000;70.0000137;-1.52642E-06;1.561545E-05;70.0000000
2439.00012969971;70.0000000;70.0000137;-1.52642E-06;6.086033E-06;70.0000000
2440.00005722046;70.0000000;70.0000137;-1.52642E-06;2.371997E-06;70.0000000
2441.00022315979;70.0000000;70.0000137;-1.52642E-06;9.244725E-07;70.0000000
2442.00015068054;70.0000000;70.0000137;-1.52642E-06;3.60308E-07;70.0000000
2443.00007820129;70.0000000;70.0000137;-1.52642E-06;1.40428E-07;70.0000000
2444.00000572205;70.0000000;70.0000137;-1.52642E-06;5.473101E-08;70.0000000
2445.00017166138;70.0000000;70.0000137;-1.52642E-06;2.13311E-08;70.0000000
2446.00009918213;70.0000000;70.0000137;-1.52642E-06;8.313677E-09;70.0000000
2447.00002670288;70.0000000;69.9999542;5.102923E-06;-3.714232E-05;70.0000000
2448.00019264221;70.0000000;69.9999542;5.102923E-06;-1.447601E-05;70.0000000
2449.00012016296;70.0000000;69.9999542;5.102923E-06;-5.641943E-06;70.0000000
2450.00004768372;70.0000000;69.9998946;1.174341E-05;-2.833127E-05;70.0000000
2451.00021362305;70.0000000;69.9999541;5.114065E-06;3.07468E-05;70.0000000
2452.0001411438;70.0000000;70.0000137;-1.52642E-06;4.919138E-05;70.0000000
2453.00006866455;70.0000000;70.0000137;-1.52642E-06;1.917206E-05;70.0000000
2454.00023460388;70.0000000;70.0000137;-1.52642E-06;7.472204E-06;70.0000000
2455.00016212463;70.0000000;70.0000137;-1.52642E-06;2.912249E-06;70.0000000
2456.00008964539;70.0000000;69.9999542;5.102923E-06;-2.821455E-05;70.0000000
2457.00001716614;70.0000000;69.9999542;5.102923E-06;-1.099646E-05;70.0000000
2458.00018310547;70.0000000;69.9999542;5.102923E-06;-4.285807E-06;70.0000000
2459.00011062622;70.0000000;69.9999542;5.102923E-06;-1.670369E-06;70.0000000
2460.00003814697;70.0000000;69.9999542;5.102923E-06;-6.510169E-07;70.0000000
2461.0002040863;70.0000000;69.9999542;5.102923E-06;-2.537301E-07;70.0000000
2462.00013160706;70.0000000;70.0000137;-1.52642E-06;5.279E-05;70.0000000
2463.00005912781;70.0000000;70.0000137;-1.52642E-06;2.057461E-05;70.0000000
2464.00022506714;70.0000000;70.0000137;-1.52642E-06;8.018836E-06;70.0000000
2465.00015258789;70.0000000;70.0000137;-1.52642E-06;3.125296E-06;70.0000000
2466.00008010864;70.0000000;70.0000137;-1.52642E-06;1.218066E-06;70.0000000
2467.00000762939;70.0000000;69.9999542;5.102923E-06;-3.254354E-05;70.0000000
2468.00017356873;70.0000000;69.9999542;5.102923E-06;-1.268366E-05;70.0000000
2469.00010108948;70.0000000;69.9998946;1.174341E-05;-2.817215E-05;70.0000000
2470.00002861023;70.0000000;69.9999541;5.114065E-06;1.836964E-05;70.0000000
2471.00019454956;70.0000000;70.0000137;-1.52642E-06;4.436745E-05;70.0000000
2472.00012207031;70.0000000;70.0000137;-1.52642E-06;1.729196E-05;70.0000000
2473.00004959106;70.0000000;70.0000137;-1.52642E-06;6.739444E-06;70.0000000
2474.0002155304;70.0000000;69.9999542;5.102923E-06;-2.672292E-05;70.0000000
2475.00014305115;70.0000000;69.9998946;1.174341E-05;-4.348887E-05;70.0000000
2476.0000705719;70.0000000;69.9999541;5.114065E-06;2.019602E-05;70.0000000
2477.00023651123;70.0000000;70.0000137;-1.52642E-06;5.496264E-05;70.0000000
2478.00016403198;70.0000000;70.0000137;-1.52642E-06;2.142138E-05;70.0000000
2479.00009155273;70.0000000;70.0000733;-8.166905E-06;5.020785E-05;70.0000000
2480.00001907349;70.0000000;70.0000733;-8.166905E-06;1.956822E-05;70.0000000
2481.00018501282;70.0000000;70.0000138;-1.537562E-06;-4.526229E-05;70.0000000
2482.00011253357;70.0000000;70.0000138;-1.537562E-06;-1.764072E-05;70.0000000
2483.00004005432;70.0000000;70.0000138;-1.537562E-06;-6.875371E-06;70.0000000
2484.00020599365;70.0000000;70.0000138;-1.537562E-06;-2.679637E-06;70.0000000
2485.0001335144;70.0000000;70.0000138;-1.537562E-06;-1.044374E-06;70.0000000
2486.00006103516;70.0000000;70.0000138;-1.537562E-06;-4.070387E-07;70.0000000
2487.00022697449;70.0000000;70.0000138;-1.537562E-06;-1.58641E-07;70.0000000
2488.00015449524;70.0000000;69.9999542;5.102923E-06;-3.726982E-05;70.0000000
2489.00008201599;70.0000000;69.9999542;5.102923E-06;-1.45257E-05;70.0000000
2490.00000953674;70.0000000;70.0000137;-1.52642E-06;2.735697E-05;70.0000000
2491.00017547607;70.0000000;69.9999542;5.102923E-06;-4.222667E-05;70.0000000
2492.00010299683;70.0000000;69.9999542;5.102923E-06;-1.64576E-05;70.0000000
2493.00003051758;70.0000000;70.0000137;-1.52642E-06;3.07313E-05;70.0000000
2494.00019645691;70.0000000;70.0000137;-1.52642E-06;1.197735E-05;70.0000000
2495.00012397766;70.0000000;70.0000137;-1.52642E-06;4.668105E-06;70.0000000
2496.00005149841;70.0000000;69.9999542;5.102923E-06;-2.137042E-05;70.0000000
2497.00021743774;70.0000000;70.0000137;-1.52642E-06;1.486079E-05;70.0000000
2498.0001449585;70.0000000;70.0000137;-1.52642E-06;5.791907E-06;70.0000000
2499.00007247925;70.0000000;70.0000137;-1.52642E-06;2.257363E-06;70.0000000
2500;70.0000000;70.0000137;-1.52642E-06;8.797945E-07;70.0000000
2501.00016593933;70.0000000;70.0000137;-1.52642E-06;3.428949E-07;70.0000000
2502.00009346008;70.0000000;69.9999542;5.102923E-06;-2.921593E-05;70.0000000
2503.00002098083;70.0000000;69.9999542;5.102923E-06;-1.138674E-05;70.0000000
2504.00018692017;70.0000000;70.0000137;-1.52642E-06;4.845097E-05;70.0000000
2505.00011444092;70.0000000;70.0000137;-1.52642E-06;1.888349E-05;70.0000000
2506.00004196167;70.0000000;70.0000137;-1.52642E-06;7.359733E-06;70.0000000
2507.000207901;70.0000000;70.0000137;-1.52642E-06;2.868414E-06;70.0000000
2508.00013542175;70.0000000;70.0000137;-1.52642E-06;1.117948E-06;70.0000000
2509.0000629425;70.0000000;70.0000137;-1.52642E-06;4.35714E-07;70.0000000
2510.00022888184;70.0000000;70.0000137;-1.52642E-06;1.698171E-07;70.0000000
2511.00015640259;70.0000000;70.0000137;-1.52642E-06;6.618524E-08;70.0000000
2512.00008392334;70.0000000;69.9999542;5.102923E-06;-3.299248E-05;70.0000000
2513.00001144409;70.0000000;70.0000137;-1.52642E-06;3.415372E-05;70.0000000
2514.00017738342;70.0000000;70.0000137;-1.52642E-06;1.331122E-05;70.0000000
2515.00010490417;70.0000000;70.0000137;-1.52642E-06;5.187972E-06;70.0000000
2516.00003242493;70.0000000;70.0000137;-1.52642E-06;2.021983E-06;70.0000000
2517.00019836426;70.0000000;70.0000137;-1.52642E-06;7.880564E-07;70.0000000
2518.00012588501;70.0000000;69.9999542;5.102923E-06;-3.271113E-05;70.0000000
2519.00005340576;70.0000000;69.9999542;5.102923E-06;-1.274898E-05;70.0000000
2520.00021934509;70.0000000;69.9999542;5.102923E-06;-4.968843E-06;70.0000000
2521.00014686584;70.0000000;70.0000137;-1.52642E-06;2.7413E-05;70.0000000
2522.0000743866;70.0000000;70.0000137;-1.52642E-06;1.068406E-05;70.0000000
2523.00000190735;70.0000000;70.0000137;-1.52642E-06;4.164052E-06;70.0000000
2524.00016784668;70.0000000;70.0000137;-1.52642E-06;1.622916E-06;70.0000000
2525.00009536743;70.0000000;70.0000137;-1.52642E-06;6.325222E-07;70.0000000
2526.00002288818;70.0000000;70.0000137;-1.52642E-06;2.46522E-07;70.0000000
2527.00018882751;70.0000000;69.9999542;5.102923E-06;-2.309371E-05;70.0000000
2528.00011634827;70.0000000;69.9999542;5.102923E-06;-9.000641E-06;70.0000000
2529.00004386902;70.0000000;69.9998946;1.174341E-05;-2.673671E-05;70.0000000
2530.00020980835;70.0000000;70.0000137;-1.52642E-06;6.275938E-05;70.0000000
2531.0001373291;70.0000000;70.0000137;-1.52642E-06;2.446012E-05;70.0000000
2532.00006484985;70.0000000;70.0000137;-1.52642E-06;9.533192E-06;70.0000000
2533.00023078918;70.0000000;70.0000137;-1.52642E-06;3.715507E-06;70.0000000
2534.00015830994;70.0000000;70.0000137;-1.52642E-06;1.448098E-06;70.0000000
2535.00008583069;70.0000000;70.0000137;-1.52642E-06;5.643881E-07;70.0000000
2536.00001335144;70.0000000;70.0000137;-1.52642E-06;2.19967E-07;70.0000000
2537.00017929077;70.0000000;70.0000137;-1.52642E-06;8.573092E-08;70.0000000
2538.00010681152;70.0000000;69.9999542;5.102923E-06;-5.285548E-05;70.0000000
2539.00003433228;70.0000000;69.9999542;5.102923E-06;-2.060012E-05;70.0000000
2540.00020027161;70.0000000;70.0000137;-1.52642E-06;3.898357E-05;70.0000000
2541.00012779236;70.0000000;70.0000137;-1.52642E-06;1.519362E-05;70.0000000
2542.00005531311;70.0000000;70.0000137;-1.52642E-06;5.921629E-06;70.0000000
2543.00022125244;70.0000000;70.0000137;-1.52642E-06;2.307922E-06;70.0000000
2544.00014877319;70.0000000;69.9999542;5.102923E-06;-4.611285E-05;70.0000000
2545.00007629395;70.0000000;70.0000137;-1.52642E-06;1.504605E-05;70.0000000
2546.0000038147;70.0000000;70.0000137;-1.52642E-06;5.864114E-06;70.0000000
2547.00016975403;70.0000000;70.0000137;-1.52642E-06;2.285505E-06;70.0000000
2548.00009727478;70.0000000;70.0000137;-1.52642E-06;8.907627E-07;70.0000000
2549.00002479553;70.0000000;70.0000733;-8.166905E-06;5.332495E-05;70.0000000
2550.00019073486;70.0000000;70.0000733;-8.166905E-06;2.07831E-05;70.0000000
2551.00011825562;70.0000000;70.0000733;-8.166905E-06;8.100094E-06;70.0000000
2552.00004577637;70.0000000;70.0000138;-1.537562E-06;-2.293155E-05;70.0000000
2553.0002117157;70.0000000;69.9999542;5.102923E-06;-3.21662E-05;70.0000000
2554.00013923645;70.0000000;70.0000137;-1.52642E-06;1.681298E-05;70.0000000
2555.0000667572;70.0000000;70.0000733;-8.166905E-06;4.376075E-05;70.0000000
2556.00023269653;70.0000000;70.0000734;-8.178047E-06;1.348151E-06;70.0000000
2557.00016021729;70.0000000;70.0001330;-1.481853E-05;2.66578E-05;70.0000000
2558.00008773804;70.0000000;70.0000734;-8.178047E-06;-2.268404E-05;70.0000000
2559.00001525879;70.0000000;70.0000734;-8.178047E-06;-8.840977E-06;70.0000000
2560.00018119812;70.0000000;70.0000734;-8.178047E-06;-3.44572E-06;70.0000000
2561.00010871887;70.0000000;69.9999542;5.102923E-06;-6.643069E-05;70.0000000
2562.00003623962;70.0000000;69.9999542;5.102923E-06;-2.589099E-05;70.0000000
2563.00020217896;70.0000000;70.0000137;-1.52642E-06;2.70547E-05;70.0000000
2564.00012969971;70.0000000;70.0001330;-1.481853E-05;8.683985E-05;70.0000000
2565.00005722046;70.0000000;70.0001330;-1.481853E-05;3.384534E-05;70.0000000
2566.00022315979;70.0000000;70.0000734;-8.178047E-06;-1.988273E-05;70.0000000
2567.00015068054;70.0000000;70.0000138;-1.537562E-06;-3.388154E-05;70.0000000
2568.00007820129;70.0000000;69.9998946;1.174341E-05;-6.950766E-05;70.0000000
2569.00000572205;70.0000000;69.9998946;1.174341E-05;-2.709022E-05;70.0000000
2570.00017166138;70.0000000;69.9998946;1.174341E-05;-1.055826E-05;70.0000000
2571.00009918213;70.0000000;69.9999541;5.114065E-06;4.289733E-05;70.0000000
2572.00002670288;70.0000000;70.0000137;-1.52642E-06;6.381035E-05;70.0000000
2573.00019264221;70.0000000;69.9999542;5.102923E-06;-1.691903E-05;70.0000000
2574.00012016296;70.0000000;69.9999542;5.102923E-06;-6.594097E-06;70.0000000
2575.00004768372;70.0000000;70.0000137;-1.52642E-06;2.061978E-05;70.0000000
2576.00021362305;70.0000000;70.0000137;-1.52642E-06;8.036443E-06;70.0000000
2577.0001411438;70.0000000;69.9999542;5.102923E-06;-3.86566E-05;70.0000000
2578.00006866455;70.0000000;69.9999542;5.102923E-06;-1.506619E-05;70.0000000
2579.00023460388;70.0000000;69.9999542;5.102923E-06;-5.871962E-06;70.0000000
2580.00016212463;70.0000000;69.9999542;5.102923E-06;-2.288564E-06;70.0000000
2581.00008964539;70.0000000;70.0000137;-1.52642E-06;3.62536E-05;70.0000000
2582.00001716614;70.0000000;70.0000137;-1.52642E-06;1.412964E-05;70.0000000
2583.00018310547;70.0000000;70.0000137;-1.52642E-06;5.506947E-06;70.0000000
2584.00011062622;70.0000000;70.0000137;-1.52642E-06;2.146301E-06;70.0000000
2585.00003814697;70.0000000;70.0000137;-1.52642E-06;8.365088E-07;70.0000000
2586.0002040863;70.0000000;70.0000137;-1.52642E-06;3.260246E-07;70.0000000
2587.00013160706;70.0000000;69.9999542;5.102923E-06;-3.701849E-05;70.0000000
2588.00005912781;70.0000000;69.9999542;5.102923E-06;-1.442775E-05;70.0000000
2589.00022506714;70.0000000;69.9999542;5.102923E-06;-5.623134E-06;70.0000000
2590.00015258789;70.0000000;70.0000137;-1.52642E-06;2.389693E-05;70.0000000
2591.00008010864;70.0000000;70.0000137;-1.52642E-06;9.313694E-06;70.0000000
2592.00000762939;70.0000000;69.9999542;5.102923E-06;-4.925893E-05;70.0000000
2593.00017356873;70.0000000;69.9999542;5.102923E-06;-1.919839E-05;70.0000000
2594.00010108948;70.0000000;69.9999542;5.102923E-06;-7.482465E-06;70.0000000
2595.00002861023;70.0000000;69.9999542;5.102923E-06;-2.916248E-06;70.0000000
2596.00019454956;70.0000000;69.9999542;5.102923E-06;-1.136591E-06;70.0000000
2597.00012207031;70.0000000;69.9999542;5.102923E-06;-4.429801E-07;70.0000000
2598.00004959106;70.0000000;69.9999542;5.102923E-06;-1.72649E-07;70.0000000
2599.0002155304;70.0000000;69.9999542;5.102923E-06;-6.728898E-08;70.0000000
2600.00014305115;70.0000000;69.9999542;5.102923E-06;-2.62255E-08;70.0000000
2601.0000705719;70.0000000;69.9999542;5.102923E-06;-1.022124E-08;70.0000000
2602.00023651123;70.0000000;69.9999541;5.114065E-06;9.800376E-06;70.0000000
2603.00016403198;70.0000000;69.9999541;5.114065E-06;3.819641E-06;70.0000000
2604.00009155273;70.0000000;69.9999541;5.114065E-06;1.488683E-06;70.0000000
2605.00001907349;70.0000000;69.9999541;5.114065E-06;5.802059E-07;70.0000000
2606.00018501282;70.0000000;70.0000137;-1.52642E-06;2.34549E-05;70.0000000
2607.00011253357;70.0000000;70.0000137;-1.52642E-06;9.141414E-06;70.0000000
2608.00004005432;70.0000000;70.0000137;-1.52642E-06;3.562814E-06;70.0000000
2609.00020599365;70.0000000;70.0000137;-1.52642E-06;1.388587E-06;70.0000000
2610.0001335144;70.0000000;69.9999542;5.102923E-06;-2.264859E-05;70.0000000
2611.00006103516;70.0000000;69.9999542;5.102923E-06;-8.827162E-06;70.0000000
2612.00022697449;70.0000000;70.0000137;-1.52642E-06;3.834841E-05;70.0000000
2613.00015449524;70.0000000;70.0000137;-1.52642E-06;1.494608E-05;70.0000000
2614.00008201599;70.0000000;70.0000137;-1.52642E-06;5.825149E-06;70.0000000
2615.00000953674;70.0000000;69.9999542;5.102923E-06;-2.381819E-05;70.0000000
2616.00017547607;70.0000000;70.0000137;-1.52642E-06;3.772934E-05;70.0000000
2617.00010299683;70.0000000;70.0000137;-1.52642E-06;1.47048E-05;70.0000000
2618.00003051758;70.0000000;70.0000137;-1.52642E-06;5.731113E-06;70.0000000
2619.00019645691;70.0000000;70.0000137;-1.52642E-06;2.233669E-06;70.0000000
2620.00012397766;70.0000000;70.0000137;-1.52642E-06;8.705599E-07;70.0000000
2621.00005149841;70.0000000;70.0000137;-1.52642E-06;3.392958E-07;70.0000000
2622.00021743774;70.0000000;70.0000137;-1.52642E-06;1.322386E-07;70.0000000
2623.0001449585;70.0000000;69.9999542;5.102923E-06;-5.283735E-05;70.0000000
2624.00007247925;70.0000000;69.9999542;5.102923E-06;-2.059306E-05;70.0000000
2625.00023841858;70.0000000;70.0000137;-1.52642E-06;4.486286E-05;70.0000000
2626.00016593933;70.0000000;70.0000137;-1.52642E-06;1.748505E-05;70.0000000
2627.00009346008;70.0000000;70.0000137;-1.52642E-06;6.814697E-06;70.0000000
2628.00002098083;70.0000000;70.0000137;-1.52642E-06;2.65599E-06;70.0000000
2629.00018692017;70.0000000;70.0000137;-1.52642E-06;1.035157E-06;70.0000000
2630.00011444092;70.0000000;70.0000733;-8.166905E-06;3.347722E-05;70.0000000
2631.00004196167;70.0000000;70.0000733;-8.166905E-06;1.304756E-05;70.0000000
2632.000207901;70.0000000;70.0000733;-8.166905E-06;5.085212E-06;70.0000000
2633.00013542175;70.0000000;70.0000138;-1.537562E-06;-3.103634E-05;70.0000000
2634.0000629425;70.0000000;69.9999542;5.102923E-06;-3.5325E-05;70.0000000
2635.00022888184;70.0000000;69.9999542;5.102923E-06;-1.376772E-05;70.0000000
2636.00015640259;70.0000000;70.0000137;-1.52642E-06;2.072262E-05;70.0000000
2637.00008392334;70.0000000;70.0000137;-1.52642E-06;8.076524E-06;70.0000000
2638.00001144409;70.0000000;70.0000137;-1.52642E-06;3.14778E-06;70.0000000
2639.00017738342;70.0000000;70.0000137;-1.52642E-06;1.226829E-06;70.0000000
2640.00010490417;70.0000000;70.0000137;-1.52642E-06;4.781498E-07;70.0000000
2641.00003242493;70.0000000;69.9999542;5.102923E-06;-2.590216E-05;70.0000000
2642.00019836426;70.0000000;70.0000137;-1.52642E-06;2.292306E-05;70.0000000
2643.00012588501;70.0000000;70.0000137;-1.52642E-06;8.934131E-06;70.0000000
2644.00005340576;70.0000000;70.0001330;-1.481853E-05;7.388116E-05;70.0000000
2645.00021934509;70.0000000;70.0001330;-1.481853E-05;2.879476E-05;70.0000000
2646.00014686584;70.0000000;70.0000734;-8.178047E-06;-1.200617E-05;70.0000000
2647.0000743866;70.0000000;70.0000138;-1.537562E-06;-2.79081E-05;70.0000000
2648.00024032593;70.0000000;70.0000138;-1.537562E-06;-1.087702E-05;70.0000000
2649.00016784668;70.0000000;70.0000138;-1.537562E-06;-4.239258E-06;70.0000000
2650.00009536743;70.0000000;70.0000733;-8.166905E-06;2.769735E-05;70.0000000
2651.00002288818;70.0000000;70.0000733;-8.166905E-06;1.079489E-05;70.0000000
2652.00018882751;70.0000000;70.0000733;-8.166905E-06;4.207245E-06;70.0000000
2653.00011634827;70.0000000;70.0000138;-1.537562E-06;-3.550581E-05;70.0000000
2654.00004386902;70.0000000;70.0000138;-1.537562E-06;-1.383819E-05;70.0000000
2655.00020980835;70.0000000;69.9999542;5.102923E-06;-3.152572E-05;70.0000000
2656.0001373291;70.0000000;69.9999542;5.102923E-06;-1.228697E-05;70.0000000
2657.00006484985;70.0000000;69.9999542;5.102923E-06;-4.788778E-06;70.0000000
2658.00023078918;70.0000000;69.9999542;5.102923E-06;-1.866399E-06;70.0000000
2659.00015830994;70.0000000;69.9999542;5.102923E-06;-7.274185E-07;70.0000000
2660.00008583069;70.0000000;69.9999542;5.102923E-06;-2.835072E-07;70.0000000
2661.00001335144;70.0000000;69.9999542;5.102923E-06;-1.104953E-07;70.0000000
2662.00017929077;70.0000000;69.9999542;5.102923E-06;-8.813546E-06;70.0000000
2663.00010681152;70.0000000;69.9999542;5.102923E-06;-3.43503E-06;70.0000000
2664.00003433228;70.0000000;69.9999542;5.102923E-06;-1.338783E-06;70.0000000
2665.00020027161;70.0000000;69.9999542;5.102923E-06;-5.217832E-07;70.0000000
2666.00012779236;70.0000000;70.0000137;-1.52642E-06;5.268553E-05;70.0000000
2667.00005531311;70.0000000;70.0000137;-1.52642E-06;2.053389E-05;70.0000000
2668.00022125244;70.0000000;69.9999542;5.102923E-06;-2.501531E-05;70.0000000
2669.00014877319;70.0000000;69.9999542;5.102923E-06;-9.749575E-06;70.0000000
2670.00007629395;70.0000000;69.9999542;5.102923E-06;-3.799841E-06;70.0000000
2671.00024223328;70.0000000;70.0000137;-1.52642E-06;3.153731E-05;70.0000000
2672.00016975403;70.0000000;70.0000137;-1.52642E-06;1.229149E-05;70.0000000
2673.00009727478;70.0000000;70.0000137;-1.52642E-06;4.790538E-06;70.0000000
2674.00002479553;70.0000000;70.0000137;-1.52642E-06;1.867085E-06;70.0000000
2675.00019073486;70.0000000;70.0000137;-1.52642E-06;7.276858E-07;70.0000000
2676.00011825562;70.0000000;69.9999542;5.102923E-06;-2.58049E-05;70.0000000
2677.00004577637;70.0000000;70.0000137;-1.52642E-06;2.296096E-05;70.0000000
2678.0002117157;70.0000000;70.0000137;-1.52642E-06;8.948903E-06;70.0000000
2679.00013923645;70.0000000;70.0000137;-1.52642E-06;3.487784E-06;70.0000000
2680.0000667572;70.0000000;70.0000733;-8.166905E-06;4.321833E-05;70.0000000
2681.00023269653;70.0000000;70.0000734;-8.178047E-06;-9.957468E-06;70.0000000
2682.00016021729;70.0000000;70.0000734;-8.178047E-06;-3.880867E-06;70.0000000
2683.00008773804;70.0000000;70.0000138;-1.537562E-06;-4.337153E-05;70.0000000
2684.00001525879;70.0000000;70.0000138;-1.537562E-06;-1.690381E-05;70.0000000
2685.00018119812;70.0000000;70.0000138;-1.537562E-06;-6.588164E-06;70.0000000
2686.00010871887;70.0000000;70.0000138;-1.537562E-06;-2.5677E-06;70.0000000
2687.00003623962;70.0000000;70.0000733;-8.166905E-06;2.508777E-05;70.0000000
2688.00020217896;70.0000000;70.0000733;-8.166905E-06;9.777817E-06;70.0000000
2689.00012969971;70.0000000;70.0000733;-8.166905E-06;3.810848E-06;70.0000000
2690.00005722046;70.0000000;70.0000733;-8.166905E-06;1.485256E-06;70.0000000
2691.00022315979;70.0000000;70.0000733;-8.166905E-06;5.788704E-07;70.0000000
2692.00015068054;70.0000000;70.0000138;-1.537562E-06;-3.279266E-05;70.0000000
2693.00007820129;70.0000000;70.0000138;-1.537562E-06;-1.278075E-05;70.0000000
2694.00024414063;70.0000000;70.0000138;-1.537562E-06;-4.981226E-06;70.0000000
2695.00017166138;70.0000000;70.0000138;-1.537562E-06;-1.941405E-06;70.0000000
2696.00009918213;70.0000000;70.0000138;-1.537562E-06;-7.566514E-07;70.0000000
2697.00002670288;70.0000000;70.0000138;-1.537562E-06;-2.949006E-07;70.0000000
2698.00019264221;70.0000000;70.0000138;-1.537562E-06;-1.149358E-07;70.0000000
2699.00012016296;70.0000000;70.0000138;-1.537562E-06;-4.479559E-08;69.9990000
2700.00004768372;69.9999904;70.0000138;6.672876E-05;-1.745883E-08;69.9990000
2701.00021362305;70.0000630;70.0000733;-0.0004253012;3.301147E-05;69.9990000
2702.0001411438;69.9990825;69.9995370;-0.0007853397;-0.0003706215;69.9990000
2703.00006866455;69.9989891;69.9987621;0.0001148101;-0.0006016641;69.9990000
2704.00023460388;69.9990000;69.9984641;5.970866E-05;-0.0003934203;69.9990000
2705.00016212463;69.9990000;69.9985832;4.643883E-05;-6.909643E-05;69.9990000
2706.00008964539;69.9990000;69.9990601;-6.696194E-06;0.0002461573;69.9990000
2707.00001716614;69.9990000;69.9995965;-6.646056E-05;0.0003972709;69.9990000
2708.00018310547;69.9990000;69.9998945;-9.966299E-05;0.0003137592;69.9990000
2709.00011062622;69.9990000;69.9998946;-9.967413E-05;9.552937E-05;69.9980000
2710.00003814697;69.9989904;69.9996562;-4.845868E-06;-0.000129444;69.9980000
2711.0002040863;69.9990630;69.9994178;-0.0004636846;-0.0002038389;69.9980000
2712.00013160706;69.9980825;69.9985833;-0.0007904984;-0.0006228538;69.9980000
2713.00005912781;69.9979891;69.9976893;0.0001229213;-0.0007658725;69.9980000
2714.00022506714;69.9980000;69.9974508;6.119051E-05;-0.0004191629;69.9970000
2715.00015258789;69.9979904;69.9976296;0.0001095354;-3.019994E-05;69.9970000
2716.00008010864;69.9980630;69.9982256;-0.0004422701;0.0003585935;69.9970000
2717.00024604797;69.9970825;69.9982853;-0.0008687135;0.0001604437;69.9970000
2718.00017356873;69.9969891;69.9978681;-8.417679E-06;-0.0001637713;69.9970000
2719.00010108948;69.9970000;69.9976893;-7.68001E-05;-0.0001521455;69.9960000
2720.00002861023;69.9969904;69.9976893;-8.533782E-06;-5.929782E-05;69.9960000
2721.00019454956;69.9970630;69.9978084;-0.0005072043;5.699864E-05;69.9960000
2722.00012207031;69.9960825;69.9973912;-0.0008805126;-0.0002632539;69.9960000
2723.00004959106;69.9959891;69.9964972;3.290708E-05;-0.0006175845;69.9950000
2724.0002155304;69.9959904;69.9961991;4.608309E-05;-0.0004107633;69.9950000
2725.00014305115;69.9960630;69.9961991;-0.0004393176;-0.0001600927;69.9950000
2726.0000705719;69.9950825;69.9959011;-0.0008259069;-0.0002886227;69.9940000
2727.00023651123;69.9949795;69.9954243;0.0001092957;-0.0003825;69.9930000
2728.00016403198;69.9950534;69.9953646;-0.0003894908;-0.0001711378;69.9930000
2729.00009155273;69.9941455;69.9951859;-0.001274773;-0.000221018;69.9930000
2730.00001907349;69.9930716;69.9941726;-0.000767853;-0.000713658;69.9930000
2731.00018501282;69.9929891;69.9933977;4.399313E-05;-0.0007001512;69.9920000
2732.00011253357;69.9929904;69.9931593;5.051751E-05;-0.0003987314;69.9910000
2733.00004005432;69.9930534;69.9933976;-0.0003931676;-1.561655E-05;69.9910000
2734.00020599365;69.9921455;69.9933977;-0.001298371;-3.574658E-05;69.9910000
2735.0001335144;69.9910716;69.9923844;-0.0007914512;-0.0006349161;69.9900000
2736.00006103516;69.9909795;69.9915500;9.529053E-05;-0.0007262322;69.9900000
2737.00022697449;69.9910630;69.9912520;-0.0004452115;-0.0004390664;69.9890000
2738.00015449524;69.9900729;69.9908943;-0.0007568828;-0.0004174389;69.9890000
2739.00008201599;69.9900521;69.9904175;-0.0003753474;-0.0004285663;69.9880000
2740.00024795532;69.9890729;69.9900003;-0.0007686931;-0.0004402911;69.9880000
2741.00017547607;69.9890521;69.9895830;-0.000393787;-0.0003985613;69.9870000
2742.00010299683;69.9880729;69.9891062;-0.0007804922;-0.0004698858;69.9870000
2743.00003051758;69.9880521;69.9886890;-0.0004055973;-0.0004133184;69.9860000
2744.00019645691;69.9870729;69.9881525;-0.0007856509;-0.0004991936;69.9850000
2745.00012397766;69.9870425;69.9876161;-0.0003292086;-0.0005041055;69.9850000
2746.00005149841;69.9861455;69.9871392;-0.00126957;-0.0005160348;69.9840000
2747.00021743774;69.9850620;69.9861260;-0.0006943946;-0.0008202694;69.9830000
2748.0001449585;69.9850425;69.9854107;-0.0003063234;-0.0007099647;69.9820000
2749.00007247925;69.9841359;69.9848147;-0.001165149;-0.0006467848;69.9820000
2750.00023841858;69.9831346;69.9839206;-0.00115691;-0.0008046606;69.9810000
2751.00016593933;69.9820620;69.9827881;-0.0006567466;-0.001018867;69.9800000
2752.00009346008;69.9820425;69.9821921;-0.0002819675;-0.0007138114;69.9800000
2753.00002098083;69.9811455;69.9817152;-0.001222329;-0.0005779981;69.9790000
2754.00018692017;69.9800620;69.9808211;-0.0006604234;-0.0007667825;69.9780000
2755.00011444092;69.9800425;69.9802251;-0.0002856443;-0.0006350076;69.9770000
2756.00004196167;69.9791359;69.9798079;-0.001164391;-0.0005332919;69.9760000
2757.000207901;69.9781250;69.9789138;-0.001087886;-0.0007817645;69.9750000
2758.00013542175;69.9771250;69.9778409;-0.001079764;-0.0009694755;69.9740000
2759.0000629425;69.9761250;69.9767084;-0.001065001;-0.00107494;69.9730000
2760.00022888184;69.9751250;69.9756355;-0.001056879;-0.001073337;69.9730000
2761.00015640259;69.9741346;69.9745627;-0.001117034;-0.001078918;69.9720000
2762.00008392334;69.9730620;69.9735494;-0.0006301512;-0.001018076;69.9710000
2763.00024986267;69.9730425;69.9729533;-0.000255361;-0.0007120778;69.9690000
2764.00017738342;69.9721263;69.9725361;-0.001065841;-0.0005537709;69.9680000
2765.00010490417;69.9711880;69.9718804;-0.001501299;-0.0006555675;69.9670000
2766.00003242493;69.9692075;69.9703903;-0.001866485;-0.00119748;69.9660000
2767.00019836426;69.9681141;69.9684830;-0.0009515836;-0.00160265;69.9650000
2768.00012588501;69.9671250;69.9671717;-0.001005203;-0.001406013;69.9640000
2769.00005340576;69.9661250;69.9662180;-0.001010362;-0.001102612;69.9630000
2770.00021934509;69.9651250;69.9653239;-0.001022161;-0.0009666303;69.9620000
2771.00014686584;69.9641250;69.9643703;-0.001027331;-0.0009697973;69.9600000
2772.0000743866;69.9631154;69.9635954;-0.0009841444;-0.0008602376;69.9590000
2773.00024032593;69.9621880;69.9627013;-0.001481344;-0.0008754326;69.9580000
2774.00016784668;69.9602075;69.9610920;-0.001833249;-0.00136428;69.9570000
2775.00009536743;69.9591141;69.9594231;-0.0009449096;-0.001524612;69.9550000
2776.00002288818;69.9581154;69.9581118;-0.000930664;-0.001353982;69.9540000
2777.00018882751;69.9571880;69.9571581;-0.001420822;-0.001119263;69.9520000
2778.00011634827;69.9551979;69.9557872;-0.001731023;-0.001312815;69.9510000
2779.00004386902;69.9541771;69.9541779;-0.001334635;-0.001485403;69.9500000
2780.00020980835;69.9522075;69.9525685;-0.001774922;-0.001576897;69.9480000
2781.0001373291;69.9511045;69.9509592;-0.0008249568;-0.001560803;69.9470000
2782.00006484985;69.9501880;69.9500055;-0.00140382;-0.001152667;69.9450000
2783.00023078918;69.9481979;69.9486346;-0.00171402;-0.001308978;69.9440000
2784.00015830994;69.9471771;69.9472041;-0.001337644;-0.001388174;69.9420000
2785.00008583069;69.9451979;69.9457140;-0.001722867;-0.001487544;69.9400000
2786.00001335144;69.9441675;69.9442239;-0.001271583;-0.001473341;69.9390000
2787.00017929077;69.9422705;69.9426742;-0.002203833;-0.001542028;69.9370000
2788.00010681152;69.9401870;69.9407072;-0.001633806;-0.001798073;69.9350000
2789.00003433228;69.9391675;69.9390383;-0.001250904;-0.00167668;69.9340000
2790.00020027161;69.9372705;69.9375482;-0.002189795;-0.001587331;69.9320000
2791.00012779236;69.9351870;69.9355812;-0.001619767;-0.001819864;69.9300000
2792.00005531311;69.9341675;69.9341507;-0.001263428;-0.001544587;69.9280000
2793.00022125244;69.9322609;69.9326606;-0.002134052;-0.001527982;69.9270000
2794.00014877319;69.9302596;69.9308725;-0.002137624;-0.001712994;69.9250000
2795.00007629395;69.9281870;69.9287863;-0.001642619;-0.001941009;69.9230000
2796.00024223328;69.9271675;69.9272366;-0.001272998;-0.001656948;69.9210000
2797.00016975403;69.9252609;69.9258061;-0.002150263;-0.001532298;69.9190000
2798.00009727478;69.9232500;69.9239583;-0.002078917;-0.001734298;69.9170000
2799.00002479553;69.9212500;69.9218125;-0.002062672;-0.001979861;69.9150000
2800.00019073486;69.9192500;69.9197264;-0.002053079;-0.002041298;69.9130000
2801.00011825562;69.9172500;69.9176402;-0.002043475;-0.002068867;69.9110000
2802.00004577637;69.9152500;69.9156733;-0.002047163;-0.001990873;69.9090000
2803.0002117157;69.9132500;69.9135871;-0.002037559;-0.002008333;69.9070000
2804.00013923645;69.9112500;69.9115605;-0.002034595;-0.002014091;69.9040000
2805.0000667572;69.9092404;69.9095936;-0.001970017;-0.001975426;69.9020000
2806.00023269653;69.9073130;69.9076862;-0.002465734;-0.001939815;69.9000000
2807.00016021729;69.9043325;69.9052425;-0.002836091;-0.002299377;69.8980000
2808.00008773804;69.9022391;69.9025006;-0.001939617;-0.002542103;69.8950000
2809.00001525879;69.9002404;69.9002953;-0.001936781;-0.00230746;69.8930000
2810.00018119812;69.8983130;69.8983879;-0.002432499;-0.002069209;69.8910000
2811.00010871887;69.8953325;69.8959441;-0.002802843;-0.002340587;69.8880000
2812.00003623962;69.8932295;69.8933215;-0.001851396;-0.002494785;69.8860000
2813.00020217896;69.8913130;69.8911758;-0.002408867;-0.002272907;69.8830000
2814.00012969971;69.8883229;69.8887916;-0.002717586;-0.002374227;69.8780000
2815.00005722046;69.8862733;69.8863478;-0.002134928;-0.002378385;69.8780000
2816.00022315979;69.8835408;69.8838444;-0.004179659;-0.002495799;69.8760000
2817.00015068054;69.8783605;69.8794336;-0.003385838;-0.003746287;69.8730000
2818.00007820129;69.8780427;69.8762150;1.092971E-05;-0.003235769;69.8700000
2819.00024414063;69.8763252;69.8752017;-0.002408676;-0.001866353;69.8680000
2820.00017166138;69.8733955;69.8735924;-0.003180792;-0.001750394;69.8650000
2821.00009918213;69.8703120;69.8707910;-0.002629215;-0.002413696;69.8620000
2822.00002670288;69.8682925;69.8682280;-0.002258113;-0.002483588;69.8590000
2823.00019264221;69.8653859;69.8657842;-0.003133896;-0.002480552;69.8560000
2824.00012016296;69.8623750;69.8628636;-0.003054438;-0.002772626;69.8540000
2825.00004768372;69.8593846;69.8597641;-0.003111619;-0.002975346;69.8510000
2826.00021362305;69.8563120;69.8564859;-0.002595222;-0.003154858;69.8480000
2827.0001411438;69.8542925;69.8538633;-0.002217479;-0.002794037;69.8450000
2828.00006866455;69.8513859;69.8514195;-0.003093262;-0.00260154;69.8420000
2829.00023460388;69.8483750;69.8486776;-0.003033715;-0.002704873;69.8390000
2830.00016212463;69.8453750;69.8456378;-0.00302928;-0.002925266;69.8360000
2831.00008964539;69.8423750;69.8425384;-0.003018206;-0.003037644;69.8320000
2832.00001716614;69.8393654;69.8395581;-0.002952134;-0.002987368;69.8290000
2833.00018310547;69.8364380;69.8364587;-0.00342646;-0.003051552;69.8260000
2834.00011062622;69.8324575;69.8328228;-0.003775401;-0.003463603;69.8230000
2835.00003814697;69.8293641;69.8288889;-0.002857536;-0.003731643;69.8190000
2836.0002040863;69.8263654;69.8256703;-0.002853218;-0.003403387;69.8160000
2837.00013160706;69.8234380;69.8228092;-0.003354094;-0.003055629;69.8130000
2838.00005912781;69.8194575;69.8195310;-0.003742889;-0.003222649;69.8090000
2839.00022506714;69.8163545;69.8159547;-0.002796601;-0.003397821;69.8060000
2840.00015258789;69.8134380;69.8129149;-0.003365871;-0.003166446;69.8020000
2841.00008010864;69.8094479;69.8095174;-0.003673108;-0.00334018;69.7990000
2842.00024604797;69.8064271;69.8060007;-0.003287127;-0.003413383;69.7950000
2843.00017356873;69.8024479;69.8023052;-0.003649465;-0.003611566;69.7920000
2844.00010108948;69.7994271;69.7986097;-0.003243563;-0.003639655;69.7880000
2845.00002861023;69.7954479;69.7949739;-0.003612553;-0.003666599;69.7840000
2846.00019454956;69.7924175;69.7915168;-0.003164946;-0.0035308;69.7810000
2847.00012207031;69.7885205;69.7881789;-0.004120794;-0.003450761;69.7770000
2848.00004959106;69.7844370;69.7843046;-0.003561095;-0.003732316;69.7730000
2849.0002155304;69.7814175;69.7808476;-0.003201802;-0.003531553;69.7690000
2850.00014305115;69.7775109;69.7775097;-0.004089518;-0.003443114;69.7650000
2851.0000705719;69.7735000;69.7736354;-0.004015086;-0.003731466;69.7610000
2852.00023651123;69.7695000;69.7694631;-0.003995888;-0.00400087;69.7530000
2853.00016403198;69.7654615;69.7652908;-0.003703637;-0.004092152;69.7530000
2854.00009155273;69.7617905;69.7613568;-0.005925636;-0.004023945;69.7490000
2855.00001907349;69.7535779;69.7546215;-0.005358462;-0.005788353;69.7450000
2856.00018501282;69.7531265;69.7499128;-0.0003450627;-0.004843122;69.7410000
2857.00011253357;69.7495436;69.7478862;-0.00417341;-0.003123119;69.7370000
2858.00004005432;69.7455000;69.7449656;-0.003940458;-0.003025969;69.7330000
2859.00020599365;69.7415000;69.7415681;-0.004007587;-0.003268889;69.7280000
2860.0001335144;69.7374904;69.7378726;-0.003973247;-0.003530727;69.7240000
2861.00006103516;69.7335630;69.7341771;-0.004492575;-0.003627867;69.7200000
2862.00022697449;69.7285825;69.7296472;-0.004853326;-0.004223394;69.7150000
2863.00015449524;69.7244795;69.7247000;-0.003865713;-0.004637636;69.7110000
2864.00008201599;69.7205630;69.7202892;-0.004393647;-0.004471185;69.7020000
2865.00024795532;69.7155344;69.7156997;-0.004406438;-0.004557441;69.7020000
2866.00017547607;69.7118427;69.7112293;-0.00624025;-0.004524404;69.6970000
2867.00010299683;69.7026508;69.7038980;-0.006046512;-0.006389176;69.6930000
2868.00003051758;69.7021786;69.6986528;-0.000644924;-0.005405568;69.6880000
2869.00019645691;69.6976165;69.6963282;-0.004879898;-0.003594746;69.6830000
2870.00012397766;69.6935425;69.6929903;-0.004203775;-0.003447158;69.6780000
2871.00005149841;69.6886359;69.6889372;-0.005123088;-0.003866361;69.6740000
2872.00021743774;69.6836346;69.6841688;-0.005128855;-0.004450274;69.6690000
2873.0001449585;69.6785620;69.6790428;-0.004629416;-0.004867405;69.6640000
2874.00007247925;69.6745425;69.6743341;-0.00424208;-0.004732975;69.6590000
2875.00023841858;69.6696359;69.6696253;-0.005088337;-0.004752026;69.6540000
2876.00016593933;69.6646250;69.6644993;-0.004985995;-0.005008004;69.6490000
2877.00009346008;69.6596250;69.6593137;-0.004965316;-0.005101319;69.6440000
2878.00002098083;69.6546250;69.6542473;-0.004957918;-0.005039622;69.6390000
2879.00018692017;69.6496250;69.6493001;-0.0049638;-0.004984367;69.6340000
2880.00011444092;69.6446250;69.6442933;-0.004963043;-0.005024495;69.6280000
2881.00004196167;69.6396154;69.6394057;-0.0049073;-0.004961315;69.6230000
2882.000207901;69.6346880;69.6345778;-0.005411875;-0.004872093;69.6180000
2883.00013542175;69.6287075;69.6289749;-0.005764493;-0.005369688;69.6070000
2884.0000629425;69.6235564;69.6233721;-0.004473932;-0.005496426;69.6070000
2885.00022888184;69.6190512;69.6182461;-0.007801899;-0.005337646;69.6020000
2886.00015640259;69.6078048;69.6091862;-0.007441346;-0.007826722;69.5960000
2887.00008392334;69.6071376;69.6026297;-0.0002177933;-0.006696532;69.5900000
2888.00024986267;69.6027329;69.6003051;-0.00553191;-0.004053438;69.5850000
2889.00017738342;69.5967705;69.5963116;-0.006107724;-0.004087882;69.5790000
2890.00010490417;69.5906870;69.5908280;-0.005591556;-0.004982171;69.5730000
2891.00003242493;69.5856675;69.5855231;-0.005249211;-0.005164221;69.5680000
2892.00019836426;69.5797705;69.5802779;-0.006215387;-0.005240499;69.5620000
2893.00012588501;69.5736870;69.5743771;-0.005652735;-0.005682077;69.5560000
2894.00005340576;69.5686675;69.5687742;-0.005277188;-0.005612645;69.5500000
2895.00021934509;69.5627609;69.5630522;-0.006121974;-0.005706239;69.5440000
2896.00014686584;69.5567500;69.5570917;-0.006038071;-0.005871481;69.5380000
2897.0000743866;69.5507500;69.5511313;-0.006042483;-0.005927352;69.5320000
2898.00024032593;69.5447500;69.5453496;-0.006066806;-0.005839302;69.5260000
2899.00016784668;69.5387500;69.5395084;-0.006084498;-0.005861161;69.5200000
2900.00009536743;69.5327500;69.5334883;-0.006082259;-0.005964628;69.5140000
2901.00002288818;69.5267500;69.5275278;-0.00608666;-0.005970671;69.5010000
2902.00018882751;69.5206827;69.5216866;-0.0056265;-0.005872235;69.5010000
2903.00011634827;69.5152488;69.5159645;-0.009464832;-0.005859087;69.4950000
2904.00004386902;69.5019493;69.5050569;-0.008944223;-0.00919068;69.4890000
2905.00020980835;69.5011788;69.4971295;-0.0005140048;-0.007974274;69.4820000
2906.0001373291;69.4958058;69.4938512;-0.006249996;-0.005141277;69.4760000
2907.00006484985;69.4898130;69.4893808;-0.006375999;-0.004802258;69.4690000
2908.00023078918;69.4828229;69.4833608;-0.006725295;-0.005621226;69.4560000
2909.00015830994;69.4767348;69.4769235;-0.005870308;-0.006096193;69.4560000
2910.00008583069;69.4703313;69.4706054;-0.01015033;-0.006334207;69.4490000
2911.00025177002;69.4569288;69.4593401;-0.008707789;-0.009560302;69.4420000
2912.00017929077;69.4562322;69.4514723;-0.0007896511;-0.008074111;69.4360000
2913.00010681152;69.4499609;69.4477172;-0.007445975;-0.005539586;69.4290000
2914.00003433228;69.4428120;69.4420548;-0.006491481;-0.00567016;69.4220000
2915.00020027161;69.4367925;69.4360943;-0.006187508;-0.005833587;69.4150000
2916.00012779236;69.4298859;69.4302530;-0.00713042;-0.005884264;69.4080000
2917.00005531311;69.4228750;69.4238753;-0.007111451;-0.006221783;69.4010000
2918.00022125244;69.4158750;69.4171400;-0.007140943;-0.006559016;69.3940000
2919.00014877319;69.4088750;69.4097490;-0.007097379;-0.007098488;69.3870000
2920.00007629395;69.4018750;69.4023581;-0.007053826;-0.007298125;69.3790000
2921.00024223328;69.3948654;69.3952651;-0.006975197;-0.007151153;69.3650000
2922.00016975403;69.3878707;69.3885298;-0.007012237;-0.006890125;69.3650000
2923.00009727478;69.3804659;69.3814964;-0.01130394;-0.007112069;69.3570000
2924.00002479553;69.3659908;69.3689795;-0.009347967;-0.01062744;69.3500000
2925.00019073486;69.3652843;69.3606944;-0.001143226;-0.008693711;69.3420000
2926.00011825562;69.3580241;69.3569393;-0.008171125;-0.00576012;69.3350000
2927.00004577637;69.3509271;69.3512173;-0.007366968;-0.005776451;69.3270000
2928.0002117157;69.3429479;69.3441839;-0.007803076;-0.00661512;69.3200000
2929.00013923645;69.3359271;69.3367334;-0.007424471;-0.007112579;69.3040000
2930.0000667572;69.3278710;69.3293424;-0.007274617;-0.007278928;69.3040000
2931.00023269653;69.3214986;69.3219514;-0.01126367;-0.00742188;69.2890000
2932.00016021729;69.3050994;69.3086000;-0.01047857;-0.01133073;69.2890000
2933.00008773804;69.3047710;69.2991228;-0.004300705;-0.00972376;69.2810000
2934.00025367737;69.2901604;69.2902417;-0.01047488;-0.009487105;69.2730000
2935.00018119812;69.2892638;69.2838044;-0.0008874955;-0.007161509;69.2650000
2936.00010871887;69.2820872;69.2810030;-0.008595347;-0.004621627;69.2570000
2937.00003623962;69.2740000;69.2750425;-0.008116152;-0.005537045;69.2480000
2938.00020217896;69.2659904;69.2675324;-0.008102469;-0.00677736;69.2400000
2939.00012969971;69.2580630;69.2594261;-0.008576026;-0.007602376;69.2320000
2940.00005722046;69.2490825;69.2506642;-0.00891093;-0.008360066;69.2240000
2941.00022315979;69.2409891;69.2414255;-0.007959103;-0.008893463;69.2150000
2942.00015068054;69.2329904;69.2327829;-0.007907544;-0.00870981;69.2070000
2943.00007820129;69.2250630;69.2245574;-0.00836782;-0.008407699;69.1980000
2944.00024414063;69.2160729;69.2162724;-0.008687592;-0.008328898;69.1900000
2945.00017166138;69.2080521;69.2080469;-0.008334635;-0.008224723;69.1810000
2946.00009918213;69.1990729;69.1998811;-0.008755412;-0.008239784;69.1730000
2947.00002670288;69.1910521;69.1916556;-0.008401875;-0.008214632;69.1640000
2948.00019264221;69.1820729;69.1830130;-0.008770108;-0.008519959;69.1550000
2949.00012016296;69.1740425;69.1744299;-0.008308462;-0.0085466;69.1460000
2950.00004768372;69.1651359;69.1657276;-0.009155444;-0.00866074;69.1380000
2951.00021362305;69.1561346;69.1564293;-0.00910217;-0.009066193;69.1290000
2952.0001411438;69.1470620;69.1470714;-0.008575846;-0.009253595;69.1200000
2953.00006866455;69.1390425;69.1382499;-0.008176989;-0.008973247;69.1110000
2954.00023460388;69.1301359;69.1297860;-0.009050533;-0.008689936;69.1010000
2955.00016212463;69.1211154;69.1208453;-0.00890057;-0.008857036;69.0920000
2956.00008964539;69.1121880;69.1119642;-0.009399218;-0.00888269;69.0740000
2957.00025558472;69.1021210;69.1024275;-0.009144827;-0.009309533;69.0740000
2958.00018310547;69.0937678;69.0928311;-0.01324752;-0.009557854;69.0650000
2959.00011062622;69.0753002;69.0772147;-0.01200823;-0.01354609;69.0550000
2960.00003814697;69.0742749;69.0668435;-0.000684707;-0.01097943;69.0460000
2961.0002040863;69.0662861;69.0629096;-0.009853616;-0.006757627;69.0360000
2962.00013160706;69.0561979;69.0559359;-0.009636173;-0.007032496;69.0270000
2963.00005912781;69.0471771;69.0473528;-0.009354211;-0.008014214;69.0170000
2964.00022506714;69.0371979;69.0379353;-0.009747524;-0.008903316;69.0070000
2965.00015258789;69.0281675;69.0285177;-0.009304318;-0.009189181;68.9980000
2966.00008010864;69.0182705;69.0190406;-0.01024466;-0.009414773;68.9880000
2967.00024604797;69.0081870;69.0086694;-0.009629594;-0.01004691;68.9780000
2968.00017356873;68.9991675;68.9984174;-0.009181725;-0.01014891;68.9680000
2969.00010108948;68.9892609;68.9883442;-0.009987382;-0.01012222;68.9580000
2970.00002861023;68.9792500;68.9783306;-0.009897563;-0.01003276;68.9480000
2971.00019454956;68.9692500;68.9684959;-0.00991598;-0.009894831;68.9380000
2972.00012207031;68.9592500;68.9586611;-0.009934386;-0.009851497;68.9280000
2973.00004959106;68.9492500;68.9486475;-0.009932871;-0.009932075;68.9180000
2974.0002155304;68.9392500;68.9384551;-0.009911434;-0.0100762;68.9070000
2975.00014305115;68.9292404;68.9283223;-0.009828371;-0.01007682;68.8970000
2976.0000705719;68.9193130;68.9184280;-0.01032555;-0.009944709;68.8870000
2977.00023651123;68.9083325;68.9078779;-0.01068405;-0.01034649;68.8760000
2978.00016403198;68.8982295;68.8972683;-0.009734051;-0.01047775;68.8660000
2979.00009155273;68.8883130;68.8871355;-0.01029296;-0.01025911;68.8550000
2980.00025749207;68.8773229;68.8768239;-0.01060977;-0.01031917;68.8450000
2981.00018501282;68.8673021;68.8664527;-0.01024;-0.01032854;68.8230000
2982.00011253357;68.8562171;68.8560815;-0.00988756;-0.01038058;68.8230000
2983.00004005432;68.8470915;68.8458295;-0.01555308;-0.01040646;68.8120000
2984.00020599365;68.8246001;68.8277693;-0.01485864;-0.0154817;68.8020000
2985.0001335144;68.8233574;68.8149543;-0.001066677;-0.01312591;68.7910000
2986.00006103516;68.8134318;68.8095303;-0.01112585;-0.008508638;68.7800000
2987.00022697449;68.8032925;68.8017817;-0.01009697;-0.008113067;68.7690000
2988.00015449524;68.7923859;68.7921257;-0.01106053;-0.009141012;68.7580000
2989.00008201599;68.7813750;68.7812181;-0.01098252;-0.01025515;68.7460000
2990.00024795532;68.7703654;68.7701316;-0.01090461;-0.01076746;68.7350000
2991.00017547607;68.7594380;68.7593432;-0.01141359;-0.01077909;68.7240000
2992.00010299683;68.7474575;68.7477203;-0.01176398;-0.01132899;68.7130000
2993.00003051758;68.7363641;68.7355609;-0.01082099;-0.01184103;68.7010000
2994.00019645691;68.7253654;68.7238784;-0.01076499;-0.01169951;68.6900000
2995.00012397766;68.7144380;68.7128515;-0.01124739;-0.01123958;68.6780000
2996.00005149841;68.7024479;68.7018247;-0.01159593;-0.01110072;68.6670000
2997.00021743774;68.6914271;68.6908574;-0.01127116;-0.01099698;68.6550000
2998.0001449585;68.6794479;68.6796518;-0.01168808;-0.01115427;68.6430000
2999.00007247925;68.6684175;68.6682077;-0.01124192;-0.01130726;68.6310000
3000.00023841858;68.6565109;68.6567040;-0.01211103;-0.01145379;68.6200000
3001.00016593933;68.6445096;68.6446638;-0.01208652;-0.01181797;68.6080000
3002.00009346008;68.6324370;68.6323257;-0.01156345;-0.01211044;68.5960000
3003.00025939941;68.6214175;68.6204643;-0.01115909;-0.01192006;68.5840000
3004.00018692017;68.6095109;68.6089010;-0.01202156;-0.01172377;68.5720000
3005.00011444092;68.5975000;68.5969801;-0.01194207;-0.01185102;68.5590000
3006.00004196167;68.5854904;68.5850592;-0.01188262;-0.01189104;68.5470000
3007.000207901;68.5735630;68.5733171;-0.01239675;-0.01179845;68.5350000
3008.00013542175;68.5605825;68.5609789;-0.01277887;-0.01218649;68.5230000
3009.0000629425;68.5484891;68.5484619;-0.01190745;-0.01237879;68.5100000
3010.00022888184;68.5364904;68.5363622;-0.01191638;-0.01218004;68.4980000
3011.00015640259;68.5245630;68.5245605;-0.01242415;-0.0119465;68.4850000
3012.00008392334;68.5115729;68.5121031;-0.01272444;-0.01228762;68.4730000
3013.00024986267;68.4995521;68.4997053;-0.0123517;-0.01232061;68.4600000
3014.00017738342;68.4865729;68.4871287;-0.01272729;-0.01250175;68.4470000
3015.00010490417;68.4745425;68.4746714;-0.01227966;-0.01245735;68.4340000
3016.00003242493;68.4616359;68.4620352;-0.01313401;-0.01259332;68.4220000
3017.00019836426;68.4486346;68.4488030;-0.0130881;-0.0129955;68.4090000
3018.00012588501;68.4355620;68.4353323;-0.01255025;-0.01328575;68.3960000
3019.00005340576;68.4235425;68.4228749;-0.01219092;-0.01272916;68.3830000
3020.00021934509;68.4106359;68.4105964;-0.01308512;-0.01248247;68.3700000
3021.00014686584;68.3976250;68.3977814;-0.01301743;-0.01270878;68.3560000
3022.0000743866;68.3846154;68.3847876;-0.01294985;-0.01287505;68.3430000
3023.00024032593;68.3716880;68.3719130;-0.01344922;-0.0128396;68.3300000
3024.00016784668;68.3577075;68.3583827;-0.01380993;-0.01328926;68.3170000
3025.00009536743;68.3446141;68.3447929;-0.0129304;-0.01346766;68.3030000
3026.00026130676;68.3316154;68.3318586;-0.01295776;-0.01313677;68.2900000
3027.00018882751;68.3186880;68.3190436;-0.01346377;-0.01293862;68.2760000
3028.00011634827;68.3046979;68.3053942;-0.01374294;-0.01343078;68.2630000
3029.00004386902;68.2916771;68.2917447;-0.01334217;-0.0135446;68.2490000
3030.00020980835;68.2776979;68.2779760;-0.01369635;-0.01369848;68.2210000
3031.0001373291;68.2645329;68.2645054;-0.01229153;-0.01351246;68.2070000
3032.00006484985;68.2516432;68.2515116;-0.02001301;-0.0133397;68.2070000
3033.00023078918;68.2240394;68.2282658;-0.0257274;-0.0200311;68.1940000
3034.00015830994;68.2077248;68.2023974;-0.006284364;-0.02309751;68.1800000
3035.00008583069;68.2075321;68.1940527;-0.001788197;-0.0132213;68.1510000
3036.00025177002;68.1956758;68.1925626;-0.01313165;-0.006249639;68.1510000
3037.00017929077;68.1828408;68.1850524;-0.02166894;-0.007464946;68.1370000
3038.00010681152;68.1531051;68.1617470;-0.02004521;-0.01778573;68.1230000
3039.00003433228;68.1514317;68.1436272;-0.001501861;-0.01699187;68.1090000
3040.00020027161;68.1389025;68.1359978;-0.01492962;-0.01134583;68.0940000
3041.00012779236;68.1247404;68.1255074;-0.01401612;-0.01097814;68.0800000
3042.00005531311;68.1108130;68.1124540;-0.01460699;-0.01235976;68.0650000
3043.00022125244;68.0958229;68.0967779;-0.01477177;-0.01446403;68.0510000
3044.00014877319;68.0818021;68.0805655;-0.01419686;-0.0154993;68.0360000
3045.00007629395;68.0668229;68.0652471;-0.01448979;-0.01538036;68.0210000
3046.00024223328;68.0527925;68.0510612;-0.0140724;-0.01459561;68.0070000
3047.00016975403;68.0378955;68.0372329;-0.01508503;-0.0141649;67.9920000
3048.00009727478;68.0228120;68.0225701;-0.01454889;-0.01449999;67.9770000
3049.00026321411;68.0087925;68.0080266;-0.01417996;-0.01448453;67.9620000
3050.00019073486;67.9938859;67.9935427;-0.01505128;-0.01450708;67.9470000
3051.00011825562;67.9788750;67.9787607;-0.01498726;-0.01466171;67.9320000
3052.00004577637;67.9638750;67.9638000;-0.01499164;-0.01484927;67.9160000
3053.0002117157;67.9488654;67.9485412;-0.01489454;-0.01510331;67.9010000
3054.00013923645;67.9339380;67.9332228;-0.01534447;-0.01525221;67.8860000
3055.0000667572;67.9179575;67.9171891;-0.01564909;-0.01578633;67.8710000
3056.00023269653;67.9028641;67.9013939;-0.01474667;-0.0157434;67.8550000
3057.00016021729;67.8878654;67.8864927;-0.01477772;-0.01518948;67.8400000
3058.00008773804;67.8729380;67.8720088;-0.01532062;-0.01476477;67.8240000
3059.00025367737;67.8569479;67.8568096;-0.01564995;-0.01508852;67.8080000
3060.00018119812;67.8419175;67.8411932;-0.0151846;-0.0153775;67.7930000
3061.00010871887;67.8260205;67.8254576;-0.01609614;-0.01563448;67.7770000
3062.00003623962;67.8099370;67.8093047;-0.0155054;-0.01595986;67.7610000
3063.00020217896;67.7949175;67.7938075;-0.01514163;-0.01564853;67.7450000
3064.00012969971;67.7790109;67.7783103;-0.01601146;-0.01558727;67.7290000
3065.00005722046;67.7630000;67.7622171;-0.01591277;-0.0159078;67.7130000
3066.00022315979;67.7470000;67.7459450;-0.01588245;-0.01610776;67.6970000
3067.00015068054;67.7310000;67.7296729;-0.01585214;-0.01618797;67.6810000
3068.00007820129;67.7150000;67.7138181;-0.01586831;-0.01595742;67.6650000
3069.00024414063;67.6990000;67.6981421;-0.01590441;-0.0157452;67.6480000
3070.00017166138;67.6829904;67.6825256;-0.01587888;-0.01565714;67.6320000
3071.00009918213;67.6670630;67.6667304;-0.0163871;-0.01574678;67.5990000
3072.00002670288;67.6499191;67.6502795;-0.01559614;-0.01620171;67.5990000
3073.00019264221;67.6352142;67.6337094;-0.02406281;-0.01657694;67.5820000
3074.00012016296;67.6013844;67.6057549;-0.02212106;-0.02408163;67.5660000
3075.00004768372;67.5995580;67.5866814;-0.001712454;-0.01986839;67.5490000
3076.00021362305;67.5842472;67.5788732;-0.0174989;-0.0126679;67.5320000
3077.0001411438;67.5680425;67.5670715;-0.01615711;-0.01230961;67.5150000
3078.00006866455;67.5511359;67.5522299;-0.01721141;-0.01399024;67.4990000
3079.00023460388;67.5341346;67.5350042;-0.01716622;-0.01603008;67.4820000
3080.00016212463;67.5170620;67.5173612;-0.01660918;-0.01702642;67.4640000
3081.00008964539;67.5010329;67.5007315;-0.01616238;-0.01670918;67.4300000
3082.00025558472;67.4840355;67.4849363;-0.01643533;-0.01614153;67.4130000
3083.00018310547;67.4672788;67.4686642;-0.02509967;-0.01645079;67.4130000
3084.00011062622;67.4336798;67.4396963;-0.03124944;-0.02487137;67.3780000
3085.00003814697;67.4136954;67.4081059;-0.006396762;-0.0282986;67.3780000
3086.0002040863;67.4150204;67.3986883;-0.01150389;-0.01591967;67.3610000
3087.00013160706;67.3807237;67.3839660;-0.02489705;-0.01611374;67.3430000
3088.00005912781;67.3785170;67.3704357;-0.00192903;-0.01361068;67.3260000
3089.00022506714;67.3633732;67.3644157;-0.01906212;-0.009337538;67.2900000
3090.00015258789;67.3450248;67.3507662;-0.01705701;-0.01223405;67.2900000
3091.00008010864;67.3294749;67.3336597;-0.02661437;-0.01545824;67.2720000
3092.00024604797;67.2926114;67.3021288;-0.02473977;-0.02586639;67.2550000
3093.00017356873;67.2905787;67.2806711;-0.002129519;-0.02188662;67.2370000
3094.00010108948;67.2743831;67.2720285;-0.01892483;-0.01397162;67.2190000
3095.00002861023;67.2571675;67.2586174;-0.01742684;-0.01382979;67.2010000
3096.00019454956;67.2392609;67.2415109;-0.01834021;-0.01599085;67.1820000
3097.00012207031;67.2212404;67.2218413;-0.01799761;-0.01830169;67.1640000
3098.00004959106;67.2033130;67.2025890;-0.01834349;-0.01885143;67.1460000
3099.0002155304;67.1843325;67.1839328;-0.01869017;-0.01868644;67.1280000
3100.00014305115;67.1662391;67.1665878;-0.01794933;-0.01780772;67.1090000
3101.0000705719;67.1482404;67.1498985;-0.0181154;-0.0171289;67.0910000
3102.00023651123;67.1303130;67.1326132;-0.01868044;-0.01729389;67.0720000
3103.00016403198;67.1113229;67.1135993;-0.01891899;-0.01843947;67.0350000
3104.00009155273;67.0931195;67.0939894;-0.01711417;-0.0191137;67.0350000
3105.00025749207;67.0757029;67.0746179;-0.02792078;-0.01947528;67.0160000
3106.00018501282;67.0376624;67.0424910;-0.02470368;-0.02773822;66.9970000
3107.00011253357;67.0356116;67.0215101;-0.001858208;-0.02227168;66.9780000
3108.00004005432;67.0185820;67.0138211;-0.0201704;-0.01352984;66.9600000
3109.00020599365;66.9993846;67.0010061;-0.01925;-0.01329748;66.9400000
3110.0001335144;66.9803024;66.9839592;-0.01891394;-0.01569799;66.9210000
3111.00006103516;66.9623555;66.9647069;-0.01895144;-0.01790922;66.8830000
3112.00022697449;66.9422857;66.9442625;-0.01872708;-0.01948054;66.8830000
3113.00015449524;66.9247441;66.9236989;-0.02817032;-0.02030215;66.8640000
3114.00008201599;66.8857449;66.8908568;-0.02546995;-0.02854906;66.8440000
3115.00024795532;66.8835911;66.8694587;-0.00169591;-0.02287993;66.8250000
3116.00017547607;66.8666450;66.8615909;-0.02056188;-0.0138941;66.8050000
3117.00010299683;66.8464479;66.8478818;-0.01982512;-0.01402538;66.7860000
3118.00003051758;66.8274271;66.8298216;-0.01960142;-0.01661886;66.7660000
3119.00019645691;66.8074479;66.8090792;-0.01984712;-0.01921142;66.7460000
3120.00012397766;66.7884175;66.7878599;-0.01920317;-0.02038874;66.7270000
3121.00005149841;66.7685205;66.7673559;-0.0200291;-0.020448;66.7070000
3122.00021743774;66.7484370;66.7476268;-0.01948557;-0.01998;66.6870000
3123.0001449585;66.7294175;66.7289705;-0.0192155;-0.01911686;66.6670000
3124.00007247925;66.7095109;66.7102547;-0.02017239;-0.01894264;66.6470000
3125.00023841858;66.6895000;66.6904659;-0.02010762;-0.01950949;66.6270000
3126.00016593933;66.6695000;66.6698427;-0.02003818;-0.02021735;66.6060000
3127.00009346008;66.6494904;66.6488023;-0.019854;-0.02070166;66.5860000
3128.00025939941;66.6295630;66.6281791;-0.02026996;-0.02062953;66.5660000
3129.00018692017;66.6085825;66.6076155;-0.02062696;-0.0206117;66.5450000
3130.00011444092;66.5884795;66.5873499;-0.01971529;-0.02034832;66.5250000
3131.00004196167;66.5685630;66.5679188;-0.02035238;-0.01977114;66.4840000
3132.000207901;66.5473806;66.5482493;-0.01937543;-0.01969089;66.4840000
3133.00013542175;66.5290048;66.5284605;-0.03014378;-0.0199844;66.4630000
3134.0000629425;66.4869623;66.4941282;-0.02767471;-0.02943678;66.4420000
3135.00022888184;66.4846748;66.4706440;-0.002217649;-0.02438714;66.4210000
3136.00015640259;66.4658538;66.4611073;-0.02235104;-0.01553865;66.4010000
3137.00008392334;66.4446346;66.4457293;-0.0211913;-0.01565002;66.3800000
3138.00024986267;66.4235620;66.4262385;-0.02087405;-0.01811007;66.3590000
3139.00017738342;66.4035425;66.4050789;-0.02043648;-0.0200138;66.3370000
3140.00010490417;66.3826263;66.3835616;-0.02112439;-0.02094899;66.3160000
3141.00003242493;66.3616880;66.3621040;-0.0214705;-0.02125745;66.2950000
3142.00019836426;66.3397075;66.3406463;-0.0218393;-0.02140395;66.2740000
3143.00012588501;66.3186141;66.3193674;-0.02099441;-0.02130732;66.2520000
3144.00005340576;66.2976154;66.2986250;-0.02104315;-0.02096358;66.2310000
3145.00021934509;66.2766880;66.2778230;-0.02155061;-0.02087023;66.2090000
3146.00014686584;66.2546979;66.2560077;-0.0218113;-0.02145595;66.1880000
3147.0000743866;66.2336771;66.2340732;-0.02137877;-0.02170057;66.1660000
3148.00024032593;66.2116979;66.2121387;-0.02171448;-0.02185806;66.1440000
3149.00016784668;66.1906675;66.1906214;-0.02126016;-0.02159945;66.1230000
3150.00009536743;66.1687705;66.1694021;-0.02222922;-0.02138384;66.1010000
3151.00026130676;66.1466870;66.1476464;-0.02168274;-0.02162194;66.0790000
3152.00018882751;66.1256675;66.1261888;-0.02132338;-0.02149231;66.0570000
3153.00011634827;66.1037609;66.1047311;-0.02219761;-0.02148516;66.0350000
3154.00004386902;66.0817500;66.0825582;-0.02209005;-0.02191619;66.0120000
3155.00020980835;66.0597404;66.0602064;-0.02198258;-0.02218601;65.9900000
3156.0001373291;66.0378130;66.0377951;-0.02242216;-0.02231936;65.9680000
3157.00006484985;66.0148325;66.0147281;-0.02272307;-0.02279073;65.9460000
3158.00023078918;65.9927391;65.9917207;-0.02179701;-0.02289216;65.9230000
3159.00015830994;65.9707404;65.9696074;-0.02180443;-0.02238719;65.9010000
3160.00008583069;65.9488130;65.9478517;-0.02231705;-0.02199656;65.8780000
3161.00025177002;65.9258229;65.9254999;-0.02262937;-0.02225376;65.8330000
3162.00017929077;65.9035810;65.9032078;-0.02069833;-0.0222341;65.8330000
3163.00010681152;65.8824934;65.8810945;-0.03385976;-0.02244771;65.8100000
3164.00003433228;65.8362403;65.8427091;-0.03012861;-0.03289548;65.7870000
3165.00020027161;65.8337381;65.8171387;-0.002283022;-0.02690522;65.7640000
3166.00012779236;65.8131256;65.8065887;-0.02433059;-0.01713599;65.7410000
3167.00005531311;65.7898750;65.7899590;-0.02300936;-0.01706748;65.7180000
3168.00022125244;65.7668750;65.7689185;-0.02322768;-0.01963946;65.6950000
3169.00014877319;65.7438750;65.7448383;-0.02310733;-0.02244213;65.6720000
3170.00007629395;65.7208750;65.7197447;-0.02287406;-0.02406696;65.6480000
3171.00024223328;65.6978654;65.6953068;-0.02264559;-0.02425225;65.6250000
3172.00016975403;65.6749380;65.6724782;-0.02315009;-0.02333517;65.6020000
3173.00009727478;65.6509575;65.6498881;-0.02361555;-0.02290497;65.5780000
3174.00026321411;65.6278545;65.6272979;-0.02277913;-0.02270638;65.5550000
3175.00019073486;65.6049380;65.6047077;-0.02339849;-0.02265118;65.5310000
3176.00011825562;65.5809479;65.5808659;-0.02365623;-0.02342643;65.5070000
3177.00004577637;65.5579175;65.5568452;-0.02314582;-0.02375869;65.4840000
3178.0002117157;65.5340205;65.5327053;-0.02401232;-0.02400135;65.4600000
3179.00013923645;65.5099370;65.5085058;-0.02341638;-0.0241196;65.4360000
3180.0000667572;65.4869175;65.4852004;-0.02307398;-0.02358026;65.4120000
3181.00023269653;65.4630109;65.4623718;-0.02401831;-0.02314474;65.3880000
3182.00016021729;65.4390000;65.4390664;-0.0240074;-0.02325304;65.3640000
3183.00008773804;65.4150000;65.4154034;-0.02404494;-0.02352577;65.3400000
3184.00025367737;65.3910000;65.3915019;-0.02405592;-0.0237393;65.3150000
3185.00018119812;65.3669904;65.3675408;-0.02399199;-0.02386702;65.2670000
3186.00010871887;65.3428323;65.3438182;-0.02286994;-0.02376048;65.2670000
3187.00003623962;65.3198257;65.3199763;-0.03659523;-0.02410915;65.2420000
3188.00020217896;65.2704468;65.2784915;-0.03219059;-0.03547144;65.2180000
3189.00012969971;65.2678218;65.2515502;-0.002829962;-0.02858575;65.1930000
3190.00005722046;65.2453344;65.2410002;-0.0263309;-0.01787741;65.1680000
3191.00022315979;65.2210425;65.2234168;-0.02452984;-0.01793915;65.1430000
3192.00015068054;65.1961359;65.2005286;-0.02557894;-0.02116772;65.1190000
3193.00007820129;65.1711346;65.1735873;-0.02534261;-0.02484191;65.0940000
3194.00024414063;65.1460620;65.1455135;-0.02451473;-0.02679808;65.0690000
3195.00017166138;65.1220425;65.1192875;-0.02395834;-0.0263012;65.0440000
3196.00009918213;65.0971359;65.0954456;-0.02490119;-0.02474819;65.0190000
3197.00026512146;65.0721250;65.0722594;-0.02501497;-0.02380839;64.9940000
3198.00019264221;65.0471250;65.0485964;-0.02516394;-0.02374346;64.9430000
3199.00012016296;65.0218751;65.0240393;-0.02343839;-0.02423142;64.9430000
3200.00004768372;64.9990038;64.9990649;-0.0377682;-0.02500691;64.9180000
3201.00021362305;64.9466942;64.9551959;-0.03444561;-0.03735055;64.8920000
3202.0001411438;64.9437699;64.9259896;-0.002254635;-0.03059306;64.8670000
3203.00006866455;64.9214604;64.9147244;-0.0269116;-0.01902829;64.8410000
3204.00023460388;64.8951979;64.8964853;-0.0258088;-0.01882544;64.8150000
3205.00016212463;64.8701675;64.8732395;-0.02560757;-0.02164703;64.7900000
3206.00008964539;64.8442705;64.8462982;-0.02638477;-0.02502875;64.7640000
3207.00025558472;64.8181870;64.8177476;-0.02552689;-0.02717478;64.7380000
3208.00018310547;64.7931675;64.7906871;-0.02498894;-0.02699265;64.7120000
3209.00011062622;64.7672609;64.7656531;-0.02591038;-0.02577427;64.6860000
3210.00003814697;64.7412500;64.7407384;-0.025943;-0.02527251;64.6600000
3211.0002040863;64.7152500;64.7152872;-0.02600414;-0.02541439;64.6340000
3212.00013160706;64.6892500;64.6891804;-0.02599224;-0.02587434;64.6080000
3213.00005912781;64.6632500;64.6626563;-0.02593385;-0.02628353;64.5810000
3214.00022506714;64.6372404;64.6360130;-0.02579391;-0.02650833;64.5550000
3215.00015258789;64.6113130;64.6097870;-0.02625413;-0.02631247;64.5280000
3216.00008010864;64.5843229;64.5833821;-0.02656054;-0.02639476;64.5020000
3217.00024604797;64.5583021;64.5572753;-0.02622023;-0.02620836;64.4750000
3218.00017356873;64.5313229;64.5311089;-0.02664152;-0.02619437;64.4490000
3219.00010108948;64.5053021;64.5049424;-0.02629456;-0.02612658;64.4220000
3220.00026702881;64.4783229;64.4785376;-0.02668928;-0.02634182;64.3950000
3221.00019454956;64.4522925;64.4520731;-0.02624085;-0.02640703;64.3680000
3222.00012207031;64.4253859;64.4254894;-0.02710105;-0.02653498;64.3420000
3223.00004959106;64.3983846;64.3982501;-0.02705435;-0.0269569;64.3150000
3224.0002155304;64.3713120;64.3710704;-0.02654893;-0.02705945;64.2870000
3225.00014305115;64.3452829;64.3449636;-0.02616038;-0.02641239;64.2600000
3226.0000705719;64.3184489;64.3190951;-0.02758567;-0.02610782;64.2330000
3227.00023651123;64.2904575;64.2920346;-0.02791042;-0.02674603;64.2060000
3228.00016403198;64.2633641;64.2643185;-0.02701682;-0.02731964;64.1790000
3229.00009155273;64.2363750;64.2369599;-0.02706517;-0.02734899;64.1510000
3230.00025749207;64.2093654;64.2097802;-0.02697688;-0.02724984;64.1240000
3231.00018501282;64.1824380;64.1827197;-0.02745554;-0.02714417;64.0960000
3232.00011253357;64.1544479;64.1550036;-0.02772728;-0.02753583;64.0680000
3233.00004005432;64.1274175;64.1272278;-0.02724416;-0.0276501;64.0410000
3234.00020599365;64.0995205;64.0994520;-0.02815122;-0.02777576;64.0130000
3235.0001335144;64.0714370;64.0711994;-0.02754937;-0.0280742;63.9850000
3236.00006103516;64.0444175;64.0436025;-0.02717449;-0.02772999;63.9570000
3237.00022697449;64.0165109;64.0160055;-0.02803321;-0.027682;63.9290000
3238.00015449524;63.9885000;63.9878721;-0.02793004;-0.0279738;63.9010000
3239.00008201599;63.9605000;63.9597983;-0.02792182;-0.0280347;63.8730000
3240.00024795532;63.9325000;63.9317246;-0.02791361;-0.02804654;63.8450000
3241.00017547607;63.9045000;63.9035912;-0.02789874;-0.02809557;63.8170000
3242.00010299683;63.8765000;63.8754578;-0.02788388;-0.02811709;63.7880000
3243.00026893616;63.8484904;63.8474436;-0.02781403;-0.02806562;63.7600000
3244.00019645691;63.8205630;63.8194294;-0.02829785;-0.02803253;63.7320000
3245.00012397766;63.7915825;63.7907000;-0.02863638;-0.02850114;63.7030000
3246.00005149841;63.7634795;63.7618513;-0.02765973;-0.02868238;63.6740000
3247.00021743774;63.7355534;63.7337775;-0.02815695;-0.02831554;63.6460000
3248.0001449585;63.7066455;63.7053461;-0.02901408;-0.02846406;63.6170000
3249.00007247925;63.6775620;63.6761994;-0.02842403;-0.0288992;63.5880000
3250.00023841858;63.6495425;63.6477084;-0.02806094;-0.02861952;63.5590000
3251.00016593933;63.6206359;63.6192770;-0.02893811;-0.02854719;63.5310000
3252.00009346008;63.5916346;63.5904284;-0.02893494;-0.02875685;63.5010000
3253.00025939941;63.5625524;63.5612817;-0.02836493;-0.02898405;63.4720000
3254.00018692017;63.5346055;63.5329099;-0.02850053;-0.02857694;63.4430000
3255.00011444092;63.5047184;63.5041804;-0.02976427;-0.02873541;63.4140000
3256.00004196167;63.4756141;63.4748550;-0.0288259;-0.0290679;63.3850000
3257.000207901;63.4466250;63.4458871;-0.02891778;-0.02899531;63.3550000
3258.00013542175;63.4176154;63.4169788;-0.02885974;-0.0289296;63.3260000
3259.0000629425;63.3886880;63.3880706;-0.02935536;-0.0289246;63.2970000
3260.00022888184;63.3587075;63.3586855;-0.02973225;-0.02925191;63.2670000
3261.00015640259;63.3296045;63.3293600;-0.0288139;-0.02923756;63.2370000
3262.00008392334;63.3006784;63.3006306;-0.02934949;-0.02893459;63.2080000
3263.00024986267;63.2707705;63.2713647;-0.03022506;-0.02920494;63.1480000
3264.00017738342;63.2403986;63.2415028;-0.0276188;-0.02956249;63.1480000
3265.00010490417;63.2138465;63.2126541;-0.04393713;-0.02941556;63.1180000
3266.00027084351;63.1523450;63.1627650;-0.04056689;-0.04287974;63.0880000
3267.00019836426;63.1489485;63.1306381;-0.003233338;-0.03433895;63.0580000
3268.00012588501;63.1220768;63.1171675;-0.03213856;-0.02199504;63.0280000
3269.00005340576;63.0917500;63.0943389;-0.03028845;-0.02288546;62.9980000
3270.00021934509;63.0617500;63.0651326;-0.03037688;-0.0269484;62.9680000
3271.00014686584;63.0317500;63.0322905;-0.03006022;-0.03068169;62.9370000
3272.0000743866;63.0017404;62.9990311;-0.0296288;-0.03217118;62.9070000
3273.00024032593;62.9718130;62.9691692;-0.03012959;-0.03056658;62.8760000
3274.00016784668;62.9408229;62.9409166;-0.0306758;-0.02918315;62.8460000
3275.00009536743;62.9108021;62.9114123;-0.03040262;-0.02942887;62.8150000
3276.00026130676;62.8798229;62.8801794;-0.03070508;-0.03059195;62.7850000
3277.00018882751;62.8498021;62.8484697;-0.03018618;-0.03123059;62.7540000
3278.00011634827;62.8188229;62.8178926;-0.03056171;-0.03079168;62.7230000
3279.00004386902;62.7887925;62.7883883;-0.03022026;-0.02998248;62.6920000
3280.00020980835;62.7578859;62.7581687;-0.03112102;-0.0301908;62.6610000
3281.0001373291;62.7268750;62.7264590;-0.03095365;-0.03113919;62.6300000
3282.00006484985;62.6958750;62.6948686;-0.03088787;-0.03136759;62.5990000
3283.00023078918;62.6648750;62.6642914;-0.03093497;-0.03082328;62.5680000
3284.00015830994;62.6338750;62.6337738;-0.03098872;-0.03064989;62.5060000
3285.00008583069;62.6025770;62.6028986;-0.02888642;-0.03076373;62.5060000
3286.00025177002;62.5741266;62.5720234;-0.04606384;-0.03117718;62.4740000
3287.00017929077;62.5104690;62.5197501;-0.04159169;-0.04496681;62.4430000
3288.00010681152;62.5070431;62.4875636;-0.003703011;-0.03509421;62.4110000
3289.00027275085;62.4782856;62.4739738;-0.03396002;-0.02244391;62.3800000
3290.00020027161;62.4469271;62.4498935;-0.03166514;-0.02381506;62.3480000
3291.00012779236;62.4149479;62.4186010;-0.03207238;-0.0285986;62.3170000
3292.00005531311;62.3839271;62.3835535;-0.03129301;-0.0325975;62.2850000
3293.00022125244;62.3519479;62.3489828;-0.031335;-0.03361819;62.2530000
3294.00014877319;62.3209175;62.3185249;-0.03099872;-0.03145523;62.2210000
3295.00007629395;62.2890109;62.2895570;-0.03215036;-0.03001697;62.1890000
3296.00024223328;62.2570000;62.2588606;-0.0322073;-0.03055558;62.1570000
3297.00016975403;62.2250000;62.2262569;-0.03214004;-0.03185334;62.1250000
3298.00009727478;62.1930000;62.1930571;-0.03200636;-0.03265465;62.0610000
3299.00026321411;62.1606924;62.1613474;-0.02985423;-0.0319333;62.0610000
3300.00019073486;62.1313242;62.1310086;-0.0477565;-0.03131269;62.0280000
3301.00011825562;62.0656134;62.0773645;-0.04317744;-0.04595586;61.9960000
3302.00004577637;62.0620747;62.0423765;-0.003854425;-0.03712937;61.9640000
3303.0002117157;62.0324311;62.0271177;-0.03500728;-0.02419375;61.9310000
3304.00013923645;61.9999795;62.0019050;-0.03205568;-0.02511261;61.8990000
3305.0000667572;61.9680630;61.9709702;-0.03274807;-0.02886857;61.8330000
3306.00023269653;61.9347556;61.9366379;-0.030587;-0.03226109;61.8330000
3307.00016021729;61.9054394;61.9031401;-0.04829427;-0.03328726;61.8000000
3308.00008773804;61.8377784;61.8489595;-0.04458333;-0.04700551;61.7680000
3309.00025367737;61.8340529;61.8140311;-0.003639336;-0.03752649;61.7350000
3310.00018119812;61.8044215;61.7984743;-0.03486732;-0.02455444;61.7020000
3311.00010871887;61.7720425;61.7729635;-0.03236791;-0.02545176;61.6690000
3312.0002746582;61.7391359;61.7408366;-0.03327901;-0.02976131;61.6360000
3313.00020217896;61.7061250;61.7051335;-0.03288953;-0.03345194;61.6030000
3314.00012969971;61.6731250;61.6703839;-0.03269459;-0.03404438;61.5690000
3315.00005722046;61.6401154;61.6389723;-0.0328033;-0.0323787;61.5360000
3316.00022315979;61.6071880;61.6079183;-0.03350552;-0.03163365;61.5030000
3317.00015068054;61.5732075;61.5744801;-0.03387649;-0.03286724;61.4690000
3318.00007820129;61.5401045;61.5398498;-0.03281277;-0.03388347;61.4360000
3319.00024414063;61.5071880;61.5058155;-0.03327123;-0.03392373;61.4020000
3320.00017166138;61.4731979;61.4726157;-0.03360049;-0.03345282;61.3690000
3321.00009918213;61.4401771;61.4400120;-0.03331624;-0.03291954;61.3350000
3322.00026512146;61.4061979;61.4070506;-0.03376037;-0.03299146;61.3010000
3323.00019264221;61.3731675;61.3737316;-0.03332815;-0.03316596;61.2670000
3324.00012016296;61.3392609;61.3401742;-0.03419127;-0.03344768;61.2330000
3325.00004768372;61.3052500;61.3064380;-0.03413236;-0.0335921;61.1990000
3326.00021362305;61.2712500;61.2726421;-0.0341551;-0.03369807;61.1650000
3327.0001411438;61.2372500;61.2386675;-0.03415793;-0.03385439;61.1310000
3328.00006866455;61.2032500;61.2043948;-0.03412755;-0.03412772;61.0970000
3329.00023460388;61.1692500;61.1698241;-0.03406396;-0.03439882;61.0630000
3330.00016212463;61.1352500;61.1353130;-0.03400702;-0.03446782;61.0290000
3331.00008964539;61.1012500;61.1010404;-0.03397664;-0.03433719;60.9940000
3332.00025558472;61.0672404;61.0672445;-0.03393066;-0.03399092;60.9600000
3333.00018310547;61.0333130;61.0338063;-0.03447912;-0.03363926;60.9250000
3334.00011062622;60.9983229;60.9996529;-0.03481355;-0.03398475;60.8910000
3335.00027656555;60.9643021;60.9651418;-0.03442819;-0.03430901;60.8560000
3336.0002040863;60.9293229;60.9300943;-0.03475131;-0.03477562;60.8210000
3337.00013160706;60.8952925;60.8950467;-0.03423791;-0.03489188;60.7520000
3338.00005912781;60.8600591;60.8602972;-0.03275862;-0.03473722;60.7520000
3339.00022506714;60.8278541;60.8259649;-0.05163749;-0.03487137;60.7170000
3340.00015258789;60.7569740;60.7676716;-0.04632634;-0.05020294;60.6820000
3341.00008010864;60.7531175;60.7310147;-0.003779225;-0.03969339;60.6470000
3342.00024604797;60.7217563;60.7149215;-0.03737162;-0.02575982;60.6120000
3343.00017356873;60.6863750;60.6878014;-0.03515892;-0.02701079;60.5770000
3344.00010108948;60.6513750;60.6532307;-0.03520675;-0.0318449;60.5420000
3345.00026702881;60.6163750;60.6153817;-0.03488933;-0.0355658;60.5060000
3346.00019454956;60.5813654;60.5792613;-0.03469623;-0.03573439;60.4710000
3347.00012207031;60.5464380;60.5457635;-0.035349;-0.03435269;60.4360000
3348.00004959106;60.5104575;60.5114312;-0.03584319;-0.03445374;60.3650000
3349.0002155304;60.4750180;60.4757877;-0.03250015;-0.03515398;60.3650000
3350.00014305115;60.4429801;60.4405017;-0.05242015;-0.03559333;60.2930000
3351.0000705719;60.3697833;60.3804202;-0.04522355;-0.05149658;60.2930000
3352.00023651123;60.3687638;60.3445978;-0.02149075;-0.03997093;60.2580000
3353.00016403198;60.2986028;60.3049607;-0.05118006;-0.04141166;60.2220000
3354.00009155273;60.2940752;60.2740855;-0.00367677;-0.0329245;60.1860000
3355.00025749207;60.2628097;60.2600784;-0.03818364;-0.02197291;60.1500000
3356.00018501282;60.2265109;60.2320643;-0.03670826;-0.02619909;60.1140000
3357.00011253357;60.1905000;60.1964803;-0.03666631;-0.03204104;60.0780000
3358.0002784729;60.1545000;60.1599426;-0.0366064;-0.03479554;60.0420000
3359.00020599365;60.1185000;60.1232262;-0.03652658;-0.0360278;60.0060000
3360.0001335144;60.0825000;60.0849004;-0.03626744;-0.03750334;59.9700000
3361.00006103516;60.0465000;60.0460382;-0.03594854;-0.03834857;59.9330000
3362.00022697449;60.0104904;60.0080700;-0.03566099;-0.0380474;59.8970000
3363.00015449524;59.9745630;59.9719496;-0.03613297;-0.03675072;59.8600000
3364.00008201599;59.9375729;59.9366040;-0.03655741;-0.03588424;59.8240000
3365.00024795532;59.9015521;59.9017353;-0.03635504;-0.03524908;59.7870000
3366.00017547607;59.8645729;59.8660321;-0.03682794;-0.03560171;59.7510000
3367.00010299683;59.8285521;59.8294945;-0.03643963;-0.03619787;59.7140000
3368.00026893616;59.7915729;59.7923012;-0.03674651;-0.03683737;59.6770000
3369.00019645691;59.7555425;59.7552867;-0.03623679;-0.03689779;59.6410000
3370.00012397766;59.7186455;59.7185702;-0.03715046;-0.03681867;59.6040000
3371.00005149841;59.6815620;59.6814962;-0.03656852;-0.03697515;59.5670000
3372.00021743774;59.6455425;59.6448393;-0.03618694;-0.03677021;59.5300000
3373.0001449585;59.6086359;59.6080036;-0.03701907;-0.03686138;59.4930000
3374.00007247925;59.5716250;59.5709295;-0.03692251;-0.03699538;59.4560000
3375.00023841858;59.5346250;59.5339151;-0.0369209;-0.0369961;59.4180000
3376.00016593933;59.4976154;59.4973774;-0.03690415;-0.03671811;59.3810000
3377.00009346008;59.4606880;59.4608994;-0.03744771;-0.03659603;59.3440000
3378.00025939941;59.4227075;59.4234676;-0.03781939;-0.03718251;59.3060000
3379.00018692017;59.3856045;59.3854399;-0.0368228;-0.03767469;59.2690000
3380.00011444092;59.3486880;59.3483062;-0.03738161;-0.03731343;59.2310000
3381.00004196167;59.3106979;59.3110533;-0.03770496;-0.03728525;59.1560000
3382.000207901;59.2733118;59.2743368;-0.03481407;-0.03684205;59.1560000
3383.00013542175;59.2384579;59.2381568;-0.05638442;-0.03691757;59.1190000
3384.0000629425;59.1614170;59.1747375;-0.05061955;-0.0542473;59.0810000
3385.00022888184;59.1571493;59.1339679;-0.003762234;-0.04355349;59.0430000
3386.00015640259;59.1240815;59.1171594;-0.03989575;-0.02772874;59.0050000
3387.00008392334;59.0857609;59.0886088;-0.03840682;-0.02870493;58.9670000
3388.00024986267;59.0477500;59.0518327;-0.03845488;-0.03389713;58.9290000
3389.00017738342;59.0097500;59.0113015;-0.03817286;-0.0380427;58.8910000
3390.00010490417;58.9717500;58.9721413;-0.0380436;-0.03863396;58.8530000
3391.00027084351;58.9337500;58.9348884;-0.03812684;-0.03777673;58.8150000
3392.00019836426;58.8957500;58.8971586;-0.03815694;-0.03779736;58.7770000
3393.00012588501;58.8577500;58.8580580;-0.03803432;-0.03868193;58.7380000
3394.00005340576;58.8197404;58.8183017;-0.03777037;-0.0393468;58.7000000
3395.00021934509;58.7818130;58.7793799;-0.03815306;-0.03904542;58.6610000
3396.00014686584;58.7428229;58.7411733;-0.03848157;-0.03849351;58.6230000
3397.0000743866;58.7048021;58.7038012;-0.03822312;-0.03776633;58.5840000
3398.00024032593;58.6658229;58.6663098;-0.03871961;-0.03763945;58.5460000
3399.00016784668;58.6278021;58.6282225;-0.03838147;-0.03791916;58.5070000
3400.00009536743;58.5888229;58.5891814;-0.0387053;-0.03865215;58.4680000
3401.00026130676;58.5507925;58.5502000;-0.03819928;-0.03884444;58.4300000
3402.00018882751;58.5118955;58.5114570;-0.03910999;-0.03879489;58.3910000
3403.00011634827;58.4728120;58.4725948;-0.03855164;-0.03882739;58.3520000
3404.00004386902;58.4347925;58.4343286;-0.03821361;-0.0384338;58.3130000
3405.00020980835;58.3958859;58.3960028;-0.03910254;-0.03838958;58.2740000
3406.0001373291;58.3568750;58.3570809;-0.03902294;-0.038723;58.2350000
3407.00006484985;58.3178750;58.3185167;-0.03907149;-0.03864587;58.1950000
3408.00023078918;58.2788654;58.2798929;-0.03904514;-0.0386079;58.1560000
3409.00015830994;58.2399380;58.2412095;-0.03956582;-0.03866058;58.1170000
3410.00008583069;58.1999575;58.2013936;-0.03989471;-0.03941367;58.0780000
3411.00025177002;58.1608641;58.1613393;-0.03896342;-0.03978145;58.0380000
3412.00017929077;58.1218654;58.1218214;-0.03892576;-0.03958952;57.9990000
3413.00010681152;58.0829380;58.0826612;-0.03939331;-0.03930587;57.9590000
3414.00027275085;58.0429479;58.0431433;-0.03968713;-0.0394573;57.9200000
3415.00020027161;58.0039271;58.0038042;-0.03932094;-0.03937247;57.8800000
3416.00012779236;57.9639479;57.9641075;-0.03968314;-0.03959709;57.8400000
3417.00005531311;57.9249175;57.9242916;-0.03919556;-0.03970635;57.8010000
3418.00022125244;57.8850205;57.8843565;-0.04008487;-0.03985826;57.7610000
3419.00014877319;57.8449370;57.8440638;-0.03947856;-0.04011849;57.7210000
3420.00007629395;57.8059175;57.8044863;-0.03910583;-0.03973453;57.6810000
3421.00024223328;57.7660109;57.7651472;-0.03999329;-0.03953165;57.6410000
3422.00016975403;57.7260000;57.7252121;-0.03991221;-0.03979729;57.6010000
3423.00009727478;57.6860000;57.6850386;-0.03989288;-0.0400343;57.5610000
3424.00026321411;57.6460000;57.6448650;-0.03987354;-0.04010798;57.5200000
3425.00019073486;57.6059904;57.6045723;-0.03977266;-0.04023796;57.4800000
3426.00011825562;57.5660630;57.5646968;-0.04027193;-0.04003895;57.4400000
3427.00004577637;57.5250825;57.5240464;-0.04061926;-0.04046819;57.4000000
3428.0002117157;57.4849891;57.4834557;-0.03973963;-0.04052025;57.3590000
3429.00013923645;57.4449904;57.4435206;-0.0397669;-0.04014844;57.3190000
3430.0000667572;57.4050630;57.4040623;-0.04031266;-0.03972683;57.2780000
3431.00023269653;57.3640729;57.3641272;-0.04067141;-0.03989132;57.2380000
3432.00016021729;57.3240521;57.3239536;-0.04032366;-0.04007031;57.1970000
3433.00008773804;57.2830729;57.2834225;-0.04070431;-0.04040114;57.1560000
3434.00025367737;57.2430425;57.2429509;-0.04025509;-0.04041217;57.1150000
3435.00018119812;57.2021359;57.2024794;-0.04112779;-0.04047554;57.0750000
3436.00010871887;57.1611346;57.1614714;-0.04110686;-0.04079979;57.0340000
3437.0002746582;57.1200620;57.1201654;-0.04058737;-0.04110767;56.9520000
3438.00020217896;57.0796484;57.0799918;-0.03746079;-0.04040729;56.9520000
3439.00012969971;57.0421138;57.0408316;-0.06117972;-0.04012471;56.9110000
3440.00005722046;56.9579233;56.9718690;-0.05528622;-0.05900014;56.8700000
3441.00022315979;56.9532963;56.9269867;-0.004275681;-0.04778132;56.8280000
3442.00015068054;56.9165621;56.9075556;-0.04359743;-0.03092193;56.7870000
3443.00007820129;56.8751880;56.8766208;-0.04158379;-0.03134232;56.7460000
3444.00024414063;56.8332075;56.8372817;-0.04218864;-0.03649795;56.7050000
3445.00017166138;56.7921141;56.7935319;-0.04106845;-0.04103182;56.6630000
3446.00009918213;56.7511154;56.7500205;-0.04080867;-0.04247524;56.6220000
3447.00026512146;56.7101880;56.7087145;-0.04125998;-0.04165464;56.5800000
3448.00019264221;56.6681979;56.6684218;-0.0416903;-0.04081263;56.5390000
3449.00012016296;56.6271771;56.6278310;-0.04140749;-0.04067865;56.4550000
3450.00004768372;56.5847941;56.5867634;-0.03897267;-0.04088804;56.4550000
3451.00021362305;56.5472180;56.5455766;-0.06180898;-0.04154215;56.4140000
3452.0001411438;56.4610882;56.4738126;-0.05661954;-0.06132315;56.3720000
3453.00006866455;56.4562649;56.4268441;-0.003680664;-0.04983316;56.3300000
3454.00023460388;56.4196251;56.4077706;-0.04370426;-0.03142718;56.2880000
3455.00016212463;56.3772609;56.3780279;-0.04217497;-0.03080585;56.2460000
3456.00008964539;56.3352500;56.3402982;-0.04256245;-0.0352996;56.2040000
3457.00025558472;56.2932500;56.2973828;-0.04246046;-0.04012891;56.1620000
3458.00018310547;56.2512500;56.2528582;-0.04217918;-0.04280891;56.1200000
3459.00011062622;56.2092500;56.2097044;-0.04205062;-0.0429346;56.0780000
3460.00027656555;56.1672500;56.1683388;-0.04212131;-0.04191117;55.9930000
3461.0002040863;56.1248366;56.1277480;-0.03934293;-0.04101969;55.9930000
3462.00013160706;56.0863636;56.0871573;-0.06323914;-0.04130644;55.9510000
3463.00005912781;55.9991502;56.0149164;-0.0575343;-0.06156583;55.9080000
3464.00022506714;55.9943074;55.9668155;-0.004160876;-0.05066862;55.8660000
3465.00015258789;55.9567706;55.9458346;-0.04496546;-0.03291678;55.8230000
3466.00008010864;55.9133229;55.9141846;-0.04276137;-0.03253474;55.7810000
3467.00024604797;55.8713021;55.8753224;-0.04278257;-0.03662723;55.7380000
3468.00017356873;55.8283229;55.8315129;-0.04302078;-0.04119347;55.6950000
3469.00010108948;55.7862925;55.7860942;-0.0422432;-0.04372012;55.6530000
3470.00026702881;55.7433955;55.7421060;-0.04301518;-0.04378836;55.6100000
3471.00019454956;55.7003120;55.7000251;-0.04254388;-0.0426685;55.5670000
3472.00012207031;55.6582925;55.6587787;-0.04231947;-0.04179689;55.5240000
3473.00004959106;55.6153859;55.6169362;-0.04326225;-0.04190609;55.4810000
3474.0002155304;55.5723750;55.5733056;-0.04310368;-0.04303082;55.4380000
3475.00014305115;55.5293750;55.5288406;-0.04294046;-0.04391085;55.3950000
3476.0000705719;55.4863750;55.4847331;-0.04281706;-0.04398556;55.3520000
3477.00023651123;55.4433750;55.4414005;-0.04278;-0.0435446;55.3090000
3478.00016403198;55.4003750;55.3991408;-0.04286249;-0.04271891;55.2650000
3479.00009155273;55.3573654;55.3576560;-0.04296304;-0.04196905;55.2220000
3480.00025749207;55.3144380;55.3161116;-0.04361062;-0.04175561;55.1790000
3481.00018501282;55.2704575;55.2733750;-0.04405976;-0.04244483;55.1350000
3482.00011253357;55.2273545;55.2295656;-0.0430875;-0.04326306;55.0920000
3483.0002784729;55.1844380;55.1858158;-0.04357766;-0.04354529;55.0480000
3484.00020599365;55.1404479;55.1417084;-0.0438058;-0.04390969;54.9610000
3485.0001335144;55.0970042;55.0981970;-0.04041675;-0.04354614;54.9610000
3486.00006103516;55.0566437;55.0558181;-0.06528692;-0.04333559;54.9180000
3487.00022697449;54.9672838;54.9826832;-0.05871446;-0.06273992;54.8740000
3488.00015449524;54.9623390;54.9367280;-0.004546228;-0.04973593;54.8300000
3489.00008201599;54.9238969;54.9169393;-0.0464289;-0.03195927;54.7860000
3490.00024795532;54.8795109;54.8833223;-0.04451417;-0.03353184;54.7420000
3491.00017547607;54.8355000;54.8402281;-0.04452679;-0.03969444;54.6980000
3492.00010299683;54.7915000;54.7920675;-0.04406323;-0.04502208;54.6540000
3493.00026893616;54.7475000;54.7432513;-0.04352662;-0.04726037;54.6100000
3494.00019645691;54.7035000;54.6978922;-0.04337519;-0.0458587;54.5660000
3495.00012397766;54.6595000;54.6573014;-0.04375503;-0.04252513;54.5220000
3496.00005149841;54.6155000;54.6167107;-0.04413489;-0.04143474;54.4780000
3497.00021743774;54.5715000;54.5741530;-0.04429559;-0.04224027;54.4340000
3498.0001449585;54.5275000;54.5294495;-0.0442172;-0.04382812;54.3890000
3499.00007247925;54.4834904;54.4837327;-0.04395766;-0.04498861;54.3450000
3500.00023841858;54.4395630;54.4383736;-0.04429163;-0.04512127;54.3010000
3501.00016593933;54.3945825;54.3942661;-0.04469945;-0.04446141;54.2560000
3502.00009346008;54.3504795;54.3512316;-0.04392494;-0.04355556;54.2120000
3503.00025939941;54.3065630;54.3084355;-0.04463278;-0.04313704;54.1670000
3504.00018692017;54.2615729;54.2642088;-0.04495905;-0.04387053;54.1230000
3505.00011444092;54.2175521;54.2193861;-0.04453897;-0.04445808;54.0780000
3506.00028038025;54.1725729;54.1745038;-0.04488049;-0.04473685;54.0330000
3507.000207901;54.1285425;54.1298003;-0.04440543;-0.0446764;53.9890000
3508.00013542175;54.0836455;54.0848584;-0.04529399;-0.04490292;53.9440000
3509.0000629425;54.0385620;54.0392609;-0.04465371;-0.04531551;53.8990000
3510.00022888184;53.9945425;53.9946170;-0.04427359;-0.04483981;53.8540000
3511.00015640259;53.9496359;53.9503904;-0.04517358;-0.0444577;53.7640000
3512.00008392334;53.9041924;53.9060445;-0.04208623;-0.0443034;53.7640000
3513.00024986267;53.8628934;53.8618178;-0.06708719;-0.04477707;53.7190000
3514.00017738342;53.7705012;53.7859411;-0.06069488;-0.06505497;53.6740000
3515.00010490417;53.7654227;53.7380786;-0.004863545;-0.05173267;53.6290000
3516.00027084351;53.7251153;53.7164421;-0.04806197;-0.03389069;53.5830000
3517.00019836426;53.6796154;53.6810370;-0.04508905;-0.03533504;53.5380000
3518.00012588501;53.6346880;53.6372275;-0.0457071;-0.04079958;53.4930000
3519.00005340576;53.5887075;53.5880537;-0.04566186;-0.04609048;53.4470000
3520.00021934509;53.5436045;53.5379858;-0.04421512;-0.04836206;53.4020000
3521.00014686584;53.4986880;53.4928055;-0.04476874;-0.04610454;53.3570000
3522.0000743866;53.4527075;53.4512015;-0.04556691;-0.04329782;53.3110000
3523.00024032593;53.4076045;53.4091206;-0.04501006;-0.04260064;53.2660000
3524.00016784668;53.3626880;53.3651323;-0.04569649;-0.04356373;53.2200000
3525.00009536743;53.3166979;53.3188791;-0.04590838;-0.04529529;53.1740000
3526.00026130676;53.2716675;53.2725067;-0.0453588;-0.04588571;53.0830000
3527.00018882751;53.2253283;53.2278628;-0.04325179;-0.04499105;53.0830000
3528.00011634827;53.1830280;53.1835170;-0.06833085;-0.04517983;53.0370000
3529.0002822876;53.0895631;53.1066866;-0.06145831;-0.06586944;52.9910000
3530.00020980835;53.0844652;53.0579300;-0.00521897;-0.05253932;52.9450000
3531.0001373291;53.0432512;53.0358167;-0.0492895;-0.0345301;52.8990000
3532.00006484985;52.9967500;52.9999347;-0.04635483;-0.03581327;52.8530000
3533.00023078918;52.9507500;52.9552312;-0.04649928;-0.04151382;52.8070000
3534.00015830994;52.9047500;52.9052229;-0.04605269;-0.04689085;52.7610000
3535.00008583069;52.8587500;52.8546186;-0.04553968;-0.04910254;52.7150000
3536.00025177002;52.8127500;52.8085442;-0.0455314;-0.04697744;52.6690000
3537.00017929077;52.7667500;52.7661057;-0.04592821;-0.0442;52.6230000
3538.00010681152;52.7207500;52.7227135;-0.04621876;-0.0438117;52.5760000
3539.00027275085;52.6747404;52.6772351;-0.04620862;-0.04493763;52.5300000
3540.00020027161;52.6288130;52.6299091;-0.04654628;-0.04646533;52.4840000
3541.00012779236;52.5818325;52.5816889;-0.0467187;-0.0475224;52.4370000
3542.00005531311;52.5357295;52.5348396;-0.04574199;-0.04696657;52.3910000
3543.00022125244;52.4898130;52.4898977;-0.04643359;-0.04570765;52.3440000
3544.00014877319;52.4428229;52.4441214;-0.04681003;-0.04583782;52.2980000
3545.00007629395;52.3968021;52.3974509;-0.04640692;-0.04634829;52.2510000
3546.00024223328;52.3498229;52.3508401;-0.04677869;-0.04652986;52.2040000
3547.00016975403;52.3037925;52.3049445;-0.04639364;-0.04609952;52.1580000
3548.00009727478;52.2568955;52.2588105;-0.04737221;-0.04618155;52.1110000
3549.00026321411;52.2098120;52.2115440;-0.04676882;-0.04688368;52.0640000
3550.00019073486;52.1637925;52.1644564;-0.04633926;-0.04698084;52.0170000
3551.00011825562;52.1168859;52.1176071;-0.04716987;-0.04691038;51.9700000
3552.00028419495;52.0698750;52.0708771;-0.04711165;-0.04679197;51.9230000
3553.0002117157;52.0228750;52.0240874;-0.04713508;-0.04681186;51.8760000
3554.00013923645;51.9758750;51.9769402;-0.04711868;-0.04705736;51.8290000
3555.0000667572;51.9288750;51.9294353;-0.04706243;-0.04733833;51.7820000
3556.00023269653;51.8818750;51.8817516;-0.04698625;-0.04753563;51.7350000
3557.00016021729;51.8348750;51.8344255;-0.04694992;-0.04738955;51.6880000
3558.00008773804;51.7878750;51.7873378;-0.04694014;-0.04718855;51.6410000
3559.00025367737;51.7408750;51.7402501;-0.04693037;-0.04714578;51.5940000
3560.00018119812;51.6938750;51.6932221;-0.04692725;-0.04708591;51.5460000
3561.00010871887;51.6468654;51.6461344;-0.04684922;-0.04708913;51.4990000
3562.0002746582;51.5999380;51.5992851;-0.04735141;-0.04694363;51.4520000
3563.00020217896;51.5519575;51.5518994;-0.04772823;-0.04722169;51.4040000
3564.00012969971;51.5048545;51.5042753;-0.04677661;-0.04743376;51.3570000
3565.00005722046;51.4579380;51.4571281;-0.04733391;-0.04724624;51.3090000
3566.00022315979;51.4099479;51.4095039;-0.04761589;-0.04751165;51.2620000
3567.00015068054;51.3629271;51.3621779;-0.04725116;-0.04738114;51.2140000
3568.00007820129;51.3149479;51.3149114;-0.04766129;-0.04732892;51.1660000
3569.00024414063;51.2679175;51.2680025;-0.04727476;-0.04706088;51.1190000
3570.00017166138;51.2200205;51.2207956;-0.04824521;-0.0472106;51.0710000
3571.00009918213;51.1719370;51.1729331;-0.04768683;-0.04762462;51.0230000
3572.00026512146;51.1249175;51.1253090;-0.04730891;-0.04760026;50.9750000
3573.00019264221;51.0770109;51.0776253;-0.04815797;-0.0476875;50.9270000
3574.00012016296;51.0290000;51.0293455;-0.04803849;-0.0480664;50.8790000
3575.00028610229;50.9810000;50.9812446;-0.04802725;-0.04810583;50.7840000
3576.00021362305;50.9325482;50.9337993;-0.0448806;-0.04758595;50.7840000
3577.0001411438;50.8884233;50.8871288;-0.07111911;-0.04757366;50.7350000
3578.00006866455;50.7908425;50.8074970;-0.06395781;-0.06851543;50.6870000
3579.00023460388;50.7855915;50.7570715;-0.005773543;-0.054573;50.6390000
3580.00016212463;50.7416054;50.7325144;-0.05201868;-0.03692852;50.5910000
3581.00008964539;50.6929891;50.6932349;-0.04793786;-0.03882317;50.5430000
3582.00025558472;50.6450000;50.6459088;-0.04810125;-0.04426198;50.4950000
3583.00018310547;50.5970000;50.5946489;-0.04773804;-0.04857751;50.4460000
3584.00011062622;50.5489904;50.5453558;-0.0475257;-0.04875386;50.3980000
3585.00027656555;50.5010630;50.5001159;-0.04831863;-0.04653531;50.3500000
3586.0002040863;50.4520825;50.4542799;-0.04897953;-0.0462245;50.3010000
3587.00013160706;50.4039795;50.4058213;-0.04804635;-0.04764014;50.2530000
3588.00005912781;50.3560630;50.3562303;-0.04844279;-0.04884971;50.2040000
3589.00022506714;50.3070729;50.3064604;-0.04859712;-0.04939266;50.1560000
3590.00015258789;50.2590521;50.2578230;-0.04819769;-0.04885723;50.1070000
3591.00008010864;50.2100729;50.2104373;-0.04870596;-0.0479475;50.0580000
3592.00024604797;50.1620425;50.1635881;-0.0484375;-0.04725092;50.0100000
3593.00017356873;50.1131455;50.1159043;-0.04946623;-0.04757413;49.9610000
3594.00010108948;50.0640620;50.0667901;-0.0488798;-0.04852971;49.9120000
3595.00026702881;50.0160425;50.0176163;-0.04844064;-0.04890549;49.8630000
3596.00019454956;49.9671359;49.9686213;-0.04925502;-0.04899599;49.8150000
3597.00012207031;49.9181346;49.9192686;-0.04919568;-0.04922862;49.7660000
3598.00028800964;49.8690620;49.8697372;-0.04865107;-0.0494079;49.7170000
3599.0002155304;49.8210425;49.8209210;-0.04825176;-0.04903274;49.6680000
3600.00014305115;49.7721359;49.7721644;-0.04909269;-0.04890214;49.6190000
3601.0000705719;49.7231250;49.7231097;-0.04899829;-0.04899633;49.5700000
3602.00023651123;49.6741250;49.6740551;-0.04899221;-0.04901654;49.5210000
3603.00016403198;49.6251250;49.6250005;-0.04898613;-0.04906665;49.4720000
3604.00009155273;49.5761250;49.5759459;-0.04898004;-0.04904856;49.4230000
3605.00025749207;49.5271250;49.5267720;-0.04896067;-0.0491151;49.3730000
3606.00018501282;49.4781154;49.4774790;-0.04885976;-0.04921102;49.3240000
3607.00011253357;49.4291880;49.4283648;-0.04933243;-0.04916083;49.2750000
3608.0002784729;49.3792075;49.3786545;-0.04967309;-0.04953041;49.2260000
3609.00020599365;49.3301141;49.3293615;-0.04882663;-0.04936913;49.1760000
3610.0001335144;49.2811154;49.2809029;-0.04890699;-0.04875554;49.1270000
3611.00006103516;49.2321880;49.2328019;-0.04949255;-0.04834171;49.0770000
3612.00022697449;49.1821979;49.1838069;-0.04984463;-0.04879725;49.0280000
3613.00015449524;49.1331771;49.1343947;-0.04947029;-0.04917737;48.9780000
3614.00008201599;49.0831979;49.0843268;-0.04979114;-0.04975643;48.9290000
3615.00024795532;49.0341771;49.0344377;-0.04936367;-0.04981031;48.8790000
3616.00017547607;48.9841979;48.9844890;-0.04969779;-0.04991487;48.8300000
3617.00010299683;48.9351771;48.9348979;-0.04930353;-0.04969743;48.7800000
3618.00026893616;48.8851979;48.8853068;-0.04967749;-0.04967012;48.7300000
3619.00019645691;48.8361675;48.8359542;-0.04924153;-0.04944529;48.6810000
3620.00012397766;48.7862705;48.7863631;-0.05016917;-0.04958569;48.6310000
3621.00028991699;48.7361870;48.7361760;-0.04957462;-0.04997221;48.5810000
3622.00021743774;48.6871675;48.6864658;-0.04918711;-0.04976396;48.5310000
3623.0001449585;48.6372609;48.6368747;-0.05004648;-0.04968204;48.4810000
3624.00007247925;48.5872500;48.5869856;-0.04997054;-0.04982571;48.4310000
3625.00023841858;48.5372500;48.5369177;-0.04996297;-0.04997053;48.3810000
3626.00016593933;48.4872500;48.4868498;-0.04995541;-0.05001814;48.3310000
3627.00009346008;48.4372500;48.4368415;-0.04995448;-0.05002299;48.2810000
3628.00025939941;48.3872500;48.3870120;-0.04997348;-0.04993273;48.2310000
3629.00018692017;48.3372500;48.3371229;-0.04998584;-0.04989688;48.1810000
3630.00011444092;48.2872500;48.2873531;-0.05001149;-0.04980091;48.1310000
3631.00028038025;48.2372500;48.2374640;-0.05002384;-0.04985012;48.0810000
3632.000207901;48.1872500;48.1877537;-0.05005612;-0.04976679;48.0310000
3633.00013542175;48.1372500;48.1378050;-0.05006183;-0.04988459;47.9300000
3634.0000629425;48.0867597;48.0883331;-0.04663917;-0.04951122;47.9300000
3635.00022888184;48.0409446;48.0395765;-0.0749462;-0.049642;47.8800000
3636.00015640259;47.9373060;47.9551168;-0.06824647;-0.07239553;47.8300000
3637.00008392334;47.9315699;47.9003401;-0.005219993;-0.0585436;47.7290000
3638.00024986267;47.8863045;47.8760214;-0.04979406;-0.03813666;47.7290000
3639.00017738342;47.8399446;47.8384705;-0.07493439;-0.03886716;47.6780000
3640.00010490417;47.7362964;47.7562161;-0.0684121;-0.06706427;47.6280000
3641.00027084351;47.7306329;47.6993532;-0.005638584;-0.0578361;47.5770000
3642.00019836426;47.6848676;47.6723523;-0.05374685;-0.03950707;47.5270000
3643.00012588501;47.6343021;47.6330729;-0.05019768;-0.0397443;47.4760000
3644.00029182434;47.5833229;47.5866408;-0.05103503;-0.04405462;47.4260000
3645.00021934509;47.5333021;47.5356193;-0.05059281;-0.04846993;47.3750000
3646.00014686584;47.4823229;47.4831672;-0.05075943;-0.05089;47.3240000
3647.0000743866;47.4322925;47.4315496;-0.05018252;-0.05122199;47.2730000
3648.00024032593;47.3813859;47.3814221;-0.05109355;-0.05050163;47.2230000
3649.00016784668;47.3303846;47.3312349;-0.05116407;-0.05032393;47.1720000
3650.00009536743;47.2793120;47.2805114;-0.05070948;-0.0506228;47.0700000
3651.00026130676;47.2288022;47.2303839;-0.04690539;-0.05018631;47.0700000
3652.00018882751;47.1820901;47.1811504;-0.07615279;-0.05021077;47.0190000
3653.00011634827;47.0773680;47.0952602;-0.0688314;-0.07350958;46.9680000
3654.0002822876;47.0716124;47.0407219;-0.005523098;-0.05878429;46.9170000
3655.00020980835;47.0259306;47.0161648;-0.05447735;-0.03854489;46.8660000
3656.0001373291;46.9743750;46.9765873;-0.05124648;-0.03969619;46.8150000
3657.00006484985;46.9233750;46.9276519;-0.05147652;-0.04561931;46.7640000
3658.00023078918;46.8723750;46.8737097;-0.05114871;-0.05080204;46.7130000
3659.00015830994;46.8213750;46.8200655;-0.05085409;-0.0524313;46.6620000
3660.00008583069;46.7703750;46.7699976;-0.05095795;-0.0508026;46.6110000
3661.00025177002;46.7193750;46.7214794;-0.05123446;-0.04941224;46.5600000
3662.00017929077;46.6683750;46.6720672;-0.05141137;-0.04949468;46.5090000
3663.00010681152;46.6173750;46.6206284;-0.05136248;-0.05074384;46.4570000
3664.00027275085;46.5663654;46.5678187;-0.05109259;-0.0520427;46.4060000
3665.00020027161;46.5154380;46.5150089;-0.05137634;-0.05252262;46.3030000
3666.00012779236;46.4629576;46.4629741;-0.04813106;-0.0520829;46.3030000
3667.00005531311;46.4161314;46.4129658;-0.0761499;-0.05131746;46.2520000
3668.00022125244;46.3104505;46.3278504;-0.06951124;-0.07342179;46.2010000
3669.00014877319;46.3046015;46.2755771;-0.0056415;-0.05733922;46.1490000
3670.00007629395;46.2589210;46.2523909;-0.05476852;-0.03721761;46.0980000
3671.00024223328;46.2074380;46.2124558;-0.05198322;-0.03948812;46.0460000
3672.00016975403;46.1554479;46.1612554;-0.05231242;-0.04699147;45.9950000
3673.00009727478;46.1044271;46.1049290;-0.05139055;-0.05278289;45.9430000
3674.00026321411;46.0524479;46.0489006;-0.05127013;-0.05463075;45.8920000
3675.00019073486;46.0014271;45.9977598;-0.05092603;-0.05220808;45.8400000
3676.00011825562;45.9494479;45.9503145;-0.05176191;-0.04929359;45.7880000
3677.00028419495;45.8984175;45.9019752;-0.05166169;-0.04880109;45.7370000
3678.0002117157;45.8465205;45.8513112;-0.05269262;-0.05010285;45.6850000
3679.00013923645;45.7944370;45.7976670;-0.05193572;-0.05236642;45.6330000
3680.0000667572;45.7434175;45.7434268;-0.0512653;-0.05349942;45.5810000
3681.00023269653;45.6915109;45.6899614;-0.05191687;-0.05342431;45.5300000
3682.00016021729;45.6395096;45.6373305;-0.05182654;-0.05288525;45.4780000
3683.00008773804;45.5874370;45.5861898;-0.05143688;-0.05177214;45.4260000
3684.00025367737;45.5364175;45.5365987;-0.05128548;-0.0503764;45.3740000
3685.00018119812;45.4845109;45.4867692;-0.05234113;-0.05011414;45.3220000
3686.00010871887;45.4325000;45.4355688;-0.05234192;-0.05086301;45.2700000
3687.0002746582;45.3805000;45.3828783;-0.05226498;-0.05203753;45.1660000
3688.00020217896;45.3280001;45.3304262;-0.04866483;-0.0522088;45.1660000
3689.00012969971;45.2802769;45.2790470;-0.07752442;-0.05231927;45.1140000
3690.00005722046;45.1735124;45.1913686;-0.07013793;-0.07536498;45.0620000
3691.00022315979;45.1676440;45.1368899;-0.005714079;-0.05942655;45.0100000
3692.00015068054;45.1210665;45.1123328;-0.05568186;-0.03878828;44.9580000
3693.00007820129;45.0685000;45.0717421;-0.05236122;-0.04045739;44.9060000
3694.00024414063;45.0165000;45.0213165;-0.05253664;-0.04688194;44.8540000
3695.00017166138;44.9645000;44.9655862;-0.05212102;-0.05241173;44.8020000
3696.00009918213;44.9125000;44.9090810;-0.05161906;-0.0547936;44.7490000
3697.00026512146;44.8604904;44.8566885;-0.05150706;-0.05305092;44.6970000
3698.00019264221;44.8085630;44.8084088;-0.05240697;-0.05005134;44.5930000
3699.00012016296;44.7550826;44.7594137;-0.04961179;-0.04943062;44.5930000
3700.00028610229;44.7072660;44.7091074;-0.0777771;-0.05065362;44.5400000
3701.00021362305;44.6005028;44.6205349;-0.07031102;-0.07535181;44.4880000
3702.0001411438;44.5947071;44.5631356;-0.00604716;-0.06114575;44.4350000
3703.00006866455;44.5471394;44.5361943;-0.05610083;-0.04081243;44.3830000
3704.00023460388;44.4945521;44.4952459;-0.05241193;-0.04134673;44.3310000
3705.00016212463;44.4415825;44.4455953;-0.05318179;-0.04675626;44.2780000
3706.00008964539;44.3894795;44.3908782;-0.05199698;-0.05178695;44.2260000
3707.00025558472;44.3375630;44.3355651;-0.05220155;-0.05384563;44.1730000
3708.00018310547;44.2845729;44.2835302;-0.05254919;-0.0524919;44.1210000
3709.00011062622;44.2325521;44.2348333;-0.0525888;-0.05009778;44.0680000
3710.00027656555;44.1795729;44.1847654;-0.0532439;-0.0502111;44.0160000
3711.0002040863;44.1275521;44.1323729;-0.05287175;-0.05163956;43.9100000
3712.00013160706;44.0740634;44.0784307;-0.04947715;-0.05300054;43.9100000
3713.00005912781;44.0263920;44.0250845;-0.07827456;-0.05380591;43.8580000
3714.00022506714;43.9176774;43.9371677;-0.0717894;-0.07598969;43.8050000
3715.00015258789;43.9116126;43.8833447;-0.005742718;-0.05933011;43.7520000
3716.00008010864;43.8651199;43.8587875;-0.05630422;-0.03881515;43.6470000
3717.00024604797;43.8111360;43.8167663;-0.05011136;-0.0412817;43.6470000
3718.00017356873;43.7624115;43.7646718;-0.07898263;-0.04886287;43.5940000
3719.00010108948;43.6545744;43.6707945;-0.07053148;-0.07803506;43.5410000
3720.00026702881;43.6486866;43.6109514;-0.005201566;-0.06349464;43.4880000
3721.00019454956;43.6012024;43.5858579;-0.05603481;-0.04057444;43.4360000
3722.00012207031;43.5476346;43.5471149;-0.05301143;-0.03988994;43.3830000
3723.00028800964;43.4945620;43.4993119;-0.05310507;-0.04503496;43.3300000
3724.0002155304;43.4425425;43.4458466;-0.05263343;-0.05038947;43.2770000
3725.00014305115;43.3896359;43.3900566;-0.05313639;-0.05368387;43.2240000
3726.0000705719;43.3366250;43.3368893;-0.05302944;-0.05310594;43.1710000
3727.00023651123;43.2836250;43.2865234;-0.05332293;-0.0514132;43.1180000
3728.00016403198;43.2306250;43.2349653;-0.05348358;-0.05158665;43.0650000
3729.00009155273;43.1776250;43.1816192;-0.05344502;-0.0527404;43.0120000
3730.00025749207;43.1246250;43.1271405;-0.05328027;-0.0538263;42.9590000
3731.00018501282;43.0716250;43.0730195;-0.05315537;-0.05395939;42.9060000
3732.00011253357;43.0186250;43.0208655;-0.05324963;-0.05278545;42.8530000
3733.0002784729;42.9656250;42.9690094;-0.05337708;-0.05223085;42.8000000
3734.00020599365;42.9126250;42.9160209;-0.05337836;-0.05276053;42.7470000
3735.0001335144;42.8596250;42.8620787;-0.05327338;-0.05349465;42.6930000
3736.00006103516;42.8066154;42.8084345;-0.05313334;-0.0535402;42.6400000
3737.00022697449;42.7536880;42.7556844;-0.05364658;-0.05306755;42.5870000
3738.00015449524;42.6997075;42.7025767;-0.05405438;-0.05316046;42.5340000
3739.00008201599;42.6466141;42.6486941;-0.05314223;-0.05362871;42.4810000
3740.00024795532;42.5936250;42.5946326;-0.05311226;-0.05390868;42.4270000
3741.00017547607;42.5406154;42.5409289;-0.05296559;-0.05376478;42.3740000
3742.00010299683;42.4876880;42.4880595;-0.05346554;-0.05316963;42.3210000
3743.00026893616;42.4337075;42.4352498;-0.05390654;-0.05297599;42.2670000
3744.00019645691;42.3806045;42.3823209;-0.05303238;-0.05292467;42.2140000
3745.00012397766;42.3276880;42.3294516;-0.05362064;-0.05290005;42.1610000
3746.00028991699;42.2737075;42.2758670;-0.0539753;-0.05337106;42.1070000
3747.00021743774;42.2206045;42.2220440;-0.05300153;-0.05360022;42.0540000
3748.0001449585;42.1676880;42.1689959;-0.05356987;-0.0532307;42.0010000
3749.00007247925;42.1137075;42.1156497;-0.05395109;-0.053346;41.9470000
3750.00023841858;42.0606045;42.0620651;-0.05300388;-0.05344435;41.8940000
3751.00016593933;42.0076880;42.0089574;-0.05356558;-0.05321543;41.8400000
3752.00009346008;41.9536979;41.9553132;-0.05384534;-0.05352182;41.7330000
3753.00025939941;41.9001580;41.9020863;-0.04980534;-0.0532221;41.7330000
3754.00018692017;41.8506200;41.8497534;-0.08021724;-0.05327904;41.6800000
3755.00011444092;41.7407285;41.7601676;-0.07227003;-0.07689524;41.6260000
3756.00028038025;41.7346552;41.7034836;-0.005684489;-0.06137076;41.5720000
3757.000207901;41.6872558;41.6764827;-0.05689897;-0.04109056;41.5190000
3758.00013542175;41.6327705;41.6330309;-0.05418786;-0.04311185;41.4650000
3759.0000629425;41.5786870;41.5793271;-0.05364716;-0.04988115;41.4120000
3760.00022888184;41.5256771;41.5216894;-0.05289033;-0.05465219;41.3580000
3761.00015640259;41.4716979;41.4663763;-0.05307245;-0.05477259;41.3040000
3762.00008392334;41.4186675;41.4167256;-0.05304893;-0.0514962;41.1970000
3763.00024986267;41.3642514;41.3676710;-0.05079572;-0.04997559;41.1970000
3764.00017738342;41.3146091;41.3163514;-0.0804184;-0.05158582;41.1430000
3765.00010490417;41.2047189;41.2246795;-0.07225879;-0.07763419;41.0900000
3766.00027084351;41.1987278;41.1666246;-0.006074177;-0.06233321;41.0360000
3767.00019836426;41.1502753;41.1402793;-0.0572961;-0.04105829;40.9820000
3768.00012588501;41.0966675;41.0987349;-0.05349564;-0.04184732;40.9280000
3769.00029182434;41.0427609;41.0474153;-0.0546081;-0.04798255;40.8740000
3770.00021934509;40.9887500;40.9904332;-0.05418754;-0.05359748;40.8210000
3771.00014686584;40.9347596;40.9344049;-0.05402981;-0.05481664;40.7670000
3772.0000743866;40.8806870;40.8825488;-0.05378328;-0.05293415;40.7130000
3773.00024032593;40.8276675;40.8312888;-0.05366877;-0.05195436;40.6590000
3774.00016784668;40.7737609;40.7776446;-0.05452223;-0.05309752;40.6050000
3775.00009536743;40.7197500;40.7214971;-0.05419466;-0.05499436;40.5510000
3776.00026130676;40.6657500;40.6653495;-0.05395538;-0.05564599;40.4970000
3777.00018882751;40.6117500;40.6107516;-0.05388876;-0.05490144;40.4430000
3778.00011634827;40.5577500;40.5578823;-0.05401474;-0.05361544;40.3900000
3779.0002822876;40.5037596;40.5057283;-0.05428868;-0.0527461;40.3360000
3780.00020980835;40.4496870;40.4529185;-0.05393589;-0.05283269;40.2820000
3781.0001373291;40.3966675;40.3995128;-0.05358231;-0.05315571;40.1740000
3782.00006484985;40.3422418;40.3462262;-0.05078931;-0.05315318;40.1740000
3783.00023078918;40.2926721;40.2931781;-0.08070481;-0.05371916;40.1200000
3784.00015830994;40.1818014;40.2018042;-0.07299819;-0.07827235;40.0660000
3785.00008583069;40.1757073;40.1437493;-0.005931502;-0.06264302;40.0120000
3786.00025177002;40.1273383;40.1166887;-0.05764743;-0.04167706;39.9580000
3787.00017929077;40.0727500;40.0740118;-0.05414058;-0.04281857;39.9030000
3788.00010681152;40.0187404;40.0216193;-0.05425142;-0.04898079;39.8490000
3789.00027275085;39.9648130;39.9651737;-0.05446434;-0.05366915;39.7950000
3790.00020027161;39.9098325;39.9101586;-0.05477103;-0.05435693;39.7410000
3791.00012779236;39.8557391;39.8580046;-0.0541629;-0.05298095;39.6870000
3792.00029373169;39.8017500;39.8051353;-0.05437718;-0.05302382;39.6330000
3793.00022125244;39.7477500;39.7500606;-0.05425744;-0.0543791;39.5790000
3794.00014877319;39.6937500;39.6935554;-0.05397832;-0.0556822;39.5250000
3795.00007629395;39.6397500;39.6383019;-0.05383866;-0.05537228;39.4700000
3796.00024223328;39.5857404;39.5847769;-0.05382331;-0.05415095;39.4160000
3797.00016975403;39.5318130;39.5325632;-0.05450773;-0.05296127;39.3620000
3798.00009727478;39.4768325;39.4794555;-0.05502694;-0.05313103;39.3080000
3799.00026321411;39.4227391;39.4250960;-0.05417308;-0.05391152;39.2540000
3800.00019073486;39.3687500;39.3703790;-0.0541815;-0.0543745;39.1990000
3801.00011825562;39.3147404;39.3159599;-0.05406653;-0.05437024;39.1450000
3802.00028419495;39.2608130;39.2622562;-0.05458495;-0.05393752;39.0910000
3803.0002117157;39.2058325;39.2079563;-0.05497132;-0.05417442;39.0370000
3804.00013923645;39.1517391;39.1535373;-0.05411083;-0.0543201;38.9820000
3805.0000667572;39.0977404;39.0993567;-0.05411074;-0.05424206;38.9280000
3806.00023269653;39.0438130;39.0452356;-0.05458265;-0.05416725;38.8740000
3807.00016021729;38.9888325;38.9903398;-0.05490264;-0.05464099;38.8190000
3808.00008773804;38.9347295;38.9355631;-0.05393402;-0.05469106;38.7650000
3809.00025367737;38.8808130;38.8814421;-0.05449424;-0.0543257;38.7110000
3810.00018119812;38.8258325;38.8269634;-0.0548607;-0.05446802;38.6560000
3811.00010871887;38.7717295;38.7723656;-0.05391201;-0.05454523;38.6020000
3812.0002746582;38.7178130;38.7181254;-0.05445895;-0.05434163;38.5480000
3813.00020217896;38.6628325;38.6633487;-0.05479221;-0.05462353;38.4930000
3814.00012969971;38.6087295;38.6086316;-0.05383023;-0.05463561;38.4390000
3815.00029563904;38.5548130;38.5545702;-0.05439709;-0.0542531;38.3850000
3816.00022315979;38.4998325;38.5000916;-0.05476356;-0.05439009;38.3300000
3817.00015068054;38.4457295;38.4456725;-0.05383479;-0.05439543;38.2760000
3818.00007820129;38.3918130;38.3920879;-0.05445478;-0.05392063;38.2210000
3819.00024414063;38.3368229;38.3378477;-0.05477954;-0.05413579;38.1670000
3820.00017166138;38.2828021;38.2834883;-0.05441108;-0.05426375;38.1130000
3821.00009918213;38.2278325;38.2288904;-0.05485256;-0.05450583;38.0580000
3822.00026512146;38.1737295;38.1744118;-0.05391716;-0.054472;38.0040000
3823.00019264221;38.1198130;38.1204696;-0.05449731;-0.05415417;37.9490000
3824.00012016296;38.0648229;38.0659909;-0.0547955;-0.05438474;37.8950000
3825.00028610229;38.0108021;38.0113931;-0.05440048;-0.05450055;37.8400000
3826.00021362305;37.9558229;37.9566164;-0.05475377;-0.0546921;37.7860000
3827.0001411438;37.9018021;37.9016609;-0.0543189;-0.05483687;37.7310000
3828.00006866455;37.8468229;37.8468247;-0.05466536;-0.0548721;37.6770000
3829.00023460388;37.7928021;37.7922864;-0.05427717;-0.05462866;37.6220000
3830.00016212463;37.7378229;37.7376289;-0.05464375;-0.0546636;37.5680000
3831.00008964539;37.6838021;37.6830907;-0.05425537;-0.05455281;37.4590000
3832.00025558472;37.6283038;37.6290293;-0.05100206;-0.05414435;37.4590000
3833.00018310547;37.5787242;37.5760408;-0.0806841;-0.05406581;37.4040000
3834.00011062622;37.4668743;37.4850245;-0.07345714;-0.07823697;37.3500000
3835.00027656555;37.4607594;37.4263735;-0.005995629;-0.06305496;37.2950000
3836.0002040863;37.4114112;37.3985977;-0.0580717;-0.0422236;37.2400000
3837.00013160706;37.3567925;37.3555632;-0.05412833;-0.04318222;37.1860000
3838.00029754639;37.3018955;37.3032899;-0.05531421;-0.04900933;37.1310000
3839.00022506714;37.2468120;37.2461290;-0.05449975;-0.05407749;37.0770000
3840.00015258789;37.1928021;37.1905179;-0.05408013;-0.05483804;37.0220000
3841.00008010864;37.1378229;37.1380062;-0.05468579;-0.0533513;36.9680000
3842.00024604797;37.0838021;37.0861502;-0.05459625;-0.05246221;36.9130000
3843.00017356873;37.0288229;37.0326252;-0.05508901;-0.05324823;36.8580000
3844.00010108948;36.9747925;36.9771333;-0.05452611;-0.0546658;36.8040000
3845.00026702881;36.9198955;36.9208665;-0.05526704;-0.05569557;36.7490000
3846.00019454956;36.8648120;36.8641825;-0.05450571;-0.0562524;36.6950000
3847.00012207031;36.8108021;36.8094654;-0.0541857;-0.05523743;36.5850000
3848.00028800964;36.7552942;36.7564769;-0.05098366;-0.05370889;36.5850000
3849.0002155304;36.7057873;36.7049189;-0.08131047;-0.05302119;36.5310000
3850.00014305115;36.5929664;36.6144390;-0.07463136;-0.07751474;36.4760000
3851.0000705719;36.5866759;36.5553112;-0.005749242;-0.06302926;36.4210000
3852.00023651123;36.5383917;36.5277143;-0.05799915;-0.04208255;36.3670000
3853.00016403198;36.4828955;36.4839049;-0.05527132;-0.04371068;36.3120000
3854.00009155273;36.4278120;36.4303799;-0.05486196;-0.05001304;36.2580000
3855.00025749207;36.3738021;36.3728614;-0.05422982;-0.05464486;36.1480000
3856.00018501282;36.3182942;36.3170118;-0.05070901;-0.05509778;36.1480000
3857.00011253357;36.2687873;36.2659903;-0.08109558;-0.05307638;36.0940000
3858.0002784729;36.1559664;36.1780734;-0.07470204;-0.07594096;36.0390000
3859.00020599365;36.1496759;36.1210914;-0.006059005;-0.06114597;35.9840000
3860.0001335144;36.1013917;36.0940309;-0.05836868;-0.04107954;35.9300000
3861.00029945374;36.0458955;36.0499234;-0.05560763;-0.04354738;35.8750000
3862.00022697449;35.9908120;35.9955044;-0.05509866;-0.0504548;35.8200000
3863.00015449524;35.9367925;35.9370918;-0.05429865;-0.05537368;35.7660000
3864.00008201599;35.8818955;35.8796330;-0.05490677;-0.05654501;35.7110000
3865.00024795532;35.8268120;35.8256908;-0.05445093;-0.05474168;35.6560000
3866.00017547607;35.7727925;35.7744308;-0.05444783;-0.05259119;35.6020000
3867.00010299683;35.7178955;35.7222767;-0.055647;-0.05244799;35.5470000
3868.00026893616;35.6628120;35.6675596;-0.05510481;-0.05393712;35.4920000
3869.00019645691;35.6087925;35.6114121;-0.05455717;-0.05530722;35.4370000
3870.00012397766;35.5538859;35.5545492;-0.05516342;-0.05629097;35.3830000
3871.00028991699;35.4988846;35.4980440;-0.05497568;-0.05635512;35.3280000
3872.00021743774;35.4438120;35.4424925;-0.05442883;-0.0557669;35.2730000
3873.0001449585;35.3897925;35.3891463;-0.0541933;-0.05419219;35.2190000
3874.00007247925;35.3348955;35.3369923;-0.05539247;-0.05295732;35.1640000
3875.00023841858;35.2798120;35.2840037;-0.05504287;-0.05299797;35.1090000
3876.00016593933;35.2257925;35.2301808;-0.05475423;-0.05353107;35.0550000
3877.00009346008;35.1708955;35.1750465;-0.05562135;-0.05459463;35.0000000
3878.00025939941;35.1158120;35.1186605;-0.05489322;-0.05572248;34.9450000
3879.00018692017;35.0617925;35.0628705;-0.05438541;-0.05570446;34.8910000
3880.00011444092;35.0068955;35.0074382;-0.05521932;-0.05551761;34.8360000
3881.00028038025;34.9518120;34.9526615;-0.05467049;-0.05501545;34.7270000
3882.000207901;34.8972734;34.8994942;-0.0507686;-0.05368518;34.7270000
3883.00013542175;34.8468176;34.8471613;-0.08184558;-0.05354921;34.6720000
3884.00030136108;34.7348634;34.7560854;-0.07370988;-0.07804684;34.6170000
3885.00022888184;34.7287498;34.6975536;-0.006281684;-0.06287181;34.5630000
3886.00015640259;34.6794838;34.6692414;-0.05885166;-0.04244798;34.5080000
3887.00008392334;34.6238120;34.6245380;-0.05465674;-0.04437151;34.4530000
3888.00024986267;34.5697925;34.5714302;-0.05444777;-0.04995085;34.3980000
3889.00017738342;34.5148859;34.5136137;-0.05494777;-0.05491555;34.3440000
3890.00010490417;34.4598846;34.4559760;-0.05463385;-0.05637457;34.2890000
3891.00027084351;34.4048120;34.4029279;-0.05436593;-0.05408798;34.2340000
3892.00019836426;34.3507925;34.3525620;-0.05446245;-0.05181788;34.1800000
3893.00012588501;34.2958955;34.3005271;-0.0556749;-0.05209769;34.1250000
3894.00029182434;34.2408120;34.2453332;-0.05507959;-0.05411089;34.0700000
3895.00021934509;34.1867925;34.1888280;-0.05449209;-0.05558445;34.0160000
3896.00014686584;34.1318955;34.1322036;-0.05519318;-0.05620874;33.9610000
3897.0000743866;34.0768120;34.0769501;-0.05459123;-0.05552803;33.9060000
3898.00024032593;34.0227925;34.0240212;-0.05440219;-0.0538964;33.8520000
3899.00016784668;33.9678955;33.9704962;-0.05544862;-0.05376612;33.7970000
3900.00009536743;33.9128120;33.9151235;-0.05483339;-0.05480041;33.7420000
3901.00026130676;33.8587925;33.8598104;-0.05437871;-0.05506598;33.6880000
3902.00018882751;33.8038955;33.8052721;-0.05531223;-0.05474498;33.6330000
3903.00011634827;33.7488120;33.7503762;-0.05475013;-0.05484876;33.5790000
3904.0002822876;33.6948021;33.6954804;-0.0544102;-0.05488905;33.5240000
3905.00020980835;33.6398229;33.6401076;-0.05469709;-0.05519716;33.4690000
3906.0001373291;33.5857925;33.5850330;-0.05418068;-0.0550483;33.4150000
3907.00030326843;33.5308955;33.5307331;-0.05514076;-0.05458785;33.3600000
3908.00023078918;33.4758120;33.4763737;-0.05463843;-0.05445828;33.3050000
3909.00015830994;33.4217925;33.4222527;-0.05431657;-0.05421879;33.2510000
3910.00008583069;33.3668955;33.3674760;-0.05522353;-0.05462485;33.1960000
3911.00025177002;33.3118120;33.3122225;-0.05462158;-0.05498991;33.1420000
3912.00017929077;33.2578021;33.2578631;-0.05434142;-0.05452548;33.0870000
3913.00010681152;33.2028229;33.2039209;-0.0547877;-0.05419393;33.0320000
3914.00027275085;33.1487925;33.1498594;-0.05438417;-0.05414676;32.9780000
3915.00020027161;33.0938955;33.0953808;-0.05532434;-0.05440141;32.9230000
3916.00012779236;33.0388120;33.0401273;-0.05472239;-0.05491347;32.8690000
3917.00029373169;32.9848021;32.9856486;-0.05442894;-0.05463434;32.8140000
3918.00022125244;32.9298229;32.9311104;-0.05480881;-0.05462538;32.7600000
3919.00014877319;32.8758021;32.8763337;-0.05439386;-0.05471981;32.7050000
3920.00007629395;32.8208229;32.8214378;-0.05473388;-0.05484974;32.5960000
3921.00024223328;32.7662734;32.7674956;-0.05065733;-0.05414377;32.5960000
3922.00016975403;32.7158176;32.7145071;-0.08166128;-0.05409833;32.5410000
3923.00009727478;32.6038634;32.6234908;-0.07353221;-0.07812934;32.4870000
3924.00026321411;32.5977594;32.5662108;-0.006311754;-0.06213946;32.4320000
3925.00019073486;32.5484112;32.5381370;-0.05835462;-0.04212092;32.3780000
3926.00011825562;32.4938021;32.4940295;-0.05435997;-0.04390201;32.2690000
3927.00028419495;32.4383038;32.4406238;-0.05117971;-0.0498965;32.2690000
3928.0002117157;32.3887242;32.3838802;-0.08044337;-0.05472316;32.2140000
3929.00013923645;32.2768743;32.2923274;-0.07315664;-0.07826054;32.1600000
3930.00030517578;32.2707594;32.2406502;-0.006472128;-0.0588503;32.1050000
3931.00023269653;32.2214112;32.2159143;-0.05888689;-0.03897724;31.9960000
3932.00016021729;32.1662734;32.1702571;-0.05096501;-0.04361958;31.9420000
3933.00008773804;32.1152985;32.1151228;-0.07804357;-0.05143836;31.9420000
3934.00025367737;32.0077951;32.0209475;-0.09952855;-0.07938914;31.8870000
3935.00018119812;31.9447382;31.9345803;-0.0249711;-0.0813752;31.8330000
3936.00010871887;31.9443586;31.9090696;-0.01081851;-0.04492887;31.7790000
3937.0002746582;31.8944208;31.8885059;-0.05890965;-0.03185712;31.7240000
3938.00020217896;31.8397295;31.8418951;-0.05408243;-0.04146354;31.6700000
3939.00012969971;31.7858130;31.7912908;-0.05503447;-0.04636162;31.5610000
3940.00029563904;31.7303038;31.7446203;-0.05251633;-0.04672313;31.5610000
3941.00022315979;31.6807242;31.6910358;-0.08213197;-0.05186224;31.5070000
3942.00015068054;31.5688839;31.5928073;-0.07416971;-0.08204395;31.4520000
3943.00007820129;31.5626868;31.5244408;-0.005072061;-0.07036883;31.3980000
3944.00024414063;31.5144013;31.4912410;-0.05667767;-0.04796165;31.3440000
3945.00017166138;31.4588325;31.4502926;-0.0537832;-0.04386058;31.2890000
3946.00009918213;31.4047295;31.4056487;-0.05394356;-0.04446872;31.2350000
3947.00026512146;31.3508130;31.3572497;-0.05514131;-0.04709264;31.1810000
3948.00019264221;31.2958325;31.3046785;-0.0557203;-0.05058534;31.1260000
3949.00012016296;31.2417295;31.2497826;-0.05473839;-0.0532135;31.0720000
3950.00028610229;31.1878130;31.1948271;-0.05520564;-0.05428742;31.0180000
3951.00021362305;31.1328325;31.1391564;-0.05543929;-0.0551795;30.9630000
3952.0001411438;31.0787295;31.0830684;-0.05432457;-0.05570284;30.9090000
3953.00006866455;31.0248130;31.0273380;-0.05470548;-0.05569893;30.8550000
3954.00023460388;30.9698325;30.9717269;-0.05494577;-0.05564076;30.8010000
3955.00016212463;30.9157391;30.9171291;-0.05406535;-0.05491334;30.7460000
3956.00008964539;30.8617404;30.8639617;-0.05417815;-0.05382295;30.6920000
3957.00025558472;30.8078130;30.8114500;-0.05482937;-0.05302241;30.6380000
3958.00018310547;30.7528325;30.7579847;-0.05530874;-0.05336243;30.5840000
3959.00011062622;30.6987391;30.7035060;-0.05444159;-0.05406659;30.5300000
3960.00027656555;30.6447500;30.6486697;-0.05443672;-0.05456865;30.4750000
3961.0002040863;30.5907404;30.5935354;-0.05424207;-0.05491787;30.4210000
3962.00013160706;30.5368130;30.5386992;-0.0546343;-0.05485405;30.3130000
3963.00029754639;30.4813134;30.4846378;-0.05136095;-0.05428473;30.3130000
3964.00022506714;30.4316612;30.4317684;-0.08057085;-0.05403022;30.2590000
3965.00015258789;30.3208014;30.3411694;-0.07303888;-0.0779291;30.2050000
3966.00008010864;30.3147073;30.2840085;-0.006071799;-0.06198814;30.1510000
3967.00024604797;30.2663383;30.2569480;-0.05778774;-0.04142231;30.0970000
3968.00017356873;30.2117500;30.2135558;-0.0542012;-0.04315459;30.0420000
3969.00010108948;30.1577404;30.1604481;-0.05423234;-0.049506;29.9880000
3970.00026702881;30.1038130;30.1040621;-0.0544519;-0.05375804;29.9340000
3971.00019454956;30.0488325;30.0500007;-0.05486485;-0.05381476;29.8800000
3972.00012207031;29.9947391;29.9976082;-0.05423015;-0.05290322;29.8260000
3973.00028800964;29.9407500;29.9444409;-0.05441123;-0.05313752;29.7720000
3974.0002155304;29.8867500;29.8891873;-0.05427156;-0.05447131;29.7180000
3975.00014305115;29.8327500;29.8330994;-0.05403893;-0.05540283;29.6640000
3976.0000705719;29.7787500;29.7784419;-0.05396567;-0.05486381;29.6100000
3977.00023651123;29.7247500;29.7252150;-0.05405181;-0.05381403;29.5570000
3978.00016403198;29.6707596;29.6724649;-0.05425933;-0.05314177;29.5030000
3979.00009155273;29.6166870;29.6188803;-0.05382022;-0.05345543;29.4490000
3980.00025749207;29.5636675;29.5649977;-0.0534135;-0.05369086;29.3950000
3981.00018501282;29.5097609;29.5114727;-0.05428024;-0.05360369;29.2870000
3982.00011253357;29.4552309;29.4586034;-0.05063161;-0.05303832;29.2870000
3983.0002784729;29.4056721;29.4062109;-0.08070846;-0.0533329;29.2330000
3984.00020599365;29.2948014;29.3148966;-0.07300849;-0.07814405;29.1790000
3985.0001335144;29.2887073;29.2563052;-0.005882022;-0.06295192;29.1260000
3986.00029945374;29.2403479;29.2287679;-0.0576131;-0.04206403;29.0720000
3987.00022697449;29.1856870;29.1859121;-0.05360093;-0.04306424;29.0180000
3988.00015449524;29.1326675;29.1346522;-0.05348643;-0.04825312;28.9640000
3989.00008201599;29.0787609;29.0799351;-0.05422034;-0.05224732;28.9100000
3990.00024795532;29.0247500;29.0269466;-0.05424474;-0.05257263;28.8570000
3991.00017547607;28.9707596;28.9747329;-0.05451203;-0.05236434;28.8030000
3992.00010299683;28.9166870;28.9209695;-0.05405299;-0.0533033;28.7490000
3993.00026893616;28.8636675;28.8658352;-0.05350681;-0.05442047;28.6960000
3994.00019645691;28.8097705;28.8098664;-0.05416954;-0.05530816;28.6420000
3995.00012397766;28.7556870;28.7550302;-0.05350267;-0.05493834;28.5880000
3996.00028991699;28.7026675;28.7026377;-0.05326198;-0.05329835;28.5350000
3997.00021743774;28.6487705;28.6507220;-0.05437628;-0.05250902;28.4810000
3998.0001449585;28.5946870;28.5972567;-0.05386216;-0.05315812;28.4280000
3999.00007247925;28.5416771;28.5428972;-0.05347057;-0.05389349;28.3740000
4000;28.4876979;28.4890742;-0.05381871;-0.05383389;28.3200000
4001.00040435791;28.4346675;28.4362049;-0.05343659;-0.05317013;28.2670000
4002.00033187866;28.3807705;28.3836932;-0.05448449;-0.05282283;28.2130000
4003.00025939941;28.3266870;28.3298106;-0.05392387;-0.05349794;28.1600000
4004.00018692017;28.2736771;28.2756300;-0.05355221;-0.05388544;28.1060000
4005.00011444092;28.2196979;28.2215090;-0.05386715;-0.05399954;28.0530000
4006.00004196167;28.1666771;28.1683416;-0.05352008;-0.0534441;27.9990000
4006.99996948242;28.1126979;28.1153531;-0.0539612;-0.05318392;27.9460000
4008.00037384033;28.0596771;28.0622454;-0.05362078;-0.05314618;27.8930000
4009.00030136108;28.0057075;28.0084224;-0.05403718;-0.05361165;27.8390000
4010.00022888184;27.9526045;27.9543610;-0.05303685;-0.05387561;27.7860000
4011.00015640259;27.8996880;27.9007764;-0.05354541;-0.05369689;27.7330000
4012.00008392334;27.8457075;27.8469534;-0.05387351;-0.05381384;27.6790000
4013.00001144409;27.7926045;27.7931304;-0.05289974;-0.05378547;27.6260000
4014.000415802;27.7396880;27.7398439;-0.05344152;-0.05348862;27.5730000
4015.00034332275;27.6857075;27.6860805;-0.05377626;-0.0536627;27.5190000
4016.00027084351;27.6326045;27.6324959;-0.05282904;-0.05355336;27.4660000
4017.00019836426;27.5796880;27.5796266;-0.05341731;-0.0531323;27.4130000
4018.00012588501;27.5257075;27.5263400;-0.05380517;-0.05327044;27.3600000
4019.00005340576;27.4726141;27.4727554;-0.05292622;-0.05343027;27.3070000
4019.99998092651;27.4196250;27.4195881;-0.05299588;-0.05323941;27.2530000
4021.00038528442;27.3666154;27.3668380;-0.05295546;-0.0529163;27.2000000
4022.00031280518;27.3136880;27.3143859;-0.0535019;-0.05266084;27.1470000
4023.00024032593;27.2597075;27.2613974;-0.05392298;-0.05291998;27.0940000
4024.00016784668;27.2066141;27.2079916;-0.05306396;-0.05320905;27.0410000
4025.00009536743;27.1536250;27.1549435;-0.0531469;-0.05308221;26.9880000
4026.00002288818;27.1006250;27.1016569;-0.05311497;-0.05320213;26.9350000
4027.00042724609;27.0476250;27.0482512;-0.05306977;-0.05332346;26.8820000
4028.00035476685;26.9946250;26.9952030;-0.05306439;-0.0531565;26.8290000
4029.0002822876;26.9416250;26.9423337;-0.05307896;-0.05297604;26.7760000
4030.00020980835;26.8886250;26.8892260;-0.05306696;-0.05308396;26.7230000
4031.0001373291;26.8356250;26.8361182;-0.05305495;-0.05311364;26.6170000
4032.00006484985;26.7821155;26.7836065;-0.04949132;-0.05263825;26.6170000
4032.99999237061;26.7334745;26.7319293;-0.07898279;-0.05265693;26.5640000
4034.00039672852;26.6246569;26.6429396;-0.07149599;-0.07639354;26.5120000
4035.00032424927;26.6186853;26.5858383;-0.005726001;-0.06148134;26.4590000
4036.00025177002;26.5711394;26.5589566;-0.05596293;-0.04100968;26.4060000
4037.00017929077;26.5185425;26.5175314;-0.05215264;-0.04178905;26.3530000
4038.00010681152;26.4656359;26.4670463;-0.05324666;-0.04744051;26.3000000
4039.00003433228;26.4126250;26.4116736;-0.05289399;-0.05240757;26.2480000
4039.99996185303;26.3596346;26.3572545;-0.05280415;-0.0534206;26.1950000
4041.00036621094;26.3065620;26.3065310;-0.05257239;-0.05162602;26.1420000
4042.00029373169;26.2545425;26.2571783;-0.05255897;-0.05025667;26.0900000
4043.00022125244;26.2016455;26.2058587;-0.05362828;-0.05107211;26.0370000
4044.00014877319;26.1485620;26.1517377;-0.05292967;-0.05302569;25.9840000
4045.00007629395;26.0965425;26.0970802;-0.05232521;-0.0539586;25.9320000
4046.0000038147;26.0436455;26.0430188;-0.05308903;-0.05398701;25.8790000
4047.00040817261;25.9905620;25.9902091;-0.05253652;-0.05319249;25.8270000
4048.00033569336;25.9385521;25.9389491;-0.05237887;-0.05196322;25.7220000
4049.00026321411;25.8850730;25.8883448;-0.04942443;-0.05108248;25.7220000
4050.00019073486;25.8373290;25.8379192;-0.07806186;-0.05130038;25.6690000
4051.00011825562;25.7295853;25.7500024;-0.07108862;-0.07519846;25.6170000
4052.00004577637;25.7236962;25.6932588;-0.006083993;-0.0607868;25.5650000
4052.99997329712;25.6761490;25.6657810;-0.05623447;-0.04112871;25.5120000
4054.00037765503;25.6234795;25.6234021;-0.05183252;-0.04238803;25.4600000
4055.00030517578;25.5715630;25.5728574;-0.05256837;-0.04767162;25.4070000
4056.00023269653;25.5185729;25.5172463;-0.05251756;-0.0526505;25.3550000
4057.00016021729;25.4665521;25.4624100;-0.05187313;-0.05376151;25.3030000
4058.00008773804;25.4135825;25.4119249;-0.05255001;-0.05157119;25.1980000
4059.00001525879;25.3609796;25.3640027;-0.0485725;-0.04917246;25.1980000
4060.0004196167;25.3133399;25.3157230;-0.07835113;-0.04937406;25.1460000
4061.00034713745;25.2055949;25.2275081;-0.07132465;-0.07480314;25.0940000
4062.0002746582;25.1996331;25.1686783;-0.005602198;-0.06183668;25.0420000
4063.00020217896;25.1530665;25.1413794;-0.0553528;-0.0412265;24.9900000
4064.00012969971;25.1005000;25.1013847;-0.05209857;-0.04086028;24.9380000
4065.00005722046;25.0485000;25.0537605;-0.05258611;-0.04525925;24.8860000
4065.99998474121;24.9965000;25.0010104;-0.05250254;-0.05000524;24.8340000
4067.00038909912;24.9445000;24.9476643;-0.05235256;-0.05197445;24.7820000
4068.00031661987;24.8925000;24.8962851;-0.05242172;-0.05156208;24.7300000
4069.00024414063;24.8405000;24.8447867;-0.05247761;-0.05155128;24.6780000
4070.00017166138;24.7885000;24.7918577;-0.0523741;-0.05247606;24.6260000
4071.00009918213;24.7365000;24.7377367;-0.05213779;-0.05350943;24.5740000
4072.00002670288;24.6845000;24.6837945;-0.05192139;-0.05374805;24.5220000
4073.00043106079;24.6325000;24.6311636;-0.0518511;-0.05298781;24.4700000
4074.00035858154;24.5805000;24.5804997;-0.052;-0.05150758;24.4190000
4075.00028610229;24.5285096;24.5306702;-0.05231006;-0.05048975;24.3670000
4076.00021362305;24.4764370;24.4798870;-0.05196023;-0.05072344;24.3150000
4077.0001411438;24.4254175;24.4285078;-0.05160961;-0.05112972;24.2630000
4078.00006866455;24.3735109;24.3764134;-0.0524129;-0.05174255;24.2120000
4078.9999961853;24.3215096;24.3240805;-0.05235578;-0.05210166;24.1600000
4080.00040054321;24.2694370;24.2719860;-0.05185985;-0.05207786;24.1080000
4081.00032806396;24.2184175;24.2204876;-0.05149594;-0.05168571;24.0570000
4082.00025558472;24.1665205;24.1687508;-0.05240735;-0.05175643;24.0050000
4083.00018310547;24.1144370;24.1164179;-0.05179655;-0.05210271;23.9540000
4084.00011062622;24.0634271;24.0649791;-0.05150755;-0.05165999;23.9020000
4085.00003814697;24.0114479;24.0139575;-0.05194497;-0.05131956;23.8510000
4085.99996566772;23.9604271;23.9625783;-0.05157432;-0.05135155;23.7990000
4087.00037002563;23.9084479;23.9102454;-0.05186563;-0.05198146;23.7480000
4088.00029754639;23.8574271;23.8580914;-0.05140865;-0.05205484;23.6970000
4089.00022506714;23.8054575;23.8064141;-0.05184128;-0.05180609;23.6450000
4090.00015258789;23.7543545;23.7548561;-0.05089703;-0.05164657;23.5940000
4091.00008010864;23.7034380;23.7038942;-0.05147498;-0.05126532;23.5430000
4092.00000762939;23.6514575;23.6519785;-0.05179275;-0.05171371;23.4910000
4093.0004119873;23.6003545;23.6002417;-0.05082858;-0.05170032;23.4400000
4094.00033950806;23.5494380;23.5492201;-0.05139987;-0.05128613;23.3890000
4095.00026702881;23.4974575;23.4979601;-0.0517907;-0.05131698;23.3380000
4096.00019454956;23.4463641;23.4465213;-0.05092799;-0.05138759;23.2870000
4097.00012207031;23.3953750;23.3956785;-0.05103381;-0.05106241;23.2360000
4098.00004959106;23.3443750;23.3449550;-0.05106462;-0.05084649;23.1850000
4098.99997711182;23.2933750;23.2944698;-0.05112198;-0.05063218;23.1340000
4100.00038146973;23.2423750;23.2437463;-0.05115278;-0.05069425;23.0830000
4101.00030899048;23.1913750;23.1929631;-0.05117694;-0.05074924;23.0320000
4102.00023651123;23.1403750;23.1418820;-0.0511679;-0.05095467;22.9810000
4103.00016403198;23.0893750;23.0908008;-0.05115885;-0.0510263;22.9300000
4104.00009155273;23.0383750;23.0394812;-0.05112325;-0.0512003;22.8790000
4105.00001907349;22.9873750;22.9882212;-0.05109428;-0.05126712;22.7770000
4106.0004234314;22.9358847;22.9374976;-0.04764357;-0.05085633;22.7770000
4107.00035095215;22.8890792;22.8876085;-0.0760041;-0.05086354;22.7270000
4108.0002784729;22.7843776;22.8025527;-0.06893224;-0.07312068;22.6760000
4109.00020599365;22.7785494;22.7490873;-0.005258095;-0.05803965;22.6250000
4110.0001335144;22.7338481;22.7239938;-0.05373278;-0.03858046;22.5740000
4111.00006103516;22.6823859;22.6834030;-0.05120284;-0.040376;22.5240000
4111.99998855591;22.6313846;22.6327987;-0.05122688;-0.04691488;22.4230000
4113.00039291382;22.5798313;22.5782008;-0.04692738;-0.05152356;22.4230000
4114.00032043457;22.5339337;22.5271196;-0.0742499;-0.05143579;22.3720000
4115.00024795532;22.4302964;22.4467130;-0.0680218;-0.07044347;22.3220000
4116.00017547607;22.4246329;22.3965259;-0.005992079;-0.05512948;22.2710000
4117.00010299683;22.3788676;22.3717899;-0.0543527;-0.03734818;22.2210000
4118.00003051758;22.3283021;22.3304839;-0.05057773;-0.04031397;22.1700000
4118.99995803833;22.2773229;22.2795816;-0.05091702;-0.04710244;22.1200000
4120.00036239624;22.2273021;22.2254605;-0.05012945;-0.05139574;22.0700000
4121.00028991699;22.1763325;22.1749754;-0.05058349;-0.05050545;22.0190000
4122.00021743774;22.1262295;22.1285434;-0.05009895;-0.04800578;21.9690000
4123.0001449585;22.0763130;22.0808597;-0.05093073;-0.04795735;21.9190000
4124.00007247925;22.0253325;22.0297189;-0.05122342;-0.05006196;21.8690000
4125;21.9752391;21.9770880;-0.05011648;-0.05159694;21.8190000
4126.00040435791;21.9252500;21.9262452;-0.05011088;-0.0510127;21.7690000
4127.00033187866;21.8752500;21.8769522;-0.05018965;-0.04987942;21.7190000
4128.00025939941;21.8252500;21.8278380;-0.05028835;-0.04944712;21.6690000
4129.00018692017;21.7752500;21.7778297;-0.05028742;-0.04985313;21.5690000
4130.00011444092;21.7247694;21.7276425;-0.04685332;-0.0499724;21.5690000
4131.00004196167;21.6788816;21.6784687;-0.07462847;-0.05004557;21.5190000
4131.99996948242;21.5762235;21.5950222;-0.06762185;-0.07178096;21.4690000
4133.00037384033;21.5705808;21.5429874;-0.005714676;-0.05670813;21.4190000
4134.00030136108;21.5257947;21.5183706;-0.05364873;-0.03785487;21.3690000
4135.00022888184;21.4752500;21.4776607;-0.05026859;-0.04016481;21.3190000
4136.00015640259;21.4252500;21.4272947;-0.05022781;-0.04669566;21.2200000
4137.00008392334;21.3747790;21.3738890;-0.04650338;-0.05067686;21.2200000
4138.00001144409;21.3288186;21.3247152;-0.07379314;-0.04997322;21.1700000
4139.000415802;21.2271410;21.2451429;-0.06679837;-0.06941813;21.1210000
4140.00034332275;21.2216013;21.1952539;-0.006012344;-0.05456002;21.0710000
4141.00027084351;21.1767317;21.1712928;-0.05344576;-0.03661459;21.0220000
4142.00019836426;21.1271771;21.1314769;-0.04981371;-0.03907915;20.9720000
4143.00012588501;21.0771979;21.0816474;-0.05016111;-0.04593717;20.9230000
4144.00005340576;21.0281771;21.0288377;-0.04940823;-0.05016411;20.8730000
4144.99998092651;20.9781979;20.9794850;-0.04980876;-0.04944712;20.8240000
4146.00038528442;20.9291771;20.9325166;-0.04970671;-0.04790328;20.7740000
4147.00031280518;20.8791979;20.8839388;-0.05019358;-0.04845767;20.7250000
4148.00024032593;20.8301771;20.8330960;-0.04965985;-0.04996666;20.6760000
4149.00016784668;20.7802075;20.7815976;-0.04988958;-0.05088716;20.6270000
4150.00009536743;20.7311141;20.7315297;-0.04895679;-0.05024974;20.5770000
4151.00002288818;20.6821154;20.6833096;-0.04906372;-0.04890769;20.5280000
4152.00042724609;20.6331880;20.6354470;-0.04967584;-0.04831614;20.4790000
4153.00035476685;20.5832075;20.5862136;-0.05006963;-0.04899834;20.4300000
4154.0002822876;20.5341141;20.5360265;-0.04912356;-0.04971352;20.3810000
4155.00020980835;20.4851250;20.4867931;-0.04918585;-0.0493831;20.2830000
4156.0001373291;20.4356540;20.4389901;-0.04597424;-0.0483071;20.2830000
4157.00006484985;20.3906840;20.3920813;-0.07333667;-0.04808822;20.2340000
4157.99999237061;20.2900790;20.3095288;-0.06638384;-0.07061619;20.1850000
4159.00039672852;20.2845492;20.2559443;-0.005426195;-0.05715721;20.1370000
4160.00032424927;20.2406685;20.2313872;-0.05242162;-0.03789015;20.0880000
4161.00025177002;20.1910620;20.1927633;-0.0487654;-0.03884925;20.0390000
4162.00017929077;20.1430425;20.1466293;-0.04866493;-0.043469;19.9420000
4163.00010681152;20.0936745;20.0978131;-0.0462225;-0.04667599;19.9420000
4164.00003433228;20.0486209;20.0506063;-0.07297803;-0.04750298;19.8930000
4164.99996185303;19.9489966;19.9699612;-0.06581792;-0.06911428;19.8440000
4166.00036621094;19.9435601;19.9176879;-0.005820184;-0.0559357;19.7960000
4167.00029373169;19.8996685;19.8916407;-0.05256128;-0.03833703;19.7470000
4168.00022125244;19.8500620;19.8510499;-0.04868592;-0.04020052;19.6990000
4169.00014877319;19.8020521;19.8029490;-0.04843457;-0.04519615;19.6500000
4170.00007629395;19.7530729;19.7524638;-0.0485975;-0.04844093;19.6020000
4171.0000038147;19.7050521;19.7047801;-0.04830433;-0.0477802;19.5540000
4172.00040817261;19.6560825;19.6589441;-0.04905353;-0.04658388;19.5050000
4173.00033569336;19.6079795;19.6119161;-0.04827975;-0.04691676;19.4570000
4174.00026321411;19.5600630;19.5631595;-0.04876915;-0.04815778;19.4090000
4175.00019073486;19.5110825;19.5124359;-0.04888549;-0.04975833;19.3610000
4176.00011825562;19.4629891;19.4630237;-0.04791433;-0.04942968;19.3130000
4177.00004577637;19.4150000;19.4156976;-0.04807772;-0.04806237;19.2650000
4177.99997329712;19.3670000;19.3690868;-0.0482325;-0.04717692;19.2160000
4179.00037765503;19.3189904;19.3222375;-0.04829245;-0.04703467;19.1680000
4180.00030517578;19.2710630;19.2743750;-0.04879317;-0.04757633;19.1210000
4181.00023269653;19.2220921;19.2257376;-0.04921021;-0.04824219;19.0250000
4182.00016021729;19.1734647;19.1778155;-0.04464296;-0.04785944;19.0250000
4183.00008773804;19.1304038;19.1318603;-0.07111508;-0.0472239;18.9770000
4184.00001525879;19.0319455;19.0518708;-0.06521579;-0.06866787;18.9290000
4185.0004196167;19.0265176;18.9991803;-0.005391645;-0.05600051;18.8810000
4186.00034713745;18.9835230;18.9742656;-0.05126544;-0.03762041;18.8340000
4187.0002746582;18.9350096;18.9359994;-0.04817961;-0.03849277;18.7860000
4188.00020217896;18.8869370;18.8899250;-0.04790876;-0.04328393;18.7380000
4189.00012969971;18.8399175;18.8416453;-0.0474578;-0.04633015;18.6910000
4190.00005722046;18.7920205;18.7946768;-0.04845481;-0.04667463;18.6430000
4190.99998474121;18.7439370;18.7475891;-0.04798275;-0.04694392;18.5960000
4192.00038909912;18.6969271;18.7003822;-0.04771959;-0.04715943;18.5480000
4193.00031661987;18.6489479;18.6512680;-0.04792386;-0.04846391;18.5010000
4194.00024414063;18.6019271;18.6015577;-0.04729348;-0.04919128;18.4540000
4195.00017166138;18.5539575;18.5529204;-0.04761915;-0.04877621;18.4060000
4196.00009918213;18.5068545;18.5062499;-0.04677378;-0.04737698;18.3590000
4197.00002670288;18.4599380;18.4612484;-0.04757015;-0.04591271;18.3120000
4198.00043106079;18.4119575;18.4152932;-0.04810636;-0.04602508;18.2650000
4199.00035858154;18.3648641;18.3677287;-0.04722965;-0.04698;18.2180000
4200.00028610229;18.3178750;18.3202834;-0.04726833;-0.0472355;18.1710000
4201.00021362305;18.2708750;18.2733746;-0.0472785;-0.04699718;18.1240000
4202.0001411438;18.2238750;18.2267637;-0.04732185;-0.04675113;18.0770000
4203.00006866455;18.1768750;18.1801529;-0.04736521;-0.04668824;18.0300000
4203.9999961853;18.1298750;18.1327076;-0.0473156;-0.0471804;17.9830000
4205.00040054321;18.0828750;18.0849047;-0.04722614;-0.04756095;17.9360000
4206.00032806396;18.0358750;18.0373402;-0.04716325;-0.04753472;17.8890000
4207.00025558472;17.9888750;17.9903121;-0.04716012;-0.04720262;17.8420000
4208.00018310547;17.9418750;17.9432840;-0.04715699;-0.04711468;17.7960000
4209.00011062622;17.8948846;17.8959580;-0.04718893;-0.04729766;17.7490000
4210.00003814697;17.8478120;17.8485723;-0.04666055;-0.04735182;17.6560000
4210.99996566772;17.8013503;17.8023787;-0.04319043;-0.04646263;17.6560000
4212.00037002563;17.7582366;17.7570195;-0.06972376;-0.04635254;17.5630000
4213.00029754639;17.6622654;17.6788778;-0.05952245;-0.0670563;17.5160000
4214.00022506714;17.6603957;17.6302405;-0.02450249;-0.0534225;17.5160000
4215.00015258789;17.5736334;17.5777288;-0.08871866;-0.05527878;17.4700000
4216.00008010864;17.5184216;17.5069780;-0.02174125;-0.06332868;17.4240000
4217.00000762939;17.5179446;17.4849839;-0.008441857;-0.03576918;17.3770000
4218.0004119873;17.4762415;17.4751492;-0.0499268;-0.02104937;17.2850000
4219.00033950806;17.4293708;17.4432011;-0.04477564;-0.02838971;17.2850000
4220.00026702881;17.3861736;17.3977227;-0.07072199;-0.03981841;17.2390000
4221.00019454956;17.2916347;17.3170776;-0.06303041;-0.06586961;17.1930000
4222.00012207031;17.2864543;17.2671886;-0.005939401;-0.05331152;17.1470000
4223.00004959106;17.2452512;17.2420950;-0.04976618;-0.03676812;17.1010000
4223.99997711182;17.1987500;17.2009082;-0.04624046;-0.03999024;17.0550000
4225.00038146973;17.1527500;17.1518536;-0.04590012;-0.04569592;17.0090000
4226.00030899048;17.1067500;17.1013684;-0.04540039;-0.04856996;16.9170000
4227.00023651123;17.0603078;17.0554133;-0.04226521;-0.04658548;16.9170000
4228.00016403198;17.0180911;17.0156570;-0.06842931;-0.04278395;16.8260000
4229.00009155273;16.9232130;16.9444890;-0.05953556;-0.06147329;16.8260000
4230.00001907349;16.9217324;16.8978186;-0.02769788;-0.05033587;16.7800000
4231.0004234314;16.8330643;16.8442340;-0.06491278;-0.0541326;16.7340000
4232.00035095215;16.8274652;16.8041201;-0.005574402;-0.04308495;16.6890000
4233.0002784729;16.7862608;16.7841525;-0.04995227;-0.02976014;16.6430000
4234.00020599365;16.7396870;16.7475553;-0.04645251;-0.03455747;16.5980000
4235.0001335144;16.6946771;16.7020769;-0.0461591;-0.04141247;16.5530000
4236.00006103516;16.6487075;16.6536780;-0.0462885;-0.04570642;16.4620000
4236.99998855591;16.6031719;16.6078420;-0.04224136;-0.04551174;16.4620000
4238.00039291382;16.5619565;16.5642114;-0.06788241;-0.04485401;16.4170000
4239.00032043457;16.4685837;16.4876790;-0.06183685;-0.06562281;16.3710000
4240.00024795532;16.4634022;16.4365978;-0.00476482;-0.05395477;16.3260000
4241.00017547607;16.4231783;16.4134116;-0.04836429;-0.03563908;16.2810000
4242.00010299683;16.3767075;16.3777681;-0.04585287;-0.03608555;16.2360000
4243.00003051758;16.3316141;16.3350911;-0.04529788;-0.04030521;16.1910000
4244.00043487549;16.2866250;16.2890763;-0.04527312;-0.043898;16.1460000
4245.00036239624;16.2416250;16.2438364;-0.04524639;-0.04458487;16.1010000
4246.00028991699;16.1966250;16.2009211;-0.04547866;-0.04350282;16.0560000
4247.00021743774;16.1516250;16.1577673;-0.04568436;-0.04337761;16.0110000
4248.0001449585;16.1066250;16.1125870;-0.04566427;-0.04459924;15.9670000
4249.00007247925;16.0616346;16.0654993;-0.04549993;-0.04619096;15.9220000
4250;16.0165620;16.0178752;-0.04472216;-0.04702556;15.8330000
4251.00040435791;15.9721195;15.9723373;-0.04123878;-0.04592226;15.8330000
4252.00033187866;15.9308413;15.9297199;-0.06674745;-0.04435821;15.7880000
4253.00025939941;15.8394187;15.8568235;-0.0601791;-0.0630387;15.7440000
4254.00018692017;15.8344432;15.8111067;-0.005468915;-0.04970073;15.6990000
4255.00011444092;15.7940522;15.7900067;-0.04815342;-0.032876;15.6550000
4256.00004196167;15.7495521;15.7549591;-0.04493707;-0.034685;15.6110000
4256.99996948242;15.7045825;15.7107325;-0.04541992;-0.04077603;15.5660000
4258.00037384033;15.6604795;15.6619759;-0.04400787;-0.04565583;15.5220000
4259.00030136108;15.6165630;15.6142922;-0.04417114;-0.04668933;15.4780000
4260.00022888184;15.5715825;15.5707808;-0.04464538;-0.04462405;15.4340000
4261.00015640259;15.5274891;15.5290575;-0.04408522;-0.04281034;15.3900000
4262.00008392334;15.4835000;15.4866786;-0.04435415;-0.04264369;15.3460000
4263.00001144409;15.4395000;15.4425116;-0.04433554;-0.04369253;15.3020000
4264.000415802;15.3955000;15.3971524;-0.0441841;-0.04473867;15.2580000
4265.00034332275;15.3515000;15.3521509;-0.04407252;-0.04484882;15.2140000
4266.00027084351;15.3075000;15.3085799;-0.04412032;-0.04398669;15.1700000
4267.00019836426;15.2635000;15.2657838;-0.04425445;-0.04327371;15.1260000
4268.00012588501;15.2195000;15.2228089;-0.04436867;-0.04314552;15.0820000
4269.00005340576;15.1755000;15.1790590;-0.04439653;-0.04354652;15.0390000
4269.99998092651;15.1315096;15.1346536;-0.04441963;-0.04408833;14.9950000
4271.00038528442;15.0874370;15.0902481;-0.04388905;-0.04424475;14.9520000
4272.00031280518;15.0444271;15.0464983;-0.0435654;-0.04389855;14.9080000
4273.00024032593;15.0004479;15.0028081;-0.04392833;-0.04379652;14.8650000
4274.00016784668;14.9574271;14.9589987;-0.04350974;-0.04379231;14.8210000
4275.00009536743;14.9134479;14.9148913;-0.04382618;-0.04400008;14.7780000
4276.00002288818;14.8704271;14.8712607;-0.04342751;-0.043733;14.7350000
4277.00042724609;14.8264575;14.8280473;-0.04391183;-0.0434452;14.6910000
4278.00035476685;14.7833545;14.7848935;-0.04301262;-0.04325897;14.6480000
4279.0002822876;14.7404380;14.7419782;-0.04359576;-0.0430702;14.6050000
4280.00020980835;14.6964575;14.6979303;-0.04389879;-0.04375162;14.5620000
4281.0001373291;14.6533641;14.6537633;-0.04295496;-0.04397998;14.5190000
4282.00006484985;14.6103750;14.6100731;-0.04296636;-0.04376782;14.4760000
4282.99999237061;14.5673750;14.5673366;-0.04299572;-0.04310521;14.3900000
4284.00039672852;14.5239616;14.5255537;-0.04019594;-0.04217961;14.3900000
4285.00032424927;14.4844982;14.4844265;-0.06421206;-0.04205297;14.3470000
4286.00025177002;14.3962122;14.4121261;-0.05812661;-0.06178456;14.3050000
4287.00017929077;14.3913691;14.3664093;-0.00484697;-0.04922763;14.2620000
4288.00010681152;14.3527805;14.3465014;-0.04572552;-0.03195276;14.2190000
4289.00003433228;14.3102925;14.3138380;-0.04266033;-0.03282606;14.1770000
4290.00043869019;14.2673955;14.2723532;-0.04371123;-0.03842433;14.0920000
4291.00036621094;14.2239082;14.2261596;-0.03991458;-0.04317342;14.0920000
4292.00029373169;14.1853527;14.1819925;-0.06268681;-0.04402706;14.0490000
4293.00022125244;14.0981406;14.1130896;-0.05737391;-0.06021948;14.0070000
4294.00014877319;14.0933800;14.0707107;-0.005191691;-0.04673446;13.9650000
4295.00007629395;14.0547901;14.0512200;-0.04609669;-0.03078034;13.9220000
4296.0000038147;14.0122295;14.0171261;-0.04238671;-0.03334029;13.8800000
4297.00040817261;13.9703130;13.9740319;-0.0428385;-0.03958029;13.8380000
4298.00033569336;13.9273325;13.9261098;-0.04259847;-0.04479146;13.7960000
4299.00026321411;13.8852391;13.8805719;-0.04139047;-0.044928;13.7540000
4300.00019073486;13.8432500;13.8415308;-0.04180845;-0.0411322;13.7120000
4301.00011825562;13.8012500;13.8036223;-0.04226431;-0.03921953;13.6700000
4302.00004577637;13.7592500;13.7629719;-0.04241468;-0.04027737;13.6280000
4302.99997329712;13.7172500;13.7198181;-0.04228613;-0.04213668;13.5860000
4304.00037765503;13.6752500;13.6756511;-0.04204468;-0.04338632;13.5450000
4305.00030517578;13.6332596;13.6329146;-0.04203089;-0.04292775;13.5030000
4306.00023269653;13.5911870;13.5914893;-0.04160953;-0.0419616;13.4610000
4307.00016021729;13.5501675;13.5511370;-0.04137331;-0.0409375;13.4200000
4308.00008773804;13.5082705;13.5101290;-0.04236592;-0.04102506;13.3780000
4309.00001525879;13.4661870;13.4680481;-0.04178321;-0.04169865;13.3370000
4310.0004196167;13.4251771;13.4268017;-0.04151564;-0.04136841;13.2950000
4311.00034713745;13.3831979;13.3860321;-0.04198114;-0.04103576;13.2540000
4312.0002746582;13.3421771;13.3451433;-0.04166512;-0.04097534;13.2130000
4313.00020217896;13.3002075;13.3034797;-0.04209928;-0.04147561;13.1720000
4314.00012969971;13.2591141;13.2613392;-0.04115839;-0.04186607;13.1300000
4315.00005722046;13.2181154;13.2197948;-0.04111778;-0.04164307;13.0480000
4315.99998474121;13.1767939;13.1796808;-0.03890303;-0.04059236;13.0480000
4317.00038909912;13.1381854;13.1399245;-0.06216154;-0.04056206;13.0070000
4318.00031661987;13.0539124;13.0708428;-0.05552924;-0.05914788;12.9660000
4319.00024414063;13.0492963;13.0272122;-0.004746476;-0.04707267;12.8850000
4320.00017166138;13.0121872;13.0081983;-0.04145237;-0.03045216;12.8850000
4321.00009918213;12.9740399;12.9769654;-0.06113487;-0.03186493;12.8440000
4322.00002670288;12.8908408;12.9088373;-0.05500285;-0.05544883;12.8030000
4323.00043106079;12.8863072;12.8617497;-0.004560416;-0.04772785;12.7620000
4324.00035858154;12.8495717;12.8410072;-0.04371601;-0.03163425;12.7220000
4325.00028610229;12.8081346;12.8100724;-0.04128524;-0.03156828;12.6810000
4326.00021362305;12.7670620;12.7726407;-0.04119741;-0.03532119;12.6410000
4327.0001411438;12.7270521;12.7316327;-0.04084499;-0.03890453;12.6000000
4328.00006866455;12.6860729;12.6893730;-0.04103305;-0.04098136;12.5600000
4328.9999961853;12.6460521;12.6477690;-0.04052593;-0.04135523;12.5200000
4330.00040054321;12.6050825;12.6066418;-0.04090843;-0.04124143;12.4800000
4331.00032806396;12.5649891;12.5657530;-0.03999559;-0.04097207;12.4390000
4332.00025558472;12.5249904;12.5254603;-0.03998302;-0.04054739;12.3990000
4333.00018310547;12.4850630;12.4854059;-0.04046236;-0.0402335;12.3590000
4334.00011062622;12.4440825;12.4449940;-0.04083626;-0.04037082;12.3190000
4335.00003814697;12.4039891;12.4047012;-0.03998982;-0.04029773;12.2790000
4336.00044250488;12.3640000;12.3653026;-0.04014513;-0.03971912;12.2390000
4337.00037002563;12.3240000;12.3260827;-0.04023205;-0.03942217;12.1990000
4338.00029754639;12.2840000;12.2868629;-0.04031898;-0.03935162;12.1600000
4339.00022506714;12.2440096;12.2471066;-0.04041439;-0.03962672;12.1200000
4340.00015258789;12.2039370;12.2068734;-0.03990301;-0.040013;12.0800000
4341.00008010864;12.1649175;12.1671171;-0.03951037;-0.03980505;12.0410000
4342.00000762939;12.1250205;12.1272416;-0.04040632;-0.03990507;12.0010000
4343.0004119873;12.0849370;12.0868297;-0.03978673;-0.04020996;11.9620000
4344.00033950806;12.0459271;12.0468350;-0.03943579;-0.04004275;11.9220000
4345.00026702881;12.0059479;12.0071383;-0.03979799;-0.0398519;11.8830000
4346.00019454956;11.9669271;11.9676204;-0.03941188;-0.03963058;11.8440000
4347.00012207031;11.9269575;11.9281025;-0.03986228;-0.03960373;11.8050000
4348.00004959106;11.8878641;11.8883462;-0.03896419;-0.03968484;11.7260000
4348.99997711182;11.8484905;11.8497224;-0.03636381;-0.03894902;11.7260000
4350.00038146973;11.8127707;11.8118734;-0.05857027;-0.03871992;11.6870000
4351.00030899048;11.7317168;11.7455931;-0.05339209;-0.05679698;11.6480000
4352.00023651123;11.7272221;11.7023797;-0.003998074;-0.0459911;11.5700000
4353.00016403198;11.6919250;11.6840215;-0.03890652;-0.02950365;11.5700000
4354.00009155273;11.6557076;11.6552920;-0.05819979;-0.02987876;11.5320000
4355.00001907349;11.5756440;11.5917535;-0.05297554;-0.05172758;11.4930000
4356.0004234314;11.5711700;11.5492554;-0.003989644;-0.04351136;11.4540000
4357.00035095215;11.5372174;11.5316720;-0.04113865;-0.02805971;11.4160000
4358.0002784729;11.4978955;11.5019293;-0.03960829;-0.02949474;11.3770000
4359.00020599365;11.4588120;11.4641400;-0.03916948;-0.03475462;11.3390000
4360.0001335144;11.4208021;11.4233108;-0.03861415;-0.03853934;11.3000000
4361.00006103516;11.3818229;11.3828988;-0.03878523;-0.03961068;11.2620000
4361.99998855591;11.3438021;11.3444538;-0.03840724;-0.03879361;11.2230000
4363.00039291382;11.3048229;11.3070221;-0.03891039;-0.03796838;11.1850000
4364.00032043457;11.2668021;11.2690539;-0.03858553;-0.03798385;11.1470000
4365.00024795532;11.2278325;11.2298937;-0.03896435;-0.03874547;11.1090000
4366.00017547607;11.1897391;11.1905546;-0.03800134;-0.03904463;11.0710000
4367.00010299683;11.1517500;11.1525269;-0.03808656;-0.03837655;11.0330000
4368.00003051758;11.1137500;11.1153336;-0.03817644;-0.03765445;10.9950000
4369.00043487549;11.0757500;11.0781999;-0.03827296;-0.03735636;10.9570000
4370.00036239624;11.0377500;11.0405893;-0.03831635;-0.03755675;10.9190000
4371.00028991699;10.9997500;11.0025616;-0.03831326;-0.03785314;10.8810000
4372.00021743774;10.9617500;10.9639974;-0.0382504;-0.03827757;10.8440000
4373.0001449585;10.9237596;10.9253140;-0.03824252;-0.03852289;10.7690000
4374.00007247925;10.8853313;10.8870478;-0.03520166;-0.03827665;10.7690000
4375;10.8513645;10.8502717;-0.05547199;-0.03773331;10.7310000
4376.00040435791;10.7744183;10.7876272;-0.0506273;-0.05411636;10.6940000
4377.00033187866;10.7702219;10.7467981;-0.004228723;-0.04361305;10.6560000
4378.00025939941;10.7361010;10.7285590;-0.04013723;-0.02865234;10.6190000
4379.00018692017;10.6986771;10.6999488;-0.03747633;-0.02903314;10.5820000
4380.00011444092;10.6607075;10.6645436;-0.03816211;-0.03314476;10.5440000
4381.00004196167;10.6236045;10.6262179;-0.03713232;-0.03635496;10.5070000
4382.00044631958;10.5866880;10.5884881;-0.03762471;-0.03710951;10.4700000
4383.00037384033;10.5487075;10.5510564;-0.03799641;-0.03732163;10.4330000
4384.00030136108;10.5116141;10.5138631;-0.03716106;-0.03721165;10.3960000
4385.00022888184;10.4746250;10.4764314;-0.03720126;-0.03737348;10.3590000
4386.00015640259;10.4376250;10.4384036;-0.03708675;-0.03779685;10.3230000
4387.00008392334;10.4006346;10.4004355;-0.03704715;-0.03787179;10.2860000
4388.00001144409;10.3635620;10.3636594;-0.0365867;-0.0371384;10.2490000
4389.000415802;10.3275425;10.3283138;-0.03635123;-0.03598706;10.2130000
4390.00034332275;10.2906455;10.2931471;-0.03743757;-0.0355381;10.1760000
4391.00027084351;10.2535620;10.2567883;-0.03693531;-0.03609887;10.1400000
4392.00019836426;10.2175521;10.2201910;-0.03662865;-0.03638847;10.1030000
4393.00012588501;10.1805729;10.1834746;-0.03698866;-0.03662615;10.0670000
4394.00005340576;10.1445521;10.1469369;-0.03660034;-0.03655337;10.0300000
4394.99998092651;10.1075729;10.1100416;-0.03694042;-0.03680442;9.9940000
4396.00038528442;10.0715521;10.0730271;-0.03649898;-0.03692915;9.9580000
4397.00031280518;10.0345825;10.0361319;-0.03690733;-0.03693946;9.9220000
4398.00024032593;9.9984891;9.9994750;-0.03602033;-0.03670886;9.8500000
4399.00016784668;9.9621539;9.9641295;-0.03372402;-0.03579898;9.8500000
4400.00009536743;9.9291147;9.9292011;-0.05377525;-0.0356931;9.8140000
4401.00002288818;9.8552009;9.8685236;-0.04866407;-0.05204005;9.7780000
4402.00042724609;9.8511382;9.8289461;-0.003855536;-0.04210914;9.7420000
4403.00035476685;9.8188922;9.8115416;-0.03840367;-0.02748762;9.7070000
4404.0002822876;9.7825096;9.7835274;-0.03618274;-0.02826059;9.6710000
4405.00020980835;9.7464370;9.7490163;-0.03586322;-0.0322687;9.6350000
4406.0001373291;9.7114175;9.7125979;-0.03539681;-0.03483016;9.6000000
4407.00006484985;9.6755205;9.6768947;-0.03631196;-0.0353101;9.5640000
4407.99999237061;9.6394370;9.6412511;-0.03577797;-0.03552296;9.5290000
4409.00039672852;9.6044271;9.6056075;-0.03546615;-0.03560644;9.4940000
4410.00032424927;9.5684575;9.5688315;-0.03577637;-0.03638556;9.4580000
4411.00025177002;9.5333545;9.5317574;-0.0346632;-0.03674207;9.4230000
4412.00017929077;9.4984380;9.4964118;-0.0351984;-0.03580244;9.3880000
4413.00010681152;9.4624575;9.4620199;-0.03568595;-0.03494098;9.3530000
4414.00003433228;9.4273641;9.4279857;-0.03497973;-0.03436885;9.3180000
4415.00043869019;9.3923750;9.3938322;-0.03516236;-0.03426779;9.2830000
4416.00036621094;9.3573750;9.3591423;-0.0351969;-0.03451896;9.2480000
4417.00029373169;9.3223750;9.3243332;-0.03521818;-0.0347124;9.2130000
4418.00022125244;9.2873750;9.2897625;-0.035266;-0.03459968;9.1790000
4419.00014877319;9.2523846;9.2549534;-0.03535554;-0.03472457;9.1440000
4420.00007629395;9.2173120;9.2196674;-0.03483828;-0.03506393;9.1090000
4421.0000038147;9.1832925;9.1847987;-0.03443311;-0.03491921;9.0750000
4422.00040817261;9.1483955;9.1501088;-0.03534974;-0.03480593;9.0400000
4423.00033569336;9.1133120;9.1151209;-0.03477739;-0.03488478;9.0060000
4424.00026321411;9.0793021;9.0806694;-0.03448698;-0.03456532;8.9710000
4425.00019073486;9.0443229;9.0462179;-0.0348765;-0.03450057;8.9370000
4426.00011825562;9.0103021;9.0115876;-0.03447786;-0.03460616;8.9030000
4427.00004577637;8.9753325;8.9767189;-0.03488917;-0.03481426;8.8690000
4427.99997329712;8.9412391;8.9418502;-0.03397857;-0.03480092;8.8350000
4429.00037765503;8.9072500;8.9076371;-0.03404313;-0.03442371;8.8010000
4430.00030517578;8.8732500;8.8737221;-0.0340526;-0.03411935;8.7670000
4431.00023269653;8.8392500;8.8399263;-0.03407535;-0.03393875;8.7330000
4432.00016021729;8.8052500;8.8060708;-0.03409145;-0.03389411;8.6990000
4433.00008773804;8.7712500;8.7717981;-0.03406107;-0.03411921;8.6650000
4434.00001525879;8.7372500;8.7373467;-0.03401077;-0.0343003;8.6310000
4435.0004196167;8.7032500;8.7031336;-0.03398703;-0.03422219;8.5980000
4436.00034713745;8.6692596;8.6689801;-0.03403819;-0.03414554;8.5640000
4437.0002746582;8.6351870;8.6350055;-0.03355562;-0.03403293;8.5310000
4438.00020217896;8.6021771;8.6017461;-0.03328661;-0.03351782;8.4970000
4439.00012969971;8.5681979;8.5684271;-0.0336909;-0.03339233;8.4310000
4440.00005722046;8.5348599;8.5354061;-0.0311074;-0.03307173;8.4310000
4440.99998474121;8.5036043;8.5031004;-0.04996371;-0.0330123;8.3640000
4442.00038909912;8.4354298;8.4473701;-0.04213146;-0.04783552;8.3640000
4443.00031661987;8.4345032;8.4125610;-0.02006535;-0.03810083;8.2980000
4444.00024414063;8.3688923;8.3750696;-0.04533702;-0.03914346;8.2980000
4445.00017166138;8.3674293;8.3476515;-0.01979283;-0.03044647;8.2650000
4446.00009918213;8.3031270;8.3126040;-0.04725805;-0.03480703;8.2320000
4447.00002670288;8.2990433;8.2842918;-0.004157207;-0.0290011;8.2000000
4448.00043106079;8.2694941;8.2718344;-0.03628419;-0.01951578;8.1670000
4449.00035858154;8.2360620;8.2456083;-0.03363947;-0.02407947;8.1340000
4450.00028610229;8.2040425;8.2128854;-0.03325055;-0.02946638;8.0690000
4451.00021362305;8.1708283;8.1778975;-0.0316584;-0.03287777;8.0690000
4452.0001411438;8.1404588;8.1428499;-0.04912741;-0.03453512;8.0360000
4453.00006866455;8.0736850;8.0855699;-0.04383752;-0.04943324;8.0040000
4453.9999961853;8.0700638;8.0487342;-0.003583144;-0.03958024;7.9720000
4455.00040054321;8.0404311;8.0325813;-0.03472468;-0.02563573;7.9390000
4456.00032806396;8.0079795;8.0078454;-0.0318262;-0.02536489;7.9070000
4457.00025558472;7.9760630;7.9779835;-0.03263813;-0.0282224;7.8750000
4458.00018310547;7.9430825;7.9453201;-0.03298401;-0.03101413;7.8430000
4459.00011062622;7.9109891;7.9131336;-0.03214942;-0.03166096;7.8110000
4460.00003814697;7.8790000;7.8821392;-0.03234976;-0.03124114;7.7790000
4461.00044250488;7.8470000;7.8508468;-0.0324286;-0.03133409;7.7470000
4462.00037002563;7.8150000;7.8179450;-0.03232812;-0.03236072;7.7150000
4463.00029754639;7.7830000;7.7840896;-0.0321214;-0.03330337;7.6830000
4464.00022506714;7.7510000;7.7504726;-0.03194124;-0.03345056;7.6520000
4465.00015258789;7.7190096;7.7183457;-0.03199536;-0.03258883;7.6200000
4466.00008010864;7.6869370;7.6871128;-0.03159543;-0.03171389;7.5890000
4467.00000762939;7.6559271;7.6567741;-0.031429;-0.03084187;7.5570000
4468.0004119873;7.6239479;7.6258989;-0.03188274;-0.03092144;7.5260000
4469.00033950806;7.5929271;7.5946064;-0.03152174;-0.03114654;7.4940000
4470.00026702881;7.5609479;7.5629563;-0.03188913;-0.03145036;7.4630000
4471.00019454956;7.5299271;7.5313659;-0.03149494;-0.03150307;7.4320000
4472.00012207031;7.4979575;7.4995966;-0.03191733;-0.03169484;7.3700000
4473.00004959106;7.4665661;7.4681850;-0.02894144;-0.03144025;7.3700000
4473.99997711182;7.4381266;7.4377866;-0.04626029;-0.03113808;7.3390000
4475.00038146973;7.3744786;7.3853941;-0.04184313;-0.04509314;7.3080000
4476.00030899048;7.3709801;7.3517175;-0.003303024;-0.03602456;7.2770000
4477.00023651123;7.3432127;7.3383064;-0.03322841;-0.02262249;7.2460000
4478.00016403198;7.3118750;7.3152394;-0.03137485;-0.02323451;7.2150000
4479.00009155273;7.2808750;7.2855563;-0.03152158;-0.02735581;7.1850000
4480.00001907349;7.2498846;7.2527142;-0.0313846;-0.03077988;7.1540000
4481.0004234314;7.2188120;7.2204681;-0.03076036;-0.03159685;7.1240000
4482.00035095215;7.1888021;7.1904869;-0.03052235;-0.03052589;7.0930000
4483.0002784729;7.1578229;7.1608634;-0.03100413;-0.03003665;7.0630000
4484.00020599365;7.1278021;7.1302266;-0.03060477;-0.03045183;7.0320000
4485.0001335144;7.0968229;7.0983977;-0.03084082;-0.03134111;7.0020000
4486.00006103516;7.0668021;7.0668669;-0.03034186;-0.03142305;6.9720000
4486.99998855591;7.0358325;7.0361705;-0.03077236;-0.0309665;6.9420000
4488.00039291382;7.0057391;7.0063682;-0.02998057;-0.03018797;6.9120000
4489.00032043457;6.9757500;6.9772215;-0.03016395;-0.02955185;6.8820000
4490.00024795532;6.9457500;6.9475980;-0.0302059;-0.02962629;6.8520000
4491.00017547607;6.9157500;6.9174380;-0.03018807;-0.02997146;6.8220000
4492.00010299683;6.8857500;6.8870397;-0.03014369;-0.03022604;6.7920000
4493.00003051758;6.8557500;6.8569989;-0.03013915;-0.0300839;6.7630000
4494.00043487549;6.8257596;6.8270774;-0.03021616;-0.02997738;6.7330000
4495.00036239624;6.7956870;6.7967386;-0.02969301;-0.03021431;6.7030000
4496.00028991699;6.7666675;6.7669363;-0.02929525;-0.02991348;6.6740000
4497.00021743774;6.7367705;6.7371340;-0.03019935;-0.02985921;6.6450000
4498.0001449585;6.7066966;6.7072125;-0.02970266;-0.02988494;6.6150000
4499.00007247925;6.6776045;6.6780062;-0.0288859;-0.02941177;6.5570000
4500;6.6484092;6.6496940;-0.02755656;-0.02867878;6.5570000
4501.00040435791;6.6208138;6.6212030;-0.04408926;-0.02894104;6.5280000
4502.00033187866;6.5611787;6.5713139;-0.03904558;-0.04264522;6.4990000
4503.00025939941;6.5579169;6.5388293;-0.002970966;-0.03444489;6.4690000
4504.00018692017;6.5319313;6.5258355;-0.03084751;-0.02167561;6.4410000
4505.00011444092;6.5026976;6.5044971;-0.02969398;-0.02179663;6.4120000
4506.00004196167;6.4726445;6.4767213;-0.02976477;-0.02564612;6.3830000
4507.00044631958;6.4445316;6.4467998;-0.0284285;-0.02823552;6.3540000
4508.00037384033;6.4156359;6.4177127;-0.02932091;-0.02866824;6.3260000
4509.00030136108;6.3866346;6.3891621;-0.02935094;-0.02855707;6.2970000
4510.00022888184;6.3575620;6.3605518;-0.02890896;-0.02858298;6.2680000
4511.00015640259;6.3295425;6.3317032;-0.02850603;-0.02872219;6.2400000
4512.00008392334;6.3006455;6.3022585;-0.02933857;-0.02919242;6.2120000
4513.00001144409;6.2715716;6.2724562;-0.02874374;-0.02953229;6.1830000
4514.000415802;6.2434795;6.2437863;-0.02787533;-0.02889472;6.1550000
4515.00034332275;6.2155630;6.2166662;-0.02854707;-0.02779271;6.0990000
4516.00027084351;6.1863133;6.1894865;-0.02714684;-0.02740601;6.0990000
4517.00019836426;6.1605228;6.1621280;-0.04190703;-0.02767494;6.0430000
4518.00012588501;6.1027760;6.1148615;-0.03610044;-0.04042401;6.0430000
4519.00005340576;6.1019189;6.0845823;-0.01680798;-0.03267751;6.0150000
4519.99998092651;6.0473502;6.0529323;-0.03982376;-0.03325967;5.9870000
4521.00038528442;6.0438853;6.0286136;-0.003220339;-0.02617642;5.9590000
4522.00031280518;6.0188051;6.0178251;-0.03039732;-0.01724083;5.9320000
4523.00024032593;5.9905096;5.9957714;-0.02865559;-0.02057012;5.9040000
4524.00016784668;5.9624370;5.9678764;-0.02818189;-0.02517569;5.8760000
4525.00009536743;5.9354175;5.9391470;-0.02768083;-0.02731097;5.8490000
4526.00002288818;5.9075205;5.9110136;-0.02854804;-0.02779221;5.8210000
4527.00042724609;5.8794370;5.8819265;-0.02785322;-0.02864509;5.7940000
4528.00035476685;5.8524271;5.8527799;-0.02737394;-0.02892398;5.7670000
4529.0002822876;5.8244575;5.8233948;-0.0276163;-0.02922367;5.7400000
4530.00020980835;5.7973641;5.7949038;-0.02663636;-0.02869385;5.7130000
4531.0001373291;5.7703750;5.7679625;-0.0267312;-0.02755987;5.6850000
4532.00006484985;5.7433654;5.7425113;-0.0268355;-0.02624914;5.6580000
4532.99999237061;5.7164380;5.7172985;-0.02752003;-0.02564755;5.6320000
4534.00039672852;5.6884671;5.6909533;-0.02808104;-0.02615314;5.6050000
4535.00032424927;5.6613011;5.6633563;-0.02671531;-0.02703136;5.5780000
4536.00025177002;5.6352925;5.6363554;-0.02638372;-0.02698724;5.5510000
4537.00017929077;5.6083859;5.6095929;-0.027224;-0.02685669;5.5250000
4538.00010681152;5.5813846;5.5821748;-0.02715737;-0.02722871;5.4980000
4539.00003433228;5.5543120;5.5545778;-0.02660546;-0.02742592;5.4720000
4540.00043869019;5.5283021;5.5278750;-0.02628705;-0.02691528;5.4450000
4541.00036621094;5.5013229;5.5015297;-0.0266884;-0.02658779;5.4190000
4542.00029373169;5.4753021;5.4756613;-0.02637466;-0.02611137;5.3920000
4543.00022125244;5.4483229;5.4496141;-0.02680922;-0.02611413;5.3660000
4544.00014877319;5.4223021;5.4233880;-0.02645562;-0.02617878;5.3400000
4545.00007629395;5.3953325;5.3966851;-0.02688541;-0.02654045;5.2880000
4546.0000038147;5.3689892;5.3703399;-0.02425824;-0.02633628;5.2880000
4547.00040817261;5.3451384;5.3452463;-0.03884275;-0.02580424;5.2360000
4548.00033569336;5.2915063;5.3016753;-0.03340449;-0.03739351;5.2100000
4549.00026321411;5.2904605;5.2752109;-0.01389924;-0.02916743;5.2100000
4550.00019073486;5.2419279;5.2476139;-0.04986594;-0.02964227;5.1850000
4551.00011825562;5.2113379;5.2071424;-0.01224641;-0.03554973;5.1590000
4552.00004577637;5.2110423;5.1939101;-0.004564804;-0.02055155;5.1330000
4553.00045013428;5.1884508;5.1889629;-0.02764983;-0.01160345;5.1080000
4554.00037765503;5.1622705;5.1712604;-0.02716048;-0.0158235;5.0820000
4555.00030517578;5.1361870;5.1455112;-0.02661472;-0.02207202;5.0570000
4556.00023269653;5.1111771;5.1180334;-0.02609855;-0.0253335;5.0060000
4557.00016021729;5.0849575;5.0905557;-0.0245557;-0.02666359;5.0060000
4558.00008773804;5.0619929;5.0630183;-0.03778612;-0.02746517;4.9810000
4559.00001525879;5.0096942;5.0171824;-0.03433269;-0.03949089;4.9560000
4560.0004196167;5.0067795;4.9869032;-0.00209044;-0.03205547;4.9310000
4561.00034713745;4.9843974;4.9756379;-0.02626199;-0.01951648;4.9060000
4562.0002746582;4.9591250;4.9585910;-0.0249405;-0.01823735;4.8810000
4563.00020217896;4.9341250;4.9370737;-0.02532854;-0.02040444;4.8570000
4564.00012969971;4.9091346;4.9128146;-0.02547935;-0.02284708;4.8320000
4565.00005722046;4.8840620;4.8878999;-0.02500345;-0.02406787;4.8070000
4565.99998474121;4.8600425;4.8635812;-0.02465957;-0.02419293;4.7820000
4567.00038909912;4.8351359;4.8385472;-0.0254696;-0.02474452;4.7580000
4568.00031661987;4.8101346;4.8120828;-0.0252864;-0.02585045;4.7330000
4569.00024414063;4.7850620;4.7850819;-0.02457806;-0.0265704;4.7090000
4570.00017166138;4.7610521;4.7592731;-0.02413642;-0.02601891;4.6850000
4571.00009918213;4.7360825;4.7350140;-0.02461565;-0.02489435;4.6600000
4572.00002670288;4.7119795;4.7120066;-0.02384416;-0.02367902;4.6120000
4573.00043106079;4.6878323;4.6898337;-0.02298308;-0.02272297;4.6120000
4574.00035858154;4.6648257;4.6668859;-0.03680799;-0.02319157;4.5880000
4575.00028610229;4.6154564;4.6258183;-0.0325181;-0.03483544;4.5640000
4576.00021362305;4.6127588;4.5992346;-0.002711917;-0.02810047;4.5400000
4577.0001411438;4.5912615;4.5885654;-0.02584804;-0.01777068;4.5160000
4578.00006866455;4.5670000;4.5699091;-0.02432412;-0.01857823;4.4930000
4578.9999961853;4.5430096;4.5458288;-0.02438344;-0.02207605;4.4690000
4580.00040054321;4.5189370;4.5199604;-0.02368987;-0.02441642;4.4450000
4581.00032806396;4.4959175;4.4964166;-0.02332091;-0.02372571;4.4220000
4582.00025558472;4.4720205;4.4743629;-0.02441984;-0.02274142;4.3980000
4583.00018310547;4.4479370;4.4509978;-0.02391687;-0.02316482;4.3750000
4584.00011062622;4.4249271;4.4269176;-0.02355641;-0.02371103;4.3520000
4585.00003814697;4.4009575;4.4020624;-0.0238578;-0.02443369;4.3280000
4586.00044250488;4.3778545;4.3779822;-0.02285537;-0.02414689;4.3050000
4587.00037002563;4.3549380;4.3556900;-0.02350794;-0.02295829;4.2820000
4588.00029754639;4.3309575;4.3332787;-0.02399332;-0.02266826;4.2590000
4589.00022506714;4.3078641;4.3103905;-0.02319196;-0.02280573;4.2360000
4590.00015258789;4.2848750;4.2875619;-0.02329937;-0.0228393;4.2130000
4591.00008010864;4.2618750;4.2644949;-0.0232919;-0.02298546;4.1900000
4592.00000762939;4.2388750;4.2413087;-0.02327115;-0.02313174;4.1670000
4593.0004119873;4.2158750;4.2181821;-0.02325705;-0.02312471;4.1450000
4594.00033950806;4.1928846;4.1948767;-0.02329129;-0.0232452;4.1220000
4595.00026702881;4.1698120;4.1715713;-0.02277186;-0.02328726;4.0770000
4596.00019454956;4.1475810;4.1490407;-0.02090254;-0.02271572;4.0770000
4597.00012207031;4.1264934;4.1269870;-0.03407062;-0.02256656;4.0320000
4598.00004959106;4.0800288;4.0890188;-0.02888413;-0.03263215;4.0320000
4599.00045394897;4.0793456;4.0650578;-0.01346668;-0.02602817;4.0100000
4600.00038146973;4.0355005;4.0401430;-0.03205339;-0.02632511;3.9880000
4601.00030899048;4.0326847;4.0201755;-0.002383925;-0.02114492;3.9650000
4602.00023651123;4.0129801;4.0112944;-0.02371225;-0.01401029;3.9210000
4603.00016403198;3.9906015;3.9944263;-0.02132491;-0.0160104;3.9210000
4604.00009155273;3.9694304;3.9730282;-0.03399233;-0.01965356;3.8990000
4605.00001907349;3.9241674;3.9354773;-0.03000263;-0.03125316;3.8770000
4606.0004234314;3.9216956;3.9110990;-0.00268654;-0.02557999;3.8560000
4607.00035095215;3.9019993;3.9000125;-0.02381737;-0.0170841;3.8340000
4608.0002784729;3.8796870;3.8812370;-0.02174854;-0.01836568;3.8120000
4609.00020599365;3.8586675;3.8584085;-0.02123644;-0.02116876;3.7910000
4610.0001335144;3.8367705;3.8348646;-0.0219465;-0.02259933;3.7690000
4611.00006103516;3.8146870;3.8131089;-0.02140002;-0.02194875;3.7480000
4611.99998855591;3.7936771;3.7938566;-0.02135463;-0.02027693;3.7260000
4613.00039291382;3.7716979;3.7736507;-0.02188294;-0.02031538;3.7050000
4614.00032043457;3.7506771;3.7518950;-0.02147033;-0.02121466;3.6840000
4615.00024795532;3.7287075;3.7291260;-0.02178133;-0.0221641;3.6410000
4616.00017547607;3.7074026;3.7070127;-0.01934165;-0.02203625;3.6410000
4617.00010299683;3.6882133;3.6866875;-0.03161744;-0.02116933;3.5990000
4618.00003051758;3.6439145;3.6518784;-0.02768745;-0.03016934;3.5990000
4619.00043487549;3.6431783;3.6294074;-0.01243085;-0.02421942;3.5790000
4620.00036239624;3.6022723;3.6061616;-0.02990404;-0.02451149;3.5580000
4621.00028991699;3.5996009;3.5877438;-0.001946163;-0.01951769;3.5370000
4622.00021743774;3.5817713;3.5804720;-0.02200042;-0.01235209;3.5160000
4623.0001449585;3.5606359;3.5650344;-0.02157959;-0.01457721;3.4960000
4624.00007247925;3.5396346;3.5445304;-0.02161481;-0.01832756;3.4750000
4625;3.5185620;3.5223575;-0.02099873;-0.02070196;3.4550000
4626.00040435791;3.4985521;3.5008998;-0.02059621;-0.02110782;3.4340000
4627.00033187866;3.4775729;3.4796806;-0.0209002;-0.02120747;3.4140000
4628.00025939941;3.4575521;3.4585805;-0.02044922;-0.02110277;3.3940000
4629.00018692017;3.4365825;3.4373016;-0.02081482;-0.02122102;3.3730000
4630.00011444092;3.4164795;3.4164996;-0.01984338;-0.02089773;3.3530000
4631.00004196167;3.3965630;3.3967705;-0.02044727;-0.02015201;3.3330000
4632.00044631958;3.3755825;3.3769221;-0.02088396;-0.0199831;3.3130000
4633.00037384033;3.3554891;3.3571930;-0.02010033;-0.01981639;3.2930000
4634.00030136108;3.3355000;3.3378215;-0.02025866;-0.01955953;3.2730000
4635.00022888184;3.3155000;3.3184500;-0.02032868;-0.01944135;3.2540000
4636.00015640259;3.2955096;3.2986612;-0.02042048;-0.01967922;3.2340000
4637.00008392334;3.2754370;3.2784553;-0.01991213;-0.02001654;3.2140000
4638.00001144409;3.2564175;3.2586069;-0.01950924;-0.0198825;3.1950000
4639.000415802;3.2365205;3.2387586;-0.02040822;-0.01988505;3.1750000
4640.00034332275;3.2164370;3.2184930;-0.01980492;-0.02010284;3.1560000
4641.00027084351;3.1974271;3.1987639;-0.01948358;-0.01982053;3.1360000
4642.00019836426;3.1774479;3.1793924;-0.01988201;-0.01956793;3.1170000
4643.00012588501;3.1584271;3.1600804;-0.01951884;-0.01939934;3.0980000
4644.00005340576;3.1384575;3.1405897;-0.01997226;-0.01951157;3.0790000
4645.00045776367;3.1193641;3.1209798;-0.0190905;-0.01953854;3.0600000
4646.00038528442;3.1003750;3.1015487;-0.01913077;-0.01946555;3.0220000
4647.00031280518;3.0811924;3.0824156;-0.0178189;-0.019244;3.0220000
4648.00024032593;3.0637550;3.0636401;-0.0283635;-0.01916642;3.0030000
4649.00016784668;3.0247449;3.0313940;-0.02564122;-0.02777547;2.9840000
4650.00009536743;3.0226007;3.0101152;-0.001948739;-0.02248402;2.9650000
4651.00002288818;3.0055820;3.0020089;-0.02030274;-0.01392242;2.9460000
4652.00042724609;2.9863750;2.9879422;-0.01917461;-0.01425095;2.9280000
4653.00035476685;2.9673846;2.9698820;-0.01934759;-0.01672946;2.8910000
4654.0002822876;2.9481389;2.9502125;-0.01755883;-0.01853201;2.8910000
4655.00020980835;2.9316095;2.9313774;-0.02719159;-0.01882995;2.8720000
4656.0001373291;2.8936733;2.9005022;-0.02501607;-0.02674824;2.8540000
4657.00006484985;2.8916212;2.8801174;-0.002216971;-0.02159417;2.8360000
4657.99999237061;2.8745286;2.8714152;-0.01999914;-0.01397629;2.8180000
4659.00039672852;2.8562391;2.8570504;-0.01800087;-0.01442331;2.7990000
4660.00032424927;2.8382404;2.8396459;-0.01808726;-0.01630753;2.7810000
4661.00025177002;2.8203130;2.8213472;-0.01853938;-0.01753182;2.7630000
4662.00017929077;2.8013325;2.8029294;-0.01891262;-0.01808424;2.7450000
4663.00010681152;2.7832391;2.7846308;-0.01806554;-0.01819532;2.7280000
4664.00003433228;2.7652596;2.7666898;-0.01822868;-0.01803995;2.7100000
4665.00043869019;2.7471870;2.7480335;-0.01767016;-0.01841279;2.6920000
4666.00036621094;2.7301675;2.7298541;-0.01723038;-0.01821572;2.6740000
4667.00029373169;2.7122609;2.7120323;-0.01806405;-0.01796636;2.6570000
4668.00022125244;2.6942596;2.6944490;-0.01809044;-0.01769539;2.6390000
4669.00014877319;2.6761870;2.6768060;-0.01764481;-0.01765181;2.6220000
4670.00007629395;2.6591771;2.6598187;-0.01740612;-0.01722964;2.6040000
4671.0000038147;2.6411979;2.6426525;-0.01782743;-0.01723796;2.5870000
4672.00040817261;2.6241771;2.6253076;-0.01746059;-0.01730261;2.5700000
4673.00033569336;2.6062075;2.6077838;-0.01791033;-0.01746323;2.5530000
4674.00026321411;2.5891141;2.5900216;-0.01701159;-0.01760694;2.5360000
4675.00019073486;2.5721250;2.5729747;-0.01709467;-0.01725362;2.5180000
4676.00011825562;2.5551154;2.5559874;-0.01702782;-0.01708434;2.5010000
4677.00004577637;2.5381880;2.5390000;-0.01751462;-0.01703375;2.4850000
4678.00045013428;2.5202171;2.5214763;-0.01794433;-0.01736427;2.4680000
4679.00037765503;2.5030511;2.5040121;-0.0165934;-0.01736669;2.4510000
4680.00030517578;2.4870425;2.4877997;-0.01634966;-0.01661109;2.4340000
4681.00023269653;2.4701359;2.4718256;-0.01727778;-0.01628163;2.4180000
4682.00016021729;2.4531346;2.4548979;-0.0172658;-0.01672509;2.4010000
4683.00008773804;2.4360620;2.4373145;-0.0167154;-0.01726616;2.3850000
4684.00001525879;2.4200521;2.4204464;-0.01637857;-0.0169808;2.3680000
4685.0004196167;2.4030729;2.4040551;-0.0167748;-0.01663155;2.3520000
4686.00034713745;2.3870521;2.3880215;-0.01644264;-0.016257;2.3350000
4687.0002746582;2.3700729;2.3719282;-0.01687208;-0.0162227;2.3190000
4688.00020217896;2.3540521;2.3556562;-0.01651336;-0.01621729;2.3030000
4689.00012969971;2.3370825;2.3390265;-0.01695129;-0.01649937;2.2870000
4690.00005722046;2.3209891;2.3223968;-0.01606732;-0.01653775;2.2710000
4690.99998474121;2.3050000;2.3064227;-0.01615851;-0.01617741;2.2390000
4692.00038909912;2.2888462;2.2906275;-0.01508909;-0.01591034;2.2390000
4693.00031661987;2.2741621;2.2750111;-0.02399042;-0.01589451;2.2230000
4694.00024414063;2.2413115;2.2478910;-0.02170182;-0.02324913;2.2070000
4695.00017166138;2.2395059;2.2297712;-0.001727885;-0.01897907;2.1920000
4696.00009918213;2.2251839;2.2226782;-0.01722245;-0.01194185;2.1760000
4697.00002670288;2.2089370;2.2106381;-0.01576538;-0.01220794;2.1600000
4698.00043106079;2.1939175;2.1958561;-0.01548129;-0.01382388;2.1450000
4699.00035858154;2.1780205;2.1802397;-0.01640611;-0.01497904;2.1290000
4700.00028610229;2.1619370;2.1641464;-0.01582201;-0.0156438;2.1140000
4701.00021362305;2.1469271;2.1486492;-0.01552651;-0.01551506;2.0990000
4702.0001411438;2.1309575;2.1325560;-0.0159128;-0.01591058;2.0840000
4703.00006866455;2.1158641;2.1161051;-0.01493733;-0.01621911;2.0680000
4703.9999961853;2.1008654;2.1002503;-0.01486213;-0.01594066;2.0530000
4705.00040054321;2.0859380;2.0852895;-0.0153519;-0.01528258;2.0380000
4706.00032806396;2.0699575;2.0704479;-0.01578934;-0.01501897;2.0230000
4707.00025558472;2.0548641;2.0554872;-0.0149799;-0.01497226;2.0080000
4708.00018310547;2.0398750;2.0407648;-0.01509914;-0.01481552;1.9930000
4709.00011062622;2.0248750;2.0259829;-0.01512344;-0.01479132;1.9640000
4710.00003814697;2.0097404;2.0112009;-0.01419202;-0.01476049;1.9640000
4711.00044250488;1.9959015;1.9966574;-0.02206241;-0.0147868;1.9490000
4712.00037002563;1.9660846;1.9718619;-0.0195672;-0.02136266;1.9350000
4713.00029754639;1.9644948;1.9553514;-0.001776836;-0.01742567;1.9200000
4714.00022506714;1.9509754;1.9483180;-0.01562254;-0.01128152;1.9060000
4715.00015258789;1.9368021;1.9372316;-0.01438249;-0.01132282;1.8910000
4716.00008010864;1.9218229;1.9233437;-0.01483481;-0.01297727;1.8770000
4717.00000762939;1.9078021;1.9087405;-0.01443919;-0.01395484;1.8630000
4718.0004119873;1.8928325;1.8941374;-0.01488009;-0.01437795;1.8350000
4719.00033950806;1.8786045;1.8800111;-0.0130965;-0.01419773;1.8350000
4720.00026702881;1.8657668;1.8661232;-0.02094856;-0.01416033;1.8200000
4721.00019454956;1.8370130;1.8419833;-0.0188321;-0.02070803;1.8060000
4722.00012207031;1.8355056;1.8254132;-0.001760622;-0.01722917;1.7930000
4723.00004959106;1.8219946;1.8183203;-0.01564791;-0.01121002;1.7790000
4724.00045394897;1.8076761;1.8072934;-0.01344369;-0.01120515;1.7650000
4725.00038146973;1.7946675;1.7949553;-0.01329737;-0.011906;1.7510000
4726.00030899048;1.7807609;1.7817826;-0.01420335;-0.01272426;1.7370000
4727.00023651123;1.7667500;1.7680736;-0.01414747;-0.01335312;1.7240000
4728.00016403198;1.7527596;1.7542453;-0.01423487;-0.01366038;1.7100000
4729.00009155273;1.7386870;1.7398210;-0.01370219;-0.01414401;1.6970000
4730.00001907349;1.7256771;1.7258139;-0.01334988;-0.01404116;1.6830000
4731.0004234314;1.7116979;1.7118068;-0.0136775;-0.01402757;1.6700000
4732.00035095215;1.6986771;1.6983361;-0.01329664;-0.01364446;1.6570000
4733.0002784729;1.6847075;1.6852827;-0.01379879;-0.01330962;1.6440000
4734.00020599365;1.6716141;1.6723485;-0.01299231;-0.01306767;1.6170000
4735.0001335144;1.6584904;1.6597719;-0.01217208;-0.01272711;1.6170000
4736.00006103516;1.6466322;1.6472550;-0.01990891;-0.0127463;1.6040000
4736.99998855591;1.6189606;1.6247244;-0.01841399;-0.01919475;1.5910000
4738.00039291382;1.6174001;1.6091676;-0.001278393;-0.0160579;1.5780000
4739.00032043457;1.6057666;1.6028495;-0.01383872;-0.01025523;1.5660000
4740.00024795532;1.5926346;1.5927763;-0.01308512;-0.01030433;1.5530000
4741.00017547607;1.5795620;1.5803189;-0.01266018;-0.01167738;1.5400000
4742.00010299683;1.5675425;1.5679808;-0.01231413;-0.01203971;1.5270000
4743.00003051758;1.5546359;1.5560002;-0.01324152;-0.01199791;1.5150000
4744.00043487549;1.5416346;1.5435429;-0.01328195;-0.01230103;1.5020000
4745.00036239624;1.5285620;1.5303106;-0.01277067;-0.01292423;1.4900000
4746.00028991699;1.5165521;1.5171380;-0.01239991;-0.01308107;1.4770000
4747.00021743774;1.5035729;1.5042038;-0.01273566;-0.01299229;1.4530000
4748.0001449585;1.4914368;1.4921041;-0.01157695;-0.01236197;1.4530000
4749.00007247925;1.4794541;1.4803620;-0.01875773;-0.01210568;1.4410000
4750;1.4547227;1.4599772;-0.01622249;-0.01753434;1.4280000
4751.00040435791;1.4533698;1.4465661;-0.001281987;-0.01415384;1.4040000
4752.00033187866;1.4425784;1.4414401;-0.01253951;-0.008779081;1.4040000
4753.00025939941;1.4304541;1.4322610;-0.01885789;-0.009367952;1.3800000
4754.00018692017;1.4056074;1.4122338;-0.01554331;-0.01629181;1.3800000
4755.00011444092;1.4052510;1.3988824;-0.007321676;-0.01380172;1.3690000
4756.00004196167;1.3818740;1.3854714;-0.01727093;-0.01407948;1.3570000
4757.00044631958;1.3803164;1.3749809;-0.001090753;-0.01118702;1.3450000
4758.00037384033;1.3705482;1.3709278;-0.01238181;-0.007008119;1.3330000
4759.00030136108;1.3585109;1.3619275;-0.01247019;-0.008424372;1.3220000
4760.00022888184;1.3465096;1.3501258;-0.01247224;-0.01054687;1.3100000
4761.00015640259;1.3344370;1.3376088;-0.01192924;-0.01176709;1.2990000
4762.00008392334;1.3234271;1.3256283;-0.01157989;-0.01185366;1.2870000
4763.00001144409;1.3114479;1.3135882;-0.01190383;-0.0119869;1.2760000
4764.000415802;1.3004271;1.3011904;-0.01141968;-0.01221487;1.2540000
4765.00034332275;1.2883517;1.2891503;-0.01106098;-0.01209095;1.2540000
4766.00027084351;1.2781631;1.2778850;-0.01630788;-0.01162437;1.2420000
4767.00019836426;1.2555796;1.2598248;-0.01481967;-0.01587271;1.2310000
4768.00012588501;1.2544108;1.2480230;-0.001646034;-0.01261859;1.2200000
4769.00005340576;1.2435773;1.2430163;-0.0126569;-0.008158887;1.2090000
4770.00045776367;1.2323641;1.2340756;-0.01110117;-0.00873748;1.1980000
4771.00038528442;1.2213750;1.2235255;-0.0112396;-0.009860249;1.1880000
4772.00031280518;1.2103846;1.2127371;-0.01133144;-0.0104184;1.1770000
4773.00024032593;1.1993120;1.2020679;-0.0108829;-0.01054105;1.1660000
4774.00016784668;1.1892925;1.1916371;-0.01052653;-0.01046134;1.1550000
4775.00009536743;1.1783859;1.1807890;-0.01135727;-0.01075171;1.1450000
4776.00002288818;1.1673846;1.1689873;-0.0112479;-0.01140794;1.1340000
4777.00042724609;1.1563120;1.1574240;-0.01069974;-0.01146649;1.1240000
4778.00035476685;1.1463021;1.1469336;-0.01040499;-0.01081726;1.1130000
4779.0002822876;1.1353229;1.1368008;-0.01083003;-0.01044552;1.1030000
4780.00020980835;1.1253021;1.1264892;-0.0104669;-0.01037842;1.0930000
4781.0001373291;1.1143325;1.1157007;-0.01088714;-0.01065439;1.0820000
4782.00006484985;1.1042295;1.1050315;-0.009930503;-0.01061114;1.0720000
4782.99999237061;1.0943130;1.0951371;-0.01051597;-0.01015165;1.0620000
4784.00039672852;1.0833325;1.0848255;-0.01090105;-0.01028485;1.0520000
4785.00032424927;1.0732391;1.0741563;-0.01001267;-0.01048381;1.0420000
4786.00025177002;1.0632500;1.0640831;-0.01009282;-0.01020432;1.0320000
4787.00017929077;1.0532500;1.0541291;-0.01009795;-0.01002082;1.0220000
4788.00010681152;1.0432500;1.0442348;-0.01010972;-0.009948005;1.0120000
4789.00003433228;1.0332500;1.0344000;-0.01012813;-0.009884545;1.0020000
4790.00043869019;1.0232500;1.0243864;-0.01012661;-0.009953456;0.9930000
4791.00036621094;1.0132596;1.0143728;-0.01019336;-0.01000156;0.9830000
4792.00029373169;1.0031870;1.0042400;-0.009693169;-0.0100991;0.9730000
4793.00022125244;0.9941675;0.9947033;-0.009324997;-0.00972953;0.9640000
4794.00014877319;0.9842705;0.9852858;-0.01027198;-0.009567142;0.9540000
4795.00007629395;0.9741870;0.9750338;-0.009670195;-0.009990735;0.9450000
4796.0000038147;0.9651771;0.9652586;-0.009343715;-0.009796955;0.9350000
4797.00040817261;0.9551979;0.9554834;-0.009697174;-0.009805572;0.9260000
4798.00033569336;0.9461771;0.9460659;-0.009322246;-0.009563792;0.9170000
4799.00026321411;0.9362075;0.9365292;-0.009770543;-0.009580273;0.9080000
4800.00019073486;0.9271141;0.9270520;-0.008903562;-0.009463207;0.8990000
4801.00011825562;0.9181250;0.9180517;-0.008991833;-0.009156033;0.8890000
4802.00004577637;0.9091154;0.9093495;-0.008956746;-0.008881718;0.8800000
4803.00045013428;0.9001880;0.9005280;-0.009462034;-0.00882609;0.8710000
4804.00037765503;0.8902075;0.8909912;-0.009822018;-0.009296128;0.8620000
4805.00030517578;0.8811141;0.8812161;-0.008921846;-0.009545964;0.8540000
4806.00023269653;0.8721346;0.8720966;-0.009065102;-0.009247987;0.8450000
4807.00016021729;0.8630620;0.8631559;-0.008586309;-0.009034666;0.8360000
4808.00008773804;0.8550425;0.8549304;-0.008252809;-0.008505017;0.8270000
4809.00001525879;0.8461359;0.8467646;-0.009159567;-0.008335573;0.8190000
4810.0004196167;0.8371346;0.8380623;-0.009172698;-0.008575576;0.8100000
4811.00034713745;0.8280620;0.8288832;-0.008667342;-0.008970843;0.8020000
4812.0002746582;0.8200521;0.8201809;-0.008348986;-0.008781737;0.7930000
4813.00020217896;0.8110729;0.8113594;-0.008697285;-0.008822381;0.7850000
4814.00012969971;0.8030521;0.8026571;-0.008290625;-0.008719845;0.7680000
4815.00005722046;0.7939960;0.7940145;-0.008112738;-0.008656938;0.7680000
4816.00046157837;0.7866332;0.7854910;-0.01215529;-0.008670715;0.7600000
4817.00038909912;0.7692383;0.7716031;-0.01148256;-0.01215233;0.7430000
4818.00031661987;0.7681555;0.7621260;-2.091576E-05;-0.009894504;0.7430000
4819.00024414063;0.7617312;0.7587881;-0.0127603;-0.006039715;0.7350000
4820.00017166138;0.7442383;0.7469268;-0.01151862;-0.009965203;0.7270000
4821.00009918213;0.7432420;0.7379861;-0.0007311322;-0.008786082;0.7190000
4822.00002670288;0.7360872;0.7345290;-0.008542536;-0.005606618;0.7110000
4823.00043106079;0.7280000;0.7289262;-0.008103195;-0.005697431;0.7040000
4824.00035858154;0.7200096;0.7217140;-0.008259236;-0.006675056;0.6960000
4825.00028610229;0.7119370;0.7134886;-0.007748722;-0.00762238;0.6880000
4826.00021362305;0.7049175;0.7057996;-0.00736358;-0.007602444;0.6800000
4827.0001411438;0.6970109;0.6982298;-0.008225325;-0.007621576;0.6730000
4828.00006866455;0.6890096;0.6899448;-0.008173533;-0.008058256;0.6650000
4828.9999961853;0.6809370;0.6813021;-0.007616525;-0.008421171;0.6580000
4830.00040054321;0.6739271;0.6735535;-0.007293009;-0.007960072;0.6500000
4831.00032806396;0.6659479;0.6662817;-0.007702556;-0.007541188;0.6430000
4832.00025558472;0.6589271;0.6591292;-0.007357152;-0.007301576;0.6350000
4833.00018310547;0.6509479;0.6518574;-0.007766699;-0.007348567;0.6280000
4834.00011062622;0.6439271;0.6444068;-0.007388082;-0.007397925;0.6210000
4835.00003814697;0.6359575;0.6367774;-0.007826052;-0.007551135;0.6130000
4836.00044250488;0.6288545;0.6291480;-0.006873847;-0.007569156;0.6060000
4837.00037002563;0.6219380;0.6221147;-0.00744384;-0.007237978;0.5990000
4838.00029754639;0.6139575;0.6145449;-0.007800147;-0.00748459;0.5920000
4839.00022506714;0.6068641;0.6069155;-0.006916208;-0.007549376;0.5850000
4840.00015258789;0.5998750;0.5998821;-0.007;-0.007194715;0.5780000
4841.00008010864;0.5928750;0.5930872;-0.007023643;-0.006927354;0.5710000
4842.00000762939;0.5858750;0.5863519;-0.007053135;-0.006819355;0.5640000
4843.0004119873;0.5788750;0.5795570;-0.007075986;-0.006821862;0.5580000
4844.00033950806;0.5718846;0.5726428;-0.007153812;-0.006902499;0.5510000
4845.00026702881;0.5648120;0.5656691;-0.006671343;-0.00693961;0.5440000
4846.00019454956;0.5587925;0.5592914;-0.006320885;-0.006525463;0.5380000
4847.00012207031;0.5518955;0.5529733;-0.00727894;-0.006434042;0.5310000
4848.00004959106;0.5448120;0.5460591;-0.006714795;-0.006727775;0.5180000
4849.00045394897;0.5387348;0.5395622;-0.005941471;-0.006535456;0.5180000
4850.00038146973;0.5323313;0.5333038;-0.01022814;-0.006441548;0.5110000
4851.00030899048;0.5189288;0.5220981;-0.008792243;-0.009551013;0.5050000
4852.00023651123;0.5182418;0.5144091;-0.0009622935;-0.007967673;0.4990000
4853.00016403198;0.5118979;0.5108924;-0.007159779;-0.005325116;0.4920000
4854.00009155273;0.5057295;0.5059452;-0.005865178;-0.005113585;0.4860000
4855.00001907349;0.4998130;0.5004020;-0.006489778;-0.005377918;0.4800000
4856.0004234314;0.4928325;0.4942031;-0.006887409;-0.005898327;0.4740000
4857.00035095215;0.4867391;0.4878850;-0.006038154;-0.006131119;0.4680000
4858.0002784729;0.4807500;0.4818649;-0.006124219;-0.006064973;0.4620000
4859.00020599365;0.4747500;0.4756661;-0.006102069;-0.006167598;0.4560000
4860.0001335144;0.4687500;0.4693480;-0.006066627;-0.006245881;0.4500000
4861.00006103516;0.4627500;0.4633279;-0.006064388;-0.006106776;0.4440000
4862.00046539307;0.4567500;0.4574866;-0.00608207;-0.005942364;0.4380000
4863.00039291382;0.4507500;0.4517050;-0.006106403;-0.005834306;0.4320000
4864.00032043457;0.4447500;0.4456253;-0.006097523;-0.005973375;0.4270000
4865.00024795532;0.4387596;0.4394264;-0.006143629;-0.006116908;0.4210000
4866.00017547607;0.4326870;0.4332276;-0.005636078;-0.006164784;0.4150000
4867.00010299683;0.4276675;0.4279227;-0.005293733;-0.005613327;0.4100000
4868.00003051758;0.4217705;0.4226775;-0.006259909;-0.005427587;0.4040000
4869.00043487549;0.4156870;0.4167171;-0.005690617;-0.005758268;0.3980000
4870.00036239624;0.4106675;0.4112334;-0.00532835;-0.005535292;0.3930000
4871.00028991699;0.4047705;0.4059286;-0.006287887;-0.005407769;0.3880000
4872.00021743774;0.3986966;0.4000874;-0.005800141;-0.005674265;0.3820000
4873.0001449585;0.3936045;0.3946633;-0.004959114;-0.005483399;0.3770000
4874.00007247925;0.3886880;0.3898354;-0.005551993;-0.005088302;0.3720000
4875;0.3827075;0.3845306;-0.005937825;-0.005273336;0.3660000
4876.00040435791;0.3776045;0.3791065;-0.005008495;-0.005332768;0.3610000
4877.00033187866;0.3726880;0.3741593;-0.005588082;-0.005093979;0.3560000
4878.00025939941;0.3667075;0.3687949;-0.005967273;-0.00530033;0.3510000
4879.00018692017;0.3616141;0.3631325;-0.005079658;-0.005503169;0.3460000
4880.00011444092;0.3566250;0.3578873;-0.005140642;-0.005351614;0.3410000
4881.00004196167;0.3516250;0.3528805;-0.005139885;-0.005154965;0.3360000
4882.00044631958;0.3466250;0.3478737;-0.005139127;-0.005067619;0.3310000
4883.00037384033;0.3416250;0.3428669;-0.005138369;-0.005038668;0.3260000
4884.00030136108;0.3366250;0.3378005;-0.005130971;-0.005073908;0.3220000
4885.00022888184;0.3316346;0.3327937;-0.00519848;-0.005044794;0.3170000
4886.00015640259;0.3265620;0.3274889;-0.004679119;-0.005194011;0.3120000
4887.00008392334;0.3225425;0.3229590;-0.004311705;-0.004764436;0.3070000
4888.00001144409;0.3176359;0.3185482;-0.005191165;-0.004562872;0.2980000
4889.000415802;0.3125865;0.3135414;-0.004829048;-0.004840957;0.2980000
4890.00034332275;0.3079251;0.3085346;-0.007111202;-0.004990828;0.2940000
4891.00027084351;0.2986495;0.3005476;-0.006098851;-0.006938445;0.2890000
4892.00019836426;0.2981060;0.2952428;-0.0002252606;-0.005606804;0.2850000
4893.00012588501;0.2946066;0.2933951;-0.004647244;-0.00333675;0.2800000
4894.00005340576;0.2895729;0.2900572;-0.004719323;-0.003419241;0.2760000
4895.00045776367;0.2855521;0.2859445;-0.004378355;-0.003835224;0.2720000
4896.00038528442;0.2805825;0.2814145;-0.004827399;-0.004289886;0.2670000
4897.00031280518;0.2764795;0.2769442;-0.003892921;-0.004373301;0.2630000
4898.00024032593;0.2725630;0.2728911;-0.00446071;-0.004185919;0.2550000
4899.00016784668;0.2675440;0.2681823;-0.004528474;-0.00453019;0.2550000
4900.00009536743;0.2637796;0.2634735;-0.005850335;-0.00464948;0.2510000
4901.00002288818;0.2555779;0.2566786;-0.005364825;-0.006060889;0.2470000
4902.00042724609;0.2551265;0.2523871;-0.0003979081;-0.004723982;0.2430000
4903.00035476685;0.2515436;0.2508373;-0.004279379;-0.002846804;0.2390000
4904.0002822876;0.2475000;0.2480359;-0.004059708;-0.00286324;0.2350000
4905.00020980835;0.2435000;0.2444000;-0.004100276;-0.003351436;0.2310000
4906.0001373291;0.2395000;0.2405853;-0.004120921;-0.003630904;0.2270000
4907.00006484985;0.2355000;0.2367110;-0.004134926;-0.003787736;0.2230000
4908.00046920776;0.2315000;0.2327175;-0.004135651;-0.003933961;0.2160000
4909.00039672852;0.2274712;0.2284260;-0.003898373;-0.00414925;0.2160000
4910.00032424927;0.2237275;0.2241941;-0.005601792;-0.004223983;0.2120000
4911.00025177002;0.2164954;0.2179356;-0.00466795;-0.005562567;0.2080000
4912.00017929077;0.2161374;0.2140613;-0.0005613288;-0.004293401;0.2050000
4913.00010681152;0.2125532;0.2123327;-0.004402841;-0.002783717;0.2010000
4914.00003433228;0.2084370;0.2092333;-0.003664568;-0.003013987;0.1980000
4915.00043869019;0.2054271;0.2060743;-0.003406745;-0.003075538;0.1940000
4916.00036621094;0.2014479;0.2027960;-0.003815566;-0.003231852;0.1870000
4917.00029373169;0.1983887;0.1996966;-0.003203015;-0.003143795;0.1870000
4918.00022125244;0.1947384;0.1963587;-0.005819852;-0.003331616;0.1840000
4919.00014877319;0.1875050;0.1898022;-0.004832772;-0.005417845;0.1810000
4920.00007629395;0.1870840;0.1851530;-0.0002226787;-0.004704197;0.1770000
4921.0000038147;0.1843981;0.1833649;-0.003084102;-0.002908931;0.1740000
4922.00040817261;0.1814380;0.1814575;-0.003426326;-0.002321614;0.1710000
4923.00033569336;0.1774575;0.1784773;-0.003848324;-0.002783468;0.1680000
4924.00026321411;0.1743641;0.1751394;-0.002996864;-0.003108959;0.1640000
4925.00019073486;0.1713654;0.1721592;-0.003019107;-0.003001122;0.1610000
4926.00011825562;0.1684380;0.1692386;-0.003513355;-0.002962579;0.1580000
4927.00004577637;0.1644575;0.1654239;-0.003842374;-0.003544983;0.1550000
4928.00045013428;0.1613641;0.1613112;-0.002904588;-0.003857367;0.1520000
4929.00037765503;0.1583750;0.1579733;-0.002955243;-0.003512353;0.1490000
4930.00030517578;0.1553750;0.1551123;-0.00297073;-0.003085512;0.1460000
4931.00023269653;0.1523750;0.1523705;-0.003;-0.002867454;0.1440000
4932.00016021729;0.1493846;0.1495094;-0.003083241;-0.002874702;0.1410000
4933.00008773804;0.1463120;0.1465292;-0.002600046;-0.002928826;0.1380000
4934.00001525879;0.1442925;0.1441450;-0.002248865;-0.00257924;0.1350000
4935.0004196167;0.1413859;0.1418204;-0.003137929;-0.002476315;0.1320000
4936.00034713745;0.1383750;0.1388998;-0.003058472;-0.002776805;0.1300000
4937.0002746582;0.1353846;0.1356216;-0.003095742;-0.003086079;0.1270000
4938.00020217896;0.1323120;0.1324029;-0.002585974;-0.003152595;0.1240000
4939.00012969971;0.1302925;0.1297207;-0.002201591;-0.002818732;0.1220000
4940.00005722046;0.1273955;0.1273365;-0.00315228;-0.002585059;0.1190000
4941.00046157837;0.1243120;0.1244755;-0.002594063;-0.00276126;0.1170000
4942.00038909912;0.1223021;0.1219721;-0.002297868;-0.002561066;0.1120000
4943.00031661987;0.1193036;0.1195879;-0.002558368;-0.002473929;0.1120000
4944.00024414063;0.1174474;0.1172633;-0.003301103;-0.002379944;0.1090000
4945.00017166138;0.1123618;0.1133890;-0.003400906;-0.00337145;0.1070000
4946.00009918213;0.1121154;0.1104088;-0.0004960528;-0.00295688;0.1050000
4947.00002670288;0.1093543;0.1087399;-0.002845282;-0.002191695;0.1020000
4948.00043106079;0.1072295;0.1065941;-0.001770351;-0.002142483;0.1000000
4949.00035858154;0.1053130;0.1049252;-0.002380946;-0.001855626;0.0960000
4950.00028610229;0.1023133;0.1027198;-0.00264132;-0.002114217;0.0960000
4951.00021362305;0.1003844;0.1004548;-0.002905305;-0.002219004;0.0930000
4952.0001411438;0.0962793;0.0972958;-0.002665014;-0.002850123;0.0910000
4953.00006866455;0.0961263;0.0950308;-0.000653658;-0.002376502;0.0890000
4954.00047302246;0.0933543;0.0933023;-0.002907943;-0.002031307;0.0870000
4955.00040054321;0.0912391;0.0910969;-0.001894638;-0.002115835;0.0850000
4956.00032806396;0.0892500;0.0892491;-0.002;-0.001924445;0.0830000
4957.00025558472;0.0872500;0.0876398;-0.00204343;-0.001721519;0.0810000
4958.00018310547;0.0852500;0.0860305;-0.002086961;-0.001643127;0.0790000
4959.00011062622;0.0832500;0.0841231;-0.002097279;-0.001806746;0.0770000
4960.00003814697;0.0812500;0.0821562;-0.002100966;-0.001921613;0.0750000
4961.00044250488;0.0792500;0.0801296;-0.002098003;-0.001982002;0.0730000
4962.00037002563;0.0772500;0.0780435;-0.00208841;-0.002042021;0.0720000
4963.00029754639;0.0752596;0.0760169;-0.002153712;-0.002027401;0.0700000
4964.00022506714;0.0731870;0.0739308;-0.001658719;-0.00204859;0.0680000
4965.00015258789;0.0721675;0.0723810;-0.001289087;-0.00169789;0.0660000
4966.00008010864;0.0702609;0.0710101;-0.002172992;-0.0015086;0.0650000
4967.00000762939;0.0682596;0.0691624;-0.002169924;-0.001735144;0.0630000
4968.0004119873;0.0661870;0.0670762;-0.001674919;-0.001944597;0.0610000
4969.00033950806;0.0651675;0.0655265;-0.001305298;-0.001666204;0.0580000
4970.00026702881;0.0632513;0.0640364;-0.002107656;-0.001576108;0.0580000
4971.00019454956;0.0613322;0.0620694;-0.002644962;-0.001856879;0.0560000
4972.00012207031;0.0582065;0.0591488;-0.001991382;-0.002556348;0.0550000
4973.00004959106;0.0580837;0.0571818;-0.0004099293;-0.00211917;0.0530000
4974.00045394897;0.0562088;0.0560494;-0.001737123;-0.001524192;0.0520000
4975.00038146973;0.0551771;0.0549169;-0.001305645;-0.001272443;0.0500000
4976.00030899048;0.0531979;0.0536652;-0.00171743;-0.001278529;0.0490000
4977.00023651123;0.0521771;0.0524731;-0.001367615;-0.001204577;0.0480000
4978.00016403198;0.0502075;0.0511618;-0.001841026;-0.001286905;0.0460000
4979.00009155273;0.0491045;0.0496717;-0.0009043418;-0.001372247;0.0450000
4980.00001907349;0.0481880;0.0485988;-0.001469924;-0.001175318;0.0430000
4981.0004234314;0.0461979;0.0470491;-0.001760203;-0.001447701;0.0420000
4982.00035095215;0.0451771;0.0454993;-0.001370534;-0.001502647;0.0400000
4983.0002784729;0.0431979;0.0438304;-0.001735836;-0.001637764;0.0400000
4984.00020599365;0.0421867;0.0422807;-0.001414445;-0.00155867;0.0380000
4985.0001335144;0.0401349;0.0405522;-0.001287705;-0.001671693;0.0370000
4986.00006103516;0.0400946;0.0394793;-0.0005313796;-0.001247605;0.0360000
4987.00046539307;0.0382184;0.0385256;-0.001858446;-0.001103867;0.0350000
4988.00039291382;0.0371141;0.0372739;-0.0009282861;-0.001178088;0.0340000
4989.00032043457;0.0361250;0.0363202;-0.001021749;-0.001012344;0.0330000
4990.00024795532;0.0351250;0.0354262;-0.001033559;-0.000928466;0.0320000
4991.00017547607;0.0341250;0.0345321;-0.001045358;-0.0009066351;0.0310000
4992.00010299683;0.0331250;0.0335784;-0.001050517;-0.0009585287;0.0290000
4993.00003051758;0.0321154;0.0326843;-0.0009940495;-0.0009291046;0.0280000
4994.00043487549;0.0311880;0.0317307;-0.00148462;-0.0009440531;0.0270000
4995.00036239624;0.0292075;0.0301213;-0.001836514;-0.001396889;0.0270000
4996.00028991699;0.0281237;0.0282140;-0.0009898784;-0.001697142;0.0260000
4997.00021743774;0.0270620;0.0268431;-0.0005514571;-0.00147559;0.0250000
4998.0001449585;0.0270425;0.0263662;-0.0001899478;-0.0008029669;0.0230000
4999.00007247925;0.0261263;0.0260682;-0.001013709;-0.0005022752;0.0230000
5000;0.0251976;0.0254126;-0.001517444;-0.0006166052;0.0220000
5001.00040435791;0.0231445;0.0239225;-0.00139723;-0.001202862;0.0210000
5002.00033187866;0.0230316;0.0225515;-0.0001222898;-0.001272087;0.0200000
5003.00025939941;0.0221359;0.0218959;-0.001062778;-0.0009051078;0.0200000
5004.00018692017;0.0211346;0.0210614;-0.00106118;-0.0008684563;0.0190000
5005.00011444092;0.0200620;0.0199885;-0.0005676572;-0.0009861736;0.0180000
5006.00004196167;0.0200425;0.0195117;-0.000206159;-0.0006419017;0.0170000
5007.00044631958;0.0191359;0.0193329;-0.001111468;-0.0003737592;0.0170000
5008.00037384033;0.0181346;0.0186176;-0.001123151;-0.0005986897;0.0160000
5009.00030136108;0.0170620;0.0174256;-0.0006163578;-0.0009613557;0.0150000
5010.00022888184;0.0170425;0.0168295;-0.0002415675;-0.0007079768;0.0150000
5011.00015640259;0.0161455;0.0163527;-0.00118194;-0.0005878588;0.0140000
5012.00008392334;0.0150620;0.0153394;-0.0006067536;-0.000868727;0.0130000
5013.00001144409;0.0150425;0.0148626;-0.0002452554;-0.0005928226;0.0130000
5014.000415802;0.0141455;0.0144453;-0.001192257;-0.0004874268;0.0120000
5015.00034332275;0.0130620;0.0134916;-0.0006237113;-0.0007879456;0.0120000
5016.00027084351;0.0130521;0.0128956;-0.0003171986;-0.0006506949;0.0110000
5017.00019836426;0.0120729;0.0124188;-0.0007039038;-0.0005570346;0.0110000
5018.00012588501;0.0120521;0.0119419;-0.0003223572;-0.0004783658;0.0100000
5019.00005340576;0.0110729;0.0114651;-0.0007090624;-0.0004898703;0.0100000
5020.00045776367;0.0110521;0.0109882;-0.0003275159;-0.000444415;0.0090000
5021.00038528442;0.0100729;0.0103922;-0.0007009401;-0.0005613437;0.0090000
5022.00031280518;0.0100521;0.0099154;-0.0003194046;-0.0004887914;0.0080000
5023.00024032593;0.0090729;0.0093789;-0.0006994582;-0.0005266546;0.0070000
5024.00016784668;0.0090425;0.0087829;-0.0002363755;-0.0005551529;0.0070000
5025.00009536743;0.0081455;0.0083656;-0.001183377;-0.0005151774;0.0070000
5026.00002288818;0.0070716;0.0074120;-0.0006831088;-0.0008065898;0.0060000
5027.00042724609;0.0069795;0.0067563;0.0001837226;-0.0006609671;0.0060000
5028.00035476685;0.0070630;0.0066967;-0.0003833414;-0.0002837405;0.0060000
5029.0002822876;0.0060825;0.0063987;-0.0007699307;-0.0003269304;0.0050000
5030.00020980835;0.0059795;0.0056834;0.000191845;-0.000540306;0.0050000
5031.0001373291;0.0060630;0.0056238;-0.0003752191;-0.0002367136;0.0050000
5032.00006484985;0.0050825;0.0052066;-0.0007485274;-0.0003721727;0.0040000
5033.00046920776;0.0049795;0.0046106;0.0001999562;-0.00047288;0.0040000
5034.00039672852;0.0050630;0.0045508;-0.0003670856;-0.0001936315;0.0040000
5035.00032424927;0.0040825;0.0041337;-0.0007404051;-0.0003677863;0.0040000
5036.00025177002;0.0039891;0.0035973;0.0001331717;-0.0004575413;0.0030000
5037.00017929077;0.0039904;0.0035972;0.0001131453;-0.0001626432;0.0030000
5038.00010681152;0.0040630;0.0037760;-0.0003921768;4.507659E-05;0.0030000
5039.00003433228;0.0030825;0.0033589;-0.0007654963;-0.0002935501;0.0030000
5040.00043869019;0.0029891;0.0026436;0.0001280131;-0.0005407879;0.0030000
5041.00036621094;0.0030000;0.0024648;5.963066E-05;-0.0003019891;0.0020000
5042.00029373169;0.0029904;0.0025243;0.0001212676;-7.068619E-05;0.0020000
5043.00022125244;0.0030630;0.0027031;-0.0003840545;7.351556E-05;0.0020000
5044.00014877319;0.0020825;0.0022264;-0.0007507335;-0.0003044829;0.0020000
5045.00007629395;0.0019891;0.0015111;0.0001427759;-0.0005189036;0.0020000
5046.0000038147;0.0020000;0.0012727;8.103397E-05;-0.0003074951;0.0010000
5047.00040817261;0.0019904;0.0013322;0.000142671;-7.805572E-05;0.0010000
5048.00033569336;0.0020630;0.0015706;-0.0003692916;0.0001032387;0.0010000
5049.00026321411;0.0010825;0.0010939;-0.0007359706;-0.0003138458;0.0010000
5050.00019073486;0.0009891;0.0004978;0.0001442578;-0.0004717798;0.0010000
5051.00011825562;0.0010000;0.0003190;7.587534E-05;-0.0002750936;0.0010000
5052.00004577637;0.0010000;0.0004381;6.260551E-05;-1.244967E-05;0.0010000
5053.00045013428;0.0010000;0.0006169;4.268406E-05;0.0001271926;0.0010000
5054.00037765503;0.0010000;0.0006765;3.604357E-05;9.666393E-05;0.0010000
5055.00030517578;0.0010000;0.0007361;2.940309E-05;7.953322E-05;0.0010000
5056.00023269653;0.0010000;0.0006170;4.267292E-05;-4.387964E-05;0.0000000
5057.00016021729;0.0009904;0.0005574;0.0001175797;-5.430983E-05;0.0000000
5058.00008773804;0.0010630;0.0005574;-0.0003678209;-2.116695E-05;0.0000000
5059.00001525879;0.0000825;-0.0000386;-0.0007212078;-0.0003894054;0.0000000
5060.0004196167;-0.0000109;-0.0006943;0.0001656611;-0.0005057911;0.0000000
5061.00034713745;0.0000000;-0.0007540;8.400882E-05;-0.0001936015;0.0000000
5062.0002746582;0.0000000;-0.0003963;4.415477E-05;0.0001629574;0.0000000
5063.00020217896;0.0000000;-0.0000983;1.095234E-05;0.0002737989;0.0000000
5064.00012969971;0.0000000;0.0000209;-2.328626E-06;0.0001890883;0.0000000
5065.00005722046;0.0000000;0.0000209;-2.328626E-06;7.369606E-05;0.0000000
5066.00046157837;0.0000000;-0.0001578;1.758169E-05;-8.95773E-05;0.0000000
5067.00038909912;0.0000000;-0.0003962;4.414363E-05;-0.0001713799;0.0000000
5068.00031661987;0.0000000;-0.0005154;5.74246E-05;-0.0001380522;0.0000000
5069.00024414063;0.0000000;-0.0004559;5.079525E-05;-2.078681E-05;0.0000000
5070.00017166138;0.0000000;-0.0002771;3.08738E-05;0.0001011788;0.0000000
5071.00009918213;0.0000000;-0.0002175;2.423331E-05;7.664185E-05;0.0000000
5072.00002670288;0.0000000;-0.0001579;1.759283E-05;5.926963E-05;0.0000000
5073.00043106079;0.0000000;-0.0001579;1.759283E-05;2.31E-05;0.0000000
5074.00035858154;0.0000000;-0.0002770;3.086265E-05;-4.35856E-05;0.0000000
5075.00028610229;0.0000000;-0.0003366;3.750314E-05;-4.021601E-05;0.0000000
5076.00021362305;0.0000000;-0.0003962;4.414363E-05;-4.180632E-05;0.0000000
5077.0001411438;0.0000000;-0.0003367;3.751428E-05;3.659512E-05;0.0000000
5078.00006866455;0.0000000;-0.0002771;3.08738E-05;5.612172E-05;0.0000000
5079.00047302246;0.0000000;-0.0002175;2.423331E-05;4.800548E-05;0.0000000
5080.00040054321;0.0000000;-0.0002175;2.423331E-05;1.870986E-05;0.0000000
5081.00032806396;0.0000000;-0.0002174;2.422217E-05;-3.721138E-06;0.0000000
5082.00025558472;0.0000000;-0.0002770;3.086265E-05;-4.854165E-05;0.0000000
5083.00018310547;0.0000000;-0.0002770;3.086265E-05;-1.891884E-05;0.0000000
5084.00011062622;0.0000000;-0.0002770;3.086265E-05;-7.373509E-06;0.0000000
5085.00003814697;0.0000000;-0.0002770;3.086265E-05;-2.873783E-06;0.0000000
5086.00044250488;0.0000000;-0.0002770;3.086265E-05;-1.120041E-06;0.0000000
5087.00037002563;0.0000000;-0.0002770;3.086265E-05;-3.697596E-06;0.0000000
5088.00029754639;0.0000000;-0.0002770;3.086265E-05;-1.441117E-06;0.0000000
5089.00022506714;0.0000000;-0.0002175;2.423331E-05;5.232722E-05;0.0000000
5090.00015258789;0.0000000;-0.0002175;2.423331E-05;2.039424E-05;0.0000000
5091.00008010864;0.0000000;-0.0001579;1.759283E-05;4.10223E-05;0.0000000
5092.00000762939;0.0000000;-0.0001578;1.758169E-05;9.102299E-06;0.0000000
5093.0004119873;0.0000000;-0.0002174;2.422217E-05;-3.366042E-05;0.0000000
5094.00033950806;0.0000000;-0.0002174;2.422217E-05;-1.311896E-05;0.0000000
5095.00026702881;0.0000000;-0.0002174;2.422217E-05;-5.113039E-06;0.0000000
5096.00019454956;0.0000000;-0.0001579;1.759283E-05;5.089611E-05;0.0000000
5097.00012207031;0.0000000;-0.0000983;1.095234E-05;6.814459E-05;0.0000000
5098.00004959106;0.0000000;-0.0000983;1.095234E-05;2.655897E-05;0.0000000
5099.00045394897;0.0000000;-0.0001578;1.758169E-05;-2.528254E-05;0.0000000
5100.00038146973;0.0000000;-0.0001578;1.758169E-05;-9.853729E-06;0.0000000
5101.00030899048;0.0000000;-0.0001578;1.758169E-05;-3.840436E-06;0.0000000
5102.00023651123;0.0000000;-0.0000983;1.095234E-05;2.785279E-05;0.0000000
5103.00016403198;0.0000000;-0.0000983;1.095234E-05;2.484954E-05;0.0000000
5104.00009155273;0.0000000;-0.0001578;1.758169E-05;-1.966461E-05;0.0000000
5105.00001907349;0.0000000;-0.0002174;2.422217E-05;-5.475552E-05;0.0000000
5106.0004234314;0.0000000;-0.0002174;2.422217E-05;-2.134065E-05;0.0000000
5107.00035095215;0.0000000;-0.0000983;1.095234E-05;6.190887E-05;0.0000000
5108.0002784729;0.0000000;-0.0000983;1.095234E-05;2.412863E-05;0.0000000
5109.00020599365;0.0000000;-0.0000983;1.095234E-05;9.403998E-06;0.0000000
5110.0001335144;0.0000000;-0.0001578;1.758169E-05;-4.334719E-05;0.0000000
5111.00006103516;0.0000000;-0.0001578;1.758169E-05;-3.08501E-05;0.0000000
5112.00046539307;0.0000000;-0.0000983;1.095234E-05;1.406486E-05;0.0000000
5113.00039291382;0.0000000;-0.0000983;1.095234E-05;2.902102E-05;0.0000000
5114.00032043457;0.0000000;-0.0000983;1.095234E-05;1.131078E-05;0.0000000
5115.00024795532;0.0000000;-0.0001578;1.758169E-05;-4.848058E-05;0.0000000
5116.00017547607;0.0000000;-0.0001578;1.758169E-05;-1.889503E-05;0.0000000
5117.00010299683;0.0000000;-0.0001578;1.758169E-05;-7.364231E-06;0.0000000
5118.00003051758;0.0000000;-0.0000983;1.095234E-05;2.647941E-05;0.0000000
5119.00043487549;0.0000000;-0.0000983;1.095234E-05;1.03202E-05;0.0000000
5120.00036239624;0.0000000;-0.0000983;1.095234E-05;4.022239E-06;0.0000000
5121.00028991699;0.0000000;-0.0000983;1.095234E-05;1.567645E-06;0.0000000
5122.00021743774;0.0000000;-0.0000983;1.095234E-05;6.109809E-07;0.0000000
5123.0001449585;0.0000000;-0.0000387;4.311859E-06;4.209711E-05;0.0000000
5124.00007247925;0.0000000;-0.0000982;1.09412E-05;-6.782678E-06;0.0000000
5125.00047683716;0.0000000;-0.0001578;1.758169E-05;-3.985149E-05;0.0000000
5126.00040435791;0.0000000;-0.0001578;1.758169E-05;-1.553189E-05;0.0000000
5127.00033187866;0.0000000;-0.0000983;1.095234E-05;2.696481E-05;0.0000000
5128.00025939941;0.0000000;-0.0000983;1.095234E-05;1.050938E-05;0.0000000
5129.00018692017;0.0000000;-0.0000983;1.095234E-05;4.095973E-06;0.0000000
5130.00011444092;0.0000000;-0.0000983;1.095234E-05;1.596382E-06;0.0000000
5131.00004196167;0.0000000;-0.0000387;4.311859E-06;2.385095E-05;0.0000000
5132.00044631958;0.0000000;-0.0000387;4.311859E-06;9.295771E-06;0.0000000
5133.00037384033;0.0000000;-0.0000387;4.311859E-06;3.622974E-06;0.0000000
5134.00030136108;0.0000000;-0.0000982;1.09412E-05;-4.560031E-05;0.0000000
5135.00022888184;0.0000000;-0.0000982;1.09412E-05;-1.777246E-05;0.0000000
5136.00015640259;0.0000000;-0.0000387;4.311859E-06;3.486203E-05;0.0000000
5137.00008392334;0.0000000;-0.0000387;4.311859E-06;1.358728E-05;0.0000000
5138.00001144409;0.0000000;0.0000209;-2.328626E-06;3.469447E-05;0.0000000
5139.000415802;0.0000000;0.0000209;-2.328626E-06;1.352197E-05;0.0000000
5140.00034332275;0.0000000;-0.0000386;4.300717E-06;-4.761878E-05;0.0000000
5141.00027084351;0.0000000;-0.0000386;4.300717E-06;-1.855915E-05;0.0000000
5142.00019836426;0.0000000;-0.0000386;4.300717E-06;-7.233325E-06;0.0000000
5143.00012588501;0.0000000;-0.0000386;4.300717E-06;-2.819147E-06;0.0000000
5144.00005340576;0.0000000;-0.0000386;4.300717E-06;-1.098747E-06;0.0000000
5145.00045776367;0.0000000;-0.0000387;4.311859E-06;1.058497E-05;0.0000000
5146.00038528442;0.0000000;-0.0000387;4.311859E-06;4.125432E-06;0.0000000
5147.00031280518;0.0000000;0.0000209;-2.328626E-06;4.346685E-05;0.0000000
5148.00024032593;0.0000000;-0.0000386;4.300717E-06;-2.02046E-05;0.0000000
5149.00016784668;0.0000000;-0.0000386;4.300717E-06;-7.874628E-06;0.0000000
5150.00009536743;0.0000000;-0.0000386;4.300717E-06;-3.069092E-06;0.0000000
5151.00002288818;0.0000000;-0.0000386;4.300717E-06;-1.196161E-06;0.0000000
5152.00042724609;0.0000000;-0.0000386;4.300717E-06;-4.661971E-07;0.0000000
5153.00035476685;0.0000000;0.0000209;-2.328626E-06;2.590681E-05;0.0000000
5154.0002822876;0.0000000;0.0000209;-2.328626E-06;1.009703E-05;0.0000000
5155.00020980835;0.0000000;-0.0000386;4.300717E-06;-2.908301E-05;0.0000000
5156.0001373291;0.0000000;-0.0000386;4.300717E-06;-1.133494E-05;0.0000000
5157.00006484985;0.0000000;-0.0000386;4.300717E-06;-4.417729E-06;0.0000000
5158.00046920776;0.0000000;-0.0000386;4.300717E-06;-1.721785E-06;0.0000000
5159.00039672852;0.0000000;0.0000209;-2.328626E-06;3.234722E-05;0.0000000
5160.00032424927;0.0000000;-0.0000386;4.300717E-06;-2.453841E-05;0.0000000
5161.00025177002;0.0000000;-0.0000386;4.300717E-06;-2.816267E-05;0.0000000
5162.00017929077;0.0000000;-0.0000386;4.300717E-06;-1.097624E-05;0.0000000
5163.00010681152;0.0000000;-0.0000386;4.300717E-06;-4.277928E-06;0.0000000
5164.00003433228;0.0000000;0.0000209;-2.328626E-06;4.012146E-05;0.0000000
5165.00043869019;0.0000000;0.0000209;-2.328626E-06;1.563711E-05;0.0000000
5166.00036621094;0.0000000;-0.0000386;4.300717E-06;-1.709532E-05;0.0000000
5167.00029373169;0.0000000;-0.0000386;4.300717E-06;-6.662804E-06;0.0000000
5168.00022125244;0.0000000;0.0000209;-2.328626E-06;5.02921E-05;0.0000000
5169.00014877319;0.0000000;0.0000209;-2.328626E-06;1.960106E-05;0.0000000
5170.00007629395;0.0000000;-0.0000386;4.300717E-06;-4.524949E-05;0.0000000
5171.00048065186;0.0000000;-0.0000386;4.300717E-06;-1.763574E-05;0.0000000
5172.00040817261;0.0000000;-0.0000386;4.300717E-06;-6.873428E-06;0.0000000
5173.00033569336;0.0000000;-0.0000386;4.300717E-06;-2.67888E-06;0.0000000
5174.00026321411;0.0000000;0.0000209;-2.328626E-06;2.504444E-05;0.0000000
5175.00019073486;0.0000000;-0.0000386;4.300717E-06;-3.202783E-05;0.0000000
5176.00011825562;0.0000000;-0.0000386;4.300717E-06;-1.248266E-05;0.0000000
5177.00004577637;0.0000000;-0.0000982;1.09412E-05;-2.809381E-05;0.0000000
5178.00045013428;0.0000000;-0.0000387;4.311859E-06;3.606295E-05;0.0000000
5179.00037765503;0.0000000;0.0000209;-2.328626E-06;4.71291E-05;0.0000000
5180.00030517578;0.0000000;0.0000805;-8.969112E-06;4.77672E-05;0.0000000
5181.00023269653;0.0000000;0.0000805;-8.969112E-06;1.8617E-05;0.0000000
5182.00016021729;0.0000000;0.0000210;-2.339768E-06;-2.209371E-05;0.0000000
5183.00008773804;0.0000000;-0.0000386;4.300717E-06;-6.158867E-05;0.0000000
5184.00001525879;0.0000000;-0.0000386;4.300717E-06;-2.400384E-05;0.0000000
5185.0004196167;0.0000000;-0.0000386;4.300717E-06;-9.355361E-06;0.0000000
5186.00034713745;0.0000000;0.0000805;-8.969112E-06;5.261736E-05;0.0000000
5187.0002746582;0.0000000;0.0001401;-1.56096E-05;5.40335E-05;0.0000000
5188.00020217896;0.0000000;0.0000210;-2.339768E-06;-4.398952E-05;0.0000000
5189.00012969971;0.0000000;0.0000210;-2.339768E-06;-1.714467E-05;0.0000000
5190.00005722046;0.0000000;-0.0000386;4.300717E-06;-4.854102E-05;0.0000000
5191.00046157837;0.0000000;-0.0000386;4.300717E-06;-2.768906E-05;0.0000000
5192.00038909912;0.0000000;-0.0000386;4.300717E-06;-1.079165E-05;0.0000000
5193.00031661987;0.0000000;0.0000209;-2.328626E-06;2.514359E-05;0.0000000
5194.00024414063;0.0000000;-0.0000386;4.300717E-06;-3.721278E-05;0.0000000
5195.00017166138;0.0000000;-0.0000386;4.300717E-06;-1.450347E-05;0.0000000
5196.00009918213;0.0000000;0.0000209;-2.328626E-06;3.613611E-05;0.0000000
5197.00002670288;0.0000000;0.0000209;-2.328626E-06;1.408384E-05;0.0000000
5198.00043106079;0.0000000;0.0000209;-2.328626E-06;5.489098E-06;0.0000000
5199.00035858154;0.0000000;0.0000209;-2.328626E-06;2.139345E-06;0.0000000
5200.00028610229;0.0000000;-0.0000386;4.300717E-06;-5.205509E-05;0.0000000
5201.00021362305;0.0000000;-0.0000386;4.300717E-06;-2.028818E-05;0.0000000
5202.0001411438;0.0000000;0.0000209;-2.328626E-06;2.923836E-05;0.0000000
5203.00006866455;0.0000000;-0.0000386;4.300717E-06;-3.561686E-05;0.0000000
5204.00047302246;0.0000000;-0.0000386;4.300717E-06;-1.388147E-05;0.0000000
5205.00040054321;0.0000000;-0.0000386;4.300717E-06;-5.410226E-06;0.0000000
5206.00032806396;0.0000000;0.0000209;-2.328626E-06;5.078029E-05;0.0000000
5207.00025558472;0.0000000;0.0000805;-8.969112E-06;5.286509E-05;0.0000000
5208.00018310547;0.0000000;0.0000210;-2.339768E-06;-2.640848E-05;0.0000000
5209.00011062622;0.0000000;0.0000210;-2.339768E-06;-2.13496E-05;0.0000000
5210.00003814697;0.0000000;-0.0000386;4.300717E-06;-5.017987E-05;0.0000000
5211.00044250488;0.0000000;-0.0001578;1.758169E-05;-7.585985E-05;0.0000000
5212.00037002563;0.0000000;-0.0000387;4.311859E-06;4.943859E-05;0.0000000
5213.00029754639;0.0000000;-0.0000387;4.311859E-06;1.926841E-05;0.0000000
5214.00022506714;0.0000000;0.0000805;-8.969112E-06;7.782988E-05;0.0000000
5215.00015258789;0.0000000;0.0000805;-8.969112E-06;3.033375E-05;0.0000000
5216.00008010864;0.0000000;0.0000210;-2.339768E-06;-4.106649E-05;0.0000000
5217.00048446655;0.0000000;-0.0000386;4.300717E-06;-6.898321E-05;0.0000000
5218.0004119873;0.0000000;-0.0000386;4.300717E-06;-2.688582E-05;0.0000000
5219.00033950806;0.0000000;-0.0000386;4.300717E-06;-1.047859E-05;0.0000000
5220.00026702881;0.0000000;-0.0000386;4.300717E-06;-4.083973E-06;0.0000000
5221.00019454956;0.0000000;-0.0000386;4.300717E-06;-1.591705E-06;0.0000000
5222.00012207031;0.0000000;-0.0000386;4.300717E-06;-6.20358E-07;0.0000000
5223.00004959106;0.0000000;0.0000209;-2.328626E-06;5.264711E-05;0.0000000
5224.00045394897;0.0000000;0.0000209;-2.328626E-06;2.051891E-05;0.0000000
5225.00038146973;0.0000000;-0.0000386;4.300717E-06;-2.502115E-05;0.0000000
5226.00030899048;0.0000000;-0.0000386;4.300717E-06;-9.75185E-06;0.0000000
5227.00023651123;0.0000000;-0.0000386;4.300717E-06;-2.762329E-05;0.0000000
5228.00016403198;0.0000000;-0.0000386;4.300717E-06;-1.076602E-05;0.0000000
5229.00009155273;0.0000000;-0.0000386;4.300717E-06;-4.195997E-06;0.0000000
5230.00001907349;0.0000000;-0.0000386;4.300717E-06;-1.635366E-06;0.0000000
5231.0004234314;0.0000000;-0.0000386;4.300717E-06;-6.373746E-07;0.0000000
5232.00035095215;0.0000000;-0.0000386;4.300717E-06;-2.484131E-07;0.0000000
5233.0002784729;0.0000000;-0.0000386;4.300717E-06;-9.681762E-08;0.0000000
5234.00020599365;0.0000000;-0.0000386;4.300717E-06;-3.773412E-08;0.0000000
5235.0001335144;0.0000000;0.0000209;-2.328626E-06;4.699764E-05;0.0000000
5236.00006103516;0.0000000;0.0000805;-8.969112E-06;6.540843E-05;0.0000000
5237.00046539307;0.0000000;0.0000210;-2.339768E-06;-7.525707E-06;0.0000000
5238.00039291382;0.0000000;-0.0000386;4.300717E-06;-2.616187E-05;0.0000000
5239.00032043457;0.0000000;0.0000209;-2.328626E-06;2.282183E-05;0.0000000
5240.00024795532;0.0000000;0.0000209;-2.328626E-06;8.894682E-06;0.0000000
5241.00017547607;0.0000000;0.0000209;-2.328626E-06;3.466652E-06;0.0000000
5242.00010299683;0.0000000;0.0000210;-2.339768E-06;-5.534806E-06;0.0000000
5243.00003051758;0.0000000;0.0000210;-2.339768E-06;-2.157159E-06;0.0000000
5244.00043487549;0.0000000;-0.0000386;4.300717E-06;-2.40695E-05;0.0000000
5245.00036239624;0.0000000;-0.0000386;4.300717E-06;-9.380953E-06;0.0000000
5246.00028991699;0.0000000;-0.0000386;4.300717E-06;-3.656173E-06;0.0000000
5247.00021743774;0.0000000;-0.0000386;4.300717E-06;-1.424973E-06;0.0000000
5248.0001449585;0.0000000;0.0000805;-8.969112E-06;8.956796E-05;0.0000000
5249.00007247925;0.0000000;0.0000805;-8.969112E-06;3.49086E-05;0.0000000
5250.00047683716;0.0000000;0.0000210;-2.339768E-06;-1.574414E-05;0.0000000
5251.00040435791;0.0000000;0.0000210;-2.339768E-06;-6.136192E-06;0.0000000
5252.00033187866;0.0000000;0.0000210;-2.339768E-06;-2.391546E-06;0.0000000
5253.00025939941;0.0000000;0.0000210;-2.339768E-06;-9.320915E-07;0.0000000
5254.00018692017;0.0000000;0.0000210;-2.339768E-06;-3.632774E-07;0.0000000
5255.00011444092;0.0000000;0.0000210;-2.339768E-06;-1.415853E-07;0.0000000
5256.00004196167;0.0000000;0.0000210;-2.339768E-06;-5.518209E-08;0.0000000
5257.00044631958;0.0000000;0.0000210;-2.339768E-06;-2.15069E-08;0.0000000
5258.00037384033;0.0000000;0.0001401;-1.56096E-05;7.905791E-05;0.0000000
5259.00030136108;0.0000000;0.0001401;-1.56096E-05;3.081237E-05;0.0000000
5260.00022888184;0.0000000;0.0000210;-2.339768E-06;-5.82722E-05;0.0000000
5261.00015640259;0.0000000;-0.0000386;4.300717E-06;-5.578502E-05;0.0000000
5262.00008392334;0.0000000;-0.0000386;4.300717E-06;-2.174189E-05;0.0000000
5263.00048828125;0.0000000;-0.0000982;1.09412E-05;-4.568177E-05;0.0000000
5264.000415802;0.0000000;-0.0000387;4.311859E-06;1.154537E-05;0.0000000
5265.00034332275;0.0000000;0.0000209;-2.328626E-06;3.75735E-05;0.0000000
5266.00027084351;0.0000000;0.0000209;-2.328626E-06;1.464406E-05;0.0000000
5267.00019836426;0.0000000;0.0000209;-2.328626E-06;5.70744E-06;0.0000000
5268.00012588501;0.0000000;0.0000209;-2.328626E-06;2.224442E-06;0.0000000
5269.00005340576;0.0000000;0.0000209;-2.328626E-06;8.669638E-07;0.0000000
5270.00045776367;0.0000000;-0.0000386;4.300717E-06;-2.575062E-05;0.0000000
5271.00038528442;0.0000000;0.0000209;-2.328626E-06;1.931342E-05;0.0000000
5272.00031280518;0.0000000;-0.0000386;4.300717E-06;-4.536159E-05;0.0000000
5273.00024032593;0.0000000;0.0000209;-2.328626E-06;1.167015E-05;0.0000000
5274.00016784668;0.0000000;0.0000209;-2.328626E-06;4.548375E-06;0.0000000
5275.00009536743;0.0000000;0.0000209;-2.328626E-06;1.772704E-06;0.0000000
5276.00002288818;0.0000000;0.0000209;-2.328626E-06;6.909013E-07;0.0000000
5277.00042724609;0.0000000;0.0000209;-2.328626E-06;2.692748E-07;0.0000000
5278.00035476685;0.0000000;0.0000209;-2.328626E-06;1.049484E-07;0.0000000
5279.0002822876;0.0000000;0.0000209;-2.328626E-06;4.090303E-08;0.0000000
5280.00020980835;0.0000000;0.0000209;-2.328626E-06;1.594173E-08;0.0000000
5281.0001373291;0.0000000;0.0000209;-2.328626E-06;9.834696E-06;0.0000000
5282.00006484985;0.0000000;0.0000209;-2.328626E-06;3.833018E-06;0.0000000
5283.00046920776;0.0000000;0.0000209;-2.328626E-06;1.493897E-06;0.0000000
5284.00039672852;0.0000000;0.0000209;-2.328626E-06;5.822379E-07;0.0000000
5285.00032424927;0.0000000;-0.0000386;4.300717E-06;-5.266197E-05;0.0000000
5286.00025177002;0.0000000;-0.0000386;4.300717E-06;-2.05247E-05;0.0000000
5287.00017929077;0.0000000;-0.0000386;4.300717E-06;-7.999386E-06;0.0000000
5288.00010681152;0.0000000;-0.0000386;4.300717E-06;-3.117716E-06;0.0000000
5289.00003433228;0.0000000;-0.0000386;4.300717E-06;-1.215112E-06;0.0000000
5290.00043869019;0.0000000;0.0000209;-2.328626E-06;2.561493E-05;0.0000000
5291.00036621094;0.0000000;0.0000209;-2.328626E-06;9.983274E-06;0.0000000
5292.00029373169;0.0000000;0.0000209;-2.328626E-06;3.890925E-06;0.0000000
5293.00022125244;0.0000000;0.0000209;-2.328626E-06;1.516466E-06;0.0000000
5294.00014877319;0.0000000;-0.0000386;4.300717E-06;-2.549748E-05;0.0000000
5295.00007629395;0.0000000;-0.0000386;4.300717E-06;-9.937499E-06;0.0000000
5296.00048065186;0.0000000;-0.0000386;4.300717E-06;-3.873085E-06;0.0000000
5297.00040817261;0.0000000;-0.0000386;4.300717E-06;-1.509513E-06;0.0000000
5298.00033569336;0.0000000;-0.0000386;4.300717E-06;-5.88324E-07;0.0000000
5299.00026321411;0.0000000;-0.0000386;4.300717E-06;-2.292959E-07;0.0000000
5300.00019073486;0.0000000;-0.0000386;4.300717E-06;-8.936679E-08;0.0000000
5301.00011825562;0.0000000;0.0000209;-2.328626E-06;5.285406E-05;0.0000000
5302.00004577637;0.0000000;0.0000805;-8.969112E-06;6.769093E-05;0.0000000
5303.00045013428;0.0000000;0.0000805;-8.969112E-06;5.318254E-05;0.0000000
5304.00037765503;0.0000000;0.0000210;-2.339768E-06;-1.641797E-05;0.0000000
5305.00030517578;0.0000000;-0.0000386;4.300717E-06;-4.825779E-05;0.0000000
5306.00023269653;0.0000000;-0.0000386;4.300717E-06;-1.88082E-05;0.0000000
5307.00016021729;0.0000000;-0.0000386;4.300717E-06;-7.33039E-06;0.0000000
5308.00008773804;0.0000000;-0.0000386;4.300717E-06;-2.856978E-06;0.0000000
5309.00001525879;0.0000000;-0.0000386;4.300717E-06;-1.113491E-06;0.0000000
5310.0004196167;0.0000000;0.0000209;-2.328626E-06;5.245491E-05;0.0000000
5311.00034713745;0.0000000;0.0000209;-2.328626E-06;2.921449E-05;0.0000000
5312.0002746582;0.0000000;0.0000209;-2.328626E-06;1.138618E-05;0.0000000
5313.00020217896;0.0000000;0.0000209;-2.328626E-06;4.437699E-06;0.0000000
5314.00012969971;0.0000000;-0.0000386;4.300717E-06;-2.762001E-05;0.0000000
5315.00005722046;0.0000000;-0.0000386;4.300717E-06;-1.076474E-05;0.0000000
5316.00046157837;0.0000000;0.0000209;-2.328626E-06;2.515408E-05;0.0000000
5317.00038909912;0.0000000;0.0000209;-2.328626E-06;9.803661E-06;0.0000000
5318.00031661987;0.0000000;0.0000209;-2.328626E-06;3.820921E-06;0.0000000
5319.00024414063;0.0000000;0.0000209;-2.328626E-06;1.489182E-06;0.0000000
5320.00017166138;0.0000000;0.0000209;-2.328626E-06;5.804004E-07;0.0000000
5321.00009918213;0.0000000;0.0000209;-2.328626E-06;2.262078E-07;0.0000000
5322.00002670288;0.0000000;0.0000209;-2.328626E-06;8.816321E-08;0.0000000
5323.00043106079;0.0000000;0.0000209;-2.328626E-06;3.436111E-08;0.0000000
5324.00035858154;0.0000000;-0.0000386;4.300717E-06;-2.933619E-05;0.0000000
5325.00028610229;0.0000000;-0.0000386;4.300717E-06;-1.143361E-05;0.0000000
5326.00021362305;0.0000000;0.0000209;-2.328626E-06;3.268938E-05;0.0000000
5327.0001411438;0.0000000;0.0000209;-2.328626E-06;1.27405E-05;0.0000000
5328.00006866455;0.0000000;-0.0000386;4.300717E-06;-3.682322E-05;0.0000000
5329.00047302246;0.0000000;-0.0000386;4.300717E-06;-1.435164E-05;0.0000000
5330.00040054321;0.0000000;-0.0000386;4.300717E-06;-5.593471E-06;0.0000000
5331.00032806396;0.0000000;-0.0000386;4.300717E-06;-2.180024E-06;0.0000000
5332.00025558472;0.0000000;0.0000209;-2.328626E-06;3.62959E-05;0.0000000
5333.00018310547;0.0000000;0.0000805;-8.969112E-06;6.71239E-05;0.0000000
5334.00011062622;0.0000000;0.0000210;-2.339768E-06;-2.085118E-05;0.0000000
5335.00003814697;0.0000000;0.0000210;-2.339768E-06;-8.126632E-06;0.0000000
5336.00044250488;0.0000000;-0.0000386;4.300717E-06;-5.614509E-05;0.0000000
5337.00037002563;0.0000000;-0.0000386;4.300717E-06;-2.188223E-05;0.0000000
5338.00029754639;0.0000000;-0.0000386;4.300717E-06;-8.528476E-06;0.0000000
5339.00022506714;0.0000000;-0.0000386;4.300717E-06;-3.323926E-06;0.0000000
5340.00015258789;0.0000000;0.0000209;-2.328626E-06;2.189431E-05;0.0000000
5341.00008010864;0.0000000;0.0000209;-2.328626E-06;8.533183E-06;0.0000000
5342.00048446655;0.0000000;0.0000209;-2.328626E-06;3.32576E-06;0.0000000
5343.0004119873;0.0000000;0.0000209;-2.328626E-06;1.296196E-06;0.0000000
5344.00033950806;0.0000000;0.0000209;-2.328626E-06;5.051852E-07;0.0000000
5345.00026702881;0.0000000;0.0000209;-2.328626E-06;1.594022E-05;0.0000000
5346.00019454956;0.0000000;0.0000209;-2.328626E-06;6.212612E-06;0.0000000
5347.00012207031;0.0000000;0.0000209;-2.328626E-06;2.42133E-06;0.0000000
5348.00004959106;0.0000000;0.0000209;-2.328626E-06;9.436997E-07;0.0000000
5349.00045394897;0.0000000;0.0000209;-2.328626E-06;3.678016E-07;0.0000000
5350.00038146973;0.0000000;-0.0000386;4.300717E-06;-3.700221E-05;0.0000000
5351.00030899048;0.0000000;0.0000209;-2.328626E-06;3.259094E-05;0.0000000
5352.00023651123;0.0000000;0.0000209;-2.328626E-06;1.270213E-05;0.0000000
5353.00016403198;0.0000000;-0.0000386;4.300717E-06;-2.806768E-05;0.0000000
5354.00009155273;0.0000000;0.0000209;-2.328626E-06;3.084953E-05;0.0000000
5355.00001907349;0.0000000;0.0000209;-2.328626E-06;1.202343E-05;0.0000000
5356.0004234314;0.0000000;-0.0000386;4.300717E-06;-4.232628E-05;0.0000000
5357.00035095215;0.0000000;0.0000209;-2.328626E-06;2.529232E-05;0.0000000
5358.0002784729;0.0000000;0.0000209;-2.328626E-06;9.85754E-06;0.0000000
5359.00020599365;0.0000000;0.0000209;-2.328626E-06;3.84192E-06;0.0000000
5360.0001335144;0.0000000;0.0000209;-2.328626E-06;1.497367E-06;0.0000000
5361.00006103516;0.0000000;0.0000209;-2.328626E-06;5.835902E-07;0.0000000
5362.00046539307;0.0000000;-0.0000386;4.300717E-06;-3.279082E-05;0.0000000
5363.00039291382;0.0000000;-0.0000982;1.09412E-05;-5.987139E-05;0.0000000
5364.00032043457;0.0000000;-0.0000387;4.311859E-06;6.015039E-06;0.0000000
5365.00024795532;0.0000000;0.0000209;-2.328626E-06;4.420331E-05;0.0000000
5366.00017547607;0.0000000;0.0000805;-8.969112E-06;7.020577E-05;0.0000000
5367.00010299683;0.0000000;0.0000805;-8.969112E-06;2.73623E-05;0.0000000
5368.00003051758;0.0000000;0.0000210;-2.339768E-06;-2.648126E-05;0.0000000
5369.00043487549;0.0000000;-0.0000386;4.300717E-06;-4.339468E-05;0.0000000
5370.00036239624;0.0000000;-0.0000386;4.300717E-06;-1.691283E-05;0.0000000
5371.00028991699;0.0000000;-0.0000386;4.300717E-06;-6.591681E-06;0.0000000
5372.00021743774;0.0000000;0.0000209;-2.328626E-06;3.457649E-05;0.0000000
5373.0001449585;0.0000000;0.0000209;-2.328626E-06;1.347599E-05;0.0000000
5374.00007247925;0.0000000;-0.0000386;4.300717E-06;-3.189336E-05;0.0000000
5375.00047683716;0.0000000;-0.0000386;4.300717E-06;-1.243026E-05;0.0000000
5376.00040435791;0.0000000;-0.0000386;4.300717E-06;-4.844622E-06;0.0000000
5377.00033187866;0.0000000;-0.0000386;4.300717E-06;-1.888164E-06;0.0000000
5378.00025939941;0.0000000;-0.0000386;4.300717E-06;-7.359013E-07;0.0000000
5379.00018692017;0.0000000;0.0000209;-2.328626E-06;2.58017E-05;0.0000000
5380.00011444092;0.0000000;0.0000805;-8.969112E-06;3.618843E-05;0.0000000
5381.00004196167;0.0000000;0.0000210;-2.339768E-06;-3.290811E-05;0.0000000
5382.00044631958;0.0000000;-0.0000386;4.300717E-06;-3.895811E-05;0.0000000
5383.00037384033;0.0000000;-0.0000387;4.311859E-06;1.157283E-05;0.0000000
5384.00030136108;0.0000000;0.0000209;-2.328626E-06;5.16018E-05;0.0000000
5385.00022888184;0.0000000;0.0000805;-8.969112E-06;6.197049E-05;0.0000000
5386.00015640259;0.0000000;0.0000805;-8.969112E-06;2.415265E-05;0.0000000
5387.00008392334;0.0000000;0.0000210;-2.339768E-06;-3.759899E-05;0.0000000
5388.00048828125;0.0000000;-0.0000386;4.300717E-06;-5.651298E-05;0.0000000
5389.000415802;0.0000000;-0.0000386;4.300717E-06;-2.202561E-05;0.0000000
5390.00034332275;0.0000000;-0.0000386;4.300717E-06;-8.584357E-06;0.0000000
5391.00027084351;0.0000000;0.0000209;-2.328626E-06;3.379986E-05;0.0000000
5392.00019836426;0.0000000;0.0000209;-2.328626E-06;1.31733E-05;0.0000000
5393.00012588501;0.0000000;0.0000209;-2.328626E-06;5.13422E-06;0.0000000
5394.00005340576;0.0000000;-0.0000386;4.300717E-06;-3.101724E-05;0.0000000
5395.00045776367;0.0000000;-0.0000386;4.300717E-06;-1.208879E-05;0.0000000
5396.00038528442;0.0000000;-0.0000386;4.300717E-06;-4.711539E-06;0.0000000
5397.00031280518;0.0000000;0.0000209;-2.328626E-06;3.118198E-05;0.0000000
5398.00024032593;0.0000000;0.0000805;-8.969112E-06;5.924436E-05;0.0000000
5399.00016784668;0.0000000;0.0000805;-8.969112E-06;2.309015E-05;0.0000000
5400.00009536743;0.0000000;0.0000210;-2.339768E-06;-2.814631E-05;0.0000000
5401.00002288818;0.0000000;-0.0000386;4.300717E-06;-3.710222E-05;0.0000000
5402.00042724609;0.0000000;-0.0000386;4.300717E-06;-1.446038E-05;0.0000000
5403.00035476685;0.0000000;-0.0000386;4.300717E-06;-5.635851E-06;0.0000000
5404.0002822876;0.0000000;0.0000209;-2.328626E-06;3.959221E-05;0.0000000
5405.00020980835;0.0000000;0.0000209;-2.328626E-06;1.543084E-05;0.0000000
5406.0001373291;0.0000000;0.0000209;-2.328626E-06;6.014083E-06;0.0000000
5407.00006484985;0.0000000;-0.0000386;4.300717E-06;-4.466839E-05;0.0000000
5408.00046920776;0.0000000;-0.0000386;4.300717E-06;-1.740925E-05;0.0000000
5409.00039672852;0.0000000;-0.0000386;4.300717E-06;-6.785159E-06;0.0000000
5410.00032424927;0.0000000;-0.0000386;4.300717E-06;-2.644477E-06;0.0000000
5411.00025177002;0.0000000;0.0000209;-2.328626E-06;5.185822E-05;0.0000000
5412.00017929077;0.0000000;0.0000209;-2.328626E-06;2.021145E-05;0.0000000
5413.00010681152;0.0000000;0.0000209;-2.328626E-06;7.877296E-06;0.0000000
5414.00003433228;0.0000000;0.0000209;-2.328626E-06;3.070132E-06;0.0000000
5415.00043869019;0.0000000;0.0000209;-2.328626E-06;1.196566E-06;0.0000000
5416.00036621094;0.0000000;0.0000209;-2.328626E-06;4.66355E-07;0.0000000
5417.00029373169;0.0000000;-0.0000386;4.300717E-06;-5.270713E-05;0.0000000
5418.00022125244;0.0000000;-0.0000386;4.300717E-06;-2.054231E-05;0.0000000
5419.00014877319;0.0000000;-0.0000386;4.300717E-06;-8.006248E-06;0.0000000
5420.00007629395;0.0000000;0.0000209;-2.328626E-06;3.866836E-05;0.0000000
5421.00048065186;0.0000000;0.0000805;-8.969112E-06;5.227876E-05;0.0000000
5422.00040817261;0.0000000;0.0000210;-2.339768E-06;-8.974223E-06;0.0000000
5423.00033569336;0.0000000;-0.0000386;4.300717E-06;-3.657142E-05;0.0000000
5424.00026321411;0.0000000;-0.0000386;4.300717E-06;-1.425351E-05;0.0000000
5425.00019073486;0.0000000;-0.0000386;4.300717E-06;-5.555223E-06;0.0000000
5426.00011825562;0.0000000;-0.0000386;4.300717E-06;-2.165117E-06;0.0000000
5427.00004577637;0.0000000;-0.0000386;4.300717E-06;-8.438419E-07;0.0000000
5428.00045013428;0.0000000;0.0000209;-2.328626E-06;2.902069E-05;0.0000000
5429.00037765503;0.0000000;0.0000209;-2.328626E-06;1.131065E-05;0.0000000
5430.00030517578;0.0000000;0.0000209;-2.328626E-06;4.408262E-06;0.0000000
5431.00023269653;0.0000000;0.0000209;-2.328626E-06;1.718095E-06;0.0000000
5432.00016021729;0.0000000;0.0000209;-2.328626E-06;6.696179E-07;0.0000000
5433.00008773804;0.0000000;0.0000209;-2.328626E-06;2.609798E-07;0.0000000
5434.00049209595;0.0000000;0.0000209;-2.328626E-06;1.017154E-07;0.0000000
5435.0004196167;0.0000000;0.0000209;-2.328626E-06;3.964301E-08;0.0000000
5436.00034713745;0.0000000;0.0000805;-8.969112E-06;3.722344E-05;0.0000000
5437.0002746582;0.0000000;0.0000805;-8.969112E-06;1.450762E-05;0.0000000
5438.00020217896;0.0000000;0.0000210;-2.339768E-06;-2.736401E-05;0.0000000
5439.00012969971;0.0000000;0.0000210;-2.339768E-06;-1.066497E-05;0.0000000
5440.00005722046;0.0000000;0.0000209;-2.328626E-06;5.632898E-06;0.0000000
5441.00046157837;0.0000000;-0.0000386;4.300717E-06;-2.389312E-05;0.0000000
5442.00038909912;0.0000000;0.0000209;-2.328626E-06;2.370606E-05;0.0000000
5443.00031661987;0.0000000;0.0000209;-2.328626E-06;9.239304E-06;0.0000000
5444.00024414063;0.0000000;0.0000209;-2.328626E-06;3.600966E-06;0.0000000
5445.00017166138;0.0000000;0.0000209;-2.328626E-06;1.403456E-06;0.0000000
5446.00009918213;0.0000000;0.0000209;-2.328626E-06;5.469891E-07;0.0000000
5447.00002670288;0.0000000;0.0000209;-2.328626E-06;2.131859E-07;0.0000000
5448.00043106079;0.0000000;-0.0000386;4.300717E-06;-4.170567E-05;0.0000000
5449.00035858154;0.0000000;0.0000209;-2.328626E-06;6.935242E-06;0.0000000
5450.00028610229;0.0000000;0.0000805;-8.969112E-06;4.979433E-05;0.0000000
5451.00021362305;0.0000000;0.0000210;-2.339768E-06;-2.760529E-05;0.0000000
5452.0001411438;0.0000000;-0.0000386;4.300717E-06;-4.383277E-05;0.0000000
5453.00006866455;0.0000000;-0.0000982;1.09412E-05;-7.006135E-05;0.0000000
5454.00047302246;0.0000000;-0.0000982;1.09412E-05;-2.730602E-05;0.0000000
5455.00040054321;0.0000000;-0.0000982;1.09412E-05;-1.064236E-05;0.0000000
5456.00032806396;0.0000000;0.0000209;-2.328626E-06;5.211575E-05;0.0000000
5457.00025558472;0.0000000;0.0000210;-2.339768E-06;-9.348307E-06;0.0000000
5458.00018310547;0.0000000;0.0000210;-2.339768E-06;-3.64345E-06;0.0000000
5459.00011062622;0.0000000;-0.0000386;4.300717E-06;-4.3279E-05;0.0000000
5460.00003814697;0.0000000;-0.0000386;4.300717E-06;-1.686775E-05;0.0000000
5461.00044250488;0.0000000;-0.0000386;4.300717E-06;-6.574107E-06;0.0000000
5462.00037002563;0.0000000;0.0000209;-2.328626E-06;3.045605E-05;0.0000000
5463.00029754639;0.0000000;0.0000805;-8.969112E-06;4.907806E-05;0.0000000
5464.00022506714;0.0000000;0.0000805;-8.969112E-06;1.912789E-05;0.0000000
5465.00015258789;0.0000000;-0.0000386;4.300717E-06;-6.871258E-05;0.0000000
5466.00008010864;0.0000000;-0.0000386;4.300717E-06;-2.678034E-05;0.0000000
5467.00048446655;0.0000000;-0.0000386;4.300717E-06;-1.043749E-05;0.0000000
5468.0004119873;0.0000000;0.0000209;-2.328626E-06;4.29444E-05;0.0000000
5469.00033950806;0.0000000;0.0000209;-2.328626E-06;1.673733E-05;0.0000000
5470.00026702881;0.0000000;0.0000209;-2.328626E-06;6.523282E-06;0.0000000
5471.00019454956;0.0000000;0.0000209;-2.328626E-06;2.542412E-06;0.0000000
5472.00012207031;0.0000000;-0.0000386;4.300717E-06;-2.21989E-05;0.0000000
5473.00004959106;0.0000000;0.0000209;-2.328626E-06;4.423699E-05;0.0000000
5474.00045394897;0.0000000;0.0000209;-2.328626E-06;1.724112E-05;0.0000000
5475.00038146973;0.0000000;0.0000209;-2.328626E-06;6.719627E-06;0.0000000
5476.00030899048;0.0000000;0.0000209;-2.328626E-06;2.618937E-06;0.0000000
5477.00023651123;0.0000000;0.0000209;-2.328626E-06;1.020716E-06;0.0000000
5478.00016403198;0.0000000;0.0000209;-2.328626E-06;3.978182E-07;0.0000000
5479.00009155273;0.0000000;-0.0000386;4.300717E-06;-2.593347E-05;0.0000000
5480.00049591064;0.0000000;0.0000209;-2.328626E-06;4.278147E-05;0.0000000
5481.0004234314;0.0000000;0.0000209;-2.328626E-06;1.667383E-05;0.0000000
5482.00035095215;0.0000000;0.0000805;-8.969112E-06;3.95723E-05;0.0000000
5483.0002784729;0.0000000;0.0000210;-2.339768E-06;-1.39265E-05;0.0000000
5484.00020599365;0.0000000;0.0000210;-2.339768E-06;-5.427774E-06;0.0000000
5485.0001335144;0.0000000;0.0000210;-2.339768E-06;-2.115444E-06;0.0000000
5486.00006103516;0.0000000;-0.0000386;4.300717E-06;-3.389825E-05;0.0000000
5487.00046539307;0.0000000;-0.0000386;4.300717E-06;-4.001203E-05;0.0000000
5488.00039291382;0.0000000;0.0000209;-2.328626E-06;2.619429E-05;0.0000000
5489.00032043457;0.0000000;0.0000209;-2.328626E-06;1.020908E-05;0.0000000
5490.00024795532;0.0000000;0.0000209;-2.328626E-06;3.978931E-06;0.0000000
5491.00017547607;0.0000000;-0.0000386;4.300717E-06;-2.779881E-05;0.0000000
5492.00010299683;0.0000000;0.0000209;-2.328626E-06;3.095432E-05;0.0000000
5493.00003051758;0.0000000;0.0000209;-2.328626E-06;1.206427E-05;0.0000000
5494.00043487549;0.0000000;0.0000805;-8.969112E-06;5.179334E-05;0.0000000
5495.00036239624;0.0000000;0.0000210;-2.339768E-06;-2.160259E-05;0.0000000
5496.00028991699;0.0000000;0.0000210;-2.339768E-06;-1.254677E-05;0.0000000
5497.00021743774;0.0000000;0.0000210;-2.339768E-06;-4.890034E-06;0.0000000
5498.0001449585;0.0000000;0.0000210;-2.339768E-06;-2.467521E-05;0.0000000
5499.00007247925;0.0000000;0.0000210;-2.339768E-06;-9.617022E-06;0.0000000
5500.00047683716;0.0000000;-0.0000386;4.300717E-06;-3.682195E-05;0.0000000
5501.00040435791;0.0000000;-0.0000386;4.300717E-06;-1.435115E-05;0.0000000
5502.00033187866;0.0000000;-0.0000386;4.300717E-06;-5.593278E-06;0.0000000
5503.00025939941;0.0000000;-0.0000386;4.300717E-06;-2.179948E-06;0.0000000
5504.00018692017;0.0000000;-0.0000386;4.300717E-06;-8.496226E-07;0.0000000
5505.00011444092;0.0000000;0.0001401;-1.56096E-05;0.0001052353;0.0000000
5506.00004196167;0.0000000;0.0001401;-1.56096E-05;4.101488E-05;0.0000000
5507.00044631958;0.0000000;0.0000210;-2.339768E-06;-6.634204E-05;0.0000000
5508.00037384033;0.0000000;0.0000210;-2.339768E-06;-2.585643E-05;0.0000000
5509.00030136108;0.0000000;-0.0000386;4.300717E-06;-3.94763E-05;0.0000000
5510.00022888184;0.0000000;-0.0000386;4.300717E-06;-1.538566E-05;0.0000000
5511.00015640259;0.0000000;0.0000209;-2.328626E-06;3.579228E-05;0.0000000
5512.00008392334;0.0000000;0.0000805;-8.969112E-06;4.334874E-05;0.0000000
5513.00048828125;0.0000000;0.0000210;-2.339768E-06;-3.599397E-05;0.0000000
5514.000415802;0.0000000;-0.0000386;4.300717E-06;-5.588743E-05;0.0000000
5515.00034332275;0.0000000;-0.0000386;4.300717E-06;-2.178181E-05;0.0000000
5516.00027084351;0.0000000;-0.0000386;4.300717E-06;-8.489336E-06;0.0000000
5517.00019836426;0.0000000;0.0000209;-2.328626E-06;2.277984E-05;0.0000000
5518.00012588501;0.0000000;0.0000209;-2.328626E-06;8.878314E-06;0.0000000
5519.00005340576;0.0000000;0.0000209;-2.328626E-06;3.460272E-06;0.0000000
5520.00045776367;0.0000000;-0.0000386;4.300717E-06;-5.154027E-05;0.0000000
5521.00038528442;0.0000000;-0.0000386;4.300717E-06;-2.008753E-05;0.0000000
5522.00031280518;0.0000000;-0.0000386;4.300717E-06;-7.829E-06;0.0000000
5523.00024032593;0.0000000;0.0000805;-8.969112E-06;6.722983E-05;0.0000000
5524.00016784668;0.0000000;0.0000805;-8.969112E-06;2.620245E-05;0.0000000
5525.00009536743;0.0000000;0.0000210;-2.339768E-06;-3.680009E-05;0.0000000
5526.00049972534;0.0000000;-0.0000386;4.300717E-06;-4.047499E-05;0.0000000
5527.00042724609;0.0000000;-0.0001578;1.758169E-05;-0.0001099576;0.0000000
5528.00035476685;0.0000000;-0.0000983;1.095234E-05;1.003353E-05;0.0000000
5529.0002822876;0.0000000;-0.0000983;1.095234E-05;3.910512E-06;0.0000000
5530.00020980835;0.0000000;0.0000209;-2.328626E-06;8.063424E-05;0.0000000
5531.0001373291;0.0000000;0.0000209;-2.328626E-06;3.142674E-05;0.0000000
5532.00006484985;0.0000000;0.0000209;-2.328626E-06;1.224839E-05;0.0000000
5533.00046920776;0.0000000;-0.0000386;4.300717E-06;-3.237182E-05;0.0000000
5534.00039672852;0.0000000;-0.0000386;4.300717E-06;-1.261673E-05;0.0000000
5535.00032424927;0.0000000;-0.0000386;4.300717E-06;-4.9173E-06;0.0000000
5536.00025177002;0.0000000;-0.0000386;4.300717E-06;-1.91649E-06;0.0000000
5537.00017929077;0.0000000;-0.0000386;4.300717E-06;-7.469411E-07;0.0000000
5538.00010681152;0.0000000;-0.0000386;4.300717E-06;-2.911161E-07;0.0000000
5539.00003433228;0.0000000;-0.0000386;4.300717E-06;-1.134608E-07;0.0000000
5540.00043869019;0.0000000;-0.0000386;4.300717E-06;-4.422072E-08;0.0000000
5541.00036621094;0.0000000;-0.0000386;4.300717E-06;-1.723477E-08;0.0000000
5542.00029373169;0.0000000;0.0000209;-2.328626E-06;2.60818E-05;0.0000000
5543.00022125244;0.0000000;0.0000209;-2.328626E-06;1.016523E-05;0.0000000
5544.00014877319;0.0000000;-0.0000386;4.300717E-06;-2.905643E-05;0.0000000
5545.00007629395;0.0000000;-0.0000386;4.300717E-06;-1.132458E-05;0.0000000
5546.00048065186;0.0000000;-0.0000386;4.300717E-06;-4.413691E-06;0.0000000
5547.00040817261;0.0000000;-0.0000386;4.300717E-06;-1.720211E-06;0.0000000
5548.00033569336;0.0000000;0.0000209;-2.328626E-06;3.234783E-05;0.0000000
5549.00026321411;0.0000000;-0.0000386;4.300717E-06;-2.453817E-05;0.0000000
5550.00019073486;0.0000000;-0.0000386;4.300717E-06;-9.563613E-06;0.0000000
5551.00011825562;0.0000000;-0.0000386;4.300717E-06;-3.727364E-06;0.0000000
5552.00004577637;0.0000000;0.0000209;-2.328626E-06;2.46358E-05;0.0000000
5553.00045013428;0.0000000;0.0000209;-2.328626E-06;9.601663E-06;0.0000000
5554.00037765503;0.0000000;-0.0000386;4.300717E-06;-3.804656E-05;0.0000000
5555.00030517578;0.0000000;-0.0000386;4.300717E-06;-1.482843E-05;0.0000000
5556.00023269653;0.0000000;-0.0000386;4.300717E-06;-5.779298E-06;0.0000000
5557.00016021729;0.0000000;0.0000209;-2.328626E-06;3.953631E-05;0.0000000
5558.00008773804;0.0000000;0.0000209;-2.328626E-06;1.540905E-05;0.0000000
5559.00049209595;0.0000000;0.0000209;-2.328626E-06;6.005591E-06;0.0000000
5560.0004196167;0.0000000;0.0000209;-2.328626E-06;2.340645E-06;0.0000000
5561.00034713745;0.0000000;-0.0000386;4.300717E-06;-4.61001E-05;0.0000000
5562.0002746582;0.0000000;-0.0000386;4.300717E-06;-1.796725E-05;0.0000000
5563.00020217896;0.0000000;0.0000209;-2.328626E-06;4.000971E-05;0.0000000
5564.00012969971;0.0000000;0.0000209;-2.328626E-06;1.559356E-05;0.0000000
5565.00005722046;0.0000000;0.0000209;-2.328626E-06;6.077501E-06;0.0000000
5566.00046157837;0.0000000;0.0000209;-2.328626E-06;2.368672E-06;0.0000000
5567.00038909912;0.0000000;0.0000209;-2.328626E-06;9.231766E-07;0.0000000
5568.00031661987;0.0000000;-0.0000386;4.300717E-06;-3.265847E-05;0.0000000
5569.00024414063;0.0000000;0.0000209;-2.328626E-06;2.90603E-05;0.0000000
5570.00017166138;0.0000000;0.0000805;-8.969112E-06;5.841744E-05;0.0000000
5571.00009918213;0.0000000;0.0000805;-8.969112E-06;2.276787E-05;0.0000000
5572.00002670288;0.0000000;0.0000210;-2.339768E-06;-1.721486E-05;0.0000000
5573.00043106079;0.0000000;0.0000210;-2.339768E-06;-6.709396E-06;0.0000000
5574.00035858154;0.0000000;-0.0000386;4.300717E-06;-2.584371E-05;0.0000000
5575.00028610229;0.0000000;-0.0000386;4.300717E-06;-1.007244E-05;0.0000000
5576.00021362305;0.0000000;-0.0000386;4.300717E-06;-3.925677E-06;0.0000000
5577.0001411438;0.0000000;0.0000209;-2.328626E-06;2.165978E-05;0.0000000
5578.00006866455;0.0000000;0.0000209;-2.328626E-06;8.441776E-06;0.0000000
5579.00047302246;0.0000000;-0.0000386;4.300717E-06;-1.989965E-05;0.0000000
5580.00040054321;0.0000000;-0.0000386;4.300717E-06;-7.755779E-06;0.0000000
5581.00032806396;0.0000000;-0.0000386;4.300717E-06;-3.022771E-06;0.0000000
5582.00025558472;0.0000000;-0.0000386;4.300717E-06;-1.178108E-06;0.0000000
5583.00018310547;0.0000000;0.0000209;-2.328626E-06;3.255911E-05;0.0000000
5584.00011062622;0.0000000;0.0000209;-2.328626E-06;1.268973E-05;0.0000000
5585.00003814697;0.0000000;-0.0000386;4.300717E-06;-4.794314E-05;0.0000000
5586.00044250488;0.0000000;0.0000209;-2.328626E-06;1.845999E-05;0.0000000
5587.00037002563;0.0000000;-0.0000386;4.300717E-06;-4.569421E-05;0.0000000
5588.00029754639;0.0000000;-0.0000386;4.300717E-06;-1.780906E-05;0.0000000
5589.00022506714;0.0000000;-0.0000386;4.300717E-06;-6.940982E-06;0.0000000
5590.00015258789;0.0000000;0.0000805;-8.969112E-06;5.645707E-05;0.0000000
5591.00008010864;0.0000000;0.0000805;-8.969112E-06;2.200382E-05;0.0000000
5592.00048446655;0.0000000;0.0000210;-2.339768E-06;-2.85697E-05;0.0000000
5593.0004119873;0.0000000;0.0000210;-2.339768E-06;-1.113488E-05;0.0000000
5594.00033950806;0.0000000;-0.0000386;4.300717E-06;-3.741352E-05;0.0000000
5595.00026702881;0.0000000;-0.0000386;4.300717E-06;-1.458171E-05;0.0000000
5596.00019454956;0.0000000;0.0000209;-2.328626E-06;3.610562E-05;0.0000000
5597.00012207031;0.0000000;0.0000209;-2.328626E-06;1.407196E-05;0.0000000
5598.00004959106;0.0000000;0.0000805;-8.969112E-06;2.871323E-05;0.0000000
5599.00045394897;0.0000000;0.0000210;-2.339768E-06;-2.182745E-05;0.0000000
5600.00038146973;0.0000000;-0.0000982;1.09412E-05;-7.976501E-05;0.0000000
5601.00030899048;0.0000000;-0.0001578;1.758169E-05;-6.048687E-05;0.0000000
5602.00023651123;0.0000000;-0.0000387;4.311859E-06;4.670673E-05;0.0000000
5603.00016403198;0.0000000;0.0000209;-2.328626E-06;5.541167E-05;0.0000000
5604.00009155273;0.0000000;0.0001401;-1.56096E-05;8.406906E-05;0.0000000
5605.00049591064;0.0000000;0.0001401;-1.56096E-05;3.276543E-05;0.0000000
5606.0004234314;0.0000000;0.0000806;-8.980253E-06;-2.024813E-05;0.0000000
5607.00035095215;0.0000000;0.0000210;-2.339768E-06;-3.402395E-05;0.0000000
5608.0002784729;0.0000000;-0.0000386;4.300717E-06;-3.939301E-05;0.0000000
5609.00020599365;0.0000000;-0.0000386;4.300717E-06;-1.53532E-05;0.0000000
5610.0001335144;0.0000000;-0.0000386;4.300717E-06;-5.983823E-06;0.0000000
5611.00006103516;0.0000000;-0.0000386;4.300717E-06;-2.332162E-06;0.0000000
5612.00046539307;0.0000000;0.0000209;-2.328626E-06;3.623661E-05;0.0000000
5613.00039291382;0.0000000;0.0000209;-2.328626E-06;1.412302E-05;0.0000000
5614.00032043457;0.0000000;0.0000209;-2.328626E-06;5.504366E-06;0.0000000
5615.00024795532;0.0000000;0.0000209;-2.328626E-06;2.145295E-06;0.0000000
5616.00017547607;0.0000000;0.0000209;-2.328626E-06;8.361168E-07;0.0000000
5617.00010299683;0.0000000;0.0000209;-2.328626E-06;3.258718E-07;0.0000000
5618.00003051758;0.0000000;-0.0000386;4.300717E-06;-4.688534E-05;0.0000000
5619.00043487549;0.0000000;-0.0000386;4.300717E-06;-1.827329E-05;0.0000000
5620.00036239624;0.0000000;0.0000209;-2.328626E-06;4.054339E-05;0.0000000
5621.00028991699;0.0000000;0.0000209;-2.328626E-06;1.580156E-05;0.0000000
5622.00021743774;0.0000000;-0.0000386;4.300717E-06;-3.563019E-05;0.0000000
5623.0001449585;0.0000000;-0.0000386;4.300717E-06;-1.388666E-05;0.0000000
5624.00007247925;0.0000000;-0.0000386;4.300717E-06;-5.412249E-06;0.0000000
5625.00047683716;0.0000000;0.0000209;-2.328626E-06;2.724019E-05;0.0000000
5626.00040435791;0.0000000;0.0000209;-2.328626E-06;1.061671E-05;0.0000000
5627.00033187866;0.0000000;-0.0000386;4.300717E-06;-4.875109E-05;0.0000000
5628.00025939941;0.0000000;-0.0000386;4.300717E-06;-1.900046E-05;0.0000000
5629.00018692017;0.0000000;-0.0000386;4.300717E-06;-7.405322E-06;0.0000000
5630.00011444092;0.0000000;-0.0000386;4.300717E-06;-2.886182E-06;0.0000000
5631.00004196167;0.0000000;0.0000209;-2.328626E-06;2.82247E-05;0.0000000
5632.00044631958;0.0000000;0.0000805;-8.969112E-06;4.039932E-05;0.0000000
5633.00037384033;0.0000000;0.0000805;-8.969112E-06;1.574541E-05;0.0000000
5634.00030136108;0.0000000;0.0000805;-8.969112E-06;6.136683E-06;0.0000000
5635.00022888184;0.0000000;0.0000210;-2.339768E-06;-3.062654E-05;0.0000000
5636.00015640259;0.0000000;0.0000210;-2.339768E-06;-1.193652E-05;0.0000000
5637.00008392334;0.0000000;-0.0000386;4.300717E-06;-3.772596E-05;0.0000000
5638.00048828125;0.0000000;-0.0000386;4.300717E-06;-1.470348E-05;0.0000000
5639.000415802;0.0000000;-0.0000386;4.300717E-06;-5.730597E-06;0.0000000
5640.00034332275;0.0000000;-0.0000386;4.300717E-06;-2.233468E-06;0.0000000
5641.00027084351;0.0000000;0.0000209;-2.328626E-06;4.091827E-05;0.0000000
5642.00019836426;0.0000000;0.0000209;-2.328626E-06;1.594767E-05;0.0000000
5643.00012588501;0.0000000;0.0000209;-2.328626E-06;6.215512E-06;0.0000000
5644.00005340576;0.0000000;0.0000209;-2.328626E-06;2.422461E-06;0.0000000
5645.00045776367;0.0000000;0.0000209;-2.328626E-06;9.441404E-07;0.0000000
5646.00038528442;0.0000000;0.0000209;-2.328626E-06;3.679734E-07;0.0000000
5647.00031280518;0.0000000;0.0000209;-2.328626E-06;1.434155E-07;0.0000000
5648.00024032593;0.0000000;0.0000209;-2.328626E-06;5.58954E-08;0.0000000
5649.00016784668;0.0000000;0.0000209;-2.328626E-06;2.178492E-08;0.0000000
5650.00009536743;0.0000000;-0.0000386;4.300717E-06;-2.608002E-05;0.0000000
5651.00049972534;0.0000000;0.0000209;-2.328626E-06;1.592397E-05;0.0000000
5652.00042724609;0.0000000;0.0000805;-8.969112E-06;5.918405E-05;0.0000000
5653.00035476685;0.0000000;0.0000210;-2.339768E-06;-1.231382E-07;0.0000000
5654.0002822876;0.0000000;0.0000210;-2.339768E-06;-4.799243E-08;0.0000000
5655.00020980835;0.0000000;-0.0000386;4.300717E-06;-3.722669E-05;0.0000000
5656.0001373291;0.0000000;-0.0000386;4.300717E-06;-1.45089E-05;0.0000000
5657.00006484985;0.0000000;-0.0000386;4.300717E-06;-5.65476E-06;0.0000000
5658.00046920776;0.0000000;0.0000209;-2.328626E-06;5.068498E-05;0.0000000
5659.00039672852;0.0000000;0.0000209;-2.328626E-06;1.975419E-05;0.0000000
5660.00032424927;0.0000000;-0.0000386;4.300717E-06;-3.408967E-05;0.0000000
5661.00025177002;0.0000000;-0.0000386;4.300717E-06;-1.328626E-05;0.0000000
5662.00017929077;0.0000000;0.0000209;-2.328626E-06;2.417133E-05;0.0000000
5663.00010681152;0.0000000;0.0000209;-2.328626E-06;9.42064E-06;0.0000000
5664.00003433228;0.0000000;0.0000209;-2.328626E-06;3.671641E-06;0.0000000
5665.00043869019;0.0000000;0.0000209;-2.328626E-06;1.431001E-06;0.0000000
5666.00036621094;0.0000000;-0.0000386;4.300717E-06;-2.553079E-05;0.0000000
5667.00029373169;0.0000000;-0.0000386;4.300717E-06;-9.950481E-06;0.0000000
5668.00022125244;0.0000000;0.0000209;-2.328626E-06;1.931165E-05;0.0000000
5669.00014877319;0.0000000;0.0000805;-8.969112E-06;5.461796E-05;0.0000000
5670.00007629395;0.0000000;0.0000210;-2.339768E-06;-3.160185E-05;0.0000000
5671.00048065186;0.0000000;-0.0000386;4.300717E-06;-5.417563E-05;0.0000000
5672.00040817261;0.0000000;-0.0000386;4.300717E-06;-2.111464E-05;0.0000000
5673.00033569336;0.0000000;0.0000209;-2.328626E-06;1.496047E-05;0.0000000
5674.00026321411;0.0000000;0.0000209;-2.328626E-06;5.83076E-06;0.0000000
5675.00019073486;0.0000000;0.0000209;-2.328626E-06;2.272506E-06;0.0000000
5676.00011825562;0.0000000;-0.0000386;4.300717E-06;-2.846388E-05;0.0000000
5677.00004577637;0.0000000;-0.0000386;4.300717E-06;-1.109364E-05;0.0000000
5678.00045013428;0.0000000;-0.0000386;4.300717E-06;-4.323681E-06;0.0000000
5679.00037765503;0.0000000;0.0000209;-2.328626E-06;3.133314E-05;0.0000000
5680.00030517578;0.0000000;0.0000805;-8.969112E-06;5.930327E-05;0.0000000
5681.00023269653;0.0000000;0.0000210;-2.339768E-06;-2.977578E-05;0.0000000
5682.00016021729;0.0000000;0.0000210;-2.339768E-06;-1.160494E-05;0.0000000
5683.00008773804;0.0000000;0.0000210;-2.339768E-06;-4.52296E-06;0.0000000
5684.00049209595;0.0000000;-0.0000386;4.300717E-06;-2.789516E-05;0.0000000
5685.0004196167;0.0000000;-0.0000386;4.300717E-06;-1.087198E-05;0.0000000
5686.00034713745;0.0000000;0.0000209;-2.328626E-06;3.290827E-05;0.0000000
5687.0002746582;0.0000000;0.0000805;-8.969112E-06;5.00338E-05;0.0000000
5688.00020217896;0.0000000;0.0000805;-8.969112E-06;1.950039E-05;0.0000000
5689.00012969971;0.0000000;0.0000210;-2.339768E-06;-2.174941E-05;0.0000000
5690.00005722046;0.0000000;-0.0000386;4.300717E-06;-5.556807E-05;0.0000000
5691.00046157837;0.0000000;-0.0000982;1.09412E-05;-6.351633E-05;0.0000000
5692.00038909912;0.0000000;-0.0001578;1.758169E-05;-5.415403E-05;0.0000000
5693.00031661987;0.0000000;-0.0000983;1.095234E-05;2.083562E-06;0.0000000
5694.00024414063;0.0000000;-0.0000387;4.311859E-06;2.404082E-05;0.0000000
5695.00017166138;0.0000000;0.0000209;-2.328626E-06;3.550213E-05;0.0000000
5696.00009918213;0.0000000;0.0000805;-8.969112E-06;4.323566E-05;0.0000000
5697.00050354004;0.0000000;0.0000210;-2.339768E-06;-1.616742E-05;0.0000000
5698.00043106079;0.0000000;-0.0000386;4.300717E-06;-3.570006E-05;0.0000000
5699.00035858154;0.0000000;-0.0000386;4.300717E-06;-1.39139E-05;0.0000000
5700.00028610229;0.0000000;0.0000209;-2.328626E-06;4.746603E-05;0.0000000
5701.00021362305;0.0000000;0.0000210;-2.339768E-06;1.391885E-05;0.0000000
5702.0001411438;0.0000000;0.0000210;-2.339768E-06;5.424792E-06;0.0000000
5703.00006866455;0.0000000;0.0000210;-2.339768E-06;2.114282E-06;0.0000000
5704.00047302246;0.0000000;-0.0000386;4.300717E-06;-3.638396E-05;0.0000000
5705.00040054321;0.0000000;-0.0000386;4.300717E-06;-1.418044E-05;0.0000000
5706.00032806396;0.0000000;-0.0000386;4.300717E-06;-5.526747E-06;0.0000000
5707.00025558472;0.0000000;0.0000209;-2.328626E-06;3.499154E-05;0.0000000
5708.00018310547;0.0000000;0.0000209;-2.328626E-06;1.363775E-05;0.0000000
5709.00011062622;0.0000000;0.0000209;-2.328626E-06;5.315237E-06;0.0000000
5710.00003814697;0.0000000;0.0000209;-2.328626E-06;2.071584E-06;0.0000000
5711.00044250488;0.0000000;-0.0000386;4.300717E-06;-2.528112E-05;0.0000000
5712.00037002563;0.0000000;-0.0000982;1.09412E-05;-3.925208E-05;0.0000000
5713.00029754639;0.0000000;-0.0000387;4.311859E-06;1.079024E-05;0.0000000
5714.00022506714;0.0000000;0.0000209;-2.328626E-06;3.033779E-05;0.0000000
5715.00015258789;0.0000000;0.0000805;-8.969112E-06;4.489774E-05;0.0000000
5716.00008010864;0.0000000;0.0000210;-2.339768E-06;-1.964692E-05;0.0000000
5717.00048446655;0.0000000;0.0000210;-2.339768E-06;-7.657273E-06;0.0000000
5718.0004119873;0.0000000;0.0000209;-2.328626E-06;-1.246285E-07;0.0000000
5719.00033950806;0.0000000;-0.0000386;4.300717E-06;-5.293746E-05;0.0000000
5720.00026702881;0.0000000;-0.0000386;4.300717E-06;-2.063208E-05;0.0000000
5721.00019454956;0.0000000;-0.0000386;4.300717E-06;-8.041236E-06;0.0000000
5722.00012207031;0.0000000;-0.0000386;4.300717E-06;-3.134026E-06;0.0000000
5723.00004959106;0.0000000;0.0000209;-2.328626E-06;4.056729E-05;0.0000000
5724.00045394897;0.0000000;0.0000209;-2.328626E-06;1.581087E-05;0.0000000
5725.00038146973;0.0000000;0.0000209;-2.328626E-06;6.162196E-06;0.0000000
5726.00030899048;0.0000000;-0.0000386;4.300717E-06;-4.461067E-05;0.0000000
5727.00023651123;0.0000000;-0.0000386;4.300717E-06;-1.738675E-05;0.0000000
5728.00016403198;0.0000000;-0.0000386;4.300717E-06;-6.776389E-06;0.0000000
5729.00009155273;0.0000000;-0.0000386;4.300717E-06;-2.641059E-06;0.0000000
5730.00049591064;0.0000000;0.0000209;-2.328626E-06;2.216045E-05;0.0000000
5731.0004234314;0.0000000;0.0000209;-2.328626E-06;8.636911E-06;0.0000000
5732.00035095215;0.0000000;0.0000209;-2.328626E-06;3.366187E-06;0.0000000
5733.0002784729;0.0000000;0.0000209;-2.328626E-06;1.311952E-06;0.0000000
5734.00020599365;0.0000000;0.0000209;-2.328626E-06;5.11326E-07;0.0000000
5735.0001335144;0.0000000;0.0000209;-2.328626E-06;1.992864E-07;0.0000000
5736.00006103516;0.0000000;0.0000209;-2.328626E-06;7.767076E-08;0.0000000
5737.00046539307;0.0000000;-0.0000386;4.300717E-06;-4.175848E-05;0.0000000
5738.00039291382;0.0000000;-0.0000386;4.300717E-06;-1.627513E-05;0.0000000
5739.00032043457;0.0000000;-0.0000386;4.300717E-06;-6.34314E-06;0.0000000
5740.00024795532;0.0000000;-0.0000386;4.300717E-06;-2.472203E-06;0.0000000
5741.00017547607;0.0000000;0.0000209;-2.328626E-06;4.604882E-05;0.0000000
5742.00010299683;0.0000000;0.0000209;-2.328626E-06;1.794727E-05;0.0000000
5743.00050735474;0.0000000;0.0000805;-8.969112E-06;4.006861E-05;0.0000000
5744.00043487549;0.0000000;0.0000210;-2.339768E-06;-2.152904E-05;0.0000000
5745.00036239624;0.0000000;-0.0000386;4.300717E-06;-3.161958E-05;0.0000000
5746.00028991699;0.0000000;-0.0000386;4.300717E-06;-1.232355E-05;0.0000000
5747.00021743774;0.0000000;-0.0000386;4.300717E-06;-4.803036E-06;0.0000000
5748.0001449585;0.0000000;0.0000209;-2.328626E-06;3.114632E-05;0.0000000
5749.00007247925;0.0000000;0.0000805;-8.969112E-06;6.511688E-05;0.0000000
5750.00047683716;0.0000000;0.0000805;-8.969112E-06;2.537894E-05;0.0000000
5751.00040435791;0.0000000;0.0000210;-2.339768E-06;-1.619722E-05;0.0000000
5752.00033187866;0.0000000;-0.0000386;4.300717E-06;-2.954154E-05;0.0000000
5753.00025939941;0.0000000;0.0000209;-2.328626E-06;4.137524E-05;0.0000000
5754.00018692017;0.0000000;0.0000209;-2.328626E-06;3.966508E-05;0.0000000
5755.00011444092;0.0000000;0.0000209;-2.328626E-06;1.545924E-05;0.0000000
5756.00004196167;0.0000000;-0.0000386;4.300717E-06;-4.09872E-05;0.0000000
5757.00044631958;0.0000000;-0.0000386;4.300717E-06;-1.597453E-05;0.0000000
5758.00037384033;0.0000000;-0.0000386;4.300717E-06;-6.225983E-06;0.0000000
5759.00030136108;0.0000000;0.0000210;-2.339768E-06;1.301658E-05;0.0000000
5760.00022888184;0.0000000;0.0000805;-8.969112E-06;4.686189E-05;0.0000000
5761.00015640259;0.0000000;0.0000210;-2.339768E-06;-1.475412E-05;0.0000000
5762.00008392334;0.0000000;-0.0000386;4.300717E-06;-4.760932E-05;0.0000000
5763.00048828125;0.0000000;-0.0000386;4.300717E-06;-1.855546E-05;0.0000000
5764.000415802;0.0000000;-0.0000386;4.300717E-06;-7.231887E-06;0.0000000
5765.00034332275;0.0000000;-0.0000386;4.300717E-06;-2.818587E-06;0.0000000
5766.00027084351;0.0000000;0.0000209;-2.328626E-06;4.591382E-05;0.0000000
5767.00019836426;0.0000000;0.0000209;-2.328626E-06;1.789465E-05;0.0000000
5768.00012588501;0.0000000;0.0000209;-2.328626E-06;6.974338E-06;0.0000000
5769.00005340576;0.0000000;0.0000209;-2.328626E-06;1.671228E-05;0.0000000
5770.00045776367;0.0000000;-0.0000386;4.300717E-06;-1.667627E-05;0.0000000
5771.00038528442;0.0000000;-0.0000386;4.300717E-06;-6.499482E-06;0.0000000
5772.00031280518;0.0000000;-0.0000386;4.300717E-06;-2.533136E-06;0.0000000
5773.00024032593;0.0000000;0.0000209;-2.328626E-06;2.220252E-05;0.0000000
5774.00016784668;0.0000000;-0.0000386;4.300717E-06;-3.835904E-05;0.0000000
5775.00009536743;0.0000000;-0.0000386;4.300717E-06;-1.495022E-05;0.0000000
5776.00049972534;0.0000000;0.0000209;-2.328626E-06;4.118559E-05;0.0000000
5777.00042724609;0.0000000;0.0000209;-2.328626E-06;1.605185E-05;0.0000000
5778.00035476685;0.0000000;0.0000805;-8.969112E-06;2.948488E-05;0.0000000
5779.0002822876;0.0000000;0.0000210;-2.339768E-06;-1.169822E-05;0.0000000
5780.00020980835;0.0000000;0.0000210;-2.339768E-06;-4.559317E-06;0.0000000
5781.0001373291;0.0000000;0.0000209;-2.328626E-06;9.236233E-06;0.0000000
5782.00006484985;0.0000000;0.0000209;-2.328626E-06;3.59977E-06;0.0000000
5783.00046920776;0.0000000;0.0000209;-2.328626E-06;1.40299E-06;0.0000000
5784.00039672852;0.0000000;0.0000805;-8.969112E-06;3.362057E-05;0.0000000
5785.00032424927;0.0000000;0.0000210;-2.339768E-06;-1.624615E-05;0.0000000
5786.00025177002;0.0000000;-0.0000386;4.300717E-06;-5.34232E-05;0.0000000
5787.00017929077;0.0000000;-0.0000386;4.300717E-06;-2.082139E-05;0.0000000
5788.00010681152;0.0000000;0.0000209;-2.328626E-06;3.889733E-05;0.0000000
5789.00051116943;0.0000000;0.0000209;-2.328626E-06;1.516001E-05;0.0000000
5790.00043869019;0.0000000;0.0000209;-2.328626E-06;5.90853E-06;0.0000000
5791.00036621094;0.0000000;0.0000209;-2.328626E-06;2.302816E-06;0.0000000
5792.00029373169;0.0000000;-0.0000386;4.300717E-06;-3.624805E-05;0.0000000
5793.00022125244;0.0000000;-0.0000386;4.300717E-06;-1.412747E-05;0.0000000
5794.00014877319;0.0000000;0.0000209;-2.328626E-06;2.751217E-05;0.0000000
5795.00007629395;0.0000000;0.0000209;-2.328626E-06;1.072271E-05;0.0000000
5796.00048065186;0.0000000;0.0000209;-2.328626E-06;4.179117E-06;0.0000000
5797.00040817261;0.0000000;0.0000209;-2.328626E-06;1.628787E-06;0.0000000
5798.00033569336;0.0000000;-0.0000386;4.300717E-06;-2.871477E-05;0.0000000
5799.00026321411;0.0000000;-0.0000386;4.300717E-06;-1.119142E-05;0.0000000
5800.00019073486;0.0000000;-0.0000386;4.300717E-06;-4.361792E-06;0.0000000
5801.00011825562;0.0000000;-0.0000386;4.300717E-06;-1.699984E-06;0.0000000
5802.00004577637;0.0000000;-0.0000386;4.300717E-06;-6.625592E-07;0.0000000
5803.00045013428;0.0000000;0.0000209;-2.328626E-06;2.583028E-05;0.0000000
5804.00037765503;0.0000000;0.0000209;-2.328626E-06;1.006721E-05;0.0000000
5805.00030517578;0.0000000;0.0000209;-2.328626E-06;3.923637E-06;0.0000000
5806.00023269653;0.0000000;-0.0000386;4.300717E-06;-3.561634E-05;0.0000000
5807.00016021729;0.0000000;-0.0000386;4.300717E-06;-1.388127E-05;0.0000000
5808.00008773804;0.0000000;-0.0000386;4.300717E-06;-5.410146E-06;0.0000000
5809.00049209595;0.0000000;-0.0000386;4.300717E-06;-2.108574E-06;0.0000000
5810.0004196167;0.0000000;-0.0000386;4.300717E-06;-8.218046E-07;0.0000000
5811.00034713745;0.0000000;-0.0000386;4.300717E-06;-3.202937E-07;0.0000000
5812.0002746582;0.0000000;-0.0000386;4.300717E-06;-1.248327E-07;0.0000000
5813.00020217896;0.0000000;-0.0000386;4.300717E-06;-4.865283E-08;0.0000000
5814.00012969971;0.0000000;-0.0000386;4.300717E-06;-1.896217E-08;0.0000000
5815.00005722046;0.0000000;-0.0000386;4.300717E-06;-7.390397E-09;0.0000000
5816.00046157837;0.0000000;-0.0000386;4.300717E-06;-2.880365E-09;0.0000000
5817.00038909912;0.0000000;-0.0000386;4.300717E-06;-1.122606E-09;0.0000000
5818.00031661987;0.0000000;0.0000209;-2.328626E-06;2.608808E-05;0.0000000
5819.00024414063;0.0000000;0.0000209;-2.328626E-06;1.016768E-05;0.0000000
5820.00017166138;0.0000000;-0.0000386;4.300717E-06;-2.212572E-05;0.0000000
5821.00009918213;0.0000000;-0.0000982;1.09412E-05;-5.048235E-05;0.0000000
5822.00050354004;0.0000000;-0.0000387;4.311859E-06;6.413302E-06;0.0000000
5823.00043106079;0.0000000;-0.0000387;4.311859E-06;2.499548E-06;0.0000000
5824.00035858154;0.0000000;0.0000209;-2.328626E-06;3.818217E-05;0.0000000
5825.00028610229;0.0000000;0.0000209;-2.328626E-06;1.488129E-05;0.0000000
5826.00021362305;0.0000000;-0.0000386;4.300717E-06;-2.028861E-05;0.0000000
5827.0001411438;0.0000000;-0.0000386;4.300717E-06;-7.907372E-06;0.0000000
5828.00006866455;0.0000000;-0.0000386;4.300717E-06;-3.081854E-06;0.0000000
5829.00047302246;0.0000000;0.0000209;-2.328626E-06;4.058762E-05;0.0000000
5830.00040054321;0.0000000;0.0000805;-8.969112E-06;5.767778E-05;0.0000000
5831.00032806396;0.0000000;0.0000210;-2.339768E-06;-2.453276E-05;0.0000000
5832.00025558472;0.0000000;0.0000210;-2.339768E-06;-9.561504E-06;0.0000000
5833.00018310547;0.0000000;-0.0000386;4.300717E-06;-2.98589E-05;0.0000000
5834.00011062622;0.0000000;-0.0000386;4.300717E-06;-1.163734E-05;0.0000000
5835.00051498413;0.0000000;-0.0000386;4.300717E-06;-4.535586E-06;0.0000000
5836.00044250488;0.0000000;-0.0000386;4.300717E-06;-1.767719E-06;0.0000000
5837.00037002563;0.0000000;0.0000209;-2.328626E-06;2.539955E-05;0.0000000
5838.00029754639;0.0000000;0.0000209;-2.328626E-06;9.899334E-06;0.0000000
5839.00022506714;0.0000000;0.0000805;-8.969112E-06;5.094957E-05;0.0000000
5840.00015258789;0.0000000;0.0000210;-2.339768E-06;-3.332485E-06;0.0000000
5841.00008010864;0.0000000;0.0000210;-2.339768E-06;-1.298817E-06;0.0000000
5842.00048446655;0.0000000;0.0000210;-2.339768E-06;-5.062066E-07;0.0000000
5843.0004119873;0.0000000;0.0000210;-2.339768E-06;-1.972912E-07;0.0000000
5844.00033950806;0.0000000;0.0000210;-2.339768E-06;-7.689312E-08;0.0000000
5845.00026702881;0.0000000;0.0000210;-2.339768E-06;-2.996866E-08;0.0000000
5846.00019454956;0.0000000;0.0000209;-2.328626E-06;1.854831E-05;0.0000000
5847.00012207031;0.0000000;-0.0000386;4.300717E-06;-1.885941E-05;0.0000000
5848.00004959106;0.0000000;0.0000209;-2.328626E-06;1.873816E-05;0.0000000
5849.00045394897;0.0000000;0.0000209;-2.328626E-06;7.303093E-06;0.0000000
5850.00038146973;0.0000000;0.0000209;-2.328626E-06;2.846339E-06;0.0000000
5851.00030899048;0.0000000;0.0000209;-2.328626E-06;1.109345E-06;0.0000000
5852.00023651123;0.0000000;0.0000209;-2.328626E-06;4.323608E-07;0.0000000
5853.00016403198;0.0000000;0.0000209;-2.328626E-06;1.685102E-07;0.0000000
5854.00009155273;0.0000000;0.0000209;-2.328626E-06;6.56759E-08;0.0000000
5855.00049591064;0.0000000;0.0000210;-2.339768E-06;-6.095221E-06;0.0000000
5856.0004234314;0.0000000;0.0000210;-2.339768E-06;-2.375578E-06;0.0000000
5857.00035095215;0.0000000;-0.0000386;4.300717E-06;-4.278485E-05;0.0000000
5858.0002784729;0.0000000;-0.0000386;4.300717E-06;-1.667515E-05;0.0000000
5859.00020599365;0.0000000;-0.0000386;4.300717E-06;-6.499047E-06;0.0000000
5860.0001335144;0.0000000;0.0000209;-2.328626E-06;3.461259E-05;0.0000000
5861.00006103516;0.0000000;0.0000805;-8.969112E-06;3.671883E-05;0.0000000
5862.00046539307;0.0000000;0.0000210;-2.339768E-06;-3.857794E-05;0.0000000
5863.00039291382;0.0000000;-0.0000386;4.300717E-06;-6.801331E-05;0.0000000
5864.00032043457;0.0000000;-0.0000386;4.300717E-06;-2.65078E-05;0.0000000
5865.00024795532;0.0000000;0.0000209;-2.328626E-06;2.681429E-05;0.0000000
5866.00017547607;0.0000000;0.0000209;-2.328626E-06;1.661051E-05;0.0000000
5867.00010299683;0.0000000;0.0000209;-2.328626E-06;6.473851E-06;0.0000000
5868.00050735474;0.0000000;0.0000209;-2.328626E-06;2.523147E-06;0.0000000
5869.00043487549;0.0000000;0.0000209;-2.328626E-06;9.833822E-07;0.0000000
5870.00036239624;0.0000000;-0.0000386;4.300717E-06;-2.896631E-05;0.0000000
5871.00028991699;0.0000000;-0.0000982;1.09412E-05;-3.742181E-05;0.0000000
5872.00021743774;0.0000000;-0.0000387;4.311859E-06;2.720382E-05;0.0000000
5873.0001449585;0.0000000;0.0000209;-2.328626E-06;4.000143E-05;0.0000000
5874.00007247925;0.0000000;0.0000209;-2.328626E-06;1.559033E-05;0.0000000
5875.00047683716;0.0000000;0.0000209;-2.328626E-06;6.076244E-06;0.0000000
5876.00040435791;0.0000000;-0.0000386;4.300717E-06;-4.464417E-05;0.0000000
5877.00033187866;0.0000000;-0.0000386;4.300717E-06;-1.739981E-05;0.0000000
5878.00025939941;0.0000000;-0.0000386;4.300717E-06;-6.781478E-06;0.0000000
5879.00018692017;0.0000000;-0.0000386;4.300717E-06;-2.643043E-06;0.0000000
5880.00011444092;0.0000000;-0.0000386;4.300717E-06;-1.030111E-06;0.0000000
5881.00004196167;0.0000000;0.0000209;-2.328626E-06;5.248741E-05;0.0000000
5882.00044631958;0.0000000;0.0000209;-2.328626E-06;2.045667E-05;0.0000000
5883.00037384033;0.0000000;0.0000209;-2.328626E-06;7.972872E-06;0.0000000
5884.00030136108;0.0000000;0.0000209;-2.328626E-06;3.107381E-06;0.0000000
5885.00022888184;0.0000000;-0.0000386;4.300717E-06;-4.057767E-05;0.0000000
5886.00015640259;0.0000000;-0.0000386;4.300717E-06;-1.581491E-05;0.0000000
5887.00008392334;0.0000000;0.0000209;-2.328626E-06;2.318581E-05;0.0000000
5888.00048828125;0.0000000;0.0000209;-2.328626E-06;9.036537E-06;0.0000000
5889.000415802;0.0000000;0.0000209;-2.328626E-06;3.521939E-06;0.0000000
5890.00034332275;0.0000000;0.0000209;-2.328626E-06;1.372656E-06;0.0000000
5891.00027084351;0.0000000;0.0000209;-2.328626E-06;5.349848E-07;0.0000000
5892.00019836426;0.0000000;0.0000209;-2.328626E-06;2.085073E-07;0.0000000
5893.00012588501;0.0000000;0.0000209;-2.328626E-06;8.126453E-08;0.0000000
5894.00005340576;0.0000000;0.0000209;-2.328626E-06;3.167239E-08;0.0000000
5895.00045776367;0.0000000;-0.0000386;4.300717E-06;-2.933723E-05;0.0000000
5896.00038528442;0.0000000;0.0000209;-2.328626E-06;3.557833E-05;0.0000000
5897.00031280518;0.0000000;0.0000209;-2.328626E-06;1.386645E-05;0.0000000
5898.00024032593;0.0000000;0.0000209;-2.328626E-06;5.404371E-06;0.0000000
5899.00016784668;0.0000000;0.0000209;-2.328626E-06;2.106323E-06;0.0000000
5900.00009536743;0.0000000;0.0000209;-2.328626E-06;8.209274E-07;0.0000000
5901.00049972534;0.0000000;0.0000209;-2.328626E-06;3.199518E-07;0.0000000
5902.00042724609;0.0000000;-0.0000386;4.300717E-06;-4.688765E-05;0.0000000
5903.00035476685;0.0000000;-0.0000386;4.300717E-06;-1.82742E-05;0.0000000
5904.0002822876;0.0000000;0.0000209;-2.328626E-06;3.00233E-05;0.0000000
5905.00020980835;0.0000000;0.0000209;-2.328626E-06;1.170141E-05;0.0000000
5906.0001373291;0.0000000;0.0000209;-2.328626E-06;4.560558E-06;0.0000000
5907.00006484985;0.0000000;0.0000209;-2.328626E-06;1.777452E-06;0.0000000
5908.00046920776;0.0000000;0.0000209;-2.328626E-06;6.927519E-07;0.0000000
5909.00039672852;0.0000000;-0.0000386;4.300717E-06;-4.674235E-05;0.0000000
5910.00032424927;0.0000000;0.0000209;-2.328626E-06;3.467132E-05;0.0000000
5911.00025177002;0.0000000;0.0000209;-2.328626E-06;1.967274E-05;0.0000000
5912.00017929077;0.0000000;0.0000209;-2.328626E-06;7.66734E-06;0.0000000
5913.00010681152;0.0000000;0.0000209;-2.328626E-06;2.988302E-06;0.0000000
5914.00051116943;0.0000000;0.0000209;-2.328626E-06;1.164674E-06;0.0000000
5915.00043869019;0.0000000;0.0000209;-2.328626E-06;4.539251E-07;0.0000000
5916.00036621094;0.0000000;0.0000209;-2.328626E-06;1.769147E-07;0.0000000
5917.00029373169;0.0000000;0.0000209;-2.328626E-06;6.895152E-08;0.0000000
5918.00022125244;0.0000000;-0.0000386;4.300717E-06;-3.29914E-05;0.0000000
5919.00014877319;0.0000000;-0.0000386;4.300717E-06;-1.285821E-05;0.0000000
5920.00007629395;0.0000000;-0.0000386;4.300717E-06;-5.011416E-06;0.0000000
5921.00048065186;0.0000000;-0.0000386;4.300717E-06;-1.953171E-06;0.0000000
5922.00040817261;0.0000000;0.0000209;-2.328626E-06;2.858834E-05;0.0000000
5923.00033569336;0.0000000;0.0000210;-2.339768E-06;-6.471301E-06;0.0000000
5924.00026321411;0.0000000;0.0000210;-2.339768E-06;-2.522153E-06;0.0000000
5925.00019073486;0.0000000;-0.0000386;4.300717E-06;-3.819098E-05;0.0000000
5926.00011825562;0.0000000;-0.0000386;4.300717E-06;-1.488472E-05;0.0000000
5927.00004577637;0.0000000;-0.0000386;4.300717E-06;-5.801235E-06;0.0000000
5928.00045013428;0.0000000;-0.0000386;4.300717E-06;-2.260998E-06;0.0000000
5929.00037765503;0.0000000;0.0000209;-2.328626E-06;2.52073E-05;0.0000000
5930.00030517578;0.0000000;0.0000209;-2.328626E-06;9.824403E-06;0.0000000
5931.00023269653;0.0000000;-0.0000386;4.300717E-06;-4.318334E-05;0.0000000
5932.00016021729;0.0000000;-0.0000386;4.300717E-06;-1.683047E-05;0.0000000
5933.00008773804;0.0000000;0.0000209;-2.328626E-06;4.045277E-05;0.0000000
5934.00049209595;0.0000000;0.0000805;-8.969112E-06;6.874402E-05;0.0000000
5935.0004196167;0.0000000;0.0000210;-2.339768E-06;-2.021976E-05;0.0000000
5936.00034713745;0.0000000;-0.0000386;4.300717E-06;-5.49719E-05;0.0000000
5937.0002746582;0.0000000;-0.0000386;4.300717E-06;-2.142498E-05;0.0000000
5938.00020217896;0.0000000;-0.0000386;4.300717E-06;-8.350267E-06;0.0000000
5939.00012969971;0.0000000;-0.0000386;4.300717E-06;-3.254469E-06;0.0000000
5940.00005722046;0.0000000;0.0000209;-2.328626E-06;4.052035E-05;0.0000000
5941.00046157837;0.0000000;0.0000209;-2.328626E-06;1.579258E-05;0.0000000
5942.00038909912;0.0000000;-0.0000386;4.300717E-06;-3.099049E-05;0.0000000
5943.00031661987;0.0000000;-0.0000386;4.300717E-06;-1.207837E-05;0.0000000
5944.00024414063;0.0000000;-0.0000386;4.300717E-06;-4.707475E-06;0.0000000
5945.00017166138;0.0000000;-0.0000386;4.300717E-06;-1.834712E-06;0.0000000
5946.00009918213;0.0000000;0.0000209;-2.328626E-06;3.643049E-05;0.0000000
5947.00050354004;0.0000000;0.0000805;-8.969112E-06;4.727234E-05;0.0000000
5948.00043106079;0.0000000;0.0000805;-8.969112E-06;1.842413E-05;0.0000000
5949.00035858154;0.0000000;-0.0000386;4.300717E-06;-6.310045E-05;0.0000000
5950.00028610229;0.0000000;-0.0000982;1.09412E-05;-7.16844E-05;0.0000000
5951.00021362305;0.0000000;-0.0000983;1.095234E-05;-4.155002E-06;0.0000000
5952.0001411438;0.0000000;0.0000209;-2.328626E-06;8.443215E-05;0.0000000
5953.00006866455;0.0000000;0.0000805;-8.969112E-06;8.588473E-05;0.0000000
5954.00047302246;0.0000000;0.0000805;-8.969112E-06;3.347309E-05;0.0000000
5955.00040054321;0.0000000;0.0000806;-8.980253E-06;5.299292E-06;0.0000000
5956.00032806396;0.0000000;0.0000210;-2.339768E-06;-2.116339E-05;0.0000000
5957.00025558472;0.0000000;0.0000210;-2.339768E-06;-8.248313E-06;0.0000000
5958.00018310547;0.0000000;-0.0000386;4.300717E-06;-2.64435E-05;0.0000000
5959.00011062622;0.0000000;-0.0000386;4.300717E-06;-1.03062E-05;0.0000000
5960.00051498413;0.0000000;0.0000209;-2.328626E-06;2.900149E-05;0.0000000
5961.00044250488;0.0000000;0.0000209;-2.328626E-06;1.130317E-05;0.0000000
5962.00037002563;0.0000000;0.0000209;-2.328626E-06;4.405345E-06;0.0000000
5963.00029754639;0.0000000;-0.0000386;4.300717E-06;-3.130132E-05;0.0000000
5964.00022506714;0.0000000;-0.0000386;4.300717E-06;-1.219951E-05;0.0000000
5965.00015258789;0.0000000;-0.0000386;4.300717E-06;-4.754691E-06;0.0000000
5966.00008010864;0.0000000;-0.0000386;4.300717E-06;-1.853114E-06;0.0000000
5967.00048446655;0.0000000;0.0000209;-2.328626E-06;2.246755E-05;0.0000000
5968.0004119873;0.0000000;0.0000209;-2.328626E-06;8.756602E-06;0.0000000
5969.00033950806;0.0000000;0.0000209;-2.328626E-06;3.412836E-06;0.0000000
5970.00026702881;0.0000000;-0.0000982;1.09412E-05;-7.773616E-05;0.0000000
5971.00019454956;0.0000000;-0.0000982;1.09412E-05;-3.029723E-05;0.0000000
5972.00012207031;0.0000000;-0.0000982;1.09412E-05;-1.180817E-05;0.0000000
5973.00004959106;0.0000000;-0.0000982;1.09412E-05;-4.602169E-06;0.0000000
5974.00045394897;0.0000000;-0.0000387;4.311859E-06;2.139612E-05;0.0000000
5975.00038146973;0.0000000;-0.0000387;4.311859E-06;8.339018E-06;0.0000000
5976.00030899048;0.0000000;0.0000209;-2.328626E-06;4.045807E-05;0.0000000
5977.00023651123;0.0000000;0.0000209;-2.328626E-06;1.576831E-05;0.0000000
5978.00016403198;0.0000000;0.0000805;-8.969112E-06;5.912338E-05;0.0000000
5979.00009155273;0.0000000;0.0000210;-2.339768E-06;-6.306573E-06;0.0000000
5980.00049591064;0.0000000;0.0000210;-2.339768E-06;-2.457951E-06;0.0000000
5981.0004234314;0.0000000;0.0000210;-2.339768E-06;-9.579725E-07;0.0000000
5982.00035095215;0.0000000;0.0000210;-2.339768E-06;-3.733644E-07;0.0000000
5983.0002784729;0.0000000;0.0000210;-2.339768E-06;-1.455167E-07;0.0000000
5984.00020599365;0.0000000;0.0000210;-2.339768E-06;-5.67143E-08;0.0000000
5985.0001335144;0.0000000;0.0000210;-2.339768E-06;-2.210408E-08;0.0000000
5986.00006103516;0.0000000;0.0000210;-2.339768E-06;-8.614939E-09;0.0000000
5987.00046539307;0.0000000;0.0000210;-2.339768E-06;-3.357624E-09;0.0000000
5988.00039291382;0.0000000;-0.0000386;4.300717E-06;-2.323007E-05;0.0000000
5989.00032043457;0.0000000;0.0000209;-2.328626E-06;2.029579E-05;0.0000000
5990.00024795532;0.0000000;0.0000805;-8.969112E-06;4.098393E-05;0.0000000
5991.00017547607;0.0000000;0.0000210;-2.339768E-06;-3.691564E-05;0.0000000
5992.00010299683;0.0000000;0.0000210;-2.339768E-06;-1.438766E-05;0.0000000
5993.00050735474;0.0000000;0.0000210;-2.339768E-06;-5.607509E-06;0.0000000
5994.00043487549;0.0000000;0.0000210;-2.339768E-06;-2.185495E-06;0.0000000
5995.00036239624;0.0000000;-0.0000386;4.300717E-06;-3.392555E-05;0.0000000
5996.00028991699;0.0000000;0.0000209;-2.328626E-06;3.379006E-05;0.0000000
5997.00021743774;0.0000000;0.0000805;-8.969112E-06;4.256839E-05;0.0000000
5998.0001449585;0.0000000;0.0000210;-2.339768E-06;-1.642749E-05;0.0000000
5999.00007247925;0.0000000;0.0000210;-2.339768E-06;-6.40252E-06;0.0000000
6000.00047683716;0.0000000;0.0000210;-2.339768E-06;-2.495346E-06;0.0000000
6001.00040435791;0.0000000;0.0000209;-2.328626E-06;6.774108E-06;0.0000000
6002.00033187866;0.0000000;0.0000209;-2.328626E-06;2.640171E-06;0.0000000
6003.00025939941;0.0000000;0.0000209;-2.328626E-06;1.028992E-06;0.0000000
6004.00018692017;0.0000000;-0.0000386;4.300717E-06;-5.248785E-05;0.0000000
6005.00011444092;0.0000000;-0.0000386;4.300717E-06;-2.045684E-05;0.0000000
6006.00051879883;0.0000000;-0.0000386;4.300717E-06;-7.97294E-06;0.0000000
6007.00044631958;0.0000000;-0.0000386;4.300717E-06;-3.107408E-06;0.0000000
6008.00037384033;0.0000000;0.0000209;-2.328626E-06;5.16778E-05;0.0000000
6009.00030136108;0.0000000;0.0000209;-2.328626E-06;2.014113E-05;0.0000000
6010.00022888184;0.0000000;0.0000209;-2.328626E-06;7.849891E-06;0.0000000
6011.00015640259;0.0000000;-0.0000386;4.300717E-06;-2.995882E-05;0.0000000
6012.00008392334;0.0000000;-0.0000386;4.300717E-06;-1.167628E-05;0.0000000
6013.00048828125;0.0000000;0.0000209;-2.328626E-06;4.246158E-05;0.0000000
6014.000415802;0.0000000;0.0000805;-8.969112E-06;6.952694E-05;0.0000000
6015.00034332275;0.0000000;0.0000805;-8.969112E-06;2.709773E-05;0.0000000
6016.00027084351;0.0000000;0.0000805;-8.969112E-06;1.056119E-05;0.0000000
6017.00019836426;0.0000000;0.0000210;-2.339768E-06;-2.523342E-05;0.0000000
6018.00012588501;0.0000000;0.0000210;-2.339768E-06;-9.83458E-06;0.0000000
6019.00005340576;0.0000000;0.0000210;-2.339768E-06;-3.832972E-06;0.0000000
6020.00045776367;0.0000000;0.0000210;-2.339768E-06;-1.493879E-06;0.0000000
6021.00038528442;0.0000000;0.0000210;-2.339768E-06;-5.82231E-07;0.0000000
6022.00031280518;0.0000000;0.0000210;-2.339768E-06;-2.269212E-07;0.0000000
6023.00024032593;0.0000000;-0.0000386;4.300717E-06;-4.194742E-05;0.0000000
6024.00016784668;0.0000000;-0.0000386;4.300717E-06;-1.634877E-05;0.0000000
6025.00009536743;0.0000000;0.0000209;-2.328626E-06;3.077372E-05;0.0000000
6026.00049972534;0.0000000;0.0000209;-2.328626E-06;1.199388E-05;0.0000000
6027.00042724609;0.0000000;0.0000209;-2.328626E-06;4.674548E-06;0.0000000
6028.00035476685;0.0000000;0.0000209;-2.328626E-06;1.821878E-06;0.0000000
6029.0002822876;0.0000000;0.0000209;-2.328626E-06;7.100668E-07;0.0000000
6030.00020980835;0.0000000;0.0000209;-2.328626E-06;2.767445E-07;0.0000000
6031.0001373291;0.0000000;0.0000209;-2.328626E-06;1.078596E-07;0.0000000
6032.00006484985;0.0000000;0.0000209;-2.328626E-06;4.203768E-08;0.0000000
6033.00046920776;0.0000000;0.0000209;-2.328626E-06;1.638395E-08;0.0000000
6034.00039672852;0.0000000;-0.0000386;4.300717E-06;-3.301189E-05;0.0000000
6035.00032424927;0.0000000;-0.0000386;4.300717E-06;-2.856644E-05;0.0000000
6036.00025177002;0.0000000;-0.0000386;4.300717E-06;-1.113361E-05;0.0000000
6037.00017929077;0.0000000;0.0000209;-2.328626E-06;3.744949E-05;0.0000000
6038.00010681152;0.0000000;0.0000209;-2.328626E-06;1.459573E-05;0.0000000
6039.00051116943;0.0000000;0.0000209;-2.328626E-06;5.688603E-06;0.0000000
6040.00043869019;0.0000000;0.0000209;-2.328626E-06;2.217101E-06;0.0000000
6041.00036621094;0.0000000;-0.0000386;4.300717E-06;-3.628146E-05;0.0000000
6042.00029373169;0.0000000;-0.0000386;4.300717E-06;-1.414049E-05;0.0000000
6043.00022125244;0.0000000;-0.0000386;4.300717E-06;-5.511177E-06;0.0000000
6044.00014877319;0.0000000;-0.0000386;4.300717E-06;-2.14795E-06;0.0000000
6045.00007629395;0.0000000;0.0000209;-2.328626E-06;5.205174E-05;0.0000000
6046.00048065186;0.0000000;0.0000209;-2.328626E-06;2.028687E-05;0.0000000
6047.00040817261;0.0000000;-0.0000386;4.300717E-06;-3.388206E-05;0.0000000
6048.00033569336;0.0000000;-0.0000386;4.300717E-06;-1.320534E-05;0.0000000
6049.00026321411;0.0000000;-0.0000386;4.300717E-06;-5.146706E-06;0.0000000
6050.00019073486;0.0000000;-0.0000386;4.300717E-06;-2.0059E-06;0.0000000
6051.00011825562;0.0000000;0.0000209;-2.328626E-06;3.223649E-05;0.0000000
6052.00052261353;0.0000000;0.0000209;-2.328626E-06;1.256399E-05;0.0000000
6053.00045013428;0.0000000;0.0000209;-2.328626E-06;4.896743E-06;0.0000000
6054.00037765503;0.0000000;0.0000209;-2.328626E-06;1.908478E-06;0.0000000
6055.00030517578;0.0000000;-0.0000386;4.300717E-06;-3.227445E-05;0.0000000
6056.00023269653;0.0000000;-0.0000386;4.300717E-06;-1.257878E-05;0.0000000
6057.00016021729;0.0000000;-0.0000386;4.300717E-06;-4.90251E-06;0.0000000
6058.00008773804;0.0000000;0.0000209;-2.328626E-06;5.097817E-05;0.0000000
6059.00049209595;0.0000000;0.0000209;-2.328626E-06;1.986845E-05;0.0000000
6060.0004196167;0.0000000;0.0000209;-2.328626E-06;7.743617E-06;0.0000000
6061.00034713745;0.0000000;0.0000209;-2.328626E-06;3.018031E-06;0.0000000
6062.0002746582;0.0000000;-0.0000386;4.300717E-06;-3.59693E-05;0.0000000
6063.00020217896;0.0000000;-0.0000386;4.300717E-06;-1.401883E-05;0.0000000
6064.00012969971;0.0000000;-0.0000386;4.300717E-06;-5.463761E-06;0.0000000
6065.00005722046;0.0000000;-0.0000386;4.300717E-06;-2.12947E-06;0.0000000
6066.00046157837;0.0000000;-0.0000386;4.300717E-06;-8.299489E-07;0.0000000
6067.00038909912;0.0000000;-0.0000386;4.300717E-06;-3.234679E-07;0.0000000
6068.00031661987;0.0000000;0.0000805;-8.969112E-06;7.60415E-05;0.0000000
6069.00024414063;0.0000000;0.0000210;-2.339768E-06;2.87167E-07;0.0000000
6070.00017166138;0.0000000;0.0000210;-2.339768E-06;1.119217E-07;0.0000000
6071.00009918213;0.0000000;-0.0000386;4.300717E-06;-3.303014E-05;0.0000000
6072.00050354004;0.0000000;-0.0000386;4.300717E-06;-1.287331E-05;0.0000000
6073.00043106079;0.0000000;-0.0000386;4.300717E-06;-5.017301E-06;0.0000000
6074.00035858154;0.0000000;0.0000209;-2.328626E-06;4.505688E-05;0.0000000
6075.00028610229;0.0000000;0.0000209;-2.328626E-06;1.756066E-05;0.0000000
6076.00021362305;0.0000000;0.0000209;-2.328626E-06;6.844168E-06;0.0000000
6077.0001411438;0.0000000;0.0000209;-2.328626E-06;2.667476E-06;0.0000000
6078.00006866455;0.0000000;-0.0000386;4.300717E-06;-2.830994E-05;0.0000000
6079.00047302246;0.0000000;-0.0000386;4.300717E-06;-1.103364E-05;0.0000000
6080.00040054321;0.0000000;-0.0000386;4.300717E-06;-4.3003E-06;0.0000000
6081.00032806396;0.0000000;-0.0000386;4.300717E-06;-1.676018E-06;0.0000000
6082.00025558472;0.0000000;0.0000805;-8.969112E-06;5.193548E-05;0.0000000
6083.00018310547;0.0000000;0.0000805;-8.969112E-06;2.024156E-05;0.0000000
6084.00011062622;0.0000000;0.0000210;-2.339768E-06;-2.512924E-05;0.0000000
6085.00051498413;0.0000000;-0.0000386;4.300717E-06;-5.688534E-05;0.0000000
6086.00044250488;0.0000000;-0.0000386;4.300717E-06;-2.217074E-05;0.0000000
6087.00037002563;0.0000000;-0.0000386;4.300717E-06;-8.640918E-06;0.0000000
6088.00029754639;0.0000000;-0.0000386;4.300717E-06;-3.367749E-06;0.0000000
6089.00022506714;0.0000000;-0.0000386;4.300717E-06;-1.312561E-06;0.0000000
6090.00015258789;0.0000000;-0.0000386;4.300717E-06;-5.115633E-07;0.0000000
6091.00008010864;0.0000000;0.0000209;-2.328626E-06;4.158937E-05;0.0000000
6092.00048446655;0.0000000;0.0000209;-2.328626E-06;1.620923E-05;0.0000000
6093.0004119873;0.0000000;0.0000209;-2.328626E-06;6.317454E-06;0.0000000
6094.00033950806;0.0000000;0.0000209;-2.328626E-06;2.462192E-06;0.0000000
6095.00026702881;0.0000000;0.0000209;-2.328626E-06;9.596255E-07;0.0000000
6096.00019454956;0.0000000;-0.0000386;4.300717E-06;-2.281578E-05;0.0000000
6097.00012207031;0.0000000;-0.0000386;4.300717E-06;-8.892322E-06;0.0000000
6098.00052642822;0.0000000;0.0000209;-2.328626E-06;1.972406E-05;0.0000000
6099.00045394897;0.0000000;0.0000805;-8.969112E-06;3.38197E-05;0.0000000
6100.00038146973;0.0000000;0.0000805;-8.969112E-06;1.318104E-05;0.0000000
6101.00030899048;0.0000000;0.0000210;-2.339768E-06;-3.200832E-05;0.0000000
6102.00023651123;0.0000000;-0.0000386;4.300717E-06;-4.187397E-05;0.0000000
6103.00016403198;0.0000000;-0.0000386;4.300717E-06;-1.632014E-05;0.0000000
6104.00009155273;0.0000000;-0.0000386;4.300717E-06;-6.360683E-06;0.0000000
6105.00049591064;0.0000000;-0.0000386;4.300717E-06;-2.47904E-06;0.0000000
6106.0004234314;0.0000000;0.0000209;-2.328626E-06;4.082256E-05;0.0000000
6107.00035095215;0.0000000;-0.0000386;4.300717E-06;-1.343921E-05;0.0000000
6108.0002784729;0.0000000;-0.0000386;4.300717E-06;-5.237857E-06;0.0000000
6109.00020599365;0.0000000;-0.0000386;4.300717E-06;-2.041425E-06;0.0000000
6110.0001335144;0.0000000;-0.0000386;4.300717E-06;-7.95634E-07;0.0000000
6111.00006103516;0.0000000;-0.0000386;4.300717E-06;-3.100939E-07;0.0000000
6112.00046539307;0.0000000;0.0000209;-2.328626E-06;2.306893E-05;0.0000000
6113.00039291382;0.0000000;0.0000209;-2.328626E-06;8.990984E-06;0.0000000
6114.00032043457;0.0000000;-0.0000386;4.300717E-06;-2.951409E-05;0.0000000
6115.00024795532;0.0000000;-0.0000386;4.300717E-06;-1.150295E-05;0.0000000
6116.00017547607;0.0000000;-0.0000386;4.300717E-06;-4.483209E-06;0.0000000
6117.00010299683;0.0000000;-0.0000386;4.300717E-06;-1.747305E-06;0.0000000
6118.00050735474;0.0000000;0.0000209;-2.328626E-06;5.220789E-05;0.0000000
6119.00043487549;0.0000000;0.0000209;-2.328626E-06;2.034773E-05;0.0000000
6120.00036239624;0.0000000;0.0000209;-2.328626E-06;7.930414E-06;0.0000000
6121.00028991699;0.0000000;0.0000209;-2.328626E-06;3.090834E-06;0.0000000
6122.00021743774;0.0000000;0.0000209;-2.328626E-06;1.204635E-06;0.0000000
6123.0001449585;0.0000000;0.0000209;-2.328626E-06;4.694997E-07;0.0000000
6124.00007247925;0.0000000;-0.0000386;4.300717E-06;-4.160577E-05;0.0000000
6125.00047683716;0.0000000;0.0000209;-2.328626E-06;3.079673E-05;0.0000000
6126.00040435791;0.0000000;0.0000209;-2.328626E-06;1.200285E-05;0.0000000
6127.00033187866;0.0000000;0.0000209;-2.328626E-06;4.678044E-06;0.0000000
6128.00025939941;0.0000000;0.0000209;-2.328626E-06;1.823241E-06;0.0000000
6129.00018692017;0.0000000;0.0000209;-2.328626E-06;7.105979E-07;0.0000000
6130.00011444092;0.0000000;0.0000209;-2.328626E-06;2.769515E-07;0.0000000
6131.00051879883;0.0000000;0.0000209;-2.328626E-06;1.079403E-07;0.0000000
6132.00044631958;0.0000000;-0.0000386;4.300717E-06;-4.697028E-05;0.0000000
6133.00037384033;0.0000000;0.0000209;-2.328626E-06;2.870595E-05;0.0000000
6134.00030136108;0.0000000;0.0000210;-2.339768E-06;1.383616E-06;0.0000000
6135.00022888184;0.0000000;0.0000210;-2.339768E-06;5.392563E-07;0.0000000
6136.00015640259;0.0000000;0.0000210;-2.339768E-06;2.101721E-07;0.0000000
6137.00008392334;0.0000000;-0.0000386;4.300717E-06;-2.314685E-05;0.0000000
6138.00048828125;0.0000000;-0.0000386;4.300717E-06;-9.021353E-06;0.0000000
6139.000415802;0.0000000;-0.0000386;4.300717E-06;-3.516022E-06;0.0000000
6140.00034332275;0.0000000;0.0000209;-2.328626E-06;2.471816E-05;0.0000000
6141.00027084351;0.0000000;0.0000209;-2.328626E-06;9.633764E-06;0.0000000
6142.00019836426;0.0000000;-0.0000386;4.300717E-06;-3.803405E-05;0.0000000
6143.00012588501;0.0000000;-0.0000386;4.300717E-06;-1.482356E-05;0.0000000
6144.00005340576;0.0000000;0.0000209;-2.328626E-06;3.136816E-05;0.0000000
6145.00045776367;0.0000000;0.0000209;-2.328626E-06;1.222556E-05;0.0000000
6146.00038528442;0.0000000;0.0000209;-2.328626E-06;4.764844E-06;0.0000000
6147.00031280518;0.0000000;-0.0000386;4.300717E-06;-2.133272E-05;0.0000000
6148.00024032593;0.0000000;0.0000209;-2.328626E-06;2.883125E-05;0.0000000
6149.00016784668;0.0000000;0.0000209;-2.328626E-06;1.123682E-05;0.0000000
6150.00009536743;0.0000000;0.0000209;-2.328626E-06;4.379486E-06;0.0000000
6151.00049972534;0.0000000;0.0000209;-2.328626E-06;1.70688E-06;0.0000000
6152.00042724609;0.0000000;0.0000209;-2.328626E-06;6.652468E-07;0.0000000
6153.00035476685;0.0000000;0.0000209;-2.328626E-06;2.592762E-07;0.0000000
6154.0002822876;0.0000000;0.0000209;-2.328626E-06;1.010514E-07;0.0000000
6155.00020980835;0.0000000;0.0000209;-2.328626E-06;3.938422E-08;0.0000000
6156.0001373291;0.0000000;0.0000209;-2.328626E-06;1.534978E-08;0.0000000
6157.00006484985;0.0000000;0.0000209;-2.328626E-06;5.982488E-09;0.0000000
6158.00046920776;0.0000000;0.0000209;-2.328626E-06;2.331641E-09;0.0000000
6159.00039672852;0.0000000;0.0000209;-2.328626E-06;9.08744E-10;0.0000000
6160.00032424927;0.0000000;0.0000209;-2.328626E-06;3.541778E-10;0.0000000
6161.00025177002;0.0000000;0.0000209;-2.328626E-06;1.380388E-10;0.0000000
6162.00017929077;0.0000000;0.0000209;-2.328626E-06;5.379984E-11;0.0000000
6163.00010681152;0.0000000;0.0000209;-2.328626E-06;2.096818E-11;0.0000000
6164.00051116943;0.0000000;0.0000209;-2.328626E-06;8.17223E-12;0.0000000
6165.00043869019;0.0000000;0.0000209;-2.328626E-06;3.18508E-12;0.0000000
6166.00036621094;0.0000000;0.0000209;-2.328626E-06;1.241367E-12;0.0000000
6167.00029373169;0.0000000;-0.0000386;4.300717E-06;-2.934958E-05;0.0000000
6168.00022125244;0.0000000;-0.0000386;4.300717E-06;-1.143883E-05;0.0000000
6169.00014877319;0.0000000;0.0000209;-2.328626E-06;3.733054E-05;0.0000000
6170.00007629395;0.0000000;0.0000209;-2.328626E-06;1.454937E-05;0.0000000
6171.00048065186;0.0000000;0.0000210;-2.339768E-06;-2.076126E-06;0.0000000
6172.00040817261;0.0000000;0.0000210;-2.339768E-06;-8.091585E-07;0.0000000
6173.00033569336;0.0000000;-0.0000386;4.300717E-06;-3.338913E-05;0.0000000
6174.00026321411;0.0000000;-0.0000386;4.300717E-06;-1.301322E-05;0.0000000
6175.00019073486;0.0000000;-0.0000386;4.300717E-06;-5.07183E-06;0.0000000
6176.00011825562;0.0000000;0.0000209;-2.328626E-06;5.091217E-05;0.0000000
6177.00052261353;0.0000000;0.0000209;-2.328626E-06;1.984273E-05;0.0000000
6178.00045013428;0.0000000;0.0000805;-8.969112E-06;4.494158E-05;0.0000000
6179.00037765503;0.0000000;0.0000210;-2.339768E-06;-2.427303E-05;0.0000000
6180.00030517578;0.0000000;0.0000210;-2.339768E-06;-9.460275E-06;0.0000000
6181.00023269653;0.0000000;0.0000210;-2.339768E-06;-3.687088E-06;0.0000000
6182.00016021729;0.0000000;0.0000210;-2.339768E-06;-1.437022E-06;0.0000000
6183.00008773804;0.0000000;0.0000210;-2.339768E-06;-5.600711E-07;0.0000000
6184.00049209595;0.0000000;0.0000210;-2.339768E-06;-2.182846E-07;0.0000000
6185.0004196167;0.0000000;0.0000210;-2.339768E-06;-8.507518E-08;0.0000000
6186.00034713745;0.0000000;-0.0000386;4.300717E-06;-3.724114E-05;0.0000000
6187.0002746582;0.0000000;-0.0000386;4.300717E-06;-1.451452E-05;0.0000000
6188.00020217896;0.0000000;-0.0000386;4.300717E-06;-5.656953E-06;0.0000000
6189.00012969971;0.0000000;0.0000209;-2.328626E-06;2.714481E-05;0.0000000
6190.00005722046;0.0000000;0.0000209;-2.328626E-06;1.057954E-05;0.0000000
6191.00046157837;0.0000000;0.0000209;-2.328626E-06;4.123315E-06;0.0000000
6192.00038909912;0.0000000;0.0000209;-2.328626E-06;1.607039E-06;0.0000000
6193.00031661987;0.0000000;-0.0000386;4.300717E-06;-2.546218E-05;0.0000000
6194.00024414063;0.0000000;-0.0000386;4.300717E-06;-9.923739E-06;0.0000000
6195.00017166138;0.0000000;0.0000209;-2.328626E-06;4.902117E-05;0.0000000
6196.00009918213;0.0000000;0.0000209;-2.328626E-06;1.910573E-05;0.0000000
6197.00050354004;0.0000000;0.0000209;-2.328626E-06;7.446348E-06;0.0000000
6198.00043106079;0.0000000;0.0000209;-2.328626E-06;2.902172E-06;0.0000000
6199.00035858154;0.0000000;0.0000209;-2.328626E-06;1.131105E-06;0.0000000
6200.00028610229;0.0000000;0.0000209;-2.328626E-06;1.026933E-05;0.0000000
6201.00021362305;0.0000000;-0.0000386;4.300717E-06;-2.901586E-05;0.0000000
6202.0001411438;0.0000000;0.0000209;-2.328626E-06;3.047999E-05;0.0000000
6203.00006866455;0.0000000;0.0000209;-2.328626E-06;1.18794E-05;0.0000000
6204.00047302246;0.0000000;-0.0000386;4.300717E-06;-3.251563E-05;0.0000000
6205.00040054321;0.0000000;-0.0000386;4.300717E-06;-1.267278E-05;0.0000000
6206.00032806396;0.0000000;0.0000209;-2.328626E-06;4.794975E-05;0.0000000
6207.00025558472;0.0000000;0.0000209;-2.328626E-06;1.868814E-05;0.0000000
6208.00018310547;0.0000000;0.0000209;-2.328626E-06;7.283599E-06;0.0000000
6209.00011062622;0.0000000;0.0000209;-2.328626E-06;2.838741E-06;0.0000000
6210.00051498413;0.0000000;0.0000209;-2.328626E-06;1.106383E-06;0.0000000
6211.00044250488;0.0000000;-0.0000386;4.300717E-06;-3.671435E-05;0.0000000
6212.00037002563;0.0000000;-0.0000386;4.300717E-06;-1.430921E-05;0.0000000
6213.00029754639;0.0000000;-0.0000386;4.300717E-06;-5.576935E-06;0.0000000
6214.00022506714;0.0000000;0.0000209;-2.328626E-06;3.497198E-05;0.0000000
6215.00015258789;0.0000000;0.0000209;-2.328626E-06;1.363013E-05;0.0000000
6216.00008010864;0.0000000;0.0000209;-2.328626E-06;5.312266E-06;0.0000000
6217.00048446655;0.0000000;0.0000209;-2.328626E-06;2.070426E-06;0.0000000
6218.0004119873;0.0000000;0.0000209;-2.328626E-06;8.069367E-07;0.0000000
6219.00033950806;0.0000000;-0.0000386;4.300717E-06;-4.147425E-05;0.0000000
6220.00026702881;0.0000000;-0.0000386;4.300717E-06;-1.616435E-05;0.0000000
6221.00019454956;0.0000000;-0.0000386;4.300717E-06;-6.299966E-06;0.0000000
6222.00012207031;0.0000000;0.0000209;-2.328626E-06;3.05629E-05;0.0000000
6223.00052642822;0.0000000;0.0000209;-2.328626E-06;1.191172E-05;0.0000000
6224.00045394897;0.0000000;0.0000209;-2.328626E-06;4.642524E-06;0.0000000
6225.00038146973;0.0000000;0.0000209;-2.328626E-06;1.809397E-06;0.0000000
6226.00030899048;0.0000000;0.0000209;-2.328626E-06;7.052024E-07;0.0000000
6227.00023651123;0.0000000;-0.0000386;4.300717E-06;-2.581367E-05;0.0000000
6228.00016403198;0.0000000;-0.0000386;4.300717E-06;-1.006073E-05;0.0000000
6229.00009155273;0.0000000;-0.0000386;4.300717E-06;-3.921114E-06;0.0000000
6230.00049591064;0.0000000;-0.0000386;4.300717E-06;-1.528232E-06;0.0000000
6231.0004234314;0.0000000;-0.0000386;4.300717E-06;-5.956198E-07;0.0000000
6232.00035095215;0.0000000;-0.0000386;4.300717E-06;-2.321394E-07;0.0000000
6233.0002784729;0.0000000;-0.0000386;4.300717E-06;-9.047503E-08;0.0000000
6234.00020599365;0.0000000;0.0000209;-2.328626E-06;2.931432E-05;0.0000000
6235.0001335144;0.0000000;0.0000209;-2.328626E-06;1.142509E-05;0.0000000
6236.00006103516;0.0000000;-0.0000386;4.300717E-06;-2.163565E-05;0.0000000
6237.00046539307;0.0000000;-0.0000386;4.300717E-06;-8.432373E-06;0.0000000
6238.00039291382;0.0000000;-0.0000386;4.300717E-06;-3.286469E-06;0.0000000
6239.00032043457;0.0000000;-0.0000386;4.300717E-06;-1.280883E-06;0.0000000
6240.00024795532;0.0000000;-0.0000386;4.300717E-06;-4.992168E-07;0.0000000
6241.00017547607;0.0000000;-0.0000386;4.300717E-06;-1.945669E-07;0.0000000
6242.00010299683;0.0000000;-0.0000386;4.300717E-06;-7.583136E-08;0.0000000
6243.00050735474;0.0000000;-0.0000386;4.300717E-06;-2.955484E-08;0.0000000
6244.00043487549;0.0000000;0.0000209;-2.328626E-06;3.713404E-05;0.0000000
6245.00036239624;0.0000000;0.0000209;-2.328626E-06;1.447278E-05;0.0000000
6246.00028991699;0.0000000;0.0000209;-2.328626E-06;5.640686E-06;0.0000000
6247.00021743774;0.0000000;0.0000209;-2.328626E-06;2.198425E-06;0.0000000
6248.0001449585;0.0000000;-0.0000386;4.300717E-06;-2.523169E-05;0.0000000
6249.00007247925;0.0000000;-0.0000386;4.300717E-06;-9.833908E-06;0.0000000
6250.00047683716;0.0000000;0.0000209;-2.328626E-06;2.22558E-05;0.0000000
6251.00040435791;0.0000000;0.0000209;-2.328626E-06;8.674073E-06;0.0000000
6252.00033187866;0.0000000;-0.0000386;4.300717E-06;-3.840808E-05;0.0000000
6253.00025939941;0.0000000;-0.0000386;4.300717E-06;-1.496933E-05;0.0000000
6254.00018692017;0.0000000;-0.0000386;4.300717E-06;-5.834213E-06;0.0000000
6255.00011444092;0.0000000;-0.0000386;4.300717E-06;-2.273852E-06;0.0000000
6256.00051879883;0.0000000;0.0000209;-2.328626E-06;2.520229E-05;0.0000000
6257.00044631958;0.0000000;0.0000209;-2.328626E-06;9.822451E-06;0.0000000
6258.00037384033;0.0000000;0.0000209;-2.328626E-06;3.828245E-06;0.0000000
6259.00030136108;0.0000000;0.0000209;-2.328626E-06;1.492037E-06;0.0000000
6260.00022888184;0.0000000;-0.0000386;4.300717E-06;-4.643084E-05;0.0000000
6261.00015640259;0.0000000;-0.0000386;4.300717E-06;-1.809616E-05;0.0000000
6262.00008392334;0.0000000;0.0000209;-2.328626E-06;4.583602E-05;0.0000000
6263.00048828125;0.0000000;0.0000209;-2.328626E-06;1.786433E-05;0.0000000
6264.000415802;0.0000000;0.0000209;-2.328626E-06;6.962522E-06;0.0000000
6265.00034332275;0.0000000;0.0000210;-2.339768E-06;-1.489984E-05;0.0000000
6266.00027084351;0.0000000;0.0000210;-2.339768E-06;-5.807129E-06;0.0000000
6267.00019836426;0.0000000;0.0000210;-2.339768E-06;-2.263296E-06;0.0000000
6268.00012588501;0.0000000;0.0000210;-2.339768E-06;-8.821067E-07;0.0000000
6269.00053024292;0.0000000;0.0000210;-2.339768E-06;-3.437961E-07;0.0000000
6270.00045776367;0.0000000;0.0000210;-2.339768E-06;-1.339926E-07;0.0000000
6271.00038528442;0.0000000;0.0000210;-2.339768E-06;-5.222285E-08;0.0000000
6272.00031280518;0.0000000;0.0000210;-2.339768E-06;-2.035356E-08;0.0000000
6273.00024032593;0.0000000;0.0000210;-2.339768E-06;-7.932686E-09;0.0000000
6274.00016784668;0.0000000;0.0000210;-2.339768E-06;-3.091719E-09;0.0000000
6275.00009536743;0.0000000;-0.0000386;4.300717E-06;-4.243279E-05;0.0000000
6276.00049972534;0.0000000;-0.0000386;4.300717E-06;-1.653794E-05;0.0000000
6277.00042724609;0.0000000;-0.0000386;4.300717E-06;-6.445568E-06;0.0000000
6278.00035476685;0.0000000;0.0000209;-2.328626E-06;4.450022E-05;0.0000000
6279.0002822876;0.0000000;0.0000209;-2.328626E-06;1.734371E-05;0.0000000
6280.00020980835;0.0000000;0.0000209;-2.328626E-06;6.759613E-06;0.0000000
6281.0001373291;0.0000000;0.0000209;-2.328626E-06;2.634521E-06;0.0000000
6282.00006484985;0.0000000;-0.0000386;4.300717E-06;-2.506172E-05;0.0000000
6283.00046920776;0.0000000;0.0000209;-2.328626E-06;2.73779E-05;0.0000000
6284.00039672852;0.0000000;0.0000209;-2.328626E-06;1.067038E-05;0.0000000
6285.00032424927;0.0000000;0.0000209;-2.328626E-06;4.15872E-06;0.0000000
6286.00025177002;0.0000000;-0.0000386;4.300717E-06;-2.446767E-05;0.0000000
6287.00017929077;0.0000000;0.0000209;-2.328626E-06;1.365365E-05;0.0000000
6288.00010681152;0.0000000;0.0000209;-2.328626E-06;5.321432E-06;0.0000000
6289.00051116943;0.0000000;0.0000209;-2.328626E-06;2.073998E-06;0.0000000
6290.00043869019;0.0000000;0.0000209;-2.328626E-06;8.08329E-07;0.0000000
6291.00036621094;0.0000000;0.0000209;-2.328626E-06;3.150417E-07;0.0000000
6292.00029373169;0.0000000;-0.0000386;4.300717E-06;-3.289549E-05;0.0000000
6293.00022125244;0.0000000;-0.0000386;4.300717E-06;-1.282083E-05;0.0000000
6294.00014877319;0.0000000;0.0000209;-2.328626E-06;3.679191E-05;0.0000000
6295.00007629395;0.0000000;0.0000209;-2.328626E-06;1.433944E-05;0.0000000
6296.00048065186;0.0000000;0.0000805;-8.969112E-06;5.268007E-05;0.0000000
6297.00040817261;0.0000000;0.0000210;-2.339768E-06;-5.556752E-06;0.0000000
6298.00033569336;0.0000000;-0.0000386;4.300717E-06;-2.829807E-05;0.0000000
6299.00026321411;0.0000000;-0.0000386;4.300717E-06;-1.102901E-05;0.0000000
6300.00019073486;0.0000000;0.0000805;-8.969112E-06;7.186907E-05;0.0000000
6301.00011825562;0.0000000;0.0000210;-2.339768E-06;-2.487833E-05;0.0000000
6302.00052261353;0.0000000;0.0000210;-2.339768E-06;-9.696186E-06;0.0000000
6303.00045013428;0.0000000;-0.0000982;1.09412E-05;-7.177037E-05;0.0000000
6304.00037765503;0.0000000;-0.0000387;4.311859E-06;5.046177E-06;0.0000000
6305.00030517578;0.0000000;0.0000209;-2.328626E-06;4.905807E-05;0.0000000
6306.00023269653;0.0000000;0.0000209;-2.328626E-06;1.91201E-05;0.0000000
6307.00016021729;0.0000000;0.0000209;-2.328626E-06;7.451952E-06;0.0000000
6308.00008773804;0.0000000;0.0000209;-2.328626E-06;2.904356E-06;0.0000000
6309.00049209595;0.0000000;0.0000209;-2.328626E-06;1.131956E-06;0.0000000
6310.0004196167;0.0000000;0.0000209;-2.328626E-06;4.411736E-07;0.0000000
6311.00034713745;0.0000000;0.0000805;-8.969112E-06;5.314972E-05;0.0000000
6312.0002746582;0.0000000;0.0001401;-1.56096E-05;6.257379E-05;0.0000000
6313.00020217896;0.0000000;0.0000806;-8.980253E-06;-2.262456E-05;0.0000000
6314.00012969971;0.0000000;0.0000210;-2.339768E-06;-5.590916E-05;0.0000000
6315.00053405762;0.0000000;0.0000210;-2.339768E-06;-2.179028E-05;0.0000000
6316.00046157837;0.0000000;0.0000209;-2.328626E-06;5.445947E-06;0.0000000
6317.00038909912;0.0000000;0.0000209;-2.328626E-06;2.122527E-06;0.0000000
6318.00031661987;0.0000000;0.0000209;-2.328626E-06;8.272429E-07;0.0000000
6319.00024414063;0.0000000;0.0000209;-2.328626E-06;3.224132E-07;0.0000000
6320.00017166138;0.0000000;0.0000209;-2.328626E-06;1.256587E-07;0.0000000
6321.00009918213;0.0000000;0.0000209;-2.328626E-06;4.897478E-08;0.0000000
6322.00050354004;0.0000000;0.0000209;-2.328626E-06;1.908764E-08;0.0000000
6323.00043106079;0.0000000;-0.0000386;4.300717E-06;-4.700491E-05;0.0000000
6324.00035858154;0.0000000;-0.0000386;4.300717E-06;-1.83199E-05;0.0000000
6325.00028610229;0.0000000;-0.0000386;4.300717E-06;-7.140077E-06;0.0000000
6326.00021362305;0.0000000;0.0000209;-2.328626E-06;2.330571E-05;0.0000000
6327.0001411438;0.0000000;0.0000209;-2.328626E-06;9.083267E-06;0.0000000
6328.00006866455;0.0000000;0.0000209;-2.328626E-06;3.540152E-06;0.0000000
6329.00047302246;0.0000000;0.0000209;-2.328626E-06;1.379754E-06;0.0000000
6330.00040054321;0.0000000;0.0000209;-2.328626E-06;5.377514E-07;0.0000000
6331.00032806396;0.0000000;0.0000209;-2.328626E-06;2.095856E-07;0.0000000
6332.00025558472;0.0000000;0.0000209;-2.328626E-06;8.16848E-08;0.0000000
6333.00018310547;0.0000000;0.0000805;-8.969112E-06;3.723982E-05;0.0000000
6334.00011062622;0.0000000;0.0000210;-2.339768E-06;-2.263155E-05;0.0000000
6335.00051498413;0.0000000;0.0000210;-2.339768E-06;-8.820518E-06;0.0000000
6336.00044250488;0.0000000;-0.0000386;4.300717E-06;-2.666651E-05;0.0000000
6337.00037002563;0.0000000;-0.0000386;4.300717E-06;-1.039312E-05;0.0000000
6338.00029754639;0.0000000;0.0000209;-2.328626E-06;2.896761E-05;0.0000000
6339.00022506714;0.0000000;0.0000209;-2.328626E-06;1.128996E-05;0.0000000
6340.00015258789;0.0000000;0.0000209;-2.328626E-06;4.400199E-06;0.0000000
6341.00008010864;0.0000000;0.0000209;-2.328626E-06;1.714953E-06;0.0000000
6342.00048446655;0.0000000;0.0000209;-2.328626E-06;6.683931E-07;0.0000000
6343.0004119873;0.0000000;0.0000209;-2.328626E-06;2.605024E-07;0.0000000
6344.00033950806;0.0000000;-0.0000386;4.300717E-06;-2.598698E-05;0.0000000
6345.00026702881;0.0000000;-0.0000386;4.300717E-06;-1.012828E-05;0.0000000
6346.00019454956;0.0000000;-0.0000386;4.300717E-06;-3.947439E-06;0.0000000
6347.00012207031;0.0000000;-0.0000386;4.300717E-06;-1.538492E-06;0.0000000
6348.00052642822;0.0000000;0.0000209;-2.328626E-06;2.259017E-05;0.0000000
6349.00045394897;0.0000000;0.0000210;-2.339768E-06;-9.7556E-06;0.0000000
6350.00038146973;0.0000000;0.0000210;-2.339768E-06;-3.80219E-06;0.0000000
6351.00030899048;0.0000000;-0.0000982;1.09412E-05;-7.768842E-05;0.0000000
6352.00023651123;0.0000000;-0.0000387;4.311859E-06;-7.088834E-06;0.0000000
6353.00016403198;0.0000000;-0.0000387;4.311859E-06;1.119294E-05;0.0000000
6354.00009155273;0.0000000;-0.0000387;4.311859E-06;4.362385E-06;0.0000000
6355.00049591064;0.0000000;0.0000805;-8.969112E-06;9.188598E-05;0.0000000
6356.0004234314;0.0000000;0.0001401;-1.56096E-05;7.767103E-05;0.0000000
6357.00035095215;0.0000000;0.0000210;-2.339768E-06;-2.599171E-05;0.0000000
6358.0002784729;0.0000000;0.0000210;-2.339768E-06;-1.013012E-05;0.0000000
6359.00020599365;0.0000000;0.0000210;-2.339768E-06;-3.948158E-06;0.0000000
6360.0001335144;0.0000000;-0.0000386;4.300717E-06;-2.476753E-05;0.0000000
6361.00053787231;0.0000000;-0.0000386;4.300717E-06;-9.653007E-06;0.0000000
6362.00046539307;0.0000000;0.0000805;-8.969112E-06;6.941767E-05;0.0000000
6363.00039291382;0.0000000;0.0000805;-8.969112E-06;2.705514E-05;0.0000000
6364.00032043457;0.0000000;0.0000210;-2.339768E-06;-1.880499E-05;0.0000000
6365.00024795532;0.0000000;-0.0000386;4.300717E-06;-4.453712E-05;0.0000000
6366.00017547607;0.0000000;-0.0000386;4.300717E-06;-1.735809E-05;0.0000000
6367.00010299683;0.0000000;-0.0000386;4.300717E-06;-6.765219E-06;0.0000000
6368.00050735474;0.0000000;-0.0000386;4.300717E-06;-2.636706E-06;0.0000000
6369.00043487549;0.0000000;0.0000209;-2.328626E-06;4.598471E-05;0.0000000
6370.00036239624;0.0000000;0.0000209;-2.328626E-06;1.792228E-05;0.0000000
6371.00028991699;0.0000000;0.0000209;-2.328626E-06;6.985106E-06;0.0000000
6372.00021743774;0.0000000;-0.0000386;4.300717E-06;-2.662717E-05;0.0000000
6373.0001449585;0.0000000;-0.0000386;4.300717E-06;-1.037779E-05;0.0000000
6374.00007247925;0.0000000;-0.0000386;4.300717E-06;-4.044685E-06;0.0000000
6375.00047683716;0.0000000;0.0000209;-2.328626E-06;5.13125E-05;0.0000000
6376.00040435791;0.0000000;0.0000209;-2.328626E-06;1.999876E-05;0.0000000
6377.00033187866;0.0000000;-0.0000386;4.300717E-06;-3.921795E-05;0.0000000
6378.00025939941;0.0000000;-0.0000386;4.300717E-06;-1.528498E-05;0.0000000
6379.00018692017;0.0000000;-0.0000386;4.300717E-06;-5.957232E-06;0.0000000
6380.00011444092;0.0000000;0.0000209;-2.328626E-06;4.469055E-05;0.0000000
6381.00051879883;0.0000000;0.0000209;-2.328626E-06;1.741789E-05;0.0000000
6382.00044631958;0.0000000;0.0000805;-8.969112E-06;5.387988E-05;0.0000000
6383.00037384033;0.0000000;0.0000210;-2.339768E-06;-1.614618E-05;0.0000000
6384.00030136108;0.0000000;0.0000210;-2.339768E-06;-6.292881E-06;0.0000000
6385.00022888184;0.0000000;-0.0000386;4.300717E-06;-3.96606E-05;0.0000000
6386.00015640259;0.0000000;-0.0000386;4.300717E-06;-1.545749E-05;0.0000000
6387.00008392334;0.0000000;0.0000209;-2.328626E-06;4.098787E-05;0.0000000
6388.00048828125;0.0000000;0.0000209;-2.328626E-06;1.597479E-05;0.0000000
6389.000415802;0.0000000;0.0000209;-2.328626E-06;6.226085E-06;0.0000000
6390.00034332275;0.0000000;0.0000209;-2.328626E-06;2.426581E-06;0.0000000
6391.00027084351;0.0000000;-0.0000386;4.300717E-06;-3.500955E-05;0.0000000
6392.00019836426;0.0000000;-0.0000386;4.300717E-06;-1.364478E-05;0.0000000
6393.00012588501;0.0000000;-0.0000386;4.300717E-06;-5.317975E-06;0.0000000
6394.00053024292;0.0000000;0.0000209;-2.328626E-06;3.97161E-05;0.0000000
6395.00045776367;0.0000000;0.0000209;-2.328626E-06;1.547913E-05;0.0000000
6396.00038528442;0.0000000;0.0000209;-2.328626E-06;8.931626E-06;0.0000000
6397.00031280518;0.0000000;0.0000209;-2.328626E-06;3.48105E-06;0.0000000
6398.00024032593;0.0000000;0.0000209;-2.328626E-06;1.35672E-06;0.0000000
6399.00016784668;0.0000000;0.0000209;-2.328626E-06;5.287739E-07;0.0000000
6400.00009536743;0.0000000;-0.0000386;4.300717E-06;-2.914349E-05;0.0000000
6401.00049972534;0.0000000;-0.0000386;4.300717E-06;-1.135851E-05;0.0000000
6402.00042724609;0.0000000;0.0000209;-2.328626E-06;4.258543E-05;0.0000000
6403.00035476685;0.0000000;0.0000209;-2.328626E-06;1.659743E-05;0.0000000
6404.0002822876;0.0000000;0.0000209;-2.328626E-06;6.468755E-06;0.0000000
6405.00020980835;0.0000000;0.0000209;-2.328626E-06;2.521161E-06;0.0000000
6406.0001373291;0.0000000;-0.0000386;4.300717E-06;-2.510591E-05;0.0000000
6407.00054168701;0.0000000;-0.0000386;4.300717E-06;-9.784885E-06;0.0000000
6408.00046920776;0.0000000;0.0000209;-2.328626E-06;4.319874E-05;0.0000000
6409.00039672852;0.0000000;0.0000209;-2.328626E-06;1.683647E-05;0.0000000
6410.00032424927;0.0000000;-0.0000386;4.300717E-06;-1.662787E-05;0.0000000
6411.00025177002;0.0000000;-0.0000386;4.300717E-06;-6.480617E-06;0.0000000
6412.00017929077;0.0000000;-0.0000386;4.300717E-06;-2.525784E-06;0.0000000
6413.00010681152;0.0000000;-0.0000386;4.300717E-06;-9.8441E-07;0.0000000
6414.00051116943;0.0000000;0.0000209;-2.328626E-06;2.89659E-05;0.0000000
6415.00043869019;0.0000000;0.0000805;-8.969112E-06;5.314828E-05;0.0000000
6416.00036621094;0.0000000;0.0000805;-8.969112E-06;2.071424E-05;0.0000000
6417.00029373169;0.0000000;0.0000210;-2.339768E-06;-1.511653E-05;0.0000000
6418.00022125244;0.0000000;0.0000210;-2.339768E-06;-5.891583E-06;0.0000000
6419.00014877319;0.0000000;-0.0000386;4.300717E-06;-3.169511E-05;0.0000000
6420.00007629395;0.0000000;-0.0000386;4.300717E-06;-1.235299E-05;0.0000000
6421.00048065186;0.0000000;-0.0000386;4.300717E-06;-4.814508E-06;0.0000000
6422.00040817261;0.0000000;0.0000209;-2.328626E-06;3.991233E-05;0.0000000
6423.00033569336;0.0000000;0.0000209;-2.328626E-06;1.55556E-05;0.0000000
6424.00026321411;0.0000000;0.0000209;-2.328626E-06;6.062708E-06;0.0000000
6425.00019073486;0.0000000;-0.0000386;4.300717E-06;-3.478265E-05;0.0000000
6426.00011825562;0.0000000;-0.0000386;4.300717E-06;-1.355634E-05;0.0000000
6427.00052261353;0.0000000;-0.0000386;4.300717E-06;-5.283508E-06;0.0000000
6428.00045013428;0.0000000;0.0000209;-2.328626E-06;2.402929E-05;0.0000000
6429.00037765503;0.0000000;0.0000805;-8.969112E-06;4.657327E-05;0.0000000
6430.00030517578;0.0000000;0.0000805;-8.969112E-06;1.815167E-05;0.0000000
6431.00023269653;0.0000000;0.0000210;-2.339768E-06;-1.611528E-05;0.0000000
6432.00016021729;0.0000000;0.0000210;-2.339768E-06;-6.280838E-06;0.0000000
6433.00008773804;0.0000000;0.0000209;-2.328626E-06;2.133566E-05;0.0000000
6434.00049209595;0.0000000;0.0000210;-2.339768E-06;4.69608E-06;0.0000000
6435.0004196167;0.0000000;0.0000805;-8.969112E-06;2.502006E-05;0.0000000
6436.00034713745;0.0000000;0.0000210;-2.339768E-06;-2.739413E-05;0.0000000
6437.0002746582;0.0000000;-0.0000386;4.300717E-06;-4.78847E-05;0.0000000
6438.00020217896;0.0000000;-0.0000386;4.300717E-06;-1.866279E-05;0.0000000
6439.00012969971;0.0000000;-0.0000982;1.09412E-05;-4.91327E-05;0.0000000
6440.00053405762;0.0000000;-0.0000387;4.311859E-06;1.386908E-05;0.0000000
6441.00046157837;0.0000000;-0.0000387;4.311859E-06;5.405396E-06;0.0000000
6442.00038909912;0.0000000;0.0000209;-2.328626E-06;3.150562E-05;0.0000000
6443.00031661987;0.0000000;0.0000209;-2.328626E-06;1.227914E-05;0.0000000
6444.00024414063;0.0000000;0.0000209;-2.328626E-06;4.785723E-06;0.0000000
6445.00017166138;0.0000000;-0.0000386;4.300717E-06;-3.992354E-05;0.0000000
6446.00009918213;0.0000000;-0.0000386;4.300717E-06;-1.555998E-05;0.0000000
6447.00050354004;0.0000000;-0.0000386;4.300717E-06;-6.064412E-06;0.0000000
6448.00043106079;0.0000000;0.0000209;-2.328626E-06;5.052532E-05;0.0000000
6449.00035858154;0.0000000;0.0000209;-2.328626E-06;1.969196E-05;0.0000000
6450.00028610229;0.0000000;-0.0000386;4.300717E-06;-3.933752E-05;0.0000000
6451.00021362305;0.0000000;-0.0000386;4.300717E-06;-1.533158E-05;0.0000000
6452.0001411438;0.0000000;0.0000209;-2.328626E-06;2.337418E-05;0.0000000
6453.00006866455;0.0000000;0.0000209;-2.328626E-06;9.109955E-06;0.0000000
6454.00047302246;0.0000000;-0.0000386;4.300717E-06;-4.933834E-05;0.0000000
6455.00040054321;0.0000000;-0.0000386;4.300717E-06;-1.922934E-05;0.0000000
6456.00032806396;0.0000000;-0.0000386;4.300717E-06;-7.494525E-06;0.0000000
6457.00025558472;0.0000000;0.0000209;-2.328626E-06;3.88678E-05;0.0000000
6458.00018310547;0.0000000;0.0000209;-2.328626E-06;1.514851E-05;0.0000000
6459.00011062622;0.0000000;0.0000209;-2.328626E-06;5.904045E-06;0.0000000
6460.00051498413;0.0000000;0.0000209;-2.328626E-06;2.301068E-06;0.0000000
6461.00044250488;0.0000000;-0.0000386;4.300717E-06;-2.519168E-05;0.0000000
6462.00037002563;0.0000000;-0.0000386;4.300717E-06;-9.818316E-06;0.0000000
6463.00029754639;0.0000000;-0.0000386;4.300717E-06;-3.826633E-06;0.0000000
6464.00022506714;0.0000000;-0.0000386;4.300717E-06;-1.491409E-06;0.0000000
6465.00015258789;0.0000000;0.0000209;-2.328626E-06;2.550724E-05;0.0000000
6466.00008010864;0.0000000;0.0000209;-2.328626E-06;9.941304E-06;0.0000000
6467.00048446655;0.0000000;0.0000209;-2.328626E-06;3.874567E-06;0.0000000
6468.0004119873;0.0000000;0.0000209;-2.328626E-06;1.51009E-06;0.0000000
6469.00033950806;0.0000000;-0.0000386;4.300717E-06;-4.12002E-05;0.0000000
6470.00026702881;0.0000000;-0.0000386;4.300717E-06;-1.605755E-05;0.0000000
6471.00019454956;0.0000000;0.0000209;-2.328626E-06;4.075401E-05;0.0000000
6472.00012207031;0.0000000;-0.0000386;4.300717E-06;-3.700525E-05;0.0000000
6473.00052642822;0.0000000;-0.0000386;4.300717E-06;-1.442259E-05;0.0000000
6474.00045394897;0.0000000;-0.0000386;4.300717E-06;-5.621122E-06;0.0000000
6475.00038146973;0.0000000;0.0000209;-2.328626E-06;3.495476E-05;0.0000000
6476.00030899048;0.0000000;0.0000209;-2.328626E-06;1.362342E-05;0.0000000
6477.00023651123;0.0000000;-0.0000386;4.300717E-06;-4.757924E-05;0.0000000
6478.00016403198;0.0000000;-0.0000386;4.300717E-06;-1.854374E-05;0.0000000
6479.00009155273;0.0000000;0.0000209;-2.328626E-06;1.596247E-05;0.0000000
6480.00049591064;0.0000000;-0.0000386;4.300717E-06;-2.679699E-05;0.0000000
6481.0004234314;0.0000000;0.0000805;-8.969112E-06;6.599696E-05;0.0000000
6482.00035095215;0.0000000;0.0000805;-8.969112E-06;2.572195E-05;0.0000000
6483.0002784729;0.0000000;0.0000210;-2.339768E-06;-3.176377E-05;0.0000000
6484.00020599365;0.0000000;-0.0000386;4.300717E-06;-5.423873E-05;0.0000000
6485.0001335144;0.0000000;-0.0000386;4.300717E-06;-2.113924E-05;0.0000000
6486.00053787231;0.0000000;0.0000209;-2.328626E-06;2.111068E-05;0.0000000
6487.00046539307;0.0000000;-0.0000386;4.300717E-06;-2.479051E-05;0.0000000
6488.00039291382;0.0000000;-0.0000386;4.300717E-06;-9.661959E-06;0.0000000
6489.00032043457;0.0000000;-0.0000386;4.300717E-06;-3.765694E-06;0.0000000
6490.00024795532;0.0000000;-0.0000386;4.300717E-06;-1.467658E-06;0.0000000
6491.00017547607;0.0000000;0.0000209;-2.328626E-06;3.244626E-05;0.0000000
6492.00010299683;0.0000000;0.0000209;-2.328626E-06;1.264575E-05;0.0000000
6493.00050735474;0.0000000;0.0000209;-2.328626E-06;4.928607E-06;0.0000000
6494.00043487549;0.0000000;0.0000209;-2.328626E-06;1.920897E-06;0.0000000
6495.00036239624;0.0000000;0.0000209;-2.328626E-06;7.486586E-07;0.0000000
6496.00028991699;0.0000000;0.0000209;-2.328626E-06;2.917854E-07;0.0000000
6497.00021743774;0.0000000;0.0000805;-8.969112E-06;5.30915E-05;0.0000000
6498.0001449585;0.0000000;0.0000805;-8.969112E-06;2.069211E-05;0.0000000
6499.00007247925;0.0000000;0.0000210;-2.339768E-06;-1.802388E-05;0.0000000
6500.00047683716;0.0000000;0.0000210;-2.339768E-06;-7.024704E-06;0.0000000
6501.00040435791;0.0000000;-0.0000386;4.300717E-06;-2.59666E-05;0.0000000
6502.00033187866;0.0000000;-0.0000386;4.300717E-06;-1.012034E-05;0.0000000
6503.00025939941;0.0000000;-0.0000386;4.300717E-06;-3.944344E-06;0.0000000
6504.00018692017;0.0000000;0.0000209;-2.328626E-06;2.781229E-05;0.0000000
6505.00011444092;0.0000000;0.0000210;-2.339768E-06;-8.975447E-06;0.0000000
6506.00051879883;0.0000000;0.0000210;-2.339768E-06;-3.49813E-06;0.0000000
6507.00044631958;0.0000000;-0.0000386;4.300717E-06;-3.857136E-05;0.0000000
6508.00037384033;0.0000000;-0.0000386;4.300717E-06;-1.503297E-05;0.0000000
6509.00030136108;0.0000000;-0.0000386;4.300717E-06;-5.859015E-06;0.0000000
6510.00022888184;0.0000000;0.0000209;-2.328626E-06;2.380499E-05;0.0000000
6511.00015640259;0.0000000;0.0000209;-2.328626E-06;9.277861E-06;0.0000000
6512.00008392334;0.0000000;0.0000209;-2.328626E-06;3.615994E-06;0.0000000
6513.00048828125;0.0000000;0.0000209;-2.328626E-06;1.409313E-06;0.0000000
6514.000415802;0.0000000;0.0000209;-2.328626E-06;5.492718E-07;0.0000000
6515.00034332275;0.0000000;0.0000210;-2.339768E-06;-3.857717E-06;0.0000000
6516.00027084351;0.0000000;0.0000210;-2.339768E-06;-1.503523E-06;0.0000000
6517.00019836426;0.0000000;0.0000210;-2.339768E-06;-5.859898E-07;0.0000000
6518.00012588501;0.0000000;0.0000210;-2.339768E-06;-2.283862E-07;0.0000000
6519.00053024292;0.0000000;0.0000210;-2.339768E-06;-8.901222E-08;0.0000000
6520.00045776367;0.0000000;0.0000210;-2.339768E-06;-3.469201E-08;0.0000000
6521.00038528442;0.0000000;-0.0000386;4.300717E-06;-3.308729E-05;0.0000000
6522.00031280518;0.0000000;-0.0000386;4.300717E-06;-1.289558E-05;0.0000000
6523.00024032593;0.0000000;-0.0000386;4.300717E-06;-5.02598E-06;0.0000000
6524.00016784668;0.0000000;0.0000209;-2.328626E-06;2.739073E-05;0.0000000
6525.00009536743;0.0000000;0.0000209;-2.328626E-06;1.067538E-05;0.0000000
6526.00049972534;0.0000000;-0.0000386;4.300717E-06;-3.762808E-05;0.0000000
6527.00042724609;0.0000000;-0.0000386;4.300717E-06;-1.466533E-05;0.0000000
6528.00035476685;0.0000000;-0.0000386;4.300717E-06;-5.715731E-06;0.0000000
6529.0002822876;0.0000000;0.0000209;-2.328626E-06;3.956108E-05;0.0000000
6530.00020980835;0.0000000;0.0000209;-2.328626E-06;1.541871E-05;0.0000000
6531.0001373291;0.0000000;0.0000209;-2.328626E-06;6.009354E-06;0.0000000
6532.00054168701;0.0000000;-0.0000386;4.300717E-06;-5.054678E-05;0.0000000
6533.00046920776;0.0000000;-0.0000386;4.300717E-06;-1.970032E-05;0.0000000
6534.00039672852;0.0000000;-0.0000982;1.09412E-05;-3.381045E-05;0.0000000
6535.00032424927;0.0000000;-0.0000982;1.09412E-05;-1.317743E-05;0.0000000
6536.00025177002;0.0000000;-0.0000387;4.311859E-06;2.095268E-05;0.0000000
6537.00017929077;0.0000000;0.0000209;-2.328626E-06;5.002518E-05;0.0000000
6538.00010681152;0.0000000;0.0000209;-2.328626E-06;1.949703E-05;0.0000000
6539.00051116943;0.0000000;0.0000805;-8.969112E-06;5.469021E-05;0.0000000
6540.00043869019;0.0000000;0.0000210;-2.339768E-06;-1.170307E-05;0.0000000
6541.00036621094;0.0000000;0.0000210;-2.339768E-06;-4.561206E-06;0.0000000
6542.00029373169;0.0000000;-0.0000386;4.300717E-06;-3.485147E-05;0.0000000
6543.00022125244;0.0000000;-0.0000386;4.300717E-06;-1.358317E-05;0.0000000
6544.00014877319;0.0000000;0.0000209;-2.328626E-06;2.405562E-05;0.0000000
6545.00007629395;0.0000000;-0.0000386;4.300717E-06;-2.364273E-05;0.0000000
6546.00048065186;0.0000000;0.0000209;-2.328626E-06;2.793094E-05;0.0000000
6547.00040817261;0.0000000;0.0000209;-2.328626E-06;1.088592E-05;0.0000000
6548.00033569336;0.0000000;0.0000805;-8.969112E-06;5.722051E-05;0.0000000
6549.00026321411;0.0000000;0.0000210;-2.339768E-06;-1.948738E-05;0.0000000
6550.00019073486;0.0000000;0.0000210;-2.339768E-06;-7.595098E-06;0.0000000
6551.00011825562;0.0000000;0.0000210;-2.339768E-06;-2.960147E-06;0.0000000
6552.00052261353;0.0000000;-0.0000386;4.300717E-06;-3.836169E-05;0.0000000
6553.00045013428;0.0000000;-0.0000386;4.300717E-06;-1.495125E-05;0.0000000
6554.00037765503;0.0000000;-0.0000386;4.300717E-06;-5.827165E-06;0.0000000
6555.00030517578;0.0000000;0.0000209;-2.328626E-06;2.707847E-05;0.0000000
6556.00023269653;0.0000000;0.0000209;-2.328626E-06;1.055368E-05;0.0000000
6557.00016021729;0.0000000;0.0000209;-2.328626E-06;4.113237E-06;0.0000000
6558.00008773804;0.0000000;-0.0000386;4.300717E-06;-3.554245E-05;0.0000000
6559.00049209595;0.0000000;-0.0000386;4.300717E-06;-1.385247E-05;0.0000000
6560.0004196167;0.0000000;0.0000209;-2.328626E-06;4.161343E-05;0.0000000
6561.00034713745;0.0000000;0.0000209;-2.328626E-06;1.62186E-05;0.0000000
6562.0002746582;0.0000000;0.0000209;-2.328626E-06;6.321108E-06;0.0000000
6563.00020217896;0.0000000;0.0000209;-2.328626E-06;2.463616E-06;0.0000000
6564.00012969971;0.0000000;-0.0000982;1.09412E-05;-7.810611E-05;0.0000000
6565.00053405762;0.0000000;-0.0000982;1.09412E-05;-3.044142E-05;0.0000000
6566.00046157837;0.0000000;-0.0000387;4.311859E-06;3.514798E-05;0.0000000
6567.00038909912;0.0000000;-0.0000387;4.311859E-06;1.369873E-05;0.0000000
6568.00031661987;0.0000000;-0.0000387;4.311859E-06;5.339001E-06;0.0000000
6569.00024414063;0.0000000;-0.0000387;4.311859E-06;2.080845E-06;0.0000000
6570.00017166138;0.0000000;-0.0000387;4.311859E-06;8.109977E-07;0.0000000
6571.00009918213;0.0000000;-0.0000387;4.311859E-06;3.160818E-07;0.0000000
6572.00050354004;0.0000000;-0.0000387;4.311859E-06;1.231911E-07;0.0000000
6573.00043106079;0.0000000;-0.0000387;4.311859E-06;4.801304E-08;0.0000000
6574.00035858154;0.0000000;0.0000209;-2.328626E-06;2.941762E-05;0.0000000
6575.00028610229;0.0000000;0.0000805;-8.969112E-06;4.867333E-05;0.0000000
6576.00021362305;0.0000000;0.0000210;-2.339768E-06;-7.118355E-06;0.0000000
6577.0001411438;0.0000000;-0.0000386;4.300717E-06;-2.89067E-05;0.0000000
6578.00054550171;0.0000000;-0.0000386;4.300717E-06;-1.126622E-05;0.0000000
6579.00047302246;0.0000000;-0.0000386;4.300717E-06;-4.390947E-06;0.0000000
6580.00040054321;0.0000000;-0.0000982;1.09412E-05;-3.478512E-05;0.0000000
6581.00032806396;0.0000000;0.0000209;-2.328626E-06;6.550899E-05;0.0000000
6582.00025558472;0.0000000;0.0000805;-8.969112E-06;6.273975E-05;0.0000000
6583.00018310547;0.0000000;0.0000805;-8.969112E-06;2.445246E-05;0.0000000
6584.00011062622;0.0000000;0.0000210;-2.339768E-06;-2.761535E-05;0.0000000
6585.00051498413;0.0000000;-0.0000386;4.300717E-06;-4.797092E-05;0.0000000
6586.00044250488;0.0000000;-0.0000387;4.311859E-06;-6.306543E-06;0.0000000
6587.00037002563;0.0000000;-0.0000982;1.09412E-05;-2.564773E-05;0.0000000
6588.00029754639;0.0000000;-0.0000387;4.311859E-06;1.935352E-05;0.0000000
6589.00022506714;0.0000000;0.0000209;-2.328626E-06;4.061669E-05;0.0000000
6590.00015258789;0.0000000;0.0000209;-2.328626E-06;1.583012E-05;0.0000000
6591.00008010864;0.0000000;0.0000209;-2.328626E-06;6.169701E-06;0.0000000
6592.00048446655;0.0000000;-0.0000386;4.300717E-06;-2.078518E-05;0.0000000
6593.0004119873;0.0000000;-0.0000982;1.09412E-05;-3.423326E-05;0.0000000
6594.00033950806;0.0000000;-0.0000387;4.311859E-06;1.600736E-05;0.0000000
6595.00026702881;0.0000000;0.0000209;-2.328626E-06;2.946754E-05;0.0000000
6596.00019454956;0.0000000;0.0000209;-2.328626E-06;1.148481E-05;0.0000000
6597.00012207031;0.0000000;0.0000209;-2.328626E-06;4.476139E-06;0.0000000
6598.00052642822;0.0000000;-0.0000386;4.300717E-06;-2.760503E-05;0.0000000
6599.00045394897;0.0000000;-0.0000386;4.300717E-06;-1.07589E-05;0.0000000
6600.00038146973;0.0000000;0.0000209;-2.328626E-06;4.869567E-05;0.0000000
6601.00030899048;0.0000000;0.0001401;-1.56096E-05;0.0001138156;0.0000000
6602.00023651123;0.0000000;0.0001401;-1.56096E-05;4.4359E-05;0.0000000
6603.00016403198;0.0000000;0.0001401;-1.56096E-05;1.728867E-05;0.0000000
6604.00009155273;0.0000000;0.0000806;-8.980253E-06;-2.628011E-05;0.0000000
6605.00049591064;0.0000000;-0.0000386;4.300717E-06;-7.067927E-05;0.0000000
6606.0004234314;0.0000000;-0.0001578;1.758169E-05;-8.30781E-05;0.0000000
6607.00035095215;0.0000000;-0.0000983;1.095234E-05;-9.189429E-06;0.0000000
6608.0002784729;0.0000000;0.0000209;-2.328626E-06;7.290873E-05;0.0000000
6609.00020599365;0.0000000;0.0001401;-1.56096E-05;0.000104906;0.0000000
6610.0001335144;0.0000000;0.0000806;-8.980253E-06;-1.200235E-05;0.0000000
6611.00053787231;0.0000000;0.0000210;-2.339768E-06;-4.653684E-05;0.0000000
6612.00046539307;0.0000000;-0.0000386;4.300717E-06;-5.121124E-05;0.0000000
6613.00039291382;0.0000000;-0.0000386;4.300717E-06;-1.995929E-05;0.0000000
6614.00032043457;0.0000000;0.0000209;-2.328626E-06;3.400973E-05;0.0000000
6615.00024795532;0.0000000;0.0000805;-8.969112E-06;5.046308E-05;0.0000000
6616.00017547607;0.0000000;0.0000805;-8.969112E-06;1.96677E-05;0.0000000
6617.00010299683;0.0000000;0.0000210;-2.339768E-06;-3.412338E-05;0.0000000
6618.00050735474;0.0000000;-0.0000386;4.300717E-06;-5.515838E-05;0.0000000
6619.00043487549;0.0000000;-0.0000386;4.300717E-06;-2.149766E-05;0.0000000
6620.00036239624;0.0000000;-0.0000386;4.300717E-06;-8.378594E-06;0.0000000
6621.00028991699;0.0000000;-0.0000386;4.300717E-06;-3.265509E-06;0.0000000
6622.00021743774;0.0000000;0.0000805;-8.969112E-06;7.489485E-05;0.0000000
6623.0001449585;0.0000000;0.0000805;-8.969112E-06;2.918985E-05;0.0000000
6624.00054931641;0.0000000;0.0000210;-2.339768E-06;-3.041218E-05;0.0000000
6625.00047683716;0.0000000;-0.0000386;4.300717E-06;-6.483075E-05;0.0000000
6626.00040435791;0.0000000;-0.0000386;4.300717E-06;-2.526742E-05;0.0000000
6627.00033187866;0.0000000;0.0000209;-2.328626E-06;2.729772E-05;0.0000000
6628.00025939941;0.0000000;0.0000805;-8.969112E-06;5.773049E-05;0.0000000
6629.00018692017;0.0000000;0.0000805;-8.969112E-06;2.250013E-05;0.0000000
6630.00011444092;0.0000000;0.0000210;-2.339768E-06;-2.837626E-05;0.0000000
6631.00051879883;0.0000000;-0.0000386;4.300717E-06;-3.719184E-05;0.0000000
6632.00044631958;0.0000000;-0.0000386;4.300717E-06;-1.449531E-05;0.0000000
6633.00037384033;0.0000000;-0.0000386;4.300717E-06;-5.649464E-06;0.0000000
6634.00030136108;0.0000000;0.0000209;-2.328626E-06;2.098794E-05;0.0000000
6635.00022888184;0.0000000;0.0000209;-2.328626E-06;8.179933E-06;0.0000000
6636.00015640259;0.0000000;0.0000209;-2.328626E-06;3.188082E-06;0.0000000
6637.00008392334;0.0000000;-0.0000386;4.300717E-06;-3.590302E-05;0.0000000
6638.00048828125;0.0000000;-0.0000386;4.300717E-06;-1.3993E-05;0.0000000
6639.000415802;0.0000000;0.0000209;-2.328626E-06;2.389588E-05;0.0000000
6640.00034332275;0.0000000;0.0000209;-2.328626E-06;9.313285E-06;0.0000000
6641.00027084351;0.0000000;0.0000209;-2.328626E-06;3.6298E-06;0.0000000
6642.00019836426;0.0000000;-0.0000386;4.300717E-06;-5.14742E-05;0.0000000
6643.00012588501;0.0000000;-0.0000386;4.300717E-06;-2.006178E-05;0.0000000
6644.00053024292;0.0000000;-0.0000386;4.300717E-06;-7.818967E-06;0.0000000
6645.00045776367;0.0000000;-0.0000386;4.300717E-06;-3.047398E-06;0.0000000
6646.00038528442;0.0000000;-0.0000386;4.300717E-06;-1.187706E-06;0.0000000
6647.00031280518;0.0000000;0.0000209;-2.328626E-06;4.132585E-05;0.0000000
6648.00024032593;0.0000000;0.0000209;-2.328626E-06;1.610652E-05;0.0000000
6649.00016784668;0.0000000;0.0000209;-2.328626E-06;6.277423E-06;0.0000000
6650.00009536743;0.0000000;-0.0000386;4.300717E-06;-2.364192E-05;0.0000000
6651.00049972534;0.0000000;-0.0000386;4.300717E-06;-9.214305E-06;0.0000000
6652.00042724609;0.0000000;-0.0000387;4.311859E-06;4.805701E-07;0.0000000
6653.00035476685;0.0000000;-0.0000387;4.311859E-06;1.872995E-07;0.0000000
6654.0002822876;0.0000000;0.0000209;-2.328626E-06;4.193198E-05;0.0000000
6655.00020980835;0.0000000;0.0000209;-2.328626E-06;1.634275E-05;0.0000000
6656.0001373291;0.0000000;0.0000209;-2.328626E-06;6.369496E-06;0.0000000
6657.00054168701;0.0000000;0.0000209;-2.328626E-06;2.482475E-06;0.0000000
6658.00046920776;0.0000000;0.0000209;-2.328626E-06;9.675306E-07;0.0000000
6659.00039672852;0.0000000;0.0000209;-2.328626E-06;3.770896E-07;0.0000000
6660.00032424927;0.0000000;0.0000209;-2.328626E-06;1.469685E-07;0.0000000
6661.00025177002;0.0000000;0.0000209;-2.328626E-06;5.728015E-08;0.0000000
6662.00017929077;0.0000000;0.0000209;-2.328626E-06;2.232462E-08;0.0000000
6663.00010681152;0.0000000;0.0000209;-2.328626E-06;8.700892E-09;0.0000000
6664.00051116943;0.0000000;0.0000209;-2.328626E-06;3.391123E-09;0.0000000
6665.00043869019;0.0000000;0.0000209;-2.328626E-06;1.321671E-09;0.0000000
6666.00036621094;0.0000000;0.0000209;-2.328626E-06;5.151138E-10;0.0000000
6667.00029373169;0.0000000;0.0000209;-2.328626E-06;2.007627E-10;0.0000000
6668.00022125244;0.0000000;0.0000209;-2.328626E-06;7.824612E-11;0.0000000
6669.00014877319;0.0000000;0.0000209;-2.328626E-06;3.049598E-11;0.0000000
6670.0005531311;0.0000000;-0.0000386;4.300717E-06;-4.178874E-05;0.0000000
6671.00048065186;0.0000000;-0.0000386;4.300717E-06;-1.628693E-05;0.0000000
6672.00040817261;0.0000000;-0.0000386;4.300717E-06;-6.347737E-06;0.0000000
6673.00033569336;0.0000000;0.0000209;-2.328626E-06;4.453835E-05;0.0000000
6674.00026321411;0.0000000;0.0000209;-2.328626E-06;1.735857E-05;0.0000000
6675.00019073486;0.0000000;0.0000209;-2.328626E-06;6.765405E-06;0.0000000
6676.00011825562;0.0000000;0.0000209;-2.328626E-06;2.636778E-06;0.0000000
6677.00052261353;0.0000000;0.0000209;-2.328626E-06;1.027669E-06;0.0000000
6678.00045013428;0.0000000;-0.0000386;4.300717E-06;-5.248836E-05;0.0000000
6679.00037765503;0.0000000;-0.0000386;4.300717E-06;-2.045704E-05;0.0000000
6680.00030517578;0.0000000;0.0000209;-2.328626E-06;1.521677E-05;0.0000000
6681.00023269653;0.0000000;0.0000805;-8.969112E-06;3.206301E-05;0.0000000
6682.00016021729;0.0000000;0.0000210;-2.339768E-06;-3.451597E-05;0.0000000
6683.00008773804;0.0000000;0.0000210;-2.339768E-06;-1.34524E-05;0.0000000
6684.00049209595;0.0000000;-0.0000386;4.300717E-06;-2.847176E-05;0.0000000
6685.0004196167;0.0000000;-0.0000386;4.300717E-06;-1.109671E-05;0.0000000
6686.00034713745;0.0000000;0.0000209;-2.328626E-06;4.856401E-05;0.0000000
6687.0002746582;0.0000000;0.0000805;-8.969112E-06;5.200131E-05;0.0000000
6688.00020217896;0.0000000;0.0000210;-2.339768E-06;-1.687834E-05;0.0000000
6689.00012969971;0.0000000;0.0000210;-2.339768E-06;-6.578238E-06;0.0000000
6690.00053405762;0.0000000;0.0000210;-2.339768E-06;-2.563831E-06;0.0000000
6691.00046157837;0.0000000;-0.0000386;4.300717E-06;-4.285822E-05;0.0000000
6692.00038909912;0.0000000;-0.0000386;4.300717E-06;-1.670375E-05;0.0000000
6693.00031661987;0.0000000;-0.0000386;4.300717E-06;-6.510192E-06;0.0000000
6694.00024414063;0.0000000;0.0000209;-2.328626E-06;3.925144E-05;0.0000000
6695.00017166138;0.0000000;0.0000209;-2.328626E-06;1.529803E-05;0.0000000
6696.00009918213;0.0000000;0.0000209;-2.328626E-06;5.96232E-06;0.0000000
6697.00050354004;0.0000000;0.0000209;-2.328626E-06;2.32378E-06;0.0000000
6698.00043106079;0.0000000;-0.0000386;4.300717E-06;-3.623988E-05;0.0000000
6699.00035858154;0.0000000;-0.0000386;4.300717E-06;-1.412429E-05;0.0000000
6700.00028610229;0.0000000;0.0000209;-2.328626E-06;2.384472E-05;0.0000000
6701.00021362305;0.0000000;0.0000209;-2.328626E-06;9.293343E-06;0.0000000
6702.0001411438;0.0000000;0.0000209;-2.328626E-06;3.622028E-06;0.0000000
6703.00054550171;0.0000000;0.0000209;-2.328626E-06;1.411665E-06;0.0000000
6704.00047302246;0.0000000;-0.0000386;4.300717E-06;-3.659537E-05;0.0000000
6705.00040054321;0.0000000;-0.0000386;4.300717E-06;-1.426284E-05;0.0000000
6706.00032806396;0.0000000;-0.0000386;4.300717E-06;-5.55886E-06;0.0000000
6707.00025558472;0.0000000;-0.0000386;4.300717E-06;-2.166534E-06;0.0000000
6708.00018310547;0.0000000;0.0000209;-2.328626E-06;5.20445E-05;0.0000000
6709.00011062622;0.0000000;0.0000209;-2.328626E-06;2.028405E-05;0.0000000
6710.00051498413;0.0000000;0.0000209;-2.328626E-06;7.905594E-06;0.0000000
6711.00044250488;0.0000000;0.0000209;-2.328626E-06;3.08116E-06;0.0000000
6712.00037002563;0.0000000;-0.0000386;4.300717E-06;-2.198893E-05;0.0000000
6713.00029754639;0.0000000;-0.0000386;4.300717E-06;-8.570059E-06;0.0000000
6714.00022506714;0.0000000;-0.0000386;4.300717E-06;-3.340132E-06;0.0000000
6715.00015258789;0.0000000;0.0000209;-2.328626E-06;3.171648E-05;0.0000000
6716.0005569458;0.0000000;0.0000209;-2.328626E-06;1.236132E-05;0.0000000
6717.00048446655;0.0000000;0.0000209;-2.328626E-06;4.817754E-06;0.0000000
6718.0004119873;0.0000000;0.0000209;-2.328626E-06;1.877692E-06;0.0000000
6719.00033950806;0.0000000;0.0000209;-2.328626E-06;7.3182E-07;0.0000000
6720.00026702881;0.0000000;-0.0000386;4.300717E-06;-3.686034E-05;0.0000000
6721.00019454956;0.0000000;-0.0000386;4.300717E-06;-1.436611E-05;0.0000000
6722.00012207031;0.0000000;-0.0000386;4.300717E-06;-5.599109E-06;0.0000000
6723.00052642822;0.0000000;0.0000209;-2.328626E-06;4.483013E-05;0.0000000
6724.00045394897;0.0000000;0.0000209;-2.328626E-06;1.747229E-05;0.0000000
6725.00038146973;0.0000000;-0.0000386;4.300717E-06;-3.497903E-05;0.0000000
6726.00030899048;0.0000000;-0.0000387;4.311859E-06;2.048026E-06;0.0000000
6727.00023651123;0.0000000;-0.0000387;4.311859E-06;7.982063E-07;0.0000000
6728.00016403198;0.0000000;-0.0000387;4.311859E-06;3.110964E-07;0.0000000
6729.00009155273;0.0000000;-0.0000387;4.311859E-06;1.212481E-07;0.0000000
6730.00049591064;0.0000000;-0.0000387;4.311859E-06;4.725575E-08;0.0000000
6731.0004234314;0.0000000;-0.0000387;4.311859E-06;1.841766E-08;0.0000000
6732.00035095215;0.0000000;0.0000209;-2.328626E-06;2.613953E-05;0.0000000
6733.0002784729;0.0000000;0.0000209;-2.328626E-06;1.018774E-05;0.0000000
6734.00020599365;0.0000000;0.0000209;-2.328626E-06;3.970612E-06;0.0000000
6735.0001335144;0.0000000;0.0000209;-2.328626E-06;1.547524E-06;0.0000000
6736.00053787231;0.0000000;-0.0000386;4.300717E-06;-5.228575E-05;0.0000000
6737.00046539307;0.0000000;-0.0000386;4.300717E-06;-2.037807E-05;0.0000000
6738.00039291382;0.0000000;0.0000209;-2.328626E-06;1.524755E-05;0.0000000
6739.00032043457;0.0000000;0.0000209;-2.328626E-06;5.942647E-06;0.0000000
6740.00024795532;0.0000000;0.0000209;-2.328626E-06;2.316113E-06;0.0000000
6741.00017547607;0.0000000;0.0000209;-2.328626E-06;9.02692E-07;0.0000000
6742.00010299683;0.0000000;0.0000209;-2.328626E-06;3.518191E-07;0.0000000
6743.00050735474;0.0000000;-0.0000386;4.300717E-06;-2.59514E-05;0.0000000
6744.00043487549;0.0000000;0.0000209;-2.328626E-06;1.923517E-05;0.0000000
6745.00036239624;0.0000000;0.0000209;-2.328626E-06;7.496797E-06;0.0000000
6746.00028991699;0.0000000;0.0000209;-2.328626E-06;2.921834E-06;0.0000000
6747.00021743774;0.0000000;0.0000209;-2.328626E-06;1.138768E-06;0.0000000
6748.0001449585;0.0000000;0.0000209;-2.328626E-06;4.438285E-07;0.0000000
6749.00054931641;0.0000000;0.0000209;-2.328626E-06;1.729797E-07;0.0000000
6750.00047683716;0.0000000;0.0000209;-2.328626E-06;6.741784E-08;0.0000000
6751.00040435791;0.0000000;-0.0000386;4.300717E-06;-2.606224E-05;0.0000000
6752.00033187866;0.0000000;-0.0000386;4.300717E-06;-1.015761E-05;0.0000000
6753.00025939941;0.0000000;0.0000209;-2.328626E-06;1.923091E-05;0.0000000
6754.00018692017;0.0000000;0.0000805;-8.969112E-06;3.36275E-05;0.0000000
6755.00011444092;0.0000000;0.0000805;-8.969112E-06;1.310613E-05;0.0000000
6756.00051879883;0.0000000;0.0000210;-2.339768E-06;-3.203752E-05;0.0000000
6757.00044631958;0.0000000;-0.0000386;4.300717E-06;-3.86188E-05;0.0000000
6758.00037384033;0.0000000;0.0000209;-2.328626E-06;3.783743E-05;0.0000000
6759.00030136108;0.0000000;0.0000805;-8.969112E-06;6.77247E-05;0.0000000
6760.00022888184;0.0000000;0.0000805;-8.969112E-06;2.639532E-05;0.0000000
6761.00015640259;0.0000000;0.0000210;-2.339768E-06;-3.150133E-05;0.0000000
6762.00008392334;0.0000000;-0.0000386;4.300717E-06;-6.525524E-05;0.0000000
6763.00048828125;0.0000000;-0.0000386;4.300717E-06;-2.543286E-05;0.0000000
6764.000415802;0.0000000;-0.0000386;4.300717E-06;-9.912312E-06;0.0000000
6765.00034332275;0.0000000;-0.0000386;4.300717E-06;-3.863267E-06;0.0000000
6766.00027084351;0.0000000;-0.0000386;4.300717E-06;-1.505687E-06;0.0000000
6767.00019836426;0.0000000;-0.0000386;4.300717E-06;-5.868329E-07;0.0000000
6768.00012588501;0.0000000;-0.0000386;4.300717E-06;-1.422279E-05;0.0000000
6769.00053024292;0.0000000;-0.0000386;4.300717E-06;-5.543252E-06;0.0000000
6770.00045776367;0.0000000;-0.0000386;4.300717E-06;-2.160451E-06;0.0000000
6771.00038528442;0.0000000;-0.0000386;4.300717E-06;-8.420235E-07;0.0000000
6772.00031280518;0.0000000;0.0000209;-2.328626E-06;2.286162E-05;0.0000000
6773.00024032593;0.0000000;-0.0000386;4.300717E-06;-3.287857E-05;0.0000000
6774.00016784668;0.0000000;-0.0000386;4.300717E-06;-1.281424E-05;0.0000000
6775.00009536743;0.0000000;-0.0000386;4.300717E-06;-4.994277E-06;0.0000000
6776.00049972534;0.0000000;-0.0000386;4.300717E-06;-1.946491E-06;0.0000000
6777.00042724609;0.0000000;-0.0000386;4.300717E-06;-7.586339E-07;0.0000000
6778.00035476685;0.0000000;-0.0000386;4.300717E-06;-2.956733E-07;0.0000000
6779.0002822876;0.0000000;-0.0000386;4.300717E-06;-1.15237E-07;0.0000000
6780.00020980835;0.0000000;-0.0000386;4.300717E-06;-4.491296E-08;0.0000000
6781.0001373291;0.0000000;-0.0000386;4.300717E-06;-1.750457E-08;0.0000000
6782.00054168701;0.0000000;-0.0000386;4.300717E-06;-6.822306E-09;0.0000000
6783.00046920776;0.0000000;0.0000209;-2.328626E-06;2.934692E-05;0.0000000
6784.00039672852;0.0000000;0.0000209;-2.328626E-06;1.143779E-05;0.0000000
6785.00032424927;0.0000000;-0.0000386;4.300717E-06;-4.255453E-05;0.0000000
6786.00025177002;0.0000000;-0.0000386;4.300717E-06;-1.658539E-05;0.0000000
6787.00017929077;0.0000000;-0.0000386;4.300717E-06;-6.464061E-06;0.0000000
6788.00010681152;0.0000000;-0.0000386;4.300717E-06;-2.519331E-06;0.0000000
6789.00051116943;0.0000000;0.0000209;-2.328626E-06;2.510662E-05;0.0000000
6790.00043869019;0.0000000;0.0000209;-2.328626E-06;9.785161E-06;0.0000000
6791.00036621094;0.0000000;0.0000209;-2.328626E-06;3.813711E-06;0.0000000
6792.00029373169;0.0000000;-0.0000386;4.300717E-06;-3.15319E-05;0.0000000
6793.00022125244;0.0000000;-0.0000386;4.300717E-06;-1.228938E-05;0.0000000
6794.00014877319;0.0000000;-0.0000386;4.300717E-06;-4.789717E-06;0.0000000
6795.0005531311;0.0000000;0.0000209;-2.328626E-06;3.992199E-05;0.0000000
6796.00048065186;0.0000000;0.0000209;-2.328626E-06;1.555937E-05;0.0000000
6797.00040817261;0.0000000;0.0000209;-2.328626E-06;6.064178E-06;0.0000000
6798.00033569336;0.0000000;-0.0000386;4.300717E-06;-5.052541E-05;0.0000000
6799.00026321411;0.0000000;-0.0000386;4.300717E-06;-1.969199E-05;0.0000000
6800.00019073486;0.0000000;0.0000209;-2.328626E-06;3.643879E-05;0.0000000
6801.00011825562;0.0000000;0.0000805;-8.969112E-06;6.129316E-05;0.0000000
6802.00052261353;0.0000000;0.0000210;-2.339768E-06;6.988749E-07;0.0000000
6803.00045013428;0.0000000;0.0000210;-2.339768E-06;2.723826E-07;0.0000000
6804.00037765503;0.0000000;0.0000210;-2.339768E-06;1.061596E-07;0.0000000
6805.00030517578;0.0000000;0.0000210;-2.339768E-06;4.137508E-08;0.0000000
6806.00023269653;0.0000000;0.0000210;-2.339768E-06;1.612571E-08;0.0000000
6807.00016021729;0.0000000;0.0000210;-2.339768E-06;6.284903E-09;0.0000000
6808.00008773804;0.0000000;0.0000805;-8.969112E-06;5.289134E-05;0.0000000
6809.00049209595;0.0000000;0.0000805;-8.969112E-06;2.06141E-05;0.0000000
6810.0004196167;0.0000000;0.0000210;-2.339768E-06;-1.805429E-05;0.0000000
6811.00034713745;0.0000000;-0.0000386;4.300717E-06;-3.026532E-05;0.0000000
6812.0002746582;0.0000000;-0.0000386;4.300717E-06;-1.179574E-05;0.0000000
6813.00020217896;0.0000000;0.0000209;-2.328626E-06;4.829157E-05;0.0000000
6814.00012969971;0.0000000;0.0000805;-8.969112E-06;7.179915E-05;0.0000000
6815.00053405762;0.0000000;0.0000805;-8.969112E-06;2.798331E-05;0.0000000
6816.00046157837;0.0000000;0.0000210;-2.339768E-06;-2.211194E-05;0.0000000
6817.00038909912;0.0000000;0.0000210;-2.339768E-06;-8.618003E-06;0.0000000
6818.00031661987;0.0000000;0.0000210;-2.339768E-06;-3.358818E-06;0.0000000
6819.00024414063;0.0000000;0.0000210;-2.339768E-06;-1.30908E-06;0.0000000
6820.00017166138;0.0000000;0.0000210;-2.339768E-06;-5.102066E-07;0.0000000
6821.00009918213;0.0000000;0.0000210;-2.339768E-06;-1.988501E-07;0.0000000
6822.00050354004;0.0000000;0.0000210;-2.339768E-06;-7.007262E-06;0.0000000
6823.00043106079;0.0000000;0.0000805;-8.969112E-06;5.015785E-05;0.0000000
6824.00035858154;0.0000000;0.0000210;-2.339768E-06;-2.746361E-05;0.0000000
6825.00028610229;0.0000000;0.0000210;-2.339768E-06;-1.070379E-05;0.0000000
6826.00021362305;0.0000000;0.0000210;-2.339768E-06;-4.17174E-06;0.0000000
6827.0001411438;0.0000000;0.0000805;-8.969112E-06;3.551965E-05;0.0000000
6828.00054550171;0.0000000;0.0000210;-2.339768E-06;-3.316877E-05;0.0000000
6829.00047302246;0.0000000;0.0000210;-2.339768E-06;-1.292734E-05;0.0000000
6830.00040054321;0.0000000;0.0000210;-2.339768E-06;-5.038359E-06;0.0000000
6831.00032806396;0.0000000;0.0000805;-8.969112E-06;3.518189E-05;0.0000000
6832.00025558472;0.0000000;0.0000805;-8.969112E-06;1.371194E-05;0.0000000
6833.00018310547;0.0000000;0.0000210;-2.339768E-06;-1.784564E-05;0.0000000
6834.00011062622;0.0000000;0.0000210;-2.339768E-06;-6.955236E-06;0.0000000
6835.00051498413;0.0000000;0.0000210;-2.339768E-06;-2.710764E-06;0.0000000
6836.00044250488;0.0000000;0.0000210;-2.339768E-06;-1.056505E-06;0.0000000
6837.00037002563;0.0000000;0.0000210;-2.339768E-06;-4.117667E-07;0.0000000
6838.00029754639;0.0000000;0.0000210;-2.339768E-06;-1.604838E-07;0.0000000
6839.00022506714;0.0000000;-0.0000386;4.300717E-06;-4.192153E-05;0.0000000
6840.00015258789;0.0000000;-0.0000386;4.300717E-06;-1.633868E-05;0.0000000
6841.0005569458;0.0000000;0.0000209;-2.328626E-06;3.077765E-05;0.0000000
6842.00048446655;0.0000000;0.0000805;-8.969112E-06;5.38544E-05;0.0000000
6843.0004119873;0.0000000;0.0000210;-2.339768E-06;-1.202883E-05;0.0000000
6844.00033950806;0.0000000;0.0000210;-2.339768E-06;-4.688168E-06;0.0000000
6845.00026702881;0.0000000;0.0000210;-2.339768E-06;-1.827187E-06;0.0000000
6846.00019454956;0.0000000;-0.0000386;4.300717E-06;-4.257112E-05;0.0000000
6847.00012207031;0.0000000;0.0000209;-2.328626E-06;1.642642E-05;0.0000000
6848.00052642822;0.0000000;0.0000209;-2.328626E-06;6.402105E-06;0.0000000
6849.00045394897;0.0000000;0.0000209;-2.328626E-06;2.495184E-06;0.0000000
6850.00038146973;0.0000000;0.0000209;-2.328626E-06;9.724838E-07;0.0000000
6851.00030899048;0.0000000;0.0000209;-2.328626E-06;3.790201E-07;0.0000000
6852.00023651123;0.0000000;-0.0000386;4.300717E-06;-5.274117E-05;0.0000000
6853.00016403198;0.0000000;-0.0000386;4.300717E-06;-2.055557E-05;0.0000000
6854.00009155273;0.0000000;0.0000209;-2.328626E-06;2.500686E-05;0.0000000
6855.00049591064;0.0000000;0.0000209;-2.328626E-06;9.746282E-06;0.0000000
6856.0004234314;0.0000000;-0.0000386;4.300717E-06;-3.799019E-05;0.0000000
6857.00035095215;0.0000000;-0.0000386;4.300717E-06;-1.480646E-05;0.0000000
6858.0002784729;0.0000000;-0.0000386;4.300717E-06;-5.770736E-06;0.0000000
6859.00020599365;0.0000000;0.0000805;-8.969112E-06;8.19878E-05;0.0000000
6860.0001335144;0.0000000;0.0000805;-8.969112E-06;3.195429E-05;0.0000000
6861.00053787231;0.0000000;0.0000210;-2.339768E-06;-4.043489E-05;0.0000000
6862.00046539307;0.0000000;-0.0000386;4.300717E-06;-6.285062E-05;0.0000000
6863.00039291382;0.0000000;-0.0000982;1.09412E-05;-6.170366E-05;0.0000000
6864.00032043457;0.0000000;-0.0000982;1.09412E-05;-2.404865E-05;0.0000000
6865.00024795532;0.0000000;-0.0000387;4.311859E-06;1.997675E-05;0.0000000
6866.00017547607;0.0000000;0.0000209;-2.328626E-06;3.391818E-05;0.0000000
6867.00010299683;0.0000000;0.0000805;-8.969112E-06;4.261833E-05;0.0000000
6868.00050735474;0.0000000;0.0000210;-2.339768E-06;-1.273933E-05;0.0000000
6869.00043487549;0.0000000;-0.0000386;4.300717E-06;-3.109744E-05;0.0000000
6870.00036239624;0.0000000;-0.0001578;1.758169E-05;-9.641939E-05;0.0000000
6871.00028991699;0.0000000;-0.0000387;4.311859E-06;3.036859E-05;0.0000000
6872.00021743774;0.0000000;-0.0000387;4.311859E-06;1.183598E-05;0.0000000
6873.0001449585;0.0000000;-0.0000387;4.311859E-06;4.613009E-06;0.0000000
6874.00054931641;0.0000000;0.0000209;-2.328626E-06;3.487166E-05;0.0000000
6875.00047683716;0.0000000;0.0000209;-2.328626E-06;1.359103E-05;0.0000000
6876.00040435791;0.0000000;-0.0000386;4.300717E-06;-3.649173E-05;0.0000000
6877.00033187866;0.0000000;-0.0000386;4.300717E-06;-1.422244E-05;0.0000000
6878.00025939941;0.0000000;0.0000209;-2.328626E-06;2.380646E-05;0.0000000
6879.00018692017;0.0000000;0.0000209;-2.328626E-06;9.278434E-06;0.0000000
6880.00011444092;0.0000000;0.0000209;-2.328626E-06;3.616217E-06;0.0000000
6881.00051879883;0.0000000;0.0000209;-2.328626E-06;1.4094E-06;0.0000000
6882.00044631958;0.0000000;0.0000209;-2.328626E-06;5.493059E-07;0.0000000
6883.00037384033;0.0000000;-0.0000386;4.300717E-06;-2.29757E-05;0.0000000
6884.00030136108;0.0000000;-0.0000386;4.300717E-06;-8.954648E-06;0.0000000
6885.00022888184;0.0000000;0.0000209;-2.328626E-06;1.969976E-05;0.0000000
6886.00015640259;0.0000000;0.0000805;-8.969112E-06;3.090663E-05;0.0000000
6887.0005607605;0.0000000;0.0000210;-2.339768E-06;-2.097259E-05;0.0000000
6888.00048828125;0.0000000;-0.0000386;4.300717E-06;-3.43063E-05;0.0000000
6889.000415802;0.0000000;-0.0000982;1.09412E-05;-6.046204E-05;0.0000000
6890.00034332275;0.0000000;-0.0000387;4.311859E-06;2.932415E-05;0.0000000
6891.00027084351;0.0000000;0.0000209;-2.328626E-06;5.328791E-05;0.0000000
6892.00019836426;0.0000000;0.0000805;-8.969112E-06;5.384242E-05;0.0000000
6893.00012588501;0.0000000;0.0000210;-2.339768E-06;-5.103733E-06;0.0000000
6894.00053024292;0.0000000;-0.0000386;4.300717E-06;-3.138806E-05;0.0000000
6895.00045776367;0.0000000;-0.0000386;4.300717E-06;-1.223332E-05;0.0000000
6896.00038528442;0.0000000;0.0000209;-2.328626E-06;4.812102E-05;0.0000000
6897.00031280518;0.0000000;0.0000209;-2.328626E-06;1.87549E-05;0.0000000
6898.00024032593;0.0000000;0.0000209;-2.328626E-06;7.309614E-06;0.0000000
6899.00016784668;0.0000000;0.0000209;-2.328626E-06;2.848881E-06;0.0000000
6900.00009536743;0.0000000;0.0000209;-2.328626E-06;1.110335E-06;0.0000000
6901.00049972534;0.0000000;0.0000209;-2.328626E-06;4.327468E-07;0.0000000
6902.00042724609;0.0000000;0.0000209;-2.328626E-06;1.686606E-07;0.0000000
6903.00035476685;0.0000000;-0.0000386;4.300717E-06;-2.602278E-05;0.0000000
6904.0002822876;0.0000000;0.0000209;-2.328626E-06;3.164652E-05;0.0000000
6905.00020980835;0.0000000;0.0000209;-2.328626E-06;1.233405E-05;0.0000000
6906.0001373291;0.0000000;0.0000805;-8.969112E-06;4.666611E-05;0.0000000
6907.00054168701;0.0000000;0.0000210;-2.339768E-06;-1.895771E-05;0.0000000
6908.00046920776;0.0000000;-0.0000386;4.300717E-06;-3.061742E-05;0.0000000
6909.00039672852;0.0000000;-0.0000386;4.300717E-06;-1.193296E-05;0.0000000
6910.00032424927;0.0000000;-0.0000386;4.300717E-06;-4.650805E-06;0.0000000
6911.00025177002;0.0000000;-0.0000386;4.300717E-06;-1.812625E-06;0.0000000
6912.00017929077;0.0000000;0.0000209;-2.328626E-06;3.64391E-05;0.0000000
6913.00010681152;0.0000000;0.0000805;-8.969112E-06;6.717971E-05;0.0000000
6914.00051116943;0.0000000;0.0001401;-1.56096E-05;6.33909E-05;0.0000000
6915.00043869019;0.0000000;0.0000806;-8.980253E-06;-8.312031E-06;0.0000000
6916.00036621094;0.0000000;-0.0000386;4.300717E-06;-5.95421E-05;0.0000000
6917.00029373169;0.0000000;-0.0000982;1.09412E-05;-6.506518E-05;0.0000000
6918.00022125244;0.0000000;-0.0000387;4.311859E-06;-2.168997E-06;0.0000000
6919.00014877319;0.0000000;0.0000209;-2.328626E-06;4.101363E-05;0.0000000
6920.0005531311;0.0000000;0.0000209;-2.328626E-06;1.598483E-05;0.0000000
6921.00048065186;0.0000000;0.0000210;-2.339768E-06;-1.755359E-05;0.0000000
6922.00040817261;0.0000000;0.0000210;-2.339768E-06;-6.841414E-06;0.0000000
6923.00033569336;0.0000000;-0.0000386;4.300717E-06;-4.452539E-05;0.0000000
6924.00026321411;0.0000000;-0.0000386;4.300717E-06;-1.735352E-05;0.0000000
6925.00019073486;0.0000000;-0.0000386;4.300717E-06;-6.763434E-06;0.0000000
6926.00011825562;0.0000000;0.0000209;-2.328626E-06;3.038227E-05;0.0000000
6927.00052261353;0.0000000;0.0000209;-2.328626E-06;1.184132E-05;0.0000000
6928.00045013428;0.0000000;0.0000209;-2.328626E-06;4.615086E-06;0.0000000
6929.00037765503;0.0000000;0.0000209;-2.328626E-06;1.798704E-06;0.0000000
6930.00030517578;0.0000000;0.0000209;-2.328626E-06;7.010346E-07;0.0000000
6931.00023269653;0.0000000;-0.0000386;4.300717E-06;-3.274505E-05;0.0000000
6932.00016021729;0.0000000;-0.0000386;4.300717E-06;-1.27622E-05;0.0000000
6933.0005645752;0.0000000;-0.0000386;4.300717E-06;-4.973995E-06;0.0000000
6934.00049209595;0.0000000;-0.0000386;4.300717E-06;-1.938586E-06;0.0000000
6935.0004196167;0.0000000;0.0000209;-2.328626E-06;3.226272E-05;0.0000000
6936.00034713745;0.0000000;0.0000805;-8.969112E-06;3.870657E-05;0.0000000
6937.0002746582;0.0000000;0.0000210;-2.339768E-06;-3.780322E-05;0.0000000
6938.00020217896;0.0000000;0.0000210;-2.339768E-06;-1.473359E-05;0.0000000
6939.00012969971;0.0000000;-0.0000386;4.300717E-06;-3.88161E-05;0.0000000
6940.00053405762;0.0000000;-0.0000386;4.300717E-06;-1.512836E-05;0.0000000
6941.00046157837;0.0000000;0.0000209;-2.328626E-06;3.124937E-05;0.0000000
6942.00038909912;0.0000000;0.0000805;-8.969112E-06;5.403825E-05;0.0000000
6943.00031661987;0.0000000;0.0000210;-2.339768E-06;-3.182779E-05;0.0000000
6944.00024414063;0.0000000;0.0000210;-2.339768E-06;-1.24047E-05;0.0000000
6945.00017166138;0.0000000;-0.0000386;4.300717E-06;-3.096702E-05;0.0000000
6946.00009918213;0.0000000;-0.0000386;4.300717E-06;-1.206922E-05;0.0000000
6947.00050354004;0.0000000;-0.0000386;4.300717E-06;-4.703911E-06;0.0000000
6948.00043106079;0.0000000;0.0000209;-2.328626E-06;2.425519E-05;0.0000000
6949.00035858154;0.0000000;0.0000805;-8.969112E-06;5.25527E-05;0.0000000
6950.00028610229;0.0000000;0.0000210;-2.339768E-06;-3.240677E-05;0.0000000
6951.00021362305;0.0000000;0.0000210;-2.339768E-06;-1.263036E-05;0.0000000
6952.0001411438;0.0000000;0.0000210;-2.339768E-06;-4.92261E-06;0.0000000
6953.00054550171;0.0000000;0.0000210;-2.339768E-06;-1.91856E-06;0.0000000
6954.00047302246;0.0000000;-0.0000386;4.300717E-06;-2.68801E-05;0.0000000
6955.00040054321;0.0000000;-0.0000386;4.300717E-06;-1.047637E-05;0.0000000
6956.00032806396;0.0000000;-0.0000386;4.300717E-06;-4.083106E-06;0.0000000
6957.00025558472;0.0000000;-0.0000386;4.300717E-06;-1.591367E-06;0.0000000
6958.00018310547;0.0000000;0.0000209;-2.328626E-06;5.226867E-05;0.0000000
6959.00011062622;0.0000000;0.0000209;-2.328626E-06;2.037142E-05;0.0000000
6960.00051498413;0.0000000;0.0000805;-8.969112E-06;3.733855E-05;0.0000000
6961.00044250488;0.0000000;0.0000210;-2.339768E-06;-8.6373E-06;0.0000000
6962.00037002563;0.0000000;-0.0000386;4.300717E-06;-3.276525E-05;0.0000000
6963.00029754639;0.0000000;-0.0000386;4.300717E-06;-1.277007E-05;0.0000000
6964.00022506714;0.0000000;0.0000209;-2.328626E-06;2.437252E-05;0.0000000
6965.00015258789;0.0000000;0.0000805;-8.969112E-06;5.65904E-05;0.0000000
6966.0005569458;0.0000000;0.0000210;-2.339768E-06;-1.134001E-06;0.0000000
6967.00048446655;0.0000000;-0.0000386;4.300717E-06;-5.341975E-05;0.0000000
6968.0004119873;0.0000000;-0.0000386;4.300717E-06;-2.082004E-05;0.0000000
6969.00033950806;0.0000000;-0.0000386;4.300717E-06;-8.114494E-06;0.0000000
6970.00026702881;0.0000000;-0.0000386;4.300717E-06;-3.162578E-06;0.0000000
6971.00019454956;0.0000000;-0.0000386;4.300717E-06;-1.232597E-06;0.0000000
6972.00012207031;0.0000000;-0.0000386;4.300717E-06;-4.803977E-07;0.0000000
6973.00052642822;0.0000000;-0.0000386;4.300717E-06;-1.872323E-07;0.0000000
6974.00045394897;0.0000000;0.0000209;-2.328626E-06;2.92766E-05;0.0000000
6975.00038146973;0.0000000;0.0000209;-2.328626E-06;1.141039E-05;0.0000000
6976.00030899048;0.0000000;0.0000209;-2.328626E-06;4.447135E-06;0.0000000
6977.00023651123;0.0000000;-0.0000386;4.300717E-06;-3.128503E-05;0.0000000
6978.00016403198;0.0000000;-0.0000983;1.095234E-05;-3.135014E-05;0.0000000
6979.00056838989;0.0000000;-0.0000387;4.311859E-06;4.075924E-05;0.0000000
6980.00049591064;0.0000000;-0.0000387;4.311859E-06;1.588568E-05;0.0000000
6981.0004234314;0.0000000;0.0000209;-2.328626E-06;4.805034E-05;0.0000000
6982.00035095215;0.0000000;0.0000210;-2.339768E-06;1.242661E-07;0.0000000
6983.0002784729;0.0000000;0.0000210;-2.339768E-06;4.8432E-08;0.0000000
6984.00020599365;0.0000000;-0.0000386;4.300717E-06;-5.29589E-05;0.0000000
6985.0001335144;0.0000000;-0.0000386;4.300717E-06;-2.064043E-05;0.0000000
6986.00053787231;0.0000000;-0.0000386;4.300717E-06;-8.044492E-06;0.0000000
6987.00046539307;0.0000000;-0.0000386;4.300717E-06;-3.135295E-06;0.0000000
6988.00039291382;0.0000000;-0.0000386;4.300717E-06;-1.221964E-06;0.0000000
6989.00032043457;0.0000000;0.0000209;-2.328626E-06;3.254202E-05;0.0000000
6990.00024795532;0.0000000;0.0000209;-2.328626E-06;1.268307E-05;0.0000000
6991.00017547607;0.0000000;0.0000209;-2.328626E-06;4.943155E-06;0.0000000
6992.00010299683;0.0000000;0.0000209;-2.328626E-06;1.926567E-06;0.0000000
6993.00050735474;0.0000000;-0.0000386;4.300717E-06;-3.639469E-05;0.0000000
6994.00043487549;0.0000000;-0.0000387;4.311859E-06;-8.387095E-06;0.0000000
6995.00036239624;0.0000000;-0.0000387;4.311859E-06;-3.268823E-06;0.0000000
6996.00028991699;0.0000000;0.0000209;-2.328626E-06;2.81249E-05;0.0000000
6997.00021743774;0.0000000;0.0000805;-8.969112E-06;4.036042E-05;0.0000000
6998.0001449585;0.0000000;0.0000805;-8.969112E-06;1.573025E-05;0.0000000
6999.00054931641;0.0000000;0.0000210;-2.339768E-06;-2.68875E-05;0.0000000
7000.00047683716;0.0000000;-0.0000386;4.300717E-06;-4.355302E-05;0.0000000
7001.00040435791;0.0000000;-0.0000386;4.300717E-06;-1.697454E-05;0.0000000
7002.00033187866;0.0000000;0.0000209;-2.328626E-06;3.052983E-05;0.0000000
7003.00025939941;0.0000000;0.0000209;-2.328626E-06;1.189883E-05;0.0000000
7004.00018692017;0.0000000;-0.0000386;4.300717E-06;-2.838077E-05;0.0000000
7005.00011444092;0.0000000;-0.0000386;4.300717E-06;-1.106125E-05;0.0000000
7006.00051879883;0.0000000;0.0000209;-2.328626E-06;4.270129E-05;0.0000000
7007.00044631958;0.0000000;0.0000209;-2.328626E-06;1.664259E-05;0.0000000
7008.00037384033;0.0000000;0.0000209;-2.328626E-06;6.486354E-06;0.0000000
7009.00030136108;0.0000000;0.0000209;-2.328626E-06;2.52802E-06;0.0000000
7010.00022888184;0.0000000;0.0000209;-2.328626E-06;9.852815E-07;0.0000000
7011.00015640259;0.0000000;-0.0000386;4.300717E-06;-3.263427E-05;0.0000000
7012.0005607605;0.0000000;-0.0000386;4.300717E-06;-1.271902E-05;0.0000000
7013.00048828125;0.0000000;0.0000209;-2.328626E-06;2.806111E-05;0.0000000
7014.000415802;0.0000000;0.0000209;-2.328626E-06;1.093666E-05;0.0000000
7015.00034332275;0.0000000;0.0000209;-2.328626E-06;4.262501E-06;0.0000000
7016.00027084351;0.0000000;0.0000209;-2.328626E-06;3.136038E-05;0.0000000
7017.00019836426;0.0000000;0.0000209;-2.328626E-06;1.222253E-05;0.0000000
7018.00012588501;0.0000000;0.0000209;-2.328626E-06;4.763662E-06;0.0000000
7019.00053024292;0.0000000;0.0000209;-2.328626E-06;1.85661E-06;0.0000000
7020.00045776367;0.0000000;-0.0000386;4.300717E-06;-2.536491E-05;0.0000000
7021.00038528442;0.0000000;-0.0000386;4.300717E-06;-9.885831E-06;0.0000000
7022.00031280518;0.0000000;-0.0000386;4.300717E-06;-3.852947E-06;0.0000000
7023.00024032593;0.0000000;0.0000209;-2.328626E-06;2.784791E-05;0.0000000
7024.00016784668;0.0000000;0.0000805;-8.969112E-06;3.408232E-05;0.0000000
7025.00009536743;0.0000000;0.0000210;-2.339768E-06;-1.280512E-05;0.0000000
7026.00049972534;0.0000000;-0.0000386;4.300717E-06;-2.821948E-05;0.0000000
7027.00042724609;0.0000000;-0.0000386;4.300717E-06;-1.099838E-05;0.0000000
7028.00035476685;0.0000000;-0.0000386;4.300717E-06;-4.286557E-06;0.0000000
7029.0002822876;0.0000000;0.0000209;-2.328626E-06;2.441785E-05;0.0000000
7030.00020980835;0.0000000;0.0000209;-2.328626E-06;9.516719E-06;0.0000000
7031.0001373291;0.0000000;0.0000209;-2.328626E-06;3.709088E-06;0.0000000
7032.00054168701;0.0000000;-0.0000386;4.300717E-06;-3.569996E-05;0.0000000
7033.00046920776;0.0000000;-0.0000386;4.300717E-06;-1.391386E-05;0.0000000
7034.00039672852;0.0000000;0.0000209;-2.328626E-06;2.759542E-05;0.0000000
7035.00032424927;0.0000000;0.0000805;-8.969112E-06;4.382893E-05;0.0000000
7036.00025177002;0.0000000;0.0000210;-2.339768E-06;-1.59362E-05;0.0000000
7037.00017929077;0.0000000;0.0000210;-2.339768E-06;-6.211044E-06;0.0000000
7038.00010681152;0.0000000;-0.0000386;4.300717E-06;-3.962871E-05;0.0000000
7039.00051116943;0.0000000;-0.0000386;4.300717E-06;-1.544506E-05;0.0000000
7040.00043869019;0.0000000;0.0000209;-2.328626E-06;2.332995E-05;0.0000000
7041.00036621094;0.0000000;-0.0000386;4.300717E-06;-3.269604E-05;0.0000000
7042.00029373169;0.0000000;0.0000209;-2.328626E-06;3.426925E-05;0.0000000
7043.00022125244;0.0000000;-0.0000386;4.300717E-06;-1.966203E-05;0.0000000
7044.00014877319;0.0000000;-0.0000386;4.300717E-06;-7.663165E-06;0.0000000
7045.0005531311;0.0000000;0.0000209;-2.328626E-06;2.63629E-05;0.0000000
7046.00048065186;0.0000000;0.0000805;-8.969112E-06;3.350355E-05;0.0000000
7047.00040817261;0.0000000;0.0000805;-8.969112E-06;1.305782E-05;0.0000000
7048.00033569336;0.0000000;0.0000210;-2.339768E-06;-2.09993E-05;0.0000000
7049.00026321411;0.0000000;0.0000210;-2.339768E-06;-8.184358E-06;0.0000000
7050.00019073486;0.0000000;0.0000210;-2.339768E-06;-3.189807E-06;0.0000000
7051.00011825562;0.0000000;-0.0000386;4.300717E-06;-2.737557E-05;0.0000000
7052.00052261353;0.0000000;0.0000209;-2.328626E-06;3.111928E-05;0.0000000
7053.00045013428;0.0000000;0.0000805;-8.969112E-06;4.520233E-05;0.0000000
7054.00037765503;0.0000000;0.0000210;-2.339768E-06;-3.527154E-05;0.0000000
7055.00030517578;0.0000000;0.0000210;-2.339768E-06;-1.374688E-05;0.0000000
7056.00023269653;0.0000000;0.0000210;-2.339768E-06;-5.357771E-06;0.0000000
7057.00016021729;0.0000000;0.0000210;-2.339768E-06;-2.088161E-06;0.0000000
7058.0005645752;0.0000000;0.0000210;-2.339768E-06;-8.138488E-07;0.0000000
7059.00049209595;0.0000000;0.0000210;-2.339768E-06;-3.17193E-07;0.0000000
7060.0004196167;0.0000000;0.0000210;-2.339768E-06;-1.236242E-07;0.0000000
7061.00034713745;0.0000000;-0.0000386;4.300717E-06;-5.302596E-05;0.0000000
7062.0002746582;0.0000000;-0.0000386;4.300717E-06;-2.066657E-05;0.0000000
7063.00020217896;0.0000000;0.0000209;-2.328626E-06;2.12949E-05;0.0000000
7064.00012969971;0.0000000;0.0000805;-8.969112E-06;4.137333E-05;0.0000000
7065.00053405762;0.0000000;0.0000210;-2.339768E-06;-7.064766E-06;0.0000000
7066.00046157837;0.0000000;-0.0000386;4.300717E-06;-2.888581E-05;0.0000000
7067.00038909912;0.0000000;-0.0000386;4.300717E-06;-1.125808E-05;0.0000000
7068.00031661987;0.0000000;-0.0000386;4.300717E-06;-4.387774E-06;0.0000000
7069.00024414063;0.0000000;0.0000805;-8.969112E-06;7.473082E-05;0.0000000
7070.00017166138;0.0000000;0.0000805;-8.969112E-06;2.912591E-05;0.0000000
7071.00009918213;0.0000000;0.0000805;-8.969112E-06;1.135166E-05;0.0000000
7072.00050354004;0.0000000;-0.0000386;4.300717E-06;-7.464204E-05;0.0000000
7073.00043106079;0.0000000;-0.0000983;1.095234E-05;-6.515277E-05;0.0000000
7074.00035858154;0.0000000;-0.0000983;1.095234E-05;-2.539292E-05;0.0000000
7075.00028610229;0.0000000;0.0000209;-2.328626E-06;7.247994E-05;0.0000000
7076.00021362305;0.0000000;0.0000805;-8.969112E-06;5.80497E-05;0.0000000
7077.0001411438;0.0000000;0.0001401;-1.56096E-05;4.58533E-05;0.0000000
7078.00054550171;0.0000000;0.0000210;-2.339768E-06;-5.530881E-05;0.0000000
7079.00047302246;0.0000000;-0.0000386;4.300717E-06;-6.864765E-05;0.0000000
7080.00040054321;0.0000000;-0.0000386;4.300717E-06;-2.675503E-05;0.0000000
7081.00032806396;0.0000000;-0.0000386;4.300717E-06;-1.042762E-05;0.0000000
7082.00025558472;0.0000000;0.0000209;-2.328626E-06;2.895417E-05;0.0000000
7083.00018310547;0.0000000;0.0000209;-2.328626E-06;1.128472E-05;0.0000000
7084.00011062622;0.0000000;0.0000209;-2.328626E-06;4.398157E-06;0.0000000
7085.00051498413;0.0000000;-0.0000386;4.300717E-06;-3.54314E-05;0.0000000
7086.00044250488;0.0000000;-0.0000386;4.300717E-06;-1.380919E-05;0.0000000
7087.00037002563;0.0000000;0.0000209;-2.328626E-06;4.163029E-05;0.0000000
7088.00029754639;0.0000000;0.0000209;-2.328626E-06;1.622517E-05;0.0000000
7089.00022506714;0.0000000;0.0000209;-2.328626E-06;6.323669E-06;0.0000000
7090.00015258789;0.0000000;0.0000209;-2.328626E-06;2.464614E-06;0.0000000
7091.0005569458;0.0000000;0.0000209;-2.328626E-06;9.605693E-07;0.0000000
7092.00048446655;0.0000000;-0.0000386;4.300717E-06;-5.251452E-05;0.0000000
7093.0004119873;0.0000000;-0.0000386;4.300717E-06;-2.046723E-05;0.0000000
7094.00033950806;0.0000000;-0.0000386;4.300717E-06;-7.976988E-06;0.0000000
7095.00026702881;0.0000000;-0.0000387;4.311859E-06;1.450446E-05;0.0000000
7096.00019454956;0.0000000;-0.0000387;4.311859E-06;5.653032E-06;0.0000000
7097.00012207031;0.0000000;0.0000209;-2.328626E-06;4.929459E-05;0.0000000
7098.00052642822;0.0000000;0.0000805;-8.969112E-06;6.107127E-05;0.0000000
7099.00045394897;0.0000000;0.0000805;-8.969112E-06;2.380218E-05;0.0000000
7100.00038146973;0.0000000;0.0000210;-2.339768E-06;-2.37415E-05;0.0000000
7101.00030899048;0.0000000;-0.0000386;4.300717E-06;-3.865202E-05;0.0000000
7102.00023651123;0.0000000;-0.0000386;4.300717E-06;-1.506441E-05;0.0000000
7103.00016403198;0.0000000;-0.0000386;4.300717E-06;-5.871267E-06;0.0000000
7104.00056838989;0.0000000;0.0000805;-8.969112E-06;7.6778E-05;0.0000000
7105.00049591064;0.0000000;0.0000805;-8.969112E-06;2.992379E-05;0.0000000
7106.0004234314;0.0000000;0.0000805;-8.969112E-06;1.166263E-05;0.0000000
7107.00035095215;0.0000000;0.0000210;-2.339768E-06;-4.246691E-05;0.0000000
7108.0002784729;0.0000000;-0.0000386;4.300717E-06;-6.952901E-05;0.0000000
7109.00020599365;0.0000000;-0.0000386;4.300717E-06;-2.709854E-05;0.0000000
7110.0001335144;0.0000000;-0.0000386;4.300717E-06;-1.05615E-05;0.0000000
7111.00053787231;0.0000000;-0.0000386;4.300717E-06;-4.116286E-06;0.0000000
7112.00046539307;0.0000000;-0.0000386;4.300717E-06;-1.604299E-06;0.0000000
7113.00039291382;0.0000000;-0.0000386;4.300717E-06;-6.252665E-07;0.0000000
7114.00032043457;0.0000000;-0.0000386;4.300717E-06;-2.436941E-07;0.0000000
7115.00024795532;0.0000000;0.0000209;-2.328626E-06;2.92546E-05;0.0000000
7116.00017547607;0.0000000;0.0000209;-2.328626E-06;1.140182E-05;0.0000000
7117.00010299683;0.0000000;-0.0000386;4.300717E-06;-2.857448E-05;0.0000000
7118.00050735474;0.0000000;-0.0000386;4.300717E-06;-1.113674E-05;0.0000000
7119.00043487549;0.0000000;-0.0000386;4.300717E-06;-4.340482E-06;0.0000000
7120.00036239624;0.0000000;-0.0000386;4.300717E-06;-1.691678E-06;0.0000000
7121.00028991699;0.0000000;0.0000209;-2.328626E-06;2.869026E-05;0.0000000
7122.00021743774;0.0000000;0.0000209;-2.328626E-06;1.118187E-05;0.0000000
7123.0001449585;0.0000000;-0.0000386;4.300717E-06;-2.499151E-05;0.0000000
7124.00054931641;0.0000000;-0.0000386;4.300717E-06;-9.740299E-06;0.0000000
7125.00047683716;0.0000000;-0.0000386;4.300717E-06;-3.796226E-06;0.0000000
7126.00040435791;0.0000000;-0.0000386;4.300717E-06;-1.479558E-06;0.0000000
7127.00033187866;0.0000000;-0.0000386;4.300717E-06;-1.823942E-05;0.0000000
7128.00025939941;0.0000000;-0.0000386;4.300717E-06;-7.108711E-06;0.0000000
7129.00018692017;0.0000000;0.0000209;-2.328626E-06;2.657899E-05;0.0000000
7130.00011444092;0.0000000;0.0000209;-2.328626E-06;1.035901E-05;0.0000000
7131.00051879883;0.0000000;0.0000209;-2.328626E-06;4.037366E-06;0.0000000
7132.00044631958;0.0000000;0.0000209;-2.328626E-06;1.573541E-06;0.0000000
7133.00037384033;0.0000000;0.0000209;-2.328626E-06;6.132786E-07;0.0000000
7134.00030136108;0.0000000;-0.0000386;4.300717E-06;-4.154973E-05;0.0000000
7135.00022888184;0.0000000;-0.0000386;4.300717E-06;-1.619377E-05;0.0000000
7136.00015640259;0.0000000;0.0000209;-2.328626E-06;3.083413E-05;0.0000000
7137.0005607605;0.0000000;0.0000209;-2.328626E-06;1.201743E-05;0.0000000
7138.00048828125;0.0000000;0.0000209;-2.328626E-06;4.683724E-06;0.0000000
7139.000415802;0.0000000;0.0000209;-2.328626E-06;1.825455E-06;0.0000000
7140.00034332275;0.0000000;0.0000209;-2.328626E-06;7.114606E-07;0.0000000
7141.00027084351;0.0000000;0.0000209;-2.328626E-06;2.772877E-07;0.0000000
7142.00019836426;0.0000000;0.0000209;-2.328626E-06;1.080713E-07;0.0000000
7143.00012588501;0.0000000;-0.0000386;4.300717E-06;-2.930746E-05;0.0000000
7144.00053024292;0.0000000;-0.0000386;4.300717E-06;-1.142242E-05;0.0000000
7145.00045776367;0.0000000;-0.0000386;4.300717E-06;-4.451822E-06;0.0000000
7146.00038528442;0.0000000;-0.0000386;4.300717E-06;-1.735073E-06;0.0000000
7147.00031280518;0.0000000;0.0000209;-2.328626E-06;3.977348E-05;0.0000000
7148.00024032593;0.0000000;0.0000209;-2.328626E-06;1.550149E-05;0.0000000
7149.00016784668;0.0000000;-0.0000386;4.300717E-06;-3.110394E-05;0.0000000
7150.00057220459;0.0000000;-0.0000386;4.300717E-06;-1.212258E-05;0.0000000
7151.00049972534;0.0000000;-0.0000386;4.300717E-06;-4.724709E-06;0.0000000
7152.00042724609;0.0000000;-0.0000386;4.300717E-06;-1.841429E-06;0.0000000
7153.00035476685;0.0000000;0.0000805;-8.969112E-06;7.83486E-05;0.0000000
7154.0002822876;0.0000000;0.0000210;-2.339768E-06;7.346136E-06;0.0000000
7155.00020980835;0.0000000;0.0000210;-2.339768E-06;2.863115E-06;0.0000000
7156.0001373291;0.0000000;-0.0000386;4.300717E-06;-5.186189E-05;0.0000000
7157.00054168701;0.0000000;-0.0000386;4.300717E-06;-2.021288E-05;0.0000000
7158.00046920776;0.0000000;-0.0000386;4.300717E-06;-7.877856E-06;0.0000000
7159.00039672852;0.0000000;0.0000209;-2.328626E-06;2.301816E-05;0.0000000
7160.00032424927;0.0000000;0.0000209;-2.328626E-06;8.971198E-06;0.0000000
7161.00025177002;0.0000000;0.0000209;-2.328626E-06;3.496473E-06;0.0000000
7162.00017929077;0.0000000;-0.0000386;4.300717E-06;-4.042602E-05;0.0000000
7163.00010681152;0.0000000;0.0000209;-2.328626E-06;2.138975E-05;0.0000000
7164.00051116943;0.0000000;0.0000209;-2.328626E-06;8.336533E-06;0.0000000
7165.00043869019;0.0000000;0.0000209;-2.328626E-06;3.249116E-06;0.0000000
7166.00036621094;0.0000000;0.0000209;-2.328626E-06;1.266324E-06;0.0000000
7167.00029373169;0.0000000;0.0000209;-2.328626E-06;4.935429E-07;0.0000000
7168.00022125244;0.0000000;0.0000209;-2.328626E-06;1.923556E-07;0.0000000
7169.00014877319;0.0000000;0.0000209;-2.328626E-06;7.49695E-08;0.0000000
7170.0005531311;0.0000000;0.0000209;-2.328626E-06;2.921894E-08;0.0000000
7171.00048065186;0.0000000;0.0000209;-2.328626E-06;1.138792E-08;0.0000000
7172.00040817261;0.0000000;-0.0000386;4.300717E-06;-4.700791E-05;0.0000000
7173.00033569336;0.0000000;-0.0000386;4.300717E-06;-1.832107E-05;0.0000000
7174.00026321411;0.0000000;0.0000209;-2.328626E-06;1.604926E-05;0.0000000
7175.00019073486;0.0000000;0.0000209;-2.328626E-06;6.255107E-06;0.0000000
7176.00011825562;0.0000000;-0.0000386;4.300717E-06;-4.457446E-05;0.0000000
7177.00052261353;0.0000000;-0.0000386;4.300717E-06;-1.737264E-05;0.0000000
7178.00045013428;0.0000000;-0.0000386;4.300717E-06;-6.770889E-06;0.0000000
7179.00037765503;0.0000000;-0.0000386;4.300717E-06;-2.646147E-05;0.0000000
7180.00030517578;0.0000000;-0.0000386;4.300717E-06;-1.031321E-05;0.0000000
7181.00023269653;0.0000000;-0.0000386;4.300717E-06;-4.019515E-06;0.0000000
7182.00016021729;0.0000000;-0.0000386;4.300717E-06;-2.016555E-05;0.0000000
7183.0005645752;0.0000000;-0.0000386;4.300717E-06;-7.859408E-06;0.0000000
7184.00049209595;0.0000000;-0.0000386;4.300717E-06;-3.06316E-06;0.0000000
7185.0004196167;0.0000000;0.0000209;-2.328626E-06;5.169504E-05;0.0000000
7186.00034713745;0.0000000;0.0000209;-2.328626E-06;2.014785E-05;0.0000000
7187.0002746582;0.0000000;0.0000209;-2.328626E-06;7.852511E-06;0.0000000
7188.00020217896;0.0000000;0.0000209;-2.328626E-06;3.060471E-06;0.0000000
7189.00012969971;0.0000000;0.0000209;-2.328626E-06;1.192802E-06;0.0000000
7190.00053405762;0.0000000;0.0000209;-2.328626E-06;4.648876E-07;0.0000000
7191.00046157837;0.0000000;0.0000209;-2.328626E-06;1.811873E-07;0.0000000
7192.00038909912;0.0000000;0.0000209;-2.328626E-06;7.061674E-08;0.0000000
7193.00031661987;0.0000000;-0.0000386;4.300717E-06;-3.711804E-05;0.0000000
7194.00024414063;0.0000000;-0.0000386;4.300717E-06;-1.446654E-05;0.0000000
7195.00017166138;0.0000000;-0.0000386;4.300717E-06;-5.638254E-06;0.0000000
7196.00057601929;0.0000000;0.0000209;-2.328626E-06;3.959128E-05;0.0000000
7197.00050354004;0.0000000;0.0000209;-2.328626E-06;1.543048E-05;0.0000000
7198.00043106079;0.0000000;0.0000209;-2.328626E-06;6.013942E-06;0.0000000
7199.00035858154;0.0000000;0.0000209;-2.328626E-06;2.3439E-06;0.0000000
7200.00028610229;0.0000000;-0.0000386;4.300717E-06;-4.087523E-05;0.0000000
7201.00021362305;0.0000000;-0.0000386;4.300717E-06;-1.593089E-05;0.0000000
7202.0001411438;0.0000000;-0.0000386;4.300717E-06;-6.208974E-06;0.0000000
7203.00054550171;0.0000000;0.0000209;-2.328626E-06;2.692966E-05;0.0000000
7204.00047302246;0.0000000;0.0000209;-2.328626E-06;1.049568E-05;0.0000000
7205.00040054321;0.0000000;0.0000209;-2.328626E-06;4.090633E-06;0.0000000
7206.00032806396;0.0000000;0.0000209;-2.328626E-06;1.594301E-06;0.0000000
7207.00025558472;0.0000000;0.0000209;-2.328626E-06;6.213697E-07;0.0000000
7208.00018310547;0.0000000;0.0000209;-2.328626E-06;2.421753E-07;0.0000000
7209.00011062622;0.0000000;-0.0000386;4.300717E-06;-2.30954E-05;0.0000000
7210.00051498413;0.0000000;-0.0000386;4.300717E-06;-9.001303E-06;0.0000000
7211.00044250488;0.0000000;0.0000209;-2.328626E-06;1.968158E-05;0.0000000
7212.00037002563;0.0000000;0.0000209;-2.328626E-06;7.670786E-06;0.0000000
7213.00029754639;0.0000000;-0.0000386;4.300717E-06;-2.635993E-05;0.0000000
7214.00022506714;0.0000000;0.0000209;-2.328626E-06;2.274464E-05;0.0000000
7215.00015258789;0.0000000;0.0000209;-2.328626E-06;8.864594E-06;0.0000000
7216.0005569458;0.0000000;0.0000209;-2.328626E-06;3.454925E-06;0.0000000
7217.00048446655;0.0000000;0.0000209;-2.328626E-06;1.346538E-06;0.0000000
7218.0004119873;0.0000000;0.0000209;-2.328626E-06;5.248055E-07;0.0000000
7219.00033950806;0.0000000;-0.0000386;4.300717E-06;-2.588398E-05;0.0000000
7220.00026702881;0.0000000;-0.0000982;1.09412E-05;-5.194712E-05;0.0010000
7221.00019454956;0.0000096;-0.0000982;-5.732512E-05;-2.02461E-05;0.0010000
7222.00012207031;-0.0000630;-0.0000982;0.0004280755;-7.890801E-06;0.0010000
7223.00052642822;0.0009175;0.0003785;0.0007947545;0.0003306411;0.0010000
7224.00045394897;0.0010109;0.0010342;-9.211436E-05;0.0005239457;0.0010000
7225.00038146973;0.0010000;0.0010938;-1.045097E-05;0.0002336038;0.0010000
7226.00030899048;0.0010000;0.0009747;2.818864E-06;2.165642E-06;0.0010000
7227.00023651123;0.0010000;0.0007362;2.939194E-05;-0.0001357026;0.0010000
7228.00016403198;0.0010000;0.0005573;4.932454E-05;-0.0001435443;0.0010000
7229.00056838989;0.0010000;0.0004978;5.595389E-05;-8.203408E-05;0.0010000
7230.00049591064;0.0010000;0.0006169;4.268406E-05;4.419525E-05;0.0010000
7231.0004234314;0.0010000;0.0007361;2.940309E-05;0.0001074106;0.0020000
7232.00035095215;0.0010096;0.0007959;-4.552601E-05;7.799436E-05;0.0020000
7233.0002784729;0.0009370;0.0007959;0.0004398747;3.039786E-05;0.0020000
7234.00020599365;0.0019175;0.0010938;0.0008264751;0.0002203331;0.0020000
7235.0001335144;0.0020109;0.0016302;-4.710168E-05;0.0003685759;0.0020000
7236.00053787231;0.0020000;0.0017494;2.792123E-05;0.0001901079;0.0030000
7237.00046539307;0.0020096;0.0015707;-2.043478E-05;-4.617776E-05;0.0030000
7238.00039291382;0.0019370;0.0013919;0.0004848873;-0.000133448;0.0030000
7239.00032043457;0.0029175;0.0016898;0.0008714878;0.0001700272;0.0030000
7240.00024795532;0.0030109;0.0022859;-8.740622E-06;0.0004162149;0.0030000
7241.00017547607;0.0030000;0.0025243;5.300132E-05;0.000293912;0.0040000
7242.00057983398;0.0030096;0.0025243;-1.5265E-05;0.0001145506;0.0040000
7243.00050735474;0.0029370;0.0023456;0.000490046;-8.32096E-05;0.0040000
7244.00043487549;0.0039175;0.0025839;0.0008832869;0.0001355862;0.0050000
7245.00036239624;0.0040205;0.0030607;-5.191569E-05;0.0003140648;0.0050000
7246.00028991699;0.0039370;0.0031799;0.0005085078;0.0001717661;0.0050000
7247.00021743774;0.0049175;0.0037760;0.0008618836;0.0004663652;0.0050000
7248.0001449585;0.0050109;0.0043124;-1.169318E-05;0.0005021321;0.0060000
7249.00054931641;0.0050096;0.0044912;-1.157709E-05;0.0002921556;0.0060000
7250.00047683716;0.0049370;0.0043721;0.0004870934;4.881722E-05;0.0070000
7251.00040435791;0.0059271;0.0046701;0.0008054163;0.0002470393;0.0070000
7252.00033187866;0.0059479;0.0051469;0.0004238809;0.0003807891;0.0080000
7253.00025939941;0.0069271;0.0058025;0.0007906646;0.0005766574;0.0080000
7254.00018692017;0.0069479;0.0063390;0.0004024776;0.0005265265;0.0080000
7255.00011444092;0.0079175;0.0068754;0.0008508087;0.0005263508;0.0090000
7256.00051879883;0.0080205;0.0074715;-9.768601E-05;0.0005441381;0.0090000
7257.00044631958;0.0079370;0.0074715;0.0004760185;0.0002120748;0.0100000
7258.00037384033;0.0089271;0.0077695;0.0007943414;0.0002995158;0.0110000
7259.00030136108;0.0089575;0.0081867;0.0003511801;0.0003647473;0.0110000
7260.00022888184;0.0098545;0.0086636;0.001291541;0.000448925;0.0110000
7261.00015640259;0.0109284;0.0097365;0.0007779808;0.0008284661;0.0120000
7262.0005607605;0.0110205;0.0105113;-0.0001021204;0.0007570153;0.0120000
7263.00048828125;0.0109370;0.0106305;0.0004583031;0.0003444035;0.0130000
7264.000415802;0.0119271;0.0109285;0.0007766261;0.0003394978;0.0130000
7265.00034332275;0.0119479;0.0112862;0.0004083604;0.0003203535;0.0140000
7266.00027084351;0.0129271;0.0118226;0.0007884252;0.0004635713;0.0150000
7267.00019836426;0.0129575;0.0123591;0.0003319717;0.000507886;0.0160000
7268.00012588501;0.0138641;0.0127763;0.001210718;0.0004693617;0.0160000
7269.00053024292;0.0148654;0.0137896;0.001189199;0.0008044866;0.0170000
7270.00045776367;0.0159380;0.0152201;0.000655833;0.001195677;0.0170000
7271.00038528442;0.0159479;0.0158757;0.0003426798;0.0008350459;0.0180000
7272.00031280518;0.0169271;0.0164122;0.0007227334;0.0006513009;0.0200000
7273.00024032593;0.0169671;0.0167698;0.0002179462;0.000449974;0.0200000
7274.00016784668;0.0177915;0.0171274;0.001657;0.0004307175;0.0210000
7275.00057220459;0.0198555;0.0184387;0.001468403;0.001019981;0.0210000
7276.00049972534;0.0199588;0.0197500;0.0002683811;0.00114852;0.0230000
7277.00042724609;0.0209367;0.0206441;0.0006286294;0.0009953137;0.0230000
7278.00035476685;0.0208849;0.0211805;0.000725854;0.0006933314;0.0250000
7279.0002822876;0.0228542;0.0221342;0.00141095;0.0008917949;0.0250000
7280.00020980835;0.0228958;0.0232071;0.0006345866;0.0009590182;0.0270000
7281.0001373291;0.0248542;0.0243992;0.001381424;0.001160533;0.0270000
7282.00054168701;0.0248958;0.0254125;0.0006117014;0.001056319;0.0280000
7283.00046920776;0.0268446;0.0264854;0.001440086;0.001138037;0.0280000
7284.00039672852;0.0269588;0.0273794;0.0001982549;0.0009515466;0.0290000
7285.00032424927;0.0279271;0.0279755;0.0006599719;0.0007400214;0.0320000
7286.00025177002;0.0279767;0.0282735;9.355891E-05;0.000437461;0.0320000
7287.00017929077;0.0287285;0.0283927;0.002044576;0.0002653347;0.0340000
7288.00058364868;0.0317827;0.0301808;0.002154391;0.001254309;0.0340000
7289.00051116943;0.0319066;0.0320882;0.0005595193;0.001583503;0.0360000
7290.00043869019;0.0338542;0.0335783;0.001361469;0.00155709;0.0360000
7291.00036621094;0.0338958;0.0346512;0.0005851061;0.001220939;0.0370000
7292.00029373169;0.0358446;0.0357241;0.001413491;0.001172103;0.0400000
7293.00022125244;0.0359876;0.0366181;-3.313944E-05;0.0009570144;0.0400000
7294.00014877319;0.0367285;0.0368566;0.001992889;0.0005521895;0.0410000
7295.0005531311;0.0397730;0.0385255;0.002184241;0.001299517;0.0420000
7296.00048065186;0.0399793;0.0401944;6.22972E-05;0.001448373;0.0450000
7297.00040817261;0.0408833;0.0409097;0.0009479049;0.0009961226;0.0450000
7298.00033569336;0.0417393;0.0418037;0.001910468;0.0009578899;0.0480000
7299.00026321411;0.0447923;0.0437707;0.0020204;0.001642353;0.0480000
7300.00019073486;0.0448436;0.0454396;0.0009375014;0.001591007;0.0490000
7301.00011825562;0.0477621;0.0472278;0.002194296;0.001786313;0.0500000
7302.00052261353;0.0479793;0.0487775;-2.670364E-06;0.001573347;0.0520000
7303.00045013428;0.0488737;0.0492543;0.0009777768;0.0009078478;0.0530000
7304.00037765503;0.0498120;0.0499100;0.001413235;0.0007562556;0.0550000
7305.00030517578;0.0518021;0.0511021;0.001743357;0.001031854;0.0580000
7306.00023269653;0.0528421;0.0525326;0.001230447;0.001247602;0.0580000
7307.00016021729;0.0546569;0.0540227;0.002723005;0.001429888;0.0610000
7308.0005645752;0.0578032;0.0567049;0.001939427;0.002251315;0.0610000
7309.00049209595;0.0578436;0.0586719;0.0009116191;0.002019208;0.0630000
7310.0004196167;0.0607718;0.0605196;0.002093529;0.001971419;0.0650000
7311.00034713745;0.0609259;0.0620097;0.0003203264;0.001592987;0.0660000
7312.0002746582;0.0627186;0.0627250;0.002248372;0.001102145;0.0680000
7313.00020217896;0.0648130;0.0642151;0.001642463;0.001371239;0.0700000
7314.00012969971;0.0658325;0.0657052;0.001279483;0.001427644;0.0720000
7315.00053405762;0.0677391;0.0671357;0.002156748;0.001454996;0.0730000
7316.00046157837;0.0697404;0.0691027;0.002140387;0.001781437;0.0770000
7317.00038909912;0.0718322;0.0713080;0.001495579;0.002037031;0.0770000
7318.00031661987;0.0726872;0.0729770;0.00221999;0.001783679;0.0790000
7319.00024414063;0.0767002;0.0755400;0.002839878;0.00230345;0.0830000
7320.00017166138;0.0769560;0.0775665;0.0001448702;0.002000437;0.0830000
7321.00057601929;0.0785829;0.0784606;0.003179642;0.001362031;0.0870000
7322.00050354004;0.0827303;0.0810832;0.002665938;0.00221148;0.0870000
7323.00043106079;0.0827915;0.0832290;0.001289797;0.002077186;0.0910000
7324.00035858154;0.0867085;0.0856132;0.002783494;0.002357023;0.0910000
7325.00028610229;0.0867915;0.0874609;0.001263959;0.001966426;0.0960000
7326.00021362305;0.0907181;0.0897259;0.002702671;0.002231922;0.0960000
7327.0001411438;0.0907285;0.0914544;0.001681817;0.001847581;0.0980000
7328.00054550171;0.0956068;0.0941366;0.003698637;0.002474288;0.1000000
7329.00047302246;0.0959477;0.0965804;0.0001915503;0.002323848;0.1020000
7330.00040054321;0.0977282;0.0975341;0.002200663;0.001496487;0.1050000
7331.00032806396;0.0997596;0.0990242;0.0020126;0.001509481;0.1090000
7332.00025558472;0.1017062;0.1008720;0.002378426;0.001727755;0.1090000
7333.00018310547;0.1045222;0.1032561;0.003862745;0.002188886;0.1120000
7334.00011062622;0.1087316;0.1070708;0.002647281;0.003232676;0.1140000
7335.00051498413;0.1088737;0.1095146;0.0007043084;0.002616943;0.1190000
7336.00044250488;0.1116746;0.1112432;0.002753794;0.002094478;0.1190000
7337.00037002563;0.1135526;0.1135677;0.003319932;0.002247056;0.1240000
7338.00029754639;0.1186574;0.1172632;0.003303125;0.003191893;0.1240000
7339.00022506714;0.1187394;0.1197666;0.001558728;0.002621986;0.1300000
7340.00015258789;0.1236452;0.1223892;0.003397428;0.002714521;0.1300000
7341.0005569458;0.1236764;0.1246542;0.001988387;0.00234507;0.1350000
7342.00048446655;0.1295531;0.1281113;0.004222165;0.003177627;0.1350000
7343.0004119873;0.1297503;0.1312107;0.001420944;0.002991131;0.1410000
7344.00033950806;0.1346452;0.1340121;0.003328026;0.002949897;0.1410000
7345.00026702881;0.1346764;0.1360387;0.001945547;0.002284516;0.1460000
7346.00019454956;0.1405531;0.1391381;0.004219179;0.002916462;0.1460000
7347.00012207031;0.1407503;0.1420588;0.001437869;0.002757369;0.1520000
7348.00052642822;0.1456452;0.1449198;0.003338309;0.002918456;0.1520000
7349.00045394897;0.1456764;0.1469463;0.001955842;0.002274169;0.1550000
7350.00038146973;0.1515339;0.1501054;0.004359355;0.002961329;0.1610000
7351.00030899048;0.1519340;0.1531452;0.000184387;0.002860837;0.1610000
7352.00023651123;0.1543744;0.1545757;0.004726595;0.002052396;0.1680000
7353.00016403198;0.1606050;0.1589865;0.003834626;0.003626913;0.1680000
7354.00056838989;0.1606242;0.1622647;0.002249185;0.003285865;0.1710000
7355.00049591064;0.1674514;0.1665563;0.005034626;0.004077095;0.1740000
7356.0004234314;0.1679160;0.1703114;0.0001709364;0.003683508;0.1770000
7357.00035095215;0.1705923;0.1718015;0.003133829;0.002365727;0.1810000
7358.0002784729;0.1736346;0.1740069;0.002889183;0.002298722;0.1840000
7359.00020599365;0.1765620;0.1765699;0.003424154;0.002486444;0.1870000
7360.0001335144;0.1805425;0.1798481;0.003812068;0.003009613;0.1910000
7361.00053787231;0.1836455;0.1835436;0.002852499;0.003408482;0.1940000
7362.00046539307;0.1865620;0.1870007;0.003375275;0.003436972;0.1980000
7363.00039291382;0.1905521;0.1906962;0.003649309;0.00360609;0.2010000
7364.00032043457;0.1935729;0.1945108;0.003230137;0.003690025;0.2050000
7365.00024795532;0.1975521;0.1981467;0.003599115;0.003680789;0.2080000
7366.00017547607;0.2005729;0.2014846;0.003233056;0.003453837;0.2120000
7367.00057983398;0.2045521;0.2047628;0.003641889;0.003366768;0.2160000
7368.00050735474;0.2075825;0.2080411;0.003214203;0.00328353;0.2190000
7369.00043487549;0.2114795;0.2113790;0.004170051;0.003340301;0.2230000
7370.00036239624;0.2155630;0.2151937;0.003616993;0.003629823;0.2270000
7371.00028991699;0.2185825;0.2188891;0.003231139;0.003662416;0.2310000
7372.00021743774;0.2224891;0.2224058;0.004098799;0.003622242;0.2390000
7373.0001449585;0.2265385;0.2263397;0.003744806;0.003846175;0.2390000
7374.00054931641;0.2302095;0.2305121;0.005940243;0.004095018;0.2470000
7375.00047683716;0.2384606;0.2372474;0.005100016;0.005819729;0.2470000
7376.00040435791;0.2385830;0.2416581;0.002334463;0.004713532;0.2550000
7377.00033187866;0.2464170;0.2460689;0.0053617;0.004688885;0.2550000
7378.00025939941;0.2465830;0.2495259;0.002349193;0.003778835;0.2630000
7379.00018692017;0.2544170;0.2536983;0.005402992;0.004207447;0.2630000
7380.00011444092;0.2545830;0.2570361;0.002403765;0.003486799;0.2670000
7381.00051879883;0.2623785;0.2611488;0.00573727;0.004062019;0.2720000
7382.00044631958;0.2628831;0.2646059;0.000441839;0.003483731;0.2800000
7383.00037384033;0.2664319;0.2663344;0.004515746;0.002472721;0.2800000
7384.00030136108;0.2711270;0.2700299;0.006830895;0.003390103;0.2890000
7385.00022888184;0.2794811;0.2771825;0.005062093;0.005785524;0.2890000
7386.00015640259;0.2795200;0.2819509;0.002830392;0.004920223;0.2980000
7387.0005607605;0.2883441;0.2871961;0.006116188;0.005309964;0.2980000
7388.00048828125;0.2885309;0.2914876;0.002682291;0.004477543;0.3030000
7389.000415802;0.2973057;0.2966732;0.006336096;0.005104337;0.3120000
7390.00034332275;0.2978695;0.3008455;0.0003595019;0.00427345;0.3120000
7391.00027084351;0.3020204;0.3025145;0.007435834;0.002798994;0.3170000
7392.00019836426;0.3113601;0.3091306;0.006066439;0.005303784;0.3260000
7393.00012588501;0.3118695;0.3140778;0.0004450371;0.004800069;0.3260000
7394.00053024292;0.3160204;0.3165216;0.007435043;0.003488502;0.3360000
7395.00045776367;0.3254082;0.3234357;0.005691125;0.005758707;0.3360000
7396.00038528442;0.3254679;0.3283233;0.003117731;0.00501724;0.3460000
7397.00031280518;0.3352712;0.3338665;0.006810155;0.005564032;0.3460000
7398.00024032593;0.3354788;0.3384561;0.003014629;0.00474623;0.3560000
7399.00016784668;0.3452712;0.3439397;0.006801999;0.005453931;0.3560000
7400.00057220459;0.3454788;0.3485293;0.003006474;0.004708834;0.3610000
7401.00049972534;0.3552232;0.3540129;0.007135174;0.005410962;0.3720000
7402.00042724609;0.3558996;0.3586024;0.0001617511;0.004620416;0.3720000
7403.00035476685;0.3598943;0.3605098;0.008270614;0.003097621;0.3770000
7404.0002822876;0.3711952;0.3685564;0.007581443;0.006401394;0.3820000
7405.00020980835;0.3718528;0.3751129;0.000426156;0.006146215;0.3880000
7406.0001373291;0.3763301;0.3778547;0.005208388;0.004098353;0.3930000
7407.00054168701;0.3813120;0.3816694;0.005384333;0.003981247;0.3980000
7408.00046920776;0.3872925;0.3868550;0.005783445;0.004788372;0.4040000
7409.00039672852;0.3923955;0.3925175;0.004827552;0.005313995;0.4100000
7410.00032424927;0.3973216;0.3975839;0.005325593;0.00514215;0.4150000
7411.00025177002;0.4032295;0.4028887;0.006196825;0.005276085;0.4210000
7412.00017929077;0.4093130;0.4088492;0.005627521;0.005718637;0.4270000
7413.00058364868;0.4143325;0.4145712;0.005238704;0.005684665;0.4320000
7414.00051116943;0.4202295;0.4201144;0.006171678;0.005597871;0.4380000
7415.00043869019;0.4263130;0.4256577;0.005648858;0.005558237;0.4500000
7416.00036621094;0.4313902;0.4307837;0.004916858;0.005238674;0.4500000
7417.00029373169;0.4368033;0.4357905;0.009163299;0.005201295;0.4560000
7418.00022125244;0.4491332;0.4456252;0.008254133;0.00825671;0.4620000
7419.00014877319;0.4498103;0.4527778;0.0007240559;0.007190512;0.4680000
7420.0005531311;0.4551846;0.4557580;0.006473222;0.004680842;0.4740000
7421.00048065186;0.4612500;0.4603476;0.006100543;0.004690292;0.4800000
7422.00040817261;0.4672500;0.4659504;0.006144798;0.005258741;0.4860000
7423.00033569336;0.4732500;0.4718513;0.006155839;0.005639902;0.4920000
7424.00026321411;0.4792500;0.4777521;0.006166892;0.005785265;0.4990000
7425.00019073486;0.4852596;0.4837126;0.006103027;0.005894589;0.5110000
7426.00011825562;0.4912447;0.4899711;0.006150039;0.006124497;0.5110000
7427.00052261353;0.4977317;0.4969448;0.009783312;0.006743419;0.5180000
7428.00045013428;0.5101537;0.5080313;0.0079409;0.009550313;0.5240000
7429.00037765503;0.5107473;0.5150050;0.001004458;0.007549732;0.5310000
7430.00030517578;0.5171118;0.5182237;0.007078589;0.00502137;0.5380000
7431.00023269653;0.5232075;0.5233497;0.006249456;0.005141265;0.5440000
7432.00016021729;0.5301045;0.5296678;0.00720751;0.005916071;0.5510000
7433.0005645752;0.5371880;0.5365819;0.006643377;0.00651948;0.5580000
7434.00049209595;0.5432075;0.5430788;0.006279639;0.006450759;0.5640000
7435.0004196167;0.5501045;0.5494565;0.007231052;0.00643801;0.5710000
7436.00034713745;0.5571880;0.5566687;0.006633706;0.006942805;0.5780000
7437.0002746582;0.5632075;0.5636424;0.006216844;0.006934079;0.5850000
7438.00020217896;0.5701141;0.5701989;0.00708007;0.006704361;0.5920000
7439.00012969971;0.5771250;0.5767554;0.00704118;0.006615013;0.5990000
7440.00053405762;0.5841250;0.5833716;0.007083942;0.006620961;0.6060000
7441.00046157837;0.5911250;0.5902857;0.007093512;0.006805515;0.6130000
7442.00038909912;0.5981250;0.5974382;0.007076521;0.007028328;0.6210000
7443.00031661987;0.6051346;0.6045908;0.006991253;0.007110039;0.6280000
7444.00024414063;0.6120620;0.6115049;0.007486223;0.006992717;0.6350000
7445.00017166138;0.6200425;0.6188363;0.007869092;0.007232165;0.6430000
7446.00057601929;0.6271455;0.6264061;0.006923527;0.00742025;0.6500000
7447.00050354004;0.6340620;0.6336779;0.007466948;0.007314456;0.6580000
7448.00043106079;0.6420521;0.6411285;0.00776827;0.007411314;0.6650000
7449.00035858154;0.6490729;0.6486386;0.007383023;0.007455383;0.6730000
7450.00028610229;0.6570521;0.6562084;0.007759368;0.007540074;0.6800000
7451.00021362305;0.6640729;0.6637186;0.00737411;0.007509176;0.6960000
7452.0001411438;0.6721290;0.6712884;0.007204334;0.007569192;0.6960000
7453.00054550171;0.6785014;0.6786794;0.01119338;0.007530889;0.7040000
7454.00047302246;0.6948333;0.6917328;0.01091934;0.01118034;0.7110000
7455.00040054321;0.6957375;0.7012099;0.0008658649;0.009601501;0.7190000
7456.00032806396;0.7029759;0.7053823;0.008023877;0.006368794;0.7270000
7457.00025558472;0.7100825;0.7112235;0.007138171;0.006123308;0.7350000
7458.00018310547;0.7179891;0.7180780;0.008079614;0.006616304;0.7430000
7459.00058746338;0.7260000;0.7258267;0.008019309;0.007297951;0.7520000
7460.00051498413;0.7340096;0.7335753;0.007979052;0.007556026;0.7600000
7461.00044250488;0.7419370;0.7414431;0.008479182;0.007775825;0.7680000
7462.00037002563;0.7509175;0.7502646;0.008807445;0.008466839;0.7760000
7463.00029754639;0.7590109;0.7596821;0.007835697;0.009030794;0.7850000
7464.00022506714;0.7670096;0.7683844;0.007777486;0.008804884;0.7930000
7465.00015258789;0.7749370;0.7761926;0.008284257;0.008167657;0.8100000
7466.0005569458;0.7840040;0.7840604;0.008104393;0.007979793;0.8100000
7467.00048446655;0.7913668;0.7919878;0.01221336;0.008045933;0.8190000
7468.0004119873;0.8087714;0.8056969;0.01149229;0.01182197;0.8270000
7469.00033950806;0.8096949;0.8152932;0.001117137;0.009907224;0.8360000
7470.00026702881;0.8178400;0.8195252;0.009193748;0.006545993;0.8540000
7471.00019454956;0.8260440;0.8259625;0.007650356;0.00653746;0.8540000
7472.00012207031;0.8342104;0.8338899;0.01356663;0.007542723;0.8710000
7473.00052642822;0.8527767;0.8489698;0.01166439;0.01242015;0.8710000
7474.00045394897;0.8531248;0.8595795;0.004880116;0.01077337;0.8800000
7475.00038146973;0.8696842;0.8694142;0.01189597;0.01055761;0.8890000
7476.00030899048;0.8707046;0.8771032;0.0009586337;0.00833487;0.8990000
7477.00023651123;0.8787866;0.8812160;0.00946565;0.005902322;0.9080000
7478.00016403198;0.8878120;0.8883089;0.009368789;0.006730303;0.9170000
7479.00056838989;0.8977925;0.8971304;0.00980847;0.0080438;0.9260000
7480.00049591064;0.9068859;0.9064883;0.00895478;0.008830196;0.9350000
7481.0004234314;0.9158750;0.9157271;0.009016478;0.009066073;0.9450000
7482.00035095215;0.9248846;0.9253830;0.008875133;0.009441678;0.9540000
7483.0002784729;0.9338120;0.9350390;0.009287443;0.009570047;0.9640000
7484.00020599365;0.9438021;0.9446353;0.009572531;0.009601461;0.9730000
7485.0001335144;0.9528229;0.9538144;0.009224164;0.009321841;0.9830000
7486.00053787231;0.9628021;0.9628147;0.009663961;0.00917345;0.9930000
7487.00046539307;0.9718325;0.9719938;0.009247327;0.009176386;1.0020000
7488.00039291382;0.9817295;0.9816498;0.01016773;0.009518594;1.0120000
7489.00032043457;0.9918130;0.9916634;0.009592514;0.009845772;1.0220000
7490.00024795532;1.0008325;1.0012001;0.009224342;0.009631418;1.0320000
7491.00017547607;1.0107391;1.0104984;0.01011634;0.009471325;1.0420000
7492.00057983398;1.0207500;1.0203928;0.0100398;0.009762773;1.0520000
7493.00050735474;1.0307500;1.0308236;0.009991799;0.01018155;1.0620000
7494.00043487549;1.0407500;1.0413736;0.009930519;0.01040368;1.0720000
7495.00036239624;1.0507500;1.0517449;0.00988915;0.01038834;1.0820000
7496.00028991699;1.0607500;1.0618180;0.009881006;0.01019682;1.0930000
7497.00021743774;1.0707596;1.0718316;0.009811224;0.01009765;1.1030000
7498.0001449585;1.0806870;1.0817856;0.01030175;0.01002023;1.1130000
7499.00054931641;1.0916675;1.0921568;0.01068018;0.01025452;1.1240000
7500.00047683716;1.1017705;1.1025876;0.009750106;0.01033078;1.1340000
7501.00040435791;1.1116870;1.1124224;0.01034222;0.01000931;1.1550000
7502.00033187866;1.1227733;1.1226148;0.009989665;0.01011422;1.1550000
7503.00025939941;1.1319716;1.1329264;0.01516315;0.01030307;1.1660000
7504.00018692017;1.1534824;1.1502713;0.0141286;0.01492209;1.1770000
7505.00059127808;1.1546413;1.1623115;0.001168518;0.0124345;1.1880000
7506.00051879883;1.1645052;1.1672587;0.01167791;0.007996038;1.1980000
7507.00044631958;1.1756154;1.1759609;0.01103084;0.008586674;1.2090000
7508.00037384033;1.1866880;1.1866898;0.01057585;0.009929392;1.2200000
7509.00030136108;1.1967075;1.1973590;0.01019271;0.01033584;1.2310000
7510.00022888184;1.2076141;1.2077898;0.01106994;0.01039027;1.2420000
7511.00015640259;1.2186250;1.2185783;0.0110052;0.0106575;1.2540000
7512.0005607605;1.2296346;1.2302012;0.01086753;0.01127659;1.2650000
7513.00048828125;1.2405620;1.2421221;0.01125033;0.01168308;1.2760000
7514.000415802;1.2525425;1.2540430;0.01156752;0.01184467;1.2870000
7515.00034332275;1.2636359;1.2654871;0.01070422;0.01154688;1.2990000
7516.00027084351;1.2746346;1.2762159;0.01075448;0.01103099;1.3100000
7517.00019836426;1.2855620;1.2867660;0.01129001;0.01075948;1.3220000
7518.00012588501;1.2975521;1.2979120;0.01162526;0.0110439;1.3330000
7519.00053024292;1.3085729;1.3091177;0.01127393;0.01110938;1.3450000
7520.00045776367;1.3205521;1.3202042;0.01170413;0.01111163;1.3570000
7521.00038528442;1.3315825;1.3314098;0.01128454;0.01117463;1.3690000
7522.00031280518;1.3434891;1.3429731;0.01214701;0.01146777;1.3800000
7523.00024032593;1.3554904;1.3553709;0.01208265;0.01205976;1.3920000
7524.00016784668;1.3675630;1.3678879;0.01153965;0.01232991;1.4040000
7525.00057220459;1.3785825;1.3796896;0.01114195;0.01195286;1.4160000
7526.00049972534;1.3904891;1.3910741;0.01202434;0.01163202;1.4280000
7527.00042724609;1.4025000;1.4028758;0.01195813;0.01174613;1.4410000
7528.00035476685;1.4145096;1.4149160;0.01188538;0.01191998;1.4530000
7529.0002822876;1.4264370;1.4268965;0.01237296;0.01195984;1.4650000
7530.00020980835;1.4394175;1.4392346;0.01275508;0.01220185;1.4770000
7531.0001373291;1.4515109;1.4517516;0.01188366;0.01236198;1.4900000
7532.00054168701;1.4635096;1.4639110;0.01188594;0.01222809;1.5020000
7533.00046920776;1.4754370;1.4757723;0.01238679;0.01199754;1.5150000
7534.00039672852;1.4884271;1.4879316;0.01272057;0.01211097;1.5270000
7535.00032424927;1.5004479;1.5002698;0.01235448;0.01222427;1.5400000
7536.00025177002;1.5134271;1.5127868;0.0127367;0.01244887;1.5530000
7537.00017929077;1.5254575;1.5253038;0.01228242;0.01248107;1.5660000
7538.00058364868;1.5383641;1.5379399;0.01313678;0.01260933;1.5910000
7539.00051116943;1.5514904;1.5508741;0.01223663;0.01279471;1.5910000
7540.00043869019;1.5634938;1.5639276;0.01894288;0.01309273;1.6040000
7541.00036621094;1.5892044;1.5852064;0.01674786;0.01847923;1.6170000
7542.00029373169;1.5905781;1.5992731;0.001405897;0.01492326;1.6300000
7543.00022125244;1.6022334;1.6046971;0.01388924;0.009282706;1.6440000
7544.00014877319;1.6153846;1.6142935;0.01305223;0.009621463;1.6570000
7545.0005531311;1.6283120;1.6264528;0.0136313;0.0112426;1.6700000
7546.00048065186;1.6422925;1.6400427;0.01398537;0.01272856;1.6970000
7547.00040817261;1.6555205;1.6535729;0.01215678;0.01314178;1.6970000
7548.00033569336;1.6673678;1.6665668;0.01992876;0.01319116;1.7100000
7549.00026321411;1.6950394;1.6895742;0.01838073;0.01965822;1.7240000
7550.00019073486;1.6966095;1.7060846;0.001070612;0.01681187;1.7370000
7551.00059509277;1.7081703;1.7124623;0.01410969;0.01056931;1.7650000
7552.00052261353;1.7224367;1.7222971;0.01271021;0.01026914;1.7650000
7553.00045013428;1.7343156;1.7340392;0.02020495;0.01134162;1.7790000
7554.00037765503;1.7629665;1.7568082;0.01912332;0.01884615;1.7930000
7555.00030517578;1.7645574;1.7727226;0.001551191;0.01614029;1.8060000
7556.00023269653;1.7770879;1.7792791;0.01507845;0.01046719;1.8200000
7557.00016021729;1.7913130;1.7902464;0.01369468;0.01094368;1.8350000
7558.0005645752;1.8043421;1.8035978;0.01327889;0.01245967;1.8490000
7559.00049209595;1.8181761;1.8176645;0.01457067;0.01348802;1.8630000
7560.0004196167;1.8331675;1.8324465;0.01481503;0.01429831;1.8770000
7561.00034713745;1.8472609;1.8469304;0.0139473;0.01439693;1.8910000
7562.0002746582;1.8612500;1.8611759;0.01400826;0.01432174;1.9060000
7563.00020217896;1.8752596;1.8758983;0.0138595;0.01458352;1.9200000
7564.00012969971;1.8891870;1.8905610;0.01427107;0.01460647;1.9350000
7565.00053405762;1.9041771;1.9051046;0.01456202;0.01455019;1.9490000
7566.00046157837;1.9181979;1.9191116;0.01423283;0.01418312;1.9640000
7567.00038909912;1.9331771;1.9331187;0.01467187;0.01409448;1.9790000
7568.00031661987;1.9472075;1.9474238;0.0142412;0.01422939;1.9930000
7569.00024414063;1.9621045;1.9619078;0.01518077;0.01441864;2.0080000
7570.00017166138;1.9771880;1.9769281;0.0146048;0.01475407;2.0380000
7571.00057601929;1.9913517;1.9912929;0.01323181;0.01446429;2.0380000
7572.00050354004;2.0050246;2.0051807;0.02247447;0.01429987;2.0530000
7573.00043106079;2.0358329;2.0306319;0.02023768;0.02164466;2.0680000
7574.00035858154;2.0375258;2.0483345;0.00143244;0.01819578;2.0840000
7575.00028610229;2.0509712;2.0556063;0.01575701;0.01166179;2.0990000
7576.00021362305;2.0660620;2.0670504;0.01531403;0.01169711;2.1140000
7577.0001411438;2.0820425;2.0815343;0.01579132;0.01351363;2.1290000
7578.00054550171;2.0971359;2.0972103;0.01490219;0.01482401;2.1450000
7579.00047302246;2.1121346;2.1121711;0.0149266;0.01484215;2.1600000
7580.00040054321;2.1270620;2.1267742;0.01545622;0.01467999;2.1760000
7581.00032806396;2.1430521;2.1423906;0.01573907;0.01529838;2.1920000
7582.00025558472;2.1580825;2.1589011;0.01517409;0.01605216;2.2070000
7583.00018310547;2.1739795;2.1751732;0.01602586;0.0161971;2.2230000
7584.00058746338;2.1900630;2.1912664;0.01544177;0.01610745;2.2390000
7585.00051498413;2.2050825;2.2065848;0.01509792;0.01556727;2.2550000
7586.00044250488;2.2209891;2.2219032;0.01598767;0.01545866;2.2710000
7587.00037002563;2.2370000;2.2379369;0.01589561;0.01583568;2.2870000
7588.00029754639;2.2530000;2.2542686;0.01585865;0.01613639;2.3030000
7589.00022506714;2.2690000;2.2703618;0.01584827;0.01606252;2.3190000
7590.00015258789;2.2850000;2.2862166;0.01586445;0.0159279;2.3350000
7591.0005569458;2.3010000;2.3019523;0.0158939;0.01582789;2.3520000
7592.00048446655;2.3170096;2.3179859;0.01582189;0.01595297;2.3680000
7593.0004119873;2.3329370;2.3341984;0.01628361;0.01612789;2.3850000
7594.00033950806;2.3499271;2.3505897;0.01659154;0.01630919;2.4010000
7595.00026702881;2.3659479;2.3670405;0.0162129;0.0163669;2.4180000
7596.00019454956;2.3829271;2.3835510;0.01659585;0.01648678;2.4340000
7597.00059890747;2.3989479;2.4001807;0.01619728;0.01656105;2.4510000
7598.00052642822;2.4159271;2.4169296;0.01655367;0.01669641;2.4680000
7599.00045394897;2.4319575;2.4333209;0.01611339;0.0164724;2.4850000
7600.00038146973;2.4488641;2.4494142;0.01702823;0.01627032;2.5180000
7601.00030899048;2.4660288;2.4656266;0.01593544;0.01620551;2.5180000
7602.00023651123;2.4817033;2.4818391;0.02495004;0.01634798;2.5360000
7603.00016403198;2.5156361;2.5099129;0.02211292;0.02403258;2.5530000
7604.00056838989;2.5173886;2.5286883;0.002242968;0.01970803;2.5700000
7605.00049591064;2.5336073;2.5368542;0.01889475;0.01290239;2.5870000
7606.0004234314;2.5508859;2.5503844;0.01696636;0.01347136;2.6040000
7607.00035095215;2.5678750;2.5666565;0.01713576;0.01524754;2.6220000
7608.0002784729;2.5848846;2.5841803;0.01700914;0.01666469;2.6390000
7609.00020599365;2.6018120;2.6013464;0.01747603;0.01694421;2.6570000
7610.0001335144;2.6198021;2.6186318;0.01779576;0.01717016;2.6740000
7611.00053787231;2.6368229;2.6361555;0.01740899;0.01739409;2.6920000
7612.00046539307;2.6548021;2.6545734;0.01769084;0.01806588;2.7100000
7613.00039291382;2.6718325;2.6728124;0.01715612;0.01812629;2.7280000
7614.00032043457;2.6897391;2.6906342;0.01798979;0.01790915;2.7450000
7615.00024795532;2.7077404;2.7080983;0.01802946;0.01763174;2.7630000
7616.00017547607;2.7258130;2.7256221;0.01759711;0.01757843;2.7810000
7617.00057983398;2.7428325;2.7429670;0.01725031;0.01741388;2.8180000
7618.00050735474;2.7609218;2.7601928;0.01685336;0.01727712;2.8180000
7619.00043487549;2.7773796;2.7775973;0.02728271;0.01755003;2.8360000
7620.00036239624;2.8153170;2.8081149;0.02512698;0.02607352;2.8540000
7621.00028991699;2.8174418;2.8291554;0.001769444;0.02173749;2.8720000
7622.00021743774;2.8335539;2.8376192;0.01915838;0.01379428;2.8910000
7623.0001449585;2.8517596;2.8513283;0.01797872;0.01393577;2.9090000
7624.00054931641;2.8696870;2.8682560;0.01858359;0.01586392;2.9460000
7625.00047683716;2.8888502;2.8872699;0.01759339;0.01782584;2.9460000
7626.00040435791;2.9053905;2.9058665;0.02716441;0.0184295;2.9650000
7627.00033187866;2.9433267;2.9366225;0.02500217;0.0265503;2.9840000
7628.00025939941;2.9453884;2.9574246;0.002088318;0.02182288;3.0030000
7629.00018692017;2.9624180;2.9663056;0.0202677;0.01418181;3.0400000
7630.00059127808;2.9817980;2.9815048;0.01778462;0.01496662;3.0400000
7631.00051879883;2.9993080;2.9996246;0.02791687;0.01716026;3.0600000
7632.00044631958;3.0373472;3.0312151;0.02477958;0.02657238;3.0790000
7633.00037384033;3.0393254;3.0518383;0.002459358;0.02162145;3.0980000
7634.00030136108;3.0573355;3.0600638;0.02113157;0.01368518;3.1170000
7635.00022888184;3.0766359;3.0747265;0.01912322;0.01454384;3.1360000
7636.00015640259;3.0956250;3.0933827;0.01924983;0.01718898;3.1560000
7637.0005607605;3.1146346;3.1138867;0.01901399;0.01922445;3.1750000
7638.00048828125;3.1335620;3.1339139;0.01938494;0.01964234;3.1950000
7639.000415802;3.1535521;3.1534046;0.0196818;0.01952702;3.2140000
7640.00034332275;3.1725729;3.1724185;0.01935184;0.01920268;3.2340000
7641.00027084351;3.1925521;3.1920284;0.01972371;0.01952769;3.2540000
7642.00019836426;3.2115825;3.2121748;0.01919931;0.0199178;3.2730000
7643.00012588501;3.2314795;3.2324404;0.02005179;0.02014797;3.2930000
7644.00053024292;3.2515630;3.2525868;0.01946178;0.02011909;3.3130000
7645.00045776367;3.2705825;3.2717198;0.01913858;0.01947475;3.3330000
7646.00038528442;3.2904891;3.2907337;0.02006227;0.019246;3.3530000
7647.00031280518;3.3105000;3.3105225;0.01999749;0.01963444;3.3730000
7648.00024032593;3.3305000;3.3307880;0.01996791;0.0200193;3.3940000
7649.00016784668;3.3505096;3.3509344;0.01988333;0.02009648;3.4140000
7650.00057220459;3.3704370;3.3707828;0.02038562;0.01992767;3.4340000
7651.00049972534;3.3914175;3.3911676;0.02076254;0.02024773;3.4550000
7652.00042724609;3.4115205;3.4119696;0.01979111;0.02057237;3.4750000
7653.00035476685;3.4314370;3.4325332;0.02030202;0.02053921;3.4960000
7654.0002822876;3.4524271;3.4531564;0.02058411;0.02060635;3.5160000
7655.00020980835;3.4724479;3.4733028;0.02023938;0.02028546;3.5370000
7656.0001373291;3.4934271;3.4932107;0.02068947;0.02004765;3.5580000
7657.00054168701;3.5134575;3.5129994;0.02031634;0.01989448;3.5790000
7658.00046920776;3.5343641;3.5332054;0.02121862;0.0201049;3.5990000
7659.00039672852;3.5553654;3.5544247;0.02117415;0.02077816;3.6200000
7660.00032424927;3.5764380;3.5758227;0.0206444;0.02116491;3.6410000
7661.00025177002;3.5964575;3.5966248;0.02024666;0.02087398;3.6630000
7662.00017929077;3.6173737;3.6170692;0.02105411;0.02062275;3.6840000
7663.00058364868;3.6383120;3.6377520;0.02148655;0.02068699;3.7050000
7664.00051116943;3.6602925;3.6592692;0.02184871;0.02125796;3.7260000
7665.00043869019;3.6813859;3.6809653;0.02095734;0.02151727;3.7480000
7666.00036621094;3.7023846;3.7021846;0.02095295;0.02132976;3.7690000
7667.00029373169;3.7233120;3.7231654;0.02144049;0.0211168;3.7910000
7668.00022125244;3.7453021;3.7445635;0.02174766;0.02131116;3.8120000
7669.00014877319;3.7663229;3.7662596;0.02134169;0.02152709;3.8340000
7670.0005531311;3.7883021;3.7877769;0.02172388;0.0215102;3.8560000
7671.00048065186;3.8093325;3.8091153;0.0212895;0.021352;3.8770000
7672.00040817261;3.8312295;3.8303346;0.02225856;0.02130177;3.8990000
7673.00033569336;3.8533130;3.8522691;0.02169215;0.0216857;3.9210000
7674.00026321411;3.8743325;3.8742036;0.02127966;0.02180783;3.9430000
7675.00019073486;3.8962391;3.8960189;0.02211405;0.021835;3.9650000
7676.00059509277;3.9182500;3.9180726;0.02201976;0.02195369;3.9880000
7677.00052261353;3.9402596;3.9401859;0.02193888;0.02203599;4.0100000
7678.00045013428;3.9621870;3.9622993;0.02241164;0.02208165;4.0320000
7679.00037765503;3.9851675;3.9851874;0.02273248;0.02260997;4.0540000
7680.00030517578;4.0072609;4.0081352;0.02181307;0.02278353;4.0770000
7681.00023269653;4.0292596;4.0304870;0.02179391;0.02248838;4.0990000
7682.00016021729;4.0511870;4.0524811;0.02227997;0.0221795;4.1220000
7683.0005645752;4.0741771;4.0748328;0.02259231;0.02233115;4.1450000
7684.00049209595;4.0962075;4.0973634;0.02213651;0.02244434;4.1670000
7685.0004196167;4.1191045;4.1200132;0.02305761;0.0225783;4.1900000
7686.00034713745;4.1421880;4.1431398;0.0224698;0.02291684;4.2130000
7687.0002746582;4.1642075;4.1657895;0.02208904;0.02271813;4.2360000
7688.00020217896;4.1871141;4.1883201;0.02295515;0.02261961;4.2590000
7689.00012969971;4.2101250;4.2113275;0.02286602;0.02287198;4.2820000
7690.00053405762;4.2331250;4.2346329;0.02283199;0.02314259;4.3050000
7691.00046157837;4.2561250;4.2581171;0.02277804;0.02336262;4.3280000
7692.00038909912;4.2791250;4.2813629;0.02275066;0.0232924;4.3520000
7693.00031661987;4.3021346;4.3044895;0.02266829;0.02318403;4.3750000
7694.00024414063;4.3250620;4.3272585;0.02317942;0.02294621;4.3980000
7695.00017166138;4.3490425;4.3504447;0.02357847;0.02312225;4.4220000
7696.00057601929;4.3721455;4.3738097;0.02265572;0.02325792;4.4450000
7697.00050354004;4.3950620;4.3968767;0.02322196;0.02315362;4.4690000
7698.00043106079;4.4190521;4.4203014;0.02352617;0.02336542;4.4930000
7699.00035858154;4.4420825;4.4436068;0.02309546;0.02329202;4.5160000
7700.00028610229;4.4659795;4.4670314;0.02404165;0.02340201;4.5400000
7701.00021362305;4.4900630;4.4908136;0.02349221;0.02365129;4.5640000
7702.0001411438;4.5130825;4.5142383;0.02313652;0.02350645;4.5880000
7703.00054550171;4.5369891;4.5374841;0.02403437;0.02339204;4.6120000
7704.00047302246;4.5610000;4.5613259;0.02396369;0.02369422;4.6360000
7705.00040054321;4.5850000;4.5853466;0.02396138;0.02390857;4.6600000
7706.00032806396;4.6090000;4.6093077;0.02396571;0.02392861;4.6850000
7707.00025558472;4.6330096;4.6332687;0.02390179;0.02393291;4.7090000
7708.00018310547;4.6569370;4.6570510;0.02441145;0.02383142;4.7330000
7709.00058746338;4.6819175;4.6814889;0.02478245;0.02424045;4.7580000
7710.00051498413;4.7060205;4.7059864;0.02384494;0.02438461;4.7820000
7711.00044250488;4.7299370;4.7301859;0.02439642;0.02426706;4.8070000
7712.00037002563;4.7549271;4.7546238;0.02469916;0.02443718;4.8320000
7713.00029754639;4.7789575;4.7790021;0.02426033;0.02438926;4.8570000
7714.00022506714;4.8038641;4.8034400;0.02513677;0.02443441;4.8810000
7715.00015258789;4.8288654;4.8282951;0.02513288;0.02470966;4.9060000
7716.0005569458;4.8539380;4.8533887;0.02463705;0.02495228;4.9310000
7717.00048446655;4.8779575;4.8781246;0.02424668;0.02481939;4.9560000
7718.0004119873;4.9028641;4.9027413;0.0251032;0.02472603;4.9810000
7719.00033950806;4.9278750;4.9278349;0.02500447;0.02496343;5.0060000
7720.00026702881;4.9528750;4.9531073;0.02497412;0.02515723;5.0320000
7721.00019454956;4.9778846;4.9782604;0.02488879;0.02515345;5.0570000
7722.00059890747;5.0028120;5.0032348;0.02537704;0.0250455;5.0820000
7723.00052642822;5.0287925;5.0291032;0.02570008;0.02559075;5.1080000
7724.00045394897;5.0538955;5.0549716;0.02472125;0.02572691;5.1330000
7725.00038146973;5.0788120;5.0803632;0.02525132;0.02551219;5.1590000
7726.00030899048;5.1048021;5.1059336;0.02553929;0.02560089;5.1850000
7727.00023651123;5.1298325;5.1313848;0.02509234;0.02549027;5.2100000
7728.00016403198;5.1557295;5.1568956;0.02602893;0.02553281;5.2360000
7729.00056838989;5.1818130;5.1829428;0.02544997;0.02585768;5.2620000
7730.00049591064;5.2068325;5.2087516;0.02505148;0.0258047;5.2880000
7731.0004234314;5.2327391;5.2343220;0.02591315;0.02569364;5.3140000
7732.00035095215;5.2587500;5.2602500;0.02583287;0.02585703;5.3400000
7733.0002784729;5.2847500;5.2863568;0.02582097;0.02600859;5.3660000
7734.00020599365;5.3107500;5.3124637;0.02580906;0.02608212;5.3920000
7735.0001335144;5.3367500;5.3383917;0.02581709;0.02601036;5.4190000
7736.00053787231;5.3627596;5.3643197;0.02575684;0.02596352;5.4720000
7737.00046539307;5.3889465;5.3898305;0.02445359;0.02564439;5.4720000
7738.00039291382;5.4137161;5.4155201;0.03978859;0.02600494;5.4980000
7739.00032043457;5.4681722;5.4606408;0.03555853;0.03854309;5.5250000
7740.00024795532;5.4711985;5.4901451;0.002300472;0.03120259;5.5510000
7741.00017547607;5.4944037;5.5011124;0.02800416;0.01911673;5.5780000
7742.00057983398;5.5216771;5.5204243;0.02680495;0.01957687;5.6050000
7743.00050735474;5.5477075;5.5448622;0.02658231;0.02268261;5.6320000
7744.00043487549;5.5746141;5.5720419;0.02737611;0.02551448;5.6580000
7745.00036239624;5.6016154;5.5999965;0.02724971;0.02697187;5.6850000
7746.00028991699;5.6286880;5.6273550;0.02672436;0.02719145;5.7130000
7747.00021743774;5.6547171;5.6539387;0.02628269;0.02680358;5.7400000
7748.0001449585;5.6815511;5.6807608;0.02760172;0.02686977;5.7670000
7749.00054931641;5.7095425;5.7091326;0.02778037;0.02786751;5.7940000
7750.00047683716;5.7366359;5.7377428;0.02678715;0.02828035;5.8210000
7751.00040435791;5.7636250;5.7652206;0.02682222;0.02773432;5.8490000
7752.00033187866;5.7906346;5.7913274;0.02685347;0.02670331;5.8760000
7753.00025939941;5.8175620;5.8168978;0.02749815;0.02602135;5.9040000
7754.00018692017;5.8455521;5.8434815;0.02789606;0.02644094;5.9320000
7755.00059127808;5.8725825;5.8709592;0.02744616;0.02708924;5.9590000
7756.00051879883;5.9004795;5.8992118;0.0283001;0.02782379;5.9870000
7757.00044631958;5.9285630;5.9278816;0.02765176;0.02832569;6.0150000
7758.00037384033;5.9555825;5.9559554;0.02722375;0.02813149;6.0430000
7759.00030136108;5.9834891;5.9839696;0.02803598;0.0280929;6.0710000
7760.00022888184;6.0115000;6.0122818;0.02791289;0.02826602;6.0990000
7761.00015640259;6.0395000;6.0406536;0.02787147;0.02835466;6.1270000
7762.0005607605;6.0675000;6.0688466;0.02784996;0.02825078;6.1550000
7763.00048828125;6.0955000;6.0966224;0.02787494;0.02795094;6.1830000
7764.000415802;6.1235000;6.1243981;0.02789994;0.02786049;6.2120000
7765.00034332275;6.1515096;6.1521739;0.02785665;0.02781889;6.2400000
7766.00027084351;6.1794370;6.1803073;0.02832718;0.02801082;6.2680000
7767.00019836426;6.2084175;6.2090963;0.02865907;0.02851328;6.2970000
7768.00060272217;6.2365205;6.2379450;0.02768243;0.02867401;6.3260000
7769.00053024292;6.2644466;6.2659592;0.02818628;0.0282576;6.3540000
7770.00045776367;6.2933545;6.2943310;0.02905005;0.02837265;6.3830000
7771.00038528442;6.3224380;6.3233584;0.0284733;0.02879904;6.4120000
7772.00031280518;6.3504575;6.3521475;0.028077;0.02875963;6.4410000
7773.00024032593;6.3793641;6.3808769;0.02892097;0.02873828;6.4690000
7774.00016784668;6.4083654;6.4098448;0.0289045;0.02887844;6.4990000
7775.00057220459;6.4374476;6.4388723;0.02834777;0.02896356;6.5280000
7776.00049972534;6.4653945;6.4670056;0.02850995;0.02841141;6.5570000
7777.00042724609;6.4952816;6.4956755;0.02978033;0.02862536;6.5860000
7778.00035476685;6.5243859;6.5250606;0.02883531;0.02908479;6.6150000
7779.0002822876;6.5533750;6.5540880;0.02892056;0.02905895;6.6450000
7780.00020980835;6.5823846;6.5828175;0.02888243;0.02887122;6.6740000
7781.0001373291;6.6113120;6.6114277;0.02941126;0.02870712;6.7030000
7782.00054168701;6.6412925;6.6406936;0.02980143;0.02908618;6.7330000
7783.00046920776;6.6703955;6.6701383;0.0288698;0.02927713;6.7630000
7784.00039672852;6.6993216;6.6990465;0.02938547;0.02903225;6.8220000
7785.00032424927;6.7295179;6.7280740;0.02823965;0.02900851;6.8220000
7786.00025177002;6.7571341;6.7572207;0.04437088;0.02941252;6.8520000
7787.00017929077;6.8177484;6.8074674;0.03972718;0.04303173;6.8820000
7788.00058364868;6.8210406;6.8404287;0.003202783;0.03489994;6.9120000
7789.00051116943;6.8479232;6.8541974;0.03198649;0.02230495;6.9420000
7790.00043869019;6.8782500;6.8769664;0.03014301;0.02292066;6.9720000
7791.00036621094;6.9082500;6.9054574;0.03031114;0.02649167;7.0020000
7792.00029373169;6.9382500;6.9365710;0.03018707;0.02934834;7.0320000
7793.00022125244;6.9682500;6.9672674;0.03010948;0.0301104;7.0630000
7794.00014877319;6.9982596;6.9971294;0.03005659;0.02992325;7.0930000
7795.0005531311;7.0281870;7.0267529;0.03058393;0.02977051;7.1240000
7796.00048065186;7.0591771;7.0579857;0.0307981;0.03074155;7.1540000
7797.00040817261;7.0891979;7.0902318;0.03021944;0.03165094;7.1850000
7798.00033569336;7.1201771;7.1223587;0.03042229;0.03193799;7.2150000
7799.00026321411;7.1501979;7.1530551;0.03001629;0.03109662;7.2460000
7800.00019073486;7.1811771;7.1826190;0.03050471;0.03013733;7.2770000
7801.00059509277;7.2112075;7.2117657;0.0302031;0.02951994;7.3080000
7802.00052261353;7.2421141;7.2418064;0.0311238;0.02988969;7.3390000
7803.00045013428;7.2731250;7.2728604;0.03102948;0.03063132;7.3700000
7804.00037765503;7.3041250;7.3041529;0.03099689;0.03101771;7.4010000
7805.00030517578;7.3351250;7.3353261;0.03097759;0.03110688;7.4320000
7806.00023269653;7.3661250;7.3663205;0.03097822;0.03104343;7.4630000
7807.00016021729;7.3971250;7.3977322;0.03093234;0.03126668;7.4940000
7808.0005645752;7.4281250;7.4292630;0.0308732;0.03140929;7.5260000
7809.00049209595;7.4591346;7.4604959;0.03077899;0.03128635;7.5570000
7810.0004196167;7.4900620;7.4910134;0.03131815;0.03079677;7.5890000
7811.00034713745;7.5220521;7.5218290;0.03169022;0.03085148;7.6200000
7812.0002746582;7.5530729;7.5530023;0.0313425;0.03107604;7.6520000
7813.00020217896;7.5850521;7.5846523;0.03170991;0.03147636;7.6830000
7814.00060653687;7.6160729;7.6166004;0.03127586;0.03173079;7.7150000
7815.00053405762;7.6480521;7.6483101;0.03163662;0.0317288;7.7790000
7816.00046157837;7.6793901;7.6790661;0.02908264;0.03102623;7.7790000
7817.00038909912;7.7086649;7.7091664;0.04782531;0.0308116;7.8430000
7818.00031661987;7.7746846;7.7623338;0.04109485;0.04539328;7.8430000
7819.00024414063;7.7756641;7.7966065;0.01908332;0.03685899;7.8750000
7820.00017166138;7.8380283;7.8326673;0.04539939;0.03768282;7.9070000
7821.00057601929;7.8419883;7.8600258;0.003615308;0.02952005;7.9390000
7822.00050354004;7.8706514;7.8725428;0.03465385;0.01970379;7.9720000
7823.00043106079;7.9030096;7.8976363;0.03252934;0.02343593;8.0040000
7824.00035858154;7.9349370;7.9292864;0.03305373;0.02862472;8.0360000
7825.00028610229;7.9679175;7.9636783;0.03320702;0.03224203;8.0690000
7826.00021362305;8.0000205;7.9976529;0.03210494;0.03323096;8.1010000
7827.0001411438;8.0319370;8.0304951;0.03258481;0.03297821;8.1340000
7828.00054550171;8.0649271;8.0641121;0.03275616;0.03338354;8.1670000
7829.00047302246;8.0969575;8.0985040;0.03209299;0.03400248;8.2000000
7830.00040054321;8.1298641;8.1324786;0.03279822;0.03398071;8.2320000
7831.00032806396;8.1628654;8.1657976;0.03274263;0.03354847;8.2650000
7832.00025558472;8.1959380;8.1977457;0.03237444;0.0325384;8.2980000
7833.00018310547;8.2279575;8.2287997;0.03217146;0.03159872;8.3310000
7834.00058746338;8.2608641;8.2603902;0.03314232;0.03166557;8.3640000
7835.00051498413;8.2938750;8.2931727;0.03307825;0.03240306;8.3970000
7836.00044250488;8.3268750;8.3263725;0.03305599;0.03289635;8.4310000
7837.00037002563;8.3598846;8.3596319;0.03295882;0.03311156;8.4640000
7838.00029754639;8.3928120;8.3929509;0.03340868;0.03327487;8.5310000
7839.00022506714;8.4271194;8.4267468;0.03141879;0.03355756;8.5310000
7840.00015258789;8.4574260;8.4600658;0.04932567;0.03376293;8.5640000
7841.0005569458;8.5261500;8.5166902;0.04503673;0.04874721;8.5980000
7842.00048446655;8.5299772;8.5532874;0.003044761;0.03906049;8.6310000
7843.0004119873;8.5594525;8.5675329;0.03547795;0.02427003;8.6650000
7844.00033950806;8.5938021;8.5923881;0.03382291;0.02503097;8.7330000
7845.00026702881;8.6271593;8.6233229;0.03133532;0.02876801;8.7330000
7846.00019454956;8.6582696;8.6569399;0.05101631;0.03217125;8.8010000
7847.00059890747;8.7284149;8.7150544;0.04368976;0.04897701;8.8010000
7848.00052642822;8.7294556;8.7514133;0.02030873;0.03937228;8.8350000
7849.00045394897;8.7957176;8.7893218;0.04831481;0.03980526;8.8690000
7850.00038146973;8.7999250;8.8181705;0.003943691;0.03116294;8.9030000
7851.00030899048;8.8303796;8.8324160;0.03681672;0.02149983;8.9370000
7852.00023651123;8.8647500;8.8605494;0.03446802;0.02601959;8.9710000
7853.00016403198;8.8987500;8.8941068;0.03451733;0.03077015;9.0060000
7854.00056838989;8.9327596;8.9290351;0.03434564;0.03333807;9.0400000
7855.00049591064;8.9666870;8.9633078;0.03480066;0.03388665;9.1090000
7856.0004234314;9.0020040;8.9979381;0.03276095;0.03434101;9.1090000
7857.00035095215;9.0332284;9.0332836;0.05110713;0.03533779;9.1440000
7858.0002784729;9.1040151;9.0933651;0.04641055;0.05153041;9.1790000
7859.00020599365;9.1078825;9.1322869;0.003522786;0.04151838;9.2130000
7860.00061035156;9.1392341;9.1486782;0.03715023;0.026518;9.2480000
7861.00053787231;9.1746880;9.1748447;0.03455839;0.02665833;9.2830000
7862.00046539307;9.2087075;9.2066139;0.03449856;0.02993883;9.3180000
7863.00039291382;9.2436141;9.2413038;0.03534692;0.03295572;9.3530000
7864.00032043457;9.2786250;9.2764706;0.03524004;0.03425413;9.3880000
7865.00024795532;9.3136250;9.3110413;0.03528786;0.03442724;9.4230000
7866.00017547607;9.3486250;9.3459696;0.03529586;0.03478132;9.4580000
7867.00057983398;9.3836250;9.3825668;0.0351179;0.03596029;9.5290000
7868.00050735474;9.4189711;9.4195217;0.03244255;0.03647498;9.5290000
7869.00043487549;9.4510199;9.4549865;0.05225434;0.03616567;9.5640000
7870.00036239624;9.5238611;9.5141739;0.04768316;0.05130233;9.6000000
7871.00028991699;9.5279139;9.5515460;0.003360457;0.04045897;9.6350000
7872.00021743774;9.5591807;9.5662684;0.03776759;0.02518346;9.6710000
7873.0001449585;9.5955521;9.5926732;0.03598612;0.02634745;9.7070000
7874.00054931641;9.6305825;9.6261710;0.03575681;0.0309085;9.7420000
7875.00047683716;9.6664795;9.6625895;0.03659227;0.03436329;9.7780000
7876.00040435791;9.7025630;9.6993655;0.0359321;0.03579319;9.8140000
7877.00033187866;9.7375825;9.7348303;0.03557194;0.03553786;9.8500000
7878.00025939941;9.7734891;9.7704739;0.03642546;0.03564761;9.8860000
7879.00018692017;9.8095000;9.8077864;0.03619092;0.03668679;9.9220000
7880.00059127808;9.8455000;9.8453373;0.03601813;0.03716227;9.9580000
7881.00051879883;9.8815000;9.8821134;0.03593165;0.03685462;9.9940000
7882.00044631958;9.9175000;9.9173993;0.03601122;0.03584811;10.0300000
7883.00037384033;9.9535000;9.9525065;0.03611069;0.03543319;10.0670000
7884.00030136108;9.9895096;9.9883288;0.03606223;0.0357376;10.1030000
7885.00022888184;10.0254370;10.0246877;0.03650764;0.03612532;10.1400000
7886.00015640259;10.0624271;10.0615234;0.03676605;0.03653653;10.1760000
7887.0005607605;10.0984479;10.0978822;0.03639766;0.03639486;10.2130000
7888.00048828125;10.1354271;10.1344198;0.03677759;0.03652147;10.2490000
7889.000415802;10.1714479;10.1715535;0.03632287;0.03687846;10.2860000
7890.00034332275;10.2084271;10.2092237;0.03657661;0.03736453;10.3230000
7891.00027084351;10.2444575;10.2463574;0.03605361;0.03716634;10.3590000
7892.00019836426;10.2813545;10.2826566;0.03701377;0.03662763;10.3960000
7893.00060272217;10.3184380;10.3188962;0.03652479;0.03636223;10.4330000
7894.00053024292;10.3544575;10.3552550;0.03617644;0.03634197;10.4700000
7895.00045776367;10.3913641;10.3917927;0.03704176;0.03652308;10.5070000
7896.00038528442;10.4283750;10.4288072;0.03695184;0.03683471;10.5440000
7897.00031280518;10.4653750;10.4657621;0.03695687;0.03693189;10.5820000
7898.00024032593;10.5023846;10.5025381;0.03691356;0.03686313;10.6190000
7899.00016784668;10.5393120;10.5394334;0.03741062;0.03692514;10.6560000
7900.00057220459;10.5772925;10.5770439;0.0377624;0.03738336;10.6940000
7901.00049972534;10.6143955;10.6145948;0.03681894;0.03741771;10.7310000
7902.00042724609;10.6513120;10.6513113;0.03742415;0.03695589;10.8060000
7903.00035476685;10.6896578;10.6881470;0.03526826;0.03682059;10.8060000
7904.0002822876;10.7236355;10.7246250;0.0554835;0.03702972;10.8440000
7905.00020980835;10.8005817;10.7873291;0.05063217;0.05384617;10.9190000
7906.0001373291;10.8051434;10.8276218;0.001699287;0.043074;10.9190000
7907.00054168701;10.8361390;10.8446092;0.05878641;0.02803782;10.9570000
7908.00046920776;10.9135926;10.8989686;0.05069545;0.04559293;10.9950000
7909.00039672852;10.9177877;10.9371156;0.00461574;0.0387421;11.0330000
7910.00032424927;10.9518360;10.9556526;0.04097646;0.02689719;11.0710000
7911.00025177002;10.9902500;10.9864086;0.038428;0.0296197;11.1090000
7912.00017929077;11.0282500;11.0233635;0.03854444;0.03423578;11.1470000
7913.00058364868;11.0662500;11.0627622;0.0383886;0.03743699;11.1850000
7914.00051116943;11.1042500;11.1026377;0.03817964;0.03889725;11.2230000
7915.00043869019;11.1422500;11.1420364;0.0380238;0.03920715;11.2620000
7916.00036621094;11.1802596;11.1815542;0.03778642;0.03939001;11.3000000
7917.00029373169;11.2181870;11.2207741;0.0381359;0.03928255;11.3390000
7918.00022125244;11.2571771;11.2596363;0.03839136;0.03901595;11.3770000
7919.00014877319;11.2951979;11.2974853;0.03807978;0.03824662;11.4160000
7920.0005531311;11.3341771;11.3347382;0.03860284;0.03764984;11.4540000
7921.00048065186;11.3721979;11.3722891;0.03832447;0.03759247;11.4930000
7922.00040817261;11.4111771;11.4106745;0.03872136;0.03811231;11.5320000
7923.00033569336;11.4492075;11.4490599;0.03828174;0.0382345;11.5700000
7924.00026321411;11.4881045;11.4872665;0.03925222;0.03822589;11.6090000
7925.00019073486;11.5271880;11.5262479;0.03868059;0.03871953;11.6480000
7926.00059509277;11.5652075;11.5649313;0.03829607;0.03868899;11.6870000
7927.00052261353;11.6041141;11.6037339;0.03913188;0.03877867;11.7260000
7928.00045013428;11.6431250;11.6427750;0.03903899;0.03892675;11.7650000
7929.00037765503;11.6821250;11.6814584;0.03907427;0.03874118;11.8050000
7930.00030517578;11.7211346;11.7200226;0.03905456;0.03863183;11.8440000
7931.00023269653;11.7600620;11.7588252;0.03956195;0.03875332;11.9220000
7932.00016021729;11.8004174;11.7981643;0.03728163;0.0390662;11.9220000
7933.0005645752;11.8363033;11.8372649;0.05804943;0.03950055;11.9620000
7934.00049209595;11.9163753;11.9029492;0.05253788;0.05664332;12.0010000
7935.0004196167;11.9207039;11.9457454;0.004489559;0.04563804;12.0410000
7936.00034713745;11.9566272;11.9651169;0.04221067;0.03006198;12.1200000
7937.0002746582;11.9964574;11.9954557;0.0366728;0.03047277;12.1200000
7938.00020217896;12.0331468;12.0316953;0.05956667;0.03463414;12.1600000
7939.00060653687;12.1143037;12.0993466;0.05335366;0.05606723;12.1990000
7940.00053405762;12.1187148;12.1436924;0.004407164;0.04631406;12.2390000
7941.00046157837;12.1546272;12.1623487;0.04229626;0.02983392;12.2790000
7942.00038909912;12.1940825;12.1916741;0.03953363;0.02992606;12.3190000
7943.00031661987;12.2339891;12.2296423;0.04057383;0.03516443;12.3590000
7944.00024414063;12.2740000;12.2723192;0.04018727;0.03990302;12.3990000
7945.00017166138;12.3140000;12.3151154;0.03987572;0.04162619;12.4390000
7946.00057601929;12.3540000;12.3560042;0.0397767;0.04106951;12.4800000
7947.00050354004;12.3940096;12.3954028;0.03977544;0.04002662;12.5200000
7948.00043106079;12.4339370;12.4346227;0.04034775;0.03960712;12.5600000
7949.00035858154;12.4749175;12.4750346;0.04072165;0.04013561;12.6000000
7950.00028610229;12.5150109;12.5159234;0.03980881;0.04057058;12.6410000
7951.00021362305;12.5550096;12.5562758;0.03978959;0.04038149;12.6810000
7952.0001411438;12.5949370;12.5954956;0.04036191;0.03964915;12.7220000
7953.00054550171;12.6359271;12.6346559;0.04080699;0.03936068;12.8030000
7954.00047302246;12.6763420;12.6736373;0.03779321;0.03902126;12.8030000
7955.00040054321;12.7139492;12.7126783;0.06104004;0.03952126;12.8440000
7956.00032806396;12.7971592;12.7815217;0.05474002;0.05867299;12.8850000
7957.00025558472;12.8016928;12.8262252;0.004563212;0.04754358;12.9250000
7958.00018310547;12.8384187;12.8458947;0.04390663;0.03097392;12.9660000
7959.00058746338;12.8799380;12.8779620;0.040796;0.03204868;13.0070000
7960.00051498413;12.9199575;12.9164070;0.04066088;0.03608776;13.0480000
7961.00044250488;12.9608641;12.9579515;0.04141403;0.03948771;13.0890000
7962.00037002563;13.0018750;12.9998535;0.04122523;0.04091423;13.1300000
7963.00029754639;13.0428750;13.0409807;0.04121106;0.04101333;13.1720000
7964.00022506714;13.0838846;13.0818099;0.04116182;0.04088853;13.2130000
7965.00015258789;13.1248120;13.1234140;0.04157991;0.04137247;13.2540000
7966.0005569458;13.1667925;13.1665081;0.04176639;0.04250043;13.2950000
7967.00048446655;13.2078859;13.2099599;0.0406794;0.04304055;13.3370000
7968.0004119873;13.2488846;13.2519216;0.04059229;0.04231483;13.3780000
7969.00033950806;13.2898120;13.2924527;0.04112993;0.04118874;13.4610000
7970.00026702881;13.3321963;13.3321494;0.03882781;0.04019622;13.4610000
7971.00019454956;13.3698450;13.3711309;0.06142443;0.0399171;13.5030000
7972.00059890747;13.4550038;13.4405107;0.05601256;0.05922874;13.5450000
7973.00052642822;13.4596612;13.4856314;0.004578791;0.04793974;13.5860000
7974.00045394897;13.4972828;13.5053009;0.04493574;0.03118978;13.6280000
7975.00038146973;13.5398130;13.5385007;0.04172206;0.03288626;13.6700000
7976.00030899048;13.5808325;13.5780782;0.04157217;0.03712013;13.7120000
7977.00023651123;13.6227391;13.6200399;0.04239025;0.04013838;13.7540000
7978.00016403198;13.6647500;13.6625380;0.04224645;0.04154487;13.7960000
7979.00056838989;13.7067500;13.7044400;0.04225737;0.04174428;13.8380000
7980.00049591064;13.7487500;13.7458653;0.0423214;0.04154124;13.8800000
7981.0004234314;13.7907500;13.7879461;0.0423124;0.04190797;13.9220000
7982.00035095215;13.8327500;13.8313383;0.04215728;0.04284677;13.9650000
7983.0002784729;13.8747596;13.8753265;0.0418675;0.04352337;14.0070000
7984.00020599365;13.9166870;13.9182419;0.04225091;0.04312434;14.0490000
7985.00061035156;13.9596675;13.9605612;0.04263513;0.04261889;14.0920000
7986.00053787231;14.0017705;14.0019864;0.04181709;0.0418205;14.1340000
7987.00046539307;14.0436870;14.0429348;0.04250796;0.04127512;14.1770000
7988.00039291382;14.0866771;14.0845985;0.04289695;0.04158759;14.2190000
7989.00032043457;14.1286979;14.1272754;0.04249313;0.04228519;14.2620000
7990.00024795532;14.1716771;14.1707272;0.04277119;0.04305609;14.3050000
7991.00017547607;14.2137075;14.2141790;0.04221276;0.04326153;14.3470000
7992.00057983398;14.2566045;14.2574519;0.04306444;0.04329778;14.3900000
7993.00050735474;14.2996880;14.3005461;0.04248024;0.04316578;14.4330000
7994.00043487549;14.3417075;14.3431634;0.04210308;0.04275425;14.4760000
7995.00036239624;14.3846141;14.3854827;0.04299274;0.04248372;14.5190000
7996.00028991699;14.4276250;14.4282788;0.04292715;0.04268461;14.5620000
7997.00021743774;14.4706250;14.4711942;0.04293658;0.04285397;14.6050000
7998.0001449585;14.5136250;14.5141691;0.04293938;0.04292271;14.6480000
7999.00054931641;14.5566250;14.5573229;0.04292224;0.04305982;14.6910000
8000;14.5996250;14.6003574;0.0429184;0.04304001;14.7350000
8001.00040435791;14.6426346;14.6430344;0.04288612;0.04279932;14.7780000
8002.00080871582;14.6855620;14.6853537;0.04344736;0.04248063;14.8210000
8003.00025939941;14.7295425;14.7285670;0.04384339;0.04299046;14.8650000
8004.00066375732;14.7726455;14.7719592;0.04291761;0.04323328;14.9080000
8005.00011444092;14.8155620;14.8152918;0.04345426;0.04329398;14.9520000
8006.00051879883;14.8595521;14.8592204;0.04370232;0.0437028;14.9950000
8006.99996948242;14.9025729;14.9029702;0.04329037;0.04370001;15.0390000
8008.00037384033;14.9465521;14.9467796;0.04364001;0.04375624;15.0820000
8009.00077819824;14.9895729;14.9901718;0.04326791;0.04348491;15.1260000
8010.00022888184;15.0335521;15.0334448;0.04367732;0.04335998;15.1700000
8011.00063323975;15.0765825;15.0766582;0.04325686;0.04323544;15.2140000
8012.00008392334;15.1204891;15.1202888;0.04411183;0.04350461;15.2580000
8013.00048828125;15.1645000;15.1646942;0.04397836;0.04408613;15.3460000
8013.99993896484;15.2089230;15.2086825;0.04097601;0.04393893;15.3460000
8015.00034332275;15.2493042;15.2518958;0.06542479;0.04396303;15.3900000
8016.00074768066;15.3396433;15.3266400;0.05911285;0.064089;15.4340000
8017.00019836426;15.3446089;15.3752774;0.004317365;0.05180675;15.4780000
8018.00060272217;15.3840206;15.3961391;0.04658859;0.03333247;15.5220000
8019.00005340576;15.4285000;15.4294581;0.04389325;0.03373682;15.5660000
8020.00045776367;15.4725000;15.4701680;0.04425982;0.03819962;15.6550000
8020.99990844727;15.5169326;15.5140966;0.04119586;0.04172179;15.6550000
8022.00031280518;15.5572412;15.5579061;0.06606361;0.04347275;15.6990000
8023.00071716309;15.6485608;15.6331271;0.06011835;0.06419178;15.7440000
8024.00016784668;15.6536294;15.6821221;0.004400931;0.05201355;15.7880000
8025.00057220459;15.6929576;15.7027454;0.04727242;0.0332805;15.8330000
8026.00002288818;15.7384271;15.7367200;0.04485556;0.03421998;15.8770000
8027.00042724609;15.7824479;15.7788605;0.04473433;0.03922737;15.9220000
8028.000831604;15.8274271;15.8243984;0.04500281;0.04318686;15.9670000
8029.0002822876;15.8714575;15.8699960;0.04442813;0.04458806;16.0110000
8030.00068664551;15.9163545;15.9144610;0.04536982;0.0444965;16.0560000
8031.0001373291;15.9614380;15.9586281;0.04488892;0.04425481;16.1010000
8032.00054168701;16.0054575;16.0026759;0.04457521;0.04413224;16.1910000
8032.99999237061;16.0507967;16.0470814;0.04238335;0.04428964;16.1910000
8034.00039672852;16.0921066;16.0923809;0.06717647;0.04547759;16.2360000
8035.00080108643;16.1844988;16.1698073;0.06061149;0.06633238;16.2810000
8036.00025177002;16.1895773;16.2204713;0.004468024;0.05390825;16.3260000
8037.00065612793;16.2298847;16.2423462;0.04763988;0.03476239;16.3710000
8038.00010681152;16.2753750;16.2755460;0.04498095;0.03419236;16.4170000
8039.00051116943;16.3203846;16.3161368;0.04540394;0.0383672;16.4620000
8039.99996185303;16.3653120;16.3614363;0.04585597;0.04276409;16.5070000
8041.00036621094;16.4112925;16.4090008;0.04599003;0.04572767;16.5530000
8042.00077056885;16.4563955;16.4560289;0.04488199;0.04645086;16.5980000
8043.00022125244;16.5013120;16.5010304;0.04545553;0.04552359;16.6430000
8044.00062561035;16.5472925;16.5460319;0.04587515;0.04524941;16.6890000
8045.00007629395;16.5923955;16.5914506;0.04494642;0.04535731;16.7340000
8046.00048065186;16.6373120;16.6371674;0.04544026;0.04557296;16.7800000
8046.99993133545;16.6833021;16.6831822;0.04567872;0.04587074;16.8260000
8048.00033569336;16.7283325;16.7283625;0.04526195;0.04538715;16.8710000
8049.00074005127;16.7742295;16.7727679;0.0463217;0.04479304;16.9170000
8050.00019073486;16.8203130;16.8174714;0.04589245;0.0447585;16.9630000
8051.00059509277;16.8653325;16.8621749;0.04561711;0.04472208;17.0090000
8052.00004577637;16.9112391;16.9078321;0.04646911;0.04535654;17.0550000
8053.00045013428;16.9572500;16.9545621;0.04629948;0.04622737;17.1010000
8054.00085449219;17.0032500;17.0014710;0.04619821;0.04664554;17.1470000
8055.00030517578;17.0492500;17.0482606;0.04611023;0.04669314;17.1930000
8056.00070953369;17.0952500;17.0946330;0.04606874;0.04647401;17.2390000
8057.00016021729;17.1412500;17.1409458;0.04603389;0.04636201;17.3310000
8058.0005645752;17.1876922;17.1866030;0.0429319;0.04580669;17.3310000
8059.00001525879;17.2299089;17.2314853;0.06852487;0.04576225;17.3770000
8060.0004196167;17.3243544;17.3090905;0.06198582;0.06661897;17.4240000
8061.00082397461;17.3295553;17.3595757;0.004671804;0.05380789;17.4700000
8062.0002746582;17.3706858;17.3817486;0.0493094;0.03499983;17.5160000
8063.00067901611;17.4181675;17.4175710;0.04680116;0.03601549;17.5630000
8064.00012969971;17.4642705;17.4616784;0.04612995;0.04119114;17.6090000
8065.00053405762;17.5101870;17.5091237;0.04654262;0.04507664;17.6560000
8065.99998474121;17.5571771;17.5569862;0.04668663;0.04674276;17.7020000
8067.00038909912;17.6031979;17.6032394;0.04633001;0.04636176;17.7490000
8068.00079345703;17.6501771;17.6484794;0.04685451;0.0456494;17.7960000
8069.00024414063;17.6962075;17.6941365;0.04649604;0.04571124;17.8420000
8070.00064849854;17.7431045;17.7409858;0.04739491;0.04652181;17.9360000
8071.00009918213;17.7906398;17.7889675;0.04350338;0.04731774;17.9360000
8072.00050354004;17.8327938;17.8349227;0.06922211;0.04691149;17.9830000
8072.99995422363;17.9291990;17.9129452;0.06349617;0.06731371;18.0300000
8074.00035858154;17.9345140;17.9634303;0.005039933;0.05413122;18.0770000
8075.00076293945;17.9766129;17.9857821;0.05018574;0.03526038;18.1240000
8076.00021362305;18.0241250;18.0220813;0.0472277;0.03639471;18.1710000
8077.00061798096;18.0711250;18.0667848;0.04748357;0.04174599;18.2180000
8078.00006866455;18.1181250;18.1155414;0.04728786;0.04609639;18.2650000
8079.00047302246;18.1651250;18.1640596;0.0471187;0.04748383;18.3120000
8079.99992370605;18.2121250;18.2109684;0.04712886;0.0470981;18.3590000
8081.00032806396;18.2591250;18.2572812;0.04720543;0.04663081;18.4060000
8082.00073242188;18.3061250;18.3045477;0.04717574;0.04709485;18.4540000
8083.00018310547;18.3531346;18.3528275;0.04696488;0.04784298;18.5480000
8084.00058746338;18.4005138;18.4008092;0.04413245;0.04782945;18.5480000
8085.00003814697;18.4446288;18.4468240;0.07068413;0.04722861;18.5960000
8086.00044250488;18.5412304;18.5253829;0.06320254;0.06773601;18.6430000
8087.00084686279;18.5464510;18.5756296;0.005434862;0.05415592;18.6910000
8088.00029754639;18.5895401;18.5990542;0.05081268;0.03599968;18.7380000
8089.0007019043;18.6370729;18.6368436;0.04736018;0.03752849;18.7860000
8090.00015258789;18.6850521;18.6818451;0.04802268;0.04223483;18.8340000
8091.0005569458;18.7320825;18.7294096;0.0475631;0.0454849;18.8810000
8092.00000762939;18.7799795;18.7767357;0.04852027;0.04656231;18.9290000
8093.0004119873;18.8280630;18.8239426;0.04803493;0.04694984;18.9770000
8094.00081634521;18.8750825;18.8713283;0.04768358;0.04723881;19.0250000
8095.00026702881;18.9229891;18.9204425;0.04837325;0.04849129;19.1210000
8096.00067138672;18.9714614;18.9700932;0.04482431;0.04911039;19.1210000
8097.00012207031;19.0155137;19.0182537;0.07138221;0.04901746;19.1680000
8098.00052642822;19.1140558;19.0983624;0.0647241;0.06940484;19.2160000
8098.99997711182;19.1195454;19.1493243;0.004695456;0.05514147;19.2650000
8100.00038146973;19.1615692;19.1715569;0.05038003;0.03558065;19.3130000
8101.00078582764;19.2099261;19.2085713;0.04866462;0.03700547;19.3610000
8102.00023651123;19.2589175;19.2550630;0.04916416;0.04298868;19.4570000
8103.00064086914;19.3074723;19.3040580;0.04496276;0.04655572;19.4570000
8104.00009155273;19.3515137;19.3513841;0.07170194;0.04749011;19.5050000
8105.00049591064;19.4500654;19.4319100;0.06492908;0.06913329;19.5540000
8105.99994659424;19.4554920;19.4838256;0.005211303;0.05564916;19.6020000
8107.00035095215;19.4984140;19.5087999;0.05156386;0.03767747;19.6500000
8108.00075531006;19.5479175;19.5498675;0.04851744;0.04021404;19.7470000
8109.00020599365;19.5964819;19.5951671;0.04465951;0.04322388;19.7470000
8110.00061035156;19.6404507;19.6399302;0.07216965;0.04472418;19.7960000
8111.00006103516;19.7399926;19.7186083;0.06595419;0.06691653;19.8440000
8112.00046539307;19.7454303;19.7697491;0.006062587;0.05434328;19.9420000
8112.99991607666;19.7898752;19.7939486;0.04911093;0.03645088;19.9420000
8114.00032043457;19.8343985;19.8335857;0.07253685;0.0394458;19.9900000
8115.00072479248;19.9349005;19.9137539;0.06673175;0.06576732;20.0390000
8116.00017547607;19.9405138;19.9678153;0.005147263;0.05559186;20.0880000
8117.00057983398;19.9834236;19.9911803;0.05178746;0.03632675;20.1370000
8118.00003051758;20.0328641;20.0272411;0.04971602;0.03666067;20.1850000
8119.00043487549;20.0818654;20.0733751;0.0500153;0.04273108;20.2340000
8120.0008392334;20.1309380;20.1257080;0.04915856;0.04873571;20.2830000
8121.00028991699;20.1789575;20.1778621;0.04838734;0.05076602;20.3320000
8122.0006942749;20.2278641;20.2277512;0.0491021;0.05015266;20.4300000
8123.0001449585;20.2773460;20.2756733;0.04578891;0.04865666;20.4300000
8124.00054931641;20.3223160;20.3229398;0.07311148;0.04844842;20.4790000
8125;20.4229210;20.4059691;0.06610553;0.07111258;20.5280000
8126.00040435791;20.4284508;20.4599113;0.005108031;0.05759924;20.5770000
8127.00080871582;20.4723412;20.4833359;0.05216139;0.03724538;20.6270000
8128.00025939941;20.5218846;20.5201120;0.04912816;0.03743894;20.6760000
8129.00066375732;20.5708120;20.5651135;0.05005906;0.04236844;20.7250000
8130.00011444092;20.6207925;20.6151218;0.05036652;0.04718075;20.7740000
8131.00051879883;20.6698859;20.6659049;0.04935403;0.0493205;20.8240000
8131.99996948242;20.7188846;20.7150787;0.04935471;0.04917327;20.9230000
8133.00037384033;20.7682926;20.7630605;0.0465403;0.04833741;20.9230000
8134.00077819824;20.8141705;20.8116979;0.07461533;0.04918982;20.9720000
8135.00022888184;20.9158494;20.8965749;0.06700949;0.07249276;21.0220000
8136.00063323975;20.9214713;20.9525436;0.004992439;0.05942709;21.0710000
8137.00008392334;20.9652781;20.9781736;0.05237376;0.03924399;21.1210000
8138.00048828125;21.0158021;21.0164398;0.04959431;0.03907839;21.1700000
8138.99993896484;21.0648229;21.0616798;0.04968483;0.04302683;21.2200000
8140.00034332275;21.1148021;21.1106152;0.05013185;0.04676178;21.2700000
8141.00074768066;21.1638325;21.1599678;0.04969589;0.04827479;21.3190000
8142.00019836426;21.2137295;21.2092012;0.05066338;0.04889036;21.3690000
8143.00060272217;21.2638130;21.2593288;0.05007546;0.04967271;21.4190000
8144.00005340576;21.3128325;21.3104099;0.04953521;0.05056697;21.4690000
8145.00045776367;21.3627391;21.3617295;0.050202;0.05108118;21.5190000
8146.00086212158;21.4127500;21.4134068;0.04992682;0.05140868;21.5690000
8147.00031280518;21.4627500;21.4638323;0.04987941;0.05071995;21.6190000
8148.00071716309;21.5127500;21.5126485;0.05001131;0.04950133;21.6690000
8149.00016784668;21.5627500;21.5607494;0.0502229;0.04861575;21.7190000
8150.00057220459;21.6127500;21.6095656;0.05035479;0.04878566;21.7690000
8151.00002288818;21.6627500;21.6593951;0.05037379;0.04947032;21.8190000
8152.00042724609;21.7127500;21.7095822;0.05035295;0.04991927;21.8690000
8153.000831604;21.7627500;21.7600078;0.05030553;0.05024028;21.9690000
8154.0002822876;21.8132306;21.8094796;0.04695113;0.04965869;21.9690000
8155.00068664551;21.8591184;21.8581766;0.07477941;0.04964026;22.0190000
8156.0001373291;21.9617765;21.9421596;0.06771301;0.07207269;22.0700000
8157.00054168701;21.9674288;21.9971150;0.005412171;0.05852551;22.1200000
8157.99999237061;22.0121422;22.0227450;0.05371873;0.03895625;22.2210000
8159.00039672852;22.0641578;22.0629186;0.04733663;0.04008195;22.2210000
8160.00080108643;22.1100663;22.1096486;0.07505564;0.0449228;22.3220000
8161.00025177002;22.2141843;22.1934527;0.06503578;0.07016907;22.3220000
8162.00065612793;22.2157355;22.2481698;0.03018443;0.05825058;22.3720000
8163.00010681152;22.3141493;22.3075956;0.07146815;0.06083742;22.4230000
8164.00051116943;22.3204397;22.3497361;0.00536608;0.0465151;22.4730000
8164.99996185303;22.3651422;22.3715514;0.05418597;0.03262065;22.5240000
8166.00036621094;22.4166771;22.4144072;0.05091827;0.03944844;22.5740000
8167.00077056885;22.4666979;22.4637002;0.05066863;0.04559228;22.6760000
8168.00022125244;22.5181674;22.5140065;0.04759283;0.04837582;22.6760000
8169.00062561035;22.5640033;22.5625843;0.07559136;0.04900763;22.7270000
8170.00007629395;22.6686211;22.6466865;0.06937131;0.07198416;22.8280000
8171.00048065186;22.6748682;22.7014035;0.00254155;0.05819485;22.8280000
8171.99993133545;22.7164282;22.7285832;0.07895496;0.04070092;22.9300000
8173.00033569336;22.8212048;22.8055924;0.06430655;0.06436687;22.9300000
8174.00074005127;22.8226725;22.8550047;0.03061997;0.05275377;22.9810000
8175.00019073486;22.9220764;22.9112715;0.07260718;0.05681827;23.0320000
8176.00059509277;22.9283876;22.9517430;0.00636264;0.04401376;23.0830000
8177.00004577637;22.9740694;22.9703993;0.05597434;0.02950646;23.1850000
8178.00045013428;23.0261153;23.0109901;0.04914908;0.03696071;23.1850000
8179.00085449219;23.0729208;23.0626673;0.07731038;0.04678373;23.2360000
8180.00030517578;23.1776320;23.1538028;0.06949288;0.07538264;23.2870000
8181.00070953369;23.1833876;23.2143611;0.00551385;0.06307215;23.3890000
8182.00016021729;23.2295596;23.2411236;0.05074086;0.04113536;23.3890000
8183.0005645752;23.2769208;23.2780785;0.07603898;0.03962874;23.4400000
8184.00001525879;23.3816320;23.3602137;0.06922427;0.06722487;23.4910000
8185.0004196167;23.3873876;23.4159440;0.005783157;0.05709499;23.5430000
8186.00082397461;23.4330790;23.4413952;0.05456952;0.03827424;23.5940000
8187.0002746582;23.4845620;23.4791845;0.0520233;0.03842007;23.6450000
8188.00067901611;23.5365425;23.5263318;0.05287235;0.04407684;23.6970000
8189.00012969971;23.5876455;23.5794992;0.05174879;0.04979648;23.7480000
8190.00053405762;23.6385620;23.6337394;0.05196147;0.05248791;23.7990000
8190.99998474121;23.6905425;23.6874432;0.05208002;0.05319118;23.9020000
8192.00038909912;23.7421358;23.7388820;0.04766754;0.05185788;23.9020000
8193.00079345703;23.7888578;23.7876982;0.07672132;0.05059134;23.9540000
8194.00024414063;23.8945591;23.8725752;0.06995264;0.07309661;24.0050000
8195.00064849854;23.9003354;23.9289612;0.006110054;0.05973397;24.0570000
8196.00009918213;23.9469965;23.9559621;0.05523186;0.04025315;24.1080000
8197.00050354004;23.9985729;23.9967913;0.05153314;0.04104353;24.1600000
8197.99995422363;24.0505521;24.0447730;0.05230925;0.04547726;24.2120000
8199.00035858154;24.1015825;24.0958542;0.05190353;0.04898704;24.3150000
8200.00076293945;24.1539794;24.1476506;0.04925852;0.05058431;24.3150000
8201.00021362305;24.2017862;24.1990298;0.07754441;0.05166162;24.3670000
8202.00061798096;24.3075700;24.2866487;0.06974472;0.07513141;24.4190000
8203.00006866455;24.3133451;24.3437499;0.005842515;0.06092395;24.4700000
8204.00047302246;24.3599239;24.3706316;0.05553126;0.04074241;24.5220000
8204.99992370605;24.4125630;24.4134873;0.05147286;0.04253117;24.5740000
8206.00032806396;24.4635825;24.4623632;0.05140115;0.04644194;24.6780000
8207.00073242188;24.5159890;24.5128483;0.04883397;0.04888486;24.6780000
8208.00018310547;24.5637231;24.5629758;0.07774471;0.0502446;24.7820000
8209.00058746338;24.6709874;24.6490449;0.06698775;0.07353789;24.7820000
8210.00003814697;24.6725791;24.7038216;0.03132112;0.05947817;24.8340000
8211.00044250488;24.7739210;24.7637838;0.07393284;0.06167165;24.8860000
8212.00084686279;24.7803560;24.8070568;0.006165688;0.04763543;24.9380000
8213.00029754639;24.8269335;24.8311967;0.05617995;0.03450103;24.9900000
8214.0007019043;24.8795000;24.8748869;0.05251398;0.04065835;25.0420000
8215.00015258789;24.9315000;24.9250740;0.05271596;0.04658724;25.0940000
8216.0005569458;24.9835000;24.9769897;0.05272536;0.04985981;25.1460000
8217.00000762939;25.0355000;25.0286073;0.05276797;0.05089511;25.1980000
8218.0004119873;25.0875000;25.0798673;0.05285041;0.05111861;25.2510000
8219.00081634521;25.1395096;25.1316637;0.05280483;0.05155188;25.3030000
8220.00026702881;25.1914370;25.1853079;0.05310704;0.05296164;25.3550000
8221.00067138672;25.2444175;25.2419919;0.05300495;0.05535561;25.4600000
8222.00012207031;25.2970204;25.2976030;0.04817076;0.05524115;25.4600000
8223.00052642822;25.3446601;25.3490419;0.0775974;0.05337138;25.5650000
8223.99997711182;25.4529146;25.4351706;0.06718532;0.07477579;25.5650000
8225.00038146973;25.4545270;25.4893512;0.03125669;0.05957296;25.6170000
8226.00078582764;25.5568385;25.5488962;0.07442299;0.061495;25.6690000
8227.00023651123;25.5633669;25.5912751;0.005941642;0.04690843;25.7220000
8228.00064086914;25.6099431;25.6116599;0.05639433;0.03176992;25.7740000
8229.00009155273;25.6624370;25.6543964;0.05332002;0.03911591;25.8270000
8230.00049591064;25.7154271;25.7064909;0.05366101;0.04721656;25.8790000
8230.99994659424;25.7674479;25.7616848;0.05297674;0.05209552;25.9320000
8232.00035095215;25.8204271;25.8159250;0.05316698;0.05331381;26.0370000
8233.00075531006;25.8729574;25.8677215;0.0492432;0.05221013;26.0370000
8234.00020599365;25.9215776;25.9176702;0.07925566;0.05144457;26.1420000
8235.00061035156;26.0299254;26.0049314;0.06790358;0.07480659;26.1420000
8236.00006103516;26.0315270;26.0631651;0.03161168;0.06224833;26.1950000
8237.00046539307;26.1338481;26.1285514;0.07405888;0.06610751;26.2480000
8237.99991607666;26.1403134;26.1753410;0.00550324;0.05139124;26.3000000
8239.00032043457;26.1877880;26.1976928;0.05671023;0.03454658;26.3530000
8240.00072479248;26.2414380;26.2381047;0.05294723;0.03872839;26.4060000
8241.00017547607;26.2934575;26.2868017;0.05300687;0.04497819;26.4590000
8242.00057983398;26.3463641;26.3394326;0.0538618;0.04979131;26.5120000
8243.00003051758;26.3993750;26.3933748;0.05366852;0.05227137;26.5640000
8244.00043487549;26.4523654;26.4470190;0.05366502;0.05312141;26.6170000
8245.0008392334;26.5054380;26.5004248;0.0531344;0.05326718;26.6700000
8246.00028991699;26.5574575;26.5541882;0.05262956;0.05359189;26.7230000
8247.0006942749;26.6103641;26.6090840;0.05323214;0.05443424;26.7760000
8248.0001449585;26.6633750;26.6642183;0.05290604;0.05479183;26.8820000
8249.00054931641;26.7168845;26.7167300;0.04934241;0.05316925;26.8820000
8250;26.7655255;26.7660231;0.07909951;0.05128762;26.9350000
8251.00040435791;26.8743431;26.8515557;0.0719979;0.07372842;26.9880000
8252.00080871582;26.8803243;26.9075245;0.006285827;0.05975709;27.0410000
8253.00025939941;26.9277976;26.9342870;0.05702142;0.04022305;27.0940000
8254.00066375732;26.9813750;26.9772023;0.05346491;0.042376;27.1470000
8255.00011444092;27.0343750;27.0290584;0.05359236;0.04833918;27.2000000
8256.00051879883;27.0873750;27.0839542;0.05338113;0.05239438;27.2530000
8256.99996948242;27.1403750;27.1382541;0.0532363;0.05346191;27.3600000
8258.00037384033;27.1938941;27.1899313;0.04969738;0.0521809;27.3600000
8259.00077819824;27.2424625;27.2398204;0.07987348;0.05138807;27.4130000
8260.00022888184;27.3522606;27.3291082;0.07277326;0.07623342;27.4660000
8261.00063323975;27.3583352;27.3890108;0.005809087;0.06302631;27.5730000
8262.00008392334;27.4063167;27.4179191;0.05270761;0.04261718;27.5730000
8263.00048828125;27.4554625;27.4597615;0.07910012;0.04312813;27.6260000
8263.99993896484;27.5652606;27.5453538;0.07241164;0.07068703;27.6790000
8265.00034332275;27.5713352;27.6018590;0.005826;0.05882062;27.7330000
8266.00074768066;27.6188072;27.6270122;0.05676094;0.03878694;27.7860000
8267.00019836426;27.6723120;27.6659340;0.05413477;0.03940401;27.8930000
8268.00060272217;27.7268116;27.7143926;0.05137425;0.04516912;27.8930000
8269.00005340576;27.7754734;27.7689904;0.0802119;0.05177197;27.9990000
8270.00045776367;27.8857701;27.8619141;0.06917685;0.07829995;27.9990000
8271.00086212158;27.8874857;27.9225320;0.03147706;0.06487413;28.1060000
8272.00031280518;27.9912848;27.9853553;0.07111994;0.06525501;28.1060000
8273.00071716309;27.9934118;28.0279130;0.03205147;0.04913094;28.1600000
8274.00016784668;28.0976928;28.0850143;0.07628143;0.05627661;28.2130000
8275.00057220459;28.1042722;28.1301946;0.006762827;0.04673956;28.2670000
8276.00002288818;28.1527247;28.1526655;0.05841643;0.03277689;28.3740000
8277.00042724609;28.2068420;28.1935543;0.05107097;0.0382158;28.4280000
8278.000831604;28.2568991;28.2431454;0.07810207;0.04596803;28.4280000
8279.0002822876;28.3623590;28.3352346;0.09970541;0.07650059;28.4810000
8280.00068664551;28.4252208;28.4341187;0.02542919;0.08803684;28.5350000
8281.0001373291;28.4257674;28.4675569;0.009245937;0.05179978;28.6420000
8282.00054168701;28.4742537;28.4811467;0.05365648;0.02953973;28.6420000
8282.99999237061;28.5243800;28.5199493;0.08080745;0.03660717;28.6960000
8284.00039672852;28.6342811;28.6060781;0.07317714;0.06860408;28.7490000
8285.00080108643;28.6402722;28.6632985;0.007085504;0.05842849;28.8030000
8286.00025177002;28.6887247;28.6895246;0.0583207;0.03938814;28.8570000
8287.00065612793;28.7423325;28.7301153;0.05462651;0.04059906;28.9640000
8288.00010681152;28.7967486;28.7815541;0.05210764;0.04748835;28.9640000
8289.00051116943;28.8463909;28.8397283;0.08096661;0.05483395;29.0180000
8289.99996185303;28.9562811;28.9355129;0.07234877;0.08120624;29.0720000
8291.00036621094;28.9622818;28.9972037;0.005690798;0.06587527;29.1260000
8292.00077056885;29.0106617;29.0253371;0.05719889;0.04322603;29.1790000
8293.00022125244;29.0652404;29.0663451;0.05394625;0.04241893;29.2330000
8294.00062561035;29.1193130;29.1159362;0.05395208;0.04706703;29.2870000
8295.00007629395;29.1723325;29.1685671;0.05368483;0.050571;29.3950000
8296.00048065186;29.2267582;29.2207212;0.051018;0.05139779;29.3950000
8296.99993133545;29.2763279;29.2719812;0.08113272;0.05194258;29.4490000
8298.00033569336;29.3871986;29.3618650;0.07359213;0.07670984;29.5030000
8299.00074005127;29.3932927;29.4217676;0.006319581;0.0632836;29.5570000
8300.00019073486;29.4416617;29.4519872;0.05768354;0.04382538;29.6100000
8301.00059509277;29.4962404;29.4980020;0.05387306;0.04556109;29.6640000
8302.00004577637;29.5503130;29.5483083;0.0537992;0.04846044;29.7180000
8303.00045013428;29.6033325;29.5992107;0.05372454;0.0499293;29.8260000
8304.00085449219;29.6577582;29.6492189;0.0512968;0.04989146;29.8260000
8305.00030517578;29.7073279;29.6996445;0.08150449;0.05099456;29.8800000
8306.00070953369;29.8181986;29.7903031;0.07387757;0.0768792;29.9340000
8307.00016021729;29.8242927;29.8516959;0.006438987;0.06424845;30.0420000
8308.0005645752;29.8731808;29.8817367;0.05413656;0.04377823;30.0420000
8309.00001525879;29.9233279;29.9245328;0.08051419;0.0441775;30.0970000
8310.0004196167;30.0342082;30.0106019;0.07333035;0.0713369;30.1510000
8311.00082397461;30.0402297;30.0677628;0.006848668;0.05951171;30.2050000
8312.0002746582;30.0895792;30.0953597;0.05892463;0.04062144;30.2590000
8313.00067901611;30.1442609;30.1374406;0.05467038;0.04198069;30.3130000
8314.00012969971;30.1982500;30.1887006;0.05506397;0.04788406;30.3670000
8315.00053405762;30.2522500;30.2456230;0.05473836;0.05356631;30.4210000
8315.99998474121;30.3062500;30.3031415;0.05434634;0.05589513;30.4750000
8317.00038909912;30.3602500;30.3589315;0.0541469;0.05571296;30.5300000
8318.00079345703;30.4142596;30.4125756;0.05411829;0.05439198;30.6380000
8319.00024414063;30.4687061;30.4655046;0.05103671;0.05338893;30.6380000
8320.00064849854;30.5192454;30.5180163;0.08152007;0.0535424;30.7460000
8321.00009918213;30.6307286;30.6083769;0.06942624;0.07742818;30.7460000
8322.00050354004;30.6323706;30.6657762;0.03241865;0.06255822;30.8010000
8322.99995422363;30.7376199;30.7285399;0.07654584;0.06452653;30.8550000
8324.00035858154;30.7442297;30.7733029;0.006677074;0.04953669;30.9090000
8325.00076293945;30.7935792;30.7978601;0.05909171;0.03541343;31.0180000
8326.00021362305;30.8487896;30.8420271;0.05085046;0.04116138;31.0180000
8327.00061798096;30.8982649;30.8920354;0.08176666;0.04740097;31.0720000
8328.00006866455;31.0101161;30.9824556;0.07458609;0.07532689;31.1260000
8329.00047302246;31.0163036;31.0418219;0.006559477;0.06228634;31.1810000
8329.99992370605;31.0646713;31.0703129;0.05813608;0.04226385;31.2350000
8331.00032806396;31.1191870;31.1154932;0.0548357;0.04473481;31.2890000
8332.00073242188;31.1741675;31.1707467;0.05511583;0.0512975;31.3440000
8333.00018310547;31.2282705;31.2273115;0.05394799;0.05447268;31.3980000
8334.00058746338;31.2821870;31.2817902;0.05446836;0.05436805;31.4520000
8335.00003814697;31.3371675;31.3345999;0.05502077;0.0533879;31.5610000
8336.00044250488;31.3917896;31.3869924;0.05063149;0.05261109;31.5610000
8337.00084686279;31.4412649;31.4394445;0.08127542;0.05323979;31.6700000
8338.00029754639;31.5536448;31.5307588;0.07024065;0.07800956;31.6700000
8339.0007019043;31.5553185;31.5900058;0.03261048;0.06397935;31.7240000
8340.00015258789;31.6615278;31.6544980;0.07712144;0.06616409;31.7790000
8341.0005569458;31.6683132;31.7000360;0.00579886;0.05050478;31.8330000
8342.00000762939;31.7165987;31.7234010;0.05850023;0.03503523;31.8870000
8343.0004119873;31.7721675;31.7671508;0.05529365;0.04097765;31.9960000
8344.00081634521;31.8267896;31.8177551;0.0511036;0.04691447;31.9960000
8345.00026702881;31.8762649;31.8697304;0.08180065;0.05070474;32.0510000
8346.00067138672;31.9881257;31.9602698;0.07453853;0.07658498;32.1050000
8347.00012207031;31.9942406;32.0200533;0.006950834;0.0630301;32.1600000
8348.00052642822;32.0435888;32.0499748;0.05878783;0.04347906;32.2140000
8348.99997711182;32.0981979;32.0984334;0.05430839;0.04696608;32.3230000
8350.00038146973;32.1536962;32.1521372;0.05109492;0.05095991;32.3230000
8351.00078582764;32.2032758;32.2047085;0.08082344;0.05256145;32.3780000
8352.00023651123;32.3151257;32.2943539;0.07374924;0.07676439;32.4320000
8353.00064086914;32.3212406;32.3516339;0.006440475;0.06153375;32.4870000
8354.00009155273;32.3705888;32.3782176;0.05864936;0.04086342;32.5410000
8355.00049591064;32.4251979;32.4222058;0.054668;0.04343779;32.6500000
8355.99994659424;32.4806962;32.4750156;0.05155414;0.04923956;32.6500000
8357.00035095215;32.5302758;32.5293154;0.08109008;0.05300181;32.7600000
8358.00075531006;32.6426544;32.6205105;0.07008864;0.07773525;32.7600000
8359.00020599365;32.6442555;32.6783270;0.03310325;0.06291744;32.8690000
8360.00061035156;32.7519740;32.7409715;0.07448532;0.06460752;32.8690000
8361.00006103516;32.7543294;32.7848405;0.03298626;0.04973348;32.9230000
8362.00046539307;32.8605278;32.8441471;0.0781633;0.05799273;32.9780000
8363.00086975098;32.8673132;32.8902215;0.00678095;0.04790121;33.0320000
8364.00032043457;32.9155987;32.9125733;0.05959521;0.03321211;33.0870000
8365.00072479248;32.9711771;32.9550714;0.05645982;0.03958921;33.1420000
8366.00017547607;33.0252075;33.0091328;0.0560563;0.04871094;33.1960000
8367.00057983398;33.0801045;33.0689162;0.05640543;0.05566143;33.2510000
8368.00003051758;33.1351880;33.1299514;0.05515929;0.05885621;33.3050000
8369.00043487549;33.1891979;33.1881851;0.05444747;0.05832473;33.4150000
8370.0008392334;33.2447058;33.2426042;0.05108605;0.055705;33.4150000
8371.00028991699;33.2942127;33.2943410;0.08139292;0.05391243;33.4690000
8372.0006942749;33.4070336;33.3857149;0.0746142;0.07847744;33.5240000
8373.0001449585;33.4133241;33.4459752;0.005605915;0.06395709;33.5790000
8374.00054931641;33.4616083;33.4731549;0.0579023;0.04204942;33.6880000
8375;33.5176332;33.5141629;0.05173203;0.04185528;33.6880000
8376.00040435791;33.5681933;33.5630983;0.08228544;0.0470055;33.7420000
8377.00080871582;33.6801270;33.6544723;0.0742731;0.07575601;33.7970000
8378.00025939941;33.6863132;33.7150306;0.006133715;0.06309787;33.8520000
8379.00066375732;33.7346083;33.7429852;0.05825546;0.04211481;33.9060000
8380.00011444092;33.7901045;33.7836951;0.05587297;0.04173154;33.9610000
8381.00051879883;33.8451880;33.8345379;0.05576245;0.04768048;34.0160000
8381.99996948242;33.8992075;33.8914007;0.05513511;0.05344278;34.0700000
8383.00037384033;33.9541045;33.9496941;0.05565025;0.05642716;34.1250000
8384.00077819824;34.0091880;34.0069741;0.05482251;0.05684027;34.1800000
8385.00022888184;34.0632075;34.0618104;0.05442096;0.05545754;34.2890000
8386.00063323975;34.1186332;34.1144413;0.05181243;0.05360616;34.2890000
8387.00008392334;34.1691933;34.1664762;0.0820205;0.0533517;34.3980000
8388.00048828125;34.2816557;34.2576117;0.07028016;0.07794983;34.3980000
8388.99993896484;34.2833185;34.3173355;0.03268516;0.06419489;34.4530000
8390.00034332275;34.3895374;34.3831987;0.07697511;0.0671678;34.5080000
8391.00074768066;34.3962502;34.4295115;0.006051596;0.05138721;34.5630000
8392.00019836426;34.4455258;34.4522208;0.05917756;0.03496714;34.6720000
8393.00060272217;34.5016441;34.4954938;0.05194111;0.04052868;34.6720000
8394.00005340576;34.5521933;34.5466942;0.08233047;0.04791379;34.7810000
8395.00045776367;34.6646557;34.6381873;0.07055029;0.07593286;34.7810000
8396.00086212158;34.6663185;34.6963019;0.03313458;0.06233357;34.8360000
8397.00031280518;34.7725374;34.7600788;0.07765698;0.06517889;34.8910000
8398.00071716309;34.7792502;34.8050207;0.006886203;0.04979735;35.0000000
8399.00016784668;34.8290449;34.8285050;0.05623952;0.03473983;35.0550000
8400.00057220459;34.8807220;34.8736853;0.0786883;0.04220577;35.0550000
8401.00002288818;34.9881419;34.9635095;0.1012318;0.07354473;35.1090000
8402.00042724609;35.0521697;35.0592345;0.02611976;0.08498082;35.1640000
8403.000831604;35.0527249;35.0902886;0.009982062;0.04920634;35.2190000
8404.0002822876;35.1016083;35.1023883;0.05910189;0.02767472;35.2730000
8405.00068664551;35.1571045;35.1434559;0.05667955;0.0367936;35.3280000
8406.0001373291;35.2121880;35.1992458;0.05601783;0.04879316;35.3830000
8407.00054168701;35.2662075;35.2590889;0.05505843;0.05553674;35.4370000
8407.99999237061;35.3211045;35.3173822;0.05557358;0.05709996;35.4920000
8409.00039672852;35.3761880;35.3735298;0.05487202;0.05638686;35.5470000
8410.00080108643;35.4302075;35.4271740;0.05460328;0.05463207;35.6020000
8411.00025177002;35.4851141;35.4802817;0.05562793;0.05376438;35.6560000
8412.00065612793;35.5401154;35.5355352;0.05557965;0.05479686;35.7110000
8413.00010681152;35.5951880;35.5925769;0.05486677;0.05617867;35.7660000
8414.00051116943;35.6492075;35.6484264;0.05435232;0.05591429;35.8200000
8414.99996185303;35.7041045;35.7027859;0.05530577;0.05490597;35.8750000
8416.00036621094;35.7591880;35.7566685;0.05485656;0.05423488;35.9300000
8417.00077056885;35.8132075;35.8095378;0.05467417;0.05337141;35.9840000
8418.00022125244;35.8681045;35.8624071;0.05579364;0.0531219;36.0390000
8419.00062561035;35.9231880;35.9164685;0.05532452;0.05372804;36.0940000
8420.00007629395;35.9772075;35.9708280;0.05497609;0.05413726;36.2030000
8421.00048065186;36.0326332;36.0253662;0.05215504;0.05430806;36.2580000
8421.99993133545;36.0837220;36.0796064;0.07836284;0.05475851;36.2580000
8423.00033569336;36.1911419;36.1712784;0.1007004;0.07950674;36.3670000
8424.00074005127;36.2556984;36.2680763;0.02171431;0.08779957;36.3670000
8425.00019073486;36.2517302;36.2992496;0.03601475;0.05098458;36.4210000
8426.00059509277;36.3585278;36.3487810;0.07742417;0.05248147;36.4760000
8427.00004577637;36.3653132;36.3880009;0.006805529;0.04165777;36.5310000
8428.00045013428;36.4136083;36.4097566;0.05961794;0.03082022;36.5850000
8429.00085449219;36.4691045;36.4560098;0.05661783;0.04102658;36.6950000
8430.00030517578;36.5247167;36.5124554;0.05212849;0.05052404;36.6950000
8431.00070953369;36.5742127;36.5702123;0.08185294;0.05557962;36.8040000
8432.00016021729;36.6875624;36.6640300;0.07104737;0.08026788;36.8040000
8433.0005645752;36.6893294;36.7232174;0.03261001;0.0646788;36.9130000
8434.00001525879;36.7960565;36.7866367;0.07357427;0.06562032;36.9130000
8435.0004196167;36.7983185;36.8318171;0.03274292;0.05093344;37.0220000
8436.00082397461;36.9050565;36.8925542;0.07391772;0.05907528;37.0220000
8437.0002746582;36.9073185;36.9383306;0.03301996;0.04871768;37.0770000
8438.00067901611;37.0135374;36.9969219;0.07812013;0.0568764;37.1860000
8439.00012969971;37.0207693;37.0394796;0.003928696;0.04521558;37.1860000
8440.00053405762;37.0655941;37.0606989;0.08718668;0.03233066;37.2400000
8440.99998474121;37.1781270;37.1396751;0.07569893;0.06310101;37.2950000
8442.00038909912;37.1843132;37.1979088;0.007818548;0.05704529;37.3500000
8443.00079345703;37.2326083;37.2300357;0.05947543;0.04263136;37.4040000
8444.00024414063;37.2881045;37.2786135;0.05621632;0.04673319;37.5130000
8445.00064849854;37.3437071;37.3347015;0.05183508;0.05255408;37.5130000
8446.00009918213;37.3932758;37.3923391;0.08108744;0.05629633;37.6220000
8447.00050354004;37.5056448;37.4863357;0.06984212;0.08075114;37.6220000
8447.99995422363;37.5073185;37.5457019;0.03219867;0.06495734;37.7310000
8449.00035858154;37.6140565;37.6084060;0.07315431;0.06536158;37.7310000
8450.00076293945;37.6163185;37.6507849;0.03263509;0.04902515;37.8400000
8451.00021362305;37.7230565;37.7075285;0.07425483;0.05597183;37.8400000
8452.00061798096;37.7253185;37.7516359;0.03354303;0.04657375;37.9490000
8453.00006866455;37.8320565;37.8097505;0.07501002;0.05566926;37.9490000
8454.00047302246;37.8343185;37.8533811;0.03435135;0.04620773;38.0580000
8455.00087738037;37.9410565;37.9116744;0.07579842;0.0556971;38.0580000
8456.00032806396;37.9433185;37.9572124;0.03492723;0.04747956;38.1130000
8457.00073242188;38.0495374;38.0190820;0.07966214;0.05852738;38.1670000
8458.00018310547;38.0562406;38.0694479;0.008355296;0.05084892;38.2210000
8459.00058746338;38.1055792;38.0987138;0.0603336;0.038626;38.2760000
8460.00003814697;38.1602705;38.1475896;0.05525402;0.04552349;38.3300000
8461.00044250488;38.2141870;38.2050485;0.05544234;0.05293798;38.3850000
8462.00084686279;38.2691771;38.2650704;0.05512292;0.05737073;38.4390000
8463.00029754639;38.3231979;38.3230657;0.05434936;0.05755293;38.4930000
8464.0007019043;38.3781675;38.3783192;0.05471779;0.05607801;38.5480000
8465.00015258789;38.4322705;38.4316653;0.05390857;0.05431603;38.6020000
8466.0005569458;38.4861870;38.4847135;0.05458832;0.05357845;38.7110000
8467.00000762939;38.5416962;38.5381192;0.05131976;0.05343184;38.7110000
8468.0004119873;38.5912758;38.5914654;0.08096195;0.0540108;38.8190000
8469.00081634521;38.7036352;38.6817664;0.07019665;0.0775627;38.8190000
8470.00026702881;38.7053815;38.7393445;0.03226702;0.06271597;38.8740000
8471.00067138672;38.8106199;38.8019294;0.07650245;0.06447964;38.9820000
8472.00012207031;38.8177488;38.8452620;0.003106743;0.04854528;38.9820000
8473.00052642822;38.8626571;38.8678521;0.0856383;0.03460912;39.0370000
8473.99997711182;38.9742191;38.9480800;0.07352302;0.06454403;39.0910000
8475.00038146973;38.9802297;39.0033931;0.007335529;0.05580407;39.1450000
8476.00078582764;39.0295792;39.0309900;0.05941149;0.03930346;39.2540000
8477.00023651123;39.0847896;39.0726537;0.05144915;0.04099962;39.2540000
8478.00064086914;39.1342649;39.1228408;0.08234543;0.04758268;39.3080000
8479.00009155273;39.2461161;39.2173738;0.07470661;0.07804493;39.3620000
8480.00049591064;39.2523036;39.2824620;0.006042489;0.06687593;39.4160000
8480.99994659424;39.3006617;39.3147081;0.05726897;0.04618639;39.4700000
8482.00035095215;39.3552500;39.3588752;0.05359609;0.04525955;39.5250000
8483.00075531006;39.4092596;39.4091219;0.053946;0.04846179;39.5790000
8484.00020599365;39.4631870;39.4617528;0.05458394;0.051013;39.6330000
8485.00061035156;39.5181675;39.5155162;0.0550301;0.05266347;39.6870000
8486.00006103516;39.5722609;39.5685643;0.05432234;0.05283626;39.7410000
8487.00046539307;39.6262500;39.6209568;0.05458975;0.05255197;39.7950000
8488.00086975098;39.6802500;39.6743030;0.0546626;0.05310158;39.9030000
8489.00032043457;39.7347691;39.7284240;0.05096281;0.05364914;39.9030000
8490.00072479248;39.7843279;39.7823662;0.080867;0.05446967;39.9580000
8491.00017547607;39.8952082;39.8737401;0.07309211;0.07852581;40.0120000
8492.00057983398;39.9012297;39.9331659;0.006358085;0.06365108;40.0660000
8493.00003051758;39.9505792;39.9618358;0.05831449;0.04279811;40.1200000
8494.00043487549;40.0052609;40.0039167;0.05406025;0.04281133;40.1740000
8495.0008392334;40.0592500;40.0536865;0.05461987;0.04732197;40.2820000
8496.00028991699;40.1137691;40.1074499;0.05095993;0.05128729;40.2820000
8497.0006942749;40.1633279;40.1612133;0.08088403;0.05343341;40.3360000
8498.0001449585;40.2741986;40.2526468;0.07317077;0.07820635;40.3900000
8499.00054931641;40.2802927;40.3118939;0.005971256;0.06327561;40.4430000
8500;40.3286521;40.3397888;0.05766249;0.0422624;40.5510000
8501.00040435791;40.3838321;40.3830022;0.04992417;0.04317821;40.5510000
8502.00080871582;40.4324104;40.4325337;0.0799;0.04782221;40.6050000
8503.00025939941;40.5431877;40.5218810;0.07323299;0.07486274;40.7130000
8504.00066375732;40.5498118;40.5795783;0.002431534;0.0609575;40.7130000
8505.00011444092;40.5937396;40.6049103;0.08423781;0.04047772;40.7670000
8506.00051879883;40.7051986;40.6807274;0.07349604;0.063996;40.8210000
8506.99996948242;40.7112927;40.7338351;0.006980565;0.05435821;40.9280000
8508.00037384033;40.7601712;40.7614321;0.05501868;0.03878115;40.9280000
8509.00077819824;40.8103909;40.8063144;0.08067847;0.04360212;40.9820000
8510.00022888184;40.9202811;40.8942312;0.07293725;0.07221027;41.0360000
8511.00063323975;40.9262818;40.9534186;0.006558195;0.06100871;41.0900000
8512.00008392334;40.9746617;40.9817309;0.05804635;0.04153915;41.1430000
8513.00048828125;41.0292404;41.0229177;0.05477379;0.04177982;41.2510000
8513.99993896484;41.0838321;41.0726279;0.05108004;0.04676242;41.2510000
8515.00034332275;41.1324104;41.1270470;0.08051131;0.05221351;41.3040000
8516.00074768066;41.2431781;41.2208647;0.07341448;0.07920163;41.3580000
8517.00019836426;41.2493557;41.2826747;0.005355715;0.06524635;41.4120000
8518.00060272217;41.2967442;41.3105101;0.05656552;0.0428439;41.4650000
8519.00005340576;41.3512295;41.3513393;0.05414662;0.04215948;41.5190000
8520.00045776367;41.4053130;41.4005131;0.05411064;0.0467456;41.5720000
8521.00086212158;41.4583229;41.4535016;0.0538718;0.05066584;41.6260000
8522.00031280518;41.5123021;41.5073842;0.05421331;0.05262826;41.7330000
8523.00071716309;41.5658420;41.5598363;0.05025963;0.05234057;41.7330000
8524.00016784668;41.6153800;41.6108579;0.08081763;0.05215858;41.8400000
8525.00057220459;41.7257906;41.6997284;0.06926382;0.07607593;41.8400000
8526.00002288818;41.7274227;41.7574257;0.03246313;0.06232608;41.8940000
8527.00042724609;41.8316928;41.8210239;0.07605752;0.06504504;41.9470000
8528.000831604;41.8382722;41.8672771;0.006419382;0.05062351;42.0010000
8529.0002822876;41.8867247;41.8915361;0.05787376;0.03556935;42.0540000
8530.00068664551;41.9403229;41.9345707;0.05397552;0.04067756;42.1070000
8531.0001373291;41.9942925;41.9851750;0.05475055;0.04695563;42.1610000
8532.00054168701;42.0473955;42.0390576;0.05377013;0.05123943;42.2140000
8532.99999237061;42.1003120;42.0925826;0.05428534;0.05258769;42.2670000
8534.00039672852;42.1542925;42.1463460;0.05462008;0.05333963;42.3210000
8535.00080108643;42.2073955;42.1999902;0.05366622;0.05353406;42.3740000
8536.00025177002;42.2603120;42.2547669;0.05404197;0.05439382;42.4270000
8537.00065612793;42.3142925;42.3116893;0.05402474;0.05598897;42.4810000
8538.00010681152;42.3673955;42.3678965;0.05278532;0.05599342;42.5340000
8539.00051116943;42.4203120;42.4214810;0.0532939;0.05439112;42.5870000
8539.99996185303;42.4742925;42.4738139;0.05378802;0.05310651;42.6930000
8541.00036621094;42.5278954;42.5244183;0.04962309;0.05141783;42.6930000
8542.00077056885;42.5765255;42.5737709;0.07946186;0.05077286;42.7470000
8543.00022125244;42.6853527;42.6615090;0.07204626;0.07499497;42.8000000
8544.00062561035;42.6912613;42.7196235;0.006580507;0.06148998;42.8530000
8545.00007629395;42.7397151;42.7482337;0.05753004;0.04208747;42.9590000
8546.00048065186;42.7938954;42.7915067;0.04950182;0.04314936;42.9590000
8546.99993133545;42.8425255;42.8402037;0.07941364;0.04726067;43.0650000
8548.00033569336;42.9518526;42.9282993;0.06840843;0.07369532;43.0650000
8549.00074005127;42.9534749;42.9856390;0.03188771;0.0611283;43.1710000
8550.00019073486;43.0572752;43.0475086;0.07161682;0.06336579;43.1710000
8551.00059509277;43.0594749;43.0898875;0.03208285;0.04820015;43.2770000
8552.00004577637;43.1632752;43.1443662;0.07263544;0.05415654;43.2770000
8553.00045013428;43.1654749;43.1876988;0.03299522;0.04553601;43.3300000
8554.00085449219;43.2687656;43.2487935;0.07642867;0.05733639;43.3830000
8555.00030517578;43.2753243;43.2971329;0.006886546;0.0490344;43.4880000
8556.00070953369;43.3232975;43.3207363;0.05442435;0.03422907;43.4880000
8557.00016021729;43.3725885;43.3616251;0.07995231;0.03958898;43.5940000
8558.0005645752;43.4809351;43.4487075;0.0686402;0.07018086;43.5940000
8559.00001525879;43.4824640;43.5084313;0.03266765;0.06131323;43.7000000
8560.0004196167;43.5862752;43.5744137;0.07185023;0.06600834;43.7000000
8561.00082397461;43.5884749;43.6206669;0.0318846;0.05160175;43.7520000
8562.0002746582;43.6917560;43.6777085;0.07583792;0.05701077;43.8580000
8563.00067901611;43.6988969;43.7212795;0.002723634;0.04589449;43.8580000
8564.00012969971;43.7410306;43.7433929;0.08290151;0.03308655;43.9100000
8565.00053405762;43.8503226;43.8208193;0.07290502;0.06223923;43.9630000
8565.99998474121;43.8563874;43.8755960;0.006752083;0.05455697;44.0160000
8567.00038909912;43.9028801;43.9025969;0.05704132;0.03829862;44.0680000
8568.00079345703;43.9563545;43.9437837;0.05455946;0.04051361;44.1730000
8569.00024414063;44.0099379;43.9933747;0.05081581;0.04623683;44.1730000
8570.00064849854;44.0576710;44.0467805;0.07920949;0.0513625;44.2780000
8571.00009918213;44.1659146;44.1387505;0.06823489;0.0775843;44.2780000
8572.00050354004;44.1675270;44.2002625;0.03148941;0.06518259;44.3830000
8572.99995422363;44.2703480;44.2664832;0.07029388;0.06750035;44.3830000
8574.00035858154;44.2725270;44.3121404;0.03072309;0.05176815;44.4350000
8575.00076293945;44.3748385;44.3687052;0.07422144;0.05683163;44.5400000
8576.00021362305;44.3818763;44.4092959;0.002321286;0.04391045;44.5400000
8577.00061798096;44.4240936;44.4262237;0.08250323;0.02904196;44.5930000
8578.00006866455;44.5324147;44.4988817;0.07254995;0.05780823;44.6450000
8579.00047302246;44.5383038;44.5522279;0.007923865;0.05207255;44.6970000
8580.00087738037;44.5858510;44.5811957;0.05790833;0.03877757;44.8020000
8581.00032806396;44.6390204;44.6253032;0.04976401;0.04230248;44.8020000
8582.00073242188;44.6866601;44.6759671;0.07927699;0.04822572;44.9060000
8583.00018310547;44.7949049;44.7666258;0.06842845;0.07567254;44.9060000
8584.00058746338;44.7965900;44.8276610;0.03125072;0.0641203;44.9580000
8585.00003814697;44.8979210;44.8920936;0.07345265;0.06608965;45.0100000
8586.00044250488;44.9043560;44.9372739;0.005472994;0.05032759;45.0620000
8587.00084686279;44.9509335;44.9589700;0.05575954;0.0337528;45.1140000
8588.00029754639;45.0035000;44.9996800;0.05242561;0.03856559;45.1660000
8589.0007019043;45.0555000;45.0487346;0.05275378;0.04521106;45.2180000
8590.00015258789;45.1075000;45.1011867;0.05270341;0.04971828;45.2700000
8591.0005569458;45.1595000;45.1538176;0.05263312;0.05143604;45.3220000
8592.00000762939;45.2115000;45.2056140;0.0526558;0.05163629;45.4260000
8593.0004119873;45.2639999;45.2560991;0.04927481;0.05080002;45.4260000
8594.00081634521;45.3117231;45.3062266;0.07827386;0.05105349;45.4780000
8595.00026702881;45.4184876;45.3945607;0.07081431;0.07547911;45.5300000
8596.00067138672;45.4243560;45.4537481;0.00586583;0.06237789;45.6330000
8597.00012207031;45.4714237;45.4827160;0.05186065;0.04248413;45.6330000
8598.00052642822;45.5197862;45.5247373;0.07668565;0.04310658;45.6850000
8598.99997711182;45.6255700;45.6074089;0.06943719;0.0688882;45.7370000
8600.00038146973;45.6313451;45.6607551;0.005953354;0.05629352;45.7880000
8601.00078582764;45.6779239;45.6841797;0.05602728;0.03676327;45.8400000
8602.00023651123;45.7305630;45.7214922;0.05258649;0.0375528;45.9430000
8603.00064086914;45.7820728;45.7668513;0.04942511;0.04249089;45.9430000
8604.00009155273;45.8297753;45.8179325;0.07864632;0.04865123;46.0460000
8605.00049591064;45.9360603;45.9087104;0.06692486;0.07584491;46.0460000
8605.99994659424;45.9376312;45.9695667;0.03090926;0.0641643;46.1490000
8607.00035095215;46.0384938;46.0337013;0.06906652;0.06575419;46.1490000
8608.00075531006;46.0406312;46.0769147;0.03042482;0.04965711;46.2520000
8609.00020599365;46.1414938;46.1292476;0.06989699;0.05323551;46.2520000
8610.00061035156;46.1436312;46.1679310;0.03176001;0.04234733;46.3550000
8611.00006103516;46.2444938;46.2218732;0.07105288;0.05159609;46.3550000
8612.00046539307;46.2466312;46.2649674;0.03242446;0.04443792;46.4570000
8613.00086975098;46.3474842;46.3225454;0.07138049;0.05454694;46.4570000
8614.00032043457;46.3496942;46.3671297;0.03210066;0.04639053;46.5090000
8615.00072479248;46.4490860;46.4245290;0.07407007;0.05525679;46.6110000
8616.00017547607;46.4558148;46.4683980;0.004450883;0.04550732;46.6110000
8617.00057983398;46.4982827;46.4905709;0.08232733;0.03286953;46.7130000
8618.00003051758;46.6041332;46.5665669;0.06739777;0.06112991;46.7130000
8619.00043487549;46.6056833;46.6215819;0.03236143;0.05505566;46.8150000
8620.0008392334;46.7055666;46.6854781;0.0701054;0.06231815;46.8150000
8621.00028991699;46.7076833;46.7317909;0.0314468;0.05025246;46.8660000
8622.0006942749;46.8070764;46.7885942;0.07346257;0.05629283;46.9170000
8623.0001449585;46.8133876;46.8321652;0.006872687;0.04580764;46.9680000
8624.00054931641;46.8590694;46.8550533;0.05601289;0.03277373;47.0700000
8625;46.9111153;46.8967766;0.04906145;0.03882122;47.0700000
8626.00040435791;46.9579208;46.9477386;0.07730244;0.04706799;47.1720000
8627.00080871582;47.0631223;47.0371455;0.06619602;0.07441667;47.1720000
8628.00025939941;47.0646833;47.0957965;0.03066626;0.06221433;47.2230000
8629.00066375732;47.1640764;47.1577853;0.07210426;0.06390637;47.3240000
8630.00011444092;47.1708682;47.1995682;0.002300365;0.04741419;47.3240000
8631.00051879883;47.2124282;47.2195953;0.0795107;0.03246433;47.3750000
8631.99996948242;47.3167145;47.2955317;0.06846333;0.06102625;47.4260000
8633.00037384033;47.3223767;47.3479838;0.006201276;0.05269487;47.4760000
8634.00077819824;47.3680598;47.3723024;0.05516207;0.03599518;47.5270000
8635.00022888184;47.4196880;47.4106282;0.05158526;0.03779062;47.5770000
8636.00063323975;47.4696979;47.4574179;0.05170284;0.04355235;47.6280000
8637.00008392334;47.5206771;47.5102276;0.05182962;0.04942622;47.6780000
8638.00048828125;47.5706979;47.5657791;0.05088268;0.05317726;47.7290000
8638.99993896484;47.6216771;47.6208538;0.05075709;0.05427172;47.7790000
8640.00034332275;47.6716979;47.6734251;0.0501422;0.05309937;47.8300000
8641.00074768066;47.7226771;47.7234334;0.05058109;0.05115315;47.8800000
8642.00019836426;47.7726979;47.7717728;0.05043771;0.04938183;47.9300000
8643.00060272217;47.8236675;47.8197545;0.05117068;0.04856887;47.9810000
8644.00005340576;47.8737705;47.8682727;0.05045369;0.04854148;48.0810000
8645.00045776367;47.9241676;47.9165525;0.04780581;0.04829212;48.1310000
8646.00086212158;47.9715166;47.9649514;0.07267385;0.04886821;48.1310000
8647.00031280518;48.0701558;48.0480999;0.09256971;0.07185064;48.1810000
8648.00071716309;48.1284457;48.1372089;0.02334003;0.08046061;48.2310000
8649.00016784668;48.1288744;48.1659383;0.009135403;0.04624161;48.2810000
8650.00057220459;48.1742053;48.1794089;0.05389613;0.02752035;48.3310000
8651.00002288818;48.2247500;48.2172579;0.05083475;0.03454418;48.3810000
8652.00042724609;48.2747500;48.2654780;0.05103306;0.04318237;48.4310000
8653.000831604;48.3247500;48.3175725;0.0507997;0.04866275;48.4810000
8654.0002822876;48.3747500;48.3694285;0.05059291;0.05054329;48.5810000
8655.00068664551;48.4252306;48.4193176;0.04719201;0.04995539;48.5810000
8656.0001373291;48.4711184;48.4680146;0.0750203;0.04979606;48.6310000
8657.00054168701;48.5737765;48.5537261;0.06776131;0.07329468;48.6810000
8657.99999237061;48.5794192;48.6117214;0.005190033;0.0608684;48.7300000
8659.00039672852;48.6241956;48.6396164;0.05282709;0.04121399;48.7800000
8660.00080108643;48.6748130;48.6794323;0.04906117;0.0406788;48.8790000
8661.00025177002;48.7243035;48.7231821;0.04599278;0.04256404;48.8790000
8662.00065612793;48.7701705;48.7681836;0.07456122;0.04479282;48.9780000
8663.00010681152;48.8723300;48.8488287;0.06401363;0.06805418;48.9780000
8664.00051116943;48.8738397;48.9005655;0.03015118;0.05567584;49.0770000
8664.99996185303;48.9707853;48.9574880;0.06735265;0.05813447;49.0770000
8666.00036621094;48.9728397;48.9980191;0.03032348;0.04530337;49.1760000
8667.00077056885;49.0697853;49.0534515;0.06769096;0.05361412;49.1760000
8668.00022125244;49.0718397;49.0967244;0.03035631;0.04528224;49.2260000
8669.00062561035;49.1683142;49.1515011;0.07114182;0.05307352;49.2750000
8670.00007629395;49.1743987;49.1925687;0.006923449;0.04305793;49.3240000
8671.00048065186;49.2192587;49.2132515;0.0547904;0.03026951;49.3730000
8672.00088500977;49.2688859;49.2534250;0.0506331;0.03703103;49.4720000
8673.00033569336;49.3183556;49.3034333;0.0471958;0.04512047;49.4720000
8674.00074005127;49.3632530;49.3572563;0.07427328;0.0511509;49.5700000
8675.00019073486;49.4653095;49.4455308;0.06375772;0.07509886;49.5700000
8676.00059509277;49.4669027;49.5012611;0.02887663;0.06065226;49.6680000
8677.00004577637;49.5628582;49.5586008;0.06568007;0.06020453;49.6680000
8678.00045013428;49.5648918;49.5978207;0.02912541;0.045251;49.7660000
8679.00085449219;49.6608582;49.6494383;0.0664781;0.05116088;49.7660000
8680.00030517578;49.6628918;49.6880621;0.02998986;0.04150143;49.8630000
8681.00070953369;49.7588485;49.7383088;0.06756355;0.04881374;49.8630000
8682.00016021729;49.7609549;49.7758001;0.03071609;0.03997129;49.9120000
8683.0005645752;49.8554696;49.8275370;0.07098067;0.0492161;49.9610000
8684.00001525879;49.8614399;49.8696775;0.007784987;0.04251684;50.0100000
8685.0004196167;49.9053412;49.8942942;0.05461722;0.03252316;50.0580000
8686.00082397461;49.9548654;49.9388784;0.05085056;0.04054827;50.1070000
8687.0002746582;50.0039380;49.9920458;0.04990084;0.04832491;50.2040000
8688.00067901611;50.0524189;50.0453323;0.04572674;0.05124891;50.2040000
8689.00012969971;50.0973682;50.0957579;0.07302576;0.05114466;50.3010000
8690.00053405762;50.1974649;50.1780719;0.06231469;0.07144438;50.3010000
8690.99998474121;50.1989440;50.2302856;0.02896762;0.05724605;50.3980000
8692.00038909912;50.2939310;50.2872676;0.06528278;0.05885696;50.3980000
8693.00079345703;50.2959440;50.3276795;0.02892374;0.04549706;50.4950000
8694.00024414063;50.3909310;50.3797144;0.06579009;0.05150523;50.4950000
8695.00064849854;50.3929440;50.4186362;0.02959707;0.04172147;50.5430000
8696.00009918213;50.4874600;50.4694790;0.06994122;0.04933729;50.5910000
8697.00050354004;50.4934933;50.5086392;0.006660467;0.04053763;50.6390000
8697.99995422363;50.5364770;50.5280108;0.05324016;0.0285101;50.6870000
8699.00035858154;50.5850000;50.5674094;0.0499599;0.03586928;50.7840000
8700.00076293945;50.6334710;50.6171793;0.04641772;0.04449549;50.7840000
8701.00021362305;50.6774507;50.6704659;0.07288988;0.05049684;50.8320000
8702.00061798096;50.7769829;50.7573098;0.06583288;0.07401618;50.8790000
8703.00006866455;50.7824837;50.8135170;0.00495967;0.06002569;50.9270000
8704.00047302246;50.8255401;50.8381933;0.05046293;0.03879442;50.9750000
8705.00087738037;50.8730825;50.8741349;0.04714804;0.03745567;51.0230000
8706.00032806396;50.9209891;50.9174079;0.04848852;0.04117463;51.0710000
8707.00073242188;50.9690000;50.9641379;0.04854172;0.04468245;51.1190000
8708.00018310547;51.0170000;51.0118217;0.04857695;0.04651229;51.1660000
8709.00058746338;51.0649904;51.0595650;0.04867382;0.04728999;51.2620000
8710.00003814697;51.1135244;51.1066526;0.04501336;0.04704966;51.2620000
8711.00044250488;51.1565962;51.1531443;0.07133739;0.04727113;51.3090000
8712.00084686279;51.2550449;51.2346834;0.06533373;0.06970153;51.4040000
8713.00029754639;51.2609973;51.2886852;0.001669642;0.0569701;51.4040000
8714.0007019043;51.2991362;51.3121695;0.07337338;0.0376124;51.4990000
8715.00015258789;51.3975888;51.3810128;0.06084913;0.05830406;51.4990000
8716.0005569458;51.3990482;51.4263124;0.02875266;0.0480101;51.5940000
8717.00000762939;51.4920768;51.4788241;0.06468622;0.05250441;51.5940000
8718.0004119873;51.4940482;51.5164942;0.02928949;0.04130147;51.6410000
8719.00081634521;51.5866154;51.5664429;0.06878532;0.04863865;51.6880000
8720.00026702881;51.5925249;51.6069144;0.006568956;0.0411787;51.7350000
8721.00067138672;51.6346129;51.6287297;0.05186284;0.03029136;51.8290000
8722.00012207031;51.6825768;51.6691417;0.04523811;0.036917;51.8290000
8723.00052642822;51.7257113;51.7167658;0.07119069;0.04415546;51.9230000
8723.99997711182;51.8226617;51.7989606;0.06097763;0.06877834;51.9230000
8725.00038146973;51.8241003;51.8523664;0.02830639;0.05697466;52.0170000
8726.00078582764;51.9161497;51.9074411;0.06351456;0.05744453;52.0170000
8727.00023651123;51.9181003;51.9448132;0.02847944;0.04303533;52.1110000
8728.00064086914;52.0101497;51.9942254;0.06431852;0.04895326;52.1580000
8729.00009155273;52.0125522;52.0330876;0.02590894;0.04079045;52.1580000
8730.00049591064;52.1002842;52.0838708;0.0908258;0.04953146;52.2510000
8730.99994659424;52.1560411;52.1558136;0.01969332;0.06179274;52.2510000
8732.00035095215;52.1526513;52.1788806;0.03231652;0.03635004;52.2980000
8733.00075531006;52.2437803;52.2219748;0.06749787;0.04282315;52.3440000
8734.00020599365;52.2494935;52.2589296;0.007369222;0.03693535;52.3910000
8735.00061035156;52.2916760;52.2809238;0.05198118;0.0289905;52.4840000
8736.00006103516;52.3386497;52.3230642;0.04481234;0.03749565;52.4840000
8737.00046539307;52.3817634;52.3730129;0.07083433;0.0458403;52.5300000
8738.00086975098;52.4772828;52.4579496;0.0630844;0.07112002;52.5760000
8739.00032043457;52.4825565;52.5132031;0.004581849;0.05839488;52.6230000
8740.00072479248;52.5237585;52.5363297;0.04864785;0.03718479;52.6690000
8741.00017547607;52.5701870;52.5685758;0.04660366;0.03456561;52.7150000
8742.00057983398;52.6171675;52.6105970;0.04746677;0.03948334;52.7610000
8743.00003051758;52.6632609;52.6578635;0.04651184;0.04432091;52.8070000
8744.00043487549;52.7092500;52.7059049;0.0463727;0.04656579;52.8990000
8745.0008392334;52.7556922;52.7522773;0.04319102;0.04628561;52.8990000
8746.00028991699;52.7979089;52.7967424;0.06883048;0.04561251;52.9450000
8747.0006942749;52.8923544;52.8729767;0.06244417;0.06575561;52.9910000
8748.0001449585;52.8975457;52.9232830;0.005218352;0.05347405;53.0370000
8749.00054931641;52.9387488;52.9464692;0.04925765;0.03554933;53.0830000
8750;52.9852500;52.9834241;0.04620343;0.03686181;53.1290000
8751.00040435791;53.0312500;53.0267567;0.04650063;0.04096061;53.1740000
8752.00080871582;53.0772404;53.0729503;0.04654732;0.04423044;53.2200000
8753.00025939941;53.1233130;53.1199187;0.04595403;0.04587958;53.2660000
8754.00066375732;53.1683325;53.1658739;0.04553923;0.04587546;53.3110000
8755.00011444092;53.2142295;53.2108754;0.04653256;0.04533703;53.4020000
8756.00051879883;53.2607456;53.2555193;0.04303803;0.0448473;53.4020000
8756.99996948242;53.3020544;53.2990307;0.06787855;0.04457385;53.4470000
8758.00037384033;53.3954163;53.3759803;0.06187481;0.06577517;53.4930000
8759.00077819824;53.4005978;53.4271807;0.0047895;0.05396794;53.5380000
8760.00022888184;53.4408217;53.4511417;0.04830264;0.03621266;53.6290000
8761.00063323975;53.4877347;53.4877390;0.04254524;0.03667838;53.6290000
8762.00008392334;53.5290544;53.5280317;0.06765561;0.03947855;53.6740000
8763.00048828125;53.6224163;53.6033720;0.06183117;0.06285784;53.7190000
8764.00089263916;53.6275882;53.6525458;0.005039926;0.05165223;53.7640000
8765.00034332275;53.6678847;53.6735267;0.0483997;0.03338913;53.8090000
8766.00074768066;53.7133750;53.7058324;0.04584038;0.03306789;53.8990000
8767.00019836426;53.7588076;53.7463039;0.04327301;0.0377412;53.8990000
8768.00060272217;53.8001066;53.7927360;0.06802824;0.0437986;53.9890000
8769.00005340576;53.8929314;53.8726658;0.05811243;0.06717565;53.9890000
8770.00045776367;53.8943088;53.9252967;0.02666459;0.05592212;54.0330000
8771.00086212158;53.9819990;53.9797157;0.06332666;0.05654587;54.0780000
8772.00031280518;53.9876403;54.0169090;0.004224956;0.04200296;54.1230000
8773.00071716309;54.0269672;54.0309757;0.047847;0.02568328;54.2120000
8774.00016784668;54.0727871;54.0630430;0.0431244;0.03024506;54.2120000
8775.00057220459;54.1141696;54.1053623;0.06776416;0.0384399;54.3010000
8776.00002288818;54.2060043;54.1834444;0.0577027;0.06404201;54.3010000
8777.00042724609;54.2073610;54.2347640;0.02672937;0.05399731;54.3890000
8778.000831604;54.2945044;54.2882294;0.05998593;0.0552692;54.3890000
8779.0002822876;54.2964240;54.3236941;0.02632003;0.04107227;54.4780000
8780.00068664551;54.3825965;54.3672651;0.06019093;0.04439854;54.4780000
8781.0001373291;54.3843501;54.4010014;0.02801682;0.0361288;54.5220000
8782.00054168701;54.4710814;54.4513077;0.06454071;0.04691366;54.6100000
8782.99999237061;54.4770428;54.4916004;0.002972106;0.04029369;54.6100000
8784.00039672852;54.5128248;54.5104951;0.06991191;0.02847663;54.6980000
8785.00080108643;54.6040663;54.5749277;0.05785983;0.05216854;54.6980000
8786.00025177002;54.6054131;54.6205253;0.02776416;0.04601243;54.7420000
8787.00065612793;54.6911639;54.6738118;0.06353619;0.05228437;54.7860000
8788.00010681152;54.6966089;54.7135085;0.005851462;0.04202511;54.8300000
8789.00051116943;54.7360206;54.7317475;0.0484149;0.02824923;54.9180000
8789.99996185303;54.7809230;54.7659606;0.04261629;0.03244676;54.9180000
8791.00036621094;54.8213042;54.8100680;0.06696545;0.04035919;55.0050000
8792.00077056885;54.9120567;54.8891634;0.05723333;0.06530003;55.0050000
8793.00022125244;54.9134761;54.9422711;0.02581549;0.05553009;55.0480000
8794.00062561035;54.9982368;54.9956769;0.06122272;0.05574039;55.0920000
8795.00007629395;55.0036610;55.0312013;0.00433127;0.04074952;55.1790000
8796.00048065186;55.0425165;55.0437183;0.04408875;0.02402236;55.1790000
8797.00088500977;55.0833563;55.0736398;0.0664615;0.02889865;55.2220000
8798.00033569336;55.1727162;55.1461786;0.05995545;0.05709074;55.2650000
8799.00074005127;55.1776514;55.1979751;0.005204655;0.05111835;55.3090000
8800.00019073486;55.2161661;55.2226514;0.04605737;0.03532244;55.3520000
8801.00059509277;55.2595620;55.2557916;0.04384424;0.03427245;55.3950000
8802.00004577637;55.3035425;55.2950114;0.04468521;0.03746464;55.4380000
8803.00045013428;55.3466359;55.3382844;0.04384098;0.0412126;55.4810000
8804.00085449219;55.3896250;55.3836435;0.04366644;0.0437711;55.5240000
8805.00030517578;55.4326250;55.4297775;0.04331726;0.04520996;55.5670000
8806.00070953369;55.4756250;55.4748983;0.04308096;0.04509597;55.6530000
8807.00016021729;55.5190384;55.5182904;0.04010189;0.04389346;55.6530000
8808.0005645752;55.5585018;55.5592984;0.06413129;0.04258039;55.7380000
8809.00001525879;55.6471915;55.6300491;0.05535137;0.06099701;55.7380000
8810.0004196167;55.6485804;55.6753487;0.02537203;0.04916491;55.8230000
8811.00082397461;55.7318055;55.7226748;0.0575733;0.04950942;55.8230000
8812.0002746582;55.7335695;55.7555169;0.02599869;0.037374;55.8660000
8813.00067901611;55.8164018;55.7983727;0.06147685;0.04255775;55.9080000
8814.00012969971;55.8216200;55.8335394;0.006389419;0.03583209;55.9510000
8815.00053405762;55.8602195;55.8529705;0.04723279;0.02671521;55.9930000
8815.99998474121;55.9026979;55.8897466;0.04377764;0.03341371;56.0780000
8817.00038909912;55.9460809;55.9342712;0.04106906;0.04029917;56.0780000
8818.00079345703;55.9846473;55.9802264;0.06355376;0.04424288;56.1620000
8819.00024414063;56.0722535;56.0544342;0.05485094;0.06362987;56.1620000
8820.00064849854;56.0736325;56.1011046;0.02495898;0.05101686;56.2460000
8821.00009918213;56.1558784;56.1486692;0.05669386;0.05035279;56.2460000
8822.00050354004;56.1576216;56.1813921;0.02546092;0.03770628;56.3300000
8822.99995422363;56.2398784;56.2260360;0.05743291;0.04384128;56.3300000
8824.00035858154;56.2416216;56.2622160;0.0258148;0.0373924;56.3720000
8825.00076293945;56.3234747;56.3093633;0.06037499;0.04520134;56.4140000
8826.00021362305;56.3286721;56.3461989;0.005430019;0.03775987;56.4550000
8827.00061798096;56.3662828;56.3636035;0.04612762;0.02602714;56.5390000
8828.00006866455;56.4092168;56.3963265;0.04009994;0.03057659;56.5390000
8829.00047302246;56.4467820;56.4364404;0.0631441;0.03709998;56.6220000
8830.00087738037;56.5333155;56.5102905;0.0548551;0.06084953;56.6220000
8831.00032806396;56.5346846;56.5595836;0.02491104;0.05152014;56.7050000
8832.00073242188;56.6159513;56.6097111;0.05592053;0.05206996;56.7050000
8833.00018310547;56.6176737;56.6435665;0.02488982;0.03895857;56.7870000
8834.00058746338;56.6989417;56.6860646;0.05672933;0.04285187;56.7870000
8835.00003814697;56.7007367;56.7193240;0.02527963;0.03525453;56.8280000
8836.00044250488;56.7806300;56.7633123;0.05933216;0.04241484;56.8700000
8837.00084686279;56.7857133;56.7987174;0.005688811;0.03591759;56.9110000
8838.00029754639;56.8223653;56.8162412;0.04577673;0.02539965;56.9930000
8839.0007019043;56.8651866;56.8492025;0.04067283;0.03053682;56.9930000
8840.00015258789;56.9029080;56.8900913;0.06257156;0.03755031;57.0750000
8841.0005569458;56.9874709;56.9632858;0.05358429;0.06056374;57.0750000
8842.00000762939;56.9887258;57.0116848;0.02488207;0.05094237;57.1560000
8843.0004119873;57.0690146;57.0616931;0.05544497;0.05179872;57.1560000
8844.00081634521;57.0707888;57.0957274;0.02423735;0.03905138;57.2380000
8845.00026702881;57.1501067;57.1383447;0.05513569;0.04295474;57.2380000
8846.00067138672;57.1517149;57.1716637;0.02530697;0.03538082;57.2780000
8847.00012207031;57.2316204;57.2166056;0.05914491;0.04304697;57.3190000
8848.00052642822;57.2367668;57.2528452;0.004991459;0.03664716;57.3590000
8848.99997711182;57.2725012;57.2698325;0.04430222;0.02527634;57.4000000
8850.00038146973;57.3139271;57.3020190;0.04199213;0.03009224;57.4800000
8851.00078582764;57.3543324;57.3419541;0.03894036;0.03622891;57.4800000
8852.00023651123;57.3920122;57.3855847;0.06119041;0.04134987;57.5610000
8853.00064086914;57.4746262;57.4575872;0.05138803;0.06113348;57.5610000
8854.00009155273;57.4757671;57.5026483;0.02419995;0.04907619;57.6010000
8855.00049591064;57.5547029;57.5499147;0.05727079;0.04946171;57.6410000
8855.99994659424;57.5597462;57.5837106;0.004271676;0.03750248;57.7210000
8857.00035095215;57.5959487;57.5987906;0.04049065;0.02448059;57.7210000
8858.00075531006;57.6330947;57.6289505;0.06020131;0.02885749;57.7610000
8859.00020599365;57.7152212;57.6940984;0.05477532;0.05232017;57.8010000
8860.00061035156;57.7197354;57.7377290;0.005026449;0.04447266;57.8800000
8861.00006103516;57.7559391;57.7557296;0.04089997;0.0286019;57.8800000
8862.00046539307;57.7931577;57.7838034;0.06035766;0.02916936;57.9590000
8863.00086975098;57.8746786;57.8469843;0.0520687;0.05130587;57.9590000
8864.00032043457;57.8758822;57.8917474;0.02466854;0.0455077;57.9990000
8865.00072479248;57.9528679;57.9422921;0.05644622;0.05015528;58.0380000
8866.00017547607;57.9577148;57.9793662;0.004777761;0.0398916;58.0780000
8867.00057983398;57.9936272;57.9962343;0.0428661;0.02641204;58.1560000
8868.00003051758;58.0334478;58.0261559;0.03744298;0.02891426;58.1560000
8869.00043487549;58.0702099;58.0629915;0.05978505;0.03441366;58.1950000
8870.0008392334;58.1503766;58.1311792;0.05316074;0.05628091;58.2350000
8871.00028991699;58.1547766;58.1760615;0.00441462;0.04667255;58.3130000
8872.0006942749;58.1900120;58.1941814;0.03974672;0.0295253;58.3130000
8873.0001449585;58.2272099;58.2220167;0.0595594;0.0293796;58.3910000
8874.00054931641;58.3077515;58.2856745;0.05077747;0.05167429;58.3910000
8875;58.3089343;58.3300203;0.02375221;0.04521586;58.4300000
8876.00040435791;58.3849408;58.3780617;0.05536899;0.04846611;58.5070000
8877.00080871582;58.3901323;58.4114999;0.001839975;0.03679997;58.5070000
8878.00025939941;58.4219305;58.4243745;0.06104084;0.02326352;58.5840000
8879.00066375732;58.5018134;58.4785551;0.05033324;0.04367582;58.5840000
8880.00011444092;58.5029864;58.5173577;0.02416571;0.03886695;58.6230000
8881.00051879883;58.5780233;58.5628361;0.05555996;0.04458039;58.7000000
8881.99996948242;58.5831214;58.5966915;0.002798273;0.03570455;58.7000000
8883.00037384033;58.6149305;58.6120695;0.06163191;0.02447827;58.7770000
8884.00077819824;58.6948134;58.6689920;0.05061882;0.04583552;58.7770000
8885.00022888184;58.6959864;58.7098807;0.02421886;0.04095438;58.8530000
8886.00063323975;58.7713789;58.7562532;0.05298767;0.04574133;58.8530000
8887.00008392334;58.7730495;58.7899298;0.02346201;0.03657579;58.8910000
8888.00048828125;58.8470961;58.8312954;0.05496295;0.04118511;58.9290000
8889.00089263916;58.8517986;58.8643760;0.005278343;0.0342085;58.9670000
8890.00034332275;58.8858360;58.8813037;0.04190667;0.02431738;59.0430000
8891.00074768066;58.9246153;58.9127153;0.0366911;0.0290665;59.0430000
8892.00019836426;58.9594900;58.9508027;0.05772052;0.03513709;59.1190000
8893.00060272217;59.0378754;59.0179175;0.04938967;0.05580666;59.1190000
8894.00005340576;59.0390386;59.0617866;0.02289777;0.04639615;59.1940000
8895.00045776367;59.1134518;59.1063708;0.05142599;0.04666679;59.1940000
8896.00086212158;59.1151016;59.1369480;0.02257407;0.03511921;59.2690000
8897.00031280518;59.1885343;59.1768235;0.05120713;0.03975539;59.2690000
8898.00071716309;59.1900907;59.2090696;0.02298307;0.03354545;59.3060000
8899.00016784668;59.2631690;59.2503757;0.0539625;0.03996532;59.3440000
8900.00057220459;59.2678507;59.2824430;0.004719211;0.03305797;59.3810000
8901.00002288818;59.3009089;59.2967481;0.04119991;0.0222595;59.4180000
8902.00042724609;59.3392925;59.3268484;0.03912119;0.02767093;59.4560000
8903.000831604;59.3763955;59.3658895;0.0380117;0.03481539;59.4930000
8904.0002822876;59.4133120;59.4080896;0.03800602;0.03940343;59.5300000
8905.00068664551;59.4512925;59.4498128;0.03789956;0.04072484;59.6040000
8906.0001373291;59.4887416;59.4885558;0.03436575;0.03931009;59.6040000
8907.00054168701;59.5226876;59.5241398;0.05509731;0.03738261;59.6410000
8907.99999237061;59.5986546;59.5860094;0.04989913;0.05349674;59.6770000
8909.00039672852;59.6028206;59.6261233;0.003976912;0.04290923;59.7140000
8910.00080108643;59.6360349;59.6424550;0.03917271;0.02706571;59.7510000
8911.00025177002;59.6724575;59.6685022;0.03670599;0.02675016;59.8240000
8912.00065612793;59.7097102;59.7008676;0.03557864;0.03032816;59.8240000
8913.00010681152;59.7437506;59.7371072;0.05557515;0.03449141;59.8600000
8914.00051116943;59.8187275;59.8005861;0.04984614;0.05333634;59.8970000
8914.99996185303;59.8228823;59.8421306;0.00402467;0.04374485;59.9330000
8916.00036621094;59.8550448;59.8592967;0.03917307;0.02783228;59.9700000
8917.00077056885;59.8924271;59.8871321;0.03725532;0.02829031;60.0420000
8918.00022125244;59.9287939;59.9218816;0.03460869;0.03232539;60.0420000
8919.00062561035;59.9628028;59.9591345;0.05490904;0.03582259;60.1140000
8920.00007629395;60.0371560;60.0216002;0.04632727;0.05308655;60.1140000
8921.00048065186;60.0382471;60.0607604;0.02158537;0.04264896;60.1500000
8922.00088500977;60.1084069;60.1013512;0.05118847;0.04280018;60.1860000
8923.00033569336;60.1128618;60.1308555;0.004323311;0.03263249;60.2220000
8924.00074005127;60.1451078;60.1462931;0.03909059;0.02290032;60.2580000
8925.00019073486;60.1815000;60.1764530;0.03656232;0.02775887;60.3290000
8926.00059509277;60.2178365;60.2115602;0.03427253;0.03223338;60.3290000
8927.00004577637;60.2509483;60.2477402;0.0536989;0.0350808;60.4000000
8928.00045013428;60.3242180;60.3084773;0.04577201;0.05169472;60.4000000
8929.00085449219;60.3252992;60.3468031;0.0213632;0.04162719;60.4360000
8930.00030517578;60.3944894;60.3873343;0.05046484;0.04240128;60.5060000
8931.00070953369;60.3991778;60.4177922;0.001986254;0.03297539;60.5060000
8932.00016021729;60.4286191;60.4330510;0.05564618;0.02327904;60.5770000
8933.0005645752;60.5013005;60.4854435;0.04505028;0.04239453;60.5770000
8934.00001525879;60.5022883;60.5200738;0.02186702;0.03588058;60.6470000
8935.0004196167;60.5718162;60.5588168;0.04875857;0.03910599;60.6470000
8936.00082397461;60.5733622;60.5867118;0.02184758;0.03059874;60.6820000
8937.0002746582;60.6415622;60.6233090;0.05103601;0.03591498;60.7170000
8938.00067901611;60.6458934;60.6544227;0.00520203;0.03114849;60.7520000
8939.00012969971;60.6772437;60.6724233;0.03867022;0.02388979;60.7870000
8940.00053405762;60.7126250;60.7041329;0.03594616;0.02909689;60.8560000
8940.99998474121;60.7479518;60.7405514;0.03346711;0.03355906;60.8560000
8942.00038909912;60.7801459;60.7769102;0.05220849;0.03567589;60.8910000
8943.00079345703;60.8510260;60.8363360;0.04677116;0.05113659;60.9250000
8944.00024414063;60.8548729;60.8746618;0.00410637;0.04103429;60.9940000
8945.00064849854;60.8866335;60.8907551;0.03489234;0.02605198;60.9940000
8946.00009918213;60.9182284;60.9171599;0.05123233;0.0270053;61.0630000
8947.00050354004;60.9893420;60.9729499;0.04469291;0.04571817;61.0630000
8947.99995422363;60.9904034;61.0100240;0.02090377;0.03870523;61.1310000
8949.00035858154;61.0579619;61.0491246;0.04696412;0.04025861;61.1310000
8950.00076293945;61.0594665;61.0767216;0.02074317;0.0309581;61.1650000
8951.00021362305;61.1257176;61.1118287;0.04914967;0.03507831;61.1990000
8952.00061798096;61.1299250;61.1415118;0.004685587;0.02996873;61.2330000
8953.00006866455;61.1603796;61.1569494;0.0374258;0.02173601;61.2670000
8954.00047302246;61.1947500;61.1858577;0.03499076;0.02654558;61.3350000
8955.00087738037;61.2290768;61.2203092;0.03261944;0.03137896;61.3350000
8956.00032806396;61.2602805;61.2563700;0.05121434;0.03464336;61.3690000
8957.00073242188;61.3300880;61.3166899;0.04605138;0.0513301;61.4020000
8958.00018310547;61.3339154;61.3560886;0.003575416;0.041753;61.4690000
8959.00058746338;61.3647598;61.3714665;0.03358413;0.02588831;61.5030000
8960.00003814697;61.3957529;61.3956064;0.04727869;0.02542611;61.5030000
8961.00044250488;61.4616901;61.4482969;0.06218429;0.04362626;61.5690000
8962.00084686279;61.5015598;61.5076632;0.0137259;0.05198858;61.5690000
8963.00029754639;61.4992112;61.5253061;0.02204309;0.02947166;61.6030000
8964.0007019043;61.5638826;61.5526051;0.04738932;0.02980065;61.6360000
8965.00015258789;61.5678936;61.5757913;0.005344991;0.02416449;61.6690000
8966.0005569458;61.5984330;61.5904540;0.0375778;0.01930751;61.7020000
8967.00000762939;61.6318859;61.6205544;0.03417301;0.02631008;61.7350000
8968.0004119873;61.6648750;61.6562575;0.03396014;0.03209776;61.8000000
8969.00081634521;61.6981826;61.6923184;0.03143462;0.03442328;61.8000000
8970.00026702881;61.7285412;61.7264718;0.04909157;0.03450995;61.8660000
8971.00067138672;61.7956322;61.7810697;0.04184777;0.04764687;61.8990000
8972.00012207031;61.7968662;61.8149847;0.01786865;0.03740179;61.9310000
8973.00052642822;61.8587837;61.8515224;0.06107758;0.03861541;61.9310000
8973.99997711182;61.8949803;61.9023055;0.03109367;0.04543008;61.9960000
8975.00038146973;61.9293447;61.9393796;0.01493141;0.03943933;61.9960000
8976.00078582764;61.9272524;61.9460553;0.02261043;0.0183971;62.0280000
8977.00023651123;61.9909458;61.9725198;0.04758976;0.02522477;62.0610000
8978.00064086914;61.9950088;61.9989842;0.005023214;0.02438949;62.0930000
8979.00009155273;62.0235884;62.0131106;0.03645614;0.01882572;62.1570000
8980.00049591064;62.0572251;62.0407671;0.03234966;0.02464825;62.1570000
8981.00090026855;62.0866867;62.0750398;0.04899981;0.03098343;62.2210000
8982.00035095215;62.1526846;62.1339888;0.04180179;0.04902835;62.2210000
8983.00075531006;62.1536641;62.1732086;0.01923907;0.04117354;62.2530000
8984.00020599365;62.2160283;62.2123689;0.0452098;0.04118886;62.3170000
8985.00061035156;62.2202959;62.2406811;0.001134981;0.0313078;62.3170000
8986.00006103516;62.2463271;62.2536749;0.04983757;0.02107248;62.3480000
8987.00046539307;62.3123673;62.3008222;0.04329316;0.03835584;62.4110000
8988.00086975098;62.3163493;62.3332471;0.001168723;0.03260855;62.4110000
8989.00032043457;62.3414727;62.3446912;0.0491388;0.02040461;62.4430000
8990.00072479248;62.4064486;62.3877853;0.04337174;0.03552776;62.4740000
8991.00017547607;62.4099678;62.4190778;0.004768844;0.03105549;62.5060000
8992.00057983398;62.4387144;62.4341578;0.03494811;0.02190985;62.5680000
8993.00003051758;62.4703709;62.4621123;0.03010537;0.02598745;62.5680000
8994.00043487549;62.4997909;62.4953717;0.04752525;0.03090823;62.6300000
8995.0008392334;62.5638303;62.5515789;0.03975304;0.04722484;62.6300000
8996.00028991699;62.5647683;62.5871033;0.01825888;0.03828749;62.6920000
8997.0006942749;62.6254817;62.6214952;0.04169677;0.0370215;62.6920000
8998.0001449585;62.6267683;62.6441449;0.01881134;0.02673999;62.7540000
8999.00054931641;62.6874817;62.6737088;0.04278715;0.0298887;62.7540000
9000;62.6887683;62.6989812;0.0196095;0.02574628;62.7850000
9001.00040435791;62.7491837;62.7336711;0.04513039;0.03267978;62.8150000
9002.00080871582;62.7530103;62.7624005;0.004472324;0.02856497;62.8460000
9003.00025939941;62.7808503;62.7759308;0.03389903;0.01990442;62.8760000
9004.00066375732;62.8111979;62.8005475;0.03152128;0.02320195;62.9070000
9005.00011444092;62.8421771;62.8318400;0.03181709;0.02831943;62.9680000
9006.00051879883;62.8724959;62.8655166;0.02896284;0.03156368;62.9680000
9006.99996948242;62.9009255;62.8986568;0.04621631;0.0328285;63.0280000
9008.00037384033;62.9638827;62.9521221;0.03919185;0.0462928;63.0280000
9009.00077819824;62.9648835;62.9859180;0.017645;0.03687478;63.0580000
9010.00022888184;63.0233390;63.0200714;0.04236602;0.03638412;63.0880000
9011.00063323975;63.0270515;63.0457610;0.003188871;0.02805846;63.1180000
9012.00008392334;63.0539232;63.0570263;0.0323398;0.01828791;63.1480000
9013.00048828125;63.0842500;63.0792588;0.03055611;0.02105229;63.1780000
9014.00089263916;63.1142500;63.1071538;0.03079064;0.02538303;63.2080000
9015.00034332275;63.1442500;63.1378502;0.03071305;0.02873882;63.2370000
9016.00074768066;63.1742404;63.1696195;0.03058418;0.03056527;63.2670000
9017.00019836426;63.2043130;63.2012099;0.02992159;0.03116638;63.2970000
9018.00060272217;63.2333325;63.2314295;0.02947732;0.03051277;63.3550000
9019.00005340576;63.2635083;63.2606954;0.02846151;0.02973329;63.3550000
9020.00045776367;63.2911971;63.2904977;0.0440343;0.03017309;63.4140000
9021.00086212158;63.3511096;63.3413405;0.03692471;0.04361483;63.4140000
9022.00031280518;63.3519138;63.3734078;0.0174382;0.03484445;63.4720000
9023.00071716309;63.4096907;63.4058327;0.03975569;0.03447255;63.4720000
9024.00016784668;63.4109877;63.4280056;0.01742324;0.02553597;63.5310000
9025.00057220459;63.4677828;63.4565562;0.03977265;0.02877699;63.5310000
9026.00002288818;63.4689138;63.4797424;0.01862651;0.02415298;63.5590000
9027.00042724609;63.5264023;63.5116905;0.04304507;0.03038657;63.5880000
9028.000831604;63.5301570;63.5386914;0.003633103;0.02669556;63.6170000
9029.0002822876;63.5551415;63.5512084;0.03129954;0.01846281;63.6460000
9030.00068664551;63.5843641;63.5748715;0.03014716;0.02205624;63.7030000
9031.0001373291;63.6136442;63.6045546;0.02807134;0.02680465;63.7030000
9032.00054168701;63.6403317;63.6360854;0.04336015;0.03000934;63.7320000
9032.99999237061;63.6988928;63.6874646;0.03854445;0.04386719;63.7600000
9034.00039672852;63.7020626;63.7212605;0.00311753;0.0356775;63.8170000
9035.00080108643;63.7283912;63.7337178;0.02863699;0.02164154;63.8170000
9036.00025177002;63.7544142;63.7524933;0.04236636;0.02047338;63.8450000
9037.00065612793;63.8128724;63.7971968;0.03917655;0.03632673;63.9010000
9038.00010681152;63.8163948;63.8287872;0.001510216;0.03152532;63.9010000
9039.00051116943;63.8391613;63.8417811;0.04403232;0.02076468;63.9290000
9039.99996185303;63.8969548;63.8814777;0.03841973;0.03345171;63.9570000
9041.00036621094;63.9001147;63.9101476;0.003804034;0.02878758;64.0130000
9042.00077056885;63.9254641;63.9232606;0.02881061;0.0195758;64.0130000
9043.00022125244;63.9514663;63.9459104;0.04243673;0.02209856;64.0410000
9044.00062561035;64.0089548;63.9937133;0.03839348;0.03881413;64.0960000
9045.00007629395;64.0123743;64.0272707;0.001390083;0.03369561;64.0960000
9046.00048065186;64.0352243;64.0409798;0.0432588;0.0219928;64.1510000
9047.00088500977;64.0922969;64.0794844;0.03551608;0.03309285;64.1510000
9048.00033569336;64.0931332;64.1056508;0.01701027;0.02748062;64.2060000
9049.00074005127;64.1469918;64.1361088;0.0378076;0.03055263;64.2060000
9050.00019073486;64.1481332;64.1604871;0.01702851;0.02556532;64.2330000
9051.00059509277;64.2017227;64.1918391;0.03963766;0.03043924;64.2600000
9052.00004577637;64.2051573;64.2177075;0.003258259;0.02607779;64.2870000
9053.00045013428;64.2293308;64.2295689;0.02939046;0.01780649;64.3420000
9054.00085449219;64.2568942;64.2502517;0.02579868;0.01987983;64.3420000
9055.00030517578;64.2816009;64.2758817;0.04138559;0.02385815;64.3950000
9056.00070953369;64.3382668;64.3242807;0.03587503;0.03980591;64.3950000
9057.00016021729;64.3392592;64.3573612;0.01553976;0.0340628;64.4220000
9058.0005645752;64.3908876;64.3888921;0.03728939;0.03354162;64.4490000
9059.00001525879;64.3941355;64.4104094;0.003022418;0.02445976;64.4750000
9060.0004196167;64.4183212;64.4184560;0.02947131;0.01495167;64.5020000
9061.00082397461;64.4456880;64.4393176;0.02728562;0.01901883;64.5280000
9062.0002746582;64.4716979;64.4661993;0.02694728;0.0239216;64.5550000
9063.00067901611;64.4986771;64.4953460;0.0270365;0.02715081;64.5810000
9064.00012969971;64.5246979;64.5241350;0.02639735;0.02804819;64.6080000
9065.00053405762;64.5516771;64.5514936;0.02668581;0.02758381;64.6340000
9065.99998474121;64.5776979;64.5769447;0.02641856;0.02617563;64.6600000
9067.00038909912;64.6046675;64.6015615;0.02708076;0.02522128;64.6860000
9068.00079345703;64.6307609;64.6260590;0.02643435;0.02476084;64.7120000
9069.00024414063;64.6567500;64.6516294;0.02657052;0.02533311;64.7380000
9070.00064849854;64.6827500;64.6785707;0.02646565;0.02637455;64.7640000
9071.00009918213;64.7087500;64.7062272;0.02628108;0.02713819;64.8150000
9072.00050354004;64.7349903;64.7331089;0.02447622;0.02688286;64.8150000
9072.99995422363;64.7589246;64.7585601;0.03844719;0.02620196;64.8670000
9074.00035858154;64.8115762;64.8007602;0.03274187;0.03667482;64.8670000
9075.00076293945;64.8122787;64.8275823;0.01578547;0.02922289;64.8920000
9076.00021362305;64.8629509;64.8559541;0.03725059;0.02982497;64.9180000
9077.00061798096;64.8662410;64.8775310;0.002888259;0.0232922;64.9430000
9078.00006866455;64.8885396;64.8867101;0.02786595;0.01510146;64.9940000
9079.00047302246;64.9150425;64.9072737;0.02479755;0.01879912;64.9940000
9080.00087738037;64.9380071;64.9329633;0.03823384;0.02340133;65.0190000
9081.00032806396;64.9903058;64.9785608;0.03480697;0.03782143;65.0440000
9082.00073242188;64.9932205;65.0094360;0.002498318;0.03177653;65.0690000
9083.00018310547;65.0156026;65.0212974;0.02660345;0.01974912;65.1190000
9084.00058746338;65.0411153;65.0376290;0.02365503;0.01779974;65.1190000
9085.00003814697;65.0640592;65.0578350;0.03803072;0.01971756;65.1680000
9086.00044250488;65.1156190;65.0999755;0.03284257;0.03435173;65.1680000
9087.00084686279;65.1164568;65.1303143;0.01476365;0.03054285;65.2180000
9088.00029754639;65.1644387;65.1607722;0.03294203;0.03138611;65.2420000
9089.0007019043;65.1656136;65.1818723;0.01334572;0.02375175;65.2420000
9090.00015258789;65.2123631;65.2068466;0.04752935;0.02587768;65.2910000
9091.0005569458;65.2410360;65.2436823;0.009464597;0.03185246;65.2910000
9092.00000762939;65.2391736;65.2543515;0.01694401;0.01791581;65.3150000
9093.0004119873;65.2871887;65.2761072;0.03557093;0.02170404;65.3640000
9094.00081634521;65.2904924;65.2957172;0.001813695;0.01911664;65.3880000
9095.00026702881;65.3101631;65.3048963;0.03733909;0.01378619;65.3880000
9096.00067138672;65.3587071;65.3417319;0.04592291;0.02932471;65.4360000
9097.00012207031;65.3870155;65.3875083;0.009863386;0.0384748;65.4360000
9098.00052642822;65.3852366;65.4033035;0.01619797;0.02346542;65.4840000
9098.99997711182;65.4325020;65.4249400;0.03278004;0.02347772;65.4840000
9100.00038146973;65.4334980;65.4419870;0.01511668;0.01851451;65.5070000
9101.00078582764;65.4802616;65.4666037;0.03519262;0.02352658;65.5310000
9102.00023651123;65.4833042;65.4891342;0.003145031;0.02162426;65.5550000
9103.00064086914;65.5038210;65.5006379;0.02576839;0.01583348;65.6020000
9104.00009155273;65.5282102;65.5206055;0.02334209;0.01861214;65.6020000
9105.00049591064;65.5503199;65.5451030;0.03600085;0.02255271;65.6480000
9106.00090026855;65.5988267;65.5876011;0.03044376;0.03543088;65.6480000
9107.00035095215;65.5996132;65.6152577;0.01356064;0.02924634;65.6950000
9108.00075531006;65.6446573;65.6405896;0.03099065;0.02769527;65.6950000
9109.00020599365;65.6455393;65.6573981;0.0144961;0.01992062;65.7410000
9110.00061035156;65.6915652;65.6796307;0.03267119;0.02245841;65.7410000
9111.00006103516;65.6926132;65.6991810;0.01457194;0.0197424;65.7640000
9112.00046539307;65.7374266;65.7255262;0.03352741;0.02494044;65.7870000
9113.00086975098;65.7402728;65.7484740;0.003129212;0.02243295;65.8100000
9114.00032043457;65.7608744;65.7595605;0.02520531;0.01581485;65.8330000
9115.00072479248;65.7841250;65.7779187;0.02369149;0.017622;65.8550000
9116.00017547607;65.8071154;65.8000321;0.02385854;0.02044273;65.8780000
9117.00057983398;65.8301880;65.8241719;0.02324614;0.02273716;65.9010000
9118.00003051758;65.8522075;65.8481926;0.02271263;0.02346034;65.9230000
9119.00043487549;65.8751045;65.8719153;0.02351419;0.02365892;65.9460000
9120.0008392334;65.8981880;65.8955783;0.02286661;0.0236832;65.9680000
9121.00028991699;65.9201979;65.9188241;0.0224877;0.02336704;65.9900000
9122.0006942749;65.9431675;65.9419507;0.02287027;0.02324517;66.0120000
9123.0001449585;65.9652609;65.9648985;0.02195086;0.0230382;66.0570000
9124.00054931641;65.9874711;65.9870118;0.02045645;0.02238678;66.0570000
9125;66.0075891;66.0079927;0.03323596;0.02173777;66.1010000
9126.00040435791;66.0539507;66.0449475;0.02904446;0.03173837;66.1010000
9127.00080871582;66.0547174;66.0692066;0.01302009;0.02589522;66.1440000
9128.00025939941;66.0977838;66.0931081;0.02986633;0.02550844;66.1440000
9129.00066375732;66.0987696;66.1103934;0.01300471;0.01938916;66.1880000
9130.00011444092;66.1408759;66.1318511;0.02954686;0.02164197;66.1880000
9131.00051879883;66.1416956;66.1498517;0.01390474;0.01853976;66.2090000
9131.99996948242;66.1845724;66.1746472;0.03197661;0.0234778;66.2310000
9133.00037384033;66.1873675;66.1965818;0.002416398;0.0213013;66.2520000
9134.00077819824;66.2060832;66.2067741;0.02322706;0.01480304;66.2950000
9135.00022888184;66.2285040;66.2239999;0.02071115;0.01651081;66.2950000
9136.00063323975;66.2477976;66.2443251;0.03208482;0.0191527;66.3160000
9137.00008392334;66.2918836;66.2819952;0.02935793;0.03122597;66.3590000
9138.00048828125;66.2945584;66.3075656;0.0006272676;0.02618434;66.3590000
9139.00089263916;66.3115579;66.3166255;0.0331027;0.01613155;66.4010000
9140.00034332275;66.3560855;66.3463682;0.02788281;0.02534565;66.4010000
9141.00074768066;66.3568217;66.3682431;0.01269263;0.02211995;66.4210000
9142.00019836426;66.3977277;66.3928598;0.03001307;0.02462927;66.4420000
9143.00060272217;66.4003991;66.4125890;0.001909083;0.02034395;66.4630000
9144.00005340576;66.4182287;66.4200396;0.02194342;0.012739;66.5040000
9145.00045776367;66.4395564;66.4344043;0.02027683;0.01398493;66.5040000
9146.00086212158;66.4589127;66.4533586;0.03155795;0.01736686;66.5450000
9147.00031280518;66.5012409;66.4890021;0.02676368;0.02915991;66.5450000
9148.00071716309;66.5018629;66.5133208;0.01244344;0.02497436;66.5660000
9149.00016784668;66.5418198;66.5368647;0.02921875;0.02491566;66.6060000
9150.00057220459;66.5445078;66.5539712;0.001409151;0.01887714;66.6060000
9151.00002288818;66.5617470;66.5605873;0.03252406;0.01201189;66.6470000
9152.00042724609;66.6033234;66.5899724;0.0261529;0.02354485;66.6470000
9153.000831604;66.6038520;66.6121453;0.01288555;0.02169395;66.6870000
9154.0002822876;66.6440025;66.6367621;0.02815599;0.0243338;66.6870000
9155.00068664551;66.6449259;66.6549415;0.01217999;0.01951366;66.7270000
9156.0001373291;66.6840850;66.6750282;0.02762367;0.02072825;66.7270000
9157.00054168701;66.6849150;66.6911215;0.0126939;0.01701869;66.7660000
9157.99999237061;66.7240753;66.7121619;0.02801128;0.0204675;66.7660000
9159.00039672852;66.7249781;66.7307586;0.01231721;0.01846597;66.8050000
9160.00080108643;66.7631578;66.7532295;0.0270554;0.02180697;66.8050000
9161.00025177002;66.7639672;66.7718262;0.01217515;0.01896962;66.8250000
9162.00065612793;66.8019752;66.7937011;0.02818848;0.02164624;66.8640000
9163.00010681152;66.8045394;66.8113441;0.001529597;0.01804167;66.8640000
9164.00051116943;66.8208925;66.8191523;0.03142989;0.01232979;66.8830000
9164.99996185303;66.8611835;66.8478817;0.02702763;0.02324783;66.9020000
9166.00036621094;66.8634102;66.8698758;0.002529944;0.02128434;66.9210000
9167.00077056885;66.8804180;66.8801874;0.02072654;0.0148033;66.9400000
9168.00022125244;66.8996250;66.8956250;0.01944567;0.01537819;66.9600000
9169.00062561035;66.9186346;66.9141025;0.01943562;0.01738558;66.9780000
9170.00007629395;66.9375524;66.9343084;0.01985493;0.01915976;66.9970000
9171.00048065186;66.9576055;66.9554681;0.01954869;0.02037858;67.0160000
9172.00088500977;66.9757184;66.9756741;0.01818072;0.02016548;67.0350000
9173.00033569336;66.9946141;66.9942707;0.01912778;0.01915943;67.0540000
9174.00074005127;67.0136250;67.0123905;0.01913754;0.01852497;67.0720000
9175.00019073486;67.0326154;67.0307488;0.01927731;0.01844911;67.1090000
9176.00059509277;67.0518611;67.0496434;0.01757489;0.01871501;67.1090000
9177.00004577637;67.0683905;67.0681805;0.02724085;0.01877343;67.1280000
9178.00045013428;67.1063267;67.0994729;0.02501884;0.02701781;67.1460000
9179.00085449219;67.1083788;67.1203345;0.002166622;0.02197065;67.1640000
9180.00030517578;67.1254714;67.1285004;0.02000854;0.01370234;67.1820000
9181.00070953369;67.1437609;67.1414346;0.01816967;0.01340887;67.2010000
9182.00016021729;67.1617596;67.1575278;0.01840216;0.01516527;67.2190000
9183.0005645752;67.1796870;67.1761245;0.01882108;0.01735457;67.2370000
9184.00001525879;67.1986675;67.1962709;0.01900172;0.01911207;67.2720000
9185.0004196167;67.2169243;67.2161788;0.01681483;0.01951951;67.2720000
9186.00082397461;67.2335056;67.2343582;0.02636366;0.01882679;67.2900000
9187.0002746582;67.2694820;67.2637433;0.02349453;0.02583012;67.3260000
9188.00067901611;67.2715930;67.2825784;0.000781566;0.0203157;67.3260000
9189.00012969971;67.2862465;67.2893137;0.0281524;0.01244567;67.3430000
9190.00053405762;67.3233899;67.3147649;0.02462015;0.02121461;67.3610000
9190.99998474121;67.3254939;67.3343152;0.00175706;0.01907019;67.3780000
9192.00038909912;67.3406268;67.3426599;0.01871944;0.01271517;67.3960000
9193.00079345703;67.3588021;67.3561305;0.01796303;0.01336602;67.4300000
9194.00024414063;67.3759863;67.3722834;0.01656849;0.01509968;67.4300000
9195.00064849854;67.3925578;67.3898667;0.02642386;0.01686144;67.4640000
9196.00009918213;67.4277183;67.4197883;0.02189461;0.02531453;67.4640000
9197.00050354004;67.4282278;67.4392790;0.0101463;0.02071618;67.4820000
9198.00090789795;67.4613684;67.4584121;0.02406115;0.02047344;67.5150000
9199.00035858154;67.4635533;67.4726576;0.001288683;0.01561666;67.5150000
9200.00076293945;67.4784356;67.4786777;0.0271947;0.0102648;67.5320000
9201.00021362305;67.5126374;67.5033540;0.02248941;0.01983369;67.5660000
9202.00061798096;67.5146151;67.5218314;0.001095065;0.01791927;67.5660000
9203.00006866455;67.5284550;67.5295204;0.02679243;0.01204623;67.5820000
9204.00047302246;67.5635344;67.5537199;0.02344214;0.02019131;67.5990000
9205.00087738037;67.5655255;67.5713629;0.001913737;0.0175749;67.6150000
9206.00032806396;67.5797627;67.5786347;0.01798212;0.01148385;67.6480000
9207.00073242188;67.5970809;67.5913900;0.01619005;0.01243948;67.6480000
9208.00018310547;67.6117858;67.6075429;0.0247032;0.01497211;67.6810000
9209.00058746338;67.6457694;67.6367492;0.02152975;0.02422731;67.6810000
9210.00003814697;67.6462799;67.6564187;0.009913328;0.02044992;67.6970000
9211.00044250488;67.6784317;67.6749558;0.02352302;0.01990981;67.7290000
9212.00084686279;67.6806588;67.6881880;0.0007747226;0.01477663;67.7290000
9213.00029754639;67.6936636;67.6924795;0.02546005;0.008809685;67.7610000
9214.0007019043;67.7268423;67.7149505;0.02118433;0.0179186;67.7610000
9215.00015258789;67.7273320;67.7329511;0.01008227;0.01717317;67.7930000
9216.0005569458;67.7586680;67.7523226;0.02199865;0.01916645;67.7930000
9217.00000762939;67.7593320;67.7669853;0.009855622;0.01558598;67.8080000
9218.0004119873;67.7905045;67.7837342;0.02322471;0.01703505;67.8240000
9219.00081634521;67.7925572;67.7977413;0.001810745;0.01429989;67.8550000
9220.00026702881;67.8060524;67.8037018;0.01591945;0.009410987;67.8550000
9221.00067138672;67.8208900;67.8155035;0.02416135;0.01131827;67.8860000
9222.00012207031;67.8529152;67.8419084;0.02042036;0.02106048;67.8860000
9223.00052642822;67.8533842;67.8608030;0.009547113;0.01883534;67.9010000
9223.99997711182;67.8835870;67.8795785;0.0221823;0.01937818;67.9160000
9225.00038146973;67.8855367;67.8934664;0.001663694;0.01509156;67.9320000
9226.00078582764;67.8989712;67.8989500;0.0162758;0.009460589;67.9470000
9227.00023651123;67.9140620;67.9100961;0.01586602;0.01077861;67.9620000
9228.00064086914;67.9300425;67.9255933;0.01623042;0.01379348;67.9770000
9229.00009155273;67.9451359;67.9426998;0.0151819;0.0158376;67.9920000
9230.00049591064;67.9601250;67.9588527;0.01514176;0.01597382;68.0070000
9231.00090026855;67.9751250;67.9738134;0.01514613;0.01530202;68.0360000
9232.00035095215;67.9902596;67.9881186;0.01426784;0.01465236;68.0360000
9233.00075531006;68.0040985;68.0027217;0.02213159;0.01478625;68.0510000
9234.00020599365;68.0339154;68.0278749;0.01959652;0.02157374;68.0650000
9235.00061035156;68.0355052;68.0449814;0.001739757;0.01784379;68.0800000
9236.00006103516;68.0490246;68.0518359;0.01560539;0.0112505;68.0940000
9237.00046539307;68.0631979;68.0621475;0.01445167;0.01080592;68.1230000
9238.00086975098;68.0783117;68.0750221;0.01406118;0.01216125;68.1230000
9239.00032043457;68.0911810;68.0895061;0.0214301;0.01379184;68.1370000
9240.00072479248;68.1208949;68.1143016;0.01981696;0.02097443;68.1510000
9241.00017547607;68.1225683;68.1312293;0.001406432;0.01747231;68.1800000
9242.00057983398;68.1352417;68.1373090;0.01398288;0.01059486;68.1800000
9243.00003051758;68.1481701;68.1466669;0.02150049;0.01019006;68.2070000
9244.00043487549;68.1780199;68.1698531;0.01909091;0.01869835;68.2070000
9245.0008392334;68.1786144;68.1875557;0.007859902;0.01728899;68.2350000
9246.00028991699;68.2050420;68.2037682;0.01803743;0.01708888;68.2490000
9247.0006942749;68.2056642;68.2145566;0.007497835;0.01253092;68.2490000
9248.0001449585;68.2318080;68.2273716;0.02700406;0.01357479;68.2760000
9249.00054931641;68.2484098;68.2486505;0.005880407;0.01798691;68.2760000
9250;68.2474510;68.2560414;0.009241772;0.01091738;68.3030000
9251.00040435791;68.2740323;68.2684392;0.01858801;0.01252897;68.3030000
9252.00080871582;68.2745927;68.2797045;0.008465612;0.01116272;68.3300000
9253.00025939941;68.3010323;68.2943672;0.01870745;0.01396795;68.3300000
9254.00066375732;68.3015927;68.3069438;0.008438949;0.01252438;68.3560000
9255.00011444092;68.3280227;68.3219642;0.0187092;0.01468648;68.3560000
9256.00051879883;68.3286557;68.3343619;0.007975231;0.0126435;68.3830000
9256.99996948242;68.3541148;68.3486075;0.01784375;0.01418815;68.3830000
9258.00037384033;68.3545818;68.3602900;0.008488682;0.01201746;68.4090000
9259.00077819824;68.3810227;68.3753699;0.018664;0.01450723;68.4090000
9260.00022888184;68.3816557;68.3881253;0.007890175;0.01279009;68.4340000
9261.00063323975;68.4070956;68.4025497;0.01787531;0.01433778;68.4340000
9262.00008392334;68.4077078;68.4141726;0.007556076;0.01207417;68.4470000
9263.00048828125;68.4320627;68.4272260;0.01800504;0.01326463;68.4730000
9264.00089263916;68.4337031;68.4381932;0.0009730286;0.01114817;68.4730000
9265.00034332275;68.4442892;68.4427828;0.02074694;0.007520733;68.4980000
9266.00074768066;68.4712372;68.4620351;0.01723035;0.01529913;68.4980000
9267.00019836426;68.4717078;68.4768170;0.007707114;0.01430257;68.5230000
9268.00060272217;68.4961781;68.4915990;0.01714431;0.0151139;68.5230000
9269.00005340576;68.4966969;68.5027451;0.007692009;0.01206296;68.5350000
9270.00045776367;68.5210531;68.5160369;0.01809437;0.01345656;68.5470000
9271.00086212158;68.5226315;68.5274214;0.00148618;0.01150134;68.5590000
9272.00031280518;68.5333693;68.5326070;0.01315915;0.007825203;68.5720000
9273.00071716309;68.5455096;68.5419053;0.01233225;0.008894482;68.5840000
9274.00016784668;68.5574370;68.5534090;0.01287294;0.01055524;68.5960000
9275.00057220459;68.5704175;68.5665220;0.01316873;0.01221377;68.6080000
9276.00002288818;68.5825109;68.5800523;0.01218441;0.01300178;68.6310000
9277.00042724609;68.5946057;68.5928673;0.01143099;0.01284297;68.6310000
9278.000831604;68.6056914;68.6049670;0.01757843;0.01249303;68.6430000
9279.0002822876;68.6293488;68.6242789;0.01555674;0.01702566;68.6550000
9280.00068664551;68.6306097;68.6370343;0.001483079;0.01359502;68.6670000
9281.0001373291;68.6413693;68.6419219;0.01301265;0.00842113;68.6780000
9282.00054168701;68.6534904;68.6502666;0.01242852;0.008529724;68.6900000
9282.99999237061;68.6655630;68.6612934;0.01205155;0.01013051;68.7010000
9284.00039672852;68.6765729;68.6728567;0.01174868;0.0110007;68.7130000
9285.00080108643;68.6885521;68.6845988;0.01210583;0.01143952;68.7240000
9286.00025177002;68.6995729;68.6962217;0.01170802;0.01151884;68.7350000
9287.00065612793;68.7115425;68.7080831;0.01212014;0.01173487;68.7460000
9288.00010681152;68.7226359;68.7204808;0.0111506;0.01213046;68.7690000
9289.00051116943;68.7337404;68.7324018;0.01031711;0.01195852;68.7690000
9290.00091552734;68.7437630;68.7436074;0.01686987;0.01157797;68.7910000
9291.00036621094;68.7674341;68.7623829;0.01495081;0.01634783;68.7910000
9292.00077056885;68.7678642;68.7747211;0.006508482;0.01322725;68.8120000
9293.00022125244;68.7893871;68.7863440;0.01504641;0.01266012;68.8120000
9294.00062561035;68.7899163;68.7951058;0.006359623;0.009776205;68.8340000
9295.00007629395;68.8104792;68.8057751;0.01442744;0.01082173;68.8340000
9296.00048065186;68.8108424;68.8147158;0.007019932;0.009235225;68.8550000
9297.00088500977;68.8323871;68.8264579;0.01536797;0.01127133;68.8550000
9298.00033569336;68.8329163;68.8364715;0.006541713;0.01003256;68.8760000
9299.00074005127;68.8534696;68.8477964;0.01460475;0.0112907;68.8870000
9300.00019073486;68.8540111;68.8572735;0.00590116;0.009738686;68.8870000
9301.00059509277;68.8735745;68.8687772;0.0206289;0.01143095;68.9070000
9302.00004577637;68.8865137;68.8863606;0.004832162;0.0149564;68.9070000
9303.00045013428;68.8858595;68.8928575;0.00671867;0.009269751;68.9280000
9304.00085449219;68.9055521;68.9019174;0.01364292;0.009641769;68.9280000
9305.00030517578;68.9058945;68.9097852;0.00668337;0.00814414;68.9380000
9306.00070953369;68.9263639;68.9211697;0.01531408;0.01066741;68.9480000
9307.00016021729;68.9276947;68.9313621;0.001259681;0.009803604;68.9680000
9308.0005645752;68.9367372;68.9357132;0.01031591;0.006578768;68.9680000
9309.00001525879;68.9460237;68.9430446;0.01526682;0.007281181;68.9880000
9310.0004196167;68.9666514;68.9593762;0.01322269;0.01317735;68.9880000
9311.00082397461;68.9669575;68.9714164;0.006195906;0.01194914;69.0070000
9312.0002746582;68.9865329;68.9835161;0.01371275;0.01242036;69.0070000
9313.00067901611;68.9870205;68.9926952;0.005636293;0.009966553;69.0270000
9314.00012969971;69.0056250;69.0027684;0.01289087;0.01045785;69.0270000
9315.00053405762;69.0059466;69.0108151;0.00623979;0.008571368;69.0460000
9315.99998474121;69.0255329;69.0213651;0.01384099;0.01025138;69.0460000
9317.00038909912;69.0260205;69.0301270;0.005811018;0.008892119;69.0650000
9318.00079345703;69.0446154;69.0402598;0.01312722;0.01009753;69.0650000
9319.00024414063;69.0450096;69.0486640;0.005950909;0.00866247;69.0740000
9320.00064849854;69.0635192;69.0593928;0.01379504;0.01037903;69.0920000
9321.00009918213;69.0648129;69.0687508;0.0004297373;0.009227641;69.0920000
9322.00050354004;69.0721233;69.0726847;0.01418452;0.00618716;69.1110000
9323.00090789795;69.0907959;69.0856189;0.01167837;0.01068251;69.1110000
9324.00035858154;69.0909987;69.0950960;0.00599108;0.009464929;69.1290000
9325.00076293945;69.1096057;69.1058249;0.01313251;0.01065814;69.1290000
9326.00021362305;69.1100727;69.1145867;0.005430981;0.009068669;69.1460000
9327.00061798096;69.1276786;69.1244215;0.0124088;0.009971754;69.1460000
9328.00006866455;69.1281248;69.1325277;0.005108723;0.008454515;69.1550000
9329.00047302246;69.1446842;69.1416473;0.01220425;0.009267424;69.1640000
9330.00087738037;69.1457046;69.1491574;0.001286847;0.00773278;69.1730000
9331.00032806396;69.1537769;69.1526741;0.009928535;0.005296736;69.1810000
9332.00073242188;69.1628654;69.1598267;0.0094079;0.006580737;69.1900000
9333.00018310547;69.1719380;69.1690654;0.008895905;0.008249948;69.1980000
9334.00058746338;69.1799479;69.1786021;0.008484581;0.009010771;69.2070000
9335.00003814697;69.1889271;69.1877812;0.008793037;0.009101445;69.2150000
9336.00044250488;69.1969479;69.1967815;0.008353175;0.009027458;69.2240000
9337.00084686279;69.2059271;69.2055434;0.008708115;0.008902156;69.2320000
9338.00029754639;69.2139479;69.2144245;0.008281534;0.008871598;69.2480000
9339.0007019043;69.2229944;69.2228884;0.008191822;0.008640989;69.2480000
9340.00015258789;69.2304298;69.2307562;0.01182203;0.00819627;69.2650000
9341.0005569458;69.2469308;69.2433924;0.01025459;0.01114644;69.2650000
9342.00000762939;69.2471030;69.2514390;0.005295214;0.008794677;69.2810000
9343.0004119873;69.2637515;69.2604989;0.01174293;0.009336803;69.2810000
9344.00081634521;69.2641769;69.2679495;0.004844314;0.007781238;69.2890000
9345.00026702881;69.2797571;69.2767710;0.01153322;0.008799801;69.3040000
9346.00067138672;69.2808144;69.2839235;0.00057449;0.007326338;69.3040000
9347.00012207031;69.2873948;69.2868442;0.01230125;0.004820576;69.3120000
9348.00052642822;69.3029267;69.2978710;0.01031297;0.008929699;69.3200000
9348.99997711182;69.3037362;69.3062753;0.001212868;0.00810802;69.3350000
9350.00038146973;69.3109801;69.3102688;0.008310045;0.005679381;69.3350000
9351.00078582764;69.3184820;69.3167061;0.01172163;0.006316346;69.3500000
9352.00023651123;69.3339940;69.3295807;0.009756041;0.01055422;69.3500000
9353.00064086914;69.3342181;69.3385810;0.004533428;0.009176486;69.3570000
9354.00009155273;69.3488300;69.3472237;0.01071413;0.009187956;69.3720000
9355.00049591064;69.3498665;69.3536610;0.000163489;0.007056036;69.3720000
9356.00090026855;69.3554773;69.3558663;0.01146187;0.004267189;69.3870000
9357.00035095215;69.3709831;69.3662972;0.009875932;0.008370475;69.3870000
9358.00075531006;69.3712181;69.3744630;0.004657992;0.007831732;69.4010000
9359.00020599365;69.3858972;69.3829865;0.01037411;0.008565341;69.4010000
9360.00061035156;69.3862812;69.3895430;0.004231955;0.006988727;69.4150000
9361.00006103516;69.3999797;69.3970532;0.009641168;0.00764402;69.4150000
9362.00046539307;69.4002703;69.4036097;0.004312827;0.006675342;69.4290000
9363.00086975098;69.4139797;69.4114775;0.009593893;0.007694146;69.4290000
9364.00032043457;69.4142703;69.4176764;0.004305396;0.006436338;69.4360000
9365.00072479248;69.4279124;69.4249481;0.01013073;0.007294113;69.4490000
9366.00017547607;69.4288364;69.4310874;0.0005636517;0.006211618;69.4490000
9367.00057983398;69.4346033;69.4339484;0.01072987;0.004354037;69.4560000
9368.00003051758;69.4480712;69.4439620;0.008896965;0.008088002;69.4690000
9369.00043487549;69.4488255;69.4512338;0.000635645;0.007140513;69.4690000
9370.0008392334;69.4546033;69.4540948;0.01071356;0.004684578;69.4820000
9371.00028991699;69.4681289;69.4633931;0.008550763;0.007754771;69.4820000
9372.0006942749;69.4683224;69.4702477;0.004135749;0.006856184;69.4890000
9373.0001449585;69.4809949;69.4779367;0.009406491;0.007649221;69.5010000
9374.00054931641;69.4818159;69.4840759;0.0007215043;0.006340408;69.5010000
9375;69.4876664;69.4868774;0.01032066;0.004358078;69.5080000
9376.00040435791;69.5001537;69.4956988;0.008200781;0.007339809;69.5140000
9377.00080871582;69.5007473;69.5021957;0.001317463;0.0064501;69.5200000
9378.00025939941;69.5071021;69.5057124;0.007426647;0.004794782;69.5260000
9379.00066375732;69.5132609;69.5110768;0.006153828;0.005201448;69.5320000
9380.00011444092;69.5192500;69.5172161;0.006226612;0.00579704;69.5380000
9381.00051879883;69.5252500;69.5235938;0.00618453;0.006145621;69.5440000
9381.99996948242;69.5312500;69.5299715;0.006142447;0.006271633;69.5500000
9383.00037384033;69.5372500;69.5361704;0.006120286;0.006227056;69.5560000
9384.00077819824;69.5432500;69.5422501;0.006111406;0.006136009;69.5620000
9385.00022888184;69.5492500;69.5482701;0.006109178;0.006065277;69.5680000
9386.00063323975;69.5552500;69.5542902;0.006106938;0.006023692;69.5730000
9387.00008392334;69.5612404;69.5601911;0.006186246;0.005946405;69.5790000
9388.00048828125;69.5673130;69.5659131;0.005731819;0.005805331;69.5850000
9389.00089263916;69.5723325;69.5709795;0.005416047;0.00531049;69.5900000
9390.00034332275;69.5782295;69.5758671;0.006422067;0.005080118;69.6020000
9391.00074768066;69.5843707;69.5814699;0.005483031;0.005427835;69.6020000
9392.00019836426;69.5888967;69.5868939;0.008449384;0.005452452;69.6070000
9393.00060272217;69.6011127;69.5965499;0.008530511;0.008221979;69.6120000
9394.00005340576;69.6018637;69.6035832;0.000508287;0.007097873;69.6230000
9395.00045776367;69.6063782;69.6059078;0.005083986;0.004201929;69.6230000
9396.00086212158;69.6109488;69.6092457;0.008081356;0.00381629;69.6340000
9397.00031280518;69.6222528;69.6177095;0.007377622;0.006916292;69.6340000
9398.00071716309;69.6224266;69.6242065;0.003482678;0.006392874;69.6390000
9399.00016784668;69.6331407;69.6308822;0.007986661;0.006756489;69.6490000
9400.00057220459;69.6339009;69.6358890;0.0002211989;0.005343313;69.6490000
9401.00002288818;69.6379574;69.6377963;0.007932988;0.00335753;69.6540000
9402.00042724609;69.6482776;69.6448297;0.006936891;0.005858906;69.6640000
9403.000831604;69.6488900;69.6504325;0.000360365;0.005385744;69.6640000
9404.0002822876;69.6529574;69.6527571;0.007937356;0.003598977;69.6690000
9405.00068664551;69.6632776;69.6598500;0.006934629;0.005931982;69.6740000
9406.0001373291;69.6638419;69.6650952;0.0007392667;0.005240587;69.6830000
9407.00054168701;69.6683590;69.6674794;0.00526825;0.00355229;69.6830000
9407.99999237061;69.6730749;69.6714729;0.007221784;0.003907674;69.6930000
9409.00039672852;69.6824082;69.6791619;0.005833048;0.006363327;69.6930000
9410.00080108643;69.6824679;69.6844071;0.003219812;0.005451066;69.7020000
9411.00025177002;69.6922616;69.6900696;0.006967209;0.005790108;69.7020000
9412.00065612793;69.6925418;69.6947188;0.002679644;0.004869665;69.7060000
9413.00010681152;69.7012961;69.6999044;0.00649002;0.00524996;69.7150000
9414.00051116943;69.7019325;69.7041959;1.474487E-05;0.004424378;69.7150000
9415.00091552734;69.7051029;69.7056264;0.006697857;0.002665678;69.7240000
9416.00036621094;69.7143877;69.7114677;0.005955547;0.004792206;69.7240000
9417.00077056885;69.7145309;69.7159380;0.002854943;0.004363304;69.7280000
9418.00022125244;69.7232961;69.7211832;0.006570375;0.005115288;69.7370000
9419.00062561035;69.7239325;69.7255940;8.180708E-05;0.004427483;69.7370000
9420.00007629395;69.7271029;69.7274417;0.006718436;0.002943261;69.7450000
9421.00048065186;69.7363781;69.7337002;0.005997909;0.005174016;69.7450000
9422.00088500977;69.7365939;69.7385282;0.00237205;0.004721304;69.7530000
9423.00033569336;69.7444170;69.7430581;0.005474321;0.004736918;69.7530000
9424.00074005127;69.7445830;69.7462768;0.002488364;0.003632967;69.7610000
9425.00019073486;69.7524170;69.7502107;0.005568736;0.004022492;69.7610000
9426.00059509277;69.7525830;69.7536081;0.002562869;0.003490456;69.7690000
9427.00004577637;69.7604170;69.7578997;0.005603387;0.004143219;69.7690000
9428.00045013428;69.7605830;69.7615356;0.002570947;0.00366312;69.7730000
9429.00085449219;69.7683785;69.7658271;0.005884531;0.004259544;69.7770000
9430.00030517578;69.7688735;69.7695226;0.0006308042;0.003719173;69.7810000
9431.00070953369;69.7724564;69.7714299;0.004472443;0.002682523;69.7880000
9432.00016021729;69.7765288;69.7747678;0.003988198;0.003128715;69.7880000
9433.0005645752;69.7802725;69.7787613;0.005718179;0.00369422;69.7920000
9434.00001525879;69.7875046;69.7850198;0.004784337;0.005362685;69.7950000
9435.0004196167;69.7878530;69.7890729;0.0007260605;0.004325005;69.7990000
9436.00082397461;69.7915194;69.7910399;0.003987344;0.002934682;69.8020000
9437.0002746582;69.7945729;69.7938413;0.003416148;0.002864706;69.8060000
9438.00067901611;69.7985521;69.7972387;0.0038117;0.003232937;69.8090000
9439.00012969971;69.8015729;69.8007554;0.003425719;0.003390238;69.8130000
9440.00053405762;69.8055521;69.8042125;0.003814619;0.003425316;69.8160000
9440.99998474121;69.8085729;69.8074311;0.003461852;0.003281721;69.8190000
9442.00038909912;69.8125425;69.8108882;0.003919018;0.003395062;69.8230000
9443.00079345703;69.8156455;69.8144645;0.00297273;0.003484076;69.8260000
9444.00024414063;69.8185620;69.8178619;0.003502157;0.003413897;69.8290000
9445.00064849854;69.8225425;69.8213786;0.003864379;0.003506487;69.8320000
9446.00009918213;69.8256359;69.8248953;0.002992997;0.003493432;69.8360000
9447.00050354004;69.8286346;69.8281139;0.002988679;0.003313487;69.8390000
9448.00090789795;69.8315620;69.8310346;0.003482915;0.003076698;69.8420000
9449.00035858154;69.8355425;69.8343724;0.00386507;0.003270552;69.8450000
9450.00076293945;69.8386359;69.8379487;0.002987048;0.003448569;69.8480000
9451.00021362305;69.8416250;69.8412866;0.003037703;0.003373235;69.8510000
9452.00061798096;69.8446250;69.8443264;0.003033269;0.003145242;69.8540000
9453.00006866455;69.8476250;69.8473662;0.003028835;0.003061602;69.8560000
9454.00047302246;69.8506154;69.8504061;0.003092655;0.003046186;69.8590000
9455.00087738037;69.8536880;69.8534459;0.00260282;0.003053856;69.8620000
9456.00032806396;69.8557075;69.8558301;0.002251639;0.002609556;69.8650000
9457.00073242188;69.8586141;69.8580355;0.003153984;0.00237551;69.8680000
9458.00018310547;69.8616250;69.8605389;0.00312101;0.002471021;69.8700000
9459.00058746338;69.8646154;69.8635191;0.003191483;0.002812758;69.8760000
9460.00003814697;69.8677169;69.8667378;0.002476927;0.003075381;69.8780000
9461.00044250488;69.8695088;69.8695392;0.003603709;0.002896547;69.8780000
9462.00084686279;69.8754008;69.8742479;0.005205926;0.004126546;69.8810000
9463.00029754639;69.8779292;69.8792547;0.0005766;0.004544063;69.8830000
9464.0007019043;69.8778520;69.8807448;0.0006324437;0.002542249;69.8860000
9465.00015258789;69.8806553;69.8815197;0.002748091;0.001517913;69.8910000
9466.0005569458;69.8827267;69.8831290;0.002081804;0.001584556;69.8910000
9467.00000762939;69.8854592;69.8853344;0.004159738;0.002022182;69.8930000
9468.0004119873;69.8906395;69.8896855;0.003372568;0.003519001;69.8950000
9469.00081634521;69.8909477;69.8927254;6.397718E-05;0.003065744;69.8980000
9470.00026702881;69.8927378;69.8937387;0.001998183;0.001815059;69.9000000
9471.00067138672;69.8946870;69.8949308;0.00239699;0.001453902;69.9020000
9472.00012207031;69.8976675;69.8971957;0.002787267;0.001992876;69.9040000
9473.00052642822;69.8997609;69.8998779;0.001897446;0.002415105;69.9070000
9473.99997711182;69.9017596;69.9020833;0.001894598;0.002248818;69.9090000
9475.00038146973;69.9036870;69.9040503;0.002383675;0.002059571;69.9110000
9476.00078582764;69.9066675;69.9061960;0.002787234;0.00214165;69.9150000
9477.00023651123;69.9087801;69.9085206;0.001800723;0.002242564;69.9150000
9478.00064086914;69.9106047;69.9106068;0.002986979;0.00215196;69.9170000
9479.00009155273;69.9147111;69.9134678;0.002759619;0.00265074;69.9190000
9480.00049591064;69.9149368;69.9154944;0.0002894362;0.00213417;69.9210000
9481.00090026855;69.9167282;69.9163288;0.002223537;0.001373959;69.9230000
9482.00035095215;69.9187500;69.9176997;0.002117022;0.001414972;69.9250000
9483.00075531006;69.9207500;69.9196071;0.002127339;0.001739059;69.9280000
9484.00020599365;69.9227596;69.9217528;0.002042839;0.002008399;69.9280000
9485.00061035156;69.9246678;69.9239582;0.002641887;0.002147885;69.9300000
9486.00006103516;69.9277935;69.9267596;0.002001588;0.002576656;69.9320000
9487.00046539307;69.9279259;69.9286074;0.0003651497;0.002019432;69.9350000
9488.00086975098;69.9297378;69.9296803;0.002116107;0.001463264;69.9350000
9489.00032043457;69.9316678;69.9312300;0.002611604;0.001544049;69.9370000
9490.00072479248;69.9347935;69.9336738;0.002011147;0.002112616;69.9390000
9491.00017547607;69.9349259;69.9354023;0.0003880015;0.001769108;69.9400000
9492.00057983398;69.9367186;69.9364156;0.002282132;0.00132448;69.9440000
9493.00003051758;69.9388322;69.9380249;0.001527122;0.001524667;69.9440000
9494.00043487549;69.9396872;69.9395150;0.002271465;0.001511841;69.9470000
9495.0008392334;69.9437098;69.9421972;0.002809806;0.002299261;69.9470000
9496.00028991699;69.9438545;69.9445218;0.0008400391;0.002199046;69.9500000
9497.0006942749;69.9467814;69.9463696;0.002041976;0.002048563;69.9500000
9498.0001449585;69.9468436;69.9476809;0.0009106164;0.001557371;69.9510000
9499.00054931641;69.9497621;69.9491710;0.002200624;0.001587028;69.9520000
9500;69.9499793;69.9505419;2.357961E-05;0.001374124;69.9540000
9501.00040435791;69.9508737;69.9510187;0.001004027;0.0008157058;69.9550000
9502.00080871582;69.9518120;69.9515552;0.001452766;0.0006415444;69.9570000
9503.00025939941;69.9538021;69.9526877;0.001789528;0.0009772617;69.9590000
9504.00066375732;69.9548325;69.9541778;0.001338244;0.001283678;69.9590000
9505.00011444092;69.9567199;69.9558467;0.00232548;0.001554634;69.9620000
9506.00051879883;69.9588857;69.9581117;0.001168594;0.001997141;69.9620000
9507.00092315674;69.9588327;69.9594826;0.001021014;0.001554645;69.9630000
9508.00037384033;69.9617621;69.9611515;0.002202797;0.001707754;69.9650000
9509.00077819824;69.9619889;69.9627012;-6.243568E-05;0.001545292;69.9650000
9510.00022888184;69.9627915;69.9631781;0.001539934;0.0008903906;69.9660000
9511.00063323975;69.9648555;69.9641913;0.00138455;0.000998724;69.9670000
9512.00008392334;69.9649684;69.9650258;0.000169386;0.0008466401;69.9690000
9513.00048828125;69.9658737;69.9654430;0.00106817;0.000581983;69.9690000
9514.00089263916;69.9668024;69.9661583;0.001565253;0.0006718763;69.9720000
9515.00034332275;69.9688748;69.9675888;0.001315158;0.001175075;69.9720000
9516.00074768066;69.9688327;69.9689001;0.001085915;0.001213215;69.9730000
9517.00019836426;69.9717621;69.9708671;0.002234484;0.001755298;69.9730000
9518.00060272217;69.9719697;69.9727148;7.258182E-05;0.00174179;69.9740000
9519.00005340576;69.9729271;69.9734897;0.000602681;0.001132363;69.9760000
9520.00045776367;69.9729671;69.9737877;0.0001045343;0.0005888548;69.9760000
9521.00086212158;69.9737915;69.9737877;0.001583008;0.0002493734;69.9770000
9522.00031280518;69.9758555;69.9747414;0.001434677;0.000735399;69.9780000
9523.00071716309;69.9759684;69.9758739;0.0001863103;0.0009390706;69.9790000
9524.00016784668;69.9768641;69.9765295;0.001126799;0.0007757249;69.9800000
9525.00057220459;69.9778750;69.9774832;0.001043653;0.0008791042;69.9800000
9526.00002288818;69.9788654;69.9786157;0.001097157;0.001040954;69.9820000
9527.00042724609;69.9799476;69.9798078;0.0005220867;0.001140383;69.9820000
9528.000831604;69.9798849;69.9802846;0.0007142554;0.0006955409;69.9830000
9529.0002822876;69.9818446;69.9811787;0.001474258;0.000865495;69.9830000
9530.00068664551;69.9819588;69.9820131;0.0002390671;0.0008049801;69.9840000
9531.0001373291;69.9829271;69.9826688;0.0006941436;0.0007033711;69.9850000
9532.00054168701;69.9829575;69.9830264;0.0002576228;0.000470268;69.9850000
9532.99999237061;69.9838545;69.9832648;0.001224557;0.0003379037;69.9860000
9534.00039672852;69.9849380;69.9840397;0.0006759327;0.0006043994;69.9870000
9535.00080108643;69.9849575;69.9846953;0.0002945131;0.0006006401;69.9870000
9536.00025177002;69.9858545;69.9851722;0.001234874;0.000539089;69.9880000
9537.00065612793;69.9869380;69.9861855;0.000659688;0.0008363135;69.9880000
9538.00010681152;69.9869479;69.9869603;0.0003332538;0.0007747453;69.9890000
9539.00051116943;69.9879271;69.9876160;0.0007000265;0.0007269955;69.9900000
9540.00091552734;69.9879575;69.9880332;0.0002568651;0.0005135254;69.9900000
9541.00036621094;69.9888545;69.9884504;0.001203878;0.0004556146;69.9900000
9542.00077056885;69.9899284;69.9894041;0.0007035985;0.0007831357;69.9910000
9543.00022125244;69.9900205;69.9900598;-0.000163233;0.0006759529;69.9910000
9544.00062561035;69.9899370;69.9901790;0.0003971906;0.0003160765;69.9920000
9545.00007629395;69.9909271;69.9905366;0.000708873;0.0003683938;69.9920000
9546.00048065186;69.9909479;69.9909538;0.0003346354;0.0003926903;69.9930000
9547.00088500977;69.9919271;69.9915499;0.0007073912;0.0005347768;69.9930000
9548.00033569336;69.9919479;69.9920863;0.0003192152;0.0005156451;69.9930000
9549.00074005127;69.9929175;69.9926824;0.0007608947;0.0005868467;69.9940000
9550.00019073486;69.9930205;69.9932188;-0.0001809483;0.0005255101;69.9940000
9551.00059509277;69.9929370;69.9933976;0.0003728347;0.0003104201;69.9950000
9552.00004577637;69.9939271;69.9936956;0.0006911576;0.0003437318;69.9950000
9553.00045013428;69.9939479;69.9940533;0.000322892;0.0003498729;69.9960000
9554.00085449219;69.9949271;69.9945897;0.0007029567;0.0004872501;69.9960000
9555.00030517578;69.9949479;69.9950666;0.0003214102;0.0004677932;69.9960000
9556.00070953369;69.9959175;69.9956626;0.0007631008;0.000566742;69.9960000
9557.00016021729;69.9960109;69.9962586;-0.0001171165;0.0005757115;69.9960000
9558.0005645752;69.9960000;69.9963779;-4.210469E-05;0.0002836302;69.9970000
9559.00001525879;69.9960096;69.9963779;-0.000110371;0.0001105433;69.9970000
9560.0004196167;69.9959370;69.9961991;0.0003949511;-6.446794E-05;69.9970000
9561.00082397461;69.9969175;69.9963779;0.0007948214;0.0001115697;69.9970000
9562.0002746582;69.9970109;69.9969739;-8.539588E-05;0.0004023485;69.9970000
9563.00067901611;69.9970000;69.9972719;-3.029443E-05;0.000357539;69.9980000
9564.00012969971;69.9970096;69.9974507;-0.0001184822;0.0002497805;69.9980000
9565.00053405762;69.9969370;69.9973912;0.0003735478;5.033818E-05;69.9980000
9565.99998474121;69.9979175;69.9976296;0.0007667776;0.0001863247;69.9980000
9567.00038909912;69.9980109;69.9981064;-0.0001001587;0.0003426299;69.9980000
9568.00079345703;69.9980000;69.9983448;-3.841677E-05;0.0002663309;69.9990000
9569.00024414063;69.9980096;69.9982853;-0.0001000537;5.091208E-05;69.9990000
9570.00064849854;69.9979370;69.9981661;0.0003986279;-7.034307E-05;69.9990000
9571.00009918213;69.9989175;69.9984044;0.0007918688;0.0001457714;69.9990000
9572.00050354004;69.9990109;69.9989409;-8.17191E-05;0.0003710913;69.9990000
9573.00090789795;69.9990000;69.9991197;-1.333668E-05;0.0002427922;69.9990000
9574.00035858154;69.9990000;69.9992985;-3.325813E-05;0.0001840032;69.9990000
9575.00076293945;69.9990000;69.9993581;-3.989862E-05;9.784657E-05;69.9990000
9576.00021362305;69.9990000;69.9993581;-3.989862E-05;3.813514E-05;69.9990000
9577.00061798096;69.9990000;69.9992390;-2.662879E-05;-7.924075E-05;69.9990000
9578.00006866455;69.9990000;69.9991794;-1.998831E-05;-7.274262E-05;70.0000000
9579.00047302246;69.9990096;69.9991794;-8.825463E-05;-2.835102E-05;70.0000000
9580.00087738037;69.9989370;69.9991198;0.0004037865;-3.718201E-05;70.0000000
9581.00032806396;69.9999175;69.9995369;0.000777106;0.0002741593;70.0000000
9582.00073242188;70.0000109;70.0001330;-0.0001031224;0.0004521968;70.0000000
9583.00018310547;70.0000000;70.0004310;-4.802096E-05;0.0003587452;70.0000000
9584.00058746338;70.0000000;70.0004310;-4.802096E-05;0.0001398189;70.0000000
9585.00003814697;70.0000000;70.0003715;-4.139161E-05;1.270488E-05;70.0000000
9586.00044250488;70.0000000;70.0002523;-2.811064E-05;-8.109989E-05;70.0000000
9587.00084686279;70.0000000;70.0001927;-2.147016E-05;-6.881621E-05;70.0000000
9588.00029754639;70.0000000;70.0001331;-1.482967E-05;-7.391209E-05;70.0000000
9589.0007019043;70.0000000;70.0001331;-1.482967E-05;-2.880682E-05;70.0000000
9590.00015258789;70.0000000;70.0001926;-2.145902E-05;1.486122E-05;70.0000000
9591.0005569458;70.0000000;70.0002522;-2.80995E-05;4.300007E-05;70.0000000
9592.00000762939;70.0000000;70.0002522;-2.80995E-05;1.675903E-05;70.0000000
9593.0004119873;70.0000000;70.0002522;-2.80995E-05;6.531738E-06;70.0000000
9594.00081634521;70.0000000;70.0002522;-2.80995E-05;2.545708E-06;70.0000000
9595.00026702881;70.0000000;70.0002522;-2.80995E-05;9.92175E-07;70.0000000
9596.00067138672;70.0000000;70.0001927;-2.147016E-05;-2.896288E-05;70.0000000
9597.00012207031;70.0000000;70.0001927;-2.147016E-05;-1.128812E-05;70.0000000
9598.00052642822;70.0000000;70.0001927;-2.147016E-05;-4.399481E-06;70.0000000
9599.00093078613;70.0000000;70.0001927;-2.147016E-05;-1.714673E-06;70.0000000
9600.00038146973;70.0000000;70.0001927;-2.147016E-05;-6.68284E-07;70.0000000
9601.00078582764;70.0000000;70.0001331;-1.482967E-05;-3.746845E-05;70.0000000
9602.00023651123;70.0000000;70.0001331;-1.482967E-05;-1.460312E-05;70.0000000
9603.00064086914;70.0000000;70.0001331;-1.482967E-05;-5.691481E-06;70.0000000
9604.00009155273;70.0000000;70.0001330;-1.481853E-05;8.830339E-06;70.0000000
9605.00049591064;70.0000000;70.0001330;-1.481853E-05;2.20718E-05;70.0000000
9606.00090026855;70.0000000;70.0001330;-1.481853E-05;8.602358E-06;70.0000000
9607.00035095215;70.0000000;70.0001330;-1.481853E-05;3.35272E-06;70.0000000
9608.00075531006;70.0000000;70.0001926;-2.145902E-05;2.743906E-05;70.0000000
9609.00020599365;70.0000000;70.0001331;-1.482967E-05;-4.219467E-05;70.0000000
9610.00061035156;70.0000000;70.0000734;-8.178047E-06;-6.951181E-05;70.0000000
9611.00006103516;70.0000000;70.0000734;-8.178047E-06;-4.110943E-05;70.0000000
9612.00046539307;70.0000000;70.0001330;-1.481853E-05;2.583682E-05;70.0000000
9613.00086975098;70.0000000;70.0001330;-1.481853E-05;1.006976E-05;70.0000000
9614.00032043457;70.0000000;70.0001330;-1.481853E-05;3.924631E-06;70.0000000
9615.00072479248;70.0000000;70.0001330;-1.481853E-05;2.143362E-05;70.0000000
9616.00017547607;70.0000000;70.0001330;-1.481853E-05;8.353632E-06;70.0000000
9617.00057983398;70.0000000;70.0001330;-1.481853E-05;3.255781E-06;70.0000000
9618.00003051758;70.0000000;70.0000734;-8.178047E-06;-4.582243E-05;70.0000000
9619.00043487549;70.0000000;70.0000734;-8.178047E-06;-1.785903E-05;70.0000000
9620.0008392334;70.0000000;70.0000138;-1.537562E-06;-4.881944E-05;70.0000000
9621.00028991699;70.0000000;69.9999542;5.102923E-06;-5.623509E-05;70.0000000
9622.0006942749;70.0000000;69.9999542;5.102923E-06;-3.766064E-05;70.0000000
9623.0001449585;70.0000000;70.0000137;-1.52642E-06;2.820704E-05;70.0000000
9624.00054931641;70.0000000;70.0000137;-1.52642E-06;1.099354E-05;70.0000000
9625;70.0000000;70.0000733;-8.166905E-06;3.735844E-05;70.0000000
9626.00040435791;70.0000000;70.0000734;-8.178047E-06;1.09347E-05;70.0000000
9627.00080871582;70.0000000;70.0000734;-8.178047E-06;4.261739E-06;70.0000000
9628.00025939941;70.0000000;69.9999542;5.102923E-06;-6.342676E-05;70.0000000
9629.00066375732;70.0000000;69.9999542;5.102923E-06;-2.472022E-05;70.0000000
9630.00011444092;70.0000000;70.0000137;-1.52642E-06;2.338371E-05;70.0000000
9631.00051879883;70.0000000;70.0000733;-8.166905E-06;3.851257E-05;70.0000000
9632.00092315674;70.0000000;70.0001330;-1.481853E-05;4.445829E-05;70.0000000
9633.00037384033;70.0000000;70.0000734;-8.178047E-06;-1.57464E-05;70.0000000
9634.00077819824;70.0000000;70.0000734;-8.178047E-06;-6.137069E-06;70.0000000
9635.00022888184;70.0000000;70.0000734;-8.178047E-06;-2.391888E-06;70.0000000
9636.00063323975;70.0000000;70.0000138;-1.537562E-06;-3.814021E-05;70.0000000
9637.00008392334;70.0000000;70.0000138;-1.537562E-06;-1.486493E-05;70.0000000
9638.00048828125;70.0000000;70.0001330;-1.481853E-05;6.746536E-05;70.0000000
9639.00089263916;70.0000000;70.0001330;-1.481853E-05;2.629424E-05;70.0000000
9640.00034332275;70.0000000;70.0000734;-8.178047E-06;-4.272975E-05;70.0000000
9641.00074768066;70.0000000;70.0000734;-8.178047E-06;-1.665368E-05;70.0000000
9642.00019836426;70.0000000;70.0000734;-8.178047E-06;-6.490676E-06;70.0000000
9643.00060272217;70.0000000;70.0000734;-8.178047E-06;-2.529704E-06;70.0000000
9644.00005340576;70.0000000;70.0001330;-1.481853E-05;3.622205E-05;70.0000000
9645.00045776367;70.0000000;70.0000734;-8.178047E-06;-3.886044E-05;70.0000000
9646.00086212158;70.0000000;70.0000734;-8.178047E-06;-1.804923E-05;70.0000000
9647.00031280518;70.0000000;69.9999542;5.102923E-06;-0.0001071037;70.0000000
9648.00071716309;70.0000000;70.0000137;-1.52642E-06;4.56808E-08;70.0000000
9649.00016784668;70.0000000;70.0000137;-1.52642E-06;1.780383E-08;70.0000000
9650.00057220459;70.0000000;70.0000733;-8.166905E-06;2.613929E-05;70.0000000
9651.00002288818;70.0000000;70.0001330;-1.481853E-05;5.211685E-05;70.0000000
9652.00042724609;70.0000000;70.0000734;-8.178047E-06;-3.266553E-05;70.0000000
9653.000831604;70.0000000;70.0000734;-8.178047E-06;-1.273121E-05;70.0000000
9654.0002822876;70.0000000;70.0000138;-1.537562E-06;-4.21699E-05;70.0000000
9655.00068664551;70.0000000;70.0000138;-1.537562E-06;-1.643548E-05;70.0000000
9656.0001373291;70.0000000;70.0000137;-1.52642E-06;-2.333843E-06;70.0000000
9657.00054168701;70.0000000;70.0000137;-1.52642E-06;-9.096022E-07;70.0000000
9657.99999237061;70.0000000;70.0000137;-1.52642E-06;-3.545123E-07;70.0000000
9659.00039672852;70.0000000;70.0000137;-1.52642E-06;3.122894E-06;70.0000000
9660.00080108643;70.0000000;70.0000137;-1.52642E-06;1.21713E-06;70.0000000
9661.00025177002;70.0000000;70.0000137;-1.52642E-06;4.743697E-07;70.0000000
9662.00065612793;70.0000000;70.0000137;-1.52642E-06;1.848829E-07;70.0000000
9663.00010681152;70.0000000;70.0000137;-1.52642E-06;6.231842E-06;70.0000000
9664.00051116943;70.0000000;70.0000137;-1.52642E-06;2.428825E-06;70.0000000
9665.00091552734;70.0000000;70.0001330;-1.481853E-05;0.0001069911;70.0000000
9666.00036621094;70.0000000;70.0000734;-8.178047E-06;-1.598253E-07;70.0000000
9667.00077056885;70.0000000;70.0000734;-8.178047E-06;-6.229101E-08;70.0000000
9668.00022125244;70.0000000;70.0000734;-8.178047E-06;-2.427757E-08;70.0000000
9669.00062561035;70.0000000;70.0000138;-1.537562E-06;-2.940836E-05;70.0000000
9670.00007629395;70.0000000;69.9999542;5.102923E-06;-3.469051E-05;70.0000000
9671.00048065186;70.0000000;69.9998946;1.174341E-05;-6.649821E-05;70.0000000
9672.00088500977;70.0000000;69.9998946;1.174341E-05;-2.59173E-05;70.0000000
9673.00033569336;70.0000000;69.9999541;5.114065E-06;3.691122E-05;70.0000000
9674.00074005127;70.0000000;70.0000137;-1.52642E-06;4.378484E-05;70.0000000
9675.00019073486;70.0000000;70.0001330;-1.481853E-05;8.222288E-05;70.0000000
9676.00059509277;70.0000000;70.0000734;-8.178047E-06;-5.162082E-06;70.0000000
9677.00004577637;70.0000000;70.0000138;-1.537562E-06;-3.921988E-05;70.0000000
9678.00045013428;70.0000000;69.9999542;5.102923E-06;-4.468463E-05;70.0000000
9679.00085449219;70.0000000;69.9999542;5.102923E-06;-1.741558E-05;70.0000000
9680.00030517578;70.0000000;70.0000137;-1.52642E-06;1.930089E-05;70.0000000
9681.00070953369;70.0000000;70.0000733;-8.166905E-06;4.47304E-05;70.0000000
9682.00016021729;70.0000000;70.0000734;-8.178047E-06;5.415834E-06;70.0000000
9683.0005645752;70.0000000;70.0000734;-8.178047E-06;2.110791E-06;70.0000000
9684.00001525879;70.0000000;70.0000138;-1.537562E-06;-3.225109E-05;70.0000000
9685.0004196167;70.0000000;69.9999542;5.102923E-06;-4.196858E-05;70.0000000
9686.00082397461;70.0000000;69.9999542;5.102923E-06;-1.635702E-05;70.0000000
9687.0002746582;70.0000000;70.0000137;-1.52642E-06;3.54137E-05;70.0000000
9688.00067901611;70.0000000;70.0000137;-1.52642E-06;1.380229E-05;70.0000000
9689.00012969971;70.0000000;70.0000733;-8.166905E-06;4.258735E-05;70.0000000
9690.00053405762;70.0000000;70.0000138;-1.537562E-06;-1.64201E-05;70.0000000
9690.99998474121;70.0000000;69.9999542;5.102923E-06;-3.947341E-05;70.0000000
9692.00038909912;70.0000000;69.9999542;5.102923E-06;-1.538454E-05;70.0000000
9693.00079345703;70.0000000;69.9999542;5.102923E-06;-5.996037E-06;70.0000000
9694.00024414063;70.0000000;70.0000137;-1.52642E-06;5.055197E-05;70.0000000
9695.00064849854;70.0000000;70.0000137;-1.52642E-06;3.369642E-05;70.0000000
9696.00009918213;70.0000000;70.0000137;-1.52642E-06;1.313299E-05;70.0000000
9697.00050354004;70.0000000;69.9999542;5.102923E-06;-2.789977E-05;70.0000000
9698.00090789795;70.0000000;69.9999542;5.102923E-06;-1.866975E-05;70.0000000
9699.00035858154;70.0000000;70.0000137;-1.52642E-06;4.561246E-05;70.0000000
9700.00076293945;70.0000000;69.9999542;5.102923E-06;-2.401155E-05;70.0000000
9701.00021362305;70.0000000;70.0000137;-1.52642E-06;2.369821E-05;70.0000000
9702.00061798096;70.0000000;70.0000137;-1.52642E-06;3.016007E-05;70.0000000
9703.00006866455;70.0000000;70.0000137;-1.52642E-06;1.175472E-05;70.0000000
9704.00047302246;70.0000000;69.9999542;5.102923E-06;-4.243101E-05;70.0000000
9705.00087738037;70.0000000;69.9999542;5.102923E-06;-1.653725E-05;70.0000000
9706.00032806396;70.0000000;69.9999542;5.102923E-06;-6.445298E-06;70.0000000
9707.00073242188;70.0000000;69.9999542;5.102923E-06;-2.512018E-06;70.0000000
9708.00018310547;70.0000000;69.9999542;5.102923E-06;-9.79045E-07;70.0000000
9709.00058746338;70.0000000;69.9999542;5.102923E-06;-3.815773E-07;70.0000000
9710.00003814697;70.0000000;69.9999542;5.102923E-06;-1.487176E-07;70.0000000
9711.00044250488;70.0000000;69.9999542;5.102923E-06;-5.796183E-08;70.0000000
9712.00084686279;70.0000000;69.9998946;1.174341E-05;-2.942149E-05;70.0000000
9713.00029754639;70.0000000;69.9999541;5.114065E-06;1.172293E-05;70.0000000
9714.0007019043;70.0000000;70.0000137;-1.52642E-06;2.779771E-05;70.0000000
9715.00015258789;70.0000000;70.0000137;-1.52642E-06;1.0834E-05;70.0000000
9716.0005569458;70.0000000;69.9999542;5.102923E-06;-3.292307E-05;70.0000000
9717.00000762939;70.0000000;69.9999542;5.102923E-06;-1.976134E-05;70.0000000
9718.0004119873;70.0000000;70.0000137;-1.52642E-06;3.532023E-05;70.0000000
9719.00081634521;70.0000000;70.0000137;-1.52642E-06;2.359434E-05;70.0000000
9720.00026702881;70.0000000;70.0000733;-8.166905E-06;3.532812E-05;70.0000000
9721.00067138672;70.0000000;70.0000733;-8.166905E-06;1.376893E-05;70.0000000
9722.00012207031;70.0000000;70.0000733;-8.166905E-06;5.366364E-06;70.0000000
9723.00052642822;70.0000000;69.9999542;5.102923E-06;-7.434942E-05;70.0000000
9724.00093078613;70.0000000;69.9999542;5.102923E-06;-2.897727E-05;70.0000000
9725.00038146973;70.0000000;69.9999542;5.102923E-06;-1.129373E-05;70.0000000
9726.00078582764;70.0000000;69.9999542;5.102923E-06;-4.401666E-06;70.0000000
9727.00023651123;70.0000000;69.9999542;5.102923E-06;-1.715524E-06;70.0000000
9728.00064086914;70.0000000;69.9999542;5.102923E-06;-6.686159E-07;70.0000000
9729.00009155273;70.0000000;70.0000137;-1.52642E-06;4.675176E-05;70.0000000
9730.00049591064;70.0000000;70.0000137;-1.52642E-06;1.822123E-05;70.0000000
9731.00090026855;70.0000000;70.0000137;-1.52642E-06;7.101622E-06;70.0000000
9732.00035095215;70.0000000;70.0000137;-1.52642E-06;5.66654E-06;70.0000000
9733.00075531006;70.0000000;70.0000137;-1.52642E-06;1.790874E-05;70.0000000
9734.00020599365;70.0000000;70.0000137;-1.52642E-06;6.979832E-06;70.0000000
9735.00061035156;70.0000000;69.9999542;5.102923E-06;-3.90684E-05;70.0000000
9736.00006103516;70.0000000;70.0000137;-1.52642E-06;3.76622E-05;70.0000000
9737.00046539307;70.0000000;70.0000137;-1.52642E-06;1.467863E-05;70.0000000
9738.00086975098;70.0000000;70.0000137;-1.52642E-06;2.200155E-05;70.0000000
9739.00032043457;70.0000000;69.9999542;5.102923E-06;-1.461481E-05;70.0000000
9740.00072479248;70.0000000;69.9999542;5.102923E-06;-5.696038E-06;70.0000000
9741.00017547607;70.0000000;70.0000733;-8.166905E-06;7.394757E-05;70.0000000
9742.00057983398;70.0000000;70.0000733;-8.166905E-06;2.882064E-05;70.0000000
9743.00003051758;70.0000000;70.0000733;-8.166905E-06;1.123268E-05;70.0000000
9744.00043487549;70.0000000;70.0000138;-1.537562E-06;-4.851101E-05;70.0000000
9745.0008392334;70.0000000;69.9999542;5.102923E-06;-5.198065E-05;70.0000000
9746.00028991699;70.0000000;69.9999542;5.102923E-06;-2.025917E-05;70.0000000
9747.0006942749;70.0000000;69.9999542;5.102923E-06;-7.895896E-06;70.0000000
9748.0001449585;70.0000000;70.0000137;-1.52642E-06;2.994089E-05;70.0000000
9749.00054931641;70.0000000;70.0000137;-1.52642E-06;1.166929E-05;70.0000000
9750;70.0000000;70.0000137;-1.52642E-06;4.548041E-06;70.0000000
9751.00040435791;70.0000000;70.0000137;-1.52642E-06;1.772573E-06;70.0000000
9752.00080871582;70.0000000;69.9999542;5.102923E-06;-2.539766E-05;70.0000000
9753.00025939941;70.0000000;70.0000137;-1.52642E-06;1.329119E-05;70.0000000
9754.00066375732;70.0000000;70.0000137;-1.52642E-06;5.180168E-06;70.0000000
9755.00011444092;70.0000000;70.0000137;-1.52642E-06;2.018941E-06;70.0000000
9756.00051879883;70.0000000;70.0000137;-1.52642E-06;7.868709E-07;70.0000000
9757.00092315674;70.0000000;69.9999542;5.102923E-06;-2.90429E-05;70.0000000
9758.00037384033;70.0000000;69.9999542;5.102923E-06;-1.13193E-05;70.0000000
9759.00077819824;70.0000000;69.9999542;5.102923E-06;-4.411635E-06;70.0000000
9760.00022888184;70.0000000;69.9999542;5.102923E-06;-1.71941E-06;70.0000000
9761.00063323975;70.0000000;69.9999542;5.102923E-06;-1.543896E-05;70.0000000
9762.00008392334;70.0000000;69.9999542;5.102923E-06;-6.017248E-06;70.0000000
9763.00048828125;70.0000000;69.9999542;5.102923E-06;-2.345188E-06;70.0000000
9764.00089263916;70.0000000;69.9999542;5.102923E-06;-5.557219E-06;70.0000000
9765.00034332275;70.0000000;70.0000137;-1.52642E-06;4.659571E-05;70.0000000
9766.00074768066;70.0000000;70.0000137;-1.52642E-06;1.816042E-05;70.0000000
9767.00019836426;70.0000000;70.0000137;-1.52642E-06;7.07792E-06;70.0000000
9768.00060272217;70.0000000;70.0000137;-1.52642E-06;2.758579E-06;70.0000000
9769.00005340576;70.0000000;70.0000137;-1.52642E-06;1.07514E-06;70.0000000
9770.00045776367;70.0000000;70.0000137;-1.52642E-06;4.190299E-07;70.0000000
9771.00086212158;70.0000000;69.9999542;5.102923E-06;-2.302647E-05;70.0000000
9772.00031280518;70.0000000;69.9999542;5.102923E-06;-8.974439E-06;70.0000000
9773.00071716309;70.0000000;70.0000137;-1.52642E-06;2.952054E-05;70.0000000
9774.00016784668;70.0000000;70.0000733;-8.166905E-06;5.336445E-05;70.0000000
9775.00057220459;70.0000000;70.0000733;-8.166905E-06;2.079849E-05;70.0000000
9776.00002288818;70.0000000;70.0000733;-8.166905E-06;8.106096E-06;70.0000000
9777.00042724609;70.0000000;69.9999542;5.102923E-06;-7.328163E-05;70.0000000
9778.000831604;70.0000000;69.9999542;5.102923E-06;-2.85611E-05;70.0000000
9779.0002822876;70.0000000;69.9998946;1.174341E-05;-3.436029E-05;70.0000000
9780.00068664551;70.0000000;70.0000137;-1.52642E-06;7.548838E-05;70.0000000
9781.0001373291;70.0000000;70.0000137;-1.52642E-06;2.942117E-05;70.0000000
9782.00054168701;70.0000000;70.0000733;-8.166905E-06;3.759909E-05;70.0000000
9782.99999237061;70.0000000;70.0000733;-8.166905E-06;1.465403E-05;70.0000000
9784.00039672852;70.0000000;70.0000733;-8.166905E-06;5.711328E-06;70.0000000
9785.00080108643;70.0000000;69.9999542;5.102923E-06;-6.43316E-05;70.0000000
9786.00025177002;70.0000000;69.9999542;5.102923E-06;-2.507288E-05;70.0000000
9787.00065612793;70.0000000;69.9998946;1.174341E-05;-3.590437E-05;70.0000000
9788.00010681152;70.0000000;70.0000137;-1.52642E-06;5.721504E-05;70.0000000
9789.00051116943;70.0000000;70.0000733;-8.166905E-06;6.415822E-05;70.0000000
9790.00091552734;70.0000000;70.0000733;-8.166905E-06;2.500531E-05;70.0000000
9791.00036621094;70.0000000;69.9999542;5.102923E-06;-8.037766E-05;70.0000000
9792.00077056885;70.0000000;69.9999542;5.102923E-06;-3.132674E-05;70.0000000
9793.00022125244;70.0000000;69.9998946;1.174341E-05;-3.834178E-05;70.0000000
9794.00062561035;70.0000000;69.9998946;1.174341E-05;-1.494349E-05;70.0000000
9795.00007629395;70.0000000;69.9999541;5.114065E-06;2.026437E-05;70.0000000
9796.00048065186;70.0000000;69.9999541;5.114065E-06;7.897924E-06;70.0000000
9797.00088500977;70.0000000;70.0000137;-1.52642E-06;3.615194E-05;70.0000000
9798.00033569336;70.0000000;69.9999542;5.102923E-06;-1.525956E-05;70.0000000
9799.00074005127;70.0000000;69.9999542;5.102923E-06;-5.947329E-06;70.0000000
9800.00019073486;70.0000000;69.9999542;5.102923E-06;-2.317938E-06;70.0000000
9801.00059509277;70.0000000;69.9999542;5.102923E-06;-9.034033E-07;70.0000000
9802.00004577637;70.0000000;69.9999542;5.102923E-06;-3.520963E-07;70.0000000
9803.00045013428;70.0000000;69.9999542;5.102923E-06;-1.372275E-07;70.0000000
9804.00085449219;70.0000000;69.9999542;5.102923E-06;-5.348366E-08;70.0000000
9805.00030517578;70.0000000;69.9999542;5.102923E-06;-2.084495E-08;70.0000000
9806.00070953369;70.0000000;69.9999542;5.102923E-06;-8.124203E-09;70.0000000
9807.00016021729;70.0000000;69.9999542;5.102923E-06;-3.166362E-09;70.0000000
9808.0005645752;70.0000000;70.0000137;-1.52642E-06;4.288383E-05;70.0000000
9809.00001525879;70.0000000;70.0000137;-1.52642E-06;1.671373E-05;70.0000000
9810.0004196167;70.0000000;69.9999542;5.102923E-06;-2.28355E-05;70.0000000
9811.00082397461;70.0000000;69.9999542;5.102923E-06;-8.900006E-06;70.0000000
9812.0002746582;70.0000000;69.9999542;5.102923E-06;-3.468727E-06;70.0000000
9813.00067901611;70.0000000;69.9999542;5.102923E-06;-1.351917E-06;70.0000000
9814.00012969971;70.0000000;70.0000137;-1.52642E-06;3.249137E-05;70.0000000
9815.00053405762;70.0000000;70.0000137;-1.52642E-06;1.266333E-05;70.0000000
9816.00093841553;70.0000000;69.9999542;5.102923E-06;-4.207688E-05;70.0000000
9817.00038909912;70.0000000;69.9999542;5.102923E-06;-1.639923E-05;70.0000000
9818.00079345703;70.0000000;70.0000137;-1.52642E-06;4.649739E-05;70.0000000
9819.00024414063;70.0000000;70.0000137;-1.52642E-06;1.812209E-05;70.0000000
9820.00064849854;70.0000000;70.0000733;-8.166905E-06;6.004076E-05;70.0000000
9821.00009918213;70.0000000;70.0000733;-8.166905E-06;2.340055E-05;70.0000000
9822.00050354004;70.0000000;70.0001330;-1.481853E-05;3.856846E-05;70.0000000
9823.00090789795;70.0000000;70.0000734;-8.178047E-06;-1.110052E-05;70.0000000
9824.00035858154;70.0000000;70.0000734;-8.178047E-06;-4.326364E-06;70.0000000
9825.00076293945;70.0000000;70.0000138;-1.537562E-06;-2.491494E-05;70.0000000
9826.00021362305;70.0000000;70.0000138;-1.537562E-06;-9.710456E-06;70.0000000
9827.00061798096;70.0000000;70.0000138;-1.537562E-06;-3.784595E-06;70.0000000
9828.00006866455;70.0000000;70.0001330;-1.481853E-05;5.774275E-05;70.0000000
9829.00047302246;70.0000000;70.0001330;-1.481853E-05;2.617977E-05;70.0000000
9830.00087738037;70.0000000;70.0000734;-8.178047E-06;-1.592894E-05;70.0000000
9831.00032806396;70.0000000;70.0000138;-1.537562E-06;-3.928198E-05;70.0000000
9832.00073242188;70.0000000;69.9999542;5.102923E-06;-3.853869E-05;70.0000000
9833.00018310547;70.0000000;70.0000137;-1.52642E-06;1.799804E-05;70.0000000
9834.00058746338;70.0000000;70.0000733;-8.166905E-06;5.999241E-05;70.0000000
9835.00003814697;70.0000000;70.0001330;-1.481853E-05;6.531092E-05;70.0000000
9836.00044250488;70.0000000;70.0000734;-8.178047E-06;-6.777941E-07;70.0000000
9837.00084686279;70.0000000;70.0000138;-1.537562E-06;-3.747216E-05;70.0000000
9838.00029754639;70.0000000;69.9999542;5.102923E-06;-4.400346E-05;70.0000000
9839.0007019043;70.0000000;69.9999542;5.102923E-06;-1.71501E-05;70.0000000
9840.00015258789;70.0000000;70.0000137;-1.52642E-06;4.620473E-05;70.0000000
9841.0005569458;70.0000000;70.0000137;-1.52642E-06;1.800803E-05;70.0000000
9842.00000762939;70.0000000;70.0000137;-1.52642E-06;7.018529E-06;70.0000000
9843.0004119873;70.0000000;70.0000137;-1.52642E-06;2.735432E-06;70.0000000
9844.00081634521;70.0000000;70.0000137;-1.52642E-06;1.066119E-06;70.0000000
9845.00026702881;70.0000000;70.0000137;-1.52642E-06;4.155139E-07;70.0000000
9846.00067138672;70.0000000;70.0000137;-1.52642E-06;6.038488E-06;70.0000000
9847.00012207031;70.0000000;69.9999542;5.102923E-06;-4.531183E-05;70.0000000
9848.00052642822;70.0000000;70.0000137;-1.52642E-06;1.430502E-05;70.0000000
9849.00093078613;70.0000000;69.9999542;5.102923E-06;-3.157026E-05;70.0000000
9850.00038146973;70.0000000;70.0000137;-1.52642E-06;1.378418E-05;70.0000000
9851.00078582764;70.0000000;70.0000137;-1.52642E-06;5.372307E-06;70.0000000
9852.00023651123;70.0000000;70.0000137;-1.52642E-06;2.093826E-06;70.0000000
9853.00064086914;70.0000000;70.0000137;-1.52642E-06;8.160567E-07;70.0000000
9854.00009155273;70.0000000;70.0000733;-8.166905E-06;3.339182E-05;70.0000000
9855.00049591064;70.0000000;70.0000733;-8.166905E-06;1.301427E-05;70.0000000
9856.00090026855;70.0000000;70.0000138;-1.537562E-06;-4.781665E-05;70.0000000
9857.00035095215;70.0000000;69.9999542;5.102923E-06;-6.049525E-05;70.0000000
9858.00075531006;70.0000000;69.9999542;5.102923E-06;-2.357768E-05;70.0000000
9859.00020599365;70.0000000;70.0000137;-1.52642E-06;4.369962E-05;70.0000000
9860.00061035156;70.0000000;70.0000137;-1.52642E-06;1.703168E-05;70.0000000
9861.00006103516;70.0000000;70.0000137;-1.52642E-06;6.638E-06;70.0000000
9862.00046539307;70.0000000;69.9999542;5.102923E-06;-3.455843E-05;70.0000000
9863.00086975098;70.0000000;69.9999542;5.102923E-06;-1.346896E-05;70.0000000
9864.00032043457;70.0000000;69.9999542;5.102923E-06;-5.249449E-06;70.0000000
9865.00072479248;70.0000000;69.9999542;5.102923E-06;-1.36189E-05;70.0000000
9866.00017547607;70.0000000;70.0000137;-1.52642E-06;1.78819E-05;70.0000000
9867.00057983398;70.0000000;70.0000137;-1.52642E-06;6.969371E-06;70.0000000
9868.00003051758;70.0000000;70.0000137;-1.52642E-06;2.716273E-06;70.0000000
9869.00043487549;70.0000000;70.0000137;-1.52642E-06;1.058652E-06;70.0000000
9870.0008392334;70.0000000;69.9999542;5.102923E-06;-4.659974E-05;70.0000000
9871.00028991699;70.0000000;69.9999542;5.102923E-06;-1.816199E-05;70.0000000
9872.0006942749;70.0000000;69.9999542;5.102923E-06;-7.078533E-06;70.0000000
9873.0001449585;70.0000000;70.0000137;-1.52642E-06;2.332969E-05;70.0000000
9874.00054931641;70.0000000;70.0000137;-1.52642E-06;9.092615E-06;70.0000000
9875;70.0000000;69.9999542;5.102923E-06;-2.254472E-05;70.0000000
9876.00040435791;70.0000000;69.9999542;5.102923E-06;-8.786676E-06;70.0000000
9877.00080871582;70.0000000;69.9999542;5.102923E-06;-3.424558E-06;70.0000000
9878.00025939941;70.0000000;69.9999542;5.102923E-06;-1.334702E-06;70.0000000
9879.00066375732;70.0000000;70.0000137;-1.52642E-06;4.649215E-05;70.0000000
9880.00011444092;70.0000000;70.0000137;-1.52642E-06;1.812005E-05;70.0000000
9881.00051879883;70.0000000;70.0000137;-1.52642E-06;3.386256E-05;70.0000000
9882.00092315674;70.0000000;69.9999542;5.102923E-06;-3.969115E-05;70.0000000
9883.00037384033;70.0000000;70.0000137;-1.52642E-06;2.167616E-05;70.0000000
9884.00077819824;70.0000000;70.0000137;-1.52642E-06;1.460795E-05;70.0000000
9885.00022888184;70.0000000;70.0000137;-1.52642E-06;5.693365E-06;70.0000000
9886.00063323975;70.0000000;70.0000137;-1.52642E-06;2.218957E-06;70.0000000
9887.00008392334;70.0000000;70.0000137;-1.52642E-06;8.648258E-07;70.0000000
9888.00048828125;70.0000000;69.9999542;5.102923E-06;-5.255183E-05;70.0000000
9889.00089263916;70.0000000;69.9999542;5.102923E-06;-2.664157E-05;70.0000000
9890.00034332275;70.0000000;69.9999542;5.102923E-06;-1.560699E-05;70.0000000
9891.00074768066;70.0000000;70.0000137;-1.52642E-06;1.710705E-05;70.0000000
9892.00019836426;70.0000000;70.0000137;-1.52642E-06;6.667376E-06;70.0000000
9893.00060272217;70.0000000;70.0000137;-1.52642E-06;2.598572E-06;70.0000000
9894.00005340576;70.0000000;70.0000137;-1.52642E-06;1.012779E-06;70.0000000
9895.00045776367;70.0000000;69.9999542;5.102923E-06;-3.262355E-05;70.0000000
9896.00086212158;70.0000000;69.9999542;5.102923E-06;-1.271485E-05;70.0000000
9897.00031280518;70.0000000;69.9999542;5.102923E-06;-4.955539E-06;70.0000000
9898.00071716309;70.0000000;70.0000137;-1.52642E-06;3.108688E-05;70.0000000
9899.00016784668;70.0000000;70.0000137;-1.52642E-06;1.211594E-05;70.0000000
9900.00057220459;70.0000000;70.0000137;-1.52642E-06;4.722118E-06;70.0000000
9901.00002288818;70.0000000;70.0000137;-1.52642E-06;4.739143E-06;70.0000000
9902.00042724609;70.0000000;70.0000137;-1.52642E-06;1.847054E-06;70.0000000
9903.000831604;70.0000000;70.0000137;-1.52642E-06;7.198789E-07;70.0000000
9904.0002822876;70.0000000;70.0000137;-1.52642E-06;2.805687E-07;70.0000000
9905.00068664551;70.0000000;70.0000137;-1.52642E-06;1.093501E-07;70.0000000
9906.0001373291;70.0000000;70.0000137;-1.52642E-06;4.261858E-08;70.0000000
9907.00054168701;70.0000000;70.0000137;-1.52642E-06;1.661035E-08;70.0000000
9908.00094604492;70.0000000;70.0000137;-1.52642E-06;6.47379E-09;70.0000000
9909.00039672852;70.0000000;70.0000733;-8.166905E-06;4.186151E-05;70.0000000
9910.00080108643;70.0000000;70.0000733;-8.166905E-06;1.631529E-05;70.0000000
9911.00025177002;70.0000000;70.0000733;-8.166905E-06;6.358792E-06;70.0000000
9912.00065612793;70.0000000;69.9999542;5.102923E-06;-5.791947E-05;70.0000000
9913.00010681152;70.0000000;69.9999542;5.102923E-06;-2.257378E-05;70.0000000
9914.00051116943;70.0000000;69.9999542;5.102923E-06;-8.798004E-06;70.0000000
9915.00091552734;70.0000000;70.0000137;-1.52642E-06;2.265954E-05;70.0000000
9916.00036621094;70.0000000;70.0000137;-1.52642E-06;8.83143E-06;70.0000000
9917.00077056885;70.0000000;70.0000137;-1.52642E-06;3.442E-06;70.0000000
9918.00022125244;70.0000000;69.9999542;5.102923E-06;-2.800808E-05;70.0000000
9919.00062561035;70.0000000;69.9999542;5.102923E-06;-1.091599E-05;70.0000000
9920.00007629395;70.0000000;69.9999542;5.102923E-06;-4.254446E-06;70.0000000
9921.00048065186;70.0000000;69.9999542;5.102923E-06;-1.658146E-06;70.0000000
9922.00088500977;70.0000000;70.0000137;-1.52642E-06;2.870332E-05;70.0000000
9923.00033569336;70.0000000;70.0000137;-1.52642E-06;1.118696E-05;70.0000000
9924.00074005127;70.0000000;70.0000733;-8.166905E-06;3.375896E-05;70.0000000
9925.00019073486;70.0000000;70.0000733;-8.166905E-06;1.315736E-05;70.0000000
9926.00059509277;70.0000000;70.0000733;-8.166905E-06;5.128009E-06;70.0000000
9927.00004577637;70.0000000;69.9999542;5.102923E-06;-6.828253E-05;70.0000000
9928.00045013428;70.0000000;70.0000137;-1.52642E-06;2.736845E-06;70.0000000
9929.00085449219;70.0000000;70.0000137;-1.52642E-06;3.965395E-06;70.0000000
9930.00030517578;70.0000000;70.0000137;-1.52642E-06;1.54549E-06;70.0000000
9931.00070953369;70.0000000;70.0000137;-1.52642E-06;6.02346E-07;70.0000000
9932.00016021729;70.0000000;70.0000137;-1.52642E-06;2.347609E-07;70.0000000
9933.0005645752;70.0000000;70.0000137;-1.52642E-06;9.149673E-08;70.0000000
9934.00001525879;70.0000000;70.0000733;-8.166905E-06;4.712702E-05;70.0000000
9935.0004196167;70.0000000;70.0000733;-8.166905E-06;1.836749E-05;70.0000000
9936.00082397461;70.0000000;69.9999542;5.102923E-06;-7.190766E-05;70.0000000
9937.0002746582;70.0000000;69.9999542;5.102923E-06;-2.80256E-05;70.0000000
9938.00067901611;70.0000000;70.0000137;-1.52642E-06;1.842676E-05;70.0000000
9939.00012969971;70.0000000;70.0000733;-8.166905E-06;5.427308E-05;70.0000000
9940.00053405762;70.0000000;70.0000733;-8.166905E-06;2.115263E-05;70.0000000
9941.00093841553;70.0000000;70.0000138;-1.537562E-06;-1.78444E-05;70.0000000
9942.00038909912;70.0000000;69.9999542;5.102923E-06;-4.099685E-05;70.0000000
9943.00079345703;70.0000000;70.0000137;-1.52642E-06;2.581046E-05;70.0000000
9944.00024414063;70.0000000;70.0000137;-1.52642E-06;1.698925E-05;70.0000000
9945.00064849854;70.0000000;69.9999542;5.102923E-06;-2.762537E-05;70.0000000
9946.00009918213;70.0000000;70.0000137;-1.52642E-06;3.102192E-05;70.0000000
9947.00050354004;70.0000000;70.0000137;-1.52642E-06;1.209062E-05;70.0000000
9948.00090789795;70.0000000;69.9999542;5.102923E-06;-4.23001E-05;70.0000000
9949.00035858154;70.0000000;70.0000137;-1.52642E-06;6.703567E-06;70.0000000
9950.00076293945;70.0000000;70.0000137;-1.52642E-06;2.612677E-06;70.0000000
9951.00021362305;70.0000000;70.0000137;-1.52642E-06;3.916999E-06;70.0000000
9952.00061798096;70.0000000;69.9999542;5.102923E-06;-3.561893E-05;70.0000000
9953.00006866455;70.0000000;69.9999542;5.102923E-06;-1.388228E-05;70.0000000
9954.00047302246;70.0000000;69.9999542;5.102923E-06;-5.410539E-06;70.0000000
9955.00087738037;70.0000000;69.9999542;5.102923E-06;-2.108727E-06;70.0000000
9956.00032806396;70.0000000;69.9999542;5.102923E-06;-8.218644E-07;70.0000000
9957.00073242188;70.0000000;69.9999542;5.102923E-06;-3.20317E-07;70.0000000
9958.00018310547;70.0000000;70.0000137;-1.52642E-06;4.688751E-05;70.0000000
9959.00058746338;70.0000000;69.9999542;5.102923E-06;-2.351461E-05;70.0000000
9960.00003814697;70.0000000;70.0000137;-1.52642E-06;2.801918E-05;70.0000000
9961.00044250488;70.0000000;69.9999542;5.102923E-06;-1.51682E-05;70.0000000
9962.00084686279;70.0000000;69.9999542;5.102923E-06;-5.911719E-06;70.0000000
9963.00029754639;70.0000000;69.9999542;5.102923E-06;-2.304059E-06;70.0000000
9964.0007019043;70.0000000;70.0000137;-1.52642E-06;5.19909E-05;70.0000000
9965.00015258789;70.0000000;70.0000137;-1.52642E-06;2.026316E-05;70.0000000
9966.0005569458;70.0000000;70.0000137;-1.52642E-06;7.897452E-06;70.0000000
9967.00000762939;70.0000000;70.0000137;-1.52642E-06;3.077987E-06;70.0000000
9968.0004119873;70.0000000;70.0000137;-1.52642E-06;1.199628E-06;70.0000000
9969.00081634521;70.0000000;70.0000137;-1.52642E-06;4.136248E-06;70.0000000
9970.00026702881;70.0000000;70.0000137;-1.52642E-06;1.612079E-06;70.0000000
9971.00067138672;70.0000000;70.0000137;-1.52642E-06;6.282987E-07;70.0000000
9972.00012207031;70.0000000;70.0000733;-8.166905E-06;2.347364E-05;70.0000000
9973.00052642822;70.0000000;69.9999542;5.102923E-06;-4.63387E-05;70.0000000
9974.00093078613;70.0000000;69.9998946;1.174341E-05;-4.745915E-05;70.0000000
9975.00038146973;70.0000000;69.9998946;1.174341E-05;-1.849693E-05;70.0000000
9976.00078582764;70.0000000;69.9999541;5.114065E-06;3.457968E-05;70.0000000
9977.00023651123;70.0000000;70.0000137;-1.52642E-06;4.287614E-05;70.0000000
9978.00064086914;70.0000000;70.0000733;-8.166905E-06;3.99395E-05;70.0000000
9979.00009155273;70.0000000;70.0000733;-8.166905E-06;1.556619E-05;70.0000000
9980.00049591064;70.0000000;70.0000138;-1.537562E-06;-2.328274E-05;70.0000000
9981.00090026855;70.0000000;69.9999542;5.102923E-06;-3.520667E-05;70.0000000
9982.00035095215;70.0000000;70.0000137;-1.52642E-06;2.342396E-05;70.0000000
9983.00075531006;70.0000000;70.0000137;-1.52642E-06;9.129355E-06;70.0000000
9984.00020599365;70.0000000;70.0000137;-1.52642E-06;3.558114E-06;70.0000000
9985.00061035156;70.0000000;70.0000137;-1.52642E-06;1.386755E-06;70.0000000
9986.00006103516;70.0000000;69.9999542;5.102923E-06;-3.660508E-05;70.0000000
9987.00046539307;70.0000000;69.9999542;5.102923E-06;-1.426662E-05;70.0000000
9988.00086975098;70.0000000;69.9999542;5.102923E-06;-5.560335E-06;70.0000000
9989.00032043457;70.0000000;70.0000137;-1.52642E-06;2.718247E-05;70.0000000
9990.00072479248;70.0000000;70.0000733;-8.166905E-06;5.24532E-05;70.0000000
9991.00017547607;70.0000000;70.0000733;-8.166905E-06;2.044334E-05;70.0000000
9992.00057983398;70.0000000;70.0000138;-1.537562E-06;-4.492122E-05;70.0000000
9993.00003051758;70.0000000;70.0000137;-1.52642E-06;-1.292703E-05;70.0000000
9994.00043487549;70.0000000;70.0000137;-1.52642E-06;-5.038235E-06;70.0000000
9995.0008392334;70.0000000;70.0000137;-1.52642E-06;-1.963624E-06;70.0000000
9996.00028991699;70.0000000;70.0000137;-1.52642E-06;-7.653111E-07;70.0000000
9997.0006942749;70.0000000;70.0000733;-8.166905E-06;4.679308E-05;70.0000000
9998.0001449585;70.0000000;70.0001330;-1.481853E-05;5.550776E-05;70.0000000
9999.00054931641;70.0000000;70.0001330;-1.481853E-05;2.163383E-05;70.0000000
10000;70.0000000;70.0000734;-8.178047E-06;-1.77007E-05;70.0000000
10001.0004043579;70.0000000;69.9999542;5.102923E-06;-5.916347E-05;70.0000000
10002.0008087158;70.0000000;69.9999542;5.102923E-06;-2.305863E-05;70.0000000
10003.0002593994;70.0000000;69.9999542;5.102923E-06;-8.986968E-06;70.0000000
10004.0006637573;70.0000000;70.0000733;-8.166905E-06;7.556367E-05;70.0000000
10005.0001144409;70.0000000;70.0000734;-8.178047E-06;2.486195E-05;70.0000000
10006.0005187988;70.0000000;70.0001330;-1.481853E-05;3.582216E-05;70.0000000
10007.0009231567;70.0000000;70.0000734;-8.178047E-06;-1.543742E-05;70.0000000
10008.0003738403;70.0000000;69.9999542;5.102923E-06;-6.848932E-05;70.0000000
10009.0007781982;70.0000000;69.9998946;1.174341E-05;-6.390131E-05;70.0000000
10010.0002288818;70.0000000;70.0000137;-1.52642E-06;6.986136E-05;70.0000000
10011.0006332397;70.0000000;70.0001330;-1.481853E-05;0.0001273861;70.0000000
10012.0000839233;70.0000000;70.0001330;-1.481853E-05;4.964801E-05;70.0000000
10013.0004882813;70.0000000;70.0001330;-1.481853E-05;1.935003E-05;70.0000000
10014.0008926392;70.0000000;70.0001330;-1.481853E-05;7.541566E-06;70.0000000
10015.0003433228;70.0000000;70.0000734;-8.178047E-06;-2.319308E-05;70.0000000
10016.0007476807;70.0000000;70.0000138;-1.537562E-06;-3.226813E-05;70.0000000
10017.0001983643;70.0000000;69.9999542;5.102923E-06;-3.580509E-05;70.0000000
10018.0006027222;70.0000000;69.9999542;5.102923E-06;-1.395483E-05;70.0000000
10019.0000534058;70.0000000;70.0000733;-8.166905E-06;7.362747E-05;70.0000000
10020.0004577637;70.0000000;70.0000733;-8.166905E-06;2.869589E-05;70.0000000
10021.0008621216;70.0000000;70.0000733;-8.166905E-06;1.118406E-05;70.0000000
10022.0003128052;70.0000000;69.9999542;5.102923E-06;-5.438955E-05;70.0000000
10023.0007171631;70.0000000;69.9998946;1.174341E-05;-4.442678E-05;70.0000000
10024.0001678467;70.0000000;69.9999541;5.114065E-06;3.557381E-05;70.0000000
10025.0005722046;70.0000000;70.0000137;-1.52642E-06;4.326359E-05;70.0000000
10026.0000228882;70.0000000;70.0001330;-1.481853E-05;8.726088E-05;70.0000000
10027.0004272461;70.0000000;70.0001330;-1.481853E-05;3.400944E-05;70.0000000
10028.000831604;70.0000000;70.0000138;-1.537562E-06;-5.996873E-05;70.0000000
10029.0002822876;70.0000000;69.9999542;5.102923E-06;-5.277138E-05;70.0000000
10030.0006866455;70.0000000;69.9999542;5.102923E-06;-2.056735E-05;70.0000000
10031.0001373291;70.0000000;70.0000137;-1.52642E-06;2.500227E-05;70.0000000
10032.000541687;70.0000000;70.0000733;-8.166905E-06;5.160347E-05;70.0000000
10033.0009460449;70.0000000;70.0000733;-8.166905E-06;2.011216E-05;70.0000000
10034.0003967285;70.0000000;70.0000733;-8.166905E-06;7.838602E-06;70.0000000
10035.0008010864;70.0000000;70.0000138;-1.537562E-06;-3.409051E-05;70.0000000
10036.00025177;70.0000000;69.9999542;5.102923E-06;-6.037794E-05;70.0000000
10037.0006561279;70.0000000;70.0000137;-1.52642E-06;1.499572E-05;70.0000000
10038.0001068115;70.0000000;70.0000137;-1.52642E-06;5.844498E-06;70.0000000
10039.0005111694;70.0000000;70.0000733;-8.166905E-06;4.936922E-05;70.0000000
10040.0009155273;70.0000000;70.0000138;-1.537562E-06;-3.364752E-05;70.0000000
10041.0003662109;70.0000000;69.9999542;5.102923E-06;-6.609171E-05;70.0000000
10042.0007705688;70.0000000;69.9999542;5.102923E-06;-2.575887E-05;70.0000000
10043.0002212524;70.0000000;69.9999542;5.102923E-06;-1.003938E-05;70.0000000
10044.0006256104;70.0000000;69.9999542;5.102923E-06;-3.91279E-06;70.0000000
10045.0000762939;70.0000000;69.9999542;5.102923E-06;-1.524988E-06;70.0000000
10046.0004806519;70.0000000;70.0000137;-1.52642E-06;2.259543E-05;70.0000000
10047.0008850098;70.0000000;70.0000137;-1.52642E-06;8.806443E-06;70.0000000
10048.0003356934;70.0000000;69.9999542;5.102923E-06;-2.958601E-05;70.0000000
10049.0007400513;70.0000000;69.9999542;5.102923E-06;-1.153098E-05;70.0000000
10050.0001907349;70.0000000;69.9998946;1.174341E-05;-5.158549E-05;70.0000000
10051.0005950928;70.0000000;69.9998946;1.174341E-05;-2.010515E-05;70.0000000
10052.0000457764;70.0000000;69.9999541;5.114065E-06;2.51824E-05;70.0000000
10053.0004501343;70.0000000;70.0000137;-1.52642E-06;4.87437E-05;70.0000000
10054.0008544922;70.0000000;69.9999542;5.102923E-06;-2.801477E-05;70.0000000
10055.0003051758;70.0000000;70.0000137;-1.52642E-06;1.843098E-05;70.0000000
10056.0007095337;70.0000000;69.9999542;5.102923E-06;-1.890514E-05;70.0000000
10057.0001602173;70.0000000;69.9999542;5.102923E-06;-7.368173E-06;70.0000000
10058.0005645752;70.0000000;69.9999542;5.102923E-06;-2.871704E-06;70.0000000
10059.0000152588;70.0000000;69.9999542;5.102923E-06;-1.11923E-06;70.0000000
10060.0004196167;70.0000000;69.9999542;5.102923E-06;-4.362137E-07;70.0000000
10061.0008239746;70.0000000;69.9999542;5.102923E-06;-1.700118E-07;70.0000000
10062.0002746582;70.0000000;69.9999542;5.102923E-06;-6.626113E-08;70.0000000
10063.0006790161;70.0000000;69.9999542;5.102923E-06;-2.58249E-08;70.0000000
10064.0001296997;70.0000000;69.9999542;5.102923E-06;-1.006511E-08;70.0000000
10065.0005340576;70.0000000;70.0000137;-1.52642E-06;4.178483E-05;70.0000000
10066.0009384155;70.0000000;69.9999542;5.102923E-06;-2.260463E-05;70.0000000
10067.0003890991;70.0000000;70.0000137;-1.52642E-06;3.407504E-05;70.0000000
10068.000793457;70.0000000;69.9999542;5.102923E-06;-1.280796E-05;70.0000000
10069.0002441406;70.0000000;69.9999542;5.102923E-06;-4.99183E-06;70.0000000
10070.0006484985;70.0000000;70.0000137;-1.52642E-06;2.124425E-05;70.0000000
10071.0000991821;70.0000000;70.0000137;-1.52642E-06;8.279827E-06;70.0000000
10072.00050354;70.0000000;70.0000137;-1.52642E-06;3.227016E-06;70.0000000
10073.0009078979;70.0000000;70.0000137;-1.52642E-06;1.257711E-06;70.0000000
10074.0003585815;70.0000000;69.9999542;5.102923E-06;-4.129857E-05;70.0000000
10075.0007629395;70.0000000;69.9999542;5.102923E-06;-1.609588E-05;70.0000000
10076.000213623;70.0000000;69.9999542;5.102923E-06;-6.27328E-06;70.0000000
10077.000617981;70.0000000;70.0000137;-1.52642E-06;3.05733E-05;70.0000000
10078.0000686646;70.0000000;70.0001330;-1.481853E-05;8.231491E-05;70.0000000
10079.0004730225;70.0000000;70.0001330;-1.481853E-05;3.208177E-05;70.0000000
10080.0008773804;70.0000000;69.9999542;5.102923E-06;-0.0001195842;70.0000000
10081.000328064;70.0000000;69.9999542;5.102923E-06;-4.660727E-05;70.0000000
10082.0007324219;70.0000000;69.9999542;5.102923E-06;-1.816492E-05;70.0000000
10083.0001831055;70.0000000;70.0000137;-1.52642E-06;2.226991E-05;70.0000000
10084.0005874634;70.0000000;70.0001330;-1.481853E-05;7.868059E-05;70.0000000
10085.000038147;70.0000000;70.0001330;-1.481853E-05;3.066531E-05;70.0000000
10086.0004425049;70.0000000;70.0000734;-8.178047E-06;-3.513972E-05;70.0000000
10087.0008468628;70.0000000;70.0000734;-8.178047E-06;-1.369551E-05;70.0000000
10088.0002975464;70.0000000;70.0000137;-1.52642E-06;-2.341315E-05;70.0000000
10089.0007019043;70.0000000;70.0000137;-1.52642E-06;-9.12514E-06;70.0000000
10090.0001525879;70.0000000;70.0000137;-1.52642E-06;-3.556472E-06;70.0000000
10091.0005569458;70.0000000;70.0000137;-1.52642E-06;2.741167E-06;70.0000000
10092.0000076294;70.0000000;70.0000733;-8.166905E-06;3.827634E-05;70.0000000
10093.0004119873;70.0000000;70.0001330;-1.481853E-05;4.804725E-05;70.0000000
10094.0008163452;70.0000000;70.0000734;-8.178047E-06;-7.406216E-06;70.0000000
10095.0002670288;70.0000000;70.0000138;-1.537562E-06;-4.009452E-05;70.0000000
10096.0006713867;70.0000000;69.9999542;5.102923E-06;-4.175897E-05;70.0000000
10097.0001220703;70.0000000;69.9999542;5.102923E-06;-1.627532E-05;70.0000000
10098.0005264282;70.0000000;69.9999542;5.102923E-06;-1.156681E-05;70.0000000
10099.0009307861;70.0000000;70.0000137;-1.52642E-06;4.838079E-05;70.0000000
10100.0003814697;70.0000000;70.0000137;-1.52642E-06;1.885614E-05;70.0000000
10101.0007858276;70.0000000;70.0000137;-1.52642E-06;7.349074E-06;70.0000000
10102.0002365112;70.0000000;69.9999542;5.102923E-06;-3.015401E-05;70.0000000
10103.0006408691;70.0000000;69.9999542;5.102923E-06;-1.175236E-05;70.0000000
10104.0000915527;70.0000000;70.0000137;-1.52642E-06;2.476916E-05;70.0000000
10105.0004959106;70.0000000;70.0000137;-1.52642E-06;9.653641E-06;70.0000000
10106.0009002686;70.0000000;70.0000137;-1.52642E-06;3.762451E-06;70.0000000
10107.0003509521;70.0000000;70.0000137;-1.52642E-06;1.466394E-06;70.0000000
10108.0007553101;70.0000000;70.0000137;-1.52642E-06;1.456559E-05;70.0000000
10109.0002059937;70.0000000;69.9999542;5.102923E-06;-2.734142E-05;70.0000000
10110.0006103516;70.0000000;69.9999542;5.102923E-06;-1.065616E-05;70.0000000
10111.0000610352;70.0000000;69.9999542;5.102923E-06;-4.153179E-06;70.0000000
10112.0004653931;70.0000000;69.9999542;5.102923E-06;-1.618678E-06;70.0000000
10113.000869751;70.0000000;70.0000137;-1.52642E-06;4.115788E-05;70.0000000
10114.0003204346;70.0000000;70.0000137;-1.52642E-06;3.370382E-05;70.0000000
10115.0007247925;70.0000000;69.9999542;5.102923E-06;-3.387647E-05;70.0000000
10116.0001754761;70.0000000;69.9999542;5.102923E-06;-1.320316E-05;70.0000000
10117.000579834;70.0000000;70.0000137;-1.52642E-06;2.094266E-05;70.0000000
10118.0000305176;70.0000000;70.0000137;-1.52642E-06;8.162282E-06;70.0000000
10119.0004348755;70.0000000;70.0000733;-8.166905E-06;3.625497E-05;70.0000000
10120.0008392334;70.0000000;70.0000733;-8.166905E-06;1.413017E-05;70.0000000
10121.000289917;70.0000000;70.0000733;-8.166905E-06;5.507154E-06;70.0000000
10122.0006942749;70.0000000;70.0000138;-1.537562E-06;-2.72032E-05;70.0000000
10123.0001449585;70.0000000;70.0000138;-1.537562E-06;-1.060229E-05;70.0000000
10124.0005493164;70.0000000;70.0000138;-1.537562E-06;-4.132183E-06;70.0000000
10125.0009536743;70.0000000;70.0001330;-1.481853E-05;8.447445E-05;70.0000000
10126.0004043579;70.0000000;70.0000734;-8.178047E-06;-4.284549E-06;70.0000000
10127.0008087158;70.0000000;70.0000734;-8.178047E-06;-1.669879E-06;70.0000000
10128.0002593994;70.0000000;70.0000138;-1.537562E-06;-5.362861E-05;70.0000000
10129.0006637573;70.0000000;69.9999542;5.102923E-06;-4.703381E-05;70.0000000
10130.0001144409;70.0000000;69.9999542;5.102923E-06;-1.833116E-05;70.0000000
10131.0005187988;70.0000000;69.9999542;5.102923E-06;-7.144467E-06;70.0000000
10132.0009231567;70.0000000;69.9999542;5.102923E-06;-8.661063E-06;70.0000000
10133.0003738403;70.0000000;70.0000137;-1.52642E-06;2.964268E-05;70.0000000
10134.0007781982;70.0000000;69.9999542;5.102923E-06;-3.023569E-05;70.0000000
10135.0002288818;70.0000000;69.9999542;5.102923E-06;-1.178419E-05;70.0000000
10136.0006332397;70.0000000;69.9998946;1.174341E-05;-3.766659E-05;70.0000000
10137.0000839233;70.0000000;69.9998946;1.174341E-05;-1.468034E-05;70.0000000
10138.0004882813;70.0000000;69.9999541;5.114065E-06;2.3628E-05;70.0000000
10139.0008926392;70.0000000;70.0000137;-1.52642E-06;4.228265E-05;70.0000000
10140.0003433228;70.0000000;69.9999542;5.102923E-06;-3.640947E-05;70.0000000
10141.0007476807;70.0000000;69.9999542;5.102923E-06;-1.419039E-05;70.0000000
10142.0001983643;70.0000000;69.9999542;5.102923E-06;-5.530623E-06;70.0000000
10143.0006027222;70.0000000;69.9999542;5.102923E-06;-2.155529E-06;70.0000000
10144.0000534058;70.0000000;70.0000137;-1.52642E-06;4.617224E-05;70.0000000
10145.0004577637;70.0000000;69.9999542;5.102923E-06;-3.489352E-05;70.0000000
10146.0008621216;70.0000000;69.9999542;5.102923E-06;-1.359955E-05;70.0000000
10147.0003128052;70.0000000;69.9999542;5.102923E-06;-5.300349E-06;70.0000000
10148.0007171631;70.0000000;70.0000137;-1.52642E-06;5.082311E-05;70.0000000
10149.0001678467;70.0000000;70.0000137;-1.52642E-06;1.980802E-05;70.0000000
10150.0005722046;70.0000000;70.0000137;-1.52642E-06;7.720064E-06;70.0000000
10151.0000228882;70.0000000;70.0000137;-1.52642E-06;3.008851E-06;70.0000000
10152.0004272461;70.0000000;69.9999542;5.102923E-06;-3.184559E-05;70.0000000
10153.000831604;70.0000000;69.9999542;5.102923E-06;-1.241164E-05;70.0000000
10154.0002822876;70.0000000;70.0000137;-1.52642E-06;4.805152E-05;70.0000000
10155.0006866455;70.0000000;70.0000137;-1.52642E-06;1.872781E-05;70.0000000
10156.0001373291;70.0000000;70.0000137;-1.52642E-06;7.299057E-06;70.0000000
10157.000541687;70.0000000;70.0000137;-1.52642E-06;2.844766E-06;70.0000000
10158.0009460449;70.0000000;70.0000137;-1.52642E-06;5.751926E-06;70.0000000
10159.0003967285;70.0000000;70.0000137;-1.52642E-06;1.003776E-05;70.0000000
10160.0008010864;70.0000000;70.0000137;-1.52642E-06;3.912161E-06;70.0000000
10161.00025177;70.0000000;69.9999542;5.102923E-06;-5.136415E-05;70.0000000
10162.0006561279;70.0000000;70.0000137;-1.52642E-06;1.299939E-05;70.0000000
10163.0001068115;70.0000000;70.0000733;-8.166905E-06;4.227442E-05;70.0000000
10164.0005111694;70.0000000;70.0000734;-8.178047E-06;6.655273E-06;70.0000000
10165.0009155273;70.0000000;70.0000734;-8.178047E-06;2.593855E-06;70.0000000
10166.0003662109;70.0000000;70.0000734;-8.178047E-06;1.01094E-06;70.0000000
10167.0007705688;70.0000000;69.9999542;5.102923E-06;-9.378871E-05;70.0000000
10168.0002212524;70.0000000;70.0000137;-1.52642E-06;1.045873E-05;70.0000000
10169.0006256104;70.0000000;70.0000137;-1.52642E-06;4.07623E-06;70.0000000
10170.0000762939;70.0000000;70.0000733;-8.166905E-06;3.098759E-05;70.0000000
10171.0004806519;70.0000000;70.0000733;-8.166905E-06;1.207724E-05;70.0000000
10172.0008850098;70.0000000;70.0000733;-8.166905E-06;4.707035E-06;70.0000000
10173.0003356934;70.0000000;69.9999542;5.102923E-06;-6.937402E-05;70.0000000
10174.0007400513;70.0000000;69.9999542;5.102923E-06;-2.703814E-05;70.0000000
10175.0001907349;70.0000000;69.9999542;5.102923E-06;-1.833394E-05;70.0000000
10176.0005950928;70.0000000;70.0000733;-8.166905E-06;6.902202E-05;70.0000000
10177.0000457764;70.0000000;70.0001330;-1.481853E-05;6.003019E-05;70.0000000
10178.0004501343;70.0000000;70.0000734;-8.178047E-06;-2.73593E-06;70.0000000
10179.0008544922;70.0000000;70.0000734;-8.178047E-06;-1.066313E-06;70.0000000
10180.0003051758;70.0000000;69.9999542;5.102923E-06;-4.687312E-05;70.0000000
10181.0007095337;70.0000000;69.9999542;5.102923E-06;-1.826853E-05;70.0000000
10182.0001602173;70.0000000;70.0000137;-1.52642E-06;1.606973E-05;70.0000000
10183.0005645752;70.0000000;70.0001330;-1.481853E-05;8.872866E-05;70.0000000
10184.0000152588;70.0000000;70.0001330;-1.481853E-05;3.45815E-05;70.0000000
10185.0004196167;70.0000000;70.0000734;-8.178047E-06;-3.361341E-05;70.0000000
10186.0008239746;70.0000000;69.9999542;5.102923E-06;-9.547731E-05;70.0000000
10187.0002746582;70.0000000;69.9999542;5.102923E-06;-4.047281E-05;70.0000000
10188.0006790161;70.0000000;70.0000137;-1.52642E-06;3.123829E-05;70.0000000
10189.0001296997;70.0000000;70.0000733;-8.166905E-06;6.515273E-05;70.0000000
10190.0005340576;70.0000000;70.0000733;-8.166905E-06;2.539291E-05;70.0000000
10191.0009384155;70.0000000;70.0000138;-1.537562E-06;-1.329305E-05;70.0000000
10192.0003890991;70.0000000;70.0000138;-1.537562E-06;-5.180891E-06;70.0000000
10193.000793457;70.0000000;70.0000137;-1.52642E-06;7.770289E-06;70.0000000
10194.0002441406;70.0000000;69.9999542;5.102923E-06;-4.986047E-05;70.0000000
10195.0006484985;70.0000000;70.0000137;-1.52642E-06;2.757951E-05;70.0000000
10196.0000991821;70.0000000;70.0000137;-1.52642E-06;1.487624E-05;70.0000000
10197.00050354;70.0000000;70.0000137;-1.52642E-06;1.167448E-05;70.0000000
10198.0009078979;70.0000000;70.0000137;-1.52642E-06;4.550062E-06;70.0000000
10199.0003585815;70.0000000;70.0000137;-1.52642E-06;1.773361E-06;70.0000000
10200.0007629395;70.0000000;70.0000137;-1.52642E-06;6.911573E-07;70.0000000
10201.000213623;70.0000000;69.9999542;5.102923E-06;-4.261569E-05;70.0000000
10202.000617981;70.0000000;69.9999542;5.102923E-06;-1.660922E-05;70.0000000
10203.0000686646;70.0000000;69.9999542;5.102923E-06;-6.473352E-06;70.0000000
10204.0004730225;70.0000000;69.9999542;5.102923E-06;-1.238974E-05;70.0000000
10205.0008773804;70.0000000;69.9999542;5.102923E-06;-4.828833E-06;70.0000000
10206.000328064;70.0000000;69.9999542;5.102923E-06;-2.048097E-05;70.0000000
10207.0007324219;70.0000000;70.0000137;-1.52642E-06;2.136724E-05;70.0000000
10208.0001831055;70.0000000;70.0000137;-1.52642E-06;8.327759E-06;70.0000000
10209.0005874634;70.0000000;69.9999542;5.102923E-06;-4.376665E-05;70.0000000
10210.000038147;70.0000000;69.9999542;5.102923E-06;-1.70578E-05;70.0000000
10211.0004425049;70.0000000;69.9999542;5.102923E-06;-6.648183E-06;70.0000000
10212.0008468628;70.0000000;70.0000137;-1.52642E-06;3.919766E-05;70.0000000
10213.0002975464;70.0000000;70.0000137;-1.52642E-06;1.527707E-05;70.0000000
10214.0007019043;70.0000000;70.0000137;-1.52642E-06;5.954151E-06;70.0000000
10215.0001525879;70.0000000;69.9999542;5.102923E-06;-5.056829E-05;70.0000000
10216.0005569458;70.0000000;69.9999542;5.102923E-06;-1.970871E-05;70.0000000
10217.0009613037;70.0000000;69.9999542;5.102923E-06;-7.681358E-06;70.0000000
10218.0004119873;70.0000000;70.0000137;-1.52642E-06;4.622643E-05;70.0000000
10219.0008163452;70.0000000;70.0000137;-1.52642E-06;1.801649E-05;70.0000000
10220.0002670288;70.0000000;70.0000137;-1.52642E-06;7.021825E-06;70.0000000
10221.0006713867;70.0000000;70.0000137;-1.52642E-06;2.736716E-06;70.0000000
10222.0001220703;70.0000000;70.0000137;-1.52642E-06;1.680995E-05;70.0000000
10223.0005264282;70.0000000;69.9999542;5.102923E-06;-1.953693E-05;70.0000000
10224.0009307861;70.0000000;69.9999542;5.102923E-06;-7.614408E-06;70.0000000
10225.0003814697;70.0000000;69.9999542;5.102923E-06;-1.406781E-05;70.0000000
10226.0007858276;70.0000000;70.0000137;-1.52642E-06;2.46367E-05;70.0000000
10227.0002365112;70.0000000;70.0000137;-1.52642E-06;9.602012E-06;70.0000000
10228.0006408691;70.0000000;70.0000137;-1.52642E-06;2.23413E-05;70.0000000
10229.0000915527;70.0000000;69.9999542;5.102923E-06;-2.064218E-05;70.0000000
10230.0004959106;70.0000000;69.9999542;5.102923E-06;-8.045175E-06;70.0000000
10231.0009002686;70.0000000;70.0000137;-1.52642E-06;4.387679E-05;70.0000000
10232.0003509521;70.0000000;70.0000137;-1.52642E-06;1.710073E-05;70.0000000
10233.0007553101;70.0000000;70.0000137;-1.52642E-06;6.664914E-06;70.0000000
10234.0002059937;70.0000000;70.0000137;-1.52642E-06;7.821208E-06;70.0000000
10235.0006103516;70.0000000;69.9999542;5.102923E-06;-3.290704E-05;70.0000000
10236.0000610352;70.0000000;70.0000137;-1.52642E-06;3.418702E-05;70.0000000
10237.0004653931;70.0000000;70.0000137;-1.52642E-06;1.33242E-05;70.0000000
10238.000869751;70.0000000;70.0000137;-1.52642E-06;5.193031E-06;70.0000000
10239.0003204346;70.0000000;69.9999542;5.102923E-06;-2.529312E-05;70.0000000
10240.0007247925;70.0000000;69.9999542;5.102923E-06;-9.857852E-06;70.0000000
10241.0001754761;70.0000000;70.0000137;-1.52642E-06;2.260881E-05;70.0000000
10242.000579834;70.0000000;70.0000137;-1.52642E-06;8.811657E-06;70.0000000
10243.0000305176;70.0000000;70.0000137;-1.52642E-06;3.434293E-06;70.0000000
10244.0004348755;70.0000000;70.0000137;-1.52642E-06;1.338496E-06;70.0000000
10245.0008392334;70.0000000;70.0000733;-8.166905E-06;3.772966E-05;70.0000000
10246.000289917;70.0000000;69.9999542;5.102923E-06;-7.541841E-05;70.0000000
10247.0006942749;70.0000000;69.9999542;5.102923E-06;-3.555369E-05;70.0000000
10248.0001449585;70.0000000;69.9999542;5.102923E-06;-1.385685E-05;70.0000000
10249.0005493164;70.0000000;70.0000137;-1.52642E-06;4.748827E-05;70.0000000
10250.0009536743;70.0000000;70.0000137;-1.52642E-06;1.850828E-05;70.0000000
10251.0004043579;70.0000000;70.0000734;-8.178047E-06;2.528012E-05;70.0000000
10252.0008087158;70.0000000;70.0000734;-8.178047E-06;9.852785E-06;70.0000000
10253.0002593994;70.0000000;70.0000734;-8.178047E-06;3.840067E-06;70.0000000
10254.0006637573;70.0000000;70.0000138;-1.537562E-06;-4.036234E-05;70.0000000
10255.0001144409;70.0000000;70.0000138;-1.537562E-06;-1.5731E-05;70.0000000
10256.0005187988;70.0000000;70.0000137;-1.52642E-06;7.548491E-07;70.0000000
10257.0009231567;70.0000000;69.9999542;5.102923E-06;-3.685136E-05;70.0000000
10258.0003738403;70.0000000;70.0000137;-1.52642E-06;1.498697E-05;70.0000000
10259.0007781982;70.0000000;69.9999542;5.102923E-06;-3.594767E-05;70.0000000
10260.0002288818;70.0000000;70.0000137;-1.52642E-06;9.179388E-06;70.0000000
10261.0006332397;70.0000000;69.9999542;5.102923E-06;-3.356794E-05;70.0000000
10262.0000839233;70.0000000;70.0000137;-1.52642E-06;1.010687E-05;70.0000000
10263.0004882813;70.0000000;70.0000137;-1.52642E-06;1.503924E-05;70.0000000
10264.0008926392;70.0000000;69.9999542;5.102923E-06;-3.74822E-05;70.0000000
10265.0003433228;70.0000000;70.0000137;-1.52642E-06;2.718028E-05;70.0000000
10266.0007476807;70.0000000;70.0000137;-1.52642E-06;1.059336E-05;70.0000000
10267.0001983643;70.0000000;70.0000733;-8.166905E-06;3.720247E-05;70.0000000
10268.0006027222;70.0000000;70.0001330;-1.481853E-05;4.394768E-05;70.0000000
10269.0000534058;70.0000000;70.0000734;-8.178047E-06;-2.007963E-05;70.0000000
10270.0004577637;70.0000000;69.9999542;5.102923E-06;-9.677626E-05;70.0000000
10271.0008621216;70.0000000;69.9999542;5.102923E-06;-3.7718E-05;70.0000000
10272.0003128052;70.0000000;69.9998946;1.174341E-05;-3.792913E-05;70.0000000
10273.0007171631;70.0000000;69.9998946;1.174341E-05;-1.478267E-05;70.0000000
10274.0001678467;70.0000000;70.0000137;-1.52642E-06;6.91158E-05;70.0000000
10275.0005722046;70.0000000;70.0000137;-1.52642E-06;2.693749E-05;70.0000000
10276.0000228882;70.0000000;70.0000137;-1.52642E-06;1.637528E-05;70.0000000
10277.0004272461;70.0000000;70.0000137;-1.52642E-06;6.382172E-06;70.0000000
10278.000831604;70.0000000;70.0000137;-1.52642E-06;2.487415E-06;70.0000000
10279.0002822876;70.0000000;70.0000137;-1.52642E-06;9.694559E-07;70.0000000
10280.0006866455;70.0000000;69.9999542;5.102923E-06;-3.264043E-05;70.0000000
10281.0001373291;70.0000000;70.0000137;-1.52642E-06;1.662815E-05;70.0000000
10282.000541687;70.0000000;70.0000137;-1.52642E-06;6.480727E-06;70.0000000
10283.0009460449;70.0000000;70.0000137;-1.52642E-06;2.525827E-06;70.0000000
10284.0003967285;70.0000000;70.0000137;-1.52642E-06;9.844268E-07;70.0000000
10285.0008010864;70.0000000;70.0000137;-1.52642E-06;5.60727E-06;70.0000000
10286.00025177;70.0000000;70.0000137;-1.52642E-06;2.185402E-06;70.0000000
10287.0006561279;70.0000000;70.0000137;-1.52642E-06;8.51748E-07;70.0000000
10288.0001068115;70.0000000;69.9999542;5.102923E-06;-2.575655E-05;70.0000000
10289.0005111694;70.0000000;69.9999542;5.102923E-06;-1.003847E-05;70.0000000
10290.0009155273;70.0000000;69.9999542;5.102923E-06;-3.912437E-06;70.0000000
10291.0003662109;70.0000000;69.9999542;5.102923E-06;-1.52485E-06;70.0000000
10292.0007705688;70.0000000;70.0000137;-1.52642E-06;3.242397E-05;70.0000000
10293.0002212524;70.0000000;70.0000137;-1.52642E-06;1.263706E-05;70.0000000
10294.0006256104;70.0000000;69.9999542;5.102923E-06;-2.809305E-05;70.0000000
10295.0000762939;70.0000000;69.9999542;5.102923E-06;-1.094911E-05;70.0000000
10296.0004806519;70.0000000;69.9999542;5.102923E-06;-4.267353E-06;70.0000000
10297.0008850098;70.0000000;70.0000137;-1.52642E-06;3.548238E-05;70.0000000
10298.0003356934;70.0000000;70.0000137;-1.52642E-06;1.382906E-05;70.0000000
10299.0007400513;70.0000000;69.9999542;5.102923E-06;-4.28559E-05;70.0000000
10300.0001907349;70.0000000;69.9999542;5.102923E-06;-1.670284E-05;70.0000000
10301.0005950928;70.0000000;69.9999542;5.102923E-06;-6.50984E-06;70.0000000
10302.0000457764;70.0000000;69.9999542;5.102923E-06;-2.537173E-06;70.0000000
10303.0004501343;70.0000000;70.0000137;-1.52642E-06;2.509966E-05;70.0000000
10304.0008544922;70.0000000;70.0001330;-1.481853E-05;9.592288E-05;70.0000000
10305.0003051758;70.0000000;70.0001330;-1.481853E-05;3.73854E-05;70.0000000
10306.0007095337;70.0000000;70.0000734;-8.178047E-06;-1.482815E-05;70.0000000
10307.0001602173;70.0000000;69.9999542;5.102923E-06;-8.019516E-05;70.0000000
10308.0005645752;70.0000000;69.9999542;5.102923E-06;-3.125561E-05;70.0000000
10309.0000152588;70.0000000;69.9999542;5.102923E-06;-1.21817E-05;70.0000000
10310.0004196167;70.0000000;69.9999542;5.102923E-06;-4.747748E-06;70.0000000
10311.0008239746;70.0000000;70.0000137;-1.52642E-06;3.116786E-05;70.0000000
10312.0002746582;70.0000000;70.0000137;-1.52642E-06;2.320454E-05;70.0000000
10313.0006790161;70.0000000;70.0000137;-1.52642E-06;9.043839E-06;70.0000000
10314.0001296997;70.0000000;70.0000137;-1.52642E-06;3.524785E-06;70.0000000
10315.0005340576;70.0000000;70.0000137;-1.52642E-06;1.373765E-06;70.0000000
10316.0009384155;70.0000000;70.0000137;-1.52642E-06;5.354171E-07;70.0000000
10317.0003890991;70.0000000;70.0000137;-1.52642E-06;2.086758E-07;70.0000000
10318.000793457;70.0000000;70.0000137;-1.52642E-06;8.133021E-08;70.0000000
10319.0002441406;70.0000000;69.9999542;5.102923E-06;-3.711386E-05;70.0000000
10320.0006484985;70.0000000;70.0000137;-1.52642E-06;3.475528E-05;70.0000000
10321.0000991821;70.0000000;70.0000137;-1.52642E-06;1.354567E-05;70.0000000
10322.00050354;70.0000000;70.0000137;-1.52642E-06;5.279349E-06;70.0000000
10323.0009078979;70.0000000;69.9999542;5.102923E-06;-3.096068E-05;70.0000000
10324.0003585815;70.0000000;69.9999542;5.102923E-06;-1.206675E-05;70.0000000
10325.0007629395;70.0000000;69.9999542;5.102923E-06;-4.702948E-06;70.0000000
10326.000213623;70.0000000;69.9999542;5.102923E-06;-1.832947E-06;70.0000000
10327.000617981;70.0000000;69.9999542;5.102923E-06;-7.143809E-07;70.0000000
10328.0000686646;70.0000000;70.0000137;-1.52642E-06;3.686714E-05;70.0000000
10329.0004730225;70.0000000;70.0000137;-1.52642E-06;1.436876E-05;70.0000000
10330.0008773804;70.0000000;70.0000137;-1.52642E-06;5.600142E-06;70.0000000
10331.000328064;70.0000000;70.0000137;-1.52642E-06;2.182624E-06;70.0000000
10332.0007324219;70.0000000;69.9999542;5.102923E-06;-4.616168E-05;70.0000000
10333.0001831055;70.0000000;69.9998946;1.174341E-05;-7.096903E-05;70.0000000
10334.0005874634;70.0000000;69.9998946;1.174341E-05;-2.765978E-05;70.0000000
10335.000038147;70.0000000;70.0000137;-1.52642E-06;6.014507E-05;70.0000000
10336.0004425049;70.0000000;70.0000137;-1.52642E-06;2.633993E-05;70.0000000
10337.0008468628;70.0000000;70.0000733;-8.166905E-06;6.324361E-05;70.0000000
10338.0002975464;70.0000000;70.0000733;-8.166905E-06;2.464884E-05;70.0000000
10339.0007019043;70.0000000;69.9999542;5.102923E-06;-6.160182E-05;70.0000000
10340.0001525879;70.0000000;69.9999542;5.102923E-06;-2.400896E-05;70.0000000
10341.0005569458;70.0000000;70.0000137;-1.52642E-06;4.353153E-05;70.0000000
10342.0009613037;70.0000000;70.0000137;-1.52642E-06;1.696617E-05;70.0000000
10343.0004119873;70.0000000;69.9999542;5.102923E-06;-3.26039E-05;70.0000000
10344.0008163452;70.0000000;69.9999542;5.102923E-06;-2.959998E-05;70.0000000
10345.0002670288;70.0000000;69.9999542;5.102923E-06;-1.153642E-05;70.0000000
10346.0006713867;70.0000000;69.9999542;5.102923E-06;-4.496256E-06;70.0000000
10347.0001220703;70.0000000;69.9999542;5.102923E-06;-1.745263E-05;70.0000000
10348.0005264282;70.0000000;70.0000137;-1.52642E-06;1.928645E-05;70.0000000
10349.0009307861;70.0000000;70.0000137;-1.52642E-06;7.516783E-06;70.0000000
10350.0003814697;70.0000000;70.0000137;-1.52642E-06;2.929623E-06;70.0000000
10351.0007858276;70.0000000;70.0000137;-1.52642E-06;1.141804E-06;70.0000000
10352.0002365112;70.0000000;70.0000137;-1.52642E-06;4.450118E-07;70.0000000
10353.0006408691;70.0000000;70.0000137;-1.52642E-06;1.734408E-07;70.0000000
10354.0000915527;70.0000000;70.0000137;-1.52642E-06;6.759757E-08;70.0000000
10355.0004959106;70.0000000;69.9999542;5.102923E-06;-2.316345E-05;70.0000000
10356.0009002686;70.0000000;69.9999542;5.102923E-06;-9.027823E-06;70.0000000
10357.0003509521;70.0000000;69.9999542;5.102923E-06;-3.518543E-06;70.0000000
10358.0007553101;70.0000000;69.9999542;5.102923E-06;-5.498618E-06;70.0000000
10359.0002059937;70.0000000;70.0000137;-1.52642E-06;2.471543E-05;70.0000000
10360.0006103516;70.0000000;70.0000137;-1.52642E-06;9.632698E-06;70.0000000
10361.0000610352;70.0000000;70.0000137;-1.52642E-06;3.75429E-06;70.0000000
10362.0004653931;70.0000000;69.9999542;5.102923E-06;-5.142568E-05;70.0000000
10363.000869751;70.0000000;69.9999542;5.102923E-06;-2.004287E-05;70.0000000
10364.0003204346;70.0000000;70.0000137;-1.52642E-06;2.520668E-05;70.0000000
10365.0007247925;70.0000000;70.0000137;-1.52642E-06;9.824163E-06;70.0000000
10366.0001754761;70.0000000;70.0000137;-1.52642E-06;6.727636E-06;70.0000000
10367.000579834;70.0000000;70.0000137;-1.52642E-06;2.622058E-06;70.0000000
10368.0000305176;70.0000000;70.0000137;-1.52642E-06;1.021932E-06;70.0000000
10369.0004348755;70.0000000;70.0000137;-1.52642E-06;3.982923E-07;70.0000000
10370.0008392334;70.0000000;70.0000137;-1.52642E-06;1.552322E-07;70.0000000
10371.000289917;70.0000000;69.9999542;5.102923E-06;-5.282839E-05;70.0000000
10372.0006942749;70.0000000;69.9999542;5.102923E-06;-2.058957E-05;70.0000000
10373.0001449585;70.0000000;69.9999542;5.102923E-06;-8.024667E-06;70.0000000
10374.0005493164;70.0000000;69.9999542;5.102923E-06;-3.127569E-06;70.0000000
10375.0009536743;70.0000000;69.9999542;5.102923E-06;-6.442544E-06;70.0000000
10376.0004043579;70.0000000;70.0000137;-1.52642E-06;3.463461E-05;70.0000000
10377.0008087158;70.0000000;70.0000137;-1.52642E-06;1.349864E-05;70.0000000
10378.0002593994;70.0000000;69.9999542;5.102923E-06;-2.408856E-05;70.0000000
10379.0006637573;70.0000000;70.0000137;-1.52642E-06;4.350051E-05;70.0000000
10380.0001144409;70.0000000;70.0000137;-1.52642E-06;1.695408E-05;70.0000000
10381.0005187988;70.0000000;69.9999542;5.102923E-06;-4.163793E-05;70.0000000
10382.0009231567;70.0000000;70.0000137;-1.52642E-06;3.143715E-05;70.0000000
10383.0003738403;70.0000000;70.0000137;-1.52642E-06;1.841223E-05;70.0000000
10384.0007781982;70.0000000;70.0000137;-1.52642E-06;7.176064E-06;70.0000000
10385.0002288818;70.0000000;70.0000137;-1.52642E-06;2.79683E-06;70.0000000
10386.0006332397;70.0000000;70.0000137;-1.52642E-06;1.090049E-06;70.0000000
10387.0000839233;70.0000000;69.9999542;5.102923E-06;-4.136391E-05;70.0000000
10388.0004882813;70.0000000;69.9999542;5.102923E-06;-2.722149E-05;70.0000000
10389.0008926392;70.0000000;70.0000137;-1.52642E-06;1.874015E-05;70.0000000
10390.0003433228;70.0000000;70.0000137;-1.52642E-06;7.303868E-06;70.0000000
10391.0007476807;70.0000000;70.0000137;-1.52642E-06;1.720784E-05;70.0000000
10392.0001983643;70.0000000;69.9999542;5.102923E-06;-1.97442E-05;70.0000000
10393.0006027222;70.0000000;69.9999542;5.102923E-06;-7.695187E-06;70.0000000
10394.0000534058;70.0000000;70.0000137;-1.52642E-06;3.001912E-05;70.0000000
10395.0004577637;70.0000000;70.0000137;-1.52642E-06;1.169978E-05;70.0000000
10396.0008621216;70.0000000;70.0000137;-1.52642E-06;4.559924E-06;70.0000000
10397.0003128052;70.0000000;70.0000137;-1.52642E-06;1.777205E-06;70.0000000
10398.0007171631;70.0000000;70.0000137;-1.52642E-06;6.926556E-07;70.0000000
10399.0001678467;70.0000000;70.0000733;-8.166905E-06;3.334372E-05;70.0000000
10400.0005722046;70.0000000;70.0000733;-8.166905E-06;1.299553E-05;70.0000000
10401.0000228882;70.0000000;70.0000138;-1.537562E-06;-3.208062E-05;70.0000000
10402.0004272461;70.0000000;69.9999542;5.102923E-06;-3.86356E-05;70.0000000
10403.000831604;70.0000000;69.9999542;5.102923E-06;-2.615814E-05;70.0000000
10404.0002822876;70.0000000;70.0000137;-1.52642E-06;1.915459E-05;70.0000000
10405.0006866455;70.0000000;70.0000137;-1.52642E-06;7.465392E-06;70.0000000
10406.0001373291;70.0000000;70.0000137;-1.52642E-06;2.909595E-06;70.0000000
10407.000541687;70.0000000;69.9999542;5.102923E-06;-2.205579E-05;70.0000000
10408.0009460449;70.0000000;69.9999542;5.102923E-06;-8.596121E-06;70.0000000
10409.0003967285;70.0000000;69.9999542;5.102923E-06;-1.114627E-05;70.0000000
10410.0008010864;70.0000000;70.0000137;-1.52642E-06;1.884559E-05;70.0000000
10411.00025177;70.0000000;70.0000137;-1.52642E-06;7.344964E-06;70.0000000
10412.0006561279;70.0000000;70.0000137;-1.52642E-06;2.862658E-06;70.0000000
10413.0001068115;70.0000000;69.9999542;5.102923E-06;-2.823387E-05;70.0000000
10414.0005111694;70.0000000;69.9999542;5.102923E-06;-1.100399E-05;70.0000000
10415.0009155273;70.0000000;69.9999542;5.102923E-06;-4.288743E-06;70.0000000
10416.0003662109;70.0000000;70.0000137;-1.52642E-06;4.534083E-05;70.0000000
10417.0007705688;70.0000000;70.0000137;-1.52642E-06;1.767133E-05;70.0000000
10418.0002212524;70.0000000;70.0000137;-1.52642E-06;1.304709E-05;70.0000000
10419.0006256104;70.0000000;70.0000137;-1.52642E-06;5.08503E-06;70.0000000
10420.0000762939;70.0000000;70.0000137;-1.52642E-06;1.981862E-06;70.0000000
10421.0004806519;70.0000000;70.0000137;-1.52642E-06;3.047152E-05;70.0000000
10422.0008850098;70.0000000;70.0000137;-1.52642E-06;3.047507E-05;70.0000000
10423.0003356934;70.0000000;70.0000137;-1.52642E-06;1.187749E-05;70.0000000
10424.0007400513;70.0000000;70.0000137;-1.52642E-06;4.629183E-06;70.0000000
10425.0001907349;70.0000000;69.9999542;5.102923E-06;-3.998456E-05;70.0000000
10426.0005950928;70.0000000;69.9999542;5.102923E-06;-1.558376E-05;70.0000000
10427.0000457764;70.0000000;69.9999542;5.102923E-06;-6.07368E-06;70.0000000
10428.0004501343;70.0000000;70.0000137;-1.52642E-06;2.082261E-05;70.0000000
10429.0008544922;70.0000000;70.0000733;-8.166905E-06;4.532348E-05;70.0000000
10430.0003051758;70.0000000;70.0000733;-8.166905E-06;1.766457E-05;70.0000000
10431.0007095337;70.0000000;70.0000138;-1.537562E-06;-2.246491E-05;70.0000000
10432.0001602173;70.0000000;70.0000138;-1.537562E-06;-8.755574E-06;70.0000000
10433.0005645752;70.0000000;70.0000138;-1.537562E-06;-3.412435E-06;70.0000000
10434.0009689331;70.0000000;70.0000137;-1.52642E-06;1.105987E-05;70.0000000
10435.0004196167;70.0000000;70.0000137;-1.52642E-06;4.310524E-06;70.0000000
10436.0008239746;70.0000000;70.0000137;-1.52642E-06;1.680002E-06;70.0000000
10437.0002746582;70.0000000;70.0000137;-1.52642E-06;6.547714E-07;70.0000000
10438.0006790161;70.0000000;70.0000733;-8.166905E-06;4.734656E-05;70.0000000
10439.0001296997;70.0000000;70.0000733;-8.166905E-06;1.845305E-05;70.0000000
10440.0005340576;70.0000000;69.9999542;5.102923E-06;-6.716158E-05;70.0000000
10441.0009384155;70.0000000;69.9999542;5.102923E-06;-2.617585E-05;70.0000000
10442.0003890991;70.0000000;69.9999542;5.102923E-06;-1.020189E-05;70.0000000
10443.000793457;70.0000000;69.9999542;5.102923E-06;-3.976128E-06;70.0000000
10444.0002441406;70.0000000;70.0000137;-1.52642E-06;4.546267E-05;70.0000000
10445.0006484985;70.0000000;70.0000137;-1.52642E-06;2.097988E-05;70.0000000
10446.0000991821;70.0000000;70.0000137;-1.52642E-06;8.17679E-06;70.0000000
10447.00050354;70.0000000;70.0000137;-1.52642E-06;3.186858E-06;70.0000000
10448.0009078979;70.0000000;70.0000137;-1.52642E-06;1.24206E-06;70.0000000
10449.0003585815;70.0000000;70.0000137;-1.52642E-06;4.840858E-07;70.0000000
10450.0007629395;70.0000000;70.0000137;-1.52642E-06;1.886697E-07;70.0000000
10451.000213623;70.0000000;70.0000137;-1.52642E-06;7.869512E-06;70.0000000
10452.000617981;70.0000000;70.0000137;-1.52642E-06;3.067098E-06;70.0000000
10453.0000686646;70.0000000;70.0000137;-1.52642E-06;1.195384E-06;70.0000000
10454.0004730225;70.0000000;70.0000137;-1.52642E-06;4.658943E-07;70.0000000
10455.0008773804;70.0000000;69.9999542;5.102923E-06;-4.683077E-05;70.0000000
10456.000328064;70.0000000;69.9999542;5.102923E-06;-1.825203E-05;70.0000000
10457.0007324219;70.0000000;70.0000137;-1.52642E-06;1.897489E-05;70.0000000
10458.0001831055;70.0000000;69.9999542;5.102923E-06;-3.961699E-05;70.0000000
10459.0005874634;70.0000000;70.0000137;-1.52642E-06;1.064801E-05;70.0000000
10460.000038147;70.0000000;70.0000137;-1.52642E-06;4.150004E-06;70.0000000
10461.0004425049;70.0000000;69.9999542;5.102923E-06;-2.157235E-05;70.0000000
10462.0008468628;70.0000000;69.9999542;5.102923E-06;-8.4077E-06;70.0000000
10463.0002975464;70.0000000;70.0000137;-1.52642E-06;2.974142E-05;70.0000000
10464.0007019043;70.0000000;70.0000137;-1.52642E-06;1.159155E-05;70.0000000
10465.0001525879;70.0000000;70.0000137;-1.52642E-06;4.517741E-06;70.0000000
10466.0005569458;70.0000000;69.9999542;5.102923E-06;-4.700085E-05;70.0000000
10467.0009613037;70.0000000;70.0000137;-1.52642E-06;4.871474E-06;70.0000000
10468.0004119873;70.0000000;70.0000137;-1.52642E-06;1.89863E-06;70.0000000
10469.0008163452;70.0000000;70.0000137;-1.52642E-06;7.399801E-07;70.0000000
10470.0002670288;70.0000000;70.0000137;-1.52642E-06;2.884031E-07;70.0000000
10471.0006713867;70.0000000;70.0000137;-1.52642E-06;1.124035E-07;70.0000000
10472.0001220703;70.0000000;70.0000137;-1.52642E-06;4.380862E-08;70.0000000
10473.0005264282;70.0000000;70.0000137;-1.52642E-06;1.707416E-08;70.0000000
10474.0009307861;70.0000000;70.0000137;-1.52642E-06;3.267719E-06;70.0000000
10475.0003814697;70.0000000;70.0000137;-1.52642E-06;1.273575E-06;70.0000000
10476.0007858276;70.0000000;70.0000137;-1.52642E-06;1.623971E-05;70.0000000
10477.0002365112;70.0000000;70.0000137;-1.52642E-06;6.329335E-06;70.0000000
10478.0006408691;70.0000000;70.0000733;-8.166905E-06;4.432581E-05;70.0000000
10479.0000915527;70.0000000;70.0000733;-8.166905E-06;1.727573E-05;70.0000000
10480.0004959106;70.0000000;70.0000733;-8.166905E-06;6.73312E-06;70.0000000
10481.0009002686;70.0000000;69.9999542;5.102923E-06;-5.072413E-05;70.0000000
10482.0003509521;70.0000000;69.9999542;5.102923E-06;-1.976944E-05;70.0000000
10483.0007553101;70.0000000;70.0000137;-1.52642E-06;2.531324E-05;70.0000000
10484.0002059937;70.0000000;70.0000137;-1.52642E-06;9.865694E-06;70.0000000
10485.0006103516;70.0000000;69.9999542;5.102923E-06;-3.439677E-05;70.0000000
10486.0000610352;70.0000000;70.0000137;-1.52642E-06;2.83828E-05;70.0000000
10487.0004653931;70.0000000;70.0000137;-1.52642E-06;1.106204E-05;70.0000000
10488.000869751;70.0000000;70.0000137;-1.52642E-06;4.311367E-06;70.0000000
10489.0003204346;70.0000000;70.0000137;-1.52642E-06;2.260417E-05;70.0000000
10490.0007247925;70.0000000;70.0000137;-1.52642E-06;1.207091E-05;70.0000000
10491.0001754761;70.0000000;70.0000137;-1.52642E-06;4.70457E-06;70.0000000
10492.000579834;70.0000000;70.0000137;-1.52642E-06;1.833579E-06;70.0000000
10493.0000305176;70.0000000;70.0000137;-1.52642E-06;7.146271E-07;70.0000000
10494.0004348755;70.0000000;70.0000137;-1.52642E-06;2.785219E-07;70.0000000
10495.0008392334;70.0000000;70.0000137;-1.52642E-06;4.235837E-06;70.0000000
10496.000289917;70.0000000;70.0000137;-1.52642E-06;6.294085E-06;70.0000000
10497.0006942749;70.0000000;70.0000733;-8.166905E-06;5.543086E-05;70.0000000
10498.0001449585;70.0000000;70.0001330;-1.481853E-05;5.473313E-05;70.0000000
10499.0005493164;70.0000000;70.0001330;-1.481853E-05;2.133193E-05;70.0000000
10500.0009536743;70.0000000;69.9999542;5.102923E-06;-0.0001097515;70.0000000
10501.0004043579;70.0000000;69.9999542;5.102923E-06;-4.277504E-05;70.0000000
10502.0008087158;70.0000000;70.0000137;-1.52642E-06;9.417182E-06;70.0000000
10503.0002593994;70.0000000;70.0001330;-1.481853E-05;6.882828E-05;70.0000000
10504.0006637573;70.0000000;70.0000734;-8.178047E-06;-2.201812E-05;70.0000000
10505.0001144409;70.0000000;70.0000734;-8.178047E-06;-1.323244E-05;70.0000000
10506.0005187988;70.0000000;70.0000138;-1.537562E-06;-5.813505E-05;70.0000000
10507.0009231567;70.0000000;69.9999542;5.102923E-06;-4.588656E-05;70.0000000
10508.0003738403;70.0000000;69.9999541;5.114065E-06;5.605958E-06;70.0000000
10509.0007781982;70.0000000;69.9999542;5.102923E-06;-2.968474E-06;70.0000000
10510.0002288818;70.0000000;70.0000137;-1.52642E-06;3.598862E-05;70.0000000
10511.0006332397;70.0000000;70.0000137;-1.52642E-06;1.402636E-05;70.0000000
10512.0000839233;70.0000000;70.0000137;-1.52642E-06;5.466695E-06;70.0000000
10513.0004882813;70.0000000;70.0000137;-1.52642E-06;2.130613E-06;70.0000000
10514.0008926392;70.0000000;70.0000137;-1.52642E-06;8.303944E-07;70.0000000
10515.0003433228;70.0000000;70.0000137;-1.52642E-06;6.200182E-06;70.0000000
10516.0007476807;70.0000000;70.0000137;-1.52642E-06;2.416486E-06;70.0000000
10517.0001983643;70.0000000;70.0000137;-1.52642E-06;9.418117E-07;70.0000000
10518.0006027222;70.0000000;70.0000137;-1.52642E-06;3.670658E-07;70.0000000
10519.0000534058;70.0000000;70.0000137;-1.52642E-06;1.430618E-07;70.0000000
10520.0004577637;70.0000000;70.0000137;-1.52642E-06;5.575753E-08;70.0000000
10521.0008621216;70.0000000;70.0000137;-1.52642E-06;2.173118E-08;70.0000000
10522.0003128052;70.0000000;69.9999542;5.102923E-06;-4.178028E-05;70.0000000
10523.0007171631;70.0000000;70.0000137;-1.52642E-06;6.906162E-06;70.0000000
10524.0001678467;70.0000000;70.0000137;-1.52642E-06;2.691638E-06;70.0000000
10525.0005722046;70.0000000;69.9999542;5.102923E-06;-5.183984E-05;70.0000000
10526.0009765625;70.0000000;69.9999542;5.102923E-06;-2.020428E-05;70.0000000
10527.0004272461;70.0000000;70.0000137;-1.52642E-06;2.514377E-05;70.0000000
10528.000831604;70.0000000;70.0000137;-1.52642E-06;9.799641E-06;70.0000000
10529.0002822876;70.0000000;69.9999542;5.102923E-06;-3.79694E-05;70.0000000
10530.0006866455;70.0000000;69.9999542;5.102923E-06;-1.479836E-05;70.0000000
10531.0001373291;70.0000000;69.9998946;1.174341E-05;-5.285893E-05;70.0000000
10532.000541687;70.0000000;69.9998946;1.174341E-05;-2.060147E-05;70.0000000
10533.0009460449;70.0000000;70.0000137;-1.52642E-06;6.632424E-05;70.0000000
10534.0003967285;70.0000000;70.0000733;-8.166905E-06;6.770848E-05;70.0000000
10535.0008010864;70.0000000;70.0000733;-8.166905E-06;2.6389E-05;70.0000000
10536.00025177;70.0000000;70.0000733;-8.166905E-06;1.028496E-05;70.0000000
10537.0006561279;70.0000000;69.9999542;5.102923E-06;-5.638927E-05;70.0000000
10538.0001068115;70.0000000;69.9999542;5.102923E-06;-2.19774E-05;70.0000000
10539.0005111694;70.0000000;70.0000137;-1.52642E-06;1.752294E-05;70.0000000
10540.0009155273;70.0000000;70.0000733;-8.166905E-06;3.990323E-05;70.0000000
10541.0003662109;70.0000000;70.0000733;-8.166905E-06;1.555206E-05;70.0000000
10542.0007705688;70.0000000;70.0000138;-1.537562E-06;-3.572743E-05;70.0000000
10543.0002212524;70.0000000;69.9999542;5.102923E-06;-3.715332E-05;70.0000000
10544.0006256104;70.0000000;69.9999542;5.102923E-06;-1.44803E-05;70.0000000
10545.0000762939;70.0000000;69.9998946;1.174341E-05;-2.887238E-05;70.0000000
10546.0004806519;70.0000000;69.9999541;5.114065E-06;1.483567E-05;70.0000000
10547.0008850098;70.0000000;70.0000137;-1.52642E-06;4.76411E-05;70.0000000
10548.0003356934;70.0000000;69.9999542;5.102923E-06;-1.857771E-05;70.0000000
10549.0007400513;70.0000000;69.9999542;5.102923E-06;-7.240558E-06;70.0000000
10550.0001907349;70.0000000;69.9999542;5.102923E-06;-2.821967E-06;70.0000000
10551.0005950928;70.0000000;69.9999542;5.102923E-06;-8.029608E-06;70.0000000
10552.0000457764;70.0000000;70.0000137;-1.52642E-06;3.511237E-05;70.0000000
10553.0004501343;70.0000000;70.0000137;-1.52642E-06;2.15891E-05;70.0000000
10554.0008544922;70.0000000;69.9999542;5.102923E-06;-1.477556E-05;70.0000000
10555.0003051758;70.0000000;70.0000137;-1.52642E-06;3.138687E-05;70.0000000
10556.0007095337;70.0000000;70.0000137;-1.52642E-06;1.223286E-05;70.0000000
10557.0001602173;70.0000000;69.9999542;5.102923E-06;-3.237787E-05;70.0000000
10558.0005645752;70.0000000;69.9999542;5.102923E-06;-1.261909E-05;70.0000000
10559.0009689331;70.0000000;69.9999542;5.102923E-06;-4.91822E-06;70.0000000
10560.0004196167;70.0000000;69.9999542;5.102923E-06;-1.762187E-05;70.0000000
10561.0008239746;70.0000000;69.9999542;5.102923E-06;-2.576415E-05;70.0000000
10562.0002746582;70.0000000;70.0000137;-1.52642E-06;2.395133E-05;70.0000000
10563.0006790161;70.0000000;69.9999542;5.102923E-06;-1.385489E-05;70.0000000
10564.0001296997;70.0000000;70.0000137;-1.52642E-06;2.435734E-05;70.0000000
10565.0005340576;70.0000000;70.0000137;-1.52642E-06;9.493136E-06;70.0000000
10566.0009384155;70.0000000;70.0000733;-8.166905E-06;3.30988E-05;70.0000000
10567.0003890991;70.0000000;70.0000733;-8.166905E-06;1.290007E-05;70.0000000
10568.000793457;70.0000000;70.0000138;-1.537562E-06;-2.432185E-05;70.0000000
10569.0002441406;70.0000000;69.9999542;5.102923E-06;-4.255307E-05;70.0000000
10570.0006484985;70.0000000;69.9999542;5.102923E-06;-1.658482E-05;70.0000000
10571.0000991821;70.0000000;70.0000137;-1.52642E-06;1.962467E-05;70.0000000
10572.00050354;70.0000000;70.0000137;-1.52642E-06;7.648607E-06;70.0000000
10573.0009078979;70.0000000;70.0000137;-1.52642E-06;2.981001E-06;70.0000000
10574.0003585815;70.0000000;70.0000137;-1.52642E-06;1.226197E-05;70.0000000
10575.0007629395;70.0000000;70.0000137;-1.52642E-06;4.779033E-06;70.0000000
10576.000213623;70.0000000;70.0000137;-1.52642E-06;1.862601E-06;70.0000000
10577.000617981;70.0000000;70.0000137;-1.52642E-06;7.259382E-07;70.0000000
10578.0000686646;70.0000000;69.9999542;5.102923E-06;-2.906664E-05;70.0000000
10579.0004730225;70.0000000;69.9999542;5.102923E-06;-2.532263E-05;70.0000000
10580.0008773804;70.0000000;70.0000137;-1.52642E-06;1.948022E-05;70.0000000
10581.000328064;70.0000000;70.0000137;-1.52642E-06;7.592307E-06;70.0000000
10582.0007324219;70.0000000;69.9999542;5.102923E-06;-4.405329E-05;70.0000000
10583.0001831055;70.0000000;69.9999542;5.102923E-06;-1.716952E-05;70.0000000
10584.0005874634;70.0000000;70.0000137;-1.52642E-06;4.619717E-05;70.0000000
10585.000038147;70.0000000;70.0000137;-1.52642E-06;1.800508E-05;70.0000000
10586.0004425049;70.0000000;70.0000137;-1.52642E-06;7.01738E-06;70.0000000
10587.0008468628;70.0000000;70.0000137;-1.52642E-06;2.734984E-06;70.0000000
10588.0002975464;70.0000000;69.9999542;5.102923E-06;-5.182295E-05;70.0000000
10589.0007019043;70.0000000;69.9999542;5.102923E-06;-2.01977E-05;70.0000000
10590.0001525879;70.0000000;69.9999542;5.102923E-06;-7.871939E-06;70.0000000
10591.0005569458;70.0000000;70.0000137;-1.52642E-06;2.628153E-05;70.0000000
10592.0009613037;70.0000000;70.0000137;-1.52642E-06;1.024308E-05;70.0000000
10593.0004119873;70.0000000;69.9999542;5.102923E-06;-2.53574E-05;70.0000000
10594.0008163452;70.0000000;69.9999542;5.102923E-06;-9.8829E-06;70.0000000
10595.0002670288;70.0000000;70.0000137;-1.52642E-06;3.793694E-05;70.0000000
10596.0006713867;70.0000000;70.0000137;-1.52642E-06;1.478571E-05;70.0000000
10597.0001220703;70.0000000;70.0000137;-1.52642E-06;9.023713E-06;70.0000000
10598.0005264282;70.0000000;69.9999542;5.102923E-06;-2.334155E-05;70.0000000
10599.0009307861;70.0000000;70.0000137;-1.52642E-06;2.025234E-05;70.0000000
10600.0003814697;70.0000000;70.0000137;-1.52642E-06;7.893233E-06;70.0000000
10601.0007858276;70.0000000;70.0000137;-1.52642E-06;3.076343E-06;70.0000000
10602.0002365112;70.0000000;69.9999542;5.102923E-06;-2.19908E-05;70.0000000
10603.0006408691;70.0000000;69.9999542;5.102923E-06;-8.570791E-06;70.0000000
10604.0000915527;70.0000000;70.0000137;-1.52642E-06;2.600916E-05;70.0000000
10605.0004959106;70.0000000;70.0000137;-1.52642E-06;1.013692E-05;70.0000000
10606.0009002686;70.0000000;69.9999542;5.102923E-06;-3.526556E-05;70.0000000
10607.0003509521;70.0000000;70.0000137;-1.52642E-06;2.340101E-05;70.0000000
10608.0007553101;70.0000000;70.0000137;-1.52642E-06;9.12041E-06;70.0000000
10609.0002059937;70.0000000;69.9999542;5.102923E-06;-3.823412E-05;70.0000000
10610.0006103516;70.0000000;69.9999542;5.102923E-06;-1.490153E-05;70.0000000
10611.0000610352;70.0000000;69.9999542;5.102923E-06;-5.807789E-06;70.0000000
10612.0004653931;70.0000000;70.0000137;-1.52642E-06;3.075472E-05;70.0000000
10613.000869751;70.0000000;70.0000137;-1.52642E-06;1.198648E-05;70.0000000
10614.0003204346;70.0000000;70.0000733;-8.166905E-06;3.080402E-05;70.0000000
10615.0007247925;70.0000000;70.0000733;-8.166905E-06;1.200569E-05;70.0000000
10616.0001754761;70.0000000;69.9999542;5.102923E-06;-9.008739E-05;70.0000000
10617.000579834;70.0000000;69.9999542;5.102923E-06;-3.511105E-05;70.0000000
10618.0000305176;70.0000000;69.9999542;5.102923E-06;-1.368433E-05;70.0000000
10619.0004348755;70.0000000;69.9999542;5.102923E-06;-5.333392E-06;70.0000000
10620.0008392334;70.0000000;70.0000137;-1.52642E-06;4.493369E-05;70.0000000
10621.000289917;70.0000000;70.0000137;-1.52642E-06;1.751265E-05;70.0000000
10622.0006942749;70.0000000;69.9999542;5.102923E-06;-3.49633E-05;70.0000000
10623.0001449585;70.0000000;69.9999542;5.102923E-06;-1.362675E-05;70.0000000
10624.0005493164;70.0000000;70.0000137;-1.52642E-06;2.403863E-05;70.0000000
10625.0009536743;70.0000000;70.0000137;-1.52642E-06;9.36892E-06;70.0000000
10626.0004043579;70.0000000;70.0000137;-1.52642E-06;3.651483E-06;70.0000000
10627.0008087158;70.0000000;70.0000137;-1.52642E-06;1.423145E-06;70.0000000
10628.0002593994;70.0000000;70.0000137;-1.52642E-06;5.546627E-07;70.0000000
10629.0006637573;70.0000000;70.0000137;-1.52642E-06;6.09272E-06;70.0000000
10630.0001144409;70.0000000;70.0000137;-1.52642E-06;7.598202E-06;70.0000000
10631.0005187988;70.0000000;70.0000137;-1.52642E-06;2.961356E-06;70.0000000
10632.0009231567;70.0000000;69.9999542;5.102923E-06;-3.599139E-05;70.0000000
10633.0003738403;70.0000000;70.0000137;-1.52642E-06;1.793283E-05;70.0000000
10634.0007781982;70.0000000;70.0000137;-1.52642E-06;6.989219E-06;70.0000000
10635.0002288818;70.0000000;70.0000137;-1.52642E-06;2.724008E-06;70.0000000
10636.0006332397;70.0000000;70.0000137;-1.52642E-06;1.061667E-06;70.0000000
10637.0000839233;70.0000000;70.0000137;-1.52642E-06;4.137787E-07;70.0000000
10638.0004882813;70.0000000;70.0000733;-8.166905E-06;5.313904E-05;70.0000000
10639.0008926392;70.0000000;70.0000733;-8.166905E-06;2.071064E-05;70.0000000
10640.0003433228;70.0000000;70.0000138;-1.537562E-06;-2.494642E-05;70.0000000
10641.0007476807;70.0000000;70.0000138;-1.537562E-06;-9.722727E-06;70.0000000
10642.0001983643;70.0000000;69.9999542;5.102923E-06;-3.318828E-05;70.0000000
10643.0006027222;70.0000000;70.0000137;-1.52642E-06;1.805083E-05;70.0000000
10644.0000534058;70.0000000;70.0000733;-8.166905E-06;5.412657E-05;70.0000000
10645.0004577637;70.0000000;70.0000733;-8.166905E-06;2.109552E-05;70.0000000
10646.0008621216;70.0000000;70.0000138;-1.537562E-06;-2.112771E-05;70.0000000
10647.0003128052;70.0000000;70.0000138;-1.537562E-06;-8.234407E-06;70.0000000
10648.0007171631;70.0000000;70.0000138;-1.537562E-06;-3.209313E-06;70.0000000
10649.0001678467;70.0000000;69.9999542;5.102923E-06;-4.31098E-05;70.0000000
10650.0005722046;70.0000000;70.0000137;-1.52642E-06;1.051527E-05;70.0000000
10651.0009765625;70.0000000;70.0000137;-1.52642E-06;4.098268E-06;70.0000000
10652.0004272461;70.0000000;70.0000137;-1.52642E-06;1.597277E-06;70.0000000
10653.000831604;70.0000000;70.0000137;-1.52642E-06;1.167958E-05;70.0000000
10654.0002822876;70.0000000;69.9999542;5.102923E-06;-1.863774E-05;70.0000000
10655.0006866455;70.0000000;70.0000137;-1.52642E-06;2.208563E-05;70.0000000
10656.0001373291;70.0000000;70.0000137;-1.52642E-06;8.607748E-06;70.0000000
10657.000541687;70.0000000;70.0000137;-1.52642E-06;3.354821E-06;70.0000000
10658.0009460449;70.0000000;70.0000137;-1.52642E-06;1.307523E-06;70.0000000
10659.0003967285;70.0000000;70.0000733;-8.166905E-06;2.373836E-05;70.0000000
10660.0008010864;70.0000000;69.9999542;5.102923E-06;-7.498502E-05;70.0000000
10661.00025177;70.0000000;69.9999542;5.102923E-06;-2.922499E-05;70.0000000
10662.0006561279;70.0000000;69.9999542;5.102923E-06;-1.139027E-05;70.0000000
10663.0001068115;70.0000000;69.9999542;5.102923E-06;-4.439295E-06;70.0000000
10664.0005111694;70.0000000;69.9999542;5.102923E-06;-5.398885E-06;70.0000000
10665.0009155273;70.0000000;69.9999542;5.102923E-06;-2.104185E-06;70.0000000
10666.0003662109;70.0000000;70.0000137;-1.52642E-06;2.236969E-05;70.0000000
10667.0007705688;70.0000000;69.9999542;5.102923E-06;-3.829389E-05;70.0000000
10668.0002212524;70.0000000;69.9999542;5.102923E-06;-3.507869E-05;70.0000000
10669.0006256104;70.0000000;69.9999542;5.102923E-06;-1.367172E-05;70.0000000
10670.0000762939;70.0000000;69.9999542;5.102923E-06;-5.328475E-06;70.0000000
10671.0004806519;70.0000000;70.0000137;-1.52642E-06;3.506881E-05;70.0000000
10672.0008850098;70.0000000;70.0000137;-1.52642E-06;1.366787E-05;70.0000000
10673.0003356934;70.0000000;70.0000137;-1.52642E-06;5.326977E-06;70.0000000
10674.0007400513;70.0000000;70.0000137;-1.52642E-06;2.076159E-06;70.0000000
10675.0001907349;70.0000000;70.0000137;-1.52642E-06;8.091711E-07;70.0000000
10676.0005950928;70.0000000;69.9999542;5.102923E-06;-2.287442E-05;70.0000000
10677.0000457764;70.0000000;69.9999542;5.102923E-06;-1.479172E-05;70.0000000
10678.0004501343;70.0000000;70.0000137;-1.52642E-06;4.124736E-05;70.0000000
10679.0008544922;70.0000000;69.9999542;5.102923E-06;-1.327365E-05;70.0000000
10680.0003051758;70.0000000;69.9999542;5.102923E-06;-5.173331E-06;70.0000000
10681.0007095337;70.0000000;70.0000137;-1.52642E-06;5.087262E-05;70.0000000
10682.0001602173;70.0000000;70.0000137;-1.52642E-06;1.982731E-05;70.0000000
10683.0005645752;70.0000000;70.0000137;-1.52642E-06;7.727583E-06;70.0000000
10684.0009689331;70.0000000;70.0000137;-1.52642E-06;3.011782E-06;70.0000000
10685.0004196167;70.0000000;69.9999542;5.102923E-06;-2.527703E-05;70.0000000
10686.0008239746;70.0000000;70.0000137;-1.52642E-06;1.333821E-05;70.0000000
10687.0002746582;70.0000000;70.0000137;-1.52642E-06;5.198492E-06;70.0000000
10688.0006790161;70.0000000;70.0000137;-1.52642E-06;2.026083E-06;70.0000000
10689.0001296997;70.0000000;70.0000137;-1.52642E-06;1.065644E-05;70.0000000
10690.0005340576;70.0000000;69.9999542;5.102923E-06;-1.90365E-05;70.0000000
10691.0009384155;70.0000000;69.9999542;5.102923E-06;-7.41937E-06;70.0000000
10692.0003890991;70.0000000;70.0000137;-1.52642E-06;3.012662E-05;70.0000000
10693.000793457;70.0000000;70.0000137;-1.52642E-06;1.174168E-05;70.0000000
10694.0002441406;70.0000000;70.0000137;-1.52642E-06;4.576252E-06;70.0000000
10695.0006484985;70.0000000;70.0000137;-1.52642E-06;1.783568E-06;70.0000000
10696.0000991821;70.0000000;70.0000137;-1.52642E-06;6.951356E-07;70.0000000
10697.00050354;70.0000000;70.0000137;-1.52642E-06;2.709252E-07;70.0000000
10698.0009078979;70.0000000;70.0000137;-1.52642E-06;1.055916E-07;70.0000000
10699.0003585815;70.0000000;70.0000137;-1.52642E-06;4.115371E-08;70.0000000
10700.0007629395;70.0000000;70.0000137;-1.52642E-06;1.603943E-08;70.0000000
10701.000213623;70.0000000;70.0000137;-1.52642E-06;2.904976E-06;70.0000000
10702.000617981;70.0000000;70.0000137;-1.52642E-06;1.132198E-06;70.0000000
10703.0000686646;70.0000000;70.0000137;-1.52642E-06;4.412677E-07;70.0000000
10704.0004730225;70.0000000;70.0000137;-1.52642E-06;1.719816E-07;70.0000000
10705.0008773804;70.0000000;70.0000137;-1.52642E-06;6.702886E-08;70.0000000
10706.000328064;70.0000000;70.0000137;-1.52642E-06;2.612412E-08;70.0000000
10707.0007324219;70.0000000;70.0000137;-1.52642E-06;1.018173E-08;70.0000000
10708.0001831055;70.0000000;70.0000137;-1.52642E-06;3.96827E-09;70.0000000
10709.0005874634;70.0000000;69.9999542;5.102923E-06;-3.765992E-05;70.0000000
10710.000038147;70.0000000;69.9999542;5.102923E-06;-1.467774E-05;70.0000000
10711.0004425049;70.0000000;69.9999542;5.102923E-06;-5.720567E-06;70.0000000
10712.0008468628;70.0000000;69.9999542;5.102923E-06;-2.229559E-06;70.0000000
10713.0002975464;70.0000000;69.9999542;5.102923E-06;-8.689578E-07;70.0000000
10714.0007019043;70.0000000;70.0000137;-1.52642E-06;2.901091E-05;70.0000000
10715.0001525879;70.0000000;70.0000733;-8.166905E-06;5.316582E-05;70.0000000
10716.0005569458;70.0000000;70.0000733;-8.166905E-06;2.072108E-05;70.0000000
10717.0009613037;70.0000000;70.0000733;-8.166905E-06;8.075922E-06;70.0000000
10718.0004119873;70.0000000;70.0000733;-8.166905E-06;3.147545E-06;70.0000000
10719.0008163452;70.0000000;70.0000733;-8.166905E-06;1.226738E-06;70.0000000
10720.0002670288;70.0000000;70.0000733;-8.166905E-06;4.781143E-07;70.0000000
10721.0006713867;70.0000000;70.0000137;-1.52642E-06;-2.767856E-05;70.0000000
10722.0001220703;70.0000000;70.0000137;-1.52642E-06;-1.078756E-05;70.0000000
10723.0005264282;70.0000000;70.0000733;-8.166905E-06;2.192797E-05;70.0000000
10724.0009307861;70.0000000;70.0000137;-1.52642E-06;-3.266852E-05;70.0000000
10725.0003814697;70.0000000;69.9999542;5.102923E-06;-5.974472E-05;70.0000000
10726.0007858276;70.0000000;70.0000137;-1.52642E-06;2.960373E-05;70.0000000
10727.0002365112;70.0000000;70.0000137;-1.52642E-06;1.933387E-05;70.0000000
10728.0006408691;70.0000000;70.0000137;-1.52642E-06;7.535266E-06;70.0000000
10729.0000915527;70.0000000;70.0000137;-1.52642E-06;2.936827E-06;70.0000000
10730.0004959106;70.0000000;70.0000137;-1.52642E-06;1.144612E-06;70.0000000
10731.0009002686;70.0000000;70.0000137;-1.52642E-06;4.461059E-07;70.0000000
10732.0003509521;70.0000000;70.0000137;-1.52642E-06;1.738672E-07;70.0000000
10733.0007553101;70.0000000;70.0000137;-1.52642E-06;6.776379E-08;70.0000000
10734.0002059937;70.0000000;69.9999542;5.102923E-06;-3.711915E-05;70.0000000
10735.0006103516;70.0000000;69.9999542;5.102923E-06;-1.446698E-05;70.0000000
10736.0000610352;70.0000000;69.9999542;5.102923E-06;-5.638423E-06;70.0000000
10737.0004653931;70.0000000;69.9999542;5.102923E-06;-2.197544E-06;70.0000000
10738.000869751;70.0000000;70.0000137;-1.52642E-06;4.093227E-05;70.0000000
10739.0003204346;70.0000000;70.0000137;-1.52642E-06;1.595312E-05;70.0000000
10740.0007247925;70.0000000;70.0000137;-1.52642E-06;1.209418E-05;70.0000000
10741.0001754761;70.0000000;69.9999542;5.102923E-06;-2.137487E-05;70.0000000
10742.000579834;70.0000000;70.0000137;-1.52642E-06;1.775778E-05;70.0000000
10743.0009841919;70.0000000;70.0000137;-1.52642E-06;6.920995E-06;70.0000000
10744.0004348755;70.0000000;70.0000137;-1.52642E-06;2.697418E-06;70.0000000
10745.0008392334;70.0000000;69.9999542;5.102923E-06;-2.213849E-05;70.0000000
10746.000289917;70.0000000;69.9999542;5.102923E-06;-8.628351E-06;70.0000000
10747.0006942749;70.0000000;70.0000137;-1.52642E-06;1.982694E-05;70.0000000
10748.0001449585;70.0000000;70.0000137;-1.52642E-06;7.727438E-06;70.0000000
10749.0005493164;70.0000000;70.0000137;-1.52642E-06;3.011725E-06;70.0000000
10750.0009536743;70.0000000;70.0000137;-1.52642E-06;1.173803E-06;70.0000000
10751.0004043579;70.0000000;70.0000137;-1.52642E-06;4.57483E-07;70.0000000
10752.0008087158;70.0000000;70.0000733;-8.166905E-06;2.957721E-05;70.0000000
10753.0002593994;70.0000000;70.0000138;-1.537562E-06;-4.136134E-05;70.0000000
10754.0006637573;70.0000000;70.0000137;-1.52642E-06;-1.032282E-05;70.0000000
10755.0001144409;70.0000000;70.0000137;-1.52642E-06;-4.02326E-06;70.0000000
10756.0005187988;70.0000000;70.0000137;-1.52642E-06;-1.568043E-06;70.0000000
10757.0009231567;70.0000000;70.0000137;-1.52642E-06;-6.111358E-07;70.0000000
10758.0003738403;70.0000000;70.0000137;-1.52642E-06;-2.381867E-07;70.0000000
10759.0007781982;70.0000000;70.0000138;-1.537562E-06;-2.684936E-05;70.0000000
10760.0002288818;70.0000000;69.9999542;5.102923E-06;-3.659675E-05;70.0000000
10761.0006332397;70.0000000;69.9999542;5.102923E-06;-1.426338E-05;70.0000000
10762.0000839233;70.0000000;70.0000137;-1.52642E-06;4.145328E-05;70.0000000
10763.0004882813;70.0000000;70.0000137;-1.52642E-06;1.615618E-05;70.0000000
10764.0008926392;70.0000000;70.0000137;-1.52642E-06;6.296779E-06;70.0000000
10765.0003433228;70.0000000;70.0000137;-1.52642E-06;2.454134E-06;70.0000000
10766.0007476807;70.0000000;70.0000138;-1.537562E-06;-1.469991E-05;70.0000000
10767.0001983643;70.0000000;70.0000138;-1.537562E-06;-5.729207E-06;70.0000000
10768.0006027222;70.0000000;69.9999542;5.102923E-06;-5.52107E-05;70.0000000
10769.0000534058;70.0000000;69.9999542;5.102923E-06;-2.151806E-05;70.0000000
10770.0004577637;70.0000000;70.0000137;-1.52642E-06;3.340221E-05;70.0000000
10771.0008621216;70.0000000;70.0000137;-1.52642E-06;1.301832E-05;70.0000000
10772.0003128052;70.0000000;70.0000137;-1.52642E-06;5.073818E-06;70.0000000
10773.0007171631;70.0000000;70.0000137;-1.52642E-06;1.977492E-06;70.0000000
10774.0001678467;70.0000000;69.9999542;5.102923E-06;-2.857886E-05;70.0000000
10775.0005722046;70.0000000;69.9999542;5.102923E-06;-1.113845E-05;70.0000000
10776.0009765625;70.0000000;69.9999542;5.102923E-06;-4.341147E-06;70.0000000
10777.0004272461;70.0000000;70.0000137;-1.52642E-06;2.765764E-05;70.0000000
10778.000831604;70.0000000;70.0000137;-1.52642E-06;1.077941E-05;70.0000000
10779.0002822876;70.0000000;70.0000137;-1.52642E-06;4.201214E-06;70.0000000
10780.0006866455;70.0000000;70.0000137;-1.52642E-06;1.637399E-06;70.0000000
10781.0001373291;70.0000000;70.0000137;-1.52642E-06;2.417749E-05;70.0000000
10782.000541687;70.0000000;70.0000137;-1.52642E-06;9.423039E-06;70.0000000
10783.0009460449;70.0000000;70.0000137;-1.52642E-06;3.672576E-06;70.0000000
10784.0003967285;70.0000000;70.0000137;-1.52642E-06;1.71747E-05;70.0000000
10785.0008010864;70.0000000;70.0000137;-1.52642E-06;6.693742E-06;70.0000000
10786.00025177;70.0000000;69.9999542;5.102923E-06;-2.058094E-05;70.0000000
10787.0006561279;70.0000000;69.9999542;5.102923E-06;-8.021305E-06;70.0000000
10788.0001068115;70.0000000;69.9999542;5.102923E-06;-3.126258E-06;70.0000000
10789.0005111694;70.0000000;69.9999542;5.102923E-06;-1.218441E-06;70.0000000
10790.0009155273;70.0000000;70.0000137;-1.52642E-06;2.271491E-05;70.0000000
10791.0003662109;70.0000000;70.0000137;-1.52642E-06;8.853007E-06;70.0000000
10792.0007705688;70.0000000;70.0000137;-1.52642E-06;3.450409E-06;70.0000000
10793.0002212524;70.0000000;70.0000137;-1.52642E-06;1.344778E-06;70.0000000
10794.0006256104;70.0000000;70.0000137;-1.52642E-06;5.241195E-07;70.0000000
10795.0000762939;70.0000000;70.0000137;-1.52642E-06;2.042726E-07;70.0000000
10796.0004806519;70.0000000;69.9999542;5.102923E-06;-2.311018E-05;70.0000000
10797.0008850098;70.0000000;69.9999542;5.102923E-06;-9.007062E-06;70.0000000
10798.0003356934;70.0000000;70.0000137;-1.52642E-06;1.967934E-05;70.0000000
10799.0007400513;70.0000000;70.0000733;-8.166905E-06;4.95289E-05;70.0000000
10800.0001907349;70.0000000;70.0000734;-8.178047E-06;1.240605E-05;70.0000000
10801.0005950928;70.0000000;70.0000734;-8.178047E-06;4.835187E-06;70.0000000
10802.0000457764;70.0000000;70.0000138;-1.537562E-06;-3.118928E-05;70.0000000
10803.0004501343;70.0000000;69.9999542;5.102923E-06;-4.231436E-05;70.0000000
10804.0008544922;70.0000000;70.0000137;-1.52642E-06;1.652649E-05;70.0000000
10805.0003051758;70.0000000;70.0000137;-1.52642E-06;6.441106E-06;70.0000000
10806.0007095337;70.0000000;70.0000733;-8.166905E-06;3.971837E-05;70.0000000
10807.0001602173;70.0000000;70.0000733;-8.166905E-06;1.548001E-05;70.0000000
10808.0005645752;70.0000000;70.0000138;-1.537562E-06;-3.575551E-05;70.0000000
10809.0009689331;70.0000000;69.9999542;5.102923E-06;-3.716427E-05;70.0000000
10810.0004196167;70.0000000;69.9999542;5.102923E-06;-1.448456E-05;70.0000000
10811.0008239746;70.0000000;69.9999542;5.102923E-06;-5.645277E-06;70.0000000
10812.0002746582;70.0000000;70.0000137;-1.52642E-06;3.958854E-05;70.0000000
10813.0006790161;70.0000000;70.0000137;-1.52642E-06;1.542941E-05;70.0000000
10814.0001296997;70.0000000;70.0000137;-1.52642E-06;6.013526E-06;70.0000000
10815.0005340576;70.0000000;70.0000137;-1.52642E-06;2.343738E-06;70.0000000
10816.0009384155;70.0000000;70.0000137;-1.52642E-06;9.134585E-07;70.0000000
10817.0003890991;70.0000000;70.0000137;-1.52642E-06;3.560152E-07;70.0000000
10818.000793457;70.0000000;70.0000137;-1.52642E-06;1.387549E-07;70.0000000
10819.0002441406;70.0000000;70.0000137;-1.52642E-06;2.952801E-06;70.0000000
10820.0006484985;70.0000000;70.0000137;-1.52642E-06;1.150838E-06;70.0000000
10821.0000991821;70.0000000;70.0000137;-1.52642E-06;4.485325E-07;70.0000000
10822.00050354;70.0000000;70.0000137;-1.52642E-06;1.74813E-07;70.0000000
10823.0009078979;70.0000000;70.0000137;-1.52642E-06;6.813238E-08;70.0000000
10824.0003585815;70.0000000;70.0000137;-1.52642E-06;2.655421E-08;70.0000000
10825.0007629395;70.0000000;70.0000137;-1.52642E-06;1.034935E-08;70.0000000
10826.000213623;70.0000000;70.0000137;-1.52642E-06;4.033601E-09;70.0000000
10827.000617981;70.0000000;70.0000137;-1.52642E-06;1.572073E-09;70.0000000
10828.0000686646;70.0000000;70.0000137;-1.52642E-06;6.127067E-10;70.0000000
10829.0004730225;70.0000000;70.0000137;-1.52642E-06;2.387989E-10;70.0000000
10830.0008773804;70.0000000;70.0000137;-1.52642E-06;9.307052E-11;70.0000000
10831.000328064;70.0000000;70.0000137;-1.52642E-06;3.627371E-11;70.0000000
10832.0007324219;70.0000000;70.0000137;-1.52642E-06;1.413748E-11;70.0000000
10833.0001831055;70.0000000;70.0000137;-1.52642E-06;5.510001E-12;70.0000000
10834.0005874634;70.0000000;69.9999542;5.102923E-06;-3.812006E-05;70.0000000
10835.000038147;70.0000000;69.9999542;5.102923E-06;-3.472769E-05;70.0000000
10836.0004425049;70.0000000;70.0000137;-1.52642E-06;1.255359E-05;70.0000000
10837.0008468628;70.0000000;70.0000137;-1.52642E-06;3.459179E-05;70.0000000
10838.0002975464;70.0000000;70.0000137;-1.52642E-06;1.348196E-05;70.0000000
10839.0007019043;70.0000000;70.0000137;-1.52642E-06;5.254517E-06;70.0000000
10840.0001525879;70.0000000;70.0000137;-1.52642E-06;2.047918E-06;70.0000000
10841.0005569458;70.0000000;70.0000137;-1.52642E-06;7.981645E-07;70.0000000
10842.0009613037;70.0000000;69.9999542;5.102923E-06;-5.257781E-05;70.0000000
10843.0004119873;70.0000000;70.0000137;-1.52642E-06;6.825168E-06;70.0000000
10844.0008163452;70.0000000;70.0000137;-1.52642E-06;2.660071E-06;70.0000000
10845.0002670288;70.0000000;69.9999542;5.102923E-06;-3.904584E-05;70.0000000
10846.0006713867;70.0000000;69.9999542;5.102923E-06;-1.521789E-05;70.0000000
10847.0001220703;70.0000000;69.9999542;5.102923E-06;-5.931089E-06;70.0000000
10848.0005264282;70.0000000;69.9999542;5.102923E-06;-2.311608E-06;70.0000000
10849.0009307861;70.0000000;69.9999542;5.102923E-06;-9.009362E-07;70.0000000
10850.0003814697;70.0000000;69.9999542;5.102923E-06;-3.511348E-07;70.0000000
10851.0007858276;70.0000000;69.9999542;5.102923E-06;-1.368528E-07;70.0000000
10852.0002365112;70.0000000;70.0000137;-1.52642E-06;2.603518E-05;70.0000000
10853.0006408691;70.0000000;69.9999542;5.102923E-06;-3.861455E-05;70.0000000
10854.0000915527;70.0000000;69.9999542;5.102923E-06;-2.610685E-05;70.0000000
10855.0004959106;70.0000000;70.0000137;-1.52642E-06;1.301479E-05;70.0000000
10856.0009002686;70.0000000;70.0000137;-1.52642E-06;8.741138E-06;70.0000000
10857.0003509521;70.0000000;70.0000137;-1.52642E-06;3.406809E-06;70.0000000
10858.0007553101;70.0000000;70.0000137;-1.52642E-06;1.327785E-06;70.0000000
10859.0002059937;70.0000000;70.0000137;-1.52642E-06;5.174965E-07;70.0000000
10860.0006103516;70.0000000;70.0000137;-1.52642E-06;5.425291E-06;70.0000000
10861.0000610352;70.0000000;70.0000137;-1.52642E-06;2.114477E-06;70.0000000
10862.0004653931;70.0000000;70.0000137;-1.52642E-06;8.241052E-07;70.0000000
10863.000869751;70.0000000;70.0000137;-1.52642E-06;3.211903E-07;70.0000000
10864.0003204346;70.0000000;70.0000137;-1.52642E-06;1.251821E-07;70.0000000
10865.0007247925;70.0000000;70.0000138;-1.537562E-06;-2.373479E-05;70.0000000
10866.0001754761;70.0000000;70.0000138;-1.537562E-06;-9.250502E-06;70.0000000
10867.000579834;70.0000000;70.0000138;-1.537562E-06;-3.60533E-06;70.0000000
10868.0009841919;70.0000000;70.0000138;-1.537562E-06;-1.405157E-06;70.0000000
10869.0004348755;70.0000000;70.0000138;-1.537562E-06;-5.47652E-07;70.0000000
10870.0008392334;70.0000000;70.0000138;-1.537562E-06;-2.134443E-07;70.0000000
10871.000289917;70.0000000;70.0000138;-1.537562E-06;-8.31887E-08;70.0000000
10872.0006942749;70.0000000;70.0000138;-1.537562E-06;-3.242233E-08;70.0000000
10873.0001449585;70.0000000;70.0000138;-1.537562E-06;-1.263642E-08;70.0000000
10874.0005493164;70.0000000;70.0000733;-8.166905E-06;2.934465E-05;70.0000000
10875.0009536743;70.0000000;70.0000138;-1.537562E-06;-3.557543E-05;70.0000000
10876.0004043579;70.0000000;69.9999542;5.102923E-06;-3.709408E-05;70.0000000
10877.0008087158;70.0000000;70.0000137;-1.52642E-06;3.843168E-05;70.0000000
10878.0002593994;70.0000000;70.0000137;-1.52642E-06;1.497853E-05;70.0000000
10879.0006637573;70.0000000;70.0000733;-8.166905E-06;3.197015E-05;70.0000000
10880.0001144409;70.0000000;70.0000733;-8.166905E-06;1.246019E-05;70.0000000
10881.0005187988;70.0000000;70.0000138;-1.537562E-06;-2.449329E-05;70.0000000
10882.0009231567;70.0000000;69.9999542;5.102923E-06;-5.663748E-05;70.0000000
10883.0003738403;70.0000000;70.0000137;-1.52642E-06;1.115652E-06;70.0000000
10884.0007781982;70.0000000;70.0000137;-1.52642E-06;4.34819E-07;70.0000000
10885.0002288818;70.0000000;70.0000137;-1.52642E-06;1.694682E-07;70.0000000
10886.0006332397;70.0000000;70.0000733;-8.166905E-06;4.192504E-05;70.0000000
10887.0000839233;70.0000000;69.9999542;5.102923E-06;-8.952663E-05;70.0000000
10888.0004882813;70.0000000;69.9999542;5.102923E-06;-3.48925E-05;70.0000000
10889.0008926392;70.0000000;69.9999542;5.102923E-06;-1.359915E-05;70.0000000
10890.0003433228;70.0000000;70.0000137;-1.52642E-06;2.992593E-05;70.0000000
10891.0007476807;70.0000000;70.0000137;-1.52642E-06;1.166346E-05;70.0000000
10892.0001983643;70.0000000;69.9999542;5.102923E-06;-4.834312E-05;70.0000000
10893.0006027222;70.0000000;69.9999542;5.102923E-06;-1.884146E-05;70.0000000
10894.0000534058;70.0000000;70.0000137;-1.52642E-06;2.567492E-05;70.0000000
10895.0004577637;70.0000000;70.0000137;-1.52642E-06;1.000666E-05;70.0000000
10896.0008621216;70.0000000;69.9999542;5.102923E-06;-4.898886E-05;70.0000000
10897.0003128052;70.0000000;70.0000137;-1.52642E-06;4.096661E-06;70.0000000
10898.0007171631;70.0000000;69.9999542;5.102923E-06;-2.775293E-05;70.0000000
10899.0001678467;70.0000000;69.9999542;5.102923E-06;-1.081655E-05;70.0000000
10900.0005722046;70.0000000;69.9999542;5.102923E-06;-4.215688E-06;70.0000000
10901.0009765625;70.0000000;70.0000137;-1.52642E-06;4.536931E-05;70.0000000
10902.0004272461;70.0000000;70.0000137;-1.52642E-06;1.768243E-05;70.0000000
10903.000831604;70.0000000;69.9999542;5.102923E-06;-3.489713E-05;70.0000000
10904.0002822876;70.0000000;70.0000137;-1.52642E-06;9.58883E-06;70.0000000
10905.0006866455;70.0000000;70.0000137;-1.52642E-06;3.737192E-06;70.0000000
10906.0001373291;70.0000000;70.0000137;-1.52642E-06;1.45655E-06;70.0000000
10907.000541687;70.0000000;70.0000137;-1.52642E-06;5.676819E-07;70.0000000
10908.0009460449;70.0000000;69.9999542;5.102923E-06;-4.15675E-05;70.0000000
10909.0003967285;70.0000000;69.9999542;5.102923E-06;-1.62007E-05;70.0000000
10910.0008010864;70.0000000;69.9998946;1.174341E-05;-2.954289E-05;70.0000000
10911.00025177;70.0000000;70.0000137;-1.52642E-06;5.062592E-05;70.0000000
10912.0006561279;70.0000000;70.0000137;-1.52642E-06;2.339986E-05;70.0000000
10913.0001068115;70.0000000;70.0000137;-1.52642E-06;9.119964E-06;70.0000000
10914.0005111694;70.0000000;70.0000137;-1.52642E-06;3.554454E-06;70.0000000
10915.0009155273;70.0000000;70.0000137;-1.52642E-06;1.385328E-06;70.0000000
10916.0003662109;70.0000000;70.0000137;-1.52642E-06;1.159697E-05;70.0000000
10917.0007705688;70.0000000;70.0000137;-1.52642E-06;1.55769E-05;70.0000000
10918.0002212524;70.0000000;70.0000137;-1.52642E-06;6.071007E-06;70.0000000
10919.0006256104;70.0000000;70.0000137;-1.52642E-06;2.366141E-06;70.0000000
10920.0000762939;70.0000000;70.0000137;-1.52642E-06;9.221899E-07;70.0000000
10921.0004806519;70.0000000;70.0000137;-1.52642E-06;3.594183E-07;70.0000000
10922.0008850098;70.0000000;70.0000137;-1.52642E-06;1.400813E-07;70.0000000
10923.0003356934;70.0000000;69.9999542;5.102923E-06;-4.173415E-05;70.0000000
10924.0007400513;70.0000000;70.0000137;-1.52642E-06;2.55231E-05;70.0000000
10925.0001907349;70.0000000;69.9999542;5.102923E-06;-3.706486E-05;70.0000000
10926.0005950928;70.0000000;69.9999542;5.102923E-06;-2.840159E-05;70.0000000
10927.0000457764;70.0000000;69.9999542;5.102923E-06;-1.106936E-05;70.0000000
10928.0004501343;70.0000000;70.0000137;-1.52642E-06;2.870405E-05;70.0000000
10929.0008544922;70.0000000;70.0000137;-1.52642E-06;1.118724E-05;70.0000000
10930.0003051758;70.0000000;70.0000733;-8.166905E-06;4.156815E-05;70.0000000
10931.0007095337;70.0000000;70.0000137;-1.52642E-06;-1.101979E-05;70.0000000
10932.0001602173;70.0000000;69.9999542;5.102923E-06;-5.718379E-05;70.0000000
10933.0005645752;70.0000000;70.0000137;-1.52642E-06;1.073121E-05;70.0000000
10934.0009689331;70.0000000;69.9999542;5.102923E-06;-4.282992E-05;70.0000000
10935.0004196167;70.0000000;70.0000137;-1.52642E-06;3.031963E-05;70.0000000
10936.0008239746;70.0000000;70.0000137;-1.52642E-06;1.507797E-05;70.0000000
10937.0002746582;70.0000000;70.0000137;-1.52642E-06;5.876552E-06;70.0000000
10938.0006790161;70.0000000;69.9999542;5.102923E-06;-3.072792E-05;70.0000000
10939.0001296997;70.0000000;69.9999542;5.102923E-06;-1.197603E-05;70.0000000
10940.0005340576;70.0000000;70.0000137;-1.52642E-06;4.234476E-05;70.0000000
10941.0009384155;70.0000000;70.0000733;-8.166905E-06;6.359498E-05;70.0000000
10942.0003890991;70.0000000;70.0001330;-1.481853E-05;5.096199E-05;70.0000000
10943.000793457;70.0000000;70.0000734;-8.178047E-06;-3.311563E-05;70.0000000
10944.0002441406;70.0000000;70.0000138;-1.537562E-06;-5.476562E-05;70.0000000
10945.0006484985;70.0000000;69.9999542;5.102923E-06;-4.457335E-05;70.0000000
10946.0000991821;70.0000000;69.9999542;5.102923E-06;-1.737221E-05;70.0000000
10947.00050354;70.0000000;69.9999542;5.102923E-06;-6.770721E-06;70.0000000
10948.0009078979;70.0000000;70.0000137;-1.52642E-06;2.055094E-05;70.0000000
10949.0003585815;70.0000000;70.0000137;-1.52642E-06;8.009611E-06;70.0000000
10950.0007629395;70.0000000;70.0000137;-1.52642E-06;3.1217E-06;70.0000000
10951.000213623;70.0000000;70.0000137;-1.52642E-06;1.216665E-06;70.0000000
10952.000617981;70.0000000;70.0000137;-1.52642E-06;4.741883E-07;70.0000000
10953.0000686646;70.0000000;70.0000137;-1.52642E-06;1.848122E-07;70.0000000
10954.0004730225;70.0000000;69.9999542;5.102923E-06;-2.601649E-05;70.0000000
10955.0008773804;70.0000000;70.0000137;-1.52642E-06;1.594874E-05;70.0000000
10956.000328064;70.0000000;70.0000137;-1.52642E-06;6.215929E-06;70.0000000
10957.0007324219;70.0000000;70.0000137;-1.52642E-06;2.422623E-06;70.0000000
10958.0001831055;70.0000000;69.9999542;5.102923E-06;-4.606814E-05;70.0000000
10959.0005874634;70.0000000;70.0000137;-1.52642E-06;1.506348E-05;70.0000000
10960.0009918213;70.0000000;70.0000137;-1.52642E-06;5.870906E-06;70.0000000
10961.0004425049;70.0000000;70.0000733;-8.166905E-06;2.551691E-05;70.0000000
10962.0008468628;70.0000000;70.0000138;-1.537562E-06;-4.294382E-05;70.0000000
10963.0002975464;70.0000000;70.0000138;-1.537562E-06;-1.673711E-05;70.0000000
10964.0007019043;70.0000000;70.0000138;-1.537562E-06;-6.523195E-06;70.0000000
10965.0001525879;70.0000000;70.0000138;-1.537562E-06;-2.542379E-06;70.0000000
10966.0005569458;70.0000000;70.0000138;-1.537562E-06;-9.908775E-07;70.0000000
10967.0009613037;70.0000000;70.0000138;-1.537562E-06;-3.861889E-07;70.0000000
10968.0004119873;70.0000000;70.0000138;-1.537562E-06;-1.505149E-07;70.0000000
10969.0008163452;70.0000000;70.0000137;-1.52642E-06;8.656324E-06;70.0000000
10970.0002670288;70.0000000;70.0000137;-1.52642E-06;3.373754E-06;70.0000000
10971.0006713867;70.0000000;70.0000137;-1.52642E-06;1.314901E-06;70.0000000
10972.0001220703;70.0000000;70.0000137;-1.52642E-06;5.124754E-07;70.0000000
10973.0005264282;70.0000000;70.0000137;-1.52642E-06;1.997344E-07;70.0000000
10974.0009307861;70.0000000;70.0000137;-1.52642E-06;7.784535E-08;70.0000000
10975.0003814697;70.0000000;70.0000137;-1.52642E-06;3.033978E-08;70.0000000
10976.0007858276;70.0000000;70.0000137;-1.52642E-06;5.23542E-06;70.0000000
10977.0002365112;70.0000000;69.9999542;5.102923E-06;-2.73091E-05;70.0000000
10978.0006408691;70.0000000;69.9999542;5.102923E-06;-1.064357E-05;70.0000000
10979.0000915527;70.0000000;70.0000137;-1.52642E-06;3.764048E-05;70.0000000
10980.0004959106;70.0000000;70.0000137;-1.52642E-06;1.467017E-05;70.0000000
10981.0009002686;70.0000000;70.0000733;-8.166905E-06;4.75766E-05;70.0000000
10982.0003509521;70.0000000;70.0000137;-1.52642E-06;-2.26721E-05;70.0000000
10983.0007553101;70.0000000;69.9999542;5.102923E-06;-4.18546E-05;70.0000000
10984.0002059937;70.0000000;69.9999542;5.102923E-06;-1.631259E-05;70.0000000
10985.0006103516;70.0000000;69.9999542;5.102923E-06;-6.35774E-06;70.0000000
10986.0000610352;70.0000000;69.9999542;5.102923E-06;-1.124838E-05;70.0000000
10987.0004653931;70.0000000;70.0000137;-1.52642E-06;1.88058E-05;70.0000000
10988.000869751;70.0000000;70.0000137;-1.52642E-06;7.329454E-06;70.0000000
10989.0003204346;70.0000000;70.0000137;-1.52642E-06;2.856613E-06;70.0000000
10990.0007247925;70.0000000;70.0000137;-1.52642E-06;1.113349E-06;70.0000000
10991.0001754761;70.0000000;69.9999542;5.102923E-06;-2.275587E-05;70.0000000
10992.000579834;70.0000000;70.0000137;-1.52642E-06;2.414931E-05;70.0000000
10993.0009841919;70.0000000;70.0000137;-1.52642E-06;9.412054E-06;70.0000000
10994.0004348755;70.0000000;70.0000137;-1.52642E-06;3.668295E-06;70.0000000
10995.0008392334;70.0000000;70.0000137;-1.52642E-06;1.429697E-06;70.0000000
10996.000289917;70.0000000;70.0000137;-1.52642E-06;3.025632E-05;70.0000000
10997.0006942749;70.0000000;70.0000137;-1.52642E-06;1.872199E-05;70.0000000
10998.0001449585;70.0000000;70.0000137;-1.52642E-06;7.29679E-06;70.0000000
10999.0005493164;70.0000000;70.0000137;-1.52642E-06;2.843883E-06;70.0000000
11000.0009536743;70.0000000;70.0000137;-1.52642E-06;5.751581E-06;70.0000000
11001.0004043579;70.0000000;70.0000137;-1.52642E-06;2.241646E-06;70.0000000
11002.0008087158;70.0000000;70.0000137;-1.52642E-06;8.736688E-07;70.0000000
11003.0002593994;70.0000000;69.9999542;5.102923E-06;-3.267777E-05;70.0000000
11004.0006637573;70.0000000;70.0000137;-1.52642E-06;3.427637E-05;70.0000000
11005.0001144409;70.0000000;70.0000137;-1.52642E-06;3.718158E-05;70.0000000
11006.0005187988;70.0000000;70.0000137;-1.52642E-06;1.449131E-05;70.0000000
11007.0009231567;70.0000000;70.0000137;-1.52642E-06;1.877576E-05;70.0000000
11008.0003738403;70.0000000;70.0000137;-1.52642E-06;3.701685E-05;70.0000000
11009.0007781982;70.0000000;69.9999542;5.102923E-06;-8.762683E-06;70.0000000
11010.0002288818;70.0000000;69.9998946;1.174341E-05;-3.281411E-05;70.0000000
11011.0006332397;70.0000000;69.9998946;1.174341E-05;-1.278911E-05;70.0000000
11012.0000839233;70.0000000;70.0000137;-1.52642E-06;8.101157E-05;70.0000000
11013.0004882813;70.0000000;70.0000137;-1.52642E-06;3.15738E-05;70.0000000
11014.0008926392;70.0000000;69.9999542;5.102923E-06;-4.058318E-05;70.0000000
11015.0003433228;70.0000000;69.9999542;5.102923E-06;-1.581707E-05;70.0000000
11016.0007476807;70.0000000;69.9999542;5.102923E-06;-6.164611E-06;70.0000000
11017.0001983643;70.0000000;69.9999542;5.102923E-06;-2.402622E-06;70.0000000
11018.0006027222;70.0000000;70.0000137;-1.52642E-06;2.225338E-05;70.0000000
11019.0000534058;70.0000000;70.0000137;-1.52642E-06;8.673128E-06;70.0000000
11020.0004577637;70.0000000;69.9999542;5.102923E-06;-3.840845E-05;70.0000000
11021.0008621216;70.0000000;69.9999542;5.102923E-06;-1.496948E-05;70.0000000
11022.0003128052;70.0000000;69.9999542;5.102923E-06;-5.834268E-06;70.0000000
11023.0007171631;70.0000000;69.9999542;5.102923E-06;-2.273873E-06;70.0000000
11024.0001678467;70.0000000;70.0000137;-1.52642E-06;4.090252E-05;70.0000000
11025.0005722046;70.0000000;70.0000137;-1.52642E-06;2.580831E-05;70.0000000
11026.0009765625;70.0000000;69.9999542;5.102923E-06;-1.602987E-05;70.0000000
11027.0004272461;70.0000000;69.9999542;5.102923E-06;-6.247551E-06;70.0000000
11028.000831604;70.0000000;69.9999542;5.102923E-06;-2.434948E-06;70.0000000
11029.0002822876;70.0000000;69.9999542;5.102923E-06;-9.719483E-06;70.0000000
11030.0006866455;70.0000000;70.0000137;-1.52642E-06;2.23004E-05;70.0000000
11031.0001373291;70.0000000;70.0000137;-1.52642E-06;8.691453E-06;70.0000000
11032.000541687;70.0000000;70.0000137;-1.52642E-06;3.387445E-06;70.0000000
11033.0009460449;70.0000000;69.9999542;5.102923E-06;-4.789996E-05;70.0000000
11034.0003967285;70.0000000;69.9999542;5.102923E-06;-1.866874E-05;70.0000000
11035.0008010864;70.0000000;69.9999542;5.102923E-06;-7.276034E-06;70.0000000
11036.00025177;70.0000000;70.0000733;-8.166905E-06;5.756198E-05;70.0000000
11037.0006561279;70.0000000;70.0001330;-1.481853E-05;6.436367E-05;70.0000000
11038.0001068115;70.0000000;70.0001330;-1.481853E-05;2.508538E-05;70.0000000
11039.0005111694;70.0000000;70.0000734;-8.178047E-06;-1.635547E-05;70.0000000
11040.0009155273;70.0000000;69.9999542;5.102923E-06;-8.13072E-05;70.0000000
11041.0003662109;70.0000000;69.9999542;5.102923E-06;-3.168902E-05;70.0000000
11042.0007705688;70.0000000;70.0000137;-1.52642E-06;3.466173E-05;70.0000000
11043.0002212524;70.0000000;70.0000733;-8.166905E-06;5.536819E-05;70.0000000
11044.0006256104;70.0000000;70.0000733;-8.166905E-06;2.157944E-05;70.0000000
11045.0000762939;70.0000000;70.0000733;-8.166905E-06;8.410465E-06;70.0000000
11046.0004806519;70.0000000;69.9999542;5.102923E-06;-5.914541E-05;70.0000000
11047.0008850098;70.0000000;69.9999542;5.102923E-06;-2.305159E-05;70.0000000
11048.0003356934;70.0000000;69.9999542;5.102923E-06;-8.984227E-06;70.0000000
11049.0007400513;70.0000000;70.0000137;-1.52642E-06;3.82872E-05;70.0000000
11050.0001907349;70.0000000;70.0000733;-8.166905E-06;6.201358E-05;70.0000000
11051.0005950928;70.0000000;70.0000733;-8.166905E-06;2.416944E-05;70.0000000
11052.0009994507;70.0000000;70.0000733;-8.166905E-06;9.419904E-06;70.0000000
11053.0004501343;70.0000000;69.9999542;5.102923E-06;-4.967696E-05;70.0000000
11054.0008544922;70.0000000;69.9998946;1.174341E-05;-6.645267E-05;70.0000000
11055.0003051758;70.0000000;69.9998946;1.174341E-05;-2.589956E-05;70.0000000
11056.0007095337;70.0000000;70.0000137;-1.52642E-06;4.249449E-05;70.0000000
11057.0001602173;70.0000000;70.0000137;-1.52642E-06;1.656199E-05;70.0000000
11058.0005645752;70.0000000;70.0000137;-1.52642E-06;6.454941E-06;70.0000000
11059.0009689331;70.0000000;69.9999542;5.102923E-06;-4.449657E-05;70.0000000
11060.0004196167;70.0000000;69.9999542;5.102923E-06;-1.734228E-05;70.0000000
11061.0008239746;70.0000000;70.0000137;-1.52642E-06;4.612983E-05;70.0000000
11062.0002746582;70.0000000;70.0000137;-1.52642E-06;1.797884E-05;70.0000000
11063.0006790161;70.0000000;70.0001330;-1.481853E-05;7.216513E-05;70.0000000
11064.0001296997;70.0000000;70.0000734;-8.178047E-06;-4.947813E-06;70.0000000
11065.0005340576;70.0000000;69.9999542;5.102923E-06;-9.676514E-05;70.0000000
11066.0009384155;70.0000000;69.9999542;5.102923E-06;-3.771367E-05;70.0000000
11067.0003890991;70.0000000;69.9999542;5.102923E-06;-1.469869E-05;70.0000000
11068.000793457;70.0000000;70.0000137;-1.52642E-06;4.128362E-05;70.0000000
11069.0002441406;70.0000000;70.0000137;-1.52642E-06;1.609005E-05;70.0000000
11070.0006484985;70.0000000;69.9999542;5.102923E-06;-1.98175E-05;70.0000000
11071.0000991821;70.0000000;70.0000137;-1.52642E-06;1.836476E-05;70.0000000
11072.00050354;70.0000000;70.0000137;-1.52642E-06;1.238115E-05;70.0000000
11073.0009078979;70.0000000;69.9999542;5.102923E-06;-1.836431E-05;70.0000000
11074.0003585815;70.0000000;69.9999542;5.102923E-06;-7.157384E-06;70.0000000
11075.0007629395;70.0000000;69.9999542;5.102923E-06;-2.168567E-05;70.0000000
11076.000213623;70.0000000;69.9999542;5.102923E-06;-8.451865E-06;70.0000000
11077.000617981;70.0000000;69.9999542;5.102923E-06;-3.294067E-06;70.0000000
11078.0000686646;70.0000000;70.0000137;-1.52642E-06;4.050491E-05;70.0000000
11079.0004730225;70.0000000;70.0000137;-1.52642E-06;1.578656E-05;70.0000000
11080.0008773804;70.0000000;70.0000137;-1.52642E-06;6.152723E-06;70.0000000
11081.000328064;70.0000000;69.9999542;5.102923E-06;-2.369053E-05;70.0000000
11082.0007324219;70.0000000;69.9999542;5.102923E-06;-9.233248E-06;70.0000000
11083.0001831055;70.0000000;69.9999542;5.102923E-06;-3.598606E-06;70.0000000
11084.0005874634;70.0000000;70.0000137;-1.52642E-06;2.794704E-05;70.0000000
11085.0009918213;70.0000000;70.0000137;-1.52642E-06;1.08922E-05;70.0000000
11086.0004425049;70.0000000;70.0000734;-8.178047E-06;2.134277E-05;70.0000000
11087.0008468628;70.0000000;70.0000734;-8.178047E-06;8.318223E-06;70.0000000
11088.0002975464;70.0000000;69.9999542;5.102923E-06;-5.719477E-05;70.0000000
11089.0007019043;70.0000000;70.0000137;-1.52642E-06;3.059756E-05;70.0000000
11090.0001525879;70.0000000;70.0000137;-1.52642E-06;1.192522E-05;70.0000000
11091.0005569458;70.0000000;70.0000137;-1.52642E-06;4.647789E-06;70.0000000
11092.0009613037;70.0000000;69.9999542;5.102923E-06;-2.427706E-05;70.0000000
11093.0004119873;70.0000000;70.0000137;-1.52642E-06;2.768371E-05;70.0000000
11094.0008163452;70.0000000;70.0000137;-1.52642E-06;1.078957E-05;70.0000000
11095.0002670288;70.0000000;70.0000137;-1.52642E-06;4.205174E-06;70.0000000
11096.0006713867;70.0000000;69.9999542;5.102923E-06;-2.771064E-05;70.0000000
11097.0001220703;70.0000000;70.0000137;-1.52642E-06;2.221821E-05;70.0000000
11098.0005264282;70.0000000;70.0000137;-1.52642E-06;8.659423E-06;70.0000000
11099.0009307861;70.0000000;70.0000137;-1.52642E-06;3.374961E-06;70.0000000
11100.0003814697;70.0000000;70.0000137;-1.52642E-06;1.315372E-06;70.0000000
11101.0007858276;70.0000000;69.9999542;5.102923E-06;-3.544264E-05;70.0000000
11102.0002365112;70.0000000;70.0000137;-1.52642E-06;1.920471E-05;70.0000000
11103.0006408691;70.0000000;70.0000137;-1.52642E-06;1.074599E-05;70.0000000
11104.0000915527;70.0000000;70.0000137;-1.52642E-06;4.188189E-06;70.0000000
11105.0004959106;70.0000000;70.0000137;-1.52642E-06;1.632323E-06;70.0000000
11106.0009002686;70.0000000;70.0000137;-1.52642E-06;6.361886E-07;70.0000000
11107.0003509521;70.0000000;70.0000137;-1.52642E-06;2.479509E-07;70.0000000
11108.0007553101;70.0000000;70.0000137;-1.52642E-06;9.663745E-08;70.0000000
11109.0002059937;70.0000000;70.0000137;-1.52642E-06;3.76639E-08;70.0000000
11110.0006103516;70.0000000;70.0000137;-1.52642E-06;1.467929E-08;70.0000000
11111.0000610352;70.0000000;69.9999542;5.102923E-06;-4.700663E-05;70.0000000
11112.0004653931;70.0000000;69.9998946;1.174341E-05;-4.445293E-05;70.0000000
11113.000869751;70.0000000;69.9998946;1.174341E-05;-1.732528E-05;70.0000000
11114.0003204346;70.0000000;70.0000137;-1.52642E-06;6.96885E-05;70.0000000
11115.0007247925;70.0000000;70.0000733;-8.166905E-06;8.013847E-05;70.0000000
11116.0001754761;70.0000000;70.0000733;-8.166905E-06;3.123352E-05;70.0000000
11117.000579834;70.0000000;70.0000138;-1.537562E-06;-1.717649E-05;70.0000000
11118.0009841919;70.0000000;69.9999542;5.102923E-06;-3.28268E-05;70.0000000
11119.0004348755;70.0000000;70.0000137;-1.52642E-06;4.009483E-05;70.0000000
11120.0008392334;70.0000000;70.0000137;-1.52642E-06;1.562673E-05;70.0000000
11121.000289917;70.0000000;70.0000137;-1.52642E-06;6.090431E-06;70.0000000
11122.0006942749;70.0000000;70.0000137;-1.52642E-06;2.373711E-06;70.0000000
11123.0001449585;70.0000000;70.0000137;-1.52642E-06;9.251405E-07;70.0000000
11124.0005493164;70.0000000;70.0000137;-1.52642E-06;3.605683E-07;70.0000000
11125.0009536743;70.0000000;70.0000137;-1.52642E-06;1.405295E-07;70.0000000
11126.0004043579;70.0000000;70.0000137;-1.52642E-06;1.115491E-05;70.0000000
11127.0008087158;70.0000000;69.9999542;5.102923E-06;-4.389813E-05;70.0000000
11128.0002593994;70.0000000;70.0000137;-1.52642E-06;8.979464E-06;70.0000000
11129.0006637573;70.0000000;70.0000137;-1.52642E-06;3.499695E-06;70.0000000
11130.0001144409;70.0000000;69.9999542;5.102923E-06;-2.798559E-05;70.0000000
11131.0005187988;70.0000000;70.0000137;-1.52642E-06;1.228256E-05;70.0000000
11132.0009231567;70.0000000;70.0000137;-1.52642E-06;4.78706E-06;70.0000000
11133.0003738403;70.0000000;70.0000137;-1.52642E-06;1.865729E-06;70.0000000
11134.0007781982;70.0000000;70.0000137;-1.52642E-06;7.271575E-07;70.0000000
11135.0002288818;70.0000000;70.0000137;-1.52642E-06;2.834055E-07;70.0000000
11136.0006332397;70.0000000;70.0000137;-1.52642E-06;1.104557E-07;70.0000000
11137.0000839233;70.0000000;70.0000137;-1.52642E-06;4.304949E-08;70.0000000
11138.0004882813;70.0000000;69.9999542;5.102923E-06;-3.30015E-05;70.0000000
11139.0008926392;70.0000000;69.9999542;5.102923E-06;-1.286215E-05;70.0000000
11140.0003433228;70.0000000;70.0000137;-1.52642E-06;4.19994E-05;70.0000000
11141.0007476807;70.0000000;70.0000137;-1.52642E-06;1.636903E-05;70.0000000
11142.0001983643;70.0000000;69.9999542;5.102923E-06;-3.540902E-05;70.0000000
11143.0006027222;70.0000000;69.9999542;5.102923E-06;-1.380046E-05;70.0000000
11144.0000534058;70.0000000;69.9999542;5.102923E-06;-5.378652E-06;70.0000000
11145.0004577637;70.0000000;69.9999542;5.102923E-06;-2.096299E-06;70.0000000
11146.0008621216;70.0000000;69.9999542;5.102923E-06;-2.068763E-05;70.0000000
11147.0003128052;70.0000000;69.9999542;5.102923E-06;-1.422267E-05;70.0000000
11148.0007171631;70.0000000;69.9999542;5.102923E-06;-5.543207E-06;70.0000000
11149.0001678467;70.0000000;70.0000137;-1.52642E-06;3.085784E-05;70.0000000
11150.0005722046;70.0000000;70.0000137;-1.52642E-06;1.202667E-05;70.0000000
11151.0009765625;70.0000000;69.9999542;5.102923E-06;-2.466225E-05;70.0000000
11152.0004272461;70.0000000;69.9999542;5.102923E-06;-9.611972E-06;70.0000000
11153.000831604;70.0000000;69.9999542;5.102923E-06;-3.746212E-06;70.0000000
11154.0002822876;70.0000000;70.0000137;-1.52642E-06;2.927164E-05;70.0000000
11155.0006866455;70.0000000;69.9999542;5.102923E-06;-1.794112E-05;70.0000000
11156.0001373291;70.0000000;69.9999542;5.102923E-06;-6.992451E-06;70.0000000
11157.000541687;70.0000000;70.0000137;-1.52642E-06;3.906349E-05;70.0000000
11158.0009460449;70.0000000;70.0000137;-1.52642E-06;1.522477E-05;70.0000000
11159.0003967285;70.0000000;69.9999542;5.102923E-06;-4.107858E-05;70.0000000
11160.0008010864;70.0000000;69.9999542;5.102923E-06;-1.601014E-05;70.0000000
11161.00025177;70.0000000;69.9999542;5.102923E-06;-6.239862E-06;70.0000000
11162.0006561279;70.0000000;70.0000137;-1.52642E-06;5.045694E-05;70.0000000
11163.0001068115;70.0000000;70.0000137;-1.52642E-06;1.966531E-05;70.0000000
11164.0005111694;70.0000000;70.0000137;-1.52642E-06;7.664443E-06;70.0000000
11165.0009155273;70.0000000;70.0000733;-8.166905E-06;3.238608E-05;70.0000000
11166.0003662109;70.0000000;70.0000733;-8.166905E-06;1.262229E-05;70.0000000
11167.0007705688;70.0000000;70.0000733;-8.166905E-06;4.919466E-06;70.0000000
11168.0002212524;70.0000000;70.0000138;-1.537562E-06;-5.097156E-05;70.0000000
11169.0006256104;70.0000000;70.0000138;-1.537562E-06;-1.986587E-05;70.0000000
11170.0000762939;70.0000000;70.0000138;-1.537562E-06;-7.742612E-06;70.0000000
11171.0004806519;70.0000000;70.0000138;-1.537562E-06;-3.01764E-06;70.0000000
11172.0008850098;70.0000000;70.0000138;-1.537562E-06;-1.176108E-06;70.0000000
11173.0003356934;70.0000000;70.0000138;-1.537562E-06;-4.583815E-07;70.0000000
11174.0007400513;70.0000000;70.0000733;-8.166905E-06;2.917092E-05;70.0000000
11175.0001907349;70.0000000;70.0000733;-8.166905E-06;1.13692E-05;70.0000000
11176.0005950928;70.0000000;69.9999542;5.102923E-06;-7.044617E-05;70.0000000
11177.0009994507;70.0000000;70.0000137;-1.52642E-06;1.433276E-05;70.0000000
11178.0004501343;70.0000000;70.0000137;-1.52642E-06;5.58611E-06;70.0000000
11179.0008544922;70.0000000;70.0000137;-1.52642E-06;2.177155E-06;70.0000000
11180.0003051758;70.0000000;70.0000137;-1.52642E-06;8.485338E-07;70.0000000
11181.0007095337;70.0000000;70.0000733;-8.166905E-06;4.742207E-05;70.0000000
11182.0001602173;70.0000000;70.0000733;-8.166905E-06;1.848248E-05;70.0000000
11183.0005645752;70.0000000;70.0000733;-8.166905E-06;7.203442E-06;70.0000000
11184.0009689331;70.0000000;69.9999542;5.102923E-06;-6.25467E-05;70.0000000
11185.0004196167;70.0000000;69.9999542;5.102923E-06;-2.437722E-05;70.0000000
11186.0008239746;70.0000000;70.0000137;-1.52642E-06;2.351739E-05;70.0000000
11187.0002746582;70.0000000;70.0000137;-1.52642E-06;9.165769E-06;70.0000000
11188.0006790161;70.0000000;69.9999542;5.102923E-06;-1.961748E-05;70.0000000
11189.0001296997;70.0000000;69.9998946;1.174341E-05;-4.485379E-05;70.0000000
11190.0005340576;70.0000000;69.9999541;5.114065E-06;3.540738E-05;70.0000000
11191.0009384155;70.0000000;70.0000137;-1.52642E-06;6.67776E-05;70.0000000
11192.0003890991;70.0000000;70.0000137;-1.52642E-06;2.602619E-05;70.0000000
11193.000793457;70.0000000;70.0000137;-1.52642E-06;1.014356E-05;70.0000000
11194.0002441406;70.0000000;69.9999542;5.102923E-06;-4.305895E-05;70.0000000
11195.0006484985;70.0000000;69.9999542;5.102923E-06;-3.252531E-05;70.0000000
11196.0000991821;70.0000000;70.0000137;-1.52642E-06;2.446901E-05;70.0000000
11197.00050354;70.0000000;70.0000137;-1.52642E-06;9.536657E-06;70.0000000
11198.0009078979;70.0000000;70.0000137;-1.52642E-06;3.716858E-06;70.0000000
11199.0003585815;70.0000000;70.0000137;-1.52642E-06;1.448625E-06;70.0000000
11200.0007629395;70.0000000;70.0000137;-1.52642E-06;5.645932E-07;70.0000000
11201.000213623;70.0000000;70.0000137;-1.52642E-06;2.20047E-07;70.0000000
11202.000617981;70.0000000;70.0000137;-1.52642E-06;1.407983E-05;70.0000000
11203.0000686646;70.0000000;70.0000137;-1.52642E-06;5.487536E-06;70.0000000
11204.0004730225;70.0000000;69.9999542;5.102923E-06;-3.500683E-05;70.0000000
11205.0008773804;70.0000000;69.9999542;5.102923E-06;-1.364371E-05;70.0000000
11206.000328064;70.0000000;69.9999542;5.102923E-06;-5.31756E-06;70.0000000
11207.0007324219;70.0000000;69.9999542;5.102923E-06;-2.072489E-06;70.0000000
11208.0001831055;70.0000000;69.9999542;5.102923E-06;-8.077409E-07;70.0000000
11209.0005874634;70.0000000;70.0000137;-1.52642E-06;4.669754E-05;70.0000000
11210.0009918213;70.0000000;70.0000137;-1.52642E-06;1.82001E-05;70.0000000
11211.0004425049;70.0000000;70.0000137;-1.52642E-06;7.093386E-06;70.0000000
11212.0008468628;70.0000000;69.9999542;5.102923E-06;-2.658497E-05;70.0000000
11213.0002975464;70.0000000;69.9999542;5.102923E-06;-1.036134E-05;70.0000000
11214.0007019043;70.0000000;69.9999542;5.102923E-06;-4.038275E-06;70.0000000
11215.0001525879;70.0000000;69.9999542;5.102923E-06;-1.573895E-06;70.0000000
11216.0005569458;70.0000000;70.0000137;-1.52642E-06;3.240486E-05;70.0000000
11217.0009613037;70.0000000;70.0000733;-8.166905E-06;5.44886E-05;70.0000000
11218.0004119873;70.0000000;70.0000733;-8.166905E-06;2.123662E-05;70.0000000
11219.0008163452;70.0000000;70.0000138;-1.537562E-06;-2.474142E-05;70.0000000
11220.0002670288;70.0000000;69.9999542;5.102923E-06;-4.685082E-05;70.0000000
11221.0006713867;70.0000000;69.9999542;5.102923E-06;-1.825984E-05;70.0000000
11222.0001220703;70.0000000;69.9999542;5.102923E-06;-7.116669E-06;70.0000000
11223.0005264282;70.0000000;69.9999542;5.102923E-06;-2.773682E-06;70.0000000
11224.0009307861;70.0000000;70.0000137;-1.52642E-06;4.401188E-05;70.0000000
11225.0003814697;70.0000000;70.0000137;-1.52642E-06;1.715338E-05;70.0000000
11226.0007858276;70.0000000;69.9999542;5.102923E-06;-4.620345E-05;70.0000000
11227.0002365112;70.0000000;69.9999542;5.102923E-06;-1.800754E-05;70.0000000
11228.0006408691;70.0000000;69.9999542;5.102923E-06;-7.018336E-06;70.0000000
11229.0000915527;70.0000000;69.9999542;5.102923E-06;-2.735356E-06;70.0000000
11230.0004959106;70.0000000;69.9999542;5.102923E-06;-1.216622E-05;70.0000000
11231.0009002686;70.0000000;70.0000137;-1.52642E-06;1.844807E-05;70.0000000
11232.0003509521;70.0000000;70.0000137;-1.52642E-06;7.190031E-06;70.0000000
11233.0007553101;70.0000000;70.0000137;-1.52642E-06;2.802274E-06;70.0000000
11234.0002059937;70.0000000;70.0000137;-1.52642E-06;1.095896E-05;70.0000000
11235.0006103516;70.0000000;70.0000137;-1.52642E-06;8.914392E-06;70.0000000
11236.0000610352;70.0000000;69.9999542;5.102923E-06;-2.954394E-05;70.0000000
11237.0004653931;70.0000000;69.9999542;5.102923E-06;-1.739113E-05;70.0000000
11238.000869751;70.0000000;70.0000137;-1.52642E-06;2.518696E-05;70.0000000
11239.0003204346;70.0000000;70.0000137;-1.52642E-06;9.816475E-06;70.0000000
11240.0007247925;70.0000000;70.0000137;-1.52642E-06;1.626509E-05;70.0000000
11241.0001754761;70.0000000;69.9999542;5.102923E-06;-1.685056E-05;70.0000000
11242.000579834;70.0000000;69.9999542;5.102923E-06;-6.567411E-06;70.0000000
11243.0009841919;70.0000000;70.0000137;-1.52642E-06;2.063018E-05;70.0000000
11244.0004348755;70.0000000;70.0000137;-1.52642E-06;8.040497E-06;70.0000000
11245.0008392334;70.0000000;70.0000137;-1.52642E-06;3.133738E-06;70.0000000
11246.000289917;70.0000000;70.0000137;-1.52642E-06;1.221357E-06;70.0000000
11247.0006942749;70.0000000;70.0000137;-1.52642E-06;4.760168E-07;70.0000000
11248.0001449585;70.0000000;70.0000137;-1.52642E-06;1.855249E-07;70.0000000
11249.0005493164;70.0000000;70.0000137;-1.52642E-06;3.741007E-06;70.0000000
11250.0009536743;70.0000000;70.0000137;-1.52642E-06;1.128652E-05;70.0000000
11251.0004043579;70.0000000;70.0000137;-1.52642E-06;4.398858E-06;70.0000000
11252.0008087158;70.0000000;70.0000137;-1.52642E-06;1.71443E-06;70.0000000
11253.0002593994;70.0000000;70.0000137;-1.52642E-06;6.681893E-07;70.0000000
11254.0006637573;70.0000000;70.0000137;-1.52642E-06;2.60423E-07;70.0000000
11255.0001144409;70.0000000;70.0000137;-1.52642E-06;1.014984E-07;70.0000000
11256.0005187988;70.0000000;70.0000733;-8.166905E-06;4.189854E-05;70.0000000
11257.0009231567;70.0000000;70.0000733;-8.166905E-06;1.632972E-05;70.0000000
11258.0003738403;70.0000000;70.0000138;-1.537562E-06;-4.064793E-05;70.0000000
11259.0007781982;70.0000000;69.9999542;5.102923E-06;-4.891607E-05;70.0000000
11260.0002288818;70.0000000;69.9999542;5.102923E-06;-1.906476E-05;70.0000000
11261.0006332397;70.0000000;69.9999542;5.102923E-06;-1.155767E-05;70.0000000
11262.0000839233;70.0000000;70.0000137;-1.52642E-06;2.851374E-05;70.0000000
11263.0004882813;70.0000000;70.0000137;-1.52642E-06;1.111307E-05;70.0000000
11264.0008926392;70.0000000;70.0000137;-1.52642E-06;4.331255E-06;70.0000000
11265.0003433228;70.0000000;70.0000137;-1.52642E-06;1.688082E-06;70.0000000
11266.0007476807;70.0000000;70.0000137;-1.52642E-06;6.579205E-07;70.0000000
11267.0001983643;70.0000000;70.0000137;-1.52642E-06;2.564208E-07;70.0000000
11268.0006027222;70.0000000;70.0000137;-1.52642E-06;9.993855E-08;70.0000000
11269.0010070801;70.0000000;70.0000137;-1.52642E-06;3.895049E-08;70.0000000
11270.0004577637;70.0000000;70.0000137;-1.52642E-06;1.518073E-08;70.0000000
11271.0008621216;70.0000000;70.0000137;-1.52642E-06;5.916605E-09;70.0000000
11272.0003128052;70.0000000;70.0000137;-1.52642E-06;9.869093E-06;70.0000000
11273.0007171631;70.0000000;69.9999542;5.102923E-06;-4.904246E-05;70.0000000
11274.0001678467;70.0000000;69.9999542;5.102923E-06;-1.911402E-05;70.0000000
11275.0005722046;70.0000000;70.0000137;-1.52642E-06;2.817938E-05;70.0000000
11276.0009765625;70.0000000;70.0000137;-1.52642E-06;1.098275E-05;70.0000000
11277.0004272461;70.0000000;70.0000137;-1.52642E-06;4.280466E-06;70.0000000
11278.000831604;70.0000000;70.0000137;-1.52642E-06;1.668288E-06;70.0000000
11279.0002822876;70.0000000;70.0000137;-1.52642E-06;6.502057E-07;70.0000000
11280.0006866455;70.0000000;70.0000138;-1.537562E-06;-1.368517E-05;70.0000000
11281.0001373291;70.0000000;70.0000137;-1.52642E-06;8.604868E-06;70.0000000
11282.000541687;70.0000000;69.9999542;5.102923E-06;-2.571263E-05;70.0000000
11283.0009460449;70.0000000;70.0000137;-1.52642E-06;1.932822E-05;70.0000000
11284.0003967285;70.0000000;70.0000733;-8.166905E-06;4.939206E-05;70.0000000
11285.0008010864;70.0000000;70.0000733;-8.166905E-06;1.925027E-05;70.0000000
11286.00025177;70.0000000;70.0000138;-1.537562E-06;-4.53862E-05;70.0000000
11287.0006561279;70.0000000;69.9999542;5.102923E-06;-7.066679E-05;70.0000000
11288.0001068115;70.0000000;69.9999542;5.102923E-06;-2.754198E-05;70.0000000
11289.0005111694;70.0000000;69.9999542;5.102923E-06;-1.073433E-05;70.0000000
11290.0009155273;70.0000000;70.0000137;-1.52642E-06;3.296191E-05;70.0000000
11291.0003662109;70.0000000;70.0000137;-1.52642E-06;1.284672E-05;70.0000000
11292.0007705688;70.0000000;70.0000733;-8.166905E-06;3.11393E-05;70.0000000
11293.0002212524;70.0000000;69.9999542;5.102923E-06;-7.674375E-05;70.0000000
11294.0006256104;70.0000000;69.9999542;5.102923E-06;-2.991044E-05;70.0000000
11295.0000762939;70.0000000;70.0000137;-1.52642E-06;2.842516E-05;70.0000000
11296.0004806519;70.0000000;70.0000137;-1.52642E-06;1.107855E-05;70.0000000
11297.0008850098;70.0000000;69.9999542;5.102923E-06;-1.887199E-05;70.0000000
11298.0003356934;70.0000000;69.9999542;5.102923E-06;-2.134932E-05;70.0000000
11299.0007400513;70.0000000;70.0000137;-1.52642E-06;1.486901E-05;70.0000000
11300.0001907349;70.0000000;70.0000137;-1.52642E-06;5.795113E-06;70.0000000
11301.0005950928;70.0000000;70.0000137;-1.52642E-06;2.258613E-06;70.0000000
11302.0009994507;70.0000000;69.9999542;5.102923E-06;-5.200861E-05;70.0000000
11303.0004501343;70.0000000;69.9999542;5.102923E-06;-2.316878E-05;70.0000000
11304.0008544922;70.0000000;70.0000137;-1.52642E-06;2.485459E-05;70.0000000
11305.0003051758;70.0000000;70.0000137;-1.52642E-06;9.686936E-06;70.0000000
11306.0007095337;70.0000000;70.0000137;-1.52642E-06;3.775428E-06;70.0000000
11307.0001602173;70.0000000;70.0000137;-1.52642E-06;1.471452E-06;70.0000000
11308.0005645752;70.0000000;69.9999542;5.102923E-06;-2.551502E-05;70.0000000
11309.0009689331;70.0000000;70.0000137;-1.52642E-06;1.614418E-05;70.0000000
11310.0004196167;70.0000000;70.0000137;-1.52642E-06;6.292101E-06;70.0000000
11311.0008239746;70.0000000;70.0000137;-1.52642E-06;2.452311E-06;70.0000000
11312.0002746582;70.0000000;70.0000137;-1.52642E-06;9.557742E-07;70.0000000
11313.0006790161;70.0000000;69.9999542;5.102923E-06;-4.663984E-05;70.0000000
11314.0001296997;70.0000000;69.9999542;5.102923E-06;-1.817761E-05;70.0000000
11315.0005340576;70.0000000;70.0000137;-1.52642E-06;4.580427E-05;70.0000000
11316.0009384155;70.0000000;70.0000137;-1.52642E-06;3.645092E-05;70.0000000
11317.0003890991;70.0000000;70.0000137;-1.52642E-06;1.420654E-05;70.0000000
11318.000793457;70.0000000;70.0000137;-1.52642E-06;5.536918E-06;70.0000000
11319.0002441406;70.0000000;70.0000137;-1.52642E-06;2.157983E-06;70.0000000
11320.0006484985;70.0000000;70.0000137;-1.52642E-06;8.410615E-07;70.0000000
11321.0000991821;70.0000000;70.0000137;-1.52642E-06;3.27799E-07;70.0000000
11322.00050354;70.0000000;70.0000137;-1.52642E-06;1.277578E-07;70.0000000
11323.0009078979;70.0000000;69.9999542;5.102923E-06;-4.173896E-05;70.0000000
11324.0003585815;70.0000000;69.9999542;5.102923E-06;-1.626752E-05;70.0000000
11325.0007629395;70.0000000;70.0000137;-1.52642E-06;4.654872E-05;70.0000000
11326.000213623;70.0000000;70.0000137;-1.52642E-06;1.81421E-05;70.0000000
11327.000617981;70.0000000;70.0000137;-1.52642E-06;7.070781E-06;70.0000000
11328.0000686646;70.0000000;69.9999542;5.102923E-06;-5.01331E-05;70.0000000
11329.0004730225;70.0000000;69.9999542;5.102923E-06;-2.418229E-05;70.0000000
11330.0008773804;70.0000000;70.0000137;-1.52642E-06;4.346398E-05;70.0000000
11331.000328064;70.0000000;70.0000137;-1.52642E-06;1.693984E-05;70.0000000
11332.0007324219;70.0000000;70.0000137;-1.52642E-06;6.602209E-06;70.0000000
11333.0001831055;70.0000000;70.0000137;-1.52642E-06;2.573173E-06;70.0000000
11334.0005874634;70.0000000;70.0000137;-1.52642E-06;1.00288E-06;70.0000000
11335.0009918213;70.0000000;70.0000137;-1.52642E-06;3.908667E-07;70.0000000
11336.0004425049;70.0000000;70.0000137;-1.52642E-06;1.589567E-05;70.0000000
11337.0008468628;70.0000000;69.9999542;5.102923E-06;-1.989326E-05;70.0000000
11338.0002975464;70.0000000;70.0000137;-1.52642E-06;1.54365E-05;70.0000000
11339.0007019043;70.0000000;69.9999542;5.102923E-06;-3.112927E-05;70.0000000
11340.0001525879;70.0000000;69.9999542;5.102923E-06;-1.213246E-05;70.0000000
11341.0005569458;70.0000000;70.0000137;-1.52642E-06;3.70602E-05;70.0000000
11342.0009613037;70.0000000;70.0000137;-1.52642E-06;1.4444E-05;70.0000000
11343.0004119873;70.0000000;70.0000733;-8.166905E-06;4.283745E-05;70.0000000
11344.0008163452;70.0000000;70.0000138;-1.537562E-06;-3.619324E-05;70.0000000
11345.0002670288;70.0000000;69.9999542;5.102923E-06;-6.708389E-05;70.0000000
11346.0006713867;70.0000000;69.9999542;5.102923E-06;-2.614556E-05;70.0000000
11347.0001220703;70.0000000;69.9999542;5.102923E-06;-1.019009E-05;70.0000000
11348.0005264282;70.0000000;69.9999542;5.102923E-06;-7.640225E-06;70.0000000
11349.0009307861;70.0000000;70.0000733;-8.166905E-06;7.318983E-05;70.0000000
11350.0003814697;70.0000000;70.0000733;-8.166905E-06;2.852532E-05;70.0000000
11351.0007858276;70.0000000;70.0000733;-8.166905E-06;1.111758E-05;70.0000000
11352.0002365112;70.0000000;70.0000733;-8.166905E-06;4.333015E-06;70.0000000
11353.0006408691;70.0000000;70.0000733;-8.166905E-06;1.688768E-06;70.0000000
11354.0000915527;70.0000000;69.9999542;5.102923E-06;-6.66842E-05;70.0000000
11355.0004959106;70.0000000;70.0000733;-8.166905E-06;5.017778E-05;70.0000000
11356.0009002686;70.0000000;70.0000733;-8.166905E-06;1.95565E-05;70.0000000
11357.0003509521;70.0000000;70.0000733;-8.166905E-06;7.622038E-06;70.0000000
11358.0007553101;70.0000000;70.0000733;-8.166905E-06;2.970646E-06;70.0000000
11359.0002059937;70.0000000;70.0000733;-8.166905E-06;1.157793E-06;70.0000000
11360.0006103516;70.0000000;69.9999542;5.102923E-06;-6.284526E-05;70.0000000
11361.0010147095;70.0000000;69.9999542;5.102923E-06;-2.449359E-05;70.0000000
11362.0004653931;70.0000000;70.0000137;-1.52642E-06;3.746611E-05;70.0000000
11363.000869751;70.0000000;70.0000137;-1.52642E-06;1.46022E-05;70.0000000
11364.0003204346;70.0000000;70.0000137;-1.52642E-06;5.691127E-06;70.0000000
11365.0007247925;70.0000000;70.0000137;-1.52642E-06;2.218084E-06;70.0000000
11366.0001754761;70.0000000;70.0000137;-1.52642E-06;8.644859E-07;70.0000000
11367.000579834;70.0000000;70.0000733;-8.166905E-06;4.219591E-05;70.0000000
11368.0009841919;70.0000000;70.0000733;-8.166905E-06;1.644562E-05;70.0000000
11369.0004348755;70.0000000;70.0000733;-8.166905E-06;6.409587E-06;70.0000000
11370.0008392334;70.0000000;69.9999542;5.102923E-06;-7.982925E-05;70.0000000
11371.000289917;70.0000000;69.9999542;5.102923E-06;-3.1113E-05;70.0000000
11372.0006942749;70.0000000;70.0000137;-1.52642E-06;1.396239E-05;70.0000000
11373.0001449585;70.0000000;70.0000137;-1.52642E-06;5.441764E-06;70.0000000
11374.0005493164;70.0000000;70.0000137;-1.52642E-06;2.120897E-06;70.0000000
11375.0009536743;70.0000000;70.0000137;-1.52642E-06;1.069339E-05;70.0000000
11376.0004043579;70.0000000;70.0000137;-1.52642E-06;4.167689E-06;70.0000000
11377.0008087158;70.0000000;70.0000137;-1.52642E-06;1.624333E-06;70.0000000
11378.0002593994;70.0000000;70.0000733;-8.166905E-06;2.676543E-05;70.0000000
11379.0006637573;70.0000000;70.0000734;-8.178047E-06;-1.927837E-05;70.0000000
11380.0001144409;70.0000000;70.0000734;-8.178047E-06;-1.078018E-05;70.0000000
11381.0005187988;70.0000000;70.0000138;-1.537562E-06;-3.727528E-05;70.0000000
11382.0009231567;70.0000000;69.9999542;5.102923E-06;-3.775659E-05;70.0000000
11383.0003738403;70.0000000;69.9999542;5.102923E-06;-1.471542E-05;70.0000000
11384.0007781982;70.0000000;69.9999542;5.102923E-06;-5.735251E-06;70.0000000
11385.0002288818;70.0000000;69.9999542;5.102923E-06;-2.235281E-06;70.0000000
11386.0006332397;70.0000000;70.0000137;-1.52642E-06;2.23186E-05;70.0000000
11387.0000839233;70.0000000;70.0000137;-1.52642E-06;8.698549E-06;70.0000000
11388.0004882813;70.0000000;70.0000137;-1.52642E-06;3.39021E-06;70.0000000
11389.0008926392;70.0000000;70.0000137;-1.52642E-06;1.321315E-06;70.0000000
11390.0003433228;70.0000000;70.0000137;-1.52642E-06;5.149751E-07;70.0000000
11391.0007476807;70.0000000;70.0000137;-1.52642E-06;3.869407E-06;70.0000000
11392.0001983643;70.0000000;70.0000137;-1.52642E-06;1.50808E-06;70.0000000
11393.0006027222;70.0000000;70.0000137;-1.52642E-06;5.877655E-07;70.0000000
11394.0010070801;70.0000000;69.9999542;5.102923E-06;-3.691648E-05;70.0000000
11395.0004577637;70.0000000;70.0000137;-1.52642E-06;2.863412E-05;70.0000000
11396.0008621216;70.0000000;70.0000137;-1.52642E-06;1.115998E-05;70.0000000
11397.0003128052;70.0000000;70.0001330;-1.481853E-05;8.091881E-05;70.0000000
11398.0007171631;70.0000000;70.0000734;-8.178047E-06;5.405292E-06;70.0000000
11399.0001678467;70.0000000;70.0000734;-8.178047E-06;-1.15986E-06;70.0000000
11400.0005722046;70.0000000;70.0000734;-8.178047E-06;-4.52049E-07;70.0000000
11401.0009765625;70.0000000;70.0000734;-8.178047E-06;-1.761836E-07;70.0000000
11402.0004272461;70.0000000;70.0000138;-1.537562E-06;-2.329743E-05;70.0000000
11403.000831604;70.0000000;70.0000733;-8.166905E-06;2.806552E-05;70.0000000
11404.0002822876;70.0000000;70.0000733;-8.166905E-06;1.093838E-05;70.0000000
11405.0006866455;70.0000000;70.0000138;-1.537562E-06;-2.87551E-05;70.0000000
11406.0001373291;70.0000000;70.0000733;-8.166905E-06;2.593842E-05;70.0000000
11407.000541687;70.0000000;70.0000733;-8.166905E-06;1.010935E-05;70.0000000
11408.0009460449;70.0000000;70.0000733;-8.166905E-06;3.940063E-06;70.0000000
11409.0003967285;70.0000000;70.0000138;-1.537562E-06;-3.560994E-05;70.0000000
11410.0008010864;70.0000000;69.9999542;5.102923E-06;-4.001113E-05;70.0000000
11411.00025177;70.0000000;70.0000137;-1.52642E-06;3.729478E-05;70.0000000
11412.0006561279;70.0000000;70.0000137;-1.52642E-06;1.453543E-05;70.0000000
11413.0001068115;70.0000000;70.0000137;-1.52642E-06;5.665101E-06;70.0000000
11414.0005111694;70.0000000;70.0000137;-1.52642E-06;2.207941E-06;70.0000000
11415.0009155273;70.0000000;69.9999542;5.102923E-06;-3.215774E-05;70.0000000
11416.0003662109;70.0000000;69.9999542;5.102923E-06;-1.25333E-05;70.0000000
11417.0007705688;70.0000000;69.9999542;5.102923E-06;-4.884781E-06;70.0000000
11418.0002212524;70.0000000;69.9999542;5.102923E-06;-1.903816E-06;70.0000000
11419.0006256104;70.0000000;70.0000137;-1.52642E-06;4.104675E-05;70.0000000
11420.0000762939;70.0000000;69.9999542;5.102923E-06;-3.689116E-05;70.0000000
11421.0004806519;70.0000000;70.0000137;-1.52642E-06;1.171039E-05;70.0000000
11422.0008850098;70.0000000;69.9999542;5.102923E-06;-2.845422E-05;70.0000000
11423.0003356934;70.0000000;69.9999542;5.102923E-06;-1.631347E-05;70.0000000
11424.0007400513;70.0000000;70.0000137;-1.52642E-06;1.683171E-05;70.0000000
11425.0001907349;70.0000000;69.9999542;5.102923E-06;-1.952845E-05;70.0000000
11426.0005950928;70.0000000;69.9999542;5.102923E-06;-7.611102E-06;70.0000000
11427.0009994507;70.0000000;69.9999542;5.102923E-06;-2.966384E-06;70.0000000
11428.0004501343;70.0000000;69.9999542;5.102923E-06;-1.156131E-06;70.0000000
11429.0008544922;70.0000000;69.9999542;5.102923E-06;-4.505956E-07;70.0000000
11430.0003051758;70.0000000;70.0000137;-1.52642E-06;5.271327E-05;70.0000000
11431.0007095337;70.0000000;70.0000137;-1.52642E-06;2.05447E-05;70.0000000
11432.0001602173;70.0000000;70.0000733;-8.166905E-06;3.123594E-05;70.0000000
11433.0005645752;70.0000000;70.0000733;-8.166905E-06;1.217403E-05;70.0000000
11434.0009689331;70.0000000;70.0000138;-1.537562E-06;-2.460482E-05;70.0000000
11435.0004196167;70.0000000;70.0000138;-1.537562E-06;-9.589589E-06;70.0000000
11436.0008239746;70.0000000;70.0000138;-1.537562E-06;-3.737488E-06;70.0000000
11437.0002746582;70.0000000;70.0000138;-1.537562E-06;-1.456665E-06;70.0000000
11438.0006790161;70.0000000;70.0000138;-1.537562E-06;-5.677268E-07;70.0000000
11439.0001296997;70.0000000;69.9999542;5.102923E-06;-3.329503E-05;70.0000000
11440.0005340576;70.0000000;69.9999542;5.102923E-06;-1.297655E-05;70.0000000
11441.0009384155;70.0000000;69.9999542;5.102923E-06;-5.057537E-06;70.0000000
11442.0003890991;70.0000000;69.9999542;5.102923E-06;-1.971147E-06;70.0000000
11443.000793457;70.0000000;69.9999542;5.102923E-06;-9.538724E-06;70.0000000
11444.0002441406;70.0000000;70.0000137;-1.52642E-06;4.329468E-05;70.0000000
11445.0006484985;70.0000000;70.0000137;-1.52642E-06;1.687386E-05;70.0000000
11446.0000991821;70.0000000;69.9999542;5.102923E-06;-2.277309E-05;70.0000000
11447.00050354;70.0000000;70.0000137;-1.52642E-06;4.401321E-05;70.0000000
11448.0009078979;70.0000000;70.0000137;-1.52642E-06;1.71539E-05;70.0000000
11449.0003585815;70.0000000;70.0000137;-1.52642E-06;6.685634E-06;70.0000000
11450.0007629395;70.0000000;70.0000137;-1.52642E-06;2.605688E-06;70.0000000
11451.000213623;70.0000000;69.9999542;5.102923E-06;-4.59968E-05;70.0000000
11452.000617981;70.0000000;69.9999542;5.102923E-06;-1.792699E-05;70.0000000
11453.0000686646;70.0000000;70.0000137;-1.52642E-06;2.603133E-05;70.0000000
11454.0004730225;70.0000000;70.0000137;-1.52642E-06;1.014557E-05;70.0000000
11455.0008773804;70.0000000;70.0000733;-8.166905E-06;3.008654E-05;70.0000000
11456.000328064;70.0000000;70.0000733;-8.166905E-06;1.172606E-05;70.0000000
11457.0007324219;70.0000000;69.9999542;5.102923E-06;-5.417831E-05;70.0000000
11458.0001831055;70.0000000;69.9999542;5.102923E-06;-2.111569E-05;70.0000000
11459.0005874634;70.0000000;69.9999542;5.102923E-06;-8.229721E-06;70.0000000
11460.0009918213;70.0000000;70.0000137;-1.52642E-06;1.99823E-05;70.0000000
11461.0004425049;70.0000000;70.0000137;-1.52642E-06;7.787989E-06;70.0000000
11462.0008468628;70.0000000;70.0000137;-1.52642E-06;3.035325E-06;70.0000000
11463.0002975464;70.0000000;70.0000137;-1.52642E-06;1.187771E-05;70.0000000
11464.0007019043;70.0000000;70.0000137;-1.52642E-06;4.629269E-06;70.0000000
11465.0001525879;70.0000000;70.0000137;-1.52642E-06;4.702958E-06;70.0000000
11466.0005569458;70.0000000;70.0000137;-1.52642E-06;1.832951E-06;70.0000000
11467.0009613037;70.0000000;70.0000137;-1.52642E-06;7.143824E-07;70.0000000
11468.0004119873;70.0000000;70.0000137;-1.52642E-06;2.784265E-07;70.0000000
11469.0008163452;70.0000000;70.0000137;-1.52642E-06;1.085152E-07;70.0000000
11470.0002670288;70.0000000;70.0000137;-1.52642E-06;4.229317E-08;70.0000000
11471.0006713867;70.0000000;70.0000137;-1.52642E-06;1.648352E-08;70.0000000
11472.0001220703;70.0000000;69.9999542;5.102923E-06;-4.700592E-05;70.0000000
11473.0005264282;70.0000000;69.9999542;5.102923E-06;-1.83203E-05;70.0000000
11474.0009307861;70.0000000;69.9999542;5.102923E-06;-7.140232E-06;70.0000000
11475.0003814697;70.0000000;70.0000137;-1.52642E-06;3.436269E-05;70.0000000
11476.0007858276;70.0000000;70.0000137;-1.52642E-06;1.339266E-05;70.0000000
11477.0002365112;70.0000000;70.0000137;-1.52642E-06;5.219715E-06;70.0000000
11478.0006408691;70.0000000;70.0000137;-1.52642E-06;2.034354E-06;70.0000000
11479.0000915527;70.0000000;70.0000137;-1.52642E-06;7.92878E-07;70.0000000
11480.0004959106;70.0000000;70.0000137;-1.52642E-06;3.090197E-07;70.0000000
11481.0009002686;70.0000000;70.0000733;-8.166905E-06;3.732842E-05;70.0000000
11482.0003509521;70.0000000;70.0000734;-8.178047E-06;-1.134236E-06;70.0000000
11483.0007553101;70.0000000;70.0000734;-8.178047E-06;-4.42062E-07;70.0000000
11484.0002059937;70.0000000;69.9999542;5.102923E-06;-6.351263E-05;70.0000000
11485.0006103516;70.0000000;69.9999542;5.102923E-06;-2.475369E-05;70.0000000
11486.0010147095;70.0000000;70.0000137;-1.52642E-06;1.354218E-05;70.0000000
11487.0004653931;70.0000000;70.0000137;-1.52642E-06;5.277986E-06;70.0000000
11488.000869751;70.0000000;70.0000733;-8.166905E-06;2.818942E-05;70.0000000
11489.0003204346;70.0000000;69.9999542;5.102923E-06;-6.807962E-05;70.0000000
11490.0007247925;70.0000000;69.9999542;5.102923E-06;-2.653365E-05;70.0000000
11491.0001754761;70.0000000;69.9999542;5.102923E-06;-1.034134E-05;70.0000000
11492.000579834;70.0000000;69.9999542;5.102923E-06;-4.030478E-06;70.0000000
11493.0009841919;70.0000000;69.9999542;5.102923E-06;-1.570856E-06;70.0000000
11494.0004348755;70.0000000;69.9999542;5.102923E-06;-6.122323E-07;70.0000000
11495.0008392334;70.0000000;69.9999542;5.102923E-06;-2.386141E-07;70.0000000
11496.000289917;70.0000000;69.9999542;5.102923E-06;-9.299848E-08;70.0000000
11497.0006942749;70.0000000;69.9999542;5.102923E-06;-3.624563E-08;70.0000000
11498.0001449585;70.0000000;70.0000137;-1.52642E-06;3.300415E-05;70.0000000
11499.0005493164;70.0000000;70.0000137;-1.52642E-06;2.396332E-05;70.0000000
11500.0009536743;70.0000000;70.0000137;-1.52642E-06;1.916805E-05;70.0000000
11501.0004043579;70.0000000;69.9999542;5.102923E-06;-2.67762E-05;70.0000000
11502.0008087158;70.0000000;69.9999542;5.102923E-06;-1.043587E-05;70.0000000
11503.0002593994;70.0000000;69.9999542;5.102923E-06;-4.067323E-06;70.0000000
11504.0006637573;70.0000000;70.0000137;-1.52642E-06;2.776436E-05;70.0000000
11505.0001144409;70.0000000;70.0000137;-1.52642E-06;1.775077E-05;70.0000000
11506.0005187988;70.0000000;69.9999542;5.102923E-06;-4.597063E-05;70.0000000
11507.0009231567;70.0000000;70.0000137;-1.52642E-06;8.17172E-06;70.0000000
11508.0003738403;70.0000000;70.0000137;-1.52642E-06;9.061423E-06;70.0000000
11509.0007781982;70.0000000;70.0000137;-1.52642E-06;3.531638E-06;70.0000000
11510.0002288818;70.0000000;70.0000137;-1.52642E-06;1.376436E-06;70.0000000
11511.0006332397;70.0000000;70.0000137;-1.52642E-06;5.364581E-07;70.0000000
11512.0000839233;70.0000000;70.0000137;-1.52642E-06;2.700946E-05;70.0000000
11513.0004882813;70.0000000;70.0000137;-1.52642E-06;1.052678E-05;70.0000000
11514.0008926392;70.0000000;70.0000137;-1.52642E-06;4.102754E-06;70.0000000
11515.0003433228;70.0000000;70.0000733;-8.166905E-06;4.345801E-05;70.0000000
11516.0007476807;70.0000000;70.0000733;-8.166905E-06;1.693752E-05;70.0000000
11517.0001983643;70.0000000;70.0000733;-8.166905E-06;6.6013E-06;70.0000000
11518.0006027222;70.0000000;70.0000733;-8.166905E-06;2.572819E-06;70.0000000
11519.0010070801;70.0000000;70.0000138;-1.537562E-06;-2.834684E-05;70.0000000
11520.0004577637;70.0000000;70.0000138;-1.537562E-06;-1.104802E-05;70.0000000
11521.0008621216;70.0000000;70.0000138;-1.537562E-06;-4.305903E-06;70.0000000
11522.0003128052;70.0000000;70.0000138;-1.537562E-06;-1.678201E-06;70.0000000
11523.0007171631;70.0000000;70.0001330;-1.481853E-05;7.37619E-05;70.0000000
11524.0001678467;70.0000000;70.0000138;-1.537562E-06;-4.157184E-05;70.0000000
11525.0005722046;70.0000000;69.9999542;5.102923E-06;-6.918016E-05;70.0000000
11526.0009765625;70.0000000;69.9999542;5.102923E-06;-2.696258E-05;70.0000000
11527.0004272461;70.0000000;69.9999542;5.102923E-06;-1.743827E-05;70.0000000
11528.000831604;70.0000000;69.9999542;5.102923E-06;-6.796468E-06;70.0000000
11529.0002822876;70.0000000;69.9999542;5.102923E-06;-2.648885E-06;70.0000000
11530.0006866455;70.0000000;70.0000137;-1.52642E-06;2.505613E-05;70.0000000
11531.0001373291;70.0000000;70.0000137;-1.52642E-06;9.765484E-06;70.0000000
11532.000541687;70.0000000;70.0000137;-1.52642E-06;3.806042E-06;70.0000000
11533.0009460449;70.0000000;70.0000733;-8.166905E-06;3.455715E-05;70.0000000
11534.0003967285;70.0000000;70.0000733;-8.166905E-06;1.346846E-05;70.0000000
11535.0008010864;70.0000000;70.0000138;-1.537562E-06;-4.176309E-05;70.0000000
11536.00025177;70.0000000;70.0000138;-1.537562E-06;-1.627693E-05;70.0000000
11537.0006561279;70.0000000;70.0000138;-1.537562E-06;-6.34384E-06;70.0000000
11538.0001068115;70.0000000;70.0000138;-1.537562E-06;-2.472476E-06;70.0000000
11539.0005111694;70.0000000;70.0000138;-1.537562E-06;-9.636335E-07;70.0000000
11540.0009155273;70.0000000;70.0000138;-1.537562E-06;-3.755707E-07;70.0000000
11541.0003662109;70.0000000;70.0000138;-1.537562E-06;-1.463766E-07;70.0000000
11542.0007705688;70.0000000;70.0000138;-1.537562E-06;-5.704944E-08;70.0000000
11543.0002212524;70.0000000;70.0000138;-1.537562E-06;-2.22347E-08;70.0000000
11544.0006256104;70.0000000;70.0000138;-1.537562E-06;-8.665848E-09;70.0000000
11545.0000762939;70.0000000;70.0000138;-1.537562E-06;-3.377465E-09;70.0000000
11546.0004806519;70.0000000;70.0000138;-1.537562E-06;-1.316348E-09;70.0000000
11547.0008850098;70.0000000;70.0000138;-1.537562E-06;-5.130392E-10;70.0000000
11548.0003356934;70.0000000;70.0000733;-8.166905E-06;5.288869E-05;70.0000000
11549.0007400513;70.0000000;70.0000733;-8.166905E-06;2.061307E-05;70.0000000
11550.0001907349;70.0000000;70.0000733;-8.166905E-06;8.033828E-06;70.0000000
11551.0005950928;70.0000000;70.0000138;-1.537562E-06;-2.988714E-05;70.0000000
11552.0009994507;70.0000000;70.0000138;-1.537562E-06;-1.164834E-05;70.0000000
11553.0004501343;70.0000000;70.0000138;-1.537562E-06;-4.539876E-06;70.0000000
11554.0008544922;70.0000000;70.0000138;-1.537562E-06;-1.769391E-06;70.0000000
11555.0003051758;70.0000000;70.0000137;-1.52642E-06;2.92976E-06;70.0000000
11556.0007095337;70.0000000;69.9999542;5.102923E-06;-3.60037E-05;70.0000000
11557.0001602173;70.0000000;69.9999542;5.102923E-06;-2.683854E-05;70.0000000
11558.0005645752;70.0000000;70.0000137;-1.52642E-06;2.668539E-05;70.0000000
11559.0009689331;70.0000000;70.0000137;-1.52642E-06;1.040048E-05;70.0000000
11560.0004196167;70.0000000;70.0000137;-1.52642E-06;4.053529E-06;70.0000000
11561.0008239746;70.0000000;70.0000137;-1.52642E-06;1.57984E-06;70.0000000
11562.0002746582;70.0000000;70.0000137;-1.52642E-06;6.157338E-07;70.0000000
11563.0006790161;70.0000000;70.0000137;-1.52642E-06;2.399788E-07;70.0000000
11564.0001296997;70.0000000;70.0000137;-1.52642E-06;9.353037E-08;70.0000000
11565.0005340576;70.0000000;70.0000137;-1.52642E-06;3.645293E-08;70.0000000
11566.0009384155;70.0000000;70.0000733;-8.166905E-06;4.187319E-05;70.0000000
11567.0003890991;70.0000000;70.0000138;-1.537562E-06;-3.656905E-05;70.0000000
11568.000793457;70.0000000;69.9999542;5.102923E-06;-5.146057E-05;70.0000000
11569.0002441406;70.0000000;69.9999542;5.102923E-06;-2.005646E-05;70.0000000
11570.0006484985;70.0000000;69.9999542;5.102923E-06;-7.816892E-06;70.0000000
11571.0000991821;70.0000000;70.0000137;-1.52642E-06;4.98423E-05;70.0000000
11572.00050354;70.0000000;70.0000137;-1.52642E-06;1.942575E-05;70.0000000
11573.0009078979;70.0000000;70.0000733;-8.166905E-06;3.370344E-05;70.0000000
11574.0003585815;70.0000000;70.0000733;-8.166905E-06;1.313573E-05;70.0000000
11575.0007629395;70.0000000;69.9999542;5.102923E-06;-5.36289E-05;70.0000000
11576.000213623;70.0000000;69.9998946;1.174341E-05;-4.703393E-05;70.0000000
11577.000617981;70.0000000;69.9999541;5.114065E-06;2.345755E-05;70.0000000
11578.0010223389;70.0000000;70.0000137;-1.52642E-06;4.221622E-05;70.0000000
11579.0004730225;70.0000000;70.0000137;-1.52642E-06;1.645353E-05;70.0000000
11580.0008773804;70.0000000;70.0000137;-1.52642E-06;6.412671E-06;70.0000000
11581.000328064;70.0000000;70.0000137;-1.52642E-06;2.499302E-06;70.0000000
11582.0007324219;70.0000000;70.0000137;-1.52642E-06;9.740889E-07;70.0000000
11583.0001831055;70.0000000;69.9999542;5.102923E-06;-4.140911E-05;70.0000000
11584.0005874634;70.0000000;69.9999542;5.102923E-06;-1.613897E-05;70.0000000
11585.0009918213;70.0000000;69.9999542;5.102923E-06;-6.290071E-06;70.0000000
11586.0004425049;70.0000000;69.9999542;5.102923E-06;-2.45152E-06;70.0000000
11587.0008468628;70.0000000;70.0000137;-1.52642E-06;4.605688E-05;70.0000000
11588.0002975464;70.0000000;69.9999542;5.102923E-06;-3.493848E-05;70.0000000
11589.0007019043;70.0000000;69.9999542;5.102923E-06;-1.361707E-05;70.0000000
11590.0001525879;70.0000000;69.9999542;5.102923E-06;-5.307177E-06;70.0000000
11591.0005569458;70.0000000;69.9999542;5.102923E-06;-1.083892E-05;70.0000000
11592.0009613037;70.0000000;69.9999542;5.102923E-06;-4.224409E-06;70.0000000
11593.0004119873;70.0000000;69.9999542;5.102923E-06;-1.64644E-06;70.0000000
11594.0008163452;70.0000000;69.9999542;5.102923E-06;-6.416905E-07;70.0000000
11595.0002670288;70.0000000;69.9999542;5.102923E-06;-2.500952E-07;70.0000000
11596.0006713867;70.0000000;69.9999542;5.102923E-06;-9.74732E-08;70.0000000
11597.0001220703;70.0000000;69.9999542;5.102923E-06;-3.798963E-08;70.0000000
11598.0005264282;70.0000000;69.9999542;5.102923E-06;-1.480624E-08;70.0000000
11599.0009307861;70.0000000;70.0000137;-1.52642E-06;3.713979E-05;70.0000000
11600.0003814697;70.0000000;70.0000137;-1.52642E-06;1.447502E-05;70.0000000
11601.0007858276;70.0000000;70.0000137;-1.52642E-06;9.310254E-06;70.0000000
11602.0002365112;70.0000000;69.9999542;5.102923E-06;-2.24599E-05;70.0000000
11603.0006408691;70.0000000;70.0000137;-1.52642E-06;1.73349E-05;70.0000000
11604.0000915527;70.0000000;70.0000137;-1.52642E-06;6.756178E-06;70.0000000
11605.0004959106;70.0000000;69.9999542;5.102923E-06;-2.055661E-05;70.0000000
11606.0009002686;70.0000000;69.9999542;5.102923E-06;-8.011822E-06;70.0000000
11607.0003509521;70.0000000;70.0000137;-1.52642E-06;2.622702E-05;70.0000000
11608.0007553101;70.0000000;70.0000137;-1.52642E-06;1.022183E-05;70.0000000
11609.0002059937;70.0000000;69.9999542;5.102923E-06;-2.903438E-05;70.0000000
11610.0006103516;70.0000000;69.9998946;1.174341E-05;-4.071489E-05;70.0000000
11611.0010147095;70.0000000;69.9998946;1.174341E-05;-1.58684E-05;70.0000000
11612.0004653931;70.0000000;69.9999542;5.102923E-06;1.532312E-05;70.0000000
11613.000869751;70.0000000;70.0000137;-1.52642E-06;2.916189E-05;70.0000000
11614.0003204346;70.0000000;70.0000137;-1.52642E-06;1.136568E-05;70.0000000
11615.0007247925;70.0000000;69.9999542;5.102923E-06;-2.16588E-05;70.0000000
11616.0001754761;70.0000000;69.9998946;1.174341E-05;-4.564938E-05;70.0000000
11617.000579834;70.0000000;69.9998946;1.174341E-05;-1.779159E-05;70.0000000
11618.0009841919;70.0000000;70.0000137;-1.52642E-06;7.207037E-05;70.0000000
11619.0004348755;70.0000000;70.0000137;-1.52642E-06;2.808902E-05;70.0000000
11620.0008392334;70.0000000;70.0000137;-1.52642E-06;1.094754E-05;70.0000000
11621.000289917;70.0000000;70.0000137;-1.52642E-06;4.26674E-06;70.0000000
11622.0006942749;70.0000000;70.0000137;-1.52642E-06;6.886529E-06;70.0000000
11623.0001449585;70.0000000;69.9999542;5.102923E-06;-2.050581E-05;70.0000000
11624.0005493164;70.0000000;69.9999542;5.102923E-06;-7.992022E-06;70.0000000
11625.0009536743;70.0000000;69.9999542;5.102923E-06;-3.114845E-06;70.0000000
11626.0004043579;70.0000000;69.9999542;5.102923E-06;-5.857185E-06;70.0000000
11627.0008087158;70.0000000;70.0000137;-1.52642E-06;2.706678E-05;70.0000000
11628.0002593994;70.0000000;70.0000137;-1.52642E-06;1.344785E-05;70.0000000
11629.0006637573;70.0000000;70.0000137;-1.52642E-06;9.368505E-06;70.0000000
11630.0001144409;70.0000000;69.9999542;5.102923E-06;-1.953847E-05;70.0000000
11631.0005187988;70.0000000;69.9999542;5.102923E-06;-7.615008E-06;70.0000000
11632.0009231567;70.0000000;70.0000137;-1.52642E-06;4.527779E-05;70.0000000
11633.0003738403;70.0000000;70.0000137;-1.52642E-06;1.764676E-05;70.0000000
11634.0007781982;70.0000000;70.0000137;-1.52642E-06;6.877726E-06;70.0000000
11635.0002288818;70.0000000;70.0000137;-1.52642E-06;2.680555E-06;70.0000000
11636.0006332397;70.0000000;70.0000137;-1.52642E-06;4.713429E-06;70.0000000
11637.0000839233;70.0000000;70.0000137;-1.52642E-06;1.837033E-06;70.0000000
11638.0004882813;70.0000000;69.9999542;5.102923E-06;-5.217292E-05;70.0000000
11639.0008926392;70.0000000;69.9999542;5.102923E-06;-2.03341E-05;70.0000000
11640.0003433228;70.0000000;70.0000137;-1.52642E-06;2.509318E-05;70.0000000
11641.0007476807;70.0000000;70.0000137;-1.52642E-06;9.779924E-06;70.0000000
11642.0001983643;70.0000000;69.9999542;5.102923E-06;-3.333388E-05;70.0000000
11643.0006027222;70.0000000;69.9999542;5.102923E-06;-1.299169E-05;70.0000000
11644.0010070801;70.0000000;70.0000137;-1.52642E-06;2.102507E-05;70.0000000
11645.0004577637;70.0000000;70.0001330;-1.481853E-05;8.271597E-05;70.0000000
11646.0008621216;70.0000000;70.0000734;-8.178047E-06;-8.356869E-07;70.0000000
11647.0003128052;70.0000000;70.0000138;-1.537562E-06;-3.753369E-05;70.0000000
11648.0007171631;70.0000000;70.0000138;-1.537562E-06;-1.462854E-05;70.0000000
11649.0001678467;70.0000000;69.9999542;5.102923E-06;-3.183375E-05;70.0000000
11650.0005722046;70.0000000;69.9999542;5.102923E-06;-1.240702E-05;70.0000000
11651.0009765625;70.0000000;70.0000137;-1.52642E-06;2.818271E-05;70.0000000
11652.0004272461;70.0000000;70.0000733;-8.166905E-06;5.284304E-05;70.0000000
11653.000831604;70.0000000;70.0000733;-8.166905E-06;2.059527E-05;70.0000000
11654.0002822876;70.0000000;69.9999542;5.102923E-06;-9.196323E-05;70.0000000
11655.0006866455;70.0000000;69.9999542;5.102923E-06;-3.584215E-05;70.0000000
11656.0001373291;70.0000000;69.9999541;5.114065E-06;-4.164916E-06;70.0000000
11657.000541687;70.0000000;70.0000137;-1.52642E-06;3.609371E-05;70.0000000
11658.0009460449;70.0000000;70.0000137;-1.52642E-06;1.406732E-05;70.0000000
11659.0003967285;70.0000000;70.0000137;-1.52642E-06;5.482658E-06;70.0000000
11660.0008010864;70.0000000;70.0000137;-1.52642E-06;2.136835E-06;70.0000000
11661.00025177;70.0000000;70.0000137;-1.52642E-06;8.328194E-07;70.0000000
11662.0006561279;70.0000000;70.0000137;-1.52642E-06;3.245866E-07;70.0000000
11663.0001068115;70.0000000;70.0000137;-1.52642E-06;1.122665E-05;70.0000000
11664.0005111694;70.0000000;69.9999542;5.102923E-06;-2.171299E-05;70.0000000
11665.0009155273;70.0000000;70.0000137;-1.52642E-06;1.472727E-05;70.0000000
11666.0003662109;70.0000000;70.0000137;-1.52642E-06;5.739872E-06;70.0000000
11667.0007705688;70.0000000;70.0000137;-1.52642E-06;2.237083E-06;70.0000000
11668.0002212524;70.0000000;70.0000137;-1.52642E-06;8.718903E-07;70.0000000
11669.0006256104;70.0000000;70.0000137;-1.52642E-06;3.398144E-07;70.0000000
11670.0010299683;70.0000000;69.9999542;5.102923E-06;-5.275645E-05;70.0000000
11671.0004806519;70.0000000;70.0000137;-1.52642E-06;5.526985E-06;70.0000000
11672.0008850098;70.0000000;70.0000137;-1.52642E-06;2.154111E-06;70.0000000
11673.0003356934;70.0000000;70.0000137;-1.52642E-06;8.395527E-07;70.0000000
11674.0007400513;70.0000000;69.9999542;5.102923E-06;-2.286258E-05;70.0000000
11675.0001907349;70.0000000;69.9999542;5.102923E-06;-8.910561E-06;70.0000000
11676.0005950928;70.0000000;70.0000137;-1.52642E-06;3.367272E-05;70.0000000
11677.0009994507;70.0000000;70.0000137;-1.52642E-06;1.312375E-05;70.0000000
11678.0004501343;70.0000000;70.0000137;-1.52642E-06;5.114908E-06;70.0000000
11679.0008544922;70.0000000;69.9999542;5.102923E-06;-3.286548E-05;70.0000000
11680.0003051758;70.0000000;69.9999542;5.102923E-06;-1.280914E-05;70.0000000
11681.0007095337;70.0000000;70.0000137;-1.52642E-06;2.109622E-05;70.0000000
11682.0001602173;70.0000000;70.0000137;-1.52642E-06;8.222133E-06;70.0000000
11683.0005645752;70.0000000;70.0000137;-1.52642E-06;1.894786E-05;70.0000000
11684.0009689331;70.0000000;69.9999542;5.102923E-06;-4.183537E-05;70.0000000
11685.0004196167;70.0000000;70.0000137;-1.52642E-06;9.783415E-06;70.0000000
11686.0008239746;70.0000000;70.0000137;-1.52642E-06;3.813031E-06;70.0000000
11687.0002746582;70.0000000;70.0000733;-8.166905E-06;3.455987E-05;70.0000000
11688.0006790161;70.0000000;70.0000733;-8.166905E-06;1.346952E-05;70.0000000
11689.0001296997;70.0000000;69.9999542;5.102923E-06;-6.962759E-05;70.0000000
11690.0005340576;70.0000000;69.9999542;5.102923E-06;-2.713696E-05;70.0000000
11691.0009384155;70.0000000;69.9999542;5.102923E-06;-1.057648E-05;70.0000000
11692.0003890991;70.0000000;69.9999542;5.102923E-06;-4.122122E-06;70.0000000
11693.000793457;70.0000000;69.9999542;5.102923E-06;-1.606574E-06;70.0000000
11694.0002441406;70.0000000;70.0000137;-1.52642E-06;2.872342E-05;70.0000000
11695.0006484985;70.0000000;69.9999542;5.102923E-06;-3.581755E-05;70.0000000
11696.0000991821;70.0000000;69.9999542;5.102923E-06;-1.395969E-05;70.0000000
11697.00050354;70.0000000;69.9999542;5.102923E-06;-1.131725E-05;70.0000000
11698.0009078979;70.0000000;70.0000137;-1.52642E-06;2.167768E-05;70.0000000
11699.0003585815;70.0000000;70.0000137;-1.52642E-06;8.448751E-06;70.0000000
11700.0007629395;70.0000000;69.9999542;5.102923E-06;-3.959221E-05;70.0000000
11701.000213623;70.0000000;69.9999542;5.102923E-06;-1.543084E-05;70.0000000
11702.000617981;70.0000000;70.0000137;-1.52642E-06;4.099827E-05;70.0000000
11703.0010223389;70.0000000;70.0000137;-1.52642E-06;1.597884E-05;70.0000000
11704.0004730225;70.0000000;70.0000137;-1.52642E-06;6.227664E-06;70.0000000
11705.0008773804;70.0000000;70.0000137;-1.52642E-06;2.427196E-06;70.0000000
11706.000328064;70.0000000;70.0000137;-1.52642E-06;9.459861E-07;70.0000000
11707.0007324219;70.0000000;69.9999542;5.102923E-06;-3.677687E-05;70.0000000
11708.0001831055;70.0000000;69.9999542;5.102923E-06;-1.433357E-05;70.0000000
11709.0005874634;70.0000000;69.9999542;5.102923E-06;-5.58643E-06;70.0000000
11710.0009918213;70.0000000;69.9999542;5.102923E-06;-2.177279E-06;70.0000000
11711.0004425049;70.0000000;70.0000137;-1.52642E-06;3.629697E-05;70.0000000
11712.0008468628;70.0000000;70.0000137;-1.52642E-06;1.414654E-05;70.0000000
11713.0002975464;70.0000000;69.9999542;5.102923E-06;-4.737536E-05;70.0000000
11714.0007019043;70.0000000;70.0000137;-1.52642E-06;3.029733E-05;70.0000000
11715.0001525879;70.0000000;70.0000137;-1.52642E-06;2.16367E-05;70.0000000
11716.0005569458;70.0000000;70.0000137;-1.52642E-06;8.43278E-06;70.0000000
11717.0009613037;70.0000000;70.0000137;-1.52642E-06;3.286628E-06;70.0000000
11718.0004119873;70.0000000;70.0000733;-8.166905E-06;2.450971E-05;70.0000000
11719.0008163452;70.0000000;70.0000733;-8.166905E-06;9.552521E-06;70.0000000
11720.0002670288;70.0000000;69.9999542;5.102923E-06;-4.886565E-05;70.0000000
11721.0006713867;70.0000000;69.9999542;5.102923E-06;-1.904511E-05;70.0000000
11722.0001220703;70.0000000;69.9999542;5.102923E-06;-7.422724E-06;70.0000000
11723.0005264282;70.0000000;69.9999542;5.102923E-06;-2.892965E-06;70.0000000
11724.0009307861;70.0000000;69.9999542;5.102923E-06;-1.127517E-06;70.0000000
11725.0003814697;70.0000000;69.9999542;5.102923E-06;-4.394432E-07;70.0000000
11726.0007858276;70.0000000;69.9999542;5.102923E-06;-1.712705E-07;70.0000000
11727.0002365112;70.0000000;69.9999542;5.102923E-06;-6.675172E-08;70.0000000
11728.0006408691;70.0000000;69.9999542;5.102923E-06;-2.601611E-08;70.0000000
11729.0000915527;70.0000000;69.9999542;5.102923E-06;-1.013963E-08;70.0000000
11730.0004959106;70.0000000;69.9999542;5.102923E-06;-3.951864E-09;70.0000000
11731.0009002686;70.0000000;69.9999542;5.102923E-06;-1.203309E-05;70.0000000
11732.0003509521;70.0000000;69.9999542;5.102923E-06;-7.588551E-06;70.0000000
11733.0007553101;70.0000000;70.0000137;-1.52642E-06;3.190139E-05;70.0000000
11734.0002059937;70.0000000;70.0000137;-1.52642E-06;1.243339E-05;70.0000000
11735.0006103516;70.0000000;70.0000137;-1.52642E-06;4.845842E-06;70.0000000
11736.0010147095;70.0000000;70.0000137;-1.52642E-06;1.88864E-06;70.0000000
11737.0004653931;70.0000000;70.0000137;-1.52642E-06;7.360866E-07;70.0000000
11738.000869751;70.0000000;70.0000137;-1.52642E-06;2.868856E-07;69.9990000
11739.0003204346;69.9999904;70.0000137;6.673991E-05;4.239097E-06;69.9990000
11740.0007247925;70.0000630;70.0000137;-0.0004186608;1.652164E-06;69.9990000
11741.0001754761;69.9990825;69.9994774;-0.0007786992;-0.0003660243;69.9990000
11742.000579834;69.9989891;69.9987025;0.0001214506;-0.0005926299;69.9990000
11743.0009841919;69.9990000;69.9984045;6.634914E-05;-0.0003977084;69.9990000
11744.0004348755;69.9990000;69.9986428;3.979835E-05;2.99555E-05;69.9990000
11745.0008392334;69.9990000;69.9990601;-6.696194E-06;0.0002874039;69.9990000
11746.000289917;69.9990000;69.9995369;-5.982007E-05;0.0003934227;69.9990000
11747.0006942749;69.9990000;69.9998945;-9.966299E-05;0.0003484124;69.9990000
11748.0001449585;69.9990000;69.9999541;-0.0001063035;0.0001619241;69.9990000
11749.0005493164;69.9990000;69.9997158;-7.975267E-05;-9.73579E-05;69.9980000
11750.0009536743;69.9989904;69.9994774;1.507559E-05;-0.0001795227;69.9980000
11751.0004043579;69.9990630;69.9992986;-0.0004504036;-0.000169687;69.9980000
11752.0008087158;69.9980825;69.9987025;-0.0008037793;-0.0004520202;69.9980000
11753.0002593994;69.9979891;69.9979277;9.635937E-05;-0.0006169553;69.9980000
11754.0006637573;69.9980000;69.9976893;3.461743E-05;-0.0003680153;69.9970000
11755.0001144409;69.9979904;69.9979276;7.633295E-05;2.908126E-05;69.9970000
11756.0005187988;69.9980630;69.9984640;-0.0004688321;0.0003441632;69.9970000
11757.0009231567;69.9970825;69.9983449;-0.000875354;2.631986E-05;69.9970000
11758.0003738403;69.9969891;69.9977489;4.863294E-06;-0.0003370144;69.9970000
11759.0007781982;69.9970000;69.9975701;-6.351913E-05;-0.0002199545;69.9960000
11760.0002288818;69.9969904;69.9975701;4.747191E-06;-8.572601E-05;69.9960000
11761.0006332397;69.9970630;69.9977488;-0.0005005638;7.977217E-05;69.9960000
11762.0000839233;69.9960825;69.9973316;-0.0008738721;-0.000261299;69.9960000
11763.0004882813;69.9959891;69.9964972;3.290708E-05;-0.0005948244;69.9950000
11764.0008926392;69.9959904;69.9962587;3.944261E-05;-0.0003623637;69.9950000
11765.0003433228;69.9960630;69.9963183;-0.0004525985;-9.937021E-05;69.9950000
11766.0007476807;69.9950825;69.9961395;-0.0008524688;-0.0001760061;69.9940000
11767.0001983643;69.9949795;69.9956031;8.937426E-05;-0.000353468;69.9930000
11768.0006027222;69.9950534;69.9955435;-0.0004094234;-0.0001609909;69.9930000
11769.0010070801;69.9941455;69.9951263;-0.001268132;-0.0003673525;69.9930000
11770.0004577637;69.9930716;69.9941130;-0.0007612125;-0.0007630571;69.9930000
11771.0008621216;69.9929891;69.9932189;6.391458E-05;-0.00082245;69.9920000
11772.0003128052;69.9929904;69.9930997;5.715799E-05;-0.0003918031;69.9920000
11773.0007171631;69.9930630;69.9933976;-0.000461434;3.35937E-05;69.9910000
11774.0001678467;69.9920729;69.9933381;-0.0008063299;-5.778198E-05;69.9910000
11775.0005722046;69.9920521;69.9929209;-0.000431435;-0.0002605123;69.9900000
11776.0009765625;69.9910729;69.9923248;-0.0008048481;-0.0005014463;69.9890000
11777.0004272461;69.9910425;69.9917288;-0.0003417653;-0.0005344931;69.9890000
11778.000831604;69.9901455;69.9911327;-0.001268846;-0.0005915913;69.9890000
11779.0002822876;69.9890716;69.9900003;-0.0007486558;-0.0009246883;69.9880000
11780.0006866455;69.9889795;69.9891658;0.0001380972;-0.0008331466;69.9880000
11781.0001373291;69.9890630;69.9890466;-0.0004223264;-0.0003810167;69.9870000
11782.000541687;69.9880729;69.9889274;-0.0007605708;-0.0002374495;69.9870000
11783.0009460449;69.9880521;69.9886294;-0.0003989568;-0.0002668334;69.9860000
11784.0003967285;69.9870729;69.9882717;-0.0007989318;-0.0003497891;69.9850000
11785.0008010864;69.9870425;69.9877949;-0.00034913;-0.0003956266;69.9850000
11786.00025177;69.9861455;69.9872584;-0.001282851;-0.0004956099;69.9840000
11787.0006561279;69.9850620;69.9861856;-0.0007010351;-0.0008430923;69.9830000
11788.0001068115;69.9850425;69.9854107;-0.0003063234;-0.0007620627;69.9830000
11789.0005111694;69.9841455;69.9848147;-0.001233415;-0.0006968387;69.9810000
11790.0009155273;69.9830524;69.9839206;-0.0006032432;-0.0008285916;69.9810000
11791.0003662109;69.9831151;69.9832649;-0.0007754793;-0.0006898355;69.9800000
11792.0007705688;69.9811554;69.9821324;-0.00150892;-0.001020491;69.9800000
11793.0002212524;69.9810412;69.9810596;-0.0002471672;-0.00099859;69.9780000
11794.0006256104;69.9800633;69.9803443;-0.000627337;-0.0008202723;69.9780000
11795.0010299683;69.9801151;69.9801059;-0.000758789;-0.0004524893;69.9770000
11796.0004806519;69.9781554;69.9792714;-0.001524407;-0.0007424751;69.9760000
11797.0008850098;69.9780316;69.9781389;-0.0001877364;-0.0009538291;69.9750000
11798.0003356934;69.9771359;69.9775429;-0.001134865;-0.0007715786;69.9740000
11799.0007400513;69.9761250;69.9767680;-0.001071641;-0.0008031971;69.9730000
11800.0001907349;69.9751250;69.9758740;-0.001083452;-0.000868849;69.9730000
11801.0005950928;69.9741346;69.9748607;-0.001150236;-0.0009657381;69.9710000
11802.0009994507;69.9730524;69.9737878;-0.000588447;-0.00102172;69.9710000
11803.0004501343;69.9731151;69.9731321;-0.000760683;-0.0007903768;69.9690000
11804.0008544922;69.9711458;69.9721189;-0.001439149;-0.0009832437;69.9680000
11805.0003051758;69.9710946;69.9709268;-0.000581239;-0.00105991;69.9660000
11806.0007095337;69.9692088;69.9697943;-0.001820118;-0.00113236;69.9660000
11807.0001602173;69.9681867;69.9683638;-0.001423703;-0.001284541;69.9650000
11808.0005645752;69.9661445;69.9666948;-0.00137186;-0.001535129;69.9640000
11809.0009689331;69.9660316;69.9655028;-0.0001168637;-0.001288406;69.9620000
11810.0004196167;69.9651263;69.9650855;-0.001015637;-0.0007551404;69.9620000
11811.0008239746;69.9641976;69.9645491;-0.001532653;-0.0006205621;69.9590000
11812.0002746582;69.9621252;69.9632378;-0.001295838;-0.001079476;69.9590000
11813.0006790161;69.9621673;69.9621053;-0.001086516;-0.001093923;69.9580000
11814.0001296997;69.9592379;69.9603171;-0.002255007;-0.001597144;69.9550000
11815.0005340576;69.9590015;69.9585886;9.841307E-05;-0.001617479;69.9540000
11816.0009384155;69.9582619;69.9580522;-0.001914461;-0.0009606554;69.9540000
11817.0003890991;69.9552996;69.9562640;-0.002646188;-0.001546348;69.9520000
11818.000793457;69.9540306;69.9539991;-0.0003239644;-0.001931942;69.9510000
11819.0002441406;69.9541055;69.9531050;-0.0005779798;-0.001231663;69.9500000
11820.0006484985;69.9522184;69.9525089;-0.001856585;-0.0008934566;69.9480000
11821.0000991821;69.9511045;69.9515553;-0.0008913728;-0.0009249271;69.9470000
11822.00050354;69.9501880;69.9507208;-0.001483517;-0.0008753451;69.9450000
11823.0009078979;69.9481979;69.9493499;-0.001793717;-0.001226535;69.9440000
11824.0003585815;69.9471771;69.9478002;-0.00140406;-0.00141368;69.9400000
11825.0007629395;69.9451786;69.9460120;-0.001619548;-0.001662722;69.9400000
11826.000213623;69.9443128;69.9443431;-0.002255655;-0.001673713;69.9370000
11827.000617981;69.9402902;69.9413033;-0.002754153;-0.002611816;69.9370000
11828.0010223389;69.9401455;69.9387999;-0.0007644646;-0.002435499;69.9350000
11829.0004730225;69.9372282;69.9367137;-0.002008105;-0.002241706;69.9340000
11830.0008773804;69.9370837;69.9355812;-0.0003430119;-0.001495796;69.9320000
11831.000328064;69.9352088;69.9350448;-0.00173661;-0.0009247143;69.9300000
11832.0007324219;69.9341675;69.9343295;-0.001283349;-0.0008018025;69.9280000
11833.0001831055;69.9322609;69.9332566;-0.002200457;-0.0009971726;69.9270000
11834.0005874634;69.9302596;69.9314685;-0.002204029;-0.001500327;69.9250000
11835.0009918213;69.9281870;69.9292035;-0.001689102;-0.001976963;69.9230000
11836.0004425049;69.9271675;69.9273558;-0.001286279;-0.001876278;69.9210000
11837.0008468628;69.9252609;69.9257465;-0.002143622;-0.001737371;69.9170000
11838.0002975464;69.9232308;69.9237199;-0.001915822;-0.001931305;69.9170000
11839.0007019043;69.9213953;69.9216337;-0.003013541;-0.002049513;69.9130000
11840.0001525879;69.9172697;69.9182959;-0.002596759;-0.002912848;69.9130000
11841.0005569458;69.9172085;69.9159713;-0.001200696;-0.002457479;69.9090000
11842.0009613037;69.9132915;69.9135871;-0.002694393;-0.002489222;69.9090000
11843.0004119873;69.9132085;69.9118586;-0.001188139;-0.001941496;69.9070000
11844.0008163452;69.9093107;69.9097128;-0.002844931;-0.002148976;69.9040000
11845.0002670288;69.9090536;69.9079247;-0.0001564472;-0.001805222;69.9000000
11846.0006713867;69.9073156;69.9073286;-0.002465966;-0.001064915;69.9000000
11847.0001220703;69.9044778;69.9055405;-0.003840083;-0.001581434;69.8980000
11848.0005264282;69.9002780;69.9018450;-0.002706167;-0.002946048;69.8950000
11849.0009307861;69.9000536;69.8992224;-0.0001896162;-0.002635273;69.8930000
11850.0003814697;69.8983348;69.8982091;-0.002589185;-0.001628044;69.8910000
11851.0007858276;69.8953325;69.8961826;-0.002829416;-0.001919484;69.8860000
11852.0002365112;69.8932103;69.8938580;-0.001774639;-0.002156659;69.8860000
11853.0006408691;69.8914583;69.8918314;-0.003452702;-0.002087901;69.8830000
11854.0000915527;69.8863618;69.8880763;-0.003477484;-0.003197087;69.8810000
11855.0004959106;69.8861154;69.8850961;-0.0005726301;-0.002900975;69.8780000
11856.0009002686;69.8833447;69.8834272;-0.002853593;-0.002158217;69.8760000
11857.0003509521;69.8813021;69.8814006;-0.00234561;-0.002065578;69.8730000
11858.0007553101;69.8783229;69.8791356;-0.002755913;-0.002226434;69.8700000
11859.0002059937;69.8762925;69.8768110;-0.002323069;-0.0022326;69.8680000
11860.0006103516;69.8733955;69.8744269;-0.00327377;-0.002332028;69.8620000
11861.0010147095;69.8702831;69.8715062;-0.002504113;-0.002688839;69.8620000
11862.0004653931;69.8685104;69.8688836;-0.003787349;-0.002649474;69.8560000
11863.000869751;69.8624155;69.8641749;-0.004009179;-0.004026946;69.8560000
11864.0003204346;69.8623127;69.8605986;-0.001816832;-0.00359454;69.8540000
11865.0007247925;69.8564757;69.8569627;-0.004323791;-0.003747188;69.8510000
11866.0001754761;69.8560318;69.8539825;0.0001251377;-0.003109485;69.8480000
11867.000579834;69.8543252;69.8531480;-0.002402693;-0.001718666;69.8420000
11868.0009841919;69.8513571;69.8517771;-0.002928306;-0.001558889;69.8420000
11869.0004348755;69.8485929;69.8493929;-0.004569603;-0.002133158;69.8390000
11870.0008392334;69.8424334;69.8443265;-0.004142565;-0.004030985;69.8360000
11871.000289917;69.8420948;69.8403330;-0.0003310483;-0.003825849;69.8320000
11872.0006942749;69.8393981;69.8384853;-0.003097517;-0.00264117;69.8290000
11873.0001449585;69.8364380;69.8361011;-0.003386617;-0.002512846;69.8260000
11874.0005493164;69.8324575;69.8326440;-0.00375548;-0.003129914;69.8230000
11875.0009536743;69.8293641;69.8287697;-0.002844255;-0.003544187;69.8190000
11876.0004043579;69.8263654;69.8255510;-0.002839925;-0.003307938;69.8160000
11877.0008087158;69.8234380;69.8228688;-0.003360735;-0.002900725;69.8130000
11878.0002593994;69.8194575;69.8195906;-0.00374953;-0.003162745;69.8090000
11879.0006637573;69.8163545;69.8159547;-0.002796601;-0.003431708;69.8060000
11880.0001144409;69.8134380;69.8129149;-0.003365871;-0.003184072;69.8020000
11881.0005187988;69.8094479;69.8095770;-0.003679748;-0.003323412;69.7990000
11882.0009231567;69.8064271;69.8062391;-0.003313689;-0.00333663;69.7950000
11883.0003738403;69.8024479;69.8026629;-0.003689319;-0.003508668;69.7920000
11884.0007781982;69.7994271;69.7990270;-0.003290057;-0.003573383;69.7880000
11885.0002288818;69.7954479;69.7953911;-0.003659036;-0.003633553;69.7810000
11886.0006332397;69.7923887;69.7919340;-0.00300663;-0.003498789;69.7810000
11887.0010375977;69.7887384;69.7886558;-0.00563012;-0.003418948;69.7770000
11888.0004882813;69.7814954;69.7826357;-0.004634536;-0.005131105;69.7690000
11889.0008926392;69.7810989;69.7784634;-0.000221658;-0.004303052;69.7690000
11890.0003433228;69.7778341;69.7763772;-0.006169707;-0.003027085;69.7610000
11891.0007476807;69.7695394;69.7705360;-0.005075883;-0.004895844;69.7610000
11892.0001983643;69.7694170;69.7663040;-0.002330241;-0.004265837;69.7570000
11893.0006027222;69.7616215;69.7617741;-0.005617262;-0.004592632;69.7490000
11894.0010070801;69.7610880;69.7581978;-0.0001037623;-0.003736592;69.7490000
11895.0004577637;69.7578341;69.7568269;-0.006219811;-0.00240568;69.7450000
11896.0008621216;69.7495779;69.7512837;-0.005432243;-0.004491326;69.7410000
11897.0003128052;69.7491265;69.7469325;-0.0004586752;-0.004160758;69.7370000
11898.0007171631;69.7455436;69.7450848;-0.004306955;-0.002770192;69.7330000
11899.0001678467;69.7415000;69.7422238;-0.004080644;-0.002859588;69.7280000
11900.0005722046;69.7374904;69.7386475;-0.004059585;-0.003329368;69.7240000
11901.0009765625;69.7335630;69.7347136;-0.00455235;-0.003712729;69.7150000
11902.0004272461;69.7285344;69.7299452;-0.004545208;-0.0043956;69.7150000
11903.000831604;69.7248427;69.7251172;-0.006339177;-0.00468721;69.7060000
11904.0002822876;69.7156123;69.7175474;-0.005845812;-0.006589929;69.7060000
11905.0006866455;69.7154691;69.7122426;-0.00265223;-0.005542463;69.6970000
11906.0001373291;69.7066559;69.7069974;-0.00602633;-0.005522346;69.6970000
11907.000541687;69.7064691;69.7030635;-0.002632275;-0.004334424;69.6930000
11908.0009460449;69.6977039;69.6982951;-0.006400831;-0.004817619;69.6880000
11909.0003967285;69.6971060;69.6944208;-0.0002450929;-0.003989067;69.6780000
11910.0008010864;69.6935489;69.6931691;-0.004323894;-0.002341429;69.6780000
11911.00025177;69.6889991;69.6903081;-0.007702811;-0.002795968;69.6690000
11912.0006561279;69.6786839;69.6822019;-0.006667358;-0.006239157;69.6690000
11913.0001068115;69.6784582;69.6759434;-0.002642007;-0.005985343;69.6640000
11914.0005111694;69.6696943;69.6701617;-0.006317701;-0.006018299;69.6540000
11915.0009155273;69.6691209;69.6659894;-0.0002728402;-0.004621829;69.6540000
11916.0003662109;69.6650426;69.6640225;-0.007801381;-0.003119016;69.6440000
11917.0007705688;69.6546743;69.6565719;-0.00641748;-0.005989945;69.6440000
11918.0002212524;69.6545212;69.6511479;-0.002970508;-0.005386012;69.6390000
11919.0006256104;69.6447768;69.6452470;-0.007052714;-0.005917088;69.6340000
11920.0010299683;69.6441581;69.6407170;-0.0004955075;-0.004775318;69.6280000
11921.0004806519;69.6396699;69.6387501;-0.005275773;-0.003135362;69.6230000
11922.0008850098;69.6346880;69.6348162;-0.005438437;-0.003690821;69.6180000
11923.0003356934;69.6287075;69.6293326;-0.005804347;-0.004870609;69.6070000
11924.0007400513;69.6235564;69.6235509;-0.004494466;-0.005404375;69.6070000
11925.0001907349;69.6190512;69.6184249;-0.00782182;-0.00527616;69.6020000
11926.0005950928;69.6078048;69.6094246;-0.007467908;-0.007764379;69.5960000
11927.0009994507;69.6071376;69.6028681;-0.0002443552;-0.006653205;69.5900000
11928.0004501343;69.6027329;69.6004243;-0.005545191;-0.004093957;69.5850000
11929.0008544922;69.5967705;69.5964904;-0.006127646;-0.004074318;69.5790000
11930.0003051758;69.5906870;69.5913048;-0.00564468;-0.004789568;69.5730000
11931.0007095337;69.5856675;69.5862384;-0.005328908;-0.004927062;69.5680000
11932.0001602173;69.5797705;69.5811124;-0.006308365;-0.005076393;69.5620000
11933.0005645752;69.5736870;69.5751519;-0.005739062;-0.005614313;69.5560000
11934.0009689331;69.5686675;69.5694895;-0.005356885;-0.005610179;69.5500000
11935.0004196167;69.5627609;69.5637674;-0.00620166;-0.005701422;69.5440000
11936.0008239746;69.5567500;69.5578666;-0.006124408;-0.005836009;69.5380000
11937.0002746582;69.5507500;69.5517869;-0.006115528;-0.005979627;69.5320000
11938.0006790161;69.5447500;69.5458861;-0.006126581;-0.00594525;69.5200000
11939.0001296997;69.5386923;69.5399852;-0.005728036;-0.0059333;69.5200000
11940.0005340576;69.5331858;69.5342035;-0.009074327;-0.005921076;69.5140000
11941.0009384155;69.5208668;69.5240111;-0.00821361;-0.008730806;69.5010000
11942.0003890991;69.5201224;69.5168586;-0.0002056915;-0.007338201;69.5010000
11943.000793457;69.5153142;69.5142956;-0.009808709;-0.004556352;69.4950000
11944.0002441406;69.5019493;69.5049973;-0.008937581;-0.007779775;69.4890000
11945.0006484985;69.5011788;69.4977255;-0.0005804097;-0.00708506;69.4760000
11946.0000991821;69.4957481;69.4948645;-0.005953308;-0.004534871;69.4760000
11947.00050354;69.4902488;69.4908114;-0.009447774;-0.004362639;69.4690000
11948.0009078979;69.4769397;69.4807978;-0.008958506;-0.008068008;69.4620000
11949.0003585815;69.4762322;69.4731684;-0.0009786264;-0.007346413;69.4560000
11950.0007629395;69.4699609;69.4693537;-0.00762831;-0.005262722;69.4420000
11951.000213623;69.4627447;69.4636316;-0.00618931;-0.005620221;69.4420000
11952.000617981;69.4573009;69.4573732;-0.009727782;-0.006089496;69.4360000
11953.0010223389;69.4430318;69.4456906;-0.009628918;-0.009772207;69.4290000
11954.0004730225;69.4421583;69.4375248;-0.0002900623;-0.0082793;69.4220000
11955.0008773804;69.4368688;69.4347830;-0.006659532;-0.004923961;69.4080000
11956.000328064;69.4298186;69.4306107;-0.006692421;-0.004551808;69.4080000
11957.0007324219;69.4233834;69.4245310;-0.01058229;-0.005604405;69.3940000
11958.0001831055;69.4089440;69.4125505;-0.009090303;-0.00972739;69.3940000
11959.0005874634;69.4087297;69.4043250;-0.004194134;-0.008402115;69.3870000
11960.0009918213;69.3950876;69.3964572;-0.009953051;-0.008381168;69.3790000
11961.0004425049;69.3942117;69.3904371;-0.0007405757;-0.006538179;69.3720000
11962.0008468628;69.3880143;69.3876953;-0.008015239;-0.004327422;69.3650000
11963.0002975464;69.3799575;69.3814964;-0.00790616;-0.005613159;69.3570000
11964.0007019043;69.3728545;69.3741055;-0.006980529;-0.006695364;69.3500000
11965.0001525879;69.3659380;69.3670721;-0.007550511;-0.006900806;69.3420000
11966.0005569458;69.3579479;69.3597407;-0.007865114;-0.007196834;69.3270000
11967.0009613037;69.3508502;69.3522306;-0.006933748;-0.007365905;69.3270000
11968.0004119873;69.3435289;69.3444224;-0.01171283;-0.007769424;69.3200000
11969.0008163452;69.3280829;69.3310113;-0.01014528;-0.01147375;69.3120000
11970.0002670288;69.3272008;69.3220706;-0.0005000193;-0.009355684;69.3040000
11971.0006713867;69.3210047;69.3192096;-0.007781439;-0.005404473;69.2960000
11972.0001220703;69.3130109;69.3142028;-0.008222316;-0.005282487;69.2890000
11973.0005264282;69.3050096;69.3068714;-0.008276773;-0.006622272;69.2810000
11974.0009307861;69.2969370;69.2985268;-0.007752978;-0.0076635;69.2650000
11975.0003814697;69.2898406;69.2907782;-0.006815076;-0.007637187;69.2650000
11976.0007858276;69.2825919;69.2836256;-0.01215261;-0.007460221;69.2570000
11977.0002365112;69.2661558;69.2699762;-0.01091003;-0.01153407;69.2480000
11978.0006408691;69.2652433;69.2600222;-0.000755191;-0.01001089;69.2400000
11979.0010452271;69.2581502;69.2556710;-0.008864071;-0.006638084;69.2320000
11980.0004959106;69.2490825;69.2488761;-0.008711704;-0.006859122;69.2240000
11981.0009002686;69.2409891;69.2410679;-0.00791926;-0.007444647;69.2150000
11982.0003509521;69.2329904;69.2335577;-0.00799387;-0.007479527;69.2070000
11983.0007553101;69.2250630;69.2262263;-0.008553765;-0.007414153;69.1980000
11984.0002059937;69.2160729;69.2179413;-0.008873537;-0.007992399;69.1810000
11985.0006103516;69.2079656;69.2091794;-0.00784585;-0.008421288;69.1810000
11986.0010147095;69.1997266;69.2002387;-0.01316383;-0.008863737;69.1730000
11987.0004653931;69.1822274;69.1852780;-0.01146945;-0.0128652;69.1640000
11988.000869751;69.1812324;69.1750260;-0.0005558933;-0.0106846;69.1550000
11989.0003204346;69.1741406;69.1713901;-0.008764509;-0.006423487;69.1460000
11990.0007247925;69.1651359;69.1651316;-0.009089518;-0.006421058;69.1380000
11991.0001754761;69.1561346;69.1566677;-0.009128733;-0.007727313;69.1290000
11992.000579834;69.1470620;69.1474886;-0.008623377;-0.008614784;69.1110000
11993.0009841919;69.1389560;69.1391440;-0.007662222;-0.008366583;69.1110000
11994.0004348755;69.1307896;69.1310377;-0.01355857;-0.008323591;69.0920000
11995.0008392334;69.1122041;69.1158385;-0.0115065;-0.01282915;69.0920000
11996.000289917;69.1120013;69.1051693;-0.005686386;-0.01098995;69.0740000
11997.0006942749;69.0933943;69.0938444;-0.01276141;-0.01155962;69.0740000
11998.0001449585;69.0929273;69.0854998;-0.005106366;-0.009101485;69.0650000
11999.0005493164;69.0753983;69.0763207;-0.01270336;-0.009539568;69.0550000