time [ms];Setpoint position [mm];Actual position value encoder channel 1 [mm];Setpoint value velocity controller [m/s];Actual velocity value encoder channel 1 [m/s];Setpoint value active current [Arms];Actual active current value [Arms];Position control error [mm]
0;59.9677500;59.9626512;-0.0524319;-0.05433889;-0.04183914;-0.02349362;0.0050988
1.062500057742;59.9081250;59.9037618;-0.05251386;-0.05296855;-0.1177598;-0.1458251;0.0043632
2.125000115484;59.8551032;59.8525018;-0.05273587;-0.05189402;-0.1820783;-0.1562926;0.0026014
3.187500173226;59.7956328;59.7949238;-0.05287933;-0.05143105;-0.3196904;-0.2606402;0.0007090
4.250000230968;59.7419297;59.7424121;-0.05413708;-0.05220297;-0.2409631;-0.2815301;-0.0004824
5.31250052154064;59.6818213;59.6818537;-0.05290725;-0.05326434;-0.128367;-0.1153544;-0.0000324
6.375000346452;59.6290039;59.6282096;-0.05301729;-0.05345738;-0.2306059;-0.2005665;0.0007943
7.43750017136335;59.5684160;59.5677108;-0.05374435;-0.05370557;-0.09036988;-0.1447657;0.0007052
8.500000461936;59.5153340;59.5140667;-0.05303588;-0.05364267;-0.2158294;-0.1599663;0.0012673
9.56250075250864;59.4546979;59.4539256;-0.05357932;-0.05350721;-0.0818578;-0.08469834;0.0007723
10.6250010430813;59.4016675;59.4006986;-0.05315734;-0.05327587;-0.2391236;-0.1861188;0.0009689
11.6875004023314;59.3410000;59.3413920;-0.05446034;-0.05292192;-0.2452148;-0.2601849;-0.0003920
12.750000692904;59.2870000;59.2884631;-0.05307968;-0.05294849;-0.1358381;-0.1141234;-0.0014631
13.8125009834766;59.2272746;59.2289180;-0.05403629;-0.05294171;-0.2999004;-0.3319863;-0.0016434
14.8750003427267;59.1732500;59.1747374;-0.05416572;-0.05377517;-0.213435;-0.1800293;-0.0014874
15.9375015646219;59.1125000;59.1121525;-0.05396128;-0.05503857;-0.1235851;-0.1429568;0.0003475
17.000000923872;59.0585000;59.0563030;-0.05375521;-0.05551711;-0.07198317;-0.1146859;0.0021970
18.0625002831221;58.9977500;58.9944334;-0.05363047;-0.05509579;-0.07506446;-0.06210338;0.0033166
19.1250015050173;58.9437500;58.9406700;-0.05365683;-0.05423165;-0.1198602;-0.1369906;0.0030800
20.1875008642673;58.8830000;58.8810653;-0.05378444;-0.05337683;-0.1772996;-0.1742236;0.0019347
21.2500020861626;58.8289766;58.8282556;-0.05391967;-0.053031;-0.1963967;-0.2212494;0.0007210
22.3125014454126;58.7683789;58.7687106;-0.05414275;-0.05296458;-0.3211553;-0.2731091;-0.0003317
23.3750008046627;58.7135498;58.7148280;-0.05513297;-0.05360024;-0.2094834;-0.2502932;-0.0012782
24.4375020265579;58.6524609;58.6533756;-0.05396649;-0.05429546;-0.1454792;-0.1275676;-0.0009147
25.500001385808;58.5986060;58.5987777;-0.05428215;-0.05447446;-0.2570896;-0.2654921;-0.0001717
26.5625007450581;58.5368229;58.5368485;-0.05466822;-0.05488579;-0.0770236;-0.1146947;-0.0000256
27.6250019669533;58.4828021;58.4821315;-0.05425991;-0.05474551;-0.2368194;-0.231972;0.0006706
28.6875013262033;58.4210000;58.4210367;-0.05392076;-0.05446649;-0.09221503;-0.1127886;-0.0000367
29.7500006854534;58.3670000;58.3673925;-0.0547104;-0.05398232;-0.2893296;-0.2446169;-0.0003925
30.8125019073486;58.3050757;58.3061785;-0.05548973;-0.054338;-0.2154798;-0.2979279;-0.0011028
31.8750031292439;58.2502652;58.2508058;-0.05390951;-0.05501251;-0.09819683;-0.04442392;-0.0005406
32.9375006258488;58.1892876;58.1889958;-0.05490239;-0.05491668;-0.2193822;-0.2452112;0.0002918
34.000001847744;58.1342500;58.1339807;-0.05496999;-0.05501353;-0.1782012;-0.1765756;0.0002693
35.0625030696392;58.0723750;58.0718131;-0.05493739;-0.05518316;-0.1650255;-0.127739;0.0005619
36.1250005662441;58.0173750;58.0157847;-0.05482281;-0.05572478;-0.1219851;-0.08401507;0.0015903
37.1875017881393;57.9555000;57.9526038;-0.05467731;-0.05596501;-0.08913027;-0.09106268;0.0028962
38.2500030100346;57.9005000;57.8967542;-0.05458265;-0.05584385;-0.08052564;-0.08514949;0.0037458
39.3125005066395;57.8386250;57.8357191;-0.05467623;-0.05469545;-0.1478042;-0.1783854;0.0029059
40.3750017285347;57.7836250;57.7821345;-0.05483393;-0.05398853;-0.2020207;-0.1660143;0.0014905
41.4375029504299;57.7217500;57.7215762;-0.05498063;-0.05396006;-0.2213497;-0.2391326;0.0001738
42.5000041723251;57.6667329;57.6665611;-0.05493138;-0.05460986;-0.172699;-0.1864369;0.0001718
43.5625016689301;57.6049380;57.6043339;-0.05535684;-0.0551071;-0.2714745;-0.3133115;0.0006041
44.6250028908253;57.5489575;57.5483055;-0.05566205;-0.0556487;-0.08910691;-0.06089564;0.0006520
45.6875041127205;57.4870000;57.4864359;-0.05452048;-0.05518823;-0.1441974;-0.1613774;0.0005641
46.7500016093254;57.4320000;57.4321360;-0.05618182;-0.05464284;-0.3047968;-0.2637145;-0.0001360
47.8125028312206;57.3691498;57.3698492;-0.05485787;-0.05516905;-0.1434716;-0.1632796;-0.0006994
48.8750040531158;57.3139752;57.3147149;-0.05630246;-0.05512613;-0.2599199;-0.2600146;-0.0007397
49.9375015497208;57.2512856;57.2523088;-0.05494473;-0.05537996;-0.1578372;-0.1262644;-0.0010232
51.000002771616;57.1960547;57.1971745;-0.05601018;-0.0552384;-0.2801413;-0.2826728;-0.0011198
52.0625039935112;57.1328808;57.1337552;-0.05627092;-0.05600888;-0.1342938;-0.1350397;-0.0008744
53.1250014901161;57.0774307;57.0765347;-0.05475531;-0.05671853;-0.08808303;-0.06446224;0.0008960
54.1875027120113;57.0150391;57.0129962;-0.05581405;-0.05655071;-0.1450956;-0.145877;0.0020429
55.2500039339066;56.9590000;56.9564910;-0.05572045;-0.05652911;-0.1148034;-0.1461409;0.0025090
56.3125014305115;56.8960000;56.8936081;-0.0557335;-0.05609911;-0.1361249;-0.1457587;0.0023919
57.3750026524067;56.8400000;56.8383546;-0.05581667;-0.05557601;-0.1717015;-0.1766451;0.0016454
58.4375038743019;56.7770000;56.7768426;-0.05598246;-0.05501907;-0.2203383;-0.236593;0.0001574
59.5000013709068;56.7210000;56.7215891;-0.05606563;-0.05519209;-0.2222224;-0.2320708;-0.0005891
60.562502592802;56.6580000;56.6588254;-0.05609196;-0.05563326;-0.2037231;-0.2428995;-0.0008254
61.6250038146973;56.6020000;56.6024990;-0.05605559;-0.05608298;-0.176714;-0.1887249;-0.0004990
62.6875013113022;56.5390000;56.5389008;-0.05607228;-0.0564303;-0.1499157;-0.1491364;0.0000992
63.7500062584877;56.4830000;56.4826936;-0.05554919;-0.05627539;-0.1483952;-0.09361283;0.0003064
64.8125037550926;56.4198598;56.4201088;-0.05717846;-0.05586327;-0.2760804;-0.2807253;-0.0002490
65.8750012516975;56.3629658;56.3636632;-0.05629384;-0.05626367;-0.122152;-0.09047883;-0.0006974
66.9375061988831;56.3000903;56.3002438;-0.05573325;-0.05630403;-0.199294;-0.2037693;-0.0001535
68.000003695488;56.2436973;56.2446327;-0.05732296;-0.0558591;-0.2530813;-0.3447616;-0.0009354
69.0625011920929;56.1800775;56.1818094;-0.05602239;-0.05586946;-0.2360791;-0.1837563;-0.0017319
70.1250061392784;56.1235475;56.1254234;-0.05737957;-0.0562515;-0.2222124;-0.3097813;-0.0018759
71.1875036358833;56.0600937;56.0601563;-0.05592364;-0.05746818;-0.1583087;-0.1548638;-0.0000626
72.2500011324883;56.0034063;56.0018034;-0.05690474;-0.05802912;-0.05786094;-0.1170881;0.0016029
73.3125060796738;55.9400752;55.9362979;-0.05558858;-0.05805491;-0.07775944;-0.04902413;0.0037773
74.3750035762787;55.8834287;55.8794946;-0.05665803;-0.05723579;-0.1450232;-0.1524316;0.0039341
75.4375010728836;55.8191440;55.8165521;-0.05644819;-0.05635358;-0.06868161;-0.1168869;0.0025919
76.5000060200691;55.7630669;55.7613582;-0.05593722;-0.05561792;-0.24285;-0.1950594;0.0017087
77.562503516674;55.6991359;55.6989522;-0.05706905;-0.05562462;-0.2469556;-0.3075859;0.0001837
78.625001013279;55.6421250;55.6425662;-0.05704916;-0.05610697;-0.226799;-0.2270322;-0.0004412
79.6875059604645;55.5780000;55.5784912;-0.05705472;-0.05667368;-0.1989664;-0.18614;-0.0004912
80.7500034570694;55.5210000;55.5213303;-0.0570368;-0.05696429;-0.1821673;-0.1606341;-0.0003303
81.8125009536743;55.4568750;55.4566593;-0.05697596;-0.05731484;-0.1566195;-0.1728127;0.0002157
82.8750059008598;55.3998750;55.3994388;-0.0569514;-0.05721409;-0.1583356;-0.1046119;0.0004362
83.9375033974648;55.3357500;55.3357215;-0.05699682;-0.05677613;-0.1861692;-0.1368232;0.0000285
85.0000083446503;55.2787500;55.2796931;-0.05710508;-0.05632407;-0.2233684;-0.2398686;-0.0009431
86.0625058412552;55.2146032;55.2163930;-0.05722513;-0.05631032;-0.2248039;-0.2243951;-0.0017898
87.1250033378601;55.1577442;55.1592321;-0.05699228;-0.05689747;-0.2626138;-0.2191896;-0.0014879
88.1875082850456;55.0929297;55.0937266;-0.05817212;-0.05789774;-0.1650789;-0.1885783;-0.0007969
89.2500057816505;55.0354375;55.0341220;-0.05681176;-0.05891671;-0.02519828;0.01245665;0.0013155
90.3125032782555;54.9715039;54.9684972;-0.05677079;-0.05842701;-0.1539173;-0.1500407;0.0030067
91.375008225441;54.9136530;54.9108596;-0.05765361;-0.05794149;-0.07053492;-0.1192727;0.0027934
92.4375057220459;54.8493340;54.8467250;-0.05688639;-0.05727731;-0.2161909;-0.1724925;0.0026090
93.5000032186508;54.7914160;54.7901602;-0.057683;-0.05688039;-0.1229778;-0.1089161;0.0012558
94.5625081658363;54.7271771;54.7262044;-0.05722625;-0.05685473;-0.2741112;-0.2456812;0.0009727
95.6250056624413;54.6691979;54.6690435;-0.05764816;-0.05704192;-0.1128423;-0.1850139;0.0001544
96.6875031590462;54.6050000;54.6057434;-0.05824949;-0.05648274;-0.3219517;-0.3016242;-0.0007434
97.7500081062317;54.5470000;54.5489402;-0.05713284;-0.05665926;-0.1573907;-0.2325696;-0.0019402
98.8125056028366;54.4827746;54.4849248;-0.05809276;-0.05687415;-0.3110737;-0.3095578;-0.0021502
99.8750030994415;54.4247500;54.4268102;-0.05822954;-0.05767113;-0.2277976;-0.2341882;-0.0020602
100.937508046627;54.3595171;54.3602915;-0.0580368;-0.05866822;-0.169544;-0.1712473;-0.0007744
102.000005543232;54.3014097;54.3014617;-0.05828964;-0.05872785;-0.1092353;-0.2058994;-0.0000520
103.062503039837;54.2366807;54.2361350;-0.05679434;-0.05818434;-0.1231119;-0.09881584;0.0005457
104.125007987022;54.1792917;54.1793318;-0.05800153;-0.05736484;-0.2457864;-0.2990966;-0.0000401
105.187505483627;54.1140000;54.1147203;-0.05808025;-0.0575131;-0.2186692;-0.2532602;-0.0007203
106.250002980232;54.0560000;54.0561290;-0.05801437;-0.05822969;-0.1741289;-0.1825668;-0.0001290
107.312507927418;53.9907500;53.9897890;-0.05789293;-0.05872417;-0.1331149;-0.1871695;0.0009610
108.375005424023;53.9327500;53.9311976;-0.05782703;-0.05862135;-0.1289667;-0.1438354;0.0015524
109.437502920628;53.8674829;53.8661689;-0.05780411;-0.05807791;-0.1434664;-0.1412475;0.0013140
110.500007867813;53.8096060;53.8088293;-0.05817648;-0.05761847;-0.29421;-0.2650578;0.0007767
111.562505364418;53.7433325;53.7432046;-0.05872045;-0.05818192;-0.1308396;-0.2037173;0.0001279
112.625002861023;53.6852391;53.6843152;-0.05780754;-0.05859168;-0.1319036;-0.09509965;0.0009239
113.687507808208;53.6200000;53.6185116;-0.05741749;-0.05850198;-0.1245813;-0.1269997;0.0014884
114.750005304813;53.5620000;53.5609932;-0.05897115;-0.05790158;-0.2849468;-0.25927;0.0010068
115.812502801418;53.4957158;53.4957261;-0.05821729;-0.05793983;-0.1315211;-0.1616959;-0.0000103
116.875007748604;53.4377993;53.4382076;-0.05767863;-0.05765026;-0.2166755;-0.1636218;-0.0004083
117.937505245209;53.3721973;53.3734770;-0.05936133;-0.0575694;-0.2752976;-0.3499096;-0.0012797
119.000002741814;53.3135527;53.3149452;-0.05793639;-0.05818961;-0.1903547;-0.1732735;-0.0013925
120.062507688999;53.2477975;53.2492013;-0.05932697;-0.05837735;-0.211227;-0.2992076;-0.0014038
121.125005185604;53.1893275;53.1901331;-0.05791919;-0.05877818;-0.1811412;-0.0948308;-0.0008056
122.18751013279;53.1234063;53.1237931;-0.05912643;-0.0589055;-0.1464333;-0.1937544;-0.0003868
123.250007629395;53.0650703;53.0644865;-0.05785162;-0.0591162;-0.1549841;-0.1228454;0.0005838
124.312505125999;52.9991569;52.9977293;-0.05891158;-0.05928429;-0.1702592;-0.1609602;0.0014276
125.375002622604;52.9401468;52.9380650;-0.05879377;-0.05950457;-0.1474;-0.1709833;0.0020818
126.437500119209;52.8736440;52.8713674;-0.05848332;-0.05931762;-0.03130463;-0.071472;0.0022766
127.500012516975;52.8155669;52.8134913;-0.05789635;-0.05834401;-0.2079374;-0.1667569;0.0020756
128.56251001358;52.7493859;52.7491779;-0.05906634;-0.0575621;-0.2568473;-0.2830041;0.0002080
129.625007510185;52.6903750;52.6913018;-0.05910326;-0.05777298;-0.2579466;-0.2023826;-0.0009268
130.68750500679;52.6240000;52.6255579;-0.05909024;-0.05824042;-0.2450102;-0.1951156;-0.0015579
131.750002503395;52.5650000;52.5664301;-0.059576;-0.05880174;-0.2220971;-0.2815648;-0.0014301
132.8125;52.4987652;52.4996133;-0.05794377;-0.05916039;-0.09779119;-0.053041;-0.0008481
133.875012397766;52.4406400;52.4411411;-0.05897835;-0.05869187;-0.2465034;-0.2459791;-0.0005011
134.937509894371;52.3743403;52.3750992;-0.0588007;-0.0587305;-0.2492111;-0.2452887;-0.0007589
136.000007390976;52.3149644;52.3158521;-0.06026817;-0.059093;-0.2622841;-0.2428114;-0.0008877
137.062504887581;52.2478333;52.2484393;-0.05907045;-0.05963558;-0.1347044;-0.09284991;-0.0006060
138.125002384186;52.1888750;52.1890731;-0.05902207;-0.05943834;-0.1689674;-0.1901236;-0.0001981
139.187514781952;52.1225000;52.1228523;-0.05903925;-0.05901164;-0.1931457;-0.1456544;-0.0003523
140.250012278557;52.0634766;52.0637841;-0.05903426;-0.05905836;-0.1758427;-0.1915641;-0.0003075
141.312509775162;51.9972539;51.9967885;-0.05905394;-0.05943537;-0.2524053;-0.2497801;0.0004654
142.375007271767;51.9374248;51.9363494;-0.05987073;-0.06011872;-0.1150615;-0.1299738;0.0010754
143.437504768372;51.8707109;51.8680424;-0.05856726;-0.0604492;-0.04949006;-0.05800152;0.0026685
144.500002264977;51.8118560;51.8086166;-0.0589021;-0.05974291;-0.2057876;-0.233036;0.0032394
145.562514662743;51.7444575;51.7420382;-0.05946514;-0.05936525;-0.09058758;-0.1428598;0.0024193
146.625012159348;51.6853545;51.6833873;-0.05862196;-0.05888775;-0.139461;-0.1126316;0.0019672
147.687509655952;51.6190000;51.6184182;-0.06010184;-0.05815257;-0.3293482;-0.3909615;0.0005818
148.750007152557;51.5590000;51.5597076;-0.05891217;-0.05853097;-0.1556599;-0.145556;-0.0007076
149.812504649162;51.4924752;51.4932484;-0.0603062;-0.05890866;-0.2807955;-0.3042313;-0.0007732
150.875002145767;51.4326402;51.4334054;-0.05893454;-0.05952304;-0.1312927;-0.1471388;-0.0007652
151.937514543533;51.3660547;51.3661713;-0.05989841;-0.05970676;-0.2506372;-0.2830021;-0.0001166
153.000012040138;51.3059097;51.3062687;-0.06032385;-0.05984224;-0.1636022;-0.2086832;-0.0003590
154.062509536743;51.2389307;51.2388558;-0.05884679;-0.05985052;-0.152026;-0.1150958;0.0000749
155.125007033348;51.1795635;51.1797280;-0.05998968;-0.05943201;-0.2620621;-0.240115;-0.0001645
156.187504529953;51.1118672;51.1123152;-0.06009158;-0.05982278;-0.127993;-0.2018641;-0.0004480
157.250002026558;51.0525703;51.0520549;-0.05885924;-0.06007088;-0.1577531;-0.1343902;0.0005154
158.312514424324;50.9855319;50.9845228;-0.0599582;-0.06006494;-0.1870885;-0.2366292;0.0010091
159.375011920929;50.9255000;50.9239645;-0.05982891;-0.06039441;-0.1453554;-0.1373391;0.0015355
160.437509417534;50.8580171;50.8561344;-0.05983971;-0.06029077;-0.1594098;-0.1979626;0.0018827
161.500006914139;50.7978940;50.7961721;-0.05954512;-0.06004672;-0.05202663;-0.1069378;0.0017219
162.562504410744;50.7314175;50.7299514;-0.05910195;-0.05921209;-0.2401217;-0.1401889;0.0014661
163.625001907349;50.6715109;50.6713004;-0.06006606;-0.05886996;-0.240898;-0.2561956;0.0002105
164.687514305115;50.6040000;50.6045432;-0.06006052;-0.05918377;-0.2312005;-0.240917;-0.0005432
165.75001180172;50.5440000;50.5448193;-0.06009128;-0.05951795;-0.2185594;-0.2818752;-0.0008193
166.812509298325;50.4765000;50.4774065;-0.060101;-0.05977753;-0.2073044;-0.2008347;-0.0009065
167.87500679493;50.4164904;50.4174442;-0.06017561;-0.05990626;-0.1966424;-0.1990697;-0.0009538
168.937504291534;50.3490903;50.3498525;-0.05980107;-0.06001097;-0.2328391;-0.1599321;-0.0007622
170.000016689301;50.2887144;50.2894134;-0.06124715;-0.06034377;-0.2446884;-0.3618421;-0.0006990
171.062514185905;50.2204583;50.2206893;-0.06002866;-0.0608746;-0.1148972;-0.06688569;-0.0002310
172.12501168251;50.1605000;50.1599521;-0.05993895;-0.06076163;-0.1391615;-0.1398288;0.0005479
173.187509179115;50.0929766;50.0922413;-0.05991807;-0.06039582;-0.1400807;-0.1557176;0.0007353
174.25000667572;50.0331328;50.0323386;-0.05986984;-0.06007387;-0.2459501;-0.2081365;0.0007942
175.312504172325;49.9647998;49.9642105;-0.0609249;-0.06046997;-0.1505777;-0.2095303;0.0005893
176.375016570091;49.9044463;49.9029965;-0.05974211;-0.06093642;-0.08289842;-0.0560212;0.0014498
177.437514066696;49.8371060;49.8346896;-0.05999379;-0.06074492;-0.2144367;-0.1648672;0.0024164
178.500011563301;49.7761831;49.7740717;-0.06063714;-0.06067881;-0.09430153;-0.03913669;0.0021114
179.562509059906;49.7084795;49.7063012;-0.05959844;-0.06033744;-0.1112852;-0.09739905;0.0021783
180.625006556511;49.6485630;49.6470542;-0.06025604;-0.05964565;-0.2879831;-0.2375637;0.0015088
181.687504053116;49.5800000;49.5799989;-0.05983333;-0.05964164;-0.1366673;-0.1525146;0.0000011
182.750016450882;49.5200000;49.5202751;-0.06119732;-0.05964772;-0.3128815;-0.2739307;-0.0002751
183.812513947487;49.4515248;49.4523854;-0.05987583;-0.06011968;-0.1547212;-0.1399395;-0.0008606
184.875011444092;49.3913502;49.3921251;-0.06130638;-0.06019377;-0.2635105;-0.3239968;-0.0007749
185.937508940697;49.3230527;49.3238182;-0.05986654;-0.06053308;-0.1622421;-0.1151756;-0.0007655
187.000006437302;49.2626973;49.2630810;-0.0612615;-0.06069267;-0.2051948;-0.2368004;-0.0003837
188.062503933907;49.1945557;49.1945357;-0.05985291;-0.06086519;-0.1494184;-0.1191671;0.0000200
189.125016331673;49.1341885;49.1337986;-0.06092791;-0.06078957;-0.233105;-0.2098826;0.0003899
190.187513828278;49.0653672;49.0647764;-0.06097584;-0.06120319;-0.09026814;-0.1290337;0.0005908
191.250011324883;49.0050703;49.0033240;-0.0597221;-0.06128964;-0.1245789;-0.079491;0.0017463
192.312508821487;48.9369069;48.9351363;-0.06087336;-0.06083403;-0.1825424;-0.1650597;0.0017706
193.375006318092;48.8758968;48.8742799;-0.06084557;-0.06084926;-0.1816161;-0.1450744;0.0016169
194.437503814697;48.8071440;48.8057346;-0.06057994;-0.06085647;-0.06187655;-0.0938456;0.0014094
195.500016212463;48.7470669;48.7455935;-0.05996344;-0.06035933;-0.211059;-0.1659972;0.0014734
196.562513709068;48.6786359;48.6783595;-0.06105872;-0.06001325;-0.2285694;-0.2496271;0.0002764
197.625011205673;48.6176250;48.6179204;-0.06103291;-0.06029168;-0.2179922;-0.227215;-0.0002954
198.687508702278;48.5490000;48.5493154;-0.06095181;-0.0607485;-0.1960793;-0.1333471;-0.0003154
199.750006198883;48.4880000;48.4882803;-0.0614479;-0.06092123;-0.1933221;-0.1757875;-0.0002803
200.812503695488;48.4195152;48.4197945;-0.05988039;-0.06086573;-0.09757593;-0.0214192;-0.0002793
201.875016093254;48.3593996;48.3598323;-0.0609014;-0.0602962;-0.2638183;-0.3077047;-0.0004327
202.937513589859;48.2907500;48.2921810;-0.06115944;-0.06024777;-0.2382615;-0.2717512;-0.0014310
204.000011086464;48.2297500;48.2310266;-0.06114223;-0.06084777;-0.2065898;-0.1824869;-0.0012766
205.062508583069;48.1611250;48.1615872;-0.0610515;-0.06145224;-0.165067;-0.1662967;-0.0004622
206.125006079674;48.1001250;48.0997772;-0.06096125;-0.06169311;-0.1414232;-0.1877658;0.0003478
207.18751847744;48.0314766;48.0302782;-0.06086648;-0.0617875;-0.1093822;-0.1544463;0.0011984
208.250015974045;47.9706328;47.9688258;-0.06075699;-0.06155827;-0.2021479;-0.1773561;0.0018070
209.31251347065;47.9011748;47.8995056;-0.06180457;-0.06162847;-0.1214529;-0.1620882;0.0016692
210.375010967255;47.8398431;47.8376956;-0.06069009;-0.06170125;-0.09401392;-0.08466735;0.0021475
211.43750846386;47.7712500;47.7692694;-0.06077932;-0.06108299;-0.1424348;-0.1486617;0.0019806
212.500005960464;47.7102500;47.7089495;-0.0608551;-0.0605831;-0.1761643;-0.185513;0.0013005
213.562518358231;47.6416154;47.6412387;-0.06088869;-0.06033392;-0.1874176;-0.2351304;0.0003767
214.625015854836;47.5806880;47.5805015;-0.06140337;-0.06063396;-0.3036362;-0.3187694;0.0001865
215.68751335144;47.5110000;47.5107045;-0.06121707;-0.06159339;-0.08798052;-0.1003234;0.0002955
216.750010848045;47.4500000;47.4491925;-0.06099336;-0.06146171;-0.1356162;-0.1579014;0.0008075
217.81250834465;47.3814243;47.3820777;-0.06070593;-0.06020379;-0.2372499;-0.1982843;-0.0006534
218.875005841255;47.3202348;47.3228306;-0.06243993;-0.05967181;-0.3688526;-0.4204736;-0.0025958
219.937518239021;47.2506953;47.2537489;-0.0614548;-0.06090875;-0.1774123;-0.1602056;-0.0030536
221.000015735626;47.1898403;47.1908064;-0.06082379;-0.06217493;-0.1686988;-0.1443742;-0.0009661
222.062513232231;47.1206725;47.1193404;-0.06202215;-0.06310233;-0.08139281;-0.1577587;0.0013321
223.125010728836;47.0592025;47.0560999;-0.06048374;-0.06312815;-0.05116127;-0.01587071;0.0031026
224.187508225441;46.9899297;46.9868393;-0.061739;-0.06204121;-0.09563679;-0.1493535;0.0030904
225.250005722046;46.9284375;46.9263406;-0.06072469;-0.06108849;-0.09841219;-0.1137562;0.0020969
226.312518119812;46.8600039;46.8592257;-0.06101909;-0.06016846;-0.2923842;-0.2632695;0.0007782
227.375015616417;46.7981530;46.7987866;-0.06203543;-0.06040817;-0.1912393;-0.2437616;-0.0006336
228.437513113022;46.7293340;46.7297048;-0.06121839;-0.06104009;-0.2673611;-0.2324908;-0.0003708
229.500010609627;46.6674160;46.6685505;-0.06194932;-0.0611379;-0.1427583;-0.1975509;-0.0011345
230.562508106232;46.5986771;46.5998263;-0.06146267;-0.06112045;-0.2918491;-0.2482883;-0.0011492
231.625005602837;46.5366979;46.5377779;-0.06178569;-0.06175994;-0.09644684;-0.1263585;-0.0010800
232.687518000603;46.4680000;46.4678616;-0.06165124;-0.06199613;-0.2289706;-0.1603537;0.0001384
233.750015497208;46.4060000;46.4059920;-0.06241667;-0.06190474;-0.1922244;-0.2017111;0.0000080
234.812512993813;46.3363902;46.3369102;-0.06090721;-0.06151963;-0.1206639;-0.1349479;-0.0005200
235.875010490417;46.2752842;46.2768287;-0.06195594;-0.06059054;-0.3236282;-0.3576972;-0.0015445
236.937507987022;46.2054097;46.2081642;-0.06259075;-0.0609847;-0.236162;-0.2654518;-0.0027545
238.000005483627;46.1437856;46.1454601;-0.0610173;-0.06207333;-0.1381188;-0.1527893;-0.0016745
239.062517881393;46.0748135;46.0744114;-0.06192655;-0.06278822;-0.1819864;-0.1894033;0.0004021
240.125015377998;46.0126308;46.0109920;-0.06199091;-0.0631786;-0.04350286;-0.08178619;0.0016388
241.187512874603;45.9435703;45.9405989;-0.0605856;-0.06268749;-0.08547245;-0.04278063;0.0029714
242.250010371208;45.8820625;45.8794446;-0.06174999;-0.06172596;-0.1950426;-0.1601447;0.0026179
243.312507867813;45.8121211;45.8107204;-0.06173814;-0.06130868;-0.1019683;-0.2142238;0.0014007
244.375020265579;45.7509502;45.7499833;-0.06090171;-0.06090805;-0.2207713;-0.1349327;0.0009669
245.437517762184;45.6815220;45.6815572;-0.06208986;-0.06087995;-0.2450012;-0.2348066;-0.0000352
246.500015258789;45.6195000;45.6200452;-0.06206074;-0.06129908;-0.2208027;-0.1946697;-0.0005452
247.562512755394;45.5497500;45.5502481;-0.06205549;-0.06183873;-0.1930957;-0.2121658;-0.0004981
248.625010251999;45.4877596;45.4879017;-0.06208517;-0.06217781;-0.1847774;-0.160836;-0.0001421
249.687507748604;45.4180000;45.4178066;-0.06089512;-0.06223921;-0.04643808;-0.05770442;0.0001934
250.750005245209;45.3570000;45.3565926;-0.0617046;-0.06154188;-0.2450023;-0.2542445;0.0004074
251.812517642975;45.2872500;45.2879877;-0.06208219;-0.06121696;-0.2283936;-0.2673085;-0.0007377
252.875000238419;45.2252500;45.2266545;-0.06215648;-0.06133844;-0.232537;-0.2248379;-0.0014045
253.937512636185;45.1555000;45.1569171;-0.06215788;-0.06179734;-0.2106178;-0.2072057;-0.0014171
255.000025033951;45.0935000;45.0940938;-0.06206616;-0.06246467;-0.1657821;-0.1707165;-0.0005938
256.062507629395;45.0237500;45.0232238;-0.06194137;-0.0628101;-0.1323749;-0.1488827;0.0005262
257.125020027161;44.9617500;44.9604602;-0.06185629;-0.06273423;-0.1246777;-0.1166624;0.0012898
258.187502622604;44.8920000;44.8903055;-0.0618112;-0.06244424;-0.1323471;-0.1391696;0.0016945
259.25001502037;44.8300000;44.8285551;-0.06183901;-0.0619895;-0.1577653;-0.1135337;0.0014449
260.312527418137;44.7602500;44.7594733;-0.06191346;-0.06161565;-0.1852615;-0.1727377;0.0007767
261.37501001358;44.6982500;44.6981997;-0.06199439;-0.06143689;-0.2043308;-0.2138632;0.0000503
262.437522411346;44.6285000;44.6289391;-0.06204892;-0.0615488;-0.2057208;-0.1921144;-0.0004391
263.50000500679;44.5665000;44.5671291;-0.06207009;-0.06170063;-0.2010641;-0.2371644;-0.0006291
264.562517404556;44.4967500;44.4975705;-0.06209141;-0.06177007;-0.2008618;-0.2284015;-0.0008205
265.625;44.4347500;44.4359393;-0.0621325;-0.06167215;-0.211883;-0.2232071;-0.0011893
266.687512397766;44.3650000;44.3666787;-0.06218703;-0.06158871;-0.2243626;-0.2883682;-0.0016787
267.750024795532;44.3030000;44.3049879;-0.06222148;-0.0616475;-0.2272284;-0.2528783;-0.0019879
268.812507390976;44.2332500;44.2348928;-0.06218303;-0.06209566;-0.2011716;-0.2267073;-0.0016428
269.875019788742;44.1712404;44.1722483;-0.06218163;-0.06243675;-0.1703563;-0.1953359;-0.0010079
270.937502384186;44.1015903;44.1017360;-0.06173238;-0.06258763;-0.194493;-0.1601384;-0.0001457
272.000014781952;44.0392144;44.0389127;-0.06313565;-0.06277476;-0.2076739;-0.2469145;0.0003017
273.062527179718;43.9687083;43.9676256;-0.06188229;-0.06320336;-0.0776072;-0.1268868;0.0010827
274.125009775162;43.9067500;43.9049811;-0.06180291;-0.06285169;-0.1143622;-0.08595364;0.0017689
275.187522172928;43.8370000;43.8354225;-0.06182423;-0.06214443;-0.1516191;-0.1151639;0.0015775
276.250004768372;43.7749766;43.7737317;-0.06186129;-0.06184575;-0.1557975;-0.09132294;0.0012449
277.312517166138;43.7053789;43.7047095;-0.06203121;-0.06150211;-0.2872734;-0.253853;0.0006694
278.375029563904;43.6425498;43.6426611;-0.06300295;-0.06186194;-0.1864032;-0.1941641;-0.0001113
279.437512159348;43.5724780;43.5724468;-0.06191058;-0.06219986;-0.1580236;-0.09792933;0.0000312
280.500024557114;43.5104829;43.5106964;-0.0619743;-0.06188866;-0.1723364;-0.1431118;-0.0002135
281.562507152557;43.4408130;43.4416146;-0.06251346;-0.06157345;-0.32782;-0.2508794;-0.0008016
282.625019550323;43.3778325;43.3796854;-0.06294114;-0.06182;-0.1777302;-0.2147098;-0.0018529
283.687502145767;43.3080000;43.3093519;-0.06223395;-0.0622623;-0.1867822;-0.2071522;-0.0013519
284.750014543533;43.2460000;43.2469458;-0.06168871;-0.06237258;-0.1700853;-0.1889399;-0.0009458
285.812526941299;43.1761098;43.1766124;-0.06320671;-0.06249031;-0.2573243;-0.3042729;-0.0005026
286.875009536743;43.1132158;43.1135506;-0.06225344;-0.06284934;-0.09674586;-0.09110153;-0.0003348
287.937521934509;43.0435903;43.0427999;-0.06162808;-0.06281658;-0.1687825;-0.1360815;0.0007904
289.000004529953;42.9812144;42.9803343;-0.06307121;-0.06260814;-0.2065489;-0.2623539;0.0008801
290.062516927719;42.9107083;42.9095835;-0.0618776;-0.06280349;-0.09562407;-0.1152419;0.0011248
291.125029325485;42.8487282;42.8472371;-0.06185958;-0.06250304;-0.1218387;-0.1539848;0.0014911
292.187511920929;42.7791328;42.7778573;-0.06181622;-0.06193518;-0.2414239;-0.1706344;0.0012755
293.250024318695;42.7164297;42.7159281;-0.06302744;-0.06200291;-0.192143;-0.2384654;0.0005016
294.312506914139;42.6461963;42.6460118;-0.06188308;-0.06207879;-0.1401685;-0.1076413;0.0001845
295.375019311905;42.5843789;42.5844402;-0.06211262;-0.06176136;-0.2839325;-0.3105879;-0.0000613
296.437501907349;42.5136660;42.5151796;-0.06299156;-0.06169902;-0.1802605;-0.2298906;-0.0015136
297.500014305115;42.4515840;42.4531312;-0.06234946;-0.06192815;-0.3013318;-0.3137015;-0.0015472
298.562526702881;42.3808325;42.3820824;-0.06287395;-0.06284181;-0.1187262;-0.1875086;-0.0012499
299.625009298325;42.3187295;42.3187823;-0.06184702;-0.06309572;-0.1093638;-0.1337532;-0.0000528
300.687521696091;42.2490000;42.2489853;-0.06316502;-0.06235334;-0.2802815;-0.3257335;0.0000147
301.750004291534;42.1860000;42.1869368;-0.0619377;-0.06216497;-0.1311019;-0.1460256;-0.0009368
302.812516689301;42.1161098;42.1172590;-0.06327875;-0.0620195;-0.2908723;-0.3330066;-0.0011492
303.875029087067;42.0532158;42.0541973;-0.0623255;-0.06268744;-0.1150561;-0.1385623;-0.0009815
304.93751168251;41.9835903;41.9828505;-0.06163372;-0.06314853;-0.1538381;-0.1269535;0.0007398
306.000024080276;41.9211973;41.9194312;-0.06302197;-0.06332798;-0.1487798;-0.2319104;0.0017661
307.06250667572;41.8508275;41.8481440;-0.06153044;-0.06332365;-0.1049806;-0.1091462;0.0026835
308.125019073486;41.7882975;41.7858572;-0.06289867;-0.06270728;-0.139874;-0.1298821;0.0024403
309.187531471252;41.7180937;41.7162389;-0.06171001;-0.06210333;-0.1997569;-0.1481516;0.0018548
310.250014066696;41.6554297;41.6546077;-0.06299175;-0.06181867;-0.1946191;-0.2462375;0.0008220
311.312526464462;41.5851963;41.5852875;-0.0619138;-0.06167978;-0.1620215;-0.1403261;-0.0000912
312.375009059906;41.5233789;41.5241928;-0.06219647;-0.06130662;-0.3157738;-0.2859118;-0.0008139
313.437521457672;41.4526660;41.4548726;-0.06306877;-0.06159855;-0.1938541;-0.2329046;-0.0022066
314.500004053116;41.3905840;41.3923473;-0.06237354;-0.06216778;-0.2911667;-0.2672136;-0.0017633
315.562516450882;41.3198229;41.3212986;-0.06282979;-0.06288294;-0.1052685;-0.1635293;-0.0014757
316.625028848648;41.2578021;41.2578792;-0.06234322;-0.06317992;-0.2337358;-0.1622381;-0.0000771
317.687511444092;41.1870000;41.1864729;-0.0617746;-0.06337279;-0.04748439;-0.1227856;0.0005271
318.750023841858;41.1250000;41.1235900;-0.06300957;-0.06302787;-0.2244146;-0.2237647;0.0014100
319.812506437302;41.0542748;41.0533757;-0.06167977;-0.06258649;-0.1102322;-0.04436196;0.0008991
320.875018835068;40.9921002;40.9914465;-0.06314721;-0.06215345;-0.2482597;-0.227449;0.0006537
321.937531232834;40.9215527;40.9213514;-0.06175882;-0.06230491;-0.1620525;-0.1052042;0.0002013
323.000013828278;40.8591973;40.8588857;-0.06318402;-0.06243968;-0.2094064;-0.2798581;0.0003116
324.062526226044;40.7888275;40.7878966;-0.06172571;-0.0628735;-0.1489495;-0.03491714;0.0009309
325.125008821487;40.7262975;40.7251925;-0.06304745;-0.06276717;-0.1531412;-0.2416062;0.0011050
326.187521219254;40.6560937;40.6548590;-0.0617791;-0.06251168;-0.1860092;-0.03151346;0.0012347
327.250003814697;40.5934063;40.5932278;-0.06306344;-0.06198684;-0.179462;-0.2723672;0.0001785
328.312516212463;40.5233470;40.5239076;-0.06209761;-0.06175971;-0.2717488;-0.1686006;-0.0005606
329.375028610229;40.4605280;40.4622168;-0.06315301;-0.06176707;-0.1959062;-0.2124843;-0.0016888
330.437511205673;40.3905840;40.3920026;-0.06233513;-0.0621938;-0.2834459;-0.2771015;-0.0014186
331.500023603439;40.3276660;40.3291197;-0.06298488;-0.06264008;-0.131332;-0.1554314;-0.0014537
332.562506198883;40.2578021;40.2584285;-0.06240442;-0.06272845;-0.2629795;-0.2159454;-0.0006264
333.625018596649;40.1948229;40.1954264;-0.06273261;-0.06291793;-0.0907665;-0.1475053;-0.0006035
334.687530994415;40.1250000;40.1249141;-0.06307375;-0.06275082;-0.2583917;-0.2441431;0.0000859
335.750013589859;40.0620000;40.0617332;-0.0623036;-0.06303403;-0.07410247;-0.02368979;0.0002668
336.812525987625;39.9922993;39.9909229;-0.06147978;-0.06292054;-0.129896;-0.08178294;0.0013764
337.875008583069;39.9301002;39.9285168;-0.06304363;-0.06261951;-0.2112261;-0.2461061;0.0015834
338.937520980835;39.8595527;39.8577065;-0.06157555;-0.0628337;-0.1104646;-0.09783766;0.0018462
340.000033378601;39.7971973;39.7954197;-0.06302068;-0.0624836;-0.1837732;-0.2206663;0.0017776
341.062515974045;39.7268275;39.7254438;-0.06167526;-0.06225349;-0.1705643;-0.1740006;0.0013837
342.125028371811;39.6642975;39.6636338;-0.06309662;-0.06201586;-0.1940954;-0.2536957;0.0006637
343.187510967255;39.5940937;39.5939560;-0.06190132;-0.06198614;-0.2255465;-0.1903725;0.0001377
344.250023365021;39.5314063;39.5319075;-0.06313917;-0.06202706;-0.1849121;-0.2280869;-0.0005012
345.312505960464;39.4613470;39.4616337;-0.0620671;-0.06225159;-0.2407398;-0.2484248;-0.0002867
346.375018358231;39.3985280;39.3991084;-0.06302951;-0.06242998;-0.1437671;-0.1595075;-0.0005804
347.437530755997;39.3285840;39.3289537;-0.06221827;-0.06231678;-0.2586491;-0.2710868;-0.0003697
348.50001335144;39.2656660;39.2664284;-0.06290786;-0.06248245;-0.1252173;-0.1233783;-0.0007624
349.562525749207;39.1958021;39.1960950;-0.06236726;-0.06249467;-0.2653538;-0.2221607;-0.0002929
350.62500834465;39.1328229;39.1333909;-0.06272865;-0.06264987;-0.09894483;-0.1091745;-0.0005680
351.687520742416;39.0630000;39.0626402;-0.06312657;-0.06276102;-0.2478994;-0.1880245;0.0003598
352.750033140182;39.0000000;38.9994592;-0.06177307;-0.06299187;-0.06053596;-0.08622732;0.0005408
353.812515735626;38.9301002;38.9287681;-0.06307162;-0.06284165;-0.1989367;-0.1676058;0.0013321
354.875028133392;38.8672748;38.8660044;-0.0616384;-0.06280009;-0.08774157;-0.05805929;0.0012704
355.937510728836;38.7971973;38.7960286;-0.06308853;-0.06238917;-0.1935138;-0.2345881;0.0011687
357.000023126602;38.7345527;38.7336821;-0.06168425;-0.06235897;-0.1424325;-0.0999836;0.0008706
358.062505722046;38.6642975;38.6641235;-0.06315118;-0.06203425;-0.1973605;-0.2275232;0.0001740
359.125018119812;38.6018275;38.6018367;-0.06182943;-0.06215358;-0.1915985;-0.1715242;-0.0000092
360.187530517578;38.5314297;38.5320396;-0.06315129;-0.06209916;-0.1949351;-0.2636591;-0.0006099
361.250013113022;38.4689375;38.4696336;-0.06203588;-0.06227965;-0.1296847;-0.1551761;-0.0006961
362.312525510788;38.3993789;38.4001941;-0.06219662;-0.06188625;-0.2818244;-0.2106142;-0.0008152
363.375008106232;38.3365280;38.3380861;-0.06313844;-0.06206288;-0.1754975;-0.2723835;-0.0015581
364.437520503998;38.2665840;38.2676334;-0.062294;-0.06241184;-0.2633929;-0.227808;-0.0010494
365.500032901764;38.2036660;38.2046313;-0.06293046;-0.06280766;-0.1118366;-0.1632501;-0.0009653
366.562515497208;38.1338021;38.1336422;-0.06231681;-0.06295779;-0.2355265;-0.1911143;0.0001599
367.625027894974;38.0708325;38.0703420;-0.06268004;-0.06318449;-0.07001278;-0.1319792;0.0004905
368.687510490417;38.0010000;37.9992933;-0.06139317;-0.06311985;-0.08602174;-0.02783321;0.0017067
369.750022888184;37.9390000;37.9371257;-0.06295783;-0.0625103;-0.2363422;-0.2282009;0.0018743
370.812505483627;37.8682748;37.8666134;-0.06159484;-0.06261667;-0.08941656;-0.05321009;0.0016614
371.875017881393;37.8061098;37.8043861;-0.06295866;-0.06235737;-0.2190174;-0.2367849;0.0017237
372.93753027916;37.7354453;37.7341122;-0.06196605;-0.06244286;-0.08130356;-0.09768362;0.0013331
374.000012874603;37.6735903;37.6723618;-0.06157927;-0.0619783;-0.189148;-0.1316157;0.0012285
375.062525272369;37.6032975;37.6031012;-0.06314869;-0.06175187;-0.2072642;-0.2636397;0.0001963
376.125007867813;37.5408275;37.5408144;-0.06182797;-0.06206396;-0.1917152;-0.1173959;0.0000131
377.187520265579;37.4704297;37.4710173;-0.0631488;-0.06206251;-0.1922492;-0.2341232;-0.0005876
378.250032663345;37.4079375;37.4086709;-0.06204004;-0.06222845;-0.1285795;-0.1515495;-0.0007334
379.312515258789;37.3383789;37.3391719;-0.06219414;-0.06188574;-0.2772639;-0.3261684;-0.0007930
380.375027656555;37.2755498;37.2770638;-0.06315924;-0.06208342;-0.1850913;-0.3209868;-0.0015140
381.437510251999;37.2054780;37.2064323;-0.06202039;-0.06254232;-0.1458079;-0.1177578;-0.0009543
382.500022649765;37.1434829;37.1440263;-0.06201106;-0.06244252;-0.1406592;-0.1694176;-0.0005434
383.562535047531;37.0738130;37.0739908;-0.06244396;-0.06231634;-0.2729146;-0.2104783;-0.0001778
384.625017642975;37.0108325;37.0110483;-0.06275874;-0.06273601;-0.09876917;-0.1157257;-0.0002158
385.687530040741;36.9410000;36.9404168;-0.06151835;-0.06270424;-0.1198036;-0.09284009;0.0005832
386.750012636185;36.8790000;36.8781895;-0.06299303;-0.06238437;-0.2562443;-0.2330622;0.0008105
387.812525033951;36.8082254;36.8079157;-0.06211229;-0.06245169;-0.09962948;-0.1194958;0.0003097
388.875007629395;36.7462404;36.7456288;-0.06200119;-0.06232421;-0.1389785;-0.06579556;0.0006116
389.937520027161;36.6765903;36.6762490;-0.06167812;-0.06187771;-0.2086123;-0.1429095;0.0003413
391.000032424927;36.6142144;36.6146178;-0.06321421;-0.06177548;-0.2534696;-0.3082058;-0.0004034
392.06251502037;36.5437083;36.5445823;-0.06210031;-0.06215488;-0.1448264;-0.08190298;-0.0008740
393.125027418137;36.4817282;36.4827723;-0.06214204;-0.06193133;-0.1765652;-0.1064167;-0.0010441
394.18751001358;36.4121328;36.4135713;-0.0621186;-0.06163243;-0.2873716;-0.2527676;-0.0014385
395.250022411346;36.3494297;36.3514633;-0.06330991;-0.06195655;-0.2245946;-0.2831415;-0.0020336
396.312534809113;36.2792181;36.2807126;-0.06209587;-0.0625286;-0.1526795;-0.1729611;-0.0014945
397.375017404556;36.2172500;36.2182469;-0.06211107;-0.06246045;-0.1666001;-0.1933801;-0.0009969
398.437529802322;36.1475000;36.1481518;-0.06207262;-0.06237992;-0.166667;-0.1663527;-0.0006518
399.500012397766;36.0854829;36.0858650;-0.06199309;-0.06233837;-0.1501493;-0.1776708;-0.0003821
400.562524795532;36.0158130;36.0156507;-0.06240606;-0.06238106;-0.2710007;-0.2271831;0.0001623
401.625007390976;35.9528325;35.9525294;-0.06270092;-0.06285243;-0.09130684;-0.1041911;0.0003031
402.687519788742;35.8830000;35.8814211;-0.06182408;-0.06303922;-0.1009702;-0.09519321;0.0015789
403.750032186508;35.8210000;35.8191342;-0.06179211;-0.06255084;-0.1204388;-0.1210667;0.0018658
404.812514781952;35.7512500;35.7498140;-0.06184;-0.06187936;-0.1591989;-0.114814;0.0014360
405.875027179718;35.6892500;35.6883020;-0.06189437;-0.06162205;-0.1781819;-0.17123;0.0009480
406.937509775162;35.6195000;35.6193990;-0.06198874;-0.06137257;-0.2023637;-0.2265771;0.0001010
408.000022172928;35.5575000;35.5580659;-0.06206305;-0.06134833;-0.2131892;-0.2052454;-0.0005659
409.062534570694;35.4877500;35.4886265;-0.06209765;-0.06157966;-0.2063789;-0.2224449;-0.0008765
410.125017166138;35.4257500;35.4268760;-0.06212545;-0.0616966;-0.2047627;-0.2226636;-0.0011260
411.187529563904;35.3560000;35.3572578;-0.06214014;-0.06184218;-0.2003269;-0.1654666;-0.0012578
412.250012159348;35.2940000;35.2952690;-0.06214138;-0.06195617;-0.1957444;-0.1947689;-0.0012690
413.312524557114;35.2242500;35.2252931;-0.06211621;-0.06213316;-0.1846195;-0.1676302;-0.0010431
414.37503695488;35.1622500;35.1628871;-0.06207098;-0.06229483;-0.1713251;-0.1023953;-0.0006371
415.437519550323;35.0925000;35.0924940;-0.062;-0.06248225;-0.1530383;-0.1291321;0.0000060
416.50003194809;35.0305000;35.0299091;-0.06193416;-0.06254639;-0.1412347;-0.11495;0.0005909
417.562514543533;34.9607500;34.9599333;-0.061909;-0.06230978;-0.1494938;-0.1589174;0.0008167
418.625026941299;34.8987500;34.8978252;-0.06189696;-0.06219359;-0.1532024;-0.1019393;0.0009248
419.687509536743;34.8290000;34.8281474;-0.061905;-0.06202639;-0.1619383;-0.1695916;0.0008526
420.750021934509;34.7670000;34.7665162;-0.06186276;-0.06178962;-0.1795686;-0.204182;0.0004838
421.812534332275;34.6972007;34.6972556;-0.06237298;-0.06162029;-0.178679;-0.1962147;-0.0000549
422.875016927719;34.6353902;34.6356244;-0.06087537;-0.06159282;-0.1070673;-0.07154362;-0.0002342
423.937529325485;34.5665376;34.5672579;-0.06201515;-0.0610216;-0.2714898;-0.3222564;-0.0007203
425.000011920929;34.5045000;34.5060439;-0.06217201;-0.06118662;-0.2392836;-0.2192886;-0.0015439
426.062524318695;34.4347500;34.4364257;-0.0621867;-0.06167731;-0.2176025;-0.225888;-0.0016757
427.125036716461;34.3727718;34.3743176;-0.0621465;-0.06193347;-0.2165126;-0.2250658;-0.0015458
428.187519311905;34.3028672;34.3042822;-0.06219932;-0.06212983;-0.1171564;-0.1054922;-0.0014150
429.250031709671;34.2415703;34.2422337;-0.06099058;-0.06202825;-0.1686336;-0.1543854;-0.0006634
430.312514305115;34.1723037;34.1730923;-0.06218422;-0.06166283;-0.2419946;-0.2267006;-0.0007886
431.375026702881;34.1101211;34.1109247;-0.06198373;-0.06197463;-0.1027951;-0.1203739;-0.0008036
432.437509298325;34.0413169;34.0409488;-0.06108659;-0.06206005;-0.1948867;-0.1211998;0.0003681
433.500021696091;33.9795391;33.9790196;-0.06207753;-0.06199085;-0.2007845;-0.1945087;0.0005195
434.562534093857;33.9096870;33.9089246;-0.0614909;-0.0622102;-0.04472578;-0.047121;0.0007624
435.625016689301;33.8486675;33.8472337;-0.06110555;-0.06186659;-0.2053264;-0.1364759;0.0014338
436.687529087067;33.7790000;33.7782116;-0.06232882;-0.06157611;-0.1973757;-0.196386;0.0007884
437.75001168251;33.7170000;33.7165208;-0.06086328;-0.0616427;-0.07388244;-0.1346027;0.0004792
438.812524080276;33.6482842;33.6479158;-0.06174281;-0.06117612;-0.2641214;-0.2695388;0.0003684
439.875036478043;33.5862007;33.5867614;-0.06242933;-0.06121861;-0.210578;-0.1981666;-0.0005607
440.937519073486;33.5168027;33.5175009;-0.06085904;-0.06141126;-0.1617478;-0.09361326;-0.0006982
442.000031471252;33.4554473;33.4565849;-0.0623455;-0.06108076;-0.24153;-0.257081;-0.0011376
443.062514066696;33.3862025;33.3875627;-0.06098098;-0.06124229;-0.2085793;-0.1511174;-0.0013602
444.125026464462;33.3246725;33.3263488;-0.06235733;-0.06123639;-0.2166655;-0.3080594;-0.0016763
445.187538862228;33.2555937;33.2570882;-0.06108318;-0.06144084;-0.2279755;-0.1771166;-0.0014945
446.250021457672;33.1939297;33.1954570;-0.06225349;-0.06157564;-0.1897035;-0.1641406;-0.0015273
447.312533855438;33.1248213;33.1256003;-0.06099043;-0.06189833;-0.1115088;-0.09328637;-0.0007790
448.375016450882;33.0640039;33.0641479;-0.06112184;-0.06160302;-0.2421611;-0.2184528;-0.0001440
449.437528848648;32.9944160;32.9945297;-0.06183558;-0.0618496;-0.1011764;-0.1301819;-0.0001137
450.500011444092;32.9333340;32.9326601;-0.061102;-0.06186137;-0.2202622;-0.2261073;0.0006739
451.562523841858;32.8637075;32.8633399;-0.06169374;-0.0617177;-0.09830198;-0.1385292;0.0003676
452.625036239624;32.8026045;32.8018875;-0.06076125;-0.06149768;-0.1240698;-0.1615206;0.0007170
453.687518835068;32.7340000;32.7336998;-0.06204988;-0.0609155;-0.2940652;-0.2959581;0.0003002
454.750031232834;32.6720000;32.6726646;-0.06132405;-0.06100863;-0.136805;-0.1325509;-0.0006646
455.812513828278;32.6033654;32.6039405;-0.06113341;-0.0610247;-0.1792676;-0.1539398;-0.0005751
456.875026226044;32.5424243;32.5433225;-0.06073321;-0.06078654;-0.2181834;-0.2158858;-0.0008982
457.93753862381;32.4734644;32.4751348;-0.06235538;-0.06072573;-0.2843612;-0.3671002;-0.0016704
459.000021219254;32.4117124;32.4134440;-0.06125803;-0.06134091;-0.1518826;-0.1696597;-0.0017316
460.06253361702;32.3431250;32.3441834;-0.06111792;-0.06143152;-0.1753524;-0.1494574;-0.0010584
461.125016212463;32.2821250;32.2830887;-0.06110737;-0.06121695;-0.185825;-0.1502856;-0.0009637
462.187528610229;32.2134766;32.2144241;-0.06110556;-0.06113463;-0.1761878;-0.2118344;-0.0009475
463.250011205673;32.1526328;32.1531505;-0.06101601;-0.06125664;-0.2554565;-0.2441912;-0.0005177
464.312523603439;32.0831748;32.0835323;-0.06203038;-0.06174337;-0.1513803;-0.1915177;-0.0003575
465.375036001205;32.0218431;32.0209474;-0.06082956;-0.06224683;-0.09240766;-0.1136307;0.0008957
466.437518596649;31.9532500;31.9513292;-0.06078599;-0.06194032;-0.1086718;-0.0832176;0.0019208
467.500030994415;31.8922500;31.8901748;-0.06076878;-0.06140677;-0.1320523;-0.1133009;0.0020752
468.562513589859;31.8236250;31.8218679;-0.06080423;-0.0609164;-0.1597565;-0.174739;0.0017571
469.625025987625;31.7626250;31.7612500;-0.0608468;-0.06074671;-0.172525;-0.1854786;0.0013750
470.687538385391;31.6940000;31.6931219;-0.06131883;-0.06064081;-0.191114;-0.2081437;0.0008781
471.750020980835;31.6330000;31.6326828;-0.05988132;-0.0605147;-0.08105584;-0.1398046;0.0003172
472.812533378601;31.5653996;31.5655083;-0.0608653;-0.05995861;-0.2750725;-0.2930035;-0.0001087
473.875015974045;31.5043750;31.5055461;-0.06113048;-0.05997106;-0.2468927;-0.1659277;-0.0011711
474.937528371811;31.4357500;31.4372987;-0.06117255;-0.06042851;-0.2300883;-0.2525779;-0.0015487
476.000010967255;31.3747671;31.3763232;-0.06112389;-0.06078484;-0.2227501;-0.2430233;-0.0015561
477.062523365021;31.3060058;31.3074202;-0.06133108;-0.06108456;-0.1392149;-0.2606915;-0.0014144
478.125035762787;31.2455557;31.2462659;-0.05993427;-0.0610812;-0.1453617;-0.100304;-0.0007102
479.187518358231;31.1775391;31.1783166;-0.06112829;-0.06065327;-0.2348959;-0.2532268;-0.0007775
480.250030755997;31.1165234;31.1172218;-0.06107781;-0.06096784;-0.2099942;-0.2381965;-0.0006984
481.31251335144;31.0477461;31.0479016;-0.06091153;-0.0614059;-0.07364228;-0.1127446;-0.0001555
482.375025749207;30.9875752;30.9865684;-0.05989726;-0.06131851;-0.1545891;-0.1344723;0.0010068
483.437538146973;30.9192891;30.9183807;-0.0610342;-0.06088161;-0.2018573;-0.20128;0.0009084
484.500020742416;30.8581440;30.8573456;-0.06064802;-0.06096646;-0.06755378;-0.1011767;0.0007984
485.562533140182;30.7905521;30.7895155;-0.06021913;-0.06043822;-0.2473474;-0.2115004;0.0010366
486.625015735626;30.7295729;30.7294340;-0.06064989;-0.06023588;-0.1071258;-0.1281378;0.0001389
487.687528133392;30.6620000;30.6621403;-0.0611823;-0.05993362;-0.2941504;-0.3012021;-0.0001403
488.750040531158;30.6010000;30.6020589;-0.05995131;-0.06004843;-0.1291532;-0.1184199;-0.0010589
489.812523126602;30.5333502;30.5346460;-0.06136442;-0.0599695;-0.2804465;-0.3054659;-0.0012958
490.875035524368;30.4725248;30.4741473;-0.05996072;-0.06029866;-0.1563135;-0.1512054;-0.0016225
491.937518119812;30.4047144;30.4062576;-0.06134121;-0.06034297;-0.2483941;-0.2690296;-0.0015432
493.000030517578;30.3439453;30.3455801;-0.06029672;-0.06056456;-0.126906;-0.08323617;-0.0016348
494.062513113022;30.2766192;30.2777500;-0.05995249;-0.06035018;-0.2359822;-0.1885313;-0.0011308
495.125025510788;30.2160693;30.2173705;-0.06128983;-0.06042835;-0.22041;-0.2698107;-0.0013012
496.187537908554;30.1479375;30.1485271;-0.06002402;-0.06092113;-0.1055133;-0.1161147;-0.0005896
497.250020503998;30.0881328;30.0877304;-0.05991349;-0.06080828;-0.2111859;-0.1753225;0.0004024
498.312532901764;30.0197998;30.0193639;-0.06094199;-0.06082769;-0.1319346;-0.2144152;0.0004359
499.375015497208;29.9594681;29.9582691;-0.05979577;-0.06094915;-0.09890646;-0.09042017;0.0011990
500.437498092651;29.8920000;29.8903794;-0.05981943;-0.06053105;-0.1294478;-0.1267035;0.0016206
501.500010490417;29.8319829;29.8304171;-0.05977606;-0.06015622;-0.1327224;-0.1438023;0.0015658
502.562522888184;29.7645630;29.7636003;-0.06031688;-0.05964525;-0.2967561;-0.2235143;0.0009627
503.62503528595;29.7035825;29.7036380;-0.06074088;-0.05986177;-0.1462415;-0.1578669;-0.0000555
504.687547683716;29.6360000;29.6359272;-0.05999188;-0.06001742;-0.1745145;-0.1651878;0.0000728
505.750000476837;29.5760000;29.5762629;-0.06002929;-0.05976811;-0.1920268;-0.1564983;-0.0002629
506.812512874603;29.5085000;29.5092077;-0.06007884;-0.05964005;-0.2052581;-0.2594573;-0.0007077
507.875025272369;29.4485000;29.4495434;-0.06011625;-0.05963409;-0.2109916;-0.1792217;-0.0010434
508.937537670135;29.3810171;29.3821902;-0.06008122;-0.05977765;-0.215954;-0.1957646;-0.0011731
510.000050067902;29.3209097;29.3222279;-0.06043072;-0.05990563;-0.1651389;-0.1482163;-0.0013182
511.062502861023;29.2539307;29.2546363;-0.05893375;-0.06000038;-0.1474832;-0.102969;-0.0007056
512.125015258789;29.1945417;29.1949720;-0.06004501;-0.0597957;-0.2272368;-0.2232609;-0.0004303
513.187527656555;29.1270000;29.1272611;-0.06002909;-0.06008254;-0.1809276;-0.195834;-0.0002611
514.250040054321;29.0670234;29.0667028;-0.05996427;-0.06037975;-0.1720883;-0.2201754;0.0003206
515.312552452087;28.9993711;28.9986343;-0.05981211;-0.06043757;-0.05602024;-0.1099086;0.0007368
516.375005245209;28.9402002;28.9387316;-0.05884581;-0.06003714;-0.1584345;-0.1346721;0.0014686
517.437517642975;28.8730391;28.8719744;-0.06001679;-0.05962862;-0.2082862;-0.2159996;0.0010647
518.500030040741;28.8128940;28.8122506;-0.05966529;-0.05969455;-0.07936274;-0.1238407;0.0006434
519.562542438507;28.7464175;28.7454338;-0.0591557;-0.05941969;-0.2311365;-0.212934;0.0009837
520.625054836273;28.6865205;28.6863656;-0.06014159;-0.05922298;-0.232447;-0.2584247;0.0001549
521.687507629395;28.6190000;28.6192507;-0.05886126;-0.05948163;-0.0909688;-0.1260543;-0.0002507
522.750020027161;28.5600000;28.5603018;-0.06020029;-0.0591163;-0.2831421;-0.2376515;-0.0003018
523.812532424927;28.4926498;28.4939022;-0.05891949;-0.0590651;-0.1570771;-0.1692355;-0.0012524
524.875044822693;28.4334848;28.4350724;-0.0603276;-0.05889685;-0.2902167;-0.3285101;-0.0015876
525.937557220459;28.3661953;28.3681960;-0.05933749;-0.05925737;-0.1418559;-0.1312123;-0.0020007
527.00001001358;28.3073403;28.3087702;-0.05887546;-0.05932626;-0.2154107;-0.1454263;-0.0014299
528.062522411346;28.2404443;28.2418341;-0.0602997;-0.05952478;-0.2112539;-0.2916421;-0.0013898
529.125034809113;28.1808115;28.1815738;-0.05911357;-0.05998056;-0.09482304;-0.06608405;-0.0007623
530.187547206879;28.1146328;28.1143398;-0.05892568;-0.05977775;-0.2089319;-0.1903778;0.0002930
531.25;28.0549297;28.0546756;-0.06005501;-0.05972999;-0.1556443;-0.180818;0.0002541
532.312512397766;27.9880931;27.9869051;-0.05879699;-0.06002053;-0.09022852;-0.08827934;0.0011880
533.375024795532;27.9291250;27.9273004;-0.0587967;-0.0597355;-0.1109848;-0.1280969;0.0018246
534.437537193298;27.8627500;27.8609009;-0.05879397;-0.05925746;-0.1333531;-0.1448136;0.0018491
535.500049591064;27.8037329;27.8022499;-0.05878528;-0.0588742;-0.1414056;-0.1275491;0.0014830
536.562502384186;27.7374380;27.7363271;-0.05930037;-0.05867719;-0.2860825;-0.2763942;0.0011109
537.625014781952;27.6774575;27.6771397;-0.05969929;-0.05902728;-0.125369;-0.1659585;0.0003178
538.687527179718;27.6110000;27.6104421;-0.05935451;-0.05918227;-0.158964;-0.220305;0.0005579
539.750039577484;27.5520000;27.5518508;-0.05790004;-0.05880051;-0.06001807;-0.05240291;0.0001492
540.81255197525;27.4866496;27.4871797;-0.05891225;-0.05786721;-0.2771085;-0.3355815;-0.0005301
541.875004768372;27.4276250;27.4293632;-0.05919366;-0.05787763;-0.2515337;-0.2275103;-0.0017382
542.937517166138;27.3612500;27.3630829;-0.05920421;-0.058607;-0.2173028;-0.2239803;-0.0018329
544.000029563904;27.3022671;27.3036570;-0.05910537;-0.05913314;-0.1949866;-0.1591472;-0.0013899
545.06254196167;27.2357558;27.2365422;-0.05926112;-0.05951047;-0.1006694;-0.1197648;-0.0007864
546.125054359436;27.1773057;27.1773548;-0.05786061;-0.05926395;-0.1182491;-0.0428697;-0.0000491
547.187507152557;27.1115391;27.1114917;-0.05903638;-0.05880848;-0.2061824;-0.2389824;0.0000474
548.250019550323;27.0525234;27.0524235;-0.05898887;-0.0589979;-0.1873622;-0.2026066;0.0000999
549.31253194809;26.9859961;26.9854874;-0.05883753;-0.0593654;-0.05585859;-0.07415652;0.0005087
550.375044345856;26.9278470;26.9264788;-0.05788271;-0.05911884;-0.1643478;-0.113685;0.0013682
551.437556743622;26.8616660;26.8607349;-0.05871917;-0.05869166;-0.07959064;-0.1211273;0.0009311
552.500009536743;26.8035840;26.8026800;-0.05807636;-0.05827469;-0.2315102;-0.1503952;0.0009040
553.562521934509;26.7373229;26.7372937;-0.05866211;-0.05819421;-0.1006414;-0.1062375;0.0000292
554.625034332275;26.6793021;26.6792984;-0.05833463;-0.05804041;-0.2715775;-0.2492634;0.0000037
555.687546730042;26.6130000;26.6138525;-0.05842831;-0.0581789;-0.1156518;-0.1508061;-0.0008525
556.750059127808;26.5550000;26.5559764;-0.05769212;-0.05797289;-0.1718956;-0.1685399;-0.0009764
557.812511920929;26.4896098;26.4911861;-0.05932634;-0.05773519;-0.2925024;-0.3062046;-0.0015763
558.875024318695;26.4307254;26.4328332;-0.05838165;-0.05812453;-0.1469452;-0.165377;-0.0021078
559.937536716461;26.3654829;26.3670296;-0.05822181;-0.0583477;-0.1629046;-0.168168;-0.0015467
561.000049114227;26.3075903;26.3089747;-0.05787039;-0.05815379;-0.2191066;-0.2384797;-0.0013844
562.062501907349;26.2418193;26.2434692;-0.05932868;-0.05825898;-0.2240777;-0.2244116;-0.0016499
563.125014305115;26.1832083;26.1844606;-0.05814245;-0.05871561;-0.1236437;-0.111426;-0.0012523
564.187526702881;26.1180000;26.1183591;-0.05804001;-0.05869831;-0.1422634;-0.1485654;-0.0003591
565.250039100647;26.0600000;26.0597677;-0.05797412;-0.05863839;-0.137066;-0.1288416;0.0002323
566.312551498413;25.9947500;25.9941430;-0.05793237;-0.05843381;-0.1418573;-0.1098817;0.0006070
567.375004291534;25.9367500;25.9359092;-0.05790632;-0.05830565;-0.1445089;-0.1519637;0.0008408
568.437516689301;25.8715171;25.8705229;-0.05793871;-0.05815566;-0.1644185;-0.1791116;0.0009942
569.500029087067;25.8133940;25.8124084;-0.05762716;-0.05810644;-0.04563131;-0.1110998;0.0009856
570.562541484833;25.7491675;25.7479758;-0.05713252;-0.05749389;-0.2163309;-0.2385545;0.0011917
571.625053882599;25.6912609;25.6908745;-0.05804646;-0.05726973;-0.2047927;-0.1565872;0.0003864
572.68750667572;25.6260000;25.6264419;-0.0579659;-0.05729898;-0.2114826;-0.2179465;-0.0004419
573.750019073486;25.5680000;25.5688638;-0.05851291;-0.05748445;-0.2148344;-0.1946746;-0.0008638
574.812531471252;25.5028998;25.5038948;-0.05689081;-0.05763012;-0.116812;-0.1034765;-0.0009950
575.875043869019;25.4457252;25.4467935;-0.05833907;-0.05729543;-0.2489219;-0.3295038;-0.0010683
576.937556266785;25.3808027;25.3823013;-0.05694822;-0.05732599;-0.1701458;-0.1093673;-0.0014986
578.000009059906;25.3234473;25.3250212;-0.05839411;-0.05727897;-0.2308311;-0.2375712;-0.0015739
579.062521457672;25.2587025;25.2599926;-0.05697317;-0.05762814;-0.1813547;-0.1654657;-0.0012901
580.125033855438;25.2011725;25.2024145;-0.05830894;-0.05759372;-0.1855474;-0.2684027;-0.0012420
581.187546253204;25.1365937;25.1372070;-0.056985;-0.05778251;-0.1906874;-0.1554325;-0.0006133
582.25005865097;25.0789297;25.0793309;-0.05812803;-0.05784335;-0.1518927;-0.2046766;-0.0004012
583.312511444092;25.0143213;25.0138254;-0.05684839;-0.058063;-0.07572235;-0.05559177;0.0004959
584.375023841858;24.9575039;24.9566049;-0.05700563;-0.057536;-0.2205471;-0.1880955;0.0008990
585.437536239624;24.8924331;24.8921127;-0.05783669;-0.05744404;-0.1200542;-0.09260035;0.0003204
586.50004863739;24.8352280;24.8344750;-0.05683016;-0.05751517;-0.120262;-0.1083984;0.0007530
587.562561035156;24.7711250;24.7704596;-0.05692586;-0.0571129;-0.1516229;-0.1308001;0.0006654
588.625013828278;24.7141250;24.7140140;-0.05698763;-0.05671079;-0.1796845;-0.1523157;0.0001110
589.687526226044;24.6500000;24.6505947;-0.05706626;-0.05649349;-0.2009697;-0.1684084;-0.0005947
590.75003862381;24.5930000;24.5942087;-0.05713467;-0.05646318;-0.2119718;-0.2423858;-0.0012087
591.812551021576;24.5288750;24.5306105;-0.05719336;-0.05654226;-0.2167803;-0.2225458;-0.0017355
592.875003814697;24.4718750;24.4738669;-0.05722193;-0.05666979;-0.2154267;-0.1820156;-0.0019919
593.937516212463;24.4077500;24.4097919;-0.0572275;-0.05684061;-0.2092605;-0.1138377;-0.0020419
595.000028610229;24.3507671;24.3526907;-0.05716484;-0.05700205;-0.2104549;-0.2898856;-0.0019236
596.062541007996;24.2865058;24.2883773;-0.05738202;-0.05711998;-0.1378934;-0.147645;-0.0018715
597.125053405762;24.2300557;24.2310376;-0.05596454;-0.05720786;-0.1370664;-0.07323728;-0.0009819
598.187506198883;24.1665625;24.1671414;-0.05710616;-0.05695687;-0.2255416;-0.1948654;-0.0005789
599.250018596649;24.1093672;24.1098613;-0.05709672;-0.05720376;-0.09839329;-0.1166265;-0.0004941
600.312530994415;24.0460970;24.0453095;-0.05594741;-0.05728211;-0.1691482;-0.1381698;0.0007875
601.375043392181;23.9892780;23.9885063;-0.05687886;-0.05703155;-0.08923914;-0.1426697;0.0007717
602.437555789948;23.9260840;23.9248485;-0.05603942;-0.05670662;-0.2100577;-0.1951593;0.0012355
603.500008583069;23.8691660;23.8682837;-0.05672461;-0.0566686;-0.08514729;-0.1344852;0.0008823
604.562520980835;23.8060521;23.8048644;-0.0562023;-0.05645341;-0.2377424;-0.1811651;0.0011877
605.625033378601;23.7490825;23.7487168;-0.05669395;-0.05629183;-0.1079603;-0.09833668;0.0003657
606.687545776367;23.6860000;23.6857147;-0.05555154;-0.05604264;-0.1523646;-0.1002252;0.0002853
607.750058174133;23.6300000;23.6303420;-0.05712143;-0.0556345;-0.3060094;-0.2345164;-0.0003420
608.812510967255;23.5659754;23.5672207;-0.05628555;-0.05600294;-0.1409949;-0.1755026;-0.0012453
609.875023365021;23.5100000;23.5111923;-0.05613284;-0.0559965;-0.1846157;-0.1626593;-0.0011923
610.937535762787;23.4470000;23.4483690;-0.05615253;-0.05588339;-0.1940674;-0.2108135;-0.0013690
612.000048160553;23.3910000;23.3924598;-0.05616264;-0.05589412;-0.1959708;-0.2064436;-0.0014598
613.062560558319;23.3280000;23.3295173;-0.05616905;-0.05591467;-0.197108;-0.1520769;-0.0015173
614.12501335144;23.2720000;23.2736082;-0.05617918;-0.05592157;-0.1993515;-0.2261913;-0.0016082
615.187525749207;23.2090000;23.2103677;-0.05615238;-0.05612625;-0.1869098;-0.1724718;-0.0013677
616.250038146973;23.1530000;23.1539817;-0.05610938;-0.05631499;-0.172844;-0.1659037;-0.0009817
617.312550544739;23.0900000;23.0904431;-0.05604937;-0.05645595;-0.1587689;-0.1955926;-0.0004431
618.375062942505;23.0340218;23.0339379;-0.05601637;-0.05650267;-0.1646831;-0.1613223;0.0000839
619.437515735626;22.9708940;22.9703397;-0.05567521;-0.05649636;-0.0372503;-0.06309564;0.0005543
620.500028133392;22.9158169;22.9147286;-0.05500635;-0.05588249;-0.1862874;-0.1453393;0.0010883
621.562540531158;22.8530205;22.8525610;-0.05610766;-0.05550934;-0.2109905;-0.2239162;0.0004595
622.625052928925;22.7969370;22.7968902;-0.05557063;-0.05562141;-0.07741693;-0.0505152;0.0000468
623.687505722046;22.7350000;22.7348418;-0.05614904;-0.05528923;-0.264791;-0.294022;0.0001582
624.750018119812;22.6790000;22.6796479;-0.05490552;-0.05524285;-0.1061423;-0.1576965;-0.0006479
625.812530517578;22.6169848;22.6178379;-0.05624577;-0.0550523;-0.2678429;-0.330844;-0.0008531
626.875042915344;22.5610908;22.5624652;-0.05536927;-0.05528742;-0.1239184;-0.1966238;-0.0013744
627.93755531311;22.4993403;22.5004763;-0.05484272;-0.05511194;-0.217145;-0.1696412;-0.0011360
629.000008106232;22.4439644;22.4456997;-0.05636261;-0.05491341;-0.2660019;-0.3041326;-0.0017353
630.062520503998;22.3813333;22.3829956;-0.05518814;-0.0554819;-0.1409718;-0.07902101;-0.0016623
631.125032901764;22.3263750;22.3276229;-0.05513903;-0.0554062;-0.1698385;-0.1725808;-0.0012479
632.18754529953;22.2645000;22.2657532;-0.05513962;-0.05515569;-0.1839342;-0.1949262;-0.0012532
633.250057697296;22.2095000;22.2106189;-0.05512466;-0.05515316;-0.1831787;-0.1759137;-0.0011189
634.312510490417;22.1476250;22.1483321;-0.05507878;-0.05529489;-0.1709941;-0.1836649;-0.0007071
635.375022888184;22.0926250;22.0928998;-0.05503061;-0.05539618;-0.1601607;-0.2159212;-0.0002748
636.43753528595;22.0307500;22.0304341;-0.0549648;-0.05547761;-0.1476601;-0.1567553;0.0003159
637.500047683716;21.9757500;21.9750018;-0.05491664;-0.05543941;-0.1430664;-0.1829025;0.0007482
638.562560081482;21.9138750;21.9127745;-0.05487738;-0.05533393;-0.1425976;-0.1559598;0.0011005
639.625012874603;21.8588846;21.8576998;-0.05493733;-0.05516307;-0.1629099;-0.1591731;0.0011848
640.687525272369;21.7970000;21.7960090;-0.05380625;-0.05493585;-0.04579671;-0.04078104;0.0009910
641.750037670135;21.7430000;21.7419476;-0.05454941;-0.05437775;-0.2397296;-0.1759652;0.0010524
642.812550067902;21.6810757;21.6812105;-0.05538188;-0.05415224;-0.2011324;-0.2358942;-0.0001348
643.875062465668;21.6262748;21.6267915;-0.05383752;-0.05426717;-0.1307662;-0.08283632;-0.0005167
644.937515258789;21.5651973;21.5660543;-0.05531423;-0.0540499;-0.231755;-0.2635536;-0.0008570
646.000027656555;21.5105527;21.5118141;-0.05392179;-0.05415541;-0.1769559;-0.1598794;-0.0012614
647.062540054321;21.4493193;21.4510174;-0.05533405;-0.05412714;-0.2274767;-0.2823672;-0.0016981
648.125052452087;21.3946865;21.3965387;-0.05423501;-0.05436838;-0.133636;-0.06855662;-0.0018522
649.187564849854;21.3341328;21.3354439;-0.05410441;-0.05429252;-0.2497905;-0.1766212;-0.0013111
650.250017642975;21.2794297;21.2811441;-0.05527434;-0.05433108;-0.1987389;-0.2629933;-0.0017144
651.312530040741;21.2182181;21.2193937;-0.05406034;-0.05467924;-0.1380076;-0.1239381;-0.0011756
652.375042438507;21.1642500;21.1650343;-0.05408738;-0.05448126;-0.1598888;-0.2088289;-0.0007843
653.437554836273;21.1035000;21.1037607;-0.05402904;-0.05446339;-0.1539104;-0.1454032;-0.0002607
654.500007629395;21.0495000;21.0492820;-0.05397571;-0.05449332;-0.1456901;-0.1561559;0.0002180
655.562520027161;20.9887500;20.9882469;-0.05394394;-0.0543307;-0.1496517;-0.1702674;0.0005031
656.625032424927;20.9347500;20.9340663;-0.05392382;-0.05424714;-0.1508984;-0.1814179;0.0006837
657.687544822693;20.8740000;20.8731503;-0.053822;-0.05417636;-0.1523274;-0.1327208;0.0008497
658.750057220459;20.8200000;20.8192081;-0.05432843;-0.05402941;-0.1663025;-0.1931394;0.0007919
659.81251001358;20.7593902;20.7588286;-0.0527867;-0.05377404;-0.08314605;-0.04639506;0.0005616
660.875022411346;20.7062842;20.7060189;-0.05375429;-0.0531592;-0.2586126;-0.2479318;0.0002653
661.937534809113;20.6454097;20.6462950;-0.05438248;-0.05317055;-0.1880933;-0.2168562;-0.0008853
663.000047206879;20.5918027;20.5929489;-0.05290895;-0.05326504;-0.1681731;-0.1344694;-0.0011462
664.062559604645;20.5316725;20.5332250;-0.05434354;-0.05317385;-0.2088297;-0.2989523;-0.0015525
665.125012397766;20.4782025;20.4797597;-0.05300293;-0.05332202;-0.2005205;-0.142497;-0.0015572
666.187524795532;20.4179297;20.4197378;-0.05428478;-0.05337917;-0.1944735;-0.2360747;-0.0018081
667.250037193298;20.3644375;20.3660340;-0.05313621;-0.05357558;-0.1250926;-0.1584197;-0.0015965
668.312549591064;20.3050039;20.3063698;-0.05325798;-0.05319556;-0.2723062;-0.2170644;-0.0013659
669.375061988831;20.2511748;20.2529044;-0.05418326;-0.05338321;-0.1758929;-0.1919534;-0.0017296
670.437514781952;20.1912280;20.1921077;-0.05301207;-0.05377005;-0.1362021;-0.0904481;-0.0008797
671.500027179718;20.1382500;20.1385827;-0.05303707;-0.05360626;-0.147589;-0.1777763;-0.0003327
672.562539577484;20.0786250;20.0785012;-0.0529862;-0.05345361;-0.1490389;-0.1823827;0.0001238
673.62505197525;20.0256250;20.0250358;-0.05293435;-0.05344449;-0.142635;-0.1539536;0.0005892
674.687564373016;19.9660000;19.9650140;-0.05289014;-0.05337552;-0.1398254;-0.1179308;0.0009860
675.750017166138;19.9130000;19.9118466;-0.05287149;-0.05327435;-0.1417892;-0.1520292;0.0011534
676.812529563904;19.8533846;19.8519439;-0.05277014;-0.05325197;-0.143203;-0.1309671;0.0014407
677.87504196167;19.8003257;19.7988958;-0.05320754;-0.05312915;-0.1268821;-0.1678267;0.0014299
678.937554359436;19.7410356;19.7397084;-0.05168286;-0.05274677;-0.09561767;-0.01538978;0.0013272
680.000066757202;19.6888047;19.6879716;-0.05279259;-0.05212951;-0.2460366;-0.1899194;0.0008331
681.062519550323;19.6290058;19.6294398;-0.05322185;-0.05210142;-0.1612182;-0.2074547;-0.0004340
682.12503194809;19.5765775;19.5771069;-0.05188841;-0.05220456;-0.1852131;-0.1719955;-0.0005294
683.187544345856;19.5174062;19.5185156;-0.05320693;-0.05213242;-0.1749851;-0.2479592;-0.0011094
684.250056743622;19.4650937;19.4661231;-0.05203136;-0.05227626;-0.2150671;-0.1926403;-0.0010294
685.312509536743;19.4057998;19.4072337;-0.05315031;-0.05238951;-0.1617149;-0.1899011;-0.0014339
686.375021934509;19.3534463;19.3544836;-0.05201922;-0.05258842;-0.1160856;-0.09747395;-0.0010373
687.437534332275;19.2951060;19.2959518;-0.05235726;-0.05219559;-0.271565;-0.2099357;-0.0008458
688.500046730042;19.2421831;19.2433805;-0.0530058;-0.05248099;-0.136904;-0.1258728;-0.0011974
689.562559127808;19.1834891;19.1838355;-0.05194907;-0.05271247;-0.1300058;-0.1263959;-0.0003464
690.625011920929;19.1315000;19.1314430;-0.05199365;-0.05247644;-0.1408733;-0.1267336;0.0000570
691.687524318695;19.0730000;19.0727324;-0.05197018;-0.05227186;-0.1481979;-0.1684833;0.0002676
692.750036716461;19.0210000;19.0205188;-0.05194638;-0.05222648;-0.1471936;-0.1410434;0.0004812
693.812549114227;18.9625096;18.9618678;-0.05185916;-0.05216626;-0.1530365;-0.1479159;0.0006418
694.875061511993;18.9104507;18.9097733;-0.05229138;-0.05215103;-0.1312419;-0.1941104;0.0006774
695.937514305115;18.8522856;18.8514800;-0.05074097;-0.05190211;-0.09052868;-0.05169907;0.0008056
697.000026702881;18.8010547;18.8004584;-0.05181897;-0.05131516;-0.2356356;-0.2505368;0.0005963
698.062539100647;18.7423808;18.7427015;-0.05220923;-0.0513643;-0.1419901;-0.1567597;-0.0003207
699.125051498413;18.6909307;18.6913223;-0.05089877;-0.0513428;-0.1594056;-0.1125394;-0.0003916
700.187563896179;18.6330625;18.6340422;-0.05215082;-0.05107327;-0.262686;-0.315306;-0.0009797
701.250016689301;18.5808906;18.5824842;-0.05221922;-0.0513992;-0.1565037;-0.2272949;-0.0015936
702.312529087067;18.5230713;18.5244293;-0.05105495;-0.05145858;-0.1221603;-0.1314487;-0.0013580
703.375041484833;18.4722539;18.4737057;-0.05126755;-0.05095654;-0.274392;-0.2994981;-0.0014518
704.437553882599;18.4139331;18.4161873;-0.05212355;-0.05114089;-0.1652512;-0.2025903;-0.0022542
705.500066280365;18.3627280;18.3646292;-0.05112589;-0.0513785;-0.1602879;-0.1496012;-0.0019012
706.562519073486;18.3053750;18.3069319;-0.05117346;-0.05129717;-0.1714132;-0.1949535;-0.0015569
707.625031471252;18.2543750;18.2559104;-0.05117106;-0.0511445;-0.1802364;-0.1427223;-0.0015354
708.687543869019;18.1970000;18.1982727;-0.05114179;-0.05121154;-0.1744391;-0.2400678;-0.0012727
709.750056266785;18.1460000;18.1467743;-0.05108627;-0.05137414;-0.15994;-0.1326519;-0.0007743
710.812509059906;18.0886250;18.0887789;-0.05101714;-0.05149728;-0.1453546;-0.1205175;-0.0001539
711.875021457672;18.0376250;18.0371613;-0.05094833;-0.05159404;-0.131612;-0.124811;0.0004637
712.937533855438;17.9802671;17.9792256;-0.05083448;-0.05152041;-0.135985;-0.1154642;0.0010415
714.000046253204;17.9291597;17.9278464;-0.05113753;-0.05142171;-0.08883914;-0.09660237;0.0013133
715.06255865097;17.8723057;17.8704471;-0.04964806;-0.05110929;-0.09045982;-0.03610435;0.0018586
716.125011444092;17.8219385;17.8204984;-0.0508109;-0.05037017;-0.2179378;-0.1998169;0.0014401
717.187523841858;17.7643672;17.7636952;-0.05096679;-0.05047743;-0.1038536;-0.1759076;0.0006720
718.250036239624;17.7140938;17.7134485;-0.04984476;-0.05029392;-0.1836534;-0.1120778;0.0006453
719.31254863739;17.6570498;17.6573605;-0.05102518;-0.05002229;-0.1563489;-0.1867265;-0.0003107
720.375061035156;17.6066963;17.6073522;-0.04997672;-0.04999303;-0.1322071;-0.06523692;-0.0006559
721.437513828278;17.5506060;17.5515623;-0.05036956;-0.04972564;-0.2881095;-0.295213;-0.0009563
722.500026226044;17.4996831;17.5012560;-0.05104764;-0.05012108;-0.1517276;-0.1726014;-0.0015729
723.56253862381;17.4432391;17.4443931;-0.05003905;-0.05035543;-0.1513451;-0.1349985;-0.0011540
724.625051021576;17.3932500;17.3943848;-0.05012643;-0.05012003;-0.1684605;-0.1585975;-0.0011348
725.687563419342;17.3370000;17.3382373;-0.05013786;-0.04997826;-0.1782576;-0.2020069;-0.0012373
726.750016212463;17.2870000;17.2884674;-0.05016349;-0.04985614;-0.1888821;-0.1324948;-0.0014674
727.812528610229;17.2307596;17.2322006;-0.05009121;-0.0500019;-0.1880309;-0.1637032;-0.0014410
728.875041007996;17.1807007;17.1819539;-0.05050648;-0.05017009;-0.1563757;-0.2074869;-0.0012532
729.937553405762;17.1247856;17.1252699;-0.04888469;-0.05024861;-0.09134062;-0.006821589;-0.0004843
731.000065803528;17.0755547;17.0756192;-0.0498926;-0.04984974;-0.2188052;-0.2175956;-0.0000645
732.062518596649;17.0191308;17.0193524;-0.05019819;-0.04999265;-0.109935;-0.1979191;-0.0002216
733.125030994415;16.9697025;16.9691653;-0.04876957;-0.05007392;-0.1224835;-0.1017289;0.0005372
734.187543392181;16.9139062;16.9131965;-0.05000426;-0.04990837;-0.1051612;-0.09933611;0.0007097
735.250055789948;16.8645938;16.8634267;-0.04878663;-0.04979712;-0.151287;-0.1018806;0.0011671
736.312568187714;16.8086530;16.8079347;-0.04988481;-0.04947537;-0.1030973;-0.1622353;0.0007183
737.375020980835;16.7594720;16.7589397;-0.04897585;-0.0491429;-0.2144992;-0.1967098;0.0005323
738.437533378601;16.7034331;16.7042823;-0.04996701;-0.04882023;-0.1542561;-0.2283679;-0.0008492
739.500045776367;16.6542280;16.6554661;-0.04905201;-0.04880854;-0.1716402;-0.1822129;-0.0012381
740.562558174133;16.5991250;16.6008682;-0.04919422;-0.04863822;-0.1991079;-0.1632868;-0.0017432
741.625010967255;16.5501250;16.5519328;-0.04920142;-0.04884376;-0.1910182;-0.2158624;-0.0018078
742.687523365021;16.4950000;16.4966197;-0.04918046;-0.04901627;-0.181085;-0.1680714;-0.0016197
743.750035762787;16.4460000;16.4475054;-0.04916773;-0.04906626;-0.1782041;-0.1749873;-0.0015054
744.812548160553;16.3908846;16.3924904;-0.04910958;-0.04898327;-0.1908985;-0.1896836;-0.0016058
745.875060558319;16.3418257;16.3434953;-0.04955288;-0.04900865;-0.170337;-0.2249261;-0.0016696
746.93751335144;16.2870356;16.2883610;-0.0479784;-0.04900699;-0.1160787;-0.04776277;-0.0013254
748.000025749207;16.2388047;16.2400813;-0.04902765;-0.04853437;-0.2534114;-0.2751047;-0.0012766
749.062538146973;16.1835058;16.1850662;-0.04934735;-0.0487895;-0.1417431;-0.1912069;-0.0015604
750.125050544739;16.1350775;16.1358328;-0.04791358;-0.04902932;-0.1466331;-0.1306784;-0.0007553
751.187562942505;16.0804297;16.0808773;-0.0491332;-0.04894476;-0.1389575;-0.1762741;-0.0004476
752.250015735626;16.0319375;16.0314650;-0.04790569;-0.0492421;-0.05302704;-0.05983821;0.0004725
753.312528133392;15.9781289;15.9768672;-0.04796522;-0.04872593;-0.1971063;-0.1813909;0.0012617
754.375040531158;15.9292998;15.9283490;-0.04888462;-0.04861223;-0.1131362;-0.1163374;0.0009508
755.437552928925;15.8749780;15.8738703;-0.04779064;-0.04843191;-0.1100006;-0.07369415;0.0011077
756.500065326691;15.8270000;15.8262462;-0.04791601;-0.04789215;-0.1519819;-0.1334165;0.0007538
757.562518119812;15.7730000;15.7729001;-0.04798887;-0.0475598;-0.1777519;-0.2252333;0.0000999
758.625030517578;15.7250000;15.7253356;-0.04803739;-0.04755965;-0.1839886;-0.1313999;-0.0003356
759.687542915344;15.6710000;15.6715126;-0.04805711;-0.0477149;-0.1788863;-0.1912402;-0.0005126
760.75005531311;15.6230000;15.6237097;-0.04799573;-0.0477724;-0.1801063;-0.1476712;-0.0007097
761.812567710876;15.5689507;15.5700059;-0.04848442;-0.04775087;-0.1700025;-0.172996;-0.0010552
762.875020503998;15.5211402;15.5222029;-0.04696769;-0.04772653;-0.09655049;-0.06496278;-0.0010627
763.937532901764;15.4680547;15.4693336;-0.04802791;-0.04720797;-0.2645774;-0.3013152;-0.0012789
765.00004529953;15.4199097;15.4220671;-0.04852422;-0.04729054;-0.1904892;-0.2330584;-0.0021574
766.062557697296;15.3664525;15.3681249;-0.04701576;-0.04773159;-0.1703053;-0.1238468;-0.0016724
767.125070095062;15.3189443;15.3205604;-0.04832492;-0.04763526;-0.1903788;-0.2037544;-0.0016161
768.187522888184;15.2654609;15.2665586;-0.04708063;-0.04783541;-0.1080825;-0.05567969;-0.0010977
769.25003528595;15.2184766;15.2191133;-0.04707094;-0.04757307;-0.1240773;-0.1017283;-0.0006367
770.312547683716;15.1657539;15.1663632;-0.04717368;-0.04712575;-0.2538847;-0.2218894;-0.0006093
771.375060081482;15.1179248;15.1189179;-0.04810121;-0.04739995;-0.1527819;-0.1880388;-0.0009931
772.437512874603;15.0647280;15.0648565;-0.04692838;-0.04779632;-0.1117228;-0.1341513;-0.0001285
773.500025272369;15.0177500;15.0170536;-0.04692241;-0.04774371;-0.1127047;-0.1064802;0.0006964
774.562537670135;14.9648750;14.9638862;-0.04688983;-0.04741244;-0.1247204;-0.103576;0.0009888
775.625050067902;14.9178846;14.9170370;-0.04697489;-0.04709785;-0.155809;-0.1778298;0.0008476
776.687562465668;14.8650000;14.8645253;-0.04586377;-0.04678323;-0.04605798;-0.05420012;0.0004747
777.750015258789;14.8190000;14.8186893;-0.04663204;-0.04615862;-0.2470611;-0.2382029;0.0003107
778.812527656555;14.7660757;14.7668929;-0.04745791;-0.04612578;-0.1984588;-0.2546058;-0.0008172
779.875040054321;14.7192748;14.7201032;-0.04587224;-0.04655896;-0.1071133;-0.1077092;-0.0008284
780.937552452087;14.6671973;14.6681876;-0.04732908;-0.04627875;-0.2090693;-0.2834102;-0.0009903
782.000064849854;14.6205527;14.6218152;-0.04592191;-0.04631642;-0.155917;-0.1193815;-0.0012625
783.062517642975;14.5683193;14.5698995;-0.04732091;-0.04620714;-0.2087901;-0.2772841;-0.0015802
784.125030040741;14.5216865;14.5234079;-0.04622044;-0.04640042;-0.1170997;-0.1351499;-0.0017214
785.187542438507;14.4701328;14.4717903;-0.04614301;-0.04603255;-0.2550249;-0.2043341;-0.0016575
786.250054836273;14.4234297;14.4257159;-0.04733806;-0.04611726;-0.2051997;-0.2446245;-0.0022862
787.312567234039;14.3712181;14.3732638;-0.04615729;-0.04643119;-0.1510958;-0.07124354;-0.0020457
788.375020027161;14.3252500;14.3271298;-0.04620944;-0.04623131;-0.1770424;-0.1623396;-0.0018798
789.437532424927;14.2735171;14.2753334;-0.04625184;-0.04611685;-0.1990646;-0.2062747;-0.0018163
790.500044822693;14.2273940;14.2289610;-0.04591157;-0.0462769;-0.06822554;-0.09051677;-0.0015670
791.562557220459;14.1766675;14.1774626;-0.04535388;-0.04590546;-0.2207926;-0.2059679;-0.0007951
792.625069618225;14.1307609;14.1316266;-0.04618597;-0.04592519;-0.1878517;-0.2632992;-0.0008657
793.687522411346;14.0790000;14.0792341;-0.04644275;-0.04639298;-0.1584132;-0.1917074;-0.0002341
794.750034809113;14.0330000;14.0324444;-0.04477143;-0.04659797;-0.01359869;0.005372567;0.0005556
795.812547206879;13.9822252;13.9808268;-0.04606424;-0.04605625;-0.1712276;-0.1777897;0.0013984
796.875059604645;13.9363998;13.9351101;-0.04463625;-0.04586622;-0.06826057;-0.05395069;0.0012897
797.937572002411;13.8854644;13.8843865;-0.04604917;-0.04538843;-0.1885832;-0.2297486;0.0010779
799.000024795532;13.8397124;13.8389678;-0.04498214;-0.04540541;-0.08831178;-0.1362385;0.0007446
800.062537193298;13.7891250;13.7884230;-0.04492178;-0.04504494;-0.1429591;-0.1209774;0.0007020
801.125049591064;13.7441250;13.7440772;-0.04499467;-0.0446091;-0.1741473;-0.2128738;0.0000478
802.187561988831;13.6935000;13.6941285;-0.04507002;-0.04444723;-0.1921841;-0.220377;-0.0006285
803.250014781952;13.6485000;13.6496038;-0.04512298;-0.04448212;-0.1977973;-0.1707863;-0.0011038
804.312527179718;13.5978750;13.5992379;-0.04515185;-0.04468514;-0.1922413;-0.2029287;-0.0013629
805.375039577484;13.5528750;13.5543556;-0.04516496;-0.04480448;-0.1889758;-0.1851176;-0.0014806
806.43755197525;13.5022500;13.5036320;-0.04515398;-0.04499722;-0.1790715;-0.2286528;-0.0013820
807.500064373016;13.4572671;13.4588093;-0.0452213;-0.04489144;-0.2032645;-0.1492489;-0.0015422
808.562517166138;13.4065620;13.4080262;-0.04473898;-0.04506224;-0.06424982;-0.06736807;-0.0014642
809.625029563904;13.3625521;13.3636803;-0.04446034;-0.04460437;-0.2511554;-0.2380386;-0.0011282
810.68754196167;13.3120000;13.3136720;-0.04401962;-0.04456113;-0.0947447;-0.1590514;-0.0016720
811.750054359436;13.2680000;13.2692666;-0.04522445;-0.04447023;-0.2683868;-0.2800822;-0.0012666
812.812566757202;13.2174754;13.2187218;-0.04428568;-0.04480086;-0.09269741;-0.09399866;-0.0012464
813.875019550323;13.1734904;13.1741376;-0.04414144;-0.04464745;-0.1303778;-0.1198955;-0.0006472
814.93753194809;13.1240903;13.1246061;-0.04377361;-0.04424257;-0.1932516;-0.1313528;-0.0005158
816.000044345856;13.0797144;13.0803795;-0.04524337;-0.04427901;-0.2231062;-0.3263282;-0.0006651
817.062556743622;13.0294583;13.0294771;-0.04400502;-0.0449481;-0.08359741;-0.07179675;-0.0000188
818.125069141388;12.9855218;12.9847736;-0.04389092;-0.04477311;-0.1235458;-0.1456001;0.0007482
819.187521934509;12.9358672;12.9350633;-0.0439521;-0.04438451;-0.05306686;-0.1006477;0.0008039
820.250034332275;12.8925703;12.8916115;-0.04280984;-0.04375493;-0.1383474;-0.06908733;0.0009588
821.312546730042;12.8435319;12.8434510;-0.04406162;-0.04316496;-0.2171038;-0.2222864;0.0000809
822.375059127808;12.7995218;12.8000588;-0.04408554;-0.04333743;-0.2163176;-0.223572;-0.0005370
823.437571525574;12.7498940;12.7507062;-0.04382747;-0.04368896;-0.08204474;-0.1000836;-0.0008122
824.500024318695;12.7068340;12.7071948;-0.04321728;-0.04352828;-0.225562;-0.2603446;-0.0003608
825.562536716461;12.6574575;12.6586766;-0.04387053;-0.04330426;-0.1167383;-0.1786304;-0.0012191
826.625049114227;12.6143545;12.6156420;-0.04298459;-0.04310906;-0.148663;-0.1294173;-0.0012875
827.687561511993;12.5660000;12.5676007;-0.04426168;-0.04285522;-0.3022609;-0.3306998;-0.0016007
828.75007390976;12.5220000;12.5239105;-0.04346286;-0.04341609;-0.1132099;-0.1729369;-0.0019105
829.812526702881;12.4736250;12.4752135;-0.04317699;-0.04330595;-0.1654799;-0.1411366;-0.0015885
830.875039100647;12.4306250;12.4323578;-0.04319306;-0.04303446;-0.1827893;-0.1921341;-0.0017328
831.937551498413;12.3822500;12.3839588;-0.04319039;-0.0430479;-0.183411;-0.2019493;-0.0017088
833.000063896179;12.3392500;12.3409838;-0.04319317;-0.04300769;-0.1872658;-0.2172626;-0.0017338
834.062516689301;12.2908968;12.2924657;-0.04314908;-0.04307489;-0.1955453;-0.164512;-0.0015689
835.125029087067;12.2477558;12.2491927;-0.04333359;-0.04319002;-0.118411;-0.1588785;-0.0014369
836.187541484833;12.2000703;12.2005553;-0.0419707;-0.04314093;-0.1462182;-0.08060887;-0.0004850
837.250053882599;12.1575625;12.1579976;-0.04309014;-0.04276791;-0.2227294;-0.2372414;-0.0004351
838.312566280365;12.1089961;12.1094198;-0.04294141;-0.04309051;-0.0768783;-0.1246819;-0.0004237
839.375019073486;12.0668470;12.0663256;-0.04197706;-0.04307133;-0.1732806;-0.1635503;0.0005214
840.437531471252;12.0186831;12.0182247;-0.04282132;-0.04285409;-0.0883996;-0.1161305;0.0004584
841.500043869019;11.9764780;11.9754286;-0.04179714;-0.04276357;-0.09445654;-0.04654562;0.0010494
842.562556266785;11.9292404;11.9281025;-0.04180388;-0.04229516;-0.1126186;-0.1224231;0.0011379
843.625068664551;11.8873130;11.8862600;-0.04230683;-0.04203943;-0.2550493;-0.2652618;0.0010530
844.687521457672;11.8390000;11.8386359;-0.04220943;-0.04228281;-0.0868385;-0.07229843;0.0003641
845.750033855438;11.7970000;11.7963762;-0.04184716;-0.04223878;-0.1354222;-0.07058768;0.0006238
846.812546253204;11.7497007;11.7492289;-0.04231429;-0.04200258;-0.1321844;-0.131059;0.0004718
847.87505865097;11.7078902;11.7076845;-0.04082637;-0.04169516;-0.07572301;-0.04807105;0.0002057
848.937571048737;11.6615376;11.6619677;-0.04198281;-0.04096663;-0.2499516;-0.2709742;-0.0004301
850.000023841858;11.6195171;11.6210193;-0.04211789;-0.04098238;-0.2381688;-0.2266578;-0.0015022
851.062536239624;11.5721308;11.5741105;-0.04239407;-0.04148865;-0.1530918;-0.1879553;-0.0019797
852.12504863739;11.5307025;11.5320892;-0.04098393;-0.04179066;-0.1582395;-0.0812348;-0.0013867
853.187561035156;11.4839297;11.4855380;-0.04226252;-0.04153518;-0.167576;-0.2319766;-0.0016083
854.250073432922;11.4424375;11.4439339;-0.04112506;-0.04156126;-0.108166;-0.07948872;-0.0014964
855.312526226044;11.3965039;11.3979192;-0.04126348;-0.04107364;-0.262921;-0.282573;-0.0014153
856.37503862381;11.3546748;11.3565535;-0.04219988;-0.04127495;-0.1672926;-0.2068186;-0.0018787
857.437551021576;11.3082280;11.3096447;-0.0410719;-0.04153504;-0.139912;-0.09981623;-0.0014167
858.500063419342;11.2672500;11.2686367;-0.0411545;-0.04122685;-0.1666721;-0.2311029;-0.0013867
859.562575817108;11.2211250;11.2225623;-0.04116014;-0.04107797;-0.1763705;-0.1461155;-0.0014373
860.625028610229;11.1801250;11.1815543;-0.04115925;-0.04105209;-0.1788028;-0.1360676;-0.0014293
861.687541007996;11.1340000;11.1351223;-0.04154171;-0.04118758;-0.1759434;-0.169726;-0.0011223
862.750053405762;11.0930000;11.0935778;-0.03998104;-0.04137745;-0.03532634;-0.05689194;-0.0005778
863.812565803528;11.0479092;11.0477419;-0.04076521;-0.04093438;-0.2129111;-0.2010208;0.0001673
864.875018596649;11.0068257;11.0069723;-0.04138319;-0.04086997;-0.1560621;-0.1855962;-0.0001466
865.937530994415;10.9610527;10.9607191;-0.03974408;-0.04096315;-0.1029029;-0.05899781;0.0003336
867.000043392181;10.9207144;10.9200687;-0.04109733;-0.04076313;-0.1737394;-0.1724045;0.0006457
868.062555789948;10.8749365;10.8742923;-0.03995687;-0.04069642;-0.06746599;-0.03449024;0.0006442
869.125068187714;10.8351192;10.8344168;-0.03974824;-0.04014758;-0.1943548;-0.1235397;0.0007024
870.187520980835;10.7894297;10.7899518;-0.0411415;-0.0397887;-0.1920316;-0.2336939;-0.0005221
871.250033378601;10.7489609;10.7495994;-0.04002947;-0.04012429;-0.1337713;-0.09675726;-0.0006385
872.312545776367;10.7040000;10.7047171;-0.0400799;-0.03995324;-0.1671806;-0.1438016;-0.0007171
873.375058174133;10.6640000;10.6649608;-0.04010705;-0.0398167;-0.1782754;-0.193335;-0.0009608
874.437570571899;10.6190000;10.6203170;-0.04014673;-0.03975032;-0.1877798;-0.1899983;-0.0013170
875.500023365021;10.5790171;10.5805011;-0.04021482;-0.03980254;-0.2039457;-0.2203451;-0.0014840
876.562535762787;10.5339370;10.5356188;-0.03976323;-0.03986923;-0.07421524;-0.01312782;-0.0016818
877.625048160553;10.4949271;10.4962797;-0.03948534;-0.03950496;-0.2565809;-0.1882676;-0.0013526
878.687560558319;10.4500000;10.4518742;-0.03904215;-0.03952537;-0.09678278;-0.1113632;-0.0018742
879.750072956085;10.4110000;10.4126544;-0.04035099;-0.03933782;-0.2773484;-0.299088;-0.0016544
880.812525749207;10.3661498;10.3678913;-0.03897398;-0.03968799;-0.1195204;-0.1266814;-0.0017415
881.875038146973;10.3269848;10.3284330;-0.04031207;-0.03954977;-0.2424558;-0.2603168;-0.0014482
882.937550544739;10.2822124;10.2836103;-0.03922085;-0.03976918;-0.1039447;-0.09820035;-0.0013979
884.000062942505;10.2432500;10.2440924;-0.03909386;-0.03962167;-0.1409774;-0.1407126;-0.0008424
885.062575340271;10.1993750;10.2000446;-0.0390746;-0.03929533;-0.1559191;-0.1219909;-0.0006696
886.125028133392;10.1603750;10.1608247;-0.0390501;-0.03926592;-0.1548139;-0.1682464;-0.0004497
887.187540531158;10.1165000;10.1165981;-0.03901093;-0.0393406;-0.146369;-0.1519309;-0.0000981
888.250052928925;10.0775000;10.0770206;-0.03894658;-0.039497;-0.1300979;-0.1479062;0.0004794
889.312565326691;10.0336468;10.0324363;-0.03889084;-0.0395604;-0.131275;-0.09658651;0.0012105
890.375077724457;9.9944961;9.9929781;-0.03872507;-0.03948734;-0.02183706;-0.01032931;0.0015180
891.437530517578;9.9515840;9.9495263;-0.03794781;-0.0388261;-0.1743919;-0.1687581;0.0020577
892.500042915344;9.9126660;9.9111409;-0.03865299;-0.03856822;-0.06259083;-0.0959995;0.0015251
893.56255531311;9.8698021;9.8680467;-0.03813905;-0.03837193;-0.2147085;-0.146258;0.0017554
894.625067710876;9.8308229;9.8297209;-0.03854258;-0.03837262;-0.05997422;-0.1172698;0.0011020
895.687520503998;9.7880000;9.7868652;-0.0389569;-0.0381722;-0.2372356;-0.2283357;0.0011348
896.750032901764;9.7490000;9.7485394;-0.03819868;-0.03828368;-0.07411852;-0.07818177;0.0004606
897.81254529953;9.7062500;9.7058029;-0.03795018;-0.03806309;-0.1346869;-0.1709982;0.0004471
898.875057697296;9.6682500;9.6683712;-0.0380135;-0.03767386;-0.1624576;-0.2141397;-0.0001212
899.937570095062;9.6255000;9.6264095;-0.03810133;-0.03742816;-0.1866087;-0.1963528;-0.0009095
901.000022888184;9.5875171;9.5887990;-0.03809335;-0.03754563;-0.1962235;-0.2361908;-0.0012819
902.06253528595;9.5446308;9.5462413;-0.03835294;-0.03773628;-0.1248766;-0.1563935;-0.0016105
903.125047683716;9.5071807;9.5085115;-0.03700342;-0.0376985;-0.1391228;-0.08761434;-0.0013308
904.187560081482;9.4650625;9.4669075;-0.03824723;-0.03723472;-0.2521358;-0.303835;-0.0018450
905.250072479248;9.4268672;9.4291181;-0.03829245;-0.03763025;-0.1255675;-0.1925013;-0.0022509
906.312525272369;9.3849720;9.3865008;-0.03720549;-0.03773292;-0.204835;-0.1254398;-0.0015288
907.375037670135;9.3471748;9.3489499;-0.03818833;-0.03766099;-0.136601;-0.1464359;-0.0017751
908.437550067902;9.3052280;9.3067498;-0.03708362;-0.0375497;-0.1311592;-0.07411237;-0.0015218
909.500062465668;9.2682329;9.2696161;-0.03710463;-0.0372903;-0.1386153;-0.1267266;-0.0013832
910.562574863434;9.2266880;9.2279525;-0.03756504;-0.03714222;-0.2763964;-0.2413756;-0.0012645
911.625027656555;9.1887075;9.1901631;-0.03789688;-0.03757516;-0.1047047;-0.1089098;-0.0014556
912.687540054321;9.1470000;9.1474862;-0.03747083;-0.03774874;-0.1283351;-0.1155646;-0.0004862
913.750052452087;9.1100000;9.1101141;-0.03592938;-0.0374797;-0.01315183;0.008280464;-0.0001141
914.812564849854;9.0693996;9.0691061;-0.03682049;-0.03676683;-0.2034509;-0.235392;0.0002935
915.87507724762;9.0323846;9.0323896;-0.03693066;-0.03675823;-0.1704694;-0.11922;-0.0000050
916.937530040741;8.9906597;8.9904875;-0.03726467;-0.0371222;-0.105913;-0.1439528;0.0001722
918.000042438507;8.9540527;8.9532943;-0.03569675;-0.03711711;-0.07786682;-0.06323456;0.0007584
919.062554836273;8.9130475;8.9122266;-0.03707911;-0.03671221;-0.125916;-0.1429247;0.0008209
920.125067234039;8.8765775;8.8758082;-0.03574371;-0.03650253;-0.1346127;-0.09781345;0.0007693
921.187579631805;8.8354297;8.8350982;-0.0370464;-0.03630331;-0.142167;-0.1894556;0.0003315
922.250032424927;8.7989609;8.7989182;-0.03595357;-0.03623999;-0.106139;-0.1336281;0.0000427
923.312544822693;8.7585000;8.7588043;-0.0360339;-0.03583867;-0.1545935;-0.1225194;-0.0003043
924.375057220459;8.7225000;8.7231607;-0.03607361;-0.03572504;-0.1658327;-0.1649426;-0.0006607
925.437569618225;8.6820000;8.6832852;-0.03614319;-0.0355367;-0.1851669;-0.1949049;-0.0012852
926.500022411346;8.6460000;8.6475820;-0.03617626;-0.03563748;-0.1853824;-0.2326128;-0.0015820
927.562534809113;8.6055000;8.6072297;-0.03619272;-0.03579243;-0.1811015;-0.2004438;-0.0017297
928.625047206879;8.5695096;8.5712285;-0.03626085;-0.0359182;-0.1896838;-0.2162627;-0.0017189
929.687559604645;8.5290000;8.5305781;-0.03509249;-0.03602797;-0.05316429;-0.03785843;-0.0015781
930.750072002411;8.4940000;8.4953518;-0.03581728;-0.03551397;-0.2445948;-0.1897041;-0.0013518
931.812524795532;8.4534603;8.4555955;-0.03653542;-0.03544432;-0.1999757;-0.2062215;-0.0021352
932.875037193298;8.4175908;8.4193558;-0.0354128;-0.03594602;-0.07357769;-0.1332631;-0.0017650
933.937549591064;8.3783403;8.3794207;-0.03483652;-0.03560231;-0.1692868;-0.06683805;-0.0010804
935.000061988831;8.3429644;8.3444328;-0.03633288;-0.0352499;-0.2229324;-0.2732718;-0.0014684
936.062574386597;8.3028333;8.3043785;-0.03517509;-0.03550767;-0.1157206;-0.08825479;-0.0015452
937.125027179718;8.2678750;8.2689733;-0.03512236;-0.0354287;-0.1441765;-0.1531367;-0.0010983
938.187539577484;8.2285000;8.2293958;-0.0350998;-0.03525305;-0.1512295;-0.1494726;-0.0008958
939.25005197525;8.1935000;8.1942291;-0.03508123;-0.03517913;-0.1533115;-0.1687188;-0.0007291
940.312564373016;8.1541468;8.1545920;-0.03507531;-0.03523336;-0.16266;-0.2023095;-0.0004452
941.375076770782;8.1189961;8.1193061;-0.03492875;-0.03527121;-0.05145881;-0.1037745;-0.0003100
942.437529563904;8.0805840;8.0799670;-0.03410834;-0.03497627;-0.1813562;-0.154475;0.0006170
943.50004196167;8.0456660;8.0452175;-0.03477294;-0.034858;-0.05834644;-0.07273265;0.0004485
944.562554359436;8.0073021;8.0063553;-0.03422915;-0.03461746;-0.2098218;-0.1712252;0.0009468
945.625066757202;7.9723229;7.9719038;-0.03461866;-0.03455298;-0.05728954;-0.08000538;0.0004191
946.687579154968;7.9340000;7.9331608;-0.03498983;-0.03449164;-0.2224929;-0.1917059;0.0008392
947.75003194809;7.8990000;7.8984112;-0.0341844;-0.03467793;-0.0496769;-0.07123414;0.0005888
948.812544345856;7.8607500;7.8596682;-0.03387947;-0.0344819;-0.1014817;-0.09974086;0.0010818
949.875056743622;7.8267500;7.8259916;-0.0339155;-0.03396754;-0.1315471;-0.1399328;0.0007584
950.937569141388;7.7885000;7.7882619;-0.03397347;-0.03372473;-0.1508816;-0.1930868;0.0002381
952.000021934509;7.7545000;7.7548237;-0.03403606;-0.03356761;-0.1668927;-0.13616;-0.0003237
953.062534332275;7.7162500;7.7168555;-0.03406746;-0.03368017;-0.165531;-0.1220449;-0.0006055
954.125046730042;7.6822718;7.6830597;-0.03406207;-0.03375275;-0.1774701;-0.140349;-0.0007879
955.187559127808;7.6438672;7.6450915;-0.03417807;-0.03377939;-0.09441012;-0.1213731;-0.0012243
956.250071525574;7.6105938;7.6114745;-0.03301479;-0.03365927;-0.1672106;-0.1475332;-0.0008807
957.312524318695;7.5726530;7.5742216;-0.03413961;-0.03332002;-0.1253669;-0.1804763;-0.0015686
958.375036716461;7.5394720;7.5407238;-0.03317463;-0.03339785;-0.2104169;-0.1444308;-0.0012518
959.437549114227;7.5014331;7.5031728;-0.03406623;-0.03344414;-0.1199989;-0.1616453;-0.0017397
960.500061511993;7.4682280;7.4697942;-0.03308856;-0.03336068;-0.1336059;-0.128719;-0.0015662
961.56257390976;7.4311250;7.4327202;-0.03317773;-0.0331115;-0.1584847;-0.1616559;-0.0015952
962.625026702881;7.3981250;7.4000568;-0.03321524;-0.03284904;-0.1781471;-0.1912593;-0.0019318
963.687539100647;7.3610000;7.3631615;-0.03324083;-0.0328224;-0.1846713;-0.1399035;-0.0021615
964.750051498413;7.3280000;7.3300214;-0.03322522;-0.03303748;-0.1734723;-0.1867933;-0.0020214
965.812563896179;7.2908750;7.2922320;-0.03315119;-0.03343168;-0.1455879;-0.1904252;-0.0013570
966.875076293945;7.2578846;7.2585554;-0.03300541;-0.03357636;-0.1349062;-0.1108331;-0.0006708
967.937529087067;7.2206597;7.2211237;-0.03333555;-0.03335156;-0.1005213;-0.2080134;-0.0004640
969.000041484833;7.1880527;7.1885795;-0.03183994;-0.03280969;-0.1098744;-0.002792754;-0.0005268
970.062553882599;7.1515693;7.1525187;-0.03325063;-0.03232457;-0.1828105;-0.2207046;-0.0009494
971.125066280365;7.1189365;7.1198554;-0.03213103;-0.03257065;-0.08544111;-0.09989803;-0.0009189
972.187578678131;7.0831328;7.0829005;-0.03193245;-0.03274323;-0.1791773;-0.1365341;0.0002323
973.250031471252;7.0504297;7.0498199;-0.03301539;-0.03298019;-0.105364;-0.1217217;0.0006098
974.312543869019;7.0139681;7.0127458;-0.03179317;-0.03291945;-0.06226055;-0.03013371;0.0012223
975.375056266785;6.9820000;6.9807977;-0.03186604;-0.03231097;-0.109078;-0.1009705;0.0012023
976.437568664551;6.9460000;6.9453926;-0.03193232;-0.03177978;-0.1437974;-0.1568537;0.0006074
977.500081062317;6.9140000;6.9138021;-0.03197795;-0.03168706;-0.1540069;-0.1390191;0.0001979
978.562533855438;6.8780096;6.8780393;-0.03207264;-0.03174714;-0.167776;-0.1765234;-0.0000297
979.625046253204;6.8459370;6.8460912;-0.03159302;-0.03186547;-0.03450344;-0.0557091;-0.0001542
980.68755865097;6.8110000;6.8114013;-0.03171137;-0.03114178;-0.2409484;-0.2215553;-0.0004013
981.750071048737;6.7790000;6.7799897;-0.03252693;-0.03134222;-0.1963727;-0.213427;-0.0009897
982.812523841858;6.7431498;6.7440481;-0.03088003;-0.03176152;-0.08131228;-0.004123893;-0.0008983
983.875036239624;6.7119848;6.7123980;-0.03219675;-0.03167098;-0.198291;-0.2143295;-0.0004132
984.93754863739;6.6762124;6.6767544;-0.03112549;-0.03165232;-0.0735063;-0.05765005;-0.0005420
986.000061035156;6.6452500;6.6459388;-0.03107674;-0.03108797;-0.1412423;-0.1611364;-0.0006888
987.062573432922;6.6103750;6.6122026;-0.03120362;-0.03039304;-0.1940513;-0.1767893;-0.0018276
988.125026226044;6.5793750;6.5821023;-0.03130387;-0.03023387;-0.2167948;-0.2240766;-0.0027273
989.18753862381;6.5445000;6.5472336;-0.03130457;-0.03081658;-0.1897598;-0.2553679;-0.0027336
990.250051021576;6.5135000;6.5157623;-0.03125206;-0.03124586;-0.1632914;-0.1755953;-0.0022623
991.312563419342;6.4786250;6.4802975;-0.03118634;-0.03142716;-0.1475606;-0.1384864;-0.0016725
992.375075817108;6.4476468;6.4491243;-0.03119033;-0.03125181;-0.1706149;-0.1947418;-0.0014775
993.437528610229;6.4126440;6.4142556;-0.03091654;-0.03105942;-0.06296202;-0.08184626;-0.0016116
994.500041007996;6.3825840;6.3839764;-0.03033222;-0.03055429;-0.2281713;-0.2312653;-0.0013924
995.562553405762;6.3478229;6.3498826;-0.03089485;-0.03045207;-0.09761958;-0.09478224;-0.0020597
996.625065803528;6.3178021;6.3193650;-0.03050877;-0.03048176;-0.2533457;-0.2155857;-0.0015629
997.687578201294;6.2830000;6.2843175;-0.03039679;-0.03094758;-0.06699664;-0.1078862;-0.0013175
998.750030994415;6.2530000;6.2533827;-0.03004264;-0.03091181;-0.105892;-0.09443646;-0.0003827
999.812543392181;6.2192500;6.2195868;-0.03003752;-0.03031306;-0.1361786;-0.09456249;-0.0003368
1000.8749961853;6.1892500;6.1900229;-0.03008611;-0.02983068;-0.1674216;-0.1960117;-0.0007729
1001.93750858307;6.1555000;6.1563463;-0.03009429;-0.02991133;-0.1651077;-0.1574501;-0.0008463
1003.00002098083;6.1255000;6.1260671;-0.03006318;-0.03016033;-0.1490657;-0.1448622;-0.0005671
1004.0625333786;6.0917718;6.0915560;-0.02995024;-0.03048693;-0.1339957;-0.1575367;0.0002158
1005.12504577637;6.0616308;6.0606212;-0.03006101;-0.03075127;-0.03813623;-0.1015424;0.0010096
1006.18755817413;6.0285938;6.0266466;-0.02869971;-0.03030029;-0.09897066;-0.0373227;0.0019472
1007.2500705719;5.9989062;5.9974403;-0.02992;-0.02963316;-0.09075548;-0.1241856;0.0014659
1008.31258296967;5.9659720;5.9646578;-0.02888873;-0.02926918;-0.1801967;-0.0955217;0.0013142
1009.37509536743;5.9361748;5.9355707;-0.02992325;-0.02922308;-0.1150285;-0.1592198;0.0006041
1010.4376077652;5.9032280;5.9023709;-0.02881856;-0.02938395;-0.09342117;-0.05965497;0.0008571
1011.50000095367;5.8742329;5.8733434;-0.02885141;-0.02915368;-0.09892859;-0.1271669;0.0008895
1012.56251335144;5.8416880;5.8410377;-0.0293517;-0.02884897;-0.247739;-0.2522343;0.0006503
1013.62502574921;5.8117171;5.8116526;-0.02979685;-0.02925327;-0.09541181;-0.1571431;0.0000645
1014.68753814697;5.7790000;5.7788701;-0.02790219;-0.02914162;-0.007772992;-0.02654331;0.0001299
1015.75005054474;5.7510000;5.7507963;-0.0287273;-0.02844504;-0.2084275;-0.2128926;0.0002037
1016.8125629425;5.7183846;5.7192058;-0.02902216;-0.02826509;-0.1884197;-0.2447771;-0.0008212
1017.87507534027;5.6893257;5.6906552;-0.02951499;-0.02848125;-0.1639204;-0.2198256;-0.0013295
1018.93758773804;5.6570527;5.6581707;-0.02790581;-0.02871457;-0.1086729;-0.07172746;-0.0011180
1020.0001001358;5.6286973;5.6300373;-0.02936805;-0.02836211;-0.1868217;-0.1841819;-0.0013400
1021.06261253357;5.5965775;5.5979700;-0.02798457;-0.02844805;-0.1554722;-0.1522325;-0.0013925
1022.12500572205;5.5680693;5.5697770;-0.02933512;-0.02830032;-0.1833295;-0.1775235;-0.0017077
1023.18751811981;5.5359609;5.5375309;-0.02813326;-0.02851565;-0.1059057;-0.08420656;-0.0015700
1024.25003051758;5.5080000;5.5093975;-0.0281557;-0.0282477;-0.1413225;-0.1237121;-0.0013975
1025.31254291534;5.4765000;5.4781646;-0.02818546;-0.02789339;-0.1645906;-0.150607;-0.0016646
1026.37505531311;5.4485000;5.4503293;-0.02820382;-0.02787475;-0.1693362;-0.1944077;-0.0018293
1027.43756771088;5.4170000;5.4190368;-0.02822693;-0.02787242;-0.1742475;-0.1722617;-0.0020368
1028.50008010864;5.3890000;5.3912611;-0.02825193;-0.02781053;-0.1823649;-0.1700741;-0.0022611
1029.56259250641;5.3575096;5.3597898;-0.02832339;-0.0278931;-0.194234;-0.218312;-0.0022802
1030.62510490417;5.3294370;5.3315968;-0.02781648;-0.02806992;-0.05629415;-0.06373022;-0.0021598
1031.68749809265;5.2990000;5.3003044;-0.028312;-0.02787005;-0.2281425;-0.2261292;-0.0013044
1032.75001049042;5.2710000;5.2722902;-0.02697708;-0.02794714;-0.05247642;0.01022428;-0.0012902
1033.81252288818;5.2404848;5.2414746;-0.02826099;-0.02756637;-0.2171255;-0.2314429;-0.0009898
1034.87503528595;5.2125908;5.2139969;-0.02737281;-0.02751441;-0.08642493;-0.07746134;-0.0014061
1035.93754768372;5.1823403;5.1834197;-0.02683641;-0.02726896;-0.1820135;-0.1348248;-0.0010794
1037.00006008148;5.1549644;5.1561804;-0.02830475;-0.02729535;-0.2126655;-0.3022777;-0.0012160
1038.06257247925;5.1238333;5.1241727;-0.02704074;-0.02807475;-0.06466812;-0.07795455;-0.0003394
1039.12508487701;5.0968968;5.0960393;-0.02687874;-0.02805981;-0.09042739;-0.04840213;0.0008575
1040.18759727478;5.0663672;5.0651641;-0.02690762;-0.0276336;-0.01752757;-0.03073369;0.0012031
1041.25010967255;5.0400703;5.0385208;-0.02574402;-0.02697632;-0.1011228;-0.074885;0.0015495
1042.31250286102;5.0101787;5.0094337;-0.02701334;-0.02627856;-0.1993273;-0.2365795;0.0007450
1043.37501525879;4.9829961;4.9828500;-0.02687793;-0.02652054;-0.07095522;-0.1239984;0.0001461
1044.43752765656;4.9535840;4.9531669;-0.02613061;-0.0263823;-0.2020314;-0.1823363;0.0004171
1045.50004005432;4.9266660;4.9267621;-0.02683362;-0.02643485;-0.07547045;-0.09138716;-0.0000961
1046.56255245209;4.8973021;4.8971982;-0.02632306;-0.02628816;-0.2269824;-0.2027793;0.0001039
1047.62506484985;4.8703325;4.8706741;-0.02677276;-0.02646471;-0.07535228;-0.1095769;-0.0003416
1048.68757724762;4.8410000;4.8410506;-0.02600564;-0.02633782;-0.1160005;-0.06769543;-0.0000506
1049.75008964539;4.8150000;4.8151226;-0.02601366;-0.02606568;-0.1309755;-0.1061933;-0.0001226
1050.81260204315;4.7857500;4.7860951;-0.02603845;-0.02587748;-0.1439306;-0.1551727;-0.0003451
1051.87511444092;4.7597500;4.7605247;-0.02608631;-0.02569778;-0.1596482;-0.1357638;-0.0007747
1052.93750762939;4.7305000;4.7317953;-0.02614432;-0.0256132;-0.1723069;-0.1427864;-0.0012953
1054.00002002716;4.7045171;4.7062845;-0.02614744;-0.02558238;-0.1913155;-0.2214527;-0.0017674
1055.06253242493;4.6751308;4.6773762;-0.02642368;-0.02570314;-0.12623;-0.1596132;-0.0022454
1056.12504482269;4.6497025;4.6515078;-0.02503057;-0.02579222;-0.1447248;-0.1209773;-0.0018053
1057.18755722046;4.6209063;4.6230764;-0.02632512;-0.02548612;-0.1445907;-0.2078494;-0.0021701
1058.25006961823;4.5955937;4.5973272;-0.02510981;-0.02561914;-0.1809195;-0.2022189;-0.0017335
1059.31258201599;4.5666748;4.5686574;-0.02621145;-0.02553226;-0.1361011;-0.1301835;-0.0019826
1060.37509441376;4.5413213;4.5430870;-0.02510037;-0.02549296;-0.1056593;-0.1005426;-0.0017657
1061.43760681152;4.5133560;4.5150728;-0.0254543;-0.02508511;-0.2646715;-0.2436762;-0.0017168
1062.5;4.4874331;4.4898004;-0.02613615;-0.02526259;-0.1406036;-0.1404592;-0.0023673
1063.56251239777;4.4591141;4.4610114;-0.02512187;-0.02543866;-0.1432117;-0.1458907;-0.0018973
1064.62502479553;4.4341346;4.4357390;-0.02524809;-0.02531333;-0.1650688;-0.1182036;-0.0016044
1065.6875371933;4.4060000;4.4075460;-0.02408892;-0.02512112;-0.0450961;-0.005573766;-0.0015460
1066.75004959106;4.3820000;4.3834657;-0.02482997;-0.02442997;-0.2476393;-0.2465119;-0.0014657
1067.81256198883;4.3538257;4.3560476;-0.02561442;-0.02442133;-0.1940412;-0.2362356;-0.0022219
1068.8750743866;4.3290248;4.3309540;-0.02399489;-0.0248054;-0.1018942;-0.05215396;-0.0019292
1069.93758678436;4.3016973;4.3030591;-0.02537048;-0.0248088;-0.1797907;-0.2010185;-0.0013618
1071.00009918213;4.2770527;4.2779059;-0.02387631;-0.02501835;-0.1068685;-0.04590163;-0.0008532
1072.0626115799;4.2495693;4.2500705;-0.0252007;-0.024834;-0.1534502;-0.1932649;-0.0005012
1073.12500476837;4.2249583;4.2251558;-0.02402493;-0.02488516;-0.07416242;-0.06923781;-0.0001975
1074.18751716614;4.1980000;4.1979761;-0.02399733;-0.02438716;-0.1262005;-0.121568;0.0000239
1075.2500295639;4.1740000;4.1740746;-0.02400831;-0.02410827;-0.1418984;-0.1394269;-0.0000746
1076.31254196167;4.1470000;4.1471333;-0.02401485;-0.02400653;-0.1480335;-0.153896;-0.0001333
1077.37505435944;4.1230000;4.1228742;-0.02398598;-0.02416351;-0.1363617;-0.1449279;0.0001258
1078.4375667572;4.0960000;4.0952177;-0.02391284;-0.02445544;-0.1117771;-0.1374775;0.0007823
1079.50007915497;4.0720171;4.0707798;-0.02391162;-0.02445215;-0.12001;-0.09020252;0.0012373
1080.56259155273;4.0449370;4.0434808;-0.0234136;-0.0243205;0.008221562;-0.01262421;0.0014562
1081.6251039505;4.0219271;4.0201158;-0.02313283;-0.0236673;-0.1858883;-0.1606522;0.0018113
1082.68761634827;3.9950000;3.9940686;-0.02272956;-0.0233697;-0.04459468;-0.06535647;0.0009314
1083.75000953674;3.9720000;3.9710612;-0.02397873;-0.02315575;-0.2281319;-0.2627319;0.0009388
1084.81252193451;3.9450908;3.9444775;-0.02314781;-0.02351492;-0.04842806;-0.07007381;0.0006133
1085.87503433228;3.9221743;3.9209933;-0.02250155;-0.02345813;-0.107147;-0.05920767;0.0011810
1086.93754673004;3.8959644;3.8951845;-0.02408237;-0.02312136;-0.1800057;-0.2161042;0.0007799
1088.00005912781;3.8722124;3.8719983;-0.02304125;-0.02316272;-0.08210913;-0.07049233;0.0002141
1089.06257152557;3.8463750;3.8463683;-0.023;-0.02288925;-0.1352825;-0.1182057;0.0000067
1090.12508392334;3.8233968;3.8237781;-0.02301677;-0.02273051;-0.1615119;-0.1546299;-0.0003813
1091.18759632111;3.7973672;3.7980289;-0.02311539;-0.02286986;-0.07004704;-0.1082867;-0.0006617
1092.25010871887;3.7750703;3.7753195;-0.02194443;-0.02273271;-0.1276489;-0.08532879;-0.0002492
1093.31250190735;3.7496787;3.7504048;-0.02317725;-0.02234212;-0.2070002;-0.2321708;-0.0007261
1094.37501430511;3.7264961;3.7276358;-0.02302119;-0.02261618;-0.07546655;-0.09934559;-0.0011397
1095.43752670288;3.7015840;3.7026019;-0.02229049;-0.02230605;-0.2186643;-0.2145973;-0.0010179
1096.50003910065;3.6786831;3.6805482;-0.0230802;-0.02220021;-0.121561;-0.166745;-0.0018651
1097.56255149841;3.6537391;3.6556334;-0.02212154;-0.02213184;-0.1434709;-0.09150303;-0.0018943
1098.62506389618;3.6317404;3.6339373;-0.02217544;-0.02184999;-0.1545181;-0.1639541;-0.0021969
1099.68757629395;3.6070000;3.6094398;-0.02335517;-0.02181706;-0.2922435;-0.3420326;-0.0024398
1100.75008869171;3.5840000;3.5866112;-0.02254093;-0.02247262;-0.09702377;-0.108454;-0.0026112
1101.81260108948;3.5592596;3.5609812;-0.02212248;-0.02261028;-0.1345045;-0.1780986;-0.0017216
1102.87511348724;3.5372007;3.5386295;-0.02252605;-0.02238121;-0.1217489;-0.1430175;-0.0014288
1103.93750667572;3.5127856;3.5141320;-0.02098074;-0.02192214;-0.09436167;-0.07250159;-0.0013464
1105.00001907349;3.4915547;3.4933896;-0.02208986;-0.0211987;-0.2523634;-0.2341192;-0.0018349
1106.06253147125;3.4666308;3.4694285;-0.02248522;-0.02132702;-0.1576653;-0.1897271;-0.0027977
1107.12504386902;3.4452025;3.4475536;-0.02109138;-0.0216283;-0.1656429;-0.1067598;-0.0023511
1108.18755626678;3.4209063;3.4231157;-0.0223295;-0.02173199;-0.1376882;-0.20908;-0.0022094
1109.25006866455;3.3995937;3.4010620;-0.02108026;-0.02188735;-0.168475;-0.1325029;-0.0014683
1110.31258106232;3.3751748;3.3766837;-0.02215868;-0.0217836;-0.1213001;-0.1283519;-0.0015089
1111.37509346008;3.3538431;3.3548088;-0.02103695;-0.02179419;-0.09874783;-0.07821657;-0.0009657
1112.43760585785;3.3302500;3.3312053;-0.02110643;-0.02120935;-0.1457837;-0.1253187;-0.0009553
1113.50011825562;3.3092500;3.3104629;-0.02113514;-0.02094407;-0.1639117;-0.2022897;-0.0012129
1114.56251144409;3.2856250;3.2872171;-0.02117739;-0.02081731;-0.1771321;-0.1588506;-0.0015921
1115.62502384186;3.2646250;3.2661171;-0.02116624;-0.02100015;-0.1676761;-0.1683495;-0.0014921
1116.68753623962;3.2410000;3.2417984;-0.02100562;-0.02142794;-0.1380147;-0.1473057;-0.0007984
1117.75004863739;3.2200000;3.2202811;-0.02144799;-0.02146292;-0.1356971;-0.1594727;-0.0002811
1118.81256103516;3.1965248;3.1964988;-0.01977705;-0.02121737;-0.05074761;-0.04936326;0.0000260
1119.87507343292;3.1763502;3.1764717;-0.02123359;-0.02047042;-0.2041661;-0.210556;-0.0001215
1120.93758583069;3.1530527;3.1535239;-0.01983375;-0.0204688;-0.1250182;-0.09050431;-0.0004712
1122.00009822845;3.1327144;3.1331987;-0.02122323;-0.02040196;-0.1944788;-0.1976297;-0.0004843
1123.06261062622;3.1094365;3.1092376;-0.02000648;-0.02100075;-0.04530891;-0.003035977;0.0001989
1124.1250038147;3.0896192;3.0884952;-0.01970126;-0.02079804;-0.1422994;-0.1071305;0.0011240
1125.18751621246;3.0664297;3.0657263;-0.02100496;-0.0204523;-0.1271766;-0.1686291;0.0007034
1126.25002861023;3.0459609;3.0449838;-0.01984947;-0.02059499;-0.0720738;-0.06627353;0.0009771
1127.312541008;3.0235000;3.0225129;-0.01989002;-0.02011377;-0.1184588;-0.08517487;0.0009871
1128.37505340576;3.0035218;3.0029030;-0.01995677;-0.01978257;-0.1554251;-0.14713;0.0006188
1129.43756580353;2.9808940;2.9807896;-0.01972535;-0.01969752;-0.0458636;-0.07681297;0.0001044
1130.50007820129;2.9618169;2.9616565;-0.01910973;-0.01930432;-0.1909519;-0.1426059;0.0001604
1131.56259059906;2.9395205;2.9399605;-0.02020788;-0.019313;-0.1965657;-0.182365;-0.0004400
1132.62510299683;2.9194370;2.9198141;-0.01961786;-0.0198137;-0.03694168;-0.06213582;-0.0003771
1133.68761539459;2.8980000;2.8976412;-0.02004336;-0.0196965;-0.2054713;-0.2054183;0.0003588
1134.75000858307;2.8780000;2.8779716;-0.01933017;-0.01970218;-0.04256329;-0.0531919;0.0000284
1135.81252098083;2.8566743;2.8565139;-0.01861526;-0.01921601;-0.1318429;-0.1008851;0.0001604
1136.8750333786;2.8374848;2.8379769;-0.02020554;-0.0187974;-0.238186;-0.2760683;-0.0004921
1137.93754577637;2.8152124;2.8164000;-0.01919742;-0.01908203;-0.1062955;-0.1218417;-0.0011876
1139.00005817413;2.7962500;2.7972669;-0.0191133;-0.01912149;-0.1391709;-0.1362873;-0.0010169
1140.0625705719;2.7748750;2.7760477;-0.01913066;-0.01895664;-0.1508321;-0.1597063;-0.0011727
1141.12508296967;2.7558750;2.7572722;-0.01915567;-0.01885592;-0.1602331;-0.1821888;-0.0013972
1142.18759536743;2.7345234;2.7359338;-0.01915714;-0.01892262;-0.1728923;-0.2004167;-0.0014104
1143.2501077652;2.7153672;2.7168007;-0.01920138;-0.01904996;-0.07699201;-0.1156238;-0.0014335
1144.31262016296;2.6948252;2.6958794;-0.0181269;-0.01870172;-0.1680106;-0.1428806;-0.0010542
1145.37501335144;2.6761787;2.6778788;-0.01928578;-0.01829951;-0.2297463;-0.2399326;-0.0017001
1146.43752574921;2.6546611;2.6567788;-0.01902241;-0.01863927;-0.0981604;-0.1192688;-0.0021177
1147.50003814697;2.6364609;2.6380033;-0.01803643;-0.01868791;-0.09443064;-0.08114144;-0.0015424
1148.56255054474;2.6163130;2.6177377;-0.01858289;-0.01822566;-0.2586125;-0.1786959;-0.0014247
1149.6250629425;2.5973325;2.5993199;-0.01895613;-0.01837214;-0.1070738;-0.1707438;-0.0019874
1150.68757534027;2.5770000;2.5784583;-0.01816248;-0.01846986;-0.1343435;-0.06923196;-0.0014583
1151.75008773804;2.5590000;2.5604577;-0.01816241;-0.0182121;-0.1487826;-0.1377028;-0.0014577
1152.8126001358;2.5387500;2.5404901;-0.01819388;-0.01791957;-0.1692438;-0.1515875;-0.0017401
1153.87511253357;2.5207500;2.5227279;-0.01822037;-0.01782207;-0.1791311;-0.1907159;-0.0019779
1154.93750572205;2.5005000;2.5026412;-0.01823857;-0.01782716;-0.1830782;-0.1876651;-0.0021412
1156.00001811981;2.4825171;2.4846406;-0.01818711;-0.01794363;-0.1881206;-0.1633262;-0.0021235
1157.06253051758;2.4621308;2.4642558;-0.01841027;-0.01806825;-0.1161782;-0.137871;-0.0021250
1158.12504291534;2.4447025;2.4463148;-0.01700906;-0.01795074;-0.144049;-0.06919514;-0.0016123
1159.18755531311;2.4249063;2.4265856;-0.01827043;-0.01772524;-0.1352778;-0.1896314;-0.0016793
1160.25006771088;2.4075937;2.4089427;-0.01706697;-0.01767149;-0.1823369;-0.1555421;-0.0013490
1161.31258010864;2.3876748;2.3892135;-0.018162;-0.01760528;-0.1352669;-0.1791536;-0.0015387
1162.37509250641;2.3703213;2.3713321;-0.01701627;-0.01775453;-0.09035931;-0.09517792;-0.0010108
1163.43760490417;2.3513560;2.3521991;-0.01735696;-0.01724375;-0.2522068;-0.2113688;-0.0008431
1164.50011730194;2.3334331;2.3349137;-0.01803736;-0.01733871;-0.1314495;-0.2358293;-0.0014806
1165.56251049042;2.3141141;2.3150654;-0.01701647;-0.01750337;-0.1329586;-0.1266658;-0.0009513
1166.62502288818;2.2971250;2.2977800;-0.01707298;-0.01734816;-0.1417824;-0.1803942;-0.0006550
1167.68753528595;2.2780000;2.2784085;-0.01746218;-0.01726782;-0.1501365;-0.1562266;-0.0004085
1168.75004768372;2.2610000;2.2612424;-0.01594367;-0.01720009;-0.02762161;-0.04907778;-0.0002424
1169.81256008148;2.2429092;2.2425861;-0.01674785;-0.01674829;-0.207919;-0.1981594;0.0003231
1170.87507247925;2.2258257;2.2257180;-0.01735486;-0.01686502;-0.140249;-0.157486;0.0001077
1171.93758487701;2.2070527;2.2065849;-0.01572913;-0.01693412;-0.08989838;-0.03113464;0.0004678
1173.00009727478;2.1906973;2.1901340;-0.01715599;-0.01662124;-0.1600651;-0.2141522;0.0005633
1174.06260967255;2.1720775;2.1715374;-0.01576925;-0.01656883;-0.1336054;-0.06771887;0.0005401
1175.12512207031;2.1555693;2.1551461;-0.01709771;-0.01648207;-0.1538747;-0.2166439;0.0004232
1176.18751525879;2.1369609;2.1363110;-0.01588592;-0.01667416;-0.07441316;-0.08071958;0.0006499
1177.25002765656;2.1210000;2.1200390;-0.01589293;-0.0164171;-0.1054455;-0.09539428;0.0009610
1178.31254005432;2.1030000;2.1019191;-0.01587957;-0.01620957;-0.1134041;-0.0975953;0.0010809
1179.37505245209;2.0870000;2.0860047;-0.0158891;-0.01604945;-0.1219626;-0.1059047;0.0009953
1180.43756484985;2.0690000;2.0680041;-0.01588904;-0.01601804;-0.1226323;-0.1256834;0.0009959
1181.50007724762;2.0530000;2.0519705;-0.0158853;-0.01603143;-0.1206321;-0.1094078;0.0010295
1182.56258964539;2.0350000;2.0340295;-0.01589187;-0.01601118;-0.1216158;-0.1148295;0.0009705
1183.62510204315;2.0190096;2.0179958;-0.01595638;-0.01605062;-0.1319306;-0.1364222;0.0010138
1184.68761444092;2.0010000;1.9998760;-0.0147081;-0.0160799;0.001676737;0.01711989;0.0011240
1185.75000762939;1.9860000;1.9844980;-0.01599932;-0.01560936;-0.188509;-0.1556485;0.0015020
1186.81252002716;1.9681498;1.9673319;-0.01468882;-0.01539387;-0.06528449;-0.07238741;0.0008179
1187.87503242493;1.9529848;1.9523711;-0.01608234;-0.01514318;-0.1990652;-0.2426528;0.0006137
1188.93754482269;1.9351953;1.9348473;-0.01507581;-0.01547129;-0.04821956;-0.07447647;0.0003480
1190.00005722046;1.9203403;1.9195289;-0.01462574;-0.01535898;-0.1306663;-0.09915787;0.0008114
1191.06256961823;1.9029443;1.9025416;-0.01609999;-0.01521179;-0.1485211;-0.215924;0.0004027
1192.12508201599;1.8873333;1.8869252;-0.01495746;-0.01545233;-0.06310747;-0.04353155;0.0004081
1193.18759441376;1.8705000;1.8700571;-0.01495065;-0.01510171;-0.1097081;-0.1121316;0.0004429
1194.25010681152;1.8555234;1.8553943;-0.01498561;-0.01482464;-0.1426157;-0.121566;0.0001291
1195.31261920929;1.8384961;1.8388838;-0.0149374;-0.01471181;-0.04903603;-0.1030317;-0.0003877
1196.37501239777;1.8243252;1.8245787;-0.01403768;-0.01442865;-0.15511;-0.1023483;-0.0002535
1197.43752479553;1.8077891;1.8089027;-0.01525949;-0.01417194;-0.205485;-0.251205;-0.0011136
1198.5000371933;1.7926440;1.7941208;-0.01490152;-0.01458597;-0.05977324;-0.0515402;-0.0014768
1199.56254959106;1.7768021;1.7776699;-0.01443132;-0.0145538;-0.2109799;-0.140285;-0.0008678
1200.62506198883;1.7618229;1.7629475;-0.01479066;-0.01468117;-0.04619908;-0.05803843;-0.0011246
1201.6875743866;1.7460000;1.7466755;-0.01515859;-0.01452988;-0.2169943;-0.2461708;-0.0006755
1202.75008678436;1.7310000;1.7321915;-0.01446609;-0.01452878;-0.0580019;-0.0948889;-0.0011915
1203.81259918213;1.7152993;1.7162175;-0.01373544;-0.01426362;-0.1350959;-0.1021912;-0.0009182
1204.8751115799;1.7011098;1.7024488;-0.0152999;-0.01396531;-0.2328384;-0.2366099;-0.0013390
1205.93762397766;1.6844624;1.6862960;-0.0142694;-0.01421991;-0.1003012;-0.08550586;-0.0018336
1207.00001716614;1.6705000;1.6719908;-0.0141661;-0.01424185;-0.1320585;-0.1320721;-0.0014908
1208.0625295639;1.6547718;1.6563744;-0.01415284;-0.01402868;-0.1585287;-0.117969;-0.0016026
1209.12504196167;1.6406308;1.6424865;-0.01438026;-0.01396226;-0.09633308;-0.1028469;-0.0018557
1210.18755435944;1.6255703;1.6271085;-0.01308805;-0.01373801;-0.1427907;-0.1221334;-0.0015382
1211.2500667572;1.6120625;1.6138763;-0.01424376;-0.01343398;-0.2214011;-0.1907568;-0.0018138
1212.31257915497;1.5961211;1.5982003;-0.01412586;-0.01381266;-0.07800151;-0.1244059;-0.0020792
1213.37509155273;1.5829720;1.5843720;-0.01319114;-0.01378821;-0.1798945;-0.1969797;-0.0014000
1214.4376039505;1.5674160;1.5691132;-0.01401201;-0.01369505;-0.07866914;-0.15036;-0.0016972
1215.50011634827;1.5543340;1.5557022;-0.01332952;-0.01349504;-0.2165306;-0.2075583;-0.0013682
1216.56250953674;1.5387075;1.5403838;-0.01392147;-0.01360358;-0.08362339;-0.1460896;-0.0016763
1217.62502193451;1.5256141;1.5269727;-0.01306185;-0.01347502;-0.1206814;-0.1252023;-0.0013586
1218.68753433228;1.5110000;1.5126676;-0.01276913;-0.01297039;-0.1494686;-0.1273635;-0.0016676
1219.75004673004;1.4980000;1.4998526;-0.01428974;-0.01288162;-0.2819936;-0.2621068;-0.0018526
1220.81255912781;1.4823600;1.4844150;-0.01330644;-0.01349397;-0.1012792;-0.1410517;-0.0020550
1221.87507152557;1.4693257;1.4705867;-0.01350736;-0.01369022;-0.1029257;-0.1134951;-0.0012610
1222.93758392334;1.4550356;1.4559240;-0.01192971;-0.0132064;-0.07245079;-0.02946868;-0.0008884
1224.00009632111;1.4427876;1.4438243;-0.0130504;-0.01251284;-0.2141301;-0.2327;-0.0010367
1225.06260871887;1.4281468;1.4297576;-0.01315376;-0.01255693;-0.1974211;-0.1874149;-0.0016108
1226.12512111664;1.4150058;1.4166445;-0.01335608;-0.01290765;-0.1106118;-0.132047;-0.0016387
1227.18751430511;1.4010938;1.4018030;-0.01199568;-0.01303746;-0.1443809;-0.07749684;-0.0007092
1228.25002670288;1.3884062;1.3892860;-0.01318136;-0.01274129;-0.114932;-0.1867579;-0.0008798
1229.31253910065;1.3745970;1.3752789;-0.01211113;-0.01251509;-0.1944535;-0.1694461;-0.0006819
1230.37505149841;1.3617998;1.3630600;-0.01313097;-0.01234105;-0.1355023;-0.1886061;-0.0012602
1231.43756389618;1.3479609;1.3489337;-0.01197297;-0.01244724;-0.1026231;-0.0961903;-0.0009728
1232.50007629395;1.3361060;1.3370723;-0.01237068;-0.01208098;-0.2528492;-0.2364;-0.0009663
1233.56258869171;1.3215825;1.3231249;-0.01290655;-0.01235438;-0.1048594;-0.1627654;-0.0015424
1234.62510108948;1.3094891;1.3103695;-0.01200857;-0.01257005;-0.1191766;-0.1093314;-0.0008804
1235.68761348724;1.2960000;1.2964816;-0.01205366;-0.0123817;-0.1281902;-0.1330865;-0.0004816
1236.75012588501;1.2840000;1.2843818;-0.0119592;-0.01219408;-0.1375998;-0.135272;-0.0003818
1237.81251907349;1.2704507;1.2707324;-0.01239825;-0.01216299;-0.1212012;-0.1608381;-0.0002817
1238.87503147125;1.2586402;1.2587518;-0.01086172;-0.01201342;-0.05095799;-0.009345716;-0.0001116
1239.93754386902;1.2460547;1.2458772;-0.01186564;-0.01161663;-0.2045302;-0.2457733;0.0001775
1241.00005626678;1.2339097;1.2341947;-0.01231561;-0.01171611;-0.1223473;-0.151433;-0.0002850
1242.06256866455;1.2209525;1.2207241;-0.01080398;-0.01183521;-0.1163827;-0.0914308;0.0002284
1243.12508106232;1.2094225;1.2093992;-0.01216798;-0.01150803;-0.1379312;-0.1933748;0.0000233
1244.18759346008;1.1965938;1.1964650;-0.01090232;-0.01146552;-0.1613588;-0.1160234;0.0001288
1245.25010585785;1.1849297;1.1851997;-0.01211342;-0.01134946;-0.1398551;-0.2046374;-0.0002700
1246.31261825562;1.1720931;1.1719079;-0.01090873;-0.01162583;-0.08263818;-0.1083686;0.0001852
1247.37501144409;1.1611032;1.1608214;-0.01094289;-0.01126022;-0.1006389;-0.08550462;0.0002818
1248.43752384186;1.1488560;1.1485429;-0.01122814;-0.01103485;-0.2322391;-0.2219863;0.0003131
1249.50003623962;1.1369331;1.1372180;-0.01190414;-0.01128196;-0.1021599;-0.1403172;-0.0002849
1250.56254863739;1.1243641;1.1237473;-0.01084176;-0.01171869;-0.08322875;-0.08721928;0.0006168
1251.62506103516;1.1133846;1.1123628;-0.01095549;-0.01150013;-0.1061484;-0.09477503;0.0010218
1252.68757343292;1.1010000;1.0998459;-0.009788079;-0.01120607;0.01218554;-0.02245118;0.0011541
1253.75008583069;1.0910000;1.0894747;-0.01058005;-0.01067052;-0.1750869;-0.1397294;0.0015253
1254.81259822845;1.0786346;1.0779113;-0.01085007;-0.01045348;-0.1524683;-0.1418241;0.0007233
1255.87511062622;1.0675757;1.0670037;-0.01130313;-0.01073514;-0.1180924;-0.1546683;0.0005720
1256.93762302399;1.0555527;1.0546059;-0.00967576;-0.01089501;-0.06243572;-0.01801458;0.0009468
1258.00001621246;1.0451973;1.0442347;-0.0111115;-0.01054341;-0.1353204;-0.1581731;0.0009626
1259.06252861023;1.0333275;1.0325522;-0.009743045;-0.0104145;-0.114737;-0.04759667;0.0007753
1260.125041008;1.0228193;1.0224194;-0.0111003;-0.01022946;-0.1435322;-0.1615556;0.0003999
1261.18755340576;1.0109609;1.0106773;-0.009926735;-0.01035029;-0.07267147;-0.07006491;0.0002836
1262.25006580353;1.0010000;1.0006041;-0.00995589;-0.01015588;-0.1036614;-0.07781187;0.0003959
1263.31257820129;0.9897282;0.9896369;-0.00996411;-0.009887781;-0.1058931;-0.1050269;0.0000913
1264.37509059906;0.9798789;0.9801001;-0.01013044;-0.009674364;-0.2289543;-0.2086072;-0.0002212
1265.43760299683;0.9677002;0.9685368;-0.01101509;-0.01013255;-0.1172163;-0.1705235;-0.0008366
1266.50011539459;0.9573721;0.9576888;-0.009686327;-0.01053594;0.02040502;0.009457041;-0.0003167
1267.56262779236;0.9471675;0.9464831;-0.009189045;-0.0100668;-0.1427964;-0.05480433;0.0006844
1268.62502098083;0.9372609;0.9370656;-0.01006776;-0.009664402;-0.1361922;-0.1588974;0.0001953
1269.6875333786;0.9260000;0.9260387;-0.009920978;-0.00976093;-0.1309434;-0.1359454;-0.0000387
1270.75004577637;0.9160000;0.9160251;-0.01041946;-0.009921419;-0.1289037;-0.13557;-0.0000251
1271.81255817413;0.9048998;0.9049387;-0.008784281;-0.009850747;-0.03945379;0.01161298;-0.0000389
1272.8750705719;0.8957252;0.8956403;-0.01021059;-0.00948787;-0.1693326;-0.1962647;0.0000849
1273.93758296967;0.8848027;0.8851499;-0.008819934;-0.009376446;-0.09673883;-0.05168998;-0.0003472
1275.00009536743;0.8754644;0.8759708;-0.01022569;-0.009256223;-0.1709045;-0.2489572;-0.0005064
1276.0626077652;0.8645615;0.8652420;-0.009104465;-0.009446476;-0.05512091;-0.05527811;-0.0006805
1277.12512016296;0.8557442;0.8563013;-0.008888568;-0.00911834;-0.1709193;-0.1036598;-0.0005571
1278.18751335144;0.8449297;0.8464069;-0.01024792;-0.008945209;-0.1558353;-0.1967966;-0.0014772
1279.25002574921;0.8354609;0.8368106;-0.009108714;-0.009325245;-0.09255055;-0.08311207;-0.0013497
1280.31253814697;0.8253750;0.8265586;-0.009131873;-0.009134893;-0.1240058;-0.08743396;-0.0011836
1281.37505054474;0.8163750;0.8176179;-0.009138481;-0.008985082;-0.1334677;-0.1353971;-0.0012429
1282.4375629425;0.8062500;0.8075447;-0.009144252;-0.008967078;-0.1363092;-0.1163441;-0.0012947
1283.50007534027;0.7972671;0.7987828;-0.009218354;-0.008841081;-0.1623418;-0.1586631;-0.0015157
1284.56258773804;0.7870620;0.7885308;-0.008739497;-0.008998864;-0.02437099;-0.03918721;-0.0014688
1285.6251001358;0.7790425;0.7800073;-0.008372795;-0.008657232;-0.189122;-0.1498573;-0.0009648
1286.68761253357;0.7690000;0.7704706;-0.009580516;-0.008563715;-0.1712846;-0.1942845;-0.0014706
1287.75012493134;0.7600000;0.7614107;-0.008073842;-0.008866513;-0.03224545;-0.07133853;-0.0014107
1288.81251811981;0.7509092;0.7518739;-0.008891338;-0.0085856;-0.2066731;-0.2025587;-0.0009647
1289.87503051758;0.7418353;0.7432313;-0.009453065;-0.00867507;-0.1501633;-0.186161;-0.0013960
1290.93754291534;0.7319453;0.7331581;-0.00824971;-0.008817716;-0.04708155;-0.03435385;-0.0012128
1292.00005531311;0.7240903;0.7249326;-0.007809993;-0.008402313;-0.1476306;-0.1402658;-0.0008423
1293.06256771088;0.7145693;0.7159919;-0.009303358;-0.008125083;-0.1761745;-0.1726201;-0.0014226
1294.12508010864;0.7059583;0.7075877;-0.008184473;-0.00832672;-0.09740981;-0.09736215;-0.0016294
1295.18759250641;0.6970000;0.6984086;-0.008156942;-0.008198347;-0.1318908;-0.1291723;-0.0014086
1296.25010490417;0.6890000;0.6905408;-0.008171672;-0.007996375;-0.1453155;-0.1797962;-0.0015408
1297.31261730194;0.6800000;0.6817789;-0.0081982;-0.007859561;-0.1572188;-0.1195577;-0.0017789
1298.37512969971;0.6720000;0.6740303;-0.00822621;-0.007781193;-0.1663443;-0.1889293;-0.0020303
1299.43752288818;0.6630000;0.6650300;-0.008226177;-0.007927001;-0.1607865;-0.1675195;-0.0020300
1300.50003528595;0.6550000;0.6569237;-0.008214333;-0.008021749;-0.156074;-0.1559786;-0.0019237
1301.56254768372;0.6460096;0.6476254;-0.008249364;-0.008191368;-0.1584661;-0.1506871;-0.0016158
1302.62506008148;0.6379370;0.6394000;-0.00773885;-0.00819598;-0.02830299;-0.06076406;-0.0014630
1303.68757247925;0.6300000;0.6309361;-0.007770964;-0.007696641;-0.2132152;-0.1966412;-0.0009361
1304.75008487701;0.6220000;0.6234855;-0.008582177;-0.007567017;-0.1853881;-0.2205937;-0.0014855
1305.81259727478;0.6131498;0.6144256;-0.006922094;-0.007869366;-0.07499319;-0.05332953;-0.0012758
1306.87510967255;0.6059848;0.6067962;-0.00824112;-0.007699084;-0.1966636;-0.2293994;-0.0008114
1307.93762207031;0.5971953;0.5981536;-0.007221355;-0.007664911;-0.06386288;-0.02690633;-0.0009583
1309.00001525879;0.5903403;0.5907626;-0.006763197;-0.007470554;-0.1505293;-0.1428764;-0.0004223
1310.06252765656;0.5819443;0.5830140;-0.008264039;-0.007133364;-0.1827659;-0.1933813;-0.0010697
1311.12504005432;0.5743333;0.5753250;-0.007113422;-0.007477925;-0.09222307;-0.07421511;-0.0009917
1312.18755245209;0.5665000;0.5671591;-0.007073435;-0.007290687;-0.1274533;-0.08247103;-0.0006591
1313.25006484985;0.5595000;0.5603046;-0.007089647;-0.006986519;-0.1456208;-0.137533;-0.0008046
1314.31257724762;0.5516250;0.5525560;-0.00710373;-0.006897236;-0.1527391;-0.1502194;-0.0009310
1315.37508964539;0.5446250;0.5457611;-0.007126581;-0.006838209;-0.159515;-0.1897659;-0.0011361
1316.43760204315;0.5367500;0.5380125;-0.007140664;-0.006867;-0.1609411;-0.09678577;-0.0012625
1317.50011444092;0.5297500;0.5309791;-0.007136943;-0.006978824;-0.1558022;-0.1403612;-0.0012291
1318.56262683868;0.5218750;0.5232305;-0.007151026;-0.006929494;-0.1613374;-0.09581873;-0.0013555
1319.62502002716;0.5148846;0.5161972;-0.007215582;-0.006979941;-0.1729769;-0.1429209;-0.0013126
1320.68753242493;0.5070000;0.5081506;-0.006044863;-0.007068086;-0.03688629;-0.01537766;-0.0011506
1321.75004482269;0.5010000;0.5017729;-0.006752781;-0.00661128;-0.2228275;-0.1562683;-0.0007729
1322.81255722046;0.4930757;0.4943819;-0.007512396;-0.006614739;-0.1647176;-0.2087846;-0.0013062
1323.87506961823;0.4862748;0.4873485;-0.005899576;-0.006863864;-0.07961724;-0.0390409;-0.0010737
1324.93758201599;0.4792144;0.4799576;-0.007252076;-0.006653734;-0.1804961;-0.2002482;-0.0007432
1326.00009441376;0.4724453;0.4732222;-0.006201143;-0.006704411;-0.06622314;-0.109775;-0.0007769
1327.06260681152;0.4658692;0.4661293;-0.005855476;-0.006390192;-0.1793841;-0.1414554;-0.0002601
1328.12511920929;0.4593193;0.4601092;-0.007232865;-0.00618946;-0.1825204;-0.1737652;-0.0007899
1329.18763160706;0.4519609;0.4525394;-0.006022788;-0.006541173;-0.09622275;-0.05550502;-0.0005785
1330.25002479553;0.4460000;0.4461617;-0.006018016;-0.006405836;-0.120484;-0.1370781;-0.0001617
1331.3125371933;0.4392500;0.4394860;-0.006026294;-0.006067216;-0.1389969;-0.1276542;-0.0002360
1332.37504959106;0.4332500;0.4335851;-0.006037335;-0.005968288;-0.1456945;-0.1267367;-0.0003351
1333.43756198883;0.4265000;0.4267902;-0.006032333;-0.006014617;-0.1429858;-0.1316714;-0.0002902
1334.5000743866;0.4205000;0.4208297;-0.006036734;-0.005987548;-0.1451978;-0.1412249;-0.0003297
1335.56258678436;0.4137500;0.4141540;-0.006045012;-0.005950144;-0.1484957;-0.1383297;-0.0004040
1336.62509918213;0.4077500;0.4081936;-0.006049424;-0.00595442;-0.149188;-0.1813812;-0.0004436
1337.6876115799;0.4010000;0.4014582;-0.006467718;-0.005950811;-0.1571728;-0.1967919;-0.0004582
1338.75012397766;0.3950000;0.3953190;-0.004868875;-0.006074957;-0.02616584;-0.03717371;-0.0003190
1339.81251716614;0.3892252;0.3893585;-0.006234903;-0.005544499;-0.1936797;-0.1421364;-0.0001333
1340.8750295639;0.3833902;0.3838749;-0.004903288;-0.005528512;-0.08107075;-0.08473614;-0.0004847
1341.93754196167;0.3775547;0.3780336;-0.005938774;-0.00530598;-0.2302428;-0.2403002;-0.0004789
1343.00005435944;0.3714268;0.3721924;-0.006319676;-0.005685666;-0.1411702;-0.1688926;-0.0007656
1344.0625667572;0.3650615;0.3653974;-0.005066071;-0.005902977;-0.0518033;-0.06080122;-0.0003359
1345.12507915497;0.3602442;0.3600926;-0.004809606;-0.005489178;-0.1663796;-0.1338708;0.0001516
1346.18759155273;0.3539297;0.3544898;-0.006145738;-0.005203135;-0.1533877;-0.2211568;-0.0005601
1347.2501039505;0.3484609;0.3490061;-0.005019078;-0.005375652;-0.1016206;-0.1104042;-0.0005452
1348.31261634827;0.3428532;0.3430457;-0.004995732;-0.005299611;-0.108252;-0.09687079;-0.0001925
1349.37512874603;0.3380039;0.3382773;-0.005136256;-0.00495738;-0.2347582;-0.2001425;-0.0002734
1350.43752193451;0.3314331;0.3323765;-0.005977507;-0.005217092;-0.1187293;-0.1676162;-0.0009434
1351.50003433228;0.3262280;0.3265948;-0.00495493;-0.005575764;-0.1032873;-0.09416436;-0.0003668
1352.56254673004;0.3206250;0.3206343;-0.005;-0.0053727;-0.1189591;-0.1616131;-0.0000093
1353.62505912781;0.3156346;0.3155679;-0.005061904;-0.005164092;-0.1422938;-0.1692531;0.0000667
1354.68757152557;0.3100000;0.3100247;-0.003919418;-0.004992038;-0.02191946;-0.01512295;-0.0000247
1355.75008392334;0.3060000;0.3056140;-0.004706993;-0.00460685;-0.2019046;-0.1502606;0.0003860
1356.81259632111;0.3003750;0.3006668;-0.005032511;-0.004514212;-0.1666534;-0.1099914;-0.0002918
1357.87510871887;0.2953846;0.2955408;-0.004948067;-0.004898466;-0.1508349;-0.1966005;-0.0001562
1358.93762111664;0.2896597;0.2896399;-0.005281648;-0.005119729;-0.09363788;-0.1207827;0.0000198
1360.0001335144;0.2850527;0.2842755;-0.003694656;-0.00523812;-0.05693858;-0.01757771;0.0007772
1361.06252670288;0.2800475;0.2793879;-0.005097081;-0.004635189;-0.1177089;-0.1694352;0.0006596
1362.12503910065;0.2755775;0.2749176;-0.003755902;-0.004504977;-0.1217163;-0.13661;0.0006599
1363.18755149841;0.2704063;0.2701492;-0.005054687;-0.004368887;-0.1111163;-0.1479606;0.0002571
1364.25006389618;0.2660937;0.2655596;-0.003857158;-0.004487481;-0.148493;-0.09881288;0.0005341
1365.31257629395;0.2607998;0.2604336;-0.004949758;-0.004565128;-0.09199078;-0.1090975;0.0003662
1366.37508869171;0.2564463;0.2557249;-0.003823269;-0.004661351;-0.05075619;-0.04814255;0.0007214
1367.43760108948;0.2521060;0.2511353;-0.004154867;-0.004267185;-0.2038367;-0.1558009;0.0009707
1368.50011348724;0.2471831;0.2468438;-0.004834591;-0.004331679;-0.08300463;-0.146949;0.0003393
1369.56262588501;0.2424891;0.2417178;-0.003824545;-0.004454122;-0.0863928;-0.05666038;0.0007713
1370.62501907349;0.2385000;0.2377243;-0.003913573;-0.00414045;-0.1061012;-0.1473038;0.0007757
1371.68753147125;0.2340000;0.2334327;-0.003936793;-0.003928371;-0.1192543;-0.07098573;0.0005673
1372.75004386902;0.2300000;0.2297373;-0.00397073;-0.003819921;-0.128794;-0.1824904;0.0002627
1373.81255626678;0.2255000;0.2254457;-0.00399395;-0.003833336;-0.1309175;-0.1257783;0.0000543
1374.87506866455;0.2215000;0.2215118;-0.004001314;-0.003896908;-0.1285847;-0.1055028;-0.0000118
1375.93758106232;0.2170000;0.2169819;-0.003997983;-0.003989822;-0.1234198;-0.09610441;0.0000181
1377.00009346008;0.2130171;0.2129287;-0.003940671;-0.004051078;-0.1287414;-0.1354169;0.0000884
1378.06260585785;0.2083808;0.2083988;-0.004175508;-0.004055848;-0.06239811;-0.1299281;-0.0000180
1379.12511825562;0.2049307;0.2044649;-0.002803245;-0.003960946;-0.07529461;0.004370503;0.0004658
1380.18763065338;0.2010625;0.2008290;-0.004015651;-0.00349816;-0.182488;-0.1871409;0.0002335
1381.25002384186;0.1968672;0.1970739;-0.004064697;-0.003680273;-0.06555458;-0.107475;-0.0002067
1382.31253623962;0.1932002;0.1928420;-0.00296953;-0.0036861;-0.1346195;-0.1011188;0.0003582
1383.37504863739;0.1895537;0.1895041;-0.004090827;-0.003494217;-0.1795146;-0.1693579;0.0000496
1384.43756103516;0.1848940;0.1850338;-0.003752555;-0.003843617;-0.02716025;-0.06435238;-0.0001398
1385.50007343292;0.1818340;0.1813383;-0.003121853;-0.003732508;-0.1649612;-0.1138208;0.0004957
1386.56258583069;0.1774575;0.1774044;-0.003728784;-0.003601156;-0.04452704;-0.083552;0.0000531
1387.62509822845;0.1743545;0.1739473;-0.002795776;-0.00349189;-0.0648822;-0.08839114;0.0004072
1388.68761062622;0.1710000;0.1707883;-0.004059746;-0.003022888;-0.2261409;-0.2009398;0.0002117
1389.75012302399;0.1670000;0.1673908;-0.003293542;-0.003287306;-0.05496145;-0.112058;-0.0003908
1390.81251621246;0.1636154;0.1634569;-0.003051676;-0.003399109;-0.08559947;-0.1023835;0.0001585
1391.87502861023;0.1606743;0.1602978;-0.002591189;-0.003237708;-0.1120956;-0.1274011;0.0003765
1392.937541008;0.1569644;0.1569600;-0.00416927;-0.003094141;-0.1754889;-0.2414632;0.0000044
1394.00005340576;0.1532124;0.1532645;-0.003070909;-0.003478614;-0.05330293;-0.05651163;-0.0000521
1395.06256580353;0.1498750;0.1491518;-0.002919423;-0.003564148;-0.07401391;-0.07314735;0.0007232
1396.12507820129;0.1468750;0.1461119;-0.002914977;-0.003228774;-0.08996798;-0.08570228;0.0007631
1397.18759059906;0.1435000;0.1428337;-0.002925762;-0.003020162;-0.1013198;-0.09260499;0.0006663
1398.25010299683;0.1405000;0.1400323;-0.00294789;-0.002895733;-0.1100174;-0.1154561;0.0004677
1399.31261539459;0.1371468;0.1367540;-0.002981951;-0.002935894;-0.1242001;-0.1125932;0.0003928
1400.37512779236;0.1339961;0.1337142;-0.002862797;-0.003021001;-0.01347054;-0.04229307;0.0002819
1401.43752098083;0.1315669;0.1307935;-0.002041433;-0.002684365;-0.1360421;-0.05828856;0.0007734
1402.5000333786;0.1287720;0.1284690;-0.003052178;-0.002476962;-0.1423851;-0.1620665;0.0003030
1403.56254577637;0.1253846;0.1251907;-0.003047732;-0.002803448;-0.1305513;-0.1476558;0.0001939
1404.62505817413;0.1223120;0.1219125;-0.002531335;-0.003102293;0.01690629;-0.03634826;0.0003995
1405.6875705719;0.1200000;0.1188726;-0.002541054;-0.002785815;-0.1539907;-0.09593374;0.0011274
1406.75008296967;0.1170000;0.1163692;-0.003346384;-0.002636347;-0.1246944;-0.140137;0.0006308
1407.81259536743;0.1137748;0.1130910;-0.00170376;-0.002830492;-0.020165;0.02188764;0.0006838
1408.8751077652;0.1116002;0.1107068;-0.003120512;-0.002548098;-0.1441105;-0.1565244;0.0008934
1409.93762016296;0.1085527;0.1077862;-0.001695848;-0.002590601;-0.05845546;-0.01086613;0.0007665
1411.00013256073;0.1062144;0.1054616;-0.003085396;-0.002434169;-0.1314445;-0.1748327;0.0007528
1412.06252574921;0.1031865;0.1026602;-0.001970007;-0.002467396;-0.02326184;-0.002309646;0.0005263
1413.12503814697;0.1013692;0.1005144;-0.001731258;-0.002217276;-0.1310392;-0.07714173;0.0008548
1414.18755054474;0.0984297;0.0981898;-0.003056604;-0.002162843;-0.1041235;-0.1335763;0.0002399
1415.2500629425;0.0959375;0.0956268;-0.001923716;-0.0024064;-0.03266839;-0.03922968;0.0003107
1416.31257534027;0.0938789;0.0932426;-0.002034899;-0.002191266;-0.1682736;-0.1074612;0.0006363
1417.37508773804;0.0910498;0.0910969;-0.002995807;-0.002211127;-0.08344153;-0.1632181;-0.0000471
1418.4376001358;0.0884780;0.0882954;-0.001893718;-0.002383495;-0.06222131;-0.02634913;0.0001826
1419.50011253357;0.0865000;0.0861497;-0.00196097;-0.002213508;-0.07852429;-0.06388242;0.0003503
1420.56262493134;0.0842500;0.0840039;-0.00197258;-0.001989552;-0.09113143;-0.09817503;0.0002461
1421.62501811981;0.0822500;0.0822158;-0.001996189;-0.001864696;-0.100385;-0.08953693;0.0000342
1422.68753051758;0.0800000;0.0801296;-0.00201444;-0.001862119;-0.1028737;-0.06961004;-0.0001296
1423.75004291534;0.0780000;0.0781626;-0.002018116;-0.001940994;-0.09944678;-0.07406325;-0.0001626
1424.81255531311;0.0757500;0.0760169;-0.002029737;-0.001913083;-0.1025384;-0.1071334;-0.0002669
1425.87506771088;0.0737500;0.0739307;-0.002020133;-0.002017144;-0.09618483;-0.09535152;-0.0001807
1426.93758010864;0.0715000;0.0716061;-0.002011821;-0.002036357;-0.09426777;-0.1029985;-0.0001061
1428.00009250641;0.0695000;0.0696988;-0.00202215;-0.001957084;-0.09975556;-0.1006223;-0.0001988
1429.06260490417;0.0672718;0.0674338;-0.001992333;-0.00199233;-0.1101049;-0.1009174;-0.0001620
1430.12511730194;0.0651308;0.0654669;-0.00221095;-0.00196394;-0.04356656;-0.1068235;-0.0003361
1431.18762969971;0.0635703;0.0633211;-0.0008889014;-0.001870762;-0.07795891;-0.01905614;0.0002492
1432.25002288818;0.0620625;0.0620694;-0.002041667;-0.001491451;-0.158591;-0.1590426;-0.0000069
1433.31253528595;0.0596211;0.0601620;-0.001954471;-0.001665283;-0.02790896;-0.1042997;-0.0005409
1434.37504768372;0.0584502;0.0584931;-0.00101422;-0.001647944;-0.1152632;-0.04631083;-0.0000429
1435.43756008148;0.0565391;0.0569434;-0.002180463;-0.001512019;-0.1519696;-0.1650843;-0.0004043
1436.50007247925;0.0543940;0.0550360;-0.001808509;-0.001780085;-0.01129543;-0.03694645;-0.0006420
1437.56258487701;0.0531771;0.0531883;-0.001335883;-0.001635245;-0.1671717;-0.09165466;-0.0000112
1438.62509727478;0.0511979;0.0516386;-0.001714466;-0.001588422;-0.01306312;-0.06733057;-0.0004407
1439.68760967255;0.0500000;0.0499696;-0.00216328;-0.001516354;-0.177972;-0.1790073;0.0000304
1440.75012207031;0.0480000;0.0484795;-0.000886758;-0.001528833;-0.01215344;-0.02446567;-0.0004795
1441.81263446808;0.0467348;0.0468702;-0.002165802;-0.001456337;-0.1596469;-0.1653729;-0.0001354
1442.87502765656;0.0448408;0.0453205;-0.001269593;-0.001527767;-0.02089856;-0.01847503;-0.0004797
1443.93754005432;0.0438403;0.0438304;-0.0007150428;-0.00136538;-0.1089983;-0.05379072;0.0000099
1445.00005245209;0.0424644;0.0428767;-0.002215208;-0.001158559;-0.154809;-0.1846132;-0.0004123
1446.06256484985;0.0405615;0.0410289;-0.001080722;-0.001510231;-0.02899747;-0.0427408;-0.0004674
1447.12507724762;0.0397442;0.0397773;-0.0008301853;-0.001320884;-0.132996;-0.09961113;-0.0000331
1448.18758964539;0.0379297;0.0384063;-0.002136435;-0.001265708;-0.104403;-0.1588795;-0.0004766
1449.25010204315;0.0364609;0.0367374;-0.0009891402;-0.001524182;-0.04549673;-0.02121724;-0.0002765
1450.31261444092;0.0353750;0.0354261;-0.001005693;-0.001262794;-0.07875334;-0.08531351;-0.0000511
1451.37512683868;0.0343532;0.0344724;-0.0009875648;-0.001047056;-0.07523388;-0.07309376;-0.0001192
1452.43752002716;0.0333560;0.0335784;-0.0012878;-0.0009015111;-0.2051204;-0.188031;-0.0002224
1453.50003242493;0.0314331;0.0323267;-0.001971958;-0.00116477;-0.07570141;-0.1276018;-0.0008936
1454.56254482269;0.0301141;0.0303597;-0.0009378457;-0.001537156;-0.06433663;-0.04983864;-0.0002456
1455.62505722046;0.0291250;0.0291080;-0.0009981059;-0.001352382;-0.07458159;-0.06890122;0.0000170
1456.68756961823;0.0280000;0.0280947;-0.001010551;-0.001057793;-0.09126224;-0.08348379;-0.0000947
1457.75008201599;0.0270000;0.0272603;-0.001029002;-0.0009238884;-0.1005984;-0.0825514;-0.0002603
1458.81259441376;0.0258750;0.0261278;-0.001028166;-0.001000864;-0.09682041;-0.07618095;-0.0002528
1459.87510681152;0.0248750;0.0252933;-0.001046606;-0.0009098993;-0.1041027;-0.08846642;-0.0004183
1460.93761920929;0.0237500;0.0242204;-0.001052411;-0.0009437717;-0.1035266;-0.1127082;-0.0004704
1462.00013160706;0.0227671;0.0232668;-0.001006196;-0.0009534443;-0.1133135;-0.08251108;-0.0004997
1463.06252479553;0.0215058;0.0220747;-0.001236888;-0.001024228;-0.0435729;-0.09482044;-0.0005689
1464.1250371933;0.0210557;0.0210614;0.0001448567;-0.0009808206;-0.05308416;-0.007736993;-0.0000057
1465.18754959106;0.0205391;0.0206442;-0.001053376;-0.0005811309;-0.1409913;-0.1496842;-0.0001051
1466.25006198883;0.0195000;0.0200481;-0.001061068;-0.0006093656;-0.1231379;-0.1266449;-0.0005481
1467.3125743866;0.0183968;0.0190348;-0.0010968;-0.0008207552;-0.12972;-0.1575817;-0.0006380
1468.37508678436;0.0172461;0.0179023;-0.0009673179;-0.001026557;-0.01231998;-0.06778222;-0.0006562
1469.43759918213;0.0170669;0.0170083;-0.0001210751;-0.0008344045;-0.1251518;-0.09324442;0.0000586
1470.5001115799;0.0162891;0.0166506;-0.001175694;-0.0005730022;-0.1494525;-0.1497402;-0.0003615
1471.56262397766;0.0150620;0.0155778;-0.0006333155;-0.0008440553;0.0026274;-0.04542048;-0.0005158
1472.62513637543;0.0150425;0.0149817;-0.0002585253;-0.0006553231;-0.1524753;-0.09862833;0.0000608
1473.6875295639;0.0140000;0.0144453;-0.001466281;-0.0005540111;-0.134066;-0.1829998;-0.0004453
1474.75004196167;0.0130000;0.0134916;2.856043E-05;-0.0007979118;0.001276347;-0.009009371;-0.0004916
1475.81255435944;0.0129092;0.0128956;-0.0007823388;-0.0006059315;-0.1668898;-0.1607864;0.0000136
1476.8750667572;0.0118257;0.0122399;-0.001413011;-0.0006743326;-0.1050226;-0.1547013;-0.0004142
1477.93757915497;0.0110527;0.0110478;0.00021875;-0.0009242505;-0.04511062;-0.01262819;0.0000049
1479.00009155273;0.0106973;0.0106306;-0.001211318;-0.0006011172;-0.1166605;-0.1453981;0.0000667
1480.0626039505;0.0100775;0.0100345;0.0001753639;-0.000530551;-0.09154722;-0.01145127;0.0000430
1481.12511634827;0.0095475;0.0096769;-0.00118499;-0.0004260829;-0.1014076;-0.1659624;-0.0001294
1482.18762874603;0.0090937;0.0090809;8.475939E-05;-0.000495207;-0.1187885;-0.01453988;0.0000128
1483.25002193451;0.0084062;0.0086040;-0.001105372;-0.0005244332;-0.07269511;-0.134629;-0.0001978
1484.31253433228;0.0080970;0.0079484;-1.85996E-05;-0.0005625287;-0.1359512;-0.0656238;0.0001486
1485.37504673004;0.0072998;0.0075311;-0.001016331;-0.0005030868;-0.06759962;-0.1063773;-0.0002313
1486.43755912781;0.0069609;0.0068755;0.0001449317;-0.000520592;-0.03787192;-0.00815079;0.0000854
1487.50007152557;0.0071060;0.0068159;-0.0002306986;-0.0002290301;-0.1805206;-0.1664626;0.0002901
1488.56258392334;0.0060729;0.0064583;-0.0007083048;-0.0003585503;-0.0264337;-0.08641865;-0.0003854
1489.62509632111;0.0060521;0.0059218;-0.0003201177;-0.0004690628;-0.1763737;-0.139986;0.0001303
1490.68760871887;0.0050000;0.0051470;-0.0003497117;-0.0006539139;-0.009548101;-0.08009741;-0.0001470
1491.75012111664;0.0050000;0.0046105;0.0004600637;-0.0005573289;-0.05003269;-0.007759891;0.0003895
1492.8126335144;0.0048598;0.0046700;-0.001129569;-0.0001512919;-0.1721284;-0.1890455;0.0001898
1493.87502670288;0.0039754;0.0042529;-0.0001777283;-0.0003355697;-0.03467082;-0.064859;-0.0002775
1494.93753910065;0.0039829;0.0037164;-1.97864E-05;-0.0003930446;-0.05761236;-0.04635762;0.0002665
1496.00005149841;0.0040903;0.0037164;0.0003255132;-0.0001531869;-0.1154725;-0.05842123;0.0003739
1497.06256389618;0.0035693;0.0037164;-0.001161246;-0.0001030777;-0.1304483;-0.1613445;-0.0001471
1498.12507629395;0.0029583;0.0030608;-1.434998E-05;-0.0004448421;-0.03976268;-0.0531383;-0.0001025
1499.18758869171;0.0029766;0.0026436;3.710204E-05;-0.000355355;-0.05309263;-0.04705561;0.0003330
1500.25010108948;0.0031328;0.0026435;9.618326E-05;-0.0001228412;-0.1533139;-0.1279534;0.0004893
1501.31261348724;0.0022998;0.0025243;-0.001015573;-0.0001671615;-0.08359037;-0.1414948;-0.0002245
1502.37512588501;0.0019681;0.0018091;8.835337E-05;-0.0005140109;-0.04516181;-0.01367581;0.0001590
1503.43763828278;0.0020000;0.0016303;4.119107E-05;-0.0002617392;-0.07126389;-0.06729677;0.0003697
1504.50003147125;0.0020000;0.0016898;3.456172E-05;-4.912248E-05;-0.08267351;-0.08073013;0.0003102
1505.56254386902;0.0019904;0.0018090;8.954707E-05;6.314716E-05;-0.07625076;-0.0705572;0.0001814
1506.62505626678;0.0020630;0.0019282;-0.0004091345;8.340905E-05;-0.2068723;-0.1789505;0.0001348
1507.68756866455;0.0010000;0.0012727;-0.0002803835;-0.000418454;-0.02222465;-0.09146813;-0.0002727
1508.75008106232;0.0010000;0.0005574;4.93134E-05;-0.0005589481;-0.05440306;-0.02139812;0.0004426
1509.81259346008;0.0010000;0.0003190;7.587534E-05;-0.0003008585;-0.06367368;-0.06029943;0.0006810
1510.87510585785;0.0010000;0.0003785;6.9246E-05;-8.011237E-05;-0.07525802;-0.07052516;0.0006215
1511.93761825562;0.0010000;0.0005573;4.932454E-05;4.810235E-05;-0.08387844;-0.08447245;0.0004427
1513.00013065338;0.0010000;0.0006765;3.604357E-05;7.795374E-05;-0.08678259;-0.07560712;0.0003235
1514.06252384186;0.0009782;0.0007361;1.258044E-06;4.765404E-05;-0.0736303;-0.06714657;0.0002421
1515.12503623962;0.0011192;0.0007361;0.0002161866;1.857289E-05;-0.1405306;-0.09245009;0.0003831
1516.18754863739;0.0004297;0.0003190;-0.001070999;-0.0002863993;-0.09069464;-0.1622935;0.0001107
1517.25006103516;-0.0000391;-0.0005155;9.474592E-05;-0.0006145076;-0.0253105;-0.01201566;0.0004764
1518.31257343292;0.0000000;-0.0008731;9.727865E-05;-0.0003701533;-0.05445959;-0.03996881;0.0008731
1519.37508583069;0.0000000;-0.0006348;7.072785E-05;2.603026E-05;-0.0774164;-0.08492286;0.0006348
1520.43759822845;0.0000000;-0.0002176;2.424446E-05;0.0002326182;-0.0934832;-0.08561733;0.0002176
1521.50011062622;0.0000000;-0.0000388;4.323E-06;0.0001908512;-0.09376577;-0.08257699;0.0000388
1522.56262302399;0.0000000;-0.0000983;1.095234E-05;1.32295E-05;-0.08380152;-0.07891144;0.0000983
1523.62513542175;0.0000000;-0.0002175;2.423331E-05;-6.610177E-05;-0.07793313;-0.07462684;0.0002175
1524.68752861023;0.0000000;-0.0003963;4.415477E-05;-0.0001237132;-0.07217433;-0.0700095;0.0003963
1525.750041008;0.0000000;-0.0003963;4.415477E-05;-4.821651E-05;-0.07570599;-0.06063012;0.0003963
1526.81255340576;0.0000000;-0.0003963;4.415477E-05;-1.67041E-05;-0.07694608;-0.09294125;0.0003963
1527.87506580353;0.0000000;-0.0003368;3.752543E-05;1.957818E-05;-0.07934949;-0.110679;0.0003368
1528.93757820129;0.0000000;-0.0002772;3.088494E-05;3.291502E-05;-0.08059501;-0.07308498;0.0002772
1530.00009059906;0.0000000;-0.0002176;2.424446E-05;5.003643E-05;-0.08210038;-0.08184326;0.0002176
1531.06260299683;0.0000000;-0.0002771;3.08738E-05;-8.753922E-06;-0.0780104;-0.08404034;0.0002771
1532.12511539459;0.0000000;-0.0003367;3.751428E-05;-3.281069E-05;-0.0756752;-0.06909491;0.0003367
1533.18762779236;0.0000000;-0.0003367;3.751428E-05;-1.136692E-05;-0.07645612;-0.08697319;0.0003367
1534.25014019012;0.0000000;-0.0003368;3.752543E-05;5.359319E-06;-0.07701074;-0.0551023;0.0003368
1535.3125333786;0.0000000;-0.0003368;3.752543E-05;1.85668E-06;-0.0765153;-0.1033478;0.0003368
1536.37504577637;0.0000000;-0.0002176;2.424446E-05;8.677517E-05;-0.08228774;-0.07308807;0.0002176
1537.43755817413;0.0000000;-0.0002176;2.424446E-05;3.006234E-05;-0.079182;-0.07938784;0.0002176
1538.5000705719;0.0000000;-0.0001580;1.760397E-05;4.479039E-05;-0.08062088;-0.05601483;0.0001580
1539.56258296967;0.0000000;-0.0002175;2.423331E-05;-1.750112E-05;-0.07642018;-0.0737474;0.0002175
1540.62509536743;0.0000000;-0.0002771;3.08738E-05;-4.402894E-05;-0.07402074;-0.09613141;0.0002771
1541.6876077652;0.0000000;-0.0002771;3.08738E-05;-1.525336E-05;-0.07523274;-0.08898734;0.0002771
1542.75012016296;0.0000000;-0.0002771;3.08738E-05;-5.944911E-06;-0.0754777;-0.07345185;0.0002771
1543.81263256073;0.0000000;-0.0002176;2.424446E-05;1.85536E-05;-0.07736123;-0.08066929;0.0002176
1544.87502574921;0.0000000;-0.0002176;2.424446E-05;7.23116E-06;-0.07660037;-0.0687229;0.0002176
1545.93753814697;0.0000000;-0.0000984;1.096349E-05;7.87117E-05;-0.08178078;-0.07371122;0.0000984
1547.00005054474;0.0000000;-0.0001579;1.759283E-05;-6.468116E-06;-0.07648154;-0.08811098;0.0001579
1548.0625629425;0.0000000;-0.0001579;1.759283E-05;-2.24081E-06;-0.07654956;-0.07975367;0.0001579
1549.12507534027;0.0000000;-0.0002175;2.423331E-05;-2.41021E-05;-0.07441372;-0.09796162;0.0002175
1550.18758773804;0.0000000;-0.0002175;2.423331E-05;-8.349919E-06;-0.07501539;-0.09371319;0.0002175
1551.2501001358;0.0000000;-0.0002175;2.423331E-05;-3.254333E-06;-0.07509457;-0.08224733;0.0002175
1552.31261253357;0.0000000;-0.0000984;1.096349E-05;8.310948E-05;-0.08101638;-0.05483983;0.0000984
1553.37512493134;0.0000000;-0.0000388;4.323E-06;7.425044E-05;-0.08133558;-0.1111936;0.0000388
1554.4376373291;0.0000000;-0.0001579;1.759283E-05;-3.932549E-05;-0.07374991;-0.07220553;0.0001579
1555.50003051758;0.0000000;-0.0001579;1.759283E-05;-1.532688E-05;-0.0748459;-0.05520773;0.0001579
1556.56254291534;0.0000000;-0.0001579;1.759283E-05;-5.309837E-06;-0.07521012;-0.08323426;0.0001579
1557.62505531311;0.0000000;-0.0001579;1.759283E-05;-2.069479E-06;-0.07524411;-0.08390079;0.0001579
1558.68756771088;0.0000000;-0.0001579;1.759283E-05;-7.16949E-07;-0.07516507;-0.05762697;0.0001579
1559.75008010864;0.0000000;-0.0001579;1.759283E-05;-2.794268E-07;-0.07505568;-0.07839783;0.0001579
1560.81259250641;0.0000000;-0.0001579;1.759283E-05;-9.680446E-08;-0.07491677;-0.07718974;0.0001579
1561.87510490417;0.0000000;-0.0001579;1.759283E-05;-3.772899E-08;-0.07478801;-0.09939291;0.0001579
1562.93761730194;0.0000000;-0.0000388;4.323E-06;7.615449E-05;-0.08026402;-0.0452796;0.0000388
1564.00012969971;0.0000000;-0.0000388;4.323E-06;2.968078E-05;-0.07785404;-0.07517353;0.0000388
1565.06264209747;0.0000000;-0.0000388;4.323E-06;1.807857E-05;-0.07721163;-0.08220807;0.0000388
1566.12503528595;0.0000000;-0.0000984;1.096349E-05;-1.725727E-05;-0.07449207;-0.08224733;0.0000984
1567.18754768372;0.0000000;-0.0001579;1.759283E-05;-6.475391E-05;-0.07113527;-0.06432773;0.0001579
1568.25006008148;0.0000000;-0.0000984;1.096349E-05;1.888095E-05;-0.07613537;-0.08375096;0.0000984
1569.31257247925;0.0000000;-0.0000984;1.096349E-05;6.541105E-06;-0.07541167;-0.07751941;0.0000984
1570.37508487701;0.0000000;-0.0001579;1.759283E-05;-4.691964E-05;-0.07175383;-0.05905518;0.0001579
1571.43759727478;0.0000000;-0.0001579;1.759283E-05;-1.625481E-05;-0.07317439;-0.05579368;0.0001579
1572.50010967255;0.0000000;-0.0000984;1.096349E-05;2.668305E-05;-0.07610483;-0.06099802;0.0000984
1573.56262207031;0.0000000;-0.0000983;1.095234E-05;1.497406E-06;-0.07473783;-0.0562701;0.0000983
1574.62513446808;0.0000000;-0.0000983;1.095234E-05;-4.059589E-06;-0.07437772;-0.07070397;0.0000983
1575.68752765656;0.0000000;-0.0000983;1.095234E-05;-1.406402E-06;-0.07442116;-0.08243231;0.0000983
1576.75004005432;0.0000000;-0.0000983;1.095234E-05;-5.481371E-07;-0.07438304;-0.1026916;0.0000983
1577.81255245209;0.0000000;-0.0000388;4.323E-06;3.547533E-05;-0.07699923;-0.08741342;0.0000388
1578.87506484985;0.0000000;-0.0000388;4.323E-06;1.382631E-05;-0.07585929;-0.06689373;0.0000388
1579.93757724762;0.0000000;-0.0000388;4.323E-06;2.571381E-05;-0.0764;-0.05623289;0.0000388
1581.00008964539;0.0000000;-0.0001579;1.759283E-05;-7.362592E-05;-0.06957772;-0.08382124;0.0001579
1582.06260204315;0.0000000;-0.0000984;1.096349E-05;5.478849E-06;-0.07434819;-0.08436897;0.0000984
1583.12511444092;0.0000000;-0.0000388;4.323E-06;4.523472E-05;-0.07716079;-0.05345193;0.0000388
1584.18762683868;0.0000000;-0.0000388;4.323E-06;1.567109E-05;-0.07561189;-0.04927173;0.0000388
1585.25013923645;0.0000000;-0.0000388;4.323E-06;6.10772E-06;-0.07509024;-0.06095978;0.0000388
1586.31253242493;0.0000000;-0.0000388;4.323E-06;2.115955E-06;-0.07484959;-0.07846914;0.0000388
1587.37504482269;0.0000000;-0.0000983;1.095234E-05;-4.793693E-05;-0.07140959;-0.04381626;0.0000983
1588.43755722046;0.0000000;-0.0000983;1.095234E-05;-1.660724E-05;-0.07292014;-0.05531933;0.0000983
1589.50006961823;0.0000000;-0.0000983;1.095234E-05;-6.472578E-06;-0.07335658;-0.09078754;0.0000983
1590.56258201599;0.0000000;-0.0000983;1.095234E-05;-7.465951E-06;-0.07321969;-0.07755764;0.0000983
1591.62509441376;0.0000000;-0.0000388;4.323E-06;2.027998E-05;-0.07544129;-0.06693298;0.0000388
1592.68760681152;0.0000000;-0.0000388;4.323E-06;7.025784E-06;-0.07472676;-0.05480572;0.0000388
1593.75011920929;0.0000000;-0.0000388;4.323E-06;2.73826E-06;-0.07447504;-0.1052545;0.0000388
1594.81263160706;0.0000000;-0.0000388;4.323E-06;9.486412E-07;-0.07434706;-0.06608765;0.0000388
1595.87514400482;0.0000000;-0.0000388;4.323E-06;3.697276E-07;-0.07428507;-0.09056228;0.0000388
1596.9375371933;0.0000000;-0.0000983;1.095234E-05;-5.27608E-05;-0.07068977;-0.08374786;0.0000983
1598.00004959106;0.0000000;-0.0000388;4.323E-06;5.525289E-06;-0.07446759;-0.05264482;0.0000388
1599.06256198883;0.0000000;-0.0000388;4.323E-06;1.914178E-06;-0.07424641;-0.09038039;0.0000388
1600.1250743866;0.0000000;-0.0000388;4.323E-06;7.460399E-07;-0.07415427;-0.06744556;0.0000388
1601.18758678436;0.0000000;-0.0000388;4.323E-06;2.584576E-07;-0.0740929;-0.08092353;0.0000388
1602.25009918213;0.0000000;-0.0000388;4.323E-06;1.007324E-07;-0.07405245;-0.07590727;0.0000388
1603.3126115799;0.0000000;-0.0000983;1.095234E-05;-4.697745E-05;-0.07076059;-0.06231358;0.0000983
1604.37512397766;0.0000000;-0.0000388;4.323E-06;7.779317E-06;-0.07435786;-0.070891;0.0000388
1605.43763637543;0.0000000;-0.0000388;4.323E-06;2.695062E-06;-0.07406132;-0.07821183;0.0000388
1606.5000295639;0.0000000;-0.0000983;1.095234E-05;-5.18385E-05;-0.07039829;-0.06216786;0.0000983
1607.56254196167;0.0000000;-0.0000388;4.323E-06;2.654246E-06;-0.0739842;-0.08198693;0.0000388
1608.62505435944;0.0000000;-0.0000388;4.323E-06;1.034478E-06;-0.07386895;-0.07964928;0.0000388
1609.6875667572;0.0000000;-0.0000388;4.323E-06;3.583838E-07;-0.07379793;-0.04967785;0.0000388
1610.75007915497;0.0000000;-0.0000983;1.095234E-05;-4.164907E-05;-0.07076333;-0.08316192;0.0000983
1611.81259155273;0.0000000;-0.0000388;4.323E-06;2.271668E-05;-0.07482331;-0.07916875;0.0000388
1612.8751039505;0.0000000;-0.0000388;4.323E-06;8.853698E-06;-0.07408169;-0.06389161;0.0000388
1613.93761634827;0.0000000;-0.0000388;4.323E-06;3.06727E-06;-0.07374923;-0.09642388;0.0000388
1615.00012874603;0.0000000;-0.0000388;4.323E-06;1.195451E-06;-0.07362109;-0.0674435;0.0000388
1616.0626411438;0.0000000;-0.0000388;4.323E-06;4.141514E-07;-0.07354467;-0.08840138;0.0000388
1617.12503433228;0.0000000;-0.0000388;4.323E-06;1.614132E-07;-0.07349937;-0.07686317;0.0000388
1618.18754673004;0.0000000;0.0000209;-2.328626E-06;3.318518E-05;-0.07602087;-0.0526438;-0.0000209
1619.25005912781;0.0000000;0.0000209;-2.328626E-06;1.293374E-05;-0.07500226;-0.07327098;-0.0000209
1620.31257152557;0.0000000;0.0000210;-2.339768E-06;-1.316774E-06;-0.07430046;-0.08180504;-0.0000210
1621.37508392334;0.0000000;0.0000210;-2.339768E-06;-5.132051E-07;-0.07435909;-0.06971703;-0.0000210
1622.43759632111;0.0000000;-0.0000387;4.311859E-06;-4.210701E-05;-0.07139489;-0.06271559;0.0000387
1623.50010871887;0.0000000;-0.0000387;4.311859E-06;-1.641097E-05;-0.0726772;-0.07246388;0.0000387
1624.56262111664;0.0000000;-0.0000387;4.311859E-06;-5.685406E-06;-0.07318958;-0.1017378;0.0000387
1625.6251335144;0.0000000;-0.0000387;4.311859E-06;-2.215855E-06;-0.07333478;-0.09679177;0.0000387
1626.68764591217;0.0000000;-0.0000387;4.311859E-06;-7.676595E-07;-0.07337253;-0.08466761;0.0000387
1627.75003910065;0.0000000;-0.0000387;4.311859E-06;-2.99191E-07;-0.0733642;-0.08367244;0.0000387
1628.81255149841;0.0000000;-0.0000387;4.311859E-06;-1.036515E-07;-0.07333787;-0.08730594;0.0000387
1629.87506389618;0.0000000;0.0000805;-8.969112E-06;5.589302E-05;-0.077923;-0.06356195;-0.0000805
1630.93757629395;0.0000000;0.0000805;-8.969112E-06;1.936354E-05;-0.07612973;-0.07744397;-0.0000805
1632.00008869171;0.0000000;0.0000210;-2.339768E-06;-1.854168E-05;-0.07337974;-0.05693251;-0.0000210
1633.06260108948;0.0000000;0.0000210;-2.339768E-06;-6.423569E-06;-0.07401942;-0.08213881;-0.0000210
1634.12511348724;0.0000000;-0.0000387;4.311859E-06;-5.557022E-05;-0.07067908;-0.07964723;0.0000387
1635.18762588501;0.0000000;-0.0000387;4.311859E-06;-1.925172E-05;-0.0725008;-0.0844072;0.0000387
1636.25013828278;0.0000000;-0.0000387;4.311859E-06;-7.503249E-06;-0.07306956;-0.08638518;0.0000387
1637.31253147125;0.0000000;0.0000209;-2.328626E-06;1.804837E-05;-0.07523231;-0.07671025;-0.0000209
1638.37504386902;0.0000000;0.0000209;-2.328626E-06;7.03425E-06;-0.07468627;-0.07781702;-0.0000209
1639.43755626678;0.0000000;0.0000209;-2.328626E-06;2.436942E-06;-0.07447071;-0.08957432;-0.0000209
1640.50006866455;0.0000000;-0.0000388;4.323E-06;-1.451054E-05;-0.07272781;-0.07506708;0.0000388
1641.56258106232;0.0000000;-0.0000983;1.095234E-05;-2.564017E-05;-0.07123163;-0.08510269;0.0000983
1642.62509346008;0.0000000;-0.0000388;4.323E-06;1.319668E-05;-0.07402065;-0.0518367;0.0000388
1643.68760585785;0.0000000;0.0000805;-8.969112E-06;9.482005E-05;-0.07986439;-0.06249958;-0.0000805
1644.75011825562;0.0000000;0.0000805;-8.969112E-06;3.695558E-05;-0.07697123;-0.06404041;-0.0000805
1645.81263065338;0.0000000;0.0000210;-2.339768E-06;-1.654671E-05;-0.0734379;-0.06451271;-0.0000210
1646.87514305115;0.0000000;0.0000210;-2.339768E-06;-6.448986E-06;-0.07397202;-0.109103;-0.0000210
1647.93753623962;0.0000000;-0.0000387;4.311859E-06;-3.536344E-05;-0.07164404;-0.08045329;0.0000387
1649.00004863739;0.0000000;-0.0000387;4.311859E-06;-1.37827E-05;-0.07271581;-0.0466334;0.0000387
1650.06256103516;0.0000000;0.0000209;-2.328626E-06;4.820291E-05;-0.07669277;-0.08001203;-0.0000209
1651.12507343292;0.0000000;0.0000805;-8.969112E-06;6.587817E-05;-0.0784628;-0.06315891;-0.0000805
1652.18758583069;0.0000000;0.0001401;-1.56096E-05;6.003079E-05;-0.07910001;-0.09154716;-0.0001401
1653.25009822845;0.0000000;0.0001401;-1.56096E-05;2.339666E-05;-0.07734273;-0.09258055;-0.0001401
1654.31261062622;0.0000000;0.0000210;-2.339768E-06;-4.411535E-05;-0.07226298;-0.05898386;-0.0000210
1655.37512302399;0.0000000;-0.0000387;4.311859E-06;-4.664194E-05;-0.07127657;-0.07019344;0.0000387
1656.43763542175;0.0000000;-0.0000387;4.311859E-06;-1.61586E-05;-0.07279976;-0.1054705;0.0000387
1657.50014781952;0.0000000;-0.0000387;4.311859E-06;-6.297725E-06;-0.07327196;-0.06689475;0.0000387
1658.562541008;0.0000000;0.0000805;-8.969112E-06;7.430847E-05;-0.07908098;-0.09081858;-0.0000805
1659.62505340576;0.0000000;0.0001401;-1.56096E-05;6.30034E-05;-0.07943681;-0.07715255;-0.0001401
1660.68756580353;0.0000000;0.0000806;-8.980253E-06;-1.53187E-05;-0.07470207;-0.09122264;-0.0000806
1661.75007820129;0.0000000;0.0000210;-2.339768E-06;-3.536928E-05;-0.07287034;-0.05487704;-0.0000210
1662.81259059906;0.0000000;-0.0000387;4.311859E-06;-4.952373E-05;-0.0713037;-0.04985974;0.0000387
1663.87510299683;0.0000000;-0.0000387;4.311859E-06;-1.930159E-05;-0.07281758;-0.04454587;0.0000387
1664.93761539459;0.0000000;0.0000209;-2.328626E-06;4.629094E-05;-0.07697908;-0.1015517;-0.0000209
1666.00012779236;0.0000000;0.0000805;-8.969112E-06;4.744054E-05;-0.07792854;-0.08719331;-0.0000805
1667.06264019012;0.0000000;0.0000805;-8.969112E-06;1.643527E-05;-0.07641789;-0.123975;-0.0000805
1668.1250333786;0.0000000;0.0000805;-8.969112E-06;6.405555E-06;-0.07597195;-0.06674801;-0.0000805
1669.18754577637;0.0000000;0.0000210;-2.339768E-06;-1.839401E-05;-0.07388841;-0.07994071;-0.0000210
1670.25005817413;0.0000000;0.0000210;-2.339768E-06;-7.168961E-06;-0.07448021;-0.07890938;-0.0000210
1671.3125705719;0.0000000;0.0000210;-2.339768E-06;-2.48361E-06;-0.07473963;-0.1028353;-0.0000210
1672.37508296967;0.0000000;0.0000210;-2.339768E-06;-9.679732E-07;-0.0748347;-0.06891199;-0.0000210
1673.43759536743;0.0000000;0.0000210;-2.339768E-06;-3.35344E-07;-0.07488678;-0.06451168;-0.0000210
1674.5001077652;0.0000000;0.0000210;-2.339768E-06;-1.306984E-07;-0.07491478;-0.06015371;-0.0000210
1675.56262016296;0.0000000;0.0000210;-2.339768E-06;-5.520646E-06;-0.07467116;-0.07209907;-0.0000210
1676.62513256073;0.0000000;0.0000210;-2.339768E-06;-2.151641E-06;-0.07486104;-0.09470631;-0.0000210
1677.6876449585;0.0000000;0.0000210;-2.339768E-06;-7.454132E-07;-0.07495271;-0.0757264;-0.0000210
1678.75003814697;0.0000000;0.0000210;-2.339768E-06;-2.905206E-07;-0.07499351;-0.08631592;-0.0000210
1679.81255054474;0.0000000;0.0000210;-2.339768E-06;-1.006478E-07;-0.07502294;-0.06689578;-0.0000210
1680.8750629425;0.0000000;-0.0000387;4.311859E-06;-5.310589E-05;-0.07148518;-0.05938381;0.0000387
1681.93757534027;0.0000000;-0.0000387;4.311859E-06;-1.839797E-05;-0.07322451;-0.09294228;0.0000387
1683.00008773804;0.0000000;-0.0000387;4.311859E-06;-7.170507E-06;-0.07376661;-0.06096286;0.0000387
1684.0626001358;0.0000000;-0.0000387;4.311859E-06;-2.484147E-06;-0.07397003;-0.07220862;0.0000387
1685.12511253357;0.0000000;0.0000805;-8.969112E-06;6.517935E-05;-0.07913336;-0.06458711;-0.0000805
1686.18762493134;0.0000000;0.0000805;-8.969112E-06;2.25807E-05;-0.07702959;-0.08462732;-0.0000805
1687.2501373291;0.0000000;0.0000805;-8.969112E-06;8.800699E-06;-0.0763918;-0.06422539;-0.0000805
1688.31264972687;0.0000000;0.0000210;-2.339768E-06;-1.756424E-05;-0.07422819;-0.09844009;-0.0000210
1689.37504291534;0.0000000;-0.0000387;4.311859E-06;-3.302177E-05;-0.072574;-0.09869638;0.0000387
1690.43755531311;0.0000000;-0.0000387;4.311859E-06;-1.144004E-05;-0.07364179;-0.07686214;0.0000387
1691.50006771088;0.0000000;-0.0000387;4.311859E-06;-4.458691E-06;-0.07396666;-0.08444337;0.0000387
1692.56258010864;0.0000000;-0.0000387;4.311859E-06;-1.544666E-06;-0.07407941;-0.1012924;0.0000387
1693.62509250641;0.0000000;-0.0000387;4.311859E-06;-6.02025E-07;-0.07409534;-0.07737472;0.0000387
1694.68760490417;0.0000000;-0.0000387;4.311859E-06;-2.085652E-07;-0.07407913;-0.0700467;0.0000387
1695.75011730194;0.0000000;0.0000209;-2.328626E-06;4.17777E-05;-0.0770494;-0.1247429;-0.0000209
1696.81262969971;0.0000000;0.0000209;-2.328626E-06;1.447344E-05;-0.07567213;-0.0763475;-0.0000209
1697.87514209747;0.0000000;0.0000209;-2.328626E-06;5.640941E-06;-0.07523771;-0.07037534;-0.0000209
1698.93753528595;0.0000000;-0.0000387;4.311859E-06;-2.744466E-05;-0.07269147;-0.0806321;0.0000387
1700.00004768372;0.0000000;-0.0000387;4.311859E-06;-1.06964E-05;-0.073516;-0.07202365;0.0000387
1701.06256008148;0.0000000;-0.0000387;4.311859E-06;-3.705655E-06;-0.07383732;-0.07847428;0.0000387
1702.12507247925;0.0000000;0.0000209;-2.328626E-06;4.041473E-05;-0.07691677;-0.06913005;-0.0000209
1703.18758487701;0.0000000;0.0000209;-2.328626E-06;1.400125E-05;-0.07558508;-0.1020302;-0.0000209
1704.25009727478;0.0000000;0.0000210;-2.339768E-06;1.837537E-06;-0.07498789;-0.1151134;-0.0000210
1705.31260967255;0.0000000;0.0000210;-2.339768E-06;6.365954E-07;-0.07494617;-0.07744912;-0.0000210
1706.37512207031;0.0000000;0.0000210;-2.339768E-06;2.481095E-07;-0.07494382;-0.1108267;-0.0000210
1707.43763446808;0.0000000;-0.0000387;4.311859E-06;-2.059648E-05;-0.07300378;-0.0682134;0.0000387
1708.50014686584;0.0000000;-0.0000387;4.311859E-06;-8.02736E-06;-0.07361449;-0.05843305;0.0000387
1709.56254005432;0.0000000;0.0000209;-2.328626E-06;5.019678E-05;-0.07739902;-0.07352728;-0.0000209
1710.62505245209;0.0000000;0.0000210;-2.339768E-06;1.549212E-05;-0.07564864;-0.08188355;-0.0000210
1711.68756484985;0.0000000;0.0000210;-2.339768E-06;5.367082E-06;-0.07515035;-0.05612335;-0.0000210
1712.75007724762;0.0000000;0.0000210;-2.339768E-06;2.09179E-06;-0.07500031;-0.1127324;-0.0000210
1713.81258964539;0.0000000;0.0000210;-2.339768E-06;-4.498916E-06;-0.07468905;-0.05905518;-0.0000210
1714.87510204315;0.0000000;0.0000210;-2.339768E-06;-6.977019E-06;-0.074586;-0.0664576;-0.0000210
1715.93761444092;0.0000000;0.0000210;-2.339768E-06;-5.31584E-06;-0.07469691;-0.08136891;-0.0000210
1717.00012683868;0.0000000;0.0000210;-2.339768E-06;-3.177092E-05;-0.07340444;-0.07590932;-0.0000210
1718.06263923645;0.0000000;0.0000210;-2.339768E-06;-1.10067E-05;-0.07448646;-0.05524185;-0.0000210
1719.12515163422;0.0000000;-0.0000387;4.311859E-06;-4.156022E-05;-0.07207865;-0.05931352;0.0000387
1720.18754482269;0.0000000;-0.0000387;4.311859E-06;-1.43981E-05;-0.07343195;-0.06924062;0.0000387
1721.25005722046;0.0000000;0.0000209;-2.328626E-06;2.746219E-05;-0.07640821;-0.08811201;-0.0000209
1722.31256961823;0.0000000;0.0000805;-8.969112E-06;3.016177E-05;-0.07745779;-0.08286843;-0.0000805
1723.37508201599;0.0000000;0.0000210;-2.339768E-06;-3.746482E-05;-0.07321829;-0.1022503;-0.0000210
1724.43759441376;0.0000000;-0.0000387;4.311859E-06;-5.490851E-05;-0.07148961;-0.07173016;0.0000387
1725.50010681152;0.0000000;-0.0001579;1.759283E-05;-0.000116237;-0.06662307;-0.07191205;0.0001579
1726.56261920929;0.0000000;-0.0001579;1.759283E-05;-4.574446E-05;-0.07009363;-0.05183567;0.0001579
1727.62513160706;0.0000000;-0.0000388;4.323E-06;3.439223E-05;-0.07581903;-0.083195;0.0000388
1728.68764400482;0.0000000;0.0000209;-2.328626E-06;6.498149E-05;-0.07819107;-0.05704102;-0.0000209
1729.7500371933;0.0000000;0.0000210;-2.339768E-06;1.952863E-05;-0.07589079;-0.06546758;-0.0000210
1730.81254959106;0.0000000;0.0000210;-2.339768E-06;-5.673689E-06;-0.07463977;-0.04201811;-0.0000210
1731.87506198883;0.0000000;0.0000210;-2.339768E-06;-2.211288E-06;-0.07483444;-0.0545856;-0.0000210
1732.9375743866;0.0000000;-0.0000388;4.323E-06;-2.506095E-05;-0.07280286;-0.08290563;0.0000388
1734.00008678436;0.0000000;-0.0000388;4.323E-06;-9.767363E-06;-0.07355289;-0.0735686;0.0000388
1735.06259918213;0.0000000;-0.0000388;4.323E-06;-3.383799E-06;-0.07384305;-0.09301667;0.0000388
1736.1251115799;0.0000000;0.0000209;-2.328626E-06;4.06104E-05;-0.07691739;-0.07674848;-0.0000209
1737.18762397766;0.0000000;0.0000805;-8.969112E-06;3.761556E-05;-0.07766946;-0.07594241;-0.0000805
1738.25013637543;0.0000000;0.0000210;-2.339768E-06;-3.822844E-05;-0.07301576;-0.06806666;-0.0000210
1739.31264877319;0.0000000;-0.0000387;4.311859E-06;-6.041421E-05;-0.07105069;-0.1180773;0.0000387
1740.37504196167;0.0000000;-0.0000983;1.095234E-05;-4.967845E-05;-0.07068822;-0.05762594;0.0000983
1741.43755435944;0.0000000;-0.0000388;4.323E-06;8.877939E-06;-0.07446961;-0.04641019;0.0000388
1742.5000667572;0.0000000;-0.0000388;4.323E-06;3.460126E-06;-0.07416006;-0.06125122;0.0000388
1743.56257915497;0.0000000;-0.0000388;4.323E-06;1.198724E-06;-0.07400794;-0.09910044;0.0000388
1744.62509155273;0.0000000;0.0000209;-2.328626E-06;2.373493E-05;-0.07601564;-0.1216674;-0.0000209
1745.6876039505;0.0000000;0.0000209;-2.328626E-06;8.222716E-06;-0.07524166;-0.06971395;-0.0000209
1746.75011634827;0.0000000;0.0000209;-2.328626E-06;3.204757E-06;-0.07500237;-0.08316398;-0.0000209
1747.81262874603;0.0000000;0.0000209;-2.328626E-06;1.110254E-06;-0.07491484;-0.0656133;-0.0000209
1748.8751411438;0.0000000;-0.0000387;4.311859E-06;-4.665864E-05;-0.0716401;-0.05425594;0.0000387
1749.93765354156;0.0000000;-0.0000983;1.095234E-05;-5.802338E-05;-0.0701678;-0.06759024;0.0000983
1751.00004673004;0.0000000;-0.0000388;4.323E-06;1.453128E-05;-0.07465699;-0.07400266;0.0000388
1752.06255912781;0.0000000;-0.0000388;4.323E-06;5.034208E-06;-0.07413471;-0.09261569;0.0000388
1753.12507152557;0.0000000;-0.0000388;4.323E-06;1.962054E-06;-0.07394516;-0.09745213;0.0000388
1754.18758392334;0.0000000;0.0000209;-2.328626E-06;2.394747E-05;-0.07592063;-0.05414434;-0.0000209
1755.25009632111;0.0000000;0.0000209;-2.328626E-06;9.333389E-06;-0.07519043;-0.08202824;-0.0000209
1756.31260871887;0.0000000;0.0000209;-2.328626E-06;3.233454E-06;-0.07489797;-0.08422326;-0.0000209
1757.37512111664;0.0000000;0.0000209;-2.328626E-06;1.26022E-06;-0.07481447;-0.05986639;-0.0000209
1758.4376335144;0.0000000;-0.0000387;4.311859E-06;-3.677139E-05;-0.07202762;-0.08802938;0.0000387
1759.50014591217;0.0000000;0.0000209;-2.328626E-06;3.864634E-05;-0.0766958;-0.07180147;-0.0000209
1760.56253910065;0.0000000;0.0000209;-2.328626E-06;1.338861E-05;-0.07542323;-0.08972416;-0.0000209
1761.62505149841;0.0000000;0.0000805;-8.969112E-06;3.21156E-05;-0.07727819;-0.07561172;-0.0000805
1762.68756389618;0.0000000;0.0000210;-2.339768E-06;-1.822347E-05;-0.07390668;-0.08634592;-0.0000210
1763.75007629395;0.0000000;0.0000210;-2.339768E-06;-7.102494E-06;-0.07449315;-0.05773549;-0.0000210
1764.81258869171;0.0000000;0.0000210;-2.339768E-06;-2.460584E-06;-0.07475034;-0.0746289;-0.0000210
1765.87510108948;0.0000000;-0.0000387;4.311859E-06;-3.822941E-05;-0.07207573;-0.05953364;0.0000387
1766.93761348724;0.0000000;-0.0000387;4.311859E-06;-1.324417E-05;-0.07331763;-0.08924054;0.0000387
1768.00012588501;0.0000000;-0.0000387;4.311859E-06;-5.161842E-06;-0.07369883;-0.07210011;0.0000387
1769.06263828278;0.0000000;0.0000805;-8.969112E-06;6.620308E-05;-0.07904749;-0.04839434;-0.0000805
1770.12515068054;0.0000000;0.0000210;-2.339768E-06;-3.547303E-06;-0.07467449;-0.09352925;-0.0000210
1771.18754386902;0.0000000;0.0000210;-2.339768E-06;-1.228925E-06;-0.07481282;-0.05322975;-0.0000210
1772.25005626678;0.0000000;-0.0000387;4.311859E-06;-2.37467E-05;-0.07279121;-0.0630504;0.0000387
1773.31256866455;0.0000000;-0.0000387;4.311859E-06;-8.226792E-06;-0.07354889;-0.07535543;0.0000387
1774.37508106232;0.0000000;-0.0000387;4.311859E-06;-3.206346E-06;-0.07377342;-0.05074125;0.0000387
1775.43759346008;0.0000000;0.0000209;-2.328626E-06;5.186697E-05;-0.07739675;-0.1073762;-0.0000209
1776.50010585785;0.0000000;0.0000210;-2.339768E-06;1.50615E-05;-0.07553887;-0.06685858;-0.0000210
1777.56261825562;0.0000000;0.0000210;-2.339768E-06;5.217897E-06;-0.07505499;-0.06700532;-0.0000210
1778.62513065338;0.0000000;0.0000210;-2.339768E-06;2.033646E-06;-0.07490962;-0.09833055;-0.0000210
1779.68764305115;0.0000000;0.0000210;-2.339768E-06;7.04535E-07;-0.07486134;-0.06234873;-0.0000210
1780.75015544891;0.0000000;-0.0000387;4.311859E-06;-4.165463E-05;-0.07185578;-0.06403835;0.0000387
1781.81254863739;0.0000000;-0.0000387;4.311859E-06;-1.443081E-05;-0.07321221;-0.07708021;0.0000387
1782.87506103516;0.0000000;-0.0000387;4.311859E-06;-5.624326E-06;-0.07363044;-0.0620986;0.0000387
1783.93757343292;0.0000000;0.0000805;-8.969112E-06;7.095194E-05;-0.07924577;-0.07883909;-0.0000805
1785.00008583069;0.0000000;0.0000210;-2.339768E-06;-6.593718E-06;-0.07448018;-0.0481732;-0.0000210
1786.06259822845;0.0000000;0.0000210;-2.339768E-06;-2.284324E-06;-0.07472038;-0.08529179;-0.0000210
1787.12511062622;0.0000000;-0.0000387;4.311859E-06;-2.415804E-05;-0.07273174;-0.05129;0.0000387
1788.18762302399;0.0000000;-0.0000387;4.311859E-06;-8.369297E-06;-0.07350315;-0.06092257;0.0000387
1789.25013542175;0.0000000;-0.0000387;4.311859E-06;-3.261886E-06;-0.07373214;-0.09342485;0.0000387
1790.31264781952;0.0000000;0.0000805;-8.969112E-06;6.22103E-05;-0.07878556;-0.07949636;-0.0000805
1791.375041008;0.0000000;0.0000210;-2.339768E-06;-2.864278E-05;-0.073364;-0.09063463;-0.0000210
1792.43755340576;0.0000000;0.0000805;-8.969112E-06;1.533335E-05;-0.07651769;-0.07393134;-0.0000805
1793.50006580353;0.0000000;0.0000210;-2.339768E-06;-1.72137E-05;-0.07403561;-0.07876983;-0.0000210
1794.56257820129;0.0000000;-0.0000387;4.311859E-06;-3.909277E-05;-0.07206756;-0.07220656;0.0000387
1795.62509059906;0.0000000;-0.0000387;4.311859E-06;-1.523619E-05;-0.07325577;-0.07700477;0.0000387
1796.68760299683;0.0000000;-0.0000387;4.311859E-06;-5.278416E-06;-0.07372885;-0.06315891;0.0000387
1797.75011539459;0.0000000;-0.0000387;4.311859E-06;-2.057232E-06;-0.07386135;-0.09547518;0.0000387
1798.81262779236;0.0000000;0.0000209;-2.328626E-06;3.236106E-05;-0.07645284;-0.09195121;-0.0000209
1799.87514019012;0.0000000;0.0000209;-2.328626E-06;1.261254E-05;-0.07545994;-0.05414537;-0.0000209
1800.93765258789;0.0000000;-0.0000387;4.311859E-06;-2.870429E-05;-0.07249881;-0.07744501;0.0000387
1802.00004577637;0.0000000;-0.0000387;4.311859E-06;-1.118733E-05;-0.07336266;-0.05956981;0.0000387
1803.06255817413;0.0000000;-0.0000387;4.311859E-06;-3.875733E-06;-0.07370041;-0.05964421;0.0000387
1804.1250705719;0.0000000;0.0000209;-2.328626E-06;4.034844E-05;-0.07678517;-0.06799431;-0.0000209
1805.18758296967;0.0000000;0.0000209;-2.328626E-06;1.397829E-05;-0.0754557;-0.06678315;-0.0000209
1806.25009536743;0.0000000;0.0000209;-2.328626E-06;5.447959E-06;-0.07503673;-0.07283178;-0.0000209
1807.3126077652;0.0000000;0.0000210;-2.339768E-06;-1.329833E-06;-0.07471728;-0.09576353;-0.0000210
1808.37512016296;0.0000000;0.0000210;-2.339768E-06;-5.182949E-07;-0.07477632;-0.08938832;-0.0000210
1809.43763256073;0.0000000;0.0000210;-2.339768E-06;-1.795578E-07;-0.07481335;-0.06440419;-0.0000210
1810.5001449585;0.0000000;0.0000210;-2.339768E-06;-6.998163E-08;-0.07483649;-0.08147845;-0.0000210
1811.56265735626;0.0000000;0.0000210;-2.339768E-06;-2.424439E-08;-0.07485854;-0.08269066;-0.0000210
1812.62505054474;0.0000000;0.0000210;-2.339768E-06;-9.449114E-09;-0.07487683;-0.09041657;-0.0000210
1813.6875629425;0.0000000;0.0000210;-2.339768E-06;-3.273546E-09;-0.07489685;-0.08733593;-0.0000210
1814.75007534027;0.0000000;0.0000210;-2.339768E-06;-1.275846E-09;-0.07491448;-0.08298003;-0.0000210
1815.81258773804;0.0000000;0.0000210;-2.339768E-06;-4.420034E-10;-0.07493427;-0.05930838;-0.0000210
1816.8751001358;0.0000000;0.0000210;-2.339768E-06;-1.722683E-10;-0.07495183;-0.06715104;-0.0000210
1817.93761253357;0.0000000;0.0000210;-2.339768E-06;-5.968053E-11;-0.07497157;-0.06770288;-0.0000210
1819.00012493134;0.0000000;0.0000210;-2.339768E-06;-2.326015E-11;-0.07498911;-0.1115915;-0.0000210
1820.0626373291;0.0000000;0.0000210;-2.339768E-06;-8.058233E-12;-0.07500885;-0.04971403;-0.0000210
1821.12514972687;0.0000000;0.0000210;-2.339768E-06;-3.140651E-12;-0.07502639;-0.03700184;-0.0000210
1822.18754291534;0.0000000;0.0000210;-2.339768E-06;-1.088045E-12;-0.07504612;-0.06718824;-0.0000210
1823.25005531311;0.0000000;0.0000210;-2.339768E-06;-4.240595E-13;-0.07506367;-0.0641851;-0.0000210
1824.31256771088;0.0000000;-0.0000387;4.311859E-06;-2.61762E-05;-0.07286332;-0.05711336;0.0000387
1825.37508010864;0.0000000;-0.0000387;4.311859E-06;-1.020203E-05;-0.07364826;-0.0762731;0.0000387
1826.43759250641;0.0000000;0.0000209;-2.328626E-06;2.259797E-05;-0.0761694;-0.08968386;-0.0000209
1827.50010490417;0.0000000;0.0000210;-2.339768E-06;1.06077E-06;-0.07509889;-0.06872598;-0.0000210
1828.56261730194;0.0000000;0.0000210;-2.339768E-06;3.674926E-07;-0.07508312;-0.0545856;-0.0000210
1829.62512969971;0.0000000;0.0000210;-2.339768E-06;1.432281E-07;-0.07508918;-0.07371122;-0.0000210
1830.68764209747;0.0000000;-0.0000387;4.311859E-06;-3.307964E-05;-0.07254077;-0.07638161;0.0000387
1831.75015449524;0.0000000;-0.0000387;4.311859E-06;-1.28926E-05;-0.07354125;-0.07723003;0.0000387
1832.81254768372;0.0000000;-0.0000387;4.311859E-06;-4.466504E-06;-0.07393599;-0.1097592;0.0000387
1833.87506008148;0.0000000;-0.0000387;4.311859E-06;-1.740795E-06;-0.07404314;-0.05315741;0.0000387
1834.93757247925;0.0000000;-0.0000387;4.311859E-06;-6.0308E-07;-0.07406501;-0.06187334;0.0000387
1836.00008487701;0.0000000;-0.0000387;4.311859E-06;-2.35047E-07;-0.07405153;-0.07143769;0.0000387
1837.06259727478;0.0000000;0.0000209;-2.328626E-06;3.712656E-05;-0.07678739;-0.08154669;-0.0000209
1838.12510967255;0.0000000;0.0000209;-2.328626E-06;1.446986E-05;-0.07564573;-0.07997689;-0.0000209
1839.18762207031;0.0000000;0.0000209;-2.328626E-06;5.01293E-06;-0.07518154;-0.08396593;-0.0000209
1840.25013446808;0.0000000;0.0000209;-2.328626E-06;1.953761E-06;-0.07504249;-0.08733902;-0.0000209
1841.31264686584;0.0000000;-0.0000387;4.311859E-06;-2.54555E-05;-0.07278043;-0.04403123;0.0000387
1842.37515926361;0.0000000;-0.0000388;4.323E-06;-4.123602E-06;-0.07383185;-0.0808553;0.0000388
1843.43755245209;0.0000000;-0.0000983;1.095234E-05;-4.844092E-05;-0.07068124;-0.07539571;0.0000983
1844.50006484985;0.0000000;-0.0000388;4.323E-06;4.310214E-06;-0.0741821;-0.06513689;0.0000388
1845.56257724762;0.0000000;-0.0000388;4.323E-06;1.493228E-06;-0.07400157;-0.0888778;0.0000388
1846.62508964539;0.0000000;0.0000209;-2.328626E-06;2.384972E-05;-0.07600008;-0.08356598;-0.0000209
1847.68760204315;0.0000000;0.0000209;-2.328626E-06;8.262482E-06;-0.07522225;-0.06905359;-0.0000209
1848.75011444092;0.0000000;0.0000209;-2.328626E-06;3.220256E-06;-0.07498173;-0.05176538;-0.0000209
1849.81262683868;0.0000000;0.0000209;-2.328626E-06;1.115623E-06;-0.07489368;-0.07466815;-0.0000209
1850.87513923645;0.0000000;0.0000209;-2.328626E-06;4.348079E-07;-0.0748763;-0.06967983;-0.0000209
1851.93765163422;0.0000000;0.0000209;-2.328626E-06;1.506346E-07;-0.07488139;-0.08971901;-0.0000209
1853.00004482269;0.0000000;0.0000209;-2.328626E-06;5.870899E-08;-0.07489413;-0.09580587;-0.0000209
1854.06255722046;0.0000000;0.0000209;-2.328626E-06;2.033911E-08;-0.0749118;-0.06275485;-0.0000209
1855.12506961823;0.0000000;0.0000209;-2.328626E-06;7.927053E-09;-0.07492861;-0.07019859;-0.0000209
1856.18758201599;0.0000000;0.0000209;-2.328626E-06;2.746244E-09;-0.07494796;-0.09176934;-0.0000209
1857.25009441376;0.0000000;-0.0000387;4.311859E-06;-4.709029E-05;-0.07170781;-0.0746961;0.0000387
1858.31260681152;0.0000000;-0.0000387;4.311859E-06;-1.631393E-05;-0.07324598;-0.06323125;0.0000387
1859.37511920929;0.0000000;-0.0000387;4.311859E-06;-6.358263E-06;-0.07372301;-0.05744406;0.0000387
1860.43763160706;0.0000000;0.0000209;-2.328626E-06;1.844504E-05;-0.07584746;-0.09569015;-0.0000209
1861.50014400482;0.0000000;0.0000805;-8.969112E-06;4.439683E-05;-0.07805337;-0.1079311;-0.0000805
1862.56265640259;0.0000000;0.0000805;-8.969112E-06;1.538081E-05;-0.07664449;-0.1114468;-0.0000805
1863.62504959106;0.0000000;0.0000210;-2.339768E-06;-2.335499E-05;-0.07385821;-0.07829034;-0.0000210
1864.68756198883;0.0000000;-0.0000387;4.311859E-06;-2.877353E-05;-0.07270736;-0.06766465;0.0000387
1865.7500743866;0.0000000;-0.0000387;4.311859E-06;-1.121432E-05;-0.07357339;-0.06909285;0.0000387
1866.81258678436;0.0000000;-0.0000387;4.311859E-06;-3.885083E-06;-0.07391201;-0.06791785;0.0000387
1867.87509918213;0.0000000;-0.0000387;4.311859E-06;-1.514189E-06;-0.07400101;-0.08114982;0.0000387
1868.9376115799;0.0000000;-0.0000387;4.311859E-06;-5.245748E-07;-0.07401532;-0.06333977;0.0000387
1870.00012397766;0.0000000;0.0000805;-8.969112E-06;4.915667E-05;-0.07828978;-0.06715208;-0.0000805
1871.06263637543;0.0000000;0.0000805;-8.969112E-06;1.702981E-05;-0.07672175;-0.09202769;-0.0000805
1872.12514877319;0.0000000;0.0000210;-2.339768E-06;-2.27123E-05;-0.07388399;-0.0855047;-0.0000210
1873.18766117096;0.0000000;0.0000210;-2.339768E-06;-7.868437E-06;-0.07466312;-0.1044092;-0.0000210
1874.25005435944;0.0000000;-0.0000387;4.311859E-06;-3.251491E-05;-0.07254505;-0.1096517;0.0000387
1875.3125667572;0.0000000;-0.0000387;4.311859E-06;-1.126444E-05;-0.07359589;-0.09916867;0.0000387
1876.37507915497;0.0000000;-0.0000387;4.311859E-06;-4.390253E-06;-0.07391528;-0.05689324;0.0000387
1877.43759155273;0.0000000;0.0000209;-2.328626E-06;5.145682E-05;-0.0775782;-0.06982761;-0.0000209
1878.5001039505;0.0000000;0.0000805;-8.969112E-06;4.94539E-05;-0.07836639;-0.07928138;-0.0000805
1879.56261634827;0.0000000;0.0000210;-2.339768E-06;-1.588549E-05;-0.07423367;-0.07106877;-0.0000210
1880.62512874603;0.0000000;-0.0000387;4.311859E-06;-3.563952E-05;-0.0723659;-0.06059394;0.0000387
1881.6876411438;0.0000000;-0.0000387;4.311859E-06;-1.234693E-05;-0.07352123;-0.06986687;0.0000387
1882.75015354156;0.0000000;-0.0000983;1.095234E-05;-2.804091E-05;-0.07180038;-0.07415044;0.0000983
1883.81254673004;0.0000000;-0.0000388;4.323E-06;3.729787E-05;-0.07589773;-0.0681762;0.0000388
1884.87505912781;0.0000000;-0.0000388;4.323E-06;1.453663E-05;-0.07470089;-0.09093121;0.0000388
1885.93757152557;0.0000000;-0.0000388;4.323E-06;5.036062E-06;-0.07417842;-0.06121607;0.0000388
1887.00008392334;0.0000000;0.0000209;-2.328626E-06;4.3892E-05;-0.07698989;-0.05909032;-0.0000209
1888.06259632111;0.0000000;0.0000209;-2.328626E-06;1.520592E-05;-0.07554194;-0.09694058;-0.0000209
1889.12510871887;0.0000000;0.0000209;-2.328626E-06;5.926421E-06;-0.07508464;-0.06121813;-0.0000209
1890.18762111664;0.0000000;-0.0000387;4.311859E-06;-5.092463E-05;-0.07135364;-0.07814051;0.0000387
1891.2501335144;0.0000000;-0.0000387;4.311859E-06;-1.984758E-05;-0.07291124;-0.05891357;0.0000387
1892.31264591217;0.0000000;-0.0000387;4.311859E-06;-6.875985E-06;-0.07353853;-0.06315788;0.0000387
1893.37515830994;0.0000000;0.0000209;-2.328626E-06;3.039389E-05;-0.07627996;-0.07081557;-0.0000209
1894.43755149841;0.0000000;0.0000210;-2.339768E-06;7.66989E-06;-0.07514469;-0.1016654;-0.0000210
1895.50006389618;0.0000000;0.0000210;-2.339768E-06;2.989296E-06;-0.07492275;-0.05583192;-0.0000210
1896.56257629395;0.0000000;-0.0000387;4.311859E-06;-3.209365E-05;-0.07227919;-0.04264229;0.0000387
1897.62508869171;0.0000000;-0.0000387;4.311859E-06;-1.250832E-05;-0.07324886;-0.05594352;0.0000387
1898.68760108948;0.0000000;-0.0000983;1.095234E-05;-5.142474E-05;-0.07037325;-0.08491772;0.0000983
1899.75011348724;0.0000000;-0.0000388;4.323E-06;2.174625E-05;-0.07488776;-0.0815508;0.0000388
1900.81262588501;0.0000000;-0.0000388;4.323E-06;7.533758E-06;-0.07412421;-0.06337697;0.0000388
1901.87513828278;0.0000000;0.0000805;-8.969112E-06;8.729802E-05;-0.07988311;-0.0724608;-0.0000805
1902.93765068054;0.0000000;0.0000805;-8.969112E-06;3.546707E-05;-0.07730081;-0.0575164;-0.0000805
1904.00004386902;0.0000000;0.0000210;-2.339768E-06;-2.796566E-05;-0.07326965;-0.08349158;-0.0000210
1905.06255626678;0.0000000;0.0000210;-2.339768E-06;-9.688408E-06;-0.07422443;-0.05649124;-0.0000210
1906.12506866455;0.0000000;-0.0000387;4.311859E-06;-5.094637E-05;-0.07128144;-0.05520876;0.0000387
1907.18758106232;0.0000000;-0.0000387;4.311859E-06;-1.764983E-05;-0.07294856;-0.09371012;0.0000387
1908.25009346008;0.0000000;-0.0000387;4.311859E-06;-6.878921E-06;-0.07346728;-0.06678932;0.0000387
1909.31260585785;0.0000000;0.0000805;-8.969112E-06;4.988159E-05;-0.07809366;-0.09473733;-0.0000805
1910.37511825562;0.0000000;0.0000210;-2.339768E-06;-2.757128E-05;-0.07335146;-0.064955;-0.0000210
1911.43763065338;0.0000000;0.0000210;-2.339768E-06;-9.551779E-06;-0.07429304;-0.07352419;-0.0000210
1912.50014305115;0.0000000;0.0000210;-2.339768E-06;-3.722752E-06;-0.0746088;-0.05429211;-0.0000210
1913.56265544891;0.0000000;-0.0000387;4.311859E-06;-2.197214E-05;-0.07280151;-0.05931043;0.0000387
1914.62504863739;0.0000000;0.0000209;-2.328626E-06;3.852784E-05;-0.07671273;-0.08591083;-0.0000209
1915.68756103516;0.0000000;0.0000209;-2.328626E-06;1.334756E-05;-0.07544413;-0.07078043;-0.0000209
1916.75007343292;0.0000000;0.0000209;-2.328626E-06;5.202137E-06;-0.07504486;-0.05128897;-0.0000209
1917.81258583069;0.0000000;-0.0000387;4.311859E-06;-2.433013E-05;-0.07267419;-0.08367141;0.0000387
1918.87509822845;0.0000000;-0.0000387;4.311859E-06;-9.482533E-06;-0.07340147;-0.09148201;0.0000387
1919.93761062622;0.0000000;-0.0000387;4.311859E-06;-3.285123E-06;-0.0736822;-0.05645096;0.0000387
1921.00012302399;0.0000000;-0.0000387;4.311859E-06;-1.280358E-06;-0.07375247;-0.06924062;0.0000387
1922.06263542175;0.0000000;-0.0000387;4.311859E-06;-4.435665E-07;-0.07375894;-0.07663997;0.0000387
1923.12514781952;0.0000000;-0.0000387;4.311859E-06;-1.728775E-07;-0.0737405;-0.09968434;0.0000387
1924.18766021729;0.0000000;-0.0000387;4.311859E-06;-5.989158E-08;-0.07370996;-0.05920089;0.0000387
1925.25005340576;0.0000000;0.0000209;-2.328626E-06;2.610901E-05;-0.0758959;-0.07660791;-0.0000209
1926.31256580353;0.0000000;0.0000209;-2.328626E-06;9.045191E-06;-0.07504255;-0.0932337;-0.0000209
1927.37507820129;0.0000000;0.0000209;-2.328626E-06;3.525312E-06;-0.07477759;-0.09503185;-0.0000209
1928.43759059906;0.0000000;0.0000209;-2.328626E-06;1.221307E-06;-0.07467934;-0.07125272;-0.0000209
1929.50010299683;0.0000000;0.0000209;-2.328626E-06;4.759976E-07;-0.07465865;-0.06678521;-0.0000209
1930.56261539459;0.0000000;0.0000209;-2.328626E-06;1.649043E-07;-0.07466234;-0.09525301;-0.0000209
1931.62512779236;0.0000000;0.0000209;-2.328626E-06;6.427053E-08;-0.07467465;-0.0893542;-0.0000209
1932.68764019012;0.0000000;0.0000209;-2.328626E-06;2.226584E-08;-0.07469213;-0.05953055;-0.0000209
1933.75015258789;0.0000000;-0.0000387;4.311859E-06;-2.612368E-05;-0.07249253;-0.06037486;0.0000387
1934.81254577637;0.0000000;-0.0000387;4.311859E-06;-9.050274E-06;-0.07332966;-0.06158397;0.0000387
1935.87505817413;0.0000000;0.0000209;-2.328626E-06;1.970147E-05;-0.07565395;-0.06748276;-0.0000209
1936.9375705719;0.0000000;0.0000805;-8.969112E-06;2.747316E-05;-0.07696302;-0.05513642;-0.0000805
1938.00008296967;0.0000000;0.0000210;-2.339768E-06;-2.643805E-05;-0.0734128;-0.06015371;-0.0000210
1939.06259536743;0.0000000;0.0000210;-2.339768E-06;-9.159183E-06;-0.0743165;-0.09672046;-0.0000210
1940.1251077652;0.0000000;0.0000210;-2.339768E-06;-3.569739E-06;-0.07461998;-0.08176783;-0.0000210
1941.18762016296;0.0000000;0.0000210;-2.339768E-06;-1.236698E-06;-0.07475905;-0.05748023;-0.0000210
1942.25013256073;0.0000000;0.0000805;-8.969112E-06;4.037056E-05;-0.07776452;-0.09294947;-0.0000805
1943.3126449585;0.0000000;0.0000210;-2.339768E-06;-1.536362E-05;-0.07411699;-0.05436446;-0.0000210
1944.37515735626;0.0000000;0.0000210;-2.339768E-06;-5.987885E-06;-0.07461417;-0.07165679;-0.0000210
1945.43755054474;0.0000000;0.0000210;-2.339768E-06;-2.07444E-06;-0.07483409;-0.06825266;-0.0000210
1946.5000629425;0.0000000;-0.0000387;4.311859E-06;-3.807892E-05;-0.07214741;-0.05905723;0.0000387
1947.56257534027;0.0000000;-0.0000387;4.311859E-06;-1.319204E-05;-0.0733843;-0.06385235;0.0000387
1948.62508773804;0.0000000;-0.0000387;4.311859E-06;-5.141523E-06;-0.07376387;-0.05788327;0.0000387
1949.6876001358;0.0000000;0.0000209;-2.328626E-06;3.542676E-05;-0.07666378;-0.1030533;-0.0000209
1950.75011253357;0.0000000;0.0000209;-2.328626E-06;1.380738E-05;-0.07557517;-0.05432829;-0.0000209
1951.81262493134;0.0000000;0.0000209;-2.328626E-06;4.783421E-06;-0.07513314;-0.06184129;-0.0000209
1952.8751373291;0.0000000;0.0000209;-2.328626E-06;1.864311E-06;-0.07500123;-0.0526066;-0.0000209
1953.93764972687;0.0000000;-0.0000387;4.311859E-06;-2.000192E-05;-0.07301033;-0.0867913;0.0000387
1955.00016212463;0.0000000;-0.0000983;1.095234E-05;-6.077341E-05;-0.07005005;-0.07371328;0.0000983
1956.06255531311;0.0000000;-0.0000388;4.323E-06;-4.411597E-07;-0.07393471;-0.08385536;0.0000388
1957.12506771088;0.0000000;-0.0000388;4.323E-06;-1.719395E-07;-0.07391611;-0.07349008;0.0000388
1958.18758010864;0.0000000;0.0000209;-2.328626E-06;2.938866E-05;-0.07626668;-0.07604989;-0.0000209
1959.25009250641;0.0000000;0.0000209;-2.328626E-06;1.145407E-05;-0.07536659;-0.09785619;-0.0000209
1960.31260490417;0.0000000;0.0000209;-2.328626E-06;3.96814E-06;-0.07500321;-0.08290357;-0.0000209
1961.37511730194;0.0000000;0.0000209;-2.328626E-06;1.54656E-06;-0.07489677;-0.0519483;-0.0000209
1962.43762969971;0.0000000;-0.0000387;4.311859E-06;-3.66722E-05;-0.07210035;-0.05868728;0.0000387
1963.50014209747;0.0000000;-0.0000387;4.311859E-06;-1.429278E-05;-0.073213;-0.08573202;0.0000387
1964.56265449524;0.0000000;-0.0000387;4.311859E-06;-7.855178E-06;-0.07351222;-0.06685961;0.0000387
1965.62504768372;0.0000000;0.0000209;-2.328626E-06;4.402985E-05;-0.0769827;-0.05832453;-0.0000209
1966.68756008148;0.0000000;0.0000805;-8.969112E-06;5.711266E-05;-0.07852619;-0.07411117;-0.0000805
1967.75007247925;0.0000000;0.0000210;-2.339768E-06;-1.075894E-05;-0.07425553;-0.08898529;-0.0000210
1968.81258487701;0.0000000;-0.0000387;4.311859E-06;-5.679399E-05;-0.07107656;-0.08682644;0.0000387
1969.87509727478;0.0000000;-0.0000387;4.311859E-06;-2.213514E-05;-0.07281741;-0.08052255;0.0000387
1970.93760967255;0.0000000;-0.0000387;4.311859E-06;-7.668485E-06;-0.0735212;-0.07063265;0.0000387
1972.00012207031;0.0000000;-0.0000387;4.311859E-06;-2.988749E-06;-0.07372832;-0.06832707;0.0000387
1973.06263446808;0.0000000;-0.0000387;4.311859E-06;-1.03542E-06;-0.07379191;-0.06949485;0.0000387
1974.12514686584;0.0000000;0.0000209;-2.328626E-06;2.282522E-05;-0.07586597;-0.06982658;-0.0000209
1975.18765926361;0.0000000;0.0000209;-2.328626E-06;7.907553E-06;-0.07512239;-0.07806919;-0.0000209
1976.25005245209;0.0000000;0.0000209;-2.328626E-06;3.081924E-06;-0.07489295;-0.09441075;-0.0000209
1977.31256484985;0.0000000;-0.0000983;1.095234E-05;-7.334827E-05;-0.06928086;-0.08638723;0.0000983
1978.37507724762;0.0000000;-0.0000388;4.323E-06;8.558483E-06;-0.07424851;-0.0911131;0.0000388
1979.43758964539;0.0000000;-0.0000388;4.323E-06;2.964996E-06;-0.07392593;-0.08195281;0.0000388
1980.50010204315;0.0000000;0.0000209;-2.328626E-06;3.842601E-05;-0.07656994;-0.05180464;-0.0000209
1981.56261444092;0.0000000;0.0000209;-2.328626E-06;1.331228E-05;-0.07530475;-0.05161966;-0.0000209
1982.62512683868;0.0000000;0.0000210;-2.339768E-06;1.116593E-06;-0.07470593;-0.06422333;-0.0000210
1983.68763923645;0.0000000;-0.0000387;4.311859E-06;-5.267984E-05;-0.0711299;-0.1124709;0.0000387
1984.75015163422;0.0000000;-0.0000387;4.311859E-06;-2.053167E-05;-0.0727423;-0.05231619;0.0000387
1985.81266403198;0.0000000;-0.0000387;4.311859E-06;-7.112979E-06;-0.07339247;-0.07187793;0.0000387
1986.87505722046;0.0000000;0.0000209;-2.328626E-06;3.443574E-05;-0.07634658;-0.07462581;-0.0000209
1987.93756961823;0.0000000;0.0000209;-2.328626E-06;1.19299E-05;-0.0752148;-0.08078089;-0.0000209
1989.00008201599;0.0000000;0.0000209;-2.328626E-06;4.649611E-06;-0.07485978;-0.0562701;-0.0000209
1990.06259441376;0.0000000;0.0000209;-2.328626E-06;1.610808E-06;-0.07472397;-0.07033505;-0.0000209
1991.12510681152;0.0000000;0.0000209;-2.328626E-06;6.278035E-07;-0.07469111;-0.07499474;-0.0000209
1992.18761920929;0.0000000;0.0000209;-2.328626E-06;2.174959E-07;-0.07468975;-0.06484134;-0.0000209
1993.25013160706;0.0000000;0.0000209;-2.328626E-06;8.476779E-08;-0.0747004;-0.07012419;-0.0000209
1994.31264400482;0.0000000;-0.0000387;4.311859E-06;-4.706199E-05;-0.07145967;-0.07198851;0.0000387
1995.37515640259;0.0000000;-0.0000387;4.311859E-06;-1.834215E-05;-0.07289668;-0.05762594;0.0000387
1996.43754959106;0.0000000;-0.0000387;4.311859E-06;-6.354443E-06;-0.07347365;-0.06531672;0.0000387
1997.50006198883;0.0000000;0.0000209;-2.328626E-06;3.059716E-05;-0.07619879;-0.0490547;-0.0000209
1998.5625743866;0.0000000;0.0000805;-8.969112E-06;3.999896E-05;-0.07757259;-0.05982507;-0.0000805
1999.62508678436;0.0000000;0.0000210;-2.339768E-06;-2.619938E-05;-0.07339995;-0.09382172;-0.0000210
2000.68759918213;0.0000000;-0.0000387;4.311859E-06;-4.634692E-05;-0.07152671;-0.08294179;0.0000387
2001.74999237061;0.0000000;-0.0000387;4.311859E-06;-1.806345E-05;-0.07294139;-0.06403733;0.0000387
2002.81262397766;0.0000000;-0.0000387;4.311859E-06;-6.257891E-06;-0.07350902;-0.05762594;0.0000387
2003.87501716614;0.0000000;-0.0000387;4.311859E-06;-2.438978E-06;-0.07367209;-0.07447804;0.0000387
2004.93764877319;0.0000000;-0.0000387;4.311859E-06;-8.44958E-07;-0.0737173;-0.08316295;0.0000387
2006.00004196167;0.0000000;-0.0000387;4.311859E-06;-3.293176E-07;-0.07371139;-0.07693243;0.0000387
2007.06267356873;0.0000000;0.0000209;-2.328626E-06;4.697726E-05;-0.07694359;-0.06843249;-0.0000209
2008.1250667572;0.0000000;0.0000209;-2.328626E-06;1.830912E-05;-0.07549436;-0.05843407;-0.0000209
2009.18769836426;0.0000000;0.0000209;-2.328626E-06;6.343002E-06;-0.07490179;-0.110309;-0.0000209
2010.25009155273;0.0000000;0.0000209;-2.328626E-06;2.472149E-06;-0.07472119;-0.102982;-0.0000209
2011.31272315979;0.0000000;-0.0000387;4.311859E-06;-3.221731E-05;-0.07209913;-0.07264475;0.0000387
2012.37511634827;0.0000000;-0.0000387;4.311859E-06;-1.255652E-05;-0.07307269;-0.07561275;0.0000387
2013.43750953674;0.0000000;-0.0000387;4.311859E-06;-4.350072E-06;-0.07345619;-0.08858328;0.0000387
2014.5001411438;0.0000000;0.0000209;-2.328626E-06;2.153335E-05;-0.07563373;-0.07221068;-0.0000209
2015.56253433228;0.0000000;0.0000209;-2.328626E-06;7.460001E-06;-0.07493336;-0.07286384;-0.0000209
2016.62516593933;0.0000000;0.0000209;-2.328626E-06;2.907493E-06;-0.07471789;-0.08873002;-0.0000209
2017.68755912781;0.0000000;0.0000209;-2.328626E-06;1.00727E-06;-0.0746403;-0.08484435;-0.0000209
2018.75019073486;0.0000000;0.0000209;-2.328626E-06;3.925779E-07;-0.0746263;-0.06883862;-0.0000209
2019.81258392334;0.0000000;-0.0000387;4.311859E-06;-2.051178E-05;-0.07268459;-0.06172659;0.0000387
2020.8752155304;0.0000000;-0.0000387;4.311859E-06;-7.994352E-06;-0.07329269;-0.06748173;0.0000387
2021.93760871887;0.0000000;-0.0000387;4.311859E-06;-2.769559E-06;-0.07352366;-0.07759484;0.0000387
2023.00000190735;0.0000000;-0.0000387;4.311859E-06;-1.07942E-06;-0.07357784;-0.1041911;0.0000387
2024.0626335144;0.0000000;-0.0000387;4.311859E-06;-3.739536E-07;-0.0735776;-0.05733349;0.0000387
2025.12502670288;0.0000000;-0.0000387;4.311859E-06;-1.457463E-07;-0.07355697;-0.05975376;0.0000387
2026.18765830994;0.0000000;-0.0000387;4.311859E-06;-5.049225E-08;-0.0735255;-0.04696409;0.0000387
2027.25005149841;0.0000000;0.0000209;-2.328626E-06;3.718831E-05;-0.07625911;-0.1129112;-0.0000209
2028.31268310547;0.0000000;0.0000210;-2.339768E-06;4.147198E-06;-0.07460224;-0.07945813;-0.0000210
2029.37507629395;0.0000000;0.0000210;-2.339768E-06;-1.644718E-06;-0.07432966;-0.08961152;-0.0000210
2030.437707901;0.0000000;0.0000210;-2.339768E-06;-5.697953E-07;-0.07440437;-0.09184271;-0.0000210
2031.50010108948;0.0000000;0.0000210;-2.339768E-06;-2.220745E-07;-0.07443968;-0.08858328;-0.0000210
2032.56249427795;0.0000000;-0.0000387;4.311859E-06;-2.075937E-05;-0.07251535;-0.08843344;0.0000387
2033.62512588501;0.0000000;-0.0000387;4.311859E-06;-8.090846E-06;-0.07313117;-0.1013357;0.0000387
2034.68751907349;0.0000000;0.0000209;-2.328626E-06;3.9056E-05;-0.07636144;-0.08638313;-0.0000209
2035.75015068054;0.0000000;0.0000805;-8.969112E-06;5.242984E-05;-0.07792385;-0.09631331;-0.0000805
2036.81254386902;0.0000000;0.0000210;-2.339768E-06;-2.420539E-05;-0.07322565;-0.07275634;-0.0000210
2037.87517547607;0.0000000;0.0000210;-2.339768E-06;-9.433914E-06;-0.07399888;-0.06019194;-0.0000210
2038.93756866455;0.0000000;0.0000210;-2.339768E-06;-3.26828E-06;-0.07433402;-0.09261158;-0.0000210
2040.00020027161;0.0000000;0.0000210;-2.339768E-06;-1.273793E-06;-0.07445357;-0.07913361;-0.0000210
2041.06259346008;0.0000000;0.0000210;-2.339768E-06;-4.412922E-07;-0.07451588;-0.06656818;-0.0000210
2042.12522506714;0.0000000;0.0000210;-2.339768E-06;-1.719911E-07;-0.07454718;-0.08063415;-0.0000210
2043.18761825562;0.0000000;0.0000210;-2.339768E-06;-5.958451E-08;-0.07457264;-0.07304984;-0.0000210
2044.25001144409;0.0000000;0.0000210;-2.339768E-06;-2.322273E-08;-0.07459203;-0.06868982;-0.0000210
2045.31264305115;0.0000000;0.0000210;-2.339768E-06;-8.045267E-09;-0.07461253;-0.1033489;-0.0000210
2046.37503623962;0.0000000;-0.0000387;4.311859E-06;-2.617934E-05;-0.07241023;-0.07257446;0.0000387
2047.43766784668;0.0000000;-0.0000387;4.311859E-06;-9.069556E-06;-0.07324925;-0.05374336;0.0000387
2048.50006103516;0.0000000;-0.0000387;4.311859E-06;-3.534808E-06;-0.07350011;-0.08250671;0.0000387
2049.56269264221;0.0000000;0.0000805;-8.969112E-06;6.905715E-05;-0.07890533;-0.05535448;-0.0000805
2050.62508583069;0.0000000;0.0000805;-8.969112E-06;4.265797E-05;-0.07760332;-0.06623645;-0.0000805
2051.68771743774;0.0000000;0.0000210;-2.339768E-06;-8.411387E-06;-0.07418203;-0.05487498;-0.0000210
2052.75011062622;0.0000000;-0.0000983;1.095234E-05;-8.240769E-05;-0.06869713;-0.06755305;0.0000983
2053.8125038147;0.0000000;-0.0000388;4.323E-06;8.003046E-07;-0.07373349;-0.07828725;0.0000388
2054.87513542175;0.0000000;-0.0000388;4.323E-06;7.241676E-06;-0.07401824;-0.07301058;0.0000388
2055.93752861023;0.0000000;-0.0000388;4.323E-06;2.508802E-06;-0.07373967;-0.0596029;0.0000388
2057.00016021729;0.0000000;0.0000805;-8.969112E-06;7.133689E-05;-0.07896399;-0.09107898;-0.0000805
2058.06255340576;0.0000000;0.0000805;-8.969112E-06;3.34844E-05;-0.07709062;-0.06202215;-0.0000805
2059.12518501282;0.0000000;0.0000210;-2.339768E-06;-1.013944E-05;-0.07404185;-0.0889894;-0.0000210
2060.18757820129;0.0000000;-0.0000387;4.311859E-06;-5.068307E-05;-0.07113761;-0.06355988;0.0000387
2061.25020980835;0.0000000;-0.0000387;4.311859E-06;-1.975344E-05;-0.07268769;-0.04828686;0.0000387
2062.31260299683;0.0000000;0.0000209;-2.328626E-06;1.638539E-05;-0.07538586;-0.08008334;-0.0000209
2063.3749961853;0.0000000;0.0000805;-8.969112E-06;3.578501E-05;-0.07726899;-0.07312218;-0.0000805
2064.43762779236;0.0000000;0.0000210;-2.339768E-06;-1.079245E-05;-0.07407752;-0.1034966;-0.0000210
2065.50002098083;0.0000000;0.0000210;-2.339768E-06;-4.206297E-06;-0.07443199;-0.0805277;-0.0000210
2066.56265258789;0.0000000;-0.0000387;4.311859E-06;-3.090546E-05;-0.07221109;-0.09030496;0.0000387
2067.62504577637;0.0000000;-0.0000387;4.311859E-06;-1.204523E-05;-0.0731437;-0.07158238;0.0000387
2068.68767738342;0.0000000;-0.0000387;4.311859E-06;-4.172942E-06;-0.07351011;-0.05568414;0.0000387
2069.7500705719;0.0000000;-0.0000387;4.311859E-06;-1.62638E-06;-0.0736081;-0.07631441;0.0000387
2070.81270217896;0.0000000;-0.0000387;4.311859E-06;-5.634423E-07;-0.07362614;-0.08271859;0.0000387
2071.87509536743;0.0000000;-0.0000387;4.311859E-06;-2.195984E-07;-0.07361143;-0.07748426;0.0000387
2072.93772697449;0.0000000;0.0000805;-8.969112E-06;6.474562E-05;-0.07864515;-0.07103672;-0.0000805
2074.00012016296;0.0000000;0.0000210;-2.339768E-06;-4.115338E-06;-0.07431768;-0.07700992;-0.0000210
2075.06251335144;0.0000000;0.0000210;-2.339768E-06;-1.425715E-06;-0.07447499;-0.06074172;-0.0000210
2076.1251449585;0.0000000;-0.0000387;4.311859E-06;-2.673187E-05;-0.07231696;-0.0975999;0.0000387
2077.18753814697;0.0000000;-0.0000387;4.311859E-06;-9.260973E-06;-0.07317444;-0.07180147;0.0000387
2078.25016975403;0.0000000;-0.0000387;4.311859E-06;-3.609412E-06;-0.07343128;-0.05707822;0.0000387
2079.3125629425;0.0000000;-0.0000387;4.311859E-06;-1.250442E-06;-0.07351563;-0.06216992;0.0000387
2080.37519454956;0.0000000;0.0000805;-8.969112E-06;6.285299E-05;-0.07850306;-0.05862008;-0.0000805
2081.43758773804;0.0000000;0.0000210;-2.339768E-06;-1.537081E-05;-0.07371737;-0.08960741;-0.0000210
2082.50021934509;0.0000000;0.0000210;-2.339768E-06;-5.990685E-06;-0.07421479;-0.06403939;-0.0000210
2083.56261253357;0.0000000;0.0000210;-2.339768E-06;-2.075409E-06;-0.07443479;-0.07850943;-0.0000210
2084.62500572205;0.0000000;-0.0000387;4.311859E-06;-2.698508E-05;-0.07229704;-0.05564797;0.0000387
2085.6876373291;0.0000000;-0.0000387;4.311859E-06;-9.348697E-06;-0.07316297;-0.08909483;0.0000387
2086.75003051758;0.0000000;-0.0000387;4.311859E-06;-3.643602E-06;-0.07342254;-0.09016131;0.0000387
2087.81266212463;0.0000000;-0.0000387;4.311859E-06;-1.262287E-06;-0.07350804;-0.08121599;0.0000387
2088.87505531311;0.0000000;0.0000209;-2.328626E-06;5.248581E-05;-0.07706761;-0.08217396;-0.0000209
2089.93768692017;0.0000000;-0.0000387;4.311859E-06;-1.121575E-05;-0.07295506;-0.09217134;0.0000387
2091.00008010864;0.0000000;-0.0000983;1.095234E-05;-5.146263E-05;-0.07001539;-0.07547217;0.0000983
2092.0627117157;0.0000000;-0.0000388;4.323E-06;2.22539E-05;-0.07455377;-0.09096532;0.0000388
2093.12510490417;0.0000000;-0.0000388;4.323E-06;8.673333E-06;-0.0738266;-0.05213327;0.0000388
2094.18749809265;0.0000000;-0.0000388;4.323E-06;3.004785E-06;-0.07350017;-0.07839885;0.0000388
2095.25012969971;0.0000000;0.0000805;-8.969112E-06;8.032507E-05;-0.07914651;-0.05257248;-0.0000805
2096.31252288818;0.0000000;0.0000210;-2.339768E-06;-9.317789E-06;-0.07377665;-0.08433177;-0.0000210
2097.37515449524;0.0000000;0.0000210;-2.339768E-06;-3.631556E-06;-0.07408509;-0.05040849;-0.0000210
2098.43754768372;0.0000000;0.0000210;-2.339768E-06;-1.258114E-06;-0.07422624;-0.1077823;-0.0000210
2099.50017929077;0.0000000;-0.0000387;4.311859E-06;-2.993857E-05;-0.0719018;-0.07231611;0.0000387
2100.56257247925;0.0000000;0.0000209;-2.328626E-06;3.671946E-05;-0.07612402;-0.06495294;-0.0000209
2101.6252040863;0.0000000;0.0000805;-8.969112E-06;5.84851E-05;-0.07810957;-0.08748371;-0.0000805
2102.68759727478;0.0000000;0.0000805;-8.969112E-06;4.241873E-05;-0.07733215;-0.06305245;-0.0000805
2103.75022888184;0.0000000;0.0000210;-2.339768E-06;-6.657331E-06;-0.07400445;-0.08850682;-0.0000210
2104.81262207031;0.0000000;0.0000210;-2.339768E-06;-2.306362E-06;-0.07424676;-0.04667266;-0.0000210
2105.87501525879;0.0000000;-0.0000387;4.311859E-06;-3.402815E-05;-0.07177296;-0.04469467;0.0000387
2106.93764686584;0.0000000;-0.0000387;4.311859E-06;-1.178869E-05;-0.07287439;-0.07290207;0.0000387
2108.00004005432;0.0000000;-0.0000387;4.311859E-06;-4.594576E-06;-0.07321014;-0.06510278;0.0000387
2109.06267166138;0.0000000;0.0000210;-2.339768E-06;2.741023E-05;-0.07568582;-0.07813948;-0.0000210
2110.12506484985;0.0000000;0.0000805;-8.969112E-06;5.664211E-05;-0.07805198;-0.08019597;-0.0000805
2111.18769645691;0.0000000;0.0000210;-2.339768E-06;-9.90087E-07;-0.07428874;-0.07594447;-0.0000210
2112.25008964539;0.0000000;-0.0000387;4.311859E-06;-5.345255E-05;-0.07077875;-0.09576661;0.0000387
2113.31272125244;0.0000000;-0.0000387;4.311859E-06;-1.851807E-05;-0.07252966;-0.08575997;0.0000387
2114.37511444092;0.0000000;-0.0000387;4.311859E-06;-7.217313E-06;-0.07307551;-0.1195365;0.0000387
2115.43750762939;0.0000000;0.0000209;-2.328626E-06;3.05734E-05;-0.07583955;-0.06041206;-0.0000209
2116.50013923645;0.0000000;0.0000210;-2.339768E-06;-2.022768E-06;-0.07420945;-0.09213826;-0.0000210
2117.56253242493;0.0000000;0.0000210;-2.339768E-06;-7.007665E-07;-0.07429681;-0.08034066;-0.0000210
2118.62516403198;0.0000000;0.0000210;-2.339768E-06;-2.731198E-07;-0.07433622;-0.05986021;-0.0000210
2119.68755722046;0.0000000;0.0000210;-2.339768E-06;-9.461946E-08;-0.07436508;-0.07221068;-0.0000210
2120.75018882751;0.0000000;0.0000210;-2.339768E-06;-3.68774E-08;-0.07438555;-0.05392525;-0.0000210
2121.81258201599;0.0000000;0.0000210;-2.339768E-06;-1.277578E-08;-0.0744065;-0.06876525;-0.0000210
2122.87521362305;0.0000000;0.0000210;-2.339768E-06;-4.979289E-09;-0.07442442;-0.07971854;-0.0000210
2123.93760681152;0.0000000;-0.0000387;4.311859E-06;-2.944996E-05;-0.07206305;-0.07689934;0.0000387
2125;0.0000000;-0.0000387;4.311859E-06;-1.147796E-05;-0.0729502;-0.06257398;0.0000387
2126.06263160706;0.0000000;-0.0000387;4.311859E-06;-3.976416E-06;-0.07329765;-0.09547107;0.0000387
2127.12502479553;0.0000000;0.0000209;-2.328626E-06;3.56582E-05;-0.07615382;-0.08144023;-0.0000209
2128.18765640259;0.0000000;0.0000209;-2.328626E-06;1.235341E-05;-0.07498118;-0.06444036;-0.0000209
2129.25004959106;0.0000000;0.0000209;-2.328626E-06;4.814671E-06;-0.07461294;-0.06938428;-0.0000209
2130.31268119812;0.0000000;-0.0000387;4.311859E-06;-3.140577E-05;-0.07191253;-0.09895267;0.0000387
2131.3750743866;0.0000000;-0.0000387;4.311859E-06;-1.224022E-05;-0.07286075;-0.05854362;0.0000387
2132.43770599365;0.0000000;-0.0000387;4.311859E-06;-4.240495E-06;-0.07323368;-0.09605598;0.0000387
2133.50009918213;0.0000000;0.0000209;-2.328626E-06;4.543865E-05;-0.07659131;-0.08210161;-0.0000209
2134.56273078918;0.0000000;0.0000805;-8.969112E-06;4.88155E-05;-0.07765067;-0.06649069;-0.0000805
2135.62512397766;0.0000000;0.0000805;-8.969112E-06;1.902557E-05;-0.0761938;-0.05883505;-0.0000805
2136.68751716614;0.0000000;0.0000210;-2.339768E-06;-1.659858E-05;-0.0735627;-0.09866227;-0.0000210
2137.75014877319;0.0000000;-0.0000387;4.311859E-06;-2.973694E-05;-0.07202094;-0.09639182;0.0000387
2138.81254196167;0.0000000;-0.0000387;4.311859E-06;-1.030205E-05;-0.07297888;-0.0746289;0.0000387
2139.87517356873;0.0000000;0.0000209;-2.328626E-06;2.211719E-05;-0.07548456;-0.05770138;-0.0000209
2140.9375667572;0.0000000;0.0000210;-2.339768E-06;5.120264E-06;-0.07464233;-0.09026776;-0.0000210
2142.00019836426;0.0000000;0.0000210;-2.339768E-06;1.995594E-06;-0.07449998;-0.07604989;-0.0000210
2143.06259155273;0.0000000;0.0000210;-2.339768E-06;6.913525E-07;-0.07445298;-0.06429568;-0.0000210
2144.12522315979;0.0000000;0.0000210;-2.339768E-06;2.694507E-07;-0.07444892;-0.07587315;-0.0000210
2145.18761634827;0.0000000;0.0000210;-2.339768E-06;9.334835E-08;-0.07445961;-0.07330716;-0.0000210
2146.25000953674;0.0000000;0.0000210;-2.339768E-06;3.638199E-08;-0.07447422;-0.064739;-0.0000210
2147.3126411438;0.0000000;-0.0000387;4.311859E-06;-3.725781E-05;-0.07172376;-0.07392825;0.0000387
2148.37503433228;0.0000000;-0.0000387;4.311859E-06;-1.452102E-05;-0.07285468;-0.08569379;0.0000387
2149.43766593933;0.0000000;0.0000209;-2.328626E-06;4.794712E-05;-0.07685633;-0.07253417;-0.0000209
2150.50005912781;0.0000000;0.0000805;-8.969112E-06;5.589511E-05;-0.07814116;-0.1041208;-0.0000805
2151.56269073486;0.0000000;0.0000805;-8.969112E-06;1.936427E-05;-0.07634782;-0.05147189;-0.0000805
2152.62508392334;0.0000000;0.0000210;-2.339768E-06;-2.547116E-05;-0.07325569;-0.06997641;-0.0000210
2153.6877155304;0.0000000;0.0000210;-2.339768E-06;-8.824215E-06;-0.07412706;-0.06975526;-0.0000210
2154.75010871887;0.0000000;-0.0000387;4.311859E-06;-2.96154E-05;-0.07220002;-0.06033765;0.0000387
2155.81250190735;0.0000000;-0.0000387;4.311859E-06;-1.025994E-05;-0.07315392;-0.08843756;0.0000387
2156.8751335144;0.0000000;-0.0000387;4.311859E-06;-3.998754E-06;-0.07344195;-0.03718373;0.0000387
2157.93752670288;0.0000000;-0.0000387;4.311859E-06;-1.385326E-06;-0.07353933;-0.06952897;0.0000387
2159.00015830994;0.0000000;-0.0000387;4.311859E-06;-5.39923E-07;-0.07355028;-0.05301272;0.0000387
2160.06255149841;0.0000000;0.0000209;-2.328626E-06;2.59453E-05;-0.07574836;-0.08602243;-0.0000209
2161.12518310547;0.0000000;0.0000209;-2.328626E-06;1.011203E-05;-0.07495578;-0.05110605;-0.0000209
2162.18757629395;0.0000000;0.0000209;-2.328626E-06;3.503207E-06;-0.07463731;-0.0737474;-0.0000209
2163.250207901;0.0000000;0.0000209;-2.328626E-06;1.365355E-06;-0.07454538;-0.07261269;-0.0000209
2164.31260108948;0.0000000;0.0000209;-2.328626E-06;4.730129E-07;-0.07451937;-0.06297496;-0.0000209
2165.37523269653;0.0000000;0.0000209;-2.328626E-06;1.843541E-07;-0.07452203;-0.0970863;-0.0000209
2166.43762588501;0.0000000;0.0000209;-2.328626E-06;6.386752E-08;-0.0745355;-0.07103363;-0.0000209
2167.50001907349;0.0000000;0.0000209;-2.328626E-06;2.4892E-08;-0.07455095;-0.07865412;-0.0000209
2168.56265068054;0.0000000;-0.0000387;4.311859E-06;-2.063917E-05;-0.07262154;-0.07568612;0.0000387
2169.62504386902;0.0000000;-0.0000388;4.323E-06;-4.424628E-06;-0.0734111;-0.07473741;0.0000388
2170.68767547607;0.0000000;-0.0000388;4.323E-06;-1.532866E-06;-0.0735226;-0.04333779;0.0000388
2171.75006866455;0.0000000;-0.0000388;4.323E-06;-5.974257E-07;-0.07353808;-0.07290618;0.0000388
2172.81270027161;0.0000000;0.0000209;-2.328626E-06;3.706344E-05;-0.0762906;-0.08773691;-0.0000209
2173.87509346008;0.0000000;0.0000210;-2.339768E-06;3.41536E-06;-0.07460044;-0.056051;-0.0000210
2174.93772506714;0.0000000;0.0000210;-2.339768E-06;-2.07785E-06;-0.07434533;-0.08165109;-0.0000210
2176.00011825562;0.0000000;0.0000210;-2.339768E-06;-8.098305E-07;-0.07442771;-0.06686064;-0.0000210
2177.06251144409;0.0000000;-0.0000983;1.095234E-05;-7.354812E-05;-0.06899691;-0.06861541;0.0000983
2178.12514305115;0.0000000;-0.0000388;4.323E-06;-5.475174E-06;-0.07328163;-0.0752128;0.0000388
2179.18753623962;0.0000000;0.0000209;-2.328626E-06;5.116985E-05;-0.07698669;-0.07517456;-0.0000209
2180.25016784668;0.0000000;0.0000210;-2.339768E-06;-3.546826E-06;-0.07423734;-0.0634524;-0.0000210
2181.31256103516;0.0000000;0.0000805;-8.969112E-06;1.938439E-05;-0.07632059;-0.07957282;-0.0000805
2182.37519264221;0.0000000;0.0000210;-2.339768E-06;-1.563483E-05;-0.07371203;-0.07821388;-0.0000210
2183.43758583069;0.0000000;-0.0000387;4.311859E-06;-5.258689E-05;-0.07099152;-0.101807;0.0000387
2184.50021743774;0.0000000;-0.0000983;1.095234E-05;-5.770343E-05;-0.06983671;-0.06250061;0.0000983
2185.56261062622;0.0000000;-0.0000388;4.323E-06;2.179801E-05;-0.07466483;-0.06696813;0.0000388
2186.6250038147;0.0000000;-0.0000388;4.323E-06;8.495652E-06;-0.07395191;-0.07894967;0.0000388
2187.68763542175;0.0000000;0.0000210;-2.339768E-06;2.396607E-05;-0.07559548;-0.06081201;-0.0000210
2188.75002861023;0.0000000;0.0000210;-2.339768E-06;-1.023808E-08;-0.07439879;-0.05246191;-0.0000210
2189.81266021729;0.0000000;0.0000210;-2.339768E-06;-5.478912E-06;-0.07415115;-0.06714899;-0.0000210
2190.87505340576;0.0000000;0.0000210;-2.339768E-06;-2.135375E-06;-0.07433973;-0.0671531;-0.0000210
2191.93768501282;0.0000000;-0.0000387;4.311859E-06;-2.142221E-05;-0.07247937;-0.06902051;0.0000387
2193.00007820129;0.0000000;-0.0000387;4.311859E-06;-8.349186E-06;-0.07311589;-0.05627421;0.0000387
2194.06270980835;0.0000000;0.0000209;-2.328626E-06;3.89665E-05;-0.07635478;-0.1082215;-0.0000209
2195.12510299683;0.0000000;0.0000805;-8.969112E-06;3.841573E-05;-0.07722969;-0.06916828;-0.0000805
2196.18773460388;0.0000000;0.0000805;-8.969112E-06;1.330873E-05;-0.0760208;-0.07356139;-0.0000805
2197.25012779236;0.0000000;0.0000805;-8.969112E-06;5.187E-06;-0.07567249;-0.08155183;-0.0000805
2198.31252098083;0.0000000;0.0000210;-2.339768E-06;-1.881616E-05;-0.07362971;-0.08103925;-0.0000210
2199.37515258789;0.0000000;0.0000210;-2.339768E-06;-7.333495E-06;-0.07423469;-0.06125122;-0.0000210
2200.43754577637;0.0000000;0.0000210;-2.339768E-06;-2.540612E-06;-0.07449961;-0.06593782;-0.0000210
2201.50017738342;0.0000000;0.0000210;-2.339768E-06;-9.901891E-07;-0.07459646;-0.06308451;-0.0000210
2202.5625705719;0.0000000;-0.0000387;4.311859E-06;-2.361078E-05;-0.07257178;-0.06202317;0.0000387
2203.62520217896;0.0000000;-0.0000387;4.311859E-06;-9.202169E-06;-0.0732766;-0.07997791;0.0000387
2204.68759536743;0.0000000;-0.0000387;4.311859E-06;-3.187994E-06;-0.07354796;-0.06627674;0.0000387
2205.75022697449;0.0000000;0.0000805;-8.969112E-06;9.359427E-05;-0.08016372;-0.07462786;-0.0000805
2206.81262016296;0.0000000;0.0000805;-8.969112E-06;4.968467E-05;-0.07796804;-0.0529714;-0.0000805
2207.87501335144;0.0000000;0.0000210;-2.339768E-06;-1.462845E-05;-0.07387944;-0.0737474;-0.0000210
2208.9376449585;0.0000000;0.0000210;-2.339768E-06;-5.067871E-06;-0.07438828;-0.0681762;-0.0000210
2210.00003814697;0.0000000;-0.0000387;4.311859E-06;-4.390439E-05;-0.07156295;-0.06832295;0.0000387
2211.06266975403;0.0000000;-0.0000387;4.311859E-06;-1.521021E-05;-0.0729946;-0.08507166;0.0000387
2212.1250629425;0.0000000;-0.0000387;4.311859E-06;-5.928094E-06;-0.07343719;-0.07349213;0.0000387
2213.18769454956;0.0000000;0.0000209;-2.328626E-06;3.515426E-05;-0.07636338;-0.07312527;-0.0000209
2214.25008773804;0.0000000;0.0000210;-2.339768E-06;7.903633E-06;-0.07499432;-0.06616308;-0.0000210
2215.31271934509;0.0000000;0.0000210;-2.339768E-06;2.73813E-06;-0.07474977;-0.09521169;-0.0000210
2216.37511253357;0.0000000;0.0000210;-2.339768E-06;1.067171E-06;-0.07468182;-0.05945924;-0.0000210
2217.43750572205;0.0000000;-0.0000387;4.311859E-06;-3.69007E-05;-0.07189687;-0.09451927;0.0000387
2218.5001373291;0.0000000;-0.0000387;4.311859E-06;-1.438184E-05;-0.07301665;-0.09928337;0.0000387
2219.56253051758;0.0000000;-0.0000387;4.311859E-06;-4.982436E-06;-0.07346119;-0.0641107;0.0000387
2220.62516212463;0.0000000;-0.0000387;4.311859E-06;-1.941876E-06;-0.07358444;-0.07594035;0.0000387
2221.68755531311;0.0000000;-0.0000387;4.311859E-06;-6.727423E-07;-0.07361301;-0.06506352;0.0000387
2222.75018692017;0.0000000;0.0000209;-2.328626E-06;3.281157E-05;-0.07616077;-0.06803152;-0.0000209
2223.81258010864;0.0000000;0.0000210;-2.339768E-06;-9.808256E-06;-0.07403248;-0.08902248;-0.0000210
2224.8752117157;0.0000000;0.0000210;-2.339768E-06;-3.822713E-06;-0.07435624;-0.06777626;-0.0000210
2225.93760490417;0.0000000;-0.0000983;1.095234E-05;-6.752736E-05;-0.0693814;-0.07250006;0.0000983
2227.00023651123;0.0000000;-0.0000388;4.323E-06;1.082715E-05;-0.0741673;-0.06022914;0.0000388
2228.06262969971;0.0000000;-0.0000388;4.323E-06;3.750952E-06;-0.07376886;-0.08513784;0.0000388
2229.12502288818;0.0000000;-0.0000388;4.323E-06;1.461912E-06;-0.07361938;-0.07730547;0.0000388
2230.18765449524;0.0000000;0.0000209;-2.328626E-06;4.767683E-05;-0.07679708;-0.0645499;-0.0000209
2231.25004768372;0.0000000;0.0000209;-2.328626E-06;1.858178E-05;-0.075326;-0.09906222;-0.0000209
2232.31267929077;0.0000000;0.0000209;-2.328626E-06;6.43746E-06;-0.07472431;-0.08198795;-0.0000209
2233.37507247925;0.0000000;0.0000209;-2.328626E-06;2.508963E-06;-0.07454078;-0.08367553;-0.0000209
2234.4377040863;0.0000000;0.0000209;-2.328626E-06;8.692039E-07;-0.07447651;-0.06579725;-0.0000209
2235.50009727478;0.0000000;0.0000209;-2.328626E-06;3.387673E-07;-0.07446682;-0.06447653;-0.0000209
2236.56272888184;0.0000000;0.0000209;-2.328626E-06;1.173623E-07;-0.07447512;-0.08334689;-0.0000209
2237.62512207031;0.0000000;-0.0000387;4.311859E-06;-3.302802E-05;-0.07192985;-0.05682193;0.0000387
2238.68751525879;0.0000000;-0.0000387;4.311859E-06;-1.144221E-05;-0.07299785;-0.077259;0.0000387
2239.75014686584;0.0000000;-0.0000387;4.311859E-06;-4.459536E-06;-0.07332277;-0.1041921;0.0000387
2240.81254005432;0.0000000;0.0000209;-2.328626E-06;2.45874E-05;-0.0756519;-0.07205674;-0.0000209
2241.87517166138;0.0000000;0.0000209;-2.328626E-06;9.582798E-06;-0.0749017;-0.08839933;-0.0000209
2242.93756484985;0.0000000;0.0000209;-2.328626E-06;3.319859E-06;-0.07460093;-0.08180297;-0.0000209
2244.00019645691;0.0000000;0.0000209;-2.328626E-06;1.293896E-06;-0.07451472;-0.07381871;-0.0000209
2245.06258964539;0.0000000;-0.0000387;4.311859E-06;-3.262551E-05;-0.07193206;-0.05711336;0.0000387
2246.12522125244;0.0000000;-0.0000387;4.311859E-06;-1.271561E-05;-0.07291834;-0.05007884;0.0000387
2247.18761444092;0.0000000;0.0000209;-2.328626E-06;4.268617E-05;-0.0765647;-0.07814257;-0.0000209
2248.25000762939;0.0000000;0.0000210;-2.339768E-06;7.921706E-06;-0.07481746;-0.07777364;-0.0000210
2249.31263923645;0.0000000;0.0000210;-2.339768E-06;-1.382893E-06;-0.07436737;-0.09745007;-0.0000210
2250.37503242493;0.0000000;0.0000210;-2.339768E-06;-5.389746E-07;-0.07442807;-0.09316754;-0.0000210
2251.43766403198;0.0000000;0.0000210;-2.339768E-06;-6.063263E-06;-0.07417138;-0.06509866;-0.0000210
2252.50005722046;0.0000000;0.0000210;-2.339768E-06;-2.363123E-06;-0.07437821;-0.06748173;-0.0000210
2253.56268882751;0.0000000;-0.0000387;4.311859E-06;-2.150111E-05;-0.07252546;-0.04810085;0.0000387
2254.62508201599;0.0000000;-0.0000388;4.323E-06;-2.582405E-06;-0.07345341;-0.07686111;0.0000388
2255.68771362305;0.0000000;-0.0000388;4.323E-06;-8.946468E-07;-0.07350333;-0.07381973;0.0000388
2256.75010681152;0.0000000;-0.0000388;4.323E-06;-3.486836E-07;-0.07349887;-0.07712049;0.0000388
2257.81273841858;0.0000000;-0.0000388;4.323E-06;-1.207977E-07;-0.07347411;-0.0879591;0.0000388
2258.87513160706;0.0000000;-0.0000388;4.323E-06;-4.708023E-08;-0.07344551;-0.05458663;0.0000388
2259.93752479553;0.0000000;-0.0000388;4.323E-06;-1.631045E-08;-0.07341065;-0.05993359;0.0000388
2261.00015640259;0.0000000;0.0000209;-2.328626E-06;4.716401E-05;-0.07664177;-0.06356297;-0.0000209
2262.06254959106;0.0000000;0.0000805;-8.969112E-06;4.941324E-05;-0.07764345;-0.06854513;-0.0000805
2263.12518119812;0.0000000;0.0000210;-2.339768E-06;-1.375974E-05;-0.07361317;-0.05935073;-0.0000210
2264.1875743866;0.0000000;-0.0000387;4.311859E-06;-4.669614E-05;-0.07109188;-0.05982199;0.0000387
2265.25020599365;0.0000000;-0.0000388;4.323E-06;-4.260972E-06;-0.07321048;-0.06246444;0.0000388
2266.31259918213;0.0000000;-0.0000388;4.323E-06;-1.476169E-06;-0.07331651;-0.06561433;0.0000388
2267.37523078918;0.0000000;0.0000805;-8.969112E-06;7.441291E-05;-0.07888961;-0.08342129;-0.0000805
2268.43762397766;0.0000000;0.0000805;-8.969112E-06;2.577957E-05;-0.07647711;-0.07447907;-0.0000805
2269.50001716614;0.0000000;0.0000805;-8.969112E-06;1.004744E-05;-0.07573944;-0.07330921;-0.0000805
2270.56264877319;0.0000000;0.0000210;-2.339768E-06;-2.260769E-05;-0.07326643;-0.1108226;-0.0000210
2271.62504196167;0.0000000;0.0000210;-2.339768E-06;-8.811217E-06;-0.07398978;-0.06326743;-0.0000210
2272.68767356873;0.0000000;-0.0000387;4.311859E-06;-5.611922E-05;-0.07074569;-0.1052183;0.0000387
2273.7500667572;0.0000000;-0.0000387;4.311859E-06;-2.187215E-05;-0.07246548;-0.08074781;0.0000387
2274.81269836426;0.0000000;0.0000209;-2.328626E-06;2.549639E-05;-0.0757195;-0.05671136;-0.0000209
2275.87509155273;0.0000000;0.0000805;-8.969112E-06;5.179606E-05;-0.07793698;-0.0686185;-0.0000805
2276.93772315979;0.0000000;0.0000210;-2.339768E-06;-2.972109E-05;-0.07299523;-0.06619822;-0.0000210
2278.00011634827;0.0000000;0.0000210;-2.339768E-06;-1.158363E-05;-0.07394068;-0.06447859;-0.0000210
2279.06250953674;0.0000000;-0.0000387;4.311859E-06;-4.128345E-05;-0.07157875;-0.07715152;0.0000387
2280.1251411438;0.0000000;-0.0000387;4.311859E-06;-1.608999E-05;-0.07283535;-0.08316398;0.0000387
2281.18753433228;0.0000000;-0.0000387;4.311859E-06;-5.574206E-06;-0.073337;-0.08730286;0.0000387
2282.25016593933;0.0000000;0.0000210;-2.339768E-06;2.682946E-05;-0.07583712;-0.09283581;-0.0000210
2283.31255912781;0.0000000;0.0000805;-8.969112E-06;5.108353E-05;-0.07795079;-0.09305696;-0.0000805
2284.37519073486;0.0000000;0.0000210;-2.339768E-06;-2.05402E-05;-0.07349437;-0.08917232;-0.0000210
2285.43758392334;0.0000000;0.0000210;-2.339768E-06;-9.692579E-06;-0.07407527;-0.0640735;-0.0000210
2286.5002155304;0.0000000;-0.0000387;4.311859E-06;-4.104804E-05;-0.07162645;-0.06231461;0.0000387
2287.56260871887;0.0000000;-0.0000387;4.311859E-06;-1.422066E-05;-0.0729626;-0.08360215;0.0000387
2288.62524032593;0.0000000;-0.0000387;4.311859E-06;-5.542422E-06;-0.07337427;-0.0941555;0.0000387
2289.6876335144;0.0000000;-0.0000387;4.311859E-06;-1.920113E-06;-0.07352326;-0.1008935;0.0000387
2290.75002670288;0.0000000;0.0000210;-2.339768E-06;3.130627E-05;-0.07605924;-0.08111056;-0.0000210
2291.81265830994;0.0000000;0.0000805;-8.969112E-06;3.668247E-05;-0.07723815;-0.08371376;-0.0000805
2292.87505149841;0.0000000;0.0000210;-2.339768E-06;-1.582277E-05;-0.07374743;-0.08396696;-0.0000210
2293.93768310547;0.0000000;0.0000210;-2.339768E-06;-5.481631E-06;-0.07429621;-0.06495088;-0.0000210
2295.00007629395;0.0000000;0.0000210;-2.339768E-06;-2.136435E-06;-0.07448488;-0.08067445;-0.0000210
2296.062707901;0.0000000;0.0000210;-2.339768E-06;-7.401452E-07;-0.07457603;-0.07799274;-0.0000210
2297.12510108948;0.0000000;0.0000210;-2.339768E-06;-2.884674E-07;-0.07461666;-0.07682288;-0.0000210
2298.18773269653;0.0000000;0.0000210;-2.339768E-06;-9.993649E-08;-0.07464602;-0.07579669;-0.0000210
2299.25012588501;0.0000000;0.0000210;-2.339768E-06;-3.894968E-08;-0.07466666;-0.05758977;-0.0000210
2300.31251907349;0.0000000;0.0000210;-2.339768E-06;-3.682188E-06;-0.0745062;-0.06736705;-0.0000210
2301.37515068054;0.0000000;0.0000210;-2.339768E-06;-5.103808E-06;-0.07445721;-0.09503597;-0.0000210
2302.43754386902;0.0000000;0.0000210;-2.339768E-06;-4.666885E-06;-0.07450549;-0.07594549;-0.0000210
2303.50017547607;0.0000000;0.0000210;-2.339768E-06;-1.818892E-06;-0.07466871;-0.07447907;-0.0000210
2304.56256866455;0.0000000;-0.0000387;4.311859E-06;-4.780051E-05;-0.07148626;-0.05824808;0.0000387
2305.62520027161;0.0000000;-0.0000387;4.311859E-06;-1.862998E-05;-0.07294632;-0.06594297;0.0000387
2306.68759346008;0.0000000;-0.0000387;4.311859E-06;-6.454158E-06;-0.07353289;-0.0782552;0.0000387
2307.75022506714;0.0000000;0.0000209;-2.328626E-06;5.046231E-05;-0.07725456;-0.06242518;-0.0000209
2308.81261825562;0.0000000;0.0000209;-2.328626E-06;1.748213E-05;-0.07558691;-0.05326592;-0.0000209
2309.87501144409;0.0000000;0.0000210;-2.339768E-06;-7.235273E-08;-0.07472016;-0.07392723;-0.0000210
2310.93764305115;0.0000000;0.0000210;-2.339768E-06;-2.506584E-08;-0.0747423;-0.05982199;-0.0000210
2312.00003623962;0.0000000;-0.0000387;4.311859E-06;-4.193898E-05;-0.07175952;-0.05795664;0.0000387
2313.06266784668;0.0000000;-0.0000387;4.311859E-06;-1.452932E-05;-0.07312547;-0.04245938;0.0000387
2314.12506103516;0.0000000;-0.0000387;4.311859E-06;-5.662719E-06;-0.0735468;-0.03956578;0.0000387
2315.18769264221;0.0000000;-0.0000387;4.311859E-06;-1.961789E-06;-0.0736998;-0.07909229;0.0000387
2316.25008583069;0.0000000;0.0000805;-8.969112E-06;8.528695E-05;-0.07984026;-0.08598728;-0.0000805
2317.31271743774;0.0000000;0.0000210;-2.339768E-06;-1.347535E-05;-0.07401004;-0.06978732;-0.0000210
2318.37511062622;0.0000000;0.0000210;-2.339768E-06;-5.251942E-06;-0.07444827;-0.06385544;-0.0000210
2319.43774223328;0.0000000;0.0000210;-2.339768E-06;-1.81948E-06;-0.07464358;-0.07931241;-0.0000210
2320.50013542175;0.0000000;0.0000210;-2.339768E-06;-7.091319E-07;-0.07471791;-0.04656517;-0.0000210
2321.56252861023;0.0000000;0.0000210;-2.339768E-06;-2.456712E-07;-0.07476133;-0.07128786;-0.0000210
2322.62516021729;0.0000000;0.0000210;-2.339768E-06;-9.574896E-08;-0.07478654;-0.06451476;-0.0000210
2323.68755340576;0.0000000;0.0000210;-2.339768E-06;-3.317121E-08;-0.07480945;-0.06975321;-0.0000210
2324.75018501282;0.0000000;0.0000210;-2.339768E-06;-1.292829E-08;-0.07482801;-0.05741097;-0.0000210
2325.81257820129;0.0000000;0.0000210;-2.339768E-06;-4.47887E-09;-0.07484815;-0.06242518;-0.0000210
2326.87520980835;0.0000000;0.0000210;-2.339768E-06;-1.745614E-09;-0.07486581;-0.05799178;-0.0000210
2327.93760299683;0.0000000;0.0000210;-2.339768E-06;-6.047496E-10;-0.07488561;-0.06121916;-0.0000210
2329.00023460388;0.0000000;0.0000210;-2.339768E-06;-2.356978E-10;-0.07490318;-0.0747333;-0.0000210
2330.06262779236;0.0000000;-0.0000387;4.311859E-06;-2.944831E-05;-0.07254166;-0.05029998;0.0000387
2331.12502098083;0.0000000;-0.0000387;4.311859E-06;-1.147731E-05;-0.07342876;-0.0830162;0.0000387
2332.18765258789;0.0000000;0.0000209;-2.328626E-06;4.900158E-05;-0.07732865;-0.07550424;-0.0000209
2333.25004577637;0.0000000;0.0000805;-8.969112E-06;5.630608E-05;-0.07858056;-0.0836745;-0.0000805
2334.31267738342;0.0000000;0.0000210;-2.339768E-06;-1.763891E-05;-0.07401378;-0.1060957;-0.0000210
2335.3750705719;0.0000000;0.0000210;-2.339768E-06;-1.100195E-05;-0.07437705;-0.07272121;-0.0000210
2336.43770217896;0.0000000;0.0000210;-2.339768E-06;-3.81151E-06;-0.07476464;-0.0568581;-0.0000210
2337.50009536743;0.0000000;0.0000210;-2.339768E-06;-1.485515E-06;-0.07490117;-0.06176689;-0.0000210
2338.56272697449;0.0000000;-0.0000387;4.311859E-06;-2.996287E-05;-0.0725893;-0.07605195;0.0000387
2339.62512016296;0.0000000;-0.0000387;4.311859E-06;-1.167786E-05;-0.07349247;-0.08166035;0.0000387
2340.68751335144;0.0000000;-0.0000387;4.311859E-06;-4.045671E-06;-0.0738466;-0.07869132;0.0000387
2341.7501449585;0.0000000;0.0000210;-2.339768E-06;1.585444E-05;-0.07572566;-0.1096889;-0.0000210
2342.81253814697;0.0000000;0.0000210;-2.339768E-06;5.492604E-06;-0.07521526;-0.06169248;-0.0000210
2343.87516975403;0.0000000;0.0000210;-2.339768E-06;2.140711E-06;-0.07506131;-0.06084921;-0.0000210
2344.9375629425;0.0000000;0.0000210;-2.339768E-06;7.416268E-07;-0.07500946;-0.05293728;-0.0000210
2346.00019454956;0.0000000;0.0000210;-2.339768E-06;2.890449E-07;-0.07500383;-0.06843352;-0.0000210
2347.06258773804;0.0000000;0.0000210;-2.339768E-06;1.001365E-07;-0.07501388;-0.06708076;-0.0000210
2348.12521934509;0.0000000;-0.0000387;4.311859E-06;-2.94092E-05;-0.07264704;-0.0745545;0.0000387
2349.18761253357;0.0000000;-0.0000387;4.311859E-06;-1.018851E-05;-0.07359404;-0.08719023;0.0000387
2350.25024414063;0.0000000;0.0000209;-2.328626E-06;4.900686E-05;-0.07743229;-0.1002341;-0.0000209
2351.3126373291;0.0000000;0.0000805;-8.969112E-06;5.225335E-05;-0.078485;-0.08667455;-0.0000805
2352.37503051758;0.0000000;0.0000210;-2.339768E-06;-8.984128E-06;-0.07454754;-0.06825061;-0.0000210
2353.43766212463;0.0000000;0.0000210;-2.339768E-06;-3.112455E-06;-0.07486765;-0.1139002;-0.0000210
2354.50005531311;0.0000000;-0.0000387;4.311859E-06;-2.44808E-05;-0.07290486;-0.06531981;0.0000387
2355.56268692017;0.0000000;-0.0000387;4.311859E-06;-8.481114E-06;-0.07368706;-0.1001959;0.0000387
2356.62508010864;0.0000000;-0.0000387;4.311859E-06;-3.305467E-06;-0.07391956;-0.08426148;0.0000387
2357.6877117157;0.0000000;-0.0000387;4.311859E-06;-1.145144E-06;-0.07399375;-0.07726003;0.0000387
2358.75010490417;0.0000000;-0.0000387;4.311859E-06;-4.463134E-07;-0.07399721;-0.07806919;0.0000387
2359.81273651123;0.0000000;0.0000805;-8.969112E-06;4.662553E-05;-0.07814035;-0.06766671;-0.0000805
2360.87512969971;0.0000000;0.0000210;-2.339768E-06;-2.361672E-05;-0.07376081;-0.06235078;-0.0000210
2361.93752288818;0.0000000;0.0000210;-2.339768E-06;-8.181762E-06;-0.07457018;-0.06473591;-0.0000210
2363.00015449524;0.0000000;-0.0000387;4.311859E-06;-4.511801E-05;-0.07184206;-0.08679336;0.0000387
2364.06254768372;0.0000000;-0.0000983;1.095234E-05;-4.176302E-05;-0.07109794;-0.05975376;0.0000983
2365.12517929077;0.0000000;-0.0000388;4.323E-06;1.307268E-05;-0.07469305;-0.0734167;0.0000388
2366.18757247925;0.0000000;0.0000805;-8.969112E-06;6.377886E-05;-0.07899863;-0.1107472;-0.0000805
2367.2502040863;0.0000000;0.0000210;-2.339768E-06;-2.21549E-05;-0.07382253;-0.0729;-0.0000210
2368.31259727478;0.0000000;0.0000210;-2.339768E-06;-7.675329E-06;-0.07458301;-0.06139693;-0.0000210
2369.37522888184;0.0000000;0.0000210;-2.339768E-06;-2.991416E-06;-0.07484017;-0.08851196;-0.0000210
2370.43762207031;0.0000000;0.0000210;-2.339768E-06;-1.036345E-06;-0.07495991;-0.04795411;-0.0000210
2371.50001525879;0.0000000;-0.0000387;4.311859E-06;-2.658011E-05;-0.07278972;-0.06279513;0.0000387
2372.56264686584;0.0000000;-0.0000387;4.311859E-06;-9.208397E-06;-0.07364213;-0.0708166;0.0000387
2373.62504005432;0.0000000;0.0000209;-2.328626E-06;3.361907E-05;-0.07666165;-0.08888088;-0.0000209
2374.68767166138;0.0000000;0.0000210;-2.339768E-06;8.787221E-06;-0.07541857;-0.07755661;-0.0000210
2375.75006484985;0.0000000;0.0000210;-2.339768E-06;3.42477E-06;-0.07516176;-0.0864234;-0.0000210
2376.81269645691;0.0000000;-0.0000387;4.311859E-06;-4.598389E-05;-0.07180396;-0.07425997;0.0000387
2377.87508964539;0.0000000;-0.0000387;4.311859E-06;-1.792196E-05;-0.07320731;-0.06242621;0.0000387
2378.93772125244;0.0000000;-0.0000387;4.311859E-06;-6.208873E-06;-0.07377022;-0.09173522;0.0000387
2380.00011444092;0.0000000;-0.0000387;4.311859E-06;-2.419873E-06;-0.07393176;-0.07235331;0.0000387
2381.06274604797;0.0000000;-0.0000387;4.311859E-06;-8.383394E-07;-0.07397634;-0.1050706;0.0000387
2382.12513923645;0.0000000;-0.0000387;4.311859E-06;-3.26738E-07;-0.07397022;-0.06590679;0.0000387
2383.18753242493;0.0000000;0.0000209;-2.328626E-06;2.05346E-05;-0.075893;-0.09312519;-0.0000209
2384.25016403198;0.0000000;0.0000209;-2.328626E-06;8.003242E-06;-0.07526935;-0.0763475;-0.0000209
2385.31255722046;0.0000000;0.0000209;-2.328626E-06;2.772639E-06;-0.07502137;-0.08447646;-0.0000209
2386.37518882751;0.0000000;0.0000209;-2.328626E-06;1.08062E-06;-0.07495225;-0.09814866;-0.0000209
2387.43758201599;0.0000000;-0.0000387;4.311859E-06;-2.575799E-05;-0.0727194;-0.05743994;0.0000387
2388.50021362305;0.0000000;-0.0000387;4.311859E-06;-1.003903E-05;-0.07349128;-0.07730135;0.0000387
2389.56260681152;0.0000000;0.0000805;-8.969112E-06;7.145483E-05;-0.0793457;-0.09884107;-0.0000805
2390.62523841858;0.0000000;0.0000805;-8.969112E-06;3.77159E-05;-0.0776744;-0.06447756;-0.0000805
2391.68763160706;0.0000000;0.0000805;-8.969112E-06;2.547141E-05;-0.07709873;-0.1041498;-0.0000805
2392.75002479553;0.0000000;0.0000210;-2.339768E-06;-1.326245E-05;-0.07430012;-0.07228097;-0.0000210
2393.81265640259;0.0000000;-0.0000387;4.311859E-06;-5.176501E-05;-0.0715003;-0.1035308;0.0000387
2394.87504959106;0.0000000;-0.0000387;4.311859E-06;-2.017512E-05;-0.07308413;-0.0596773;0.0000387
2395.93768119812;0.0000000;-0.0000387;4.311859E-06;-6.989456E-06;-0.07372238;-0.07275327;0.0000387
2397.0000743866;0.0000000;-0.0000387;4.311859E-06;-2.724101E-06;-0.07390829;-0.05968039;0.0000387
2398.06270599365;0.0000000;0.0000209;-2.328626E-06;2.518862E-05;-0.07617939;-0.06763054;-0.0000209
2399.12509918213;0.0000000;0.0000209;-2.328626E-06;9.817121E-06;-0.07541043;-0.07730135;-0.0000209
2400.18773078918;0.0000000;0.0000209;-2.328626E-06;3.401038E-06;-0.07510181;-0.06381824;-0.0000209
2401.25012397766;0.0000000;0.0000209;-2.328626E-06;1.325535E-06;-0.07501306;-0.04729478;-0.0000209
2402.31251716614;0.0000000;-0.0000387;4.311859E-06;-2.567314E-05;-0.07277201;-0.05773755;0.0000387
2403.37514877319;0.0000000;-0.0000387;4.311859E-06;-1.000596E-05;-0.07354125;-0.06894713;0.0000387
2404.43754196167;0.0000000;-0.0000387;4.311859E-06;-3.466459E-06;-0.07383948;-0.08971901;0.0000387
2405.50017356873;0.0000000;0.0000209;-2.328626E-06;2.187773E-05;-0.07598943;-0.0640735;-0.0000209
2406.5625667572;0.0000000;0.0000209;-2.328626E-06;7.579309E-06;-0.07527753;-0.05403582;-0.0000209
2407.62519836426;0.0000000;0.0000209;-2.328626E-06;2.953993E-06;-0.07505835;-0.05828527;-0.0000209
2408.68759155273;0.0000000;0.0000209;-2.328626E-06;1.023379E-06;-0.07497922;-0.05901591;-0.0000209
2409.75022315979;0.0000000;-0.0000983;1.095234E-05;-6.003789E-05;-0.07012635;-0.09144378;0.0000983
2410.81261634827;0.0000000;-0.0000388;4.323E-06;-1.863465E-07;-0.07398643;-0.07213423;0.0000388
2411.87524795532;0.0000000;-0.0000388;4.323E-06;-7.262751E-08;-0.07395986;-0.07184073;0.0000388
2412.9376411438;0.0000000;0.0000210;-2.339768E-06;9.627365E-06;-0.07532689;-0.08011952;-0.0000210
2414.00003433228;0.0000000;0.0000210;-2.339768E-06;3.752211E-06;-0.07504386;-0.07656762;-0.0000210
2415.06266593933;0.0000000;0.0000210;-2.339768E-06;1.299914E-06;-0.07493812;-0.07638574;-0.0000210
2416.12505912781;0.0000000;0.0000210;-2.339768E-06;5.066341E-07;-0.07491507;-0.1108991;-0.0000210
2417.18769073486;0.0000000;-0.0000387;4.311859E-06;-2.927271E-05;-0.07253662;-0.06348548;0.0000387
2418.25008392334;0.0000000;-0.0000387;4.311859E-06;-1.140887E-05;-0.07341823;-0.1041921;0.0000387
2419.3127155304;0.0000000;-0.0000387;4.311859E-06;-3.952483E-06;-0.07376336;-0.08957432;0.0000387
2420.37510871887;0.0000000;-0.0000387;4.311859E-06;-1.540458E-06;-0.07385447;-0.1052938;0.0000387
2421.43774032593;0.0000000;0.0000209;-2.328626E-06;2.269509E-05;-0.07594367;-0.09601982;-0.0000209
2422.5001335144;0.0000000;0.0000209;-2.328626E-06;8.845283E-06;-0.07525256;-0.1092125;-0.0000209
2423.56252670288;0.0000000;0.0000209;-2.328626E-06;3.064355E-06;-0.07497642;-0.0894658;-0.0000209
2424.62515830994;0.0000000;0.0000209;-2.328626E-06;1.194315E-06;-0.0748982;-0.07704506;-0.0000209
2425.68755149841;0.0000000;0.0000209;-2.328626E-06;4.137578E-07;-0.07487789;-0.08605448;-0.0000209
2426.75018310547;0.0000000;0.0000209;-2.328626E-06;1.612598E-07;-0.07488242;-0.06308245;-0.0000209
2427.81257629395;0.0000000;0.0000209;-2.328626E-06;5.586674E-08;-0.07489664;-0.05469823;-0.0000209
2428.875207901;0.0000000;0.0000209;-2.328626E-06;2.177375E-08;-0.07491234;-0.08415399;-0.0000209
2429.93760108948;0.0000000;0.0000209;-2.328626E-06;7.543284E-09;-0.07493123;-0.05846716;-0.0000209
2431.00023269653;0.0000000;0.0000209;-2.328626E-06;2.939952E-09;-0.07494843;-0.06103212;-0.0000209
2432.06262588501;0.0000000;0.0000209;-2.328626E-06;1.018515E-09;-0.07496798;-0.06546141;-0.0000209
2433.12501907349;0.0000000;-0.0000387;4.311859E-06;-3.307337E-05;-0.07242635;-0.1030543;0.0000387
2434.18765068054;0.0000000;-0.0000387;4.311859E-06;-1.145792E-05;-0.07349585;-0.05985919;0.0000387
2435.25004386902;0.0000000;-0.0000387;4.311859E-06;-4.465659E-06;-0.07382128;-0.05799281;0.0000387
2436.31267547607;0.0000000;-0.0000387;4.311859E-06;-1.54708E-06;-0.07393426;-0.07689729;0.0000387
2437.37506866455;0.0000000;0.0000805;-8.969112E-06;5.983378E-05;-0.07878862;-0.0892054;-0.0000805
2438.43770027161;0.0000000;0.0000210;-2.339768E-06;-8.620798E-06;-0.07449032;-0.08741446;-0.0000210
2439.50009346008;0.0000000;0.0000210;-2.339768E-06;-3.359907E-06;-0.07477699;-0.06968086;-0.0000210
2440.56272506714;0.0000000;-0.0000387;4.311859E-06;-3.429326E-05;-0.07234571;-0.06388955;0.0000387
2441.62511825562;0.0000000;-0.0000387;4.311859E-06;-1.33656E-05;-0.07338408;-0.06879935;0.0000387
2442.68774986267;0.0000000;-0.0000387;4.311859E-06;-4.630372E-06;-0.07379463;-0.05927221;0.0000387
2443.75014305115;0.0000000;0.0000805;-8.969112E-06;7.730548E-05;-0.07967571;-0.06616514;-0.0000805
2444.81253623962;0.0000000;0.0000805;-8.969112E-06;2.678167E-05;-0.07716649;-0.05897872;-0.0000805
2445.87516784668;0.0000000;0.0000210;-2.339768E-06;-1.275179E-05;-0.074327;-0.07352522;-0.0000210
2446.93756103516;0.0000000;-0.0000387;4.311859E-06;-3.754698E-05;-0.07220975;-0.06004622;0.0000387
2448.00019264221;0.0000000;-0.0000387;4.311859E-06;-1.463372E-05;-0.07334969;-0.07778084;0.0000387
2449.06258583069;0.0000000;-0.0000387;4.311859E-06;-5.069698E-06;-0.07380266;-0.11544;0.0000387
2450.12521743774;0.0000000;-0.0000387;4.311859E-06;-1.975886E-06;-0.07392865;-0.08595111;0.0000387
2451.18761062622;0.0000000;0.0000209;-2.328626E-06;2.871438E-05;-0.07633564;-0.08923849;-0.0000209
2452.25024223328;0.0000000;0.0000209;-2.328626E-06;1.119127E-05;-0.07545661;-0.06975218;-0.0000209
2453.31263542175;0.0000000;0.0000209;-2.328626E-06;3.877096E-06;-0.07510204;-0.05857568;-0.0000209
2454.37502861023;0.0000000;0.0000209;-2.328626E-06;1.511076E-06;-0.07499844;-0.0545112;-0.0000209
2455.43766021729;0.0000000;-0.0000387;4.311859E-06;-2.270527E-05;-0.0728935;-0.09063669;0.0000387
2456.50005340576;0.0000000;-0.0000387;4.311859E-06;-8.849249E-06;-0.07357009;-0.05942204;0.0000387
2457.56268501282;0.0000000;0.0000209;-2.328626E-06;2.016304E-05;-0.07590365;-0.05143264;-0.0000209
2458.62507820129;0.0000000;0.0000209;-2.328626E-06;7.858429E-06;-0.0752916;-0.0790623;-0.0000209
2459.68770980835;0.0000000;0.0000209;-2.328626E-06;2.72247E-06;-0.07504847;-0.06330771;-0.0000209
2460.75010299683;0.0000000;0.0000209;-2.328626E-06;1.061067E-06;-0.07498091;-0.05366793;-0.0000209
2461.81273460388;0.0000000;0.0000209;-2.328626E-06;3.675955E-07;-0.07496507;-0.06026428;-0.0000209
2462.87512779236;0.0000000;0.0000209;-2.328626E-06;1.432683E-07;-0.07497104;-0.1019196;-0.0000209
2463.93752098083;0.0000000;0.0000209;-2.328626E-06;4.963377E-08;-0.07498586;-0.06363223;-0.0000209
2465.00015258789;0.0000000;0.0000209;-2.328626E-06;1.934448E-08;-0.07500175;-0.08766457;-0.0000209
2466.06254577637;0.0000000;0.0000209;-2.328626E-06;6.701691E-09;-0.07502072;-0.05876271;-0.0000209
2467.12517738342;0.0000000;0.0000209;-2.328626E-06;2.611946E-09;-0.07503796;-0.07726517;-0.0000209
2468.1875705719;0.0000000;0.0000209;-2.328626E-06;9.04881E-10;-0.07505751;-0.07371225;-0.0000209
2469.25020217896;0.0000000;0.0000209;-2.328626E-06;3.526723E-10;-0.07507496;-0.06924268;-0.0000209
2470.31259536743;0.0000000;0.0000209;-2.328626E-06;1.221796E-10;-0.0750946;-0.07360065;-0.0000209
2471.37522697449;0.0000000;-0.0000387;4.311859E-06;-4.185893E-05;-0.07211599;-0.05099548;0.0000387
2472.43762016296;0.0000000;-0.0000387;4.311859E-06;-1.450158E-05;-0.07347926;-0.05198447;0.0000387
2473.50025177002;0.0000000;-0.0000387;4.311859E-06;-5.65191E-06;-0.07389971;-0.07715255;0.0000387
2474.5626449585;0.0000000;0.0000805;-8.969112E-06;0.0001039975;-0.08115727;-0.08378302;-0.0000805
2475.62503814697;0.0000000;0.0000210;-2.339768E-06;8.567386E-06;-0.0754705;-0.1025831;-0.0000210
2476.68766975403;0.0000000;0.0000210;-2.339768E-06;2.96808E-06;-0.07520375;-0.04974917;-0.0000210
2477.7500629425;0.0000000;0.0000210;-2.339768E-06;1.156792E-06;-0.07512863;-0.06026737;-0.0000210
2478.81269454956;0.0000000;-0.0000387;4.311859E-06;-2.577545E-05;-0.07288959;-0.08674895;0.0000387
2479.87508773804;0.0000000;-0.0000387;4.311859E-06;-1.004583E-05;-0.07366201;-0.1014494;0.0000387
2480.93771934509;0.0000000;-0.0000387;4.311859E-06;-3.480273E-06;-0.07396157;-0.07122066;0.0000387
2482.00011253357;0.0000000;0.0000805;-8.969112E-06;8.236156E-05;-0.08003005;-0.07290515;-0.0000805
2483.06274414063;0.0000000;0.0000805;-8.969112E-06;2.853329E-05;-0.07735179;-0.1013688;-0.0000805
2484.1251373291;0.0000000;0.0000210;-2.339768E-06;-2.602487E-05;-0.07376845;-0.04967785;-0.0000210
2485.18753051758;0.0000000;-0.0000387;4.311859E-06;-3.228378E-05;-0.07258084;-0.0984742;0.0000387
2486.25016212463;0.0000000;-0.0000388;4.323E-06;-4.835762E-06;-0.0739389;-0.1066124;0.0000388
2487.31255531311;0.0000000;-0.0000388;4.323E-06;-1.675298E-06;-0.07406414;-0.06663641;0.0000388
2488.37518692017;0.0000000;-0.0000388;4.323E-06;-6.529381E-07;-0.07408407;-0.07330614;0.0000388
2489.43758010864;0.0000000;-0.0000388;4.323E-06;-2.262035E-07;-0.07406948;-0.07605298;0.0000388
2490.5002117157;0.0000000;-0.0000388;4.323E-06;-8.816154E-08;-0.07404417;-0.08045021;0.0000388
2491.56260490417;0.0000000;-0.0000388;4.323E-06;-3.054264E-08;-0.07401069;-0.04744152;0.0000388
2492.62523651123;0.0000000;-0.0000388;4.323E-06;-1.190382E-08;-0.07397926;-0.1062838;0.0000388
2493.68762969971;0.0000000;-0.0000388;4.323E-06;-4.123953E-09;-0.07394322;-0.06272176;0.0000388
2494.75002288818;0.0000000;-0.0000388;4.323E-06;-1.607287E-09;-0.07391099;-0.04861138;0.0000388
2495.81265449524;0.0000000;-0.0000388;4.323E-06;-5.568277E-10;-0.07387462;-0.05828425;0.0000388
2496.87504768372;0.0000000;0.0000209;-2.328626E-06;2.326752E-05;-0.07591975;-0.1147073;-0.0000209
2497.93767929077;0.0000000;0.0000209;-2.328626E-06;8.060786E-06;-0.07516141;-0.06176585;-0.0000209
2499.00007247925;0.0000000;0.0000209;-2.328626E-06;3.141646E-06;-0.07492719;-0.06722544;-0.0000209
2500.0627040863;0.0000000;0.0000209;-2.328626E-06;1.08839E-06;-0.07484177;-0.08865562;-0.0000209
2501.12509727478;0.0000000;-0.0000387;4.311859E-06;-2.280457E-05;-0.07275119;-0.0963536;0.0000387
2502.18772888184;0.0000000;-0.0000387;4.311859E-06;-7.9004E-06;-0.07347736;-0.07773747;0.0000387
2503.25012207031;0.0000000;-0.0000387;4.311859E-06;-3.079136E-06;-0.07369172;-0.09965126;0.0000387
2504.31275367737;0.0000000;0.0000210;-2.339768E-06;2.253464E-05;-0.07584662;-0.04795616;-0.0000210
2505.37514686584;0.0000000;0.0000210;-2.339768E-06;8.782748E-06;-0.07516061;-0.06385544;-0.0000210
2506.43754005432;0.0000000;-0.0000387;4.311859E-06;-2.022505E-05;-0.07280917;-0.07770232;0.0000387
2507.50017166138;0.0000000;-0.0000388;4.323E-06;1.34917E-06;-0.07386673;-0.05649021;0.0000388
2508.56256484985;0.0000000;-0.0000388;4.323E-06;4.674057E-07;-0.07378521;-0.06748379;0.0000388
2509.62519645691;0.0000000;-0.0000388;4.323E-06;1.821687E-07;-0.07373823;-0.07132713;0.0000388
2510.68758964539;0.0000000;-0.0000388;4.323E-06;6.311042E-08;-0.07369573;-0.06451271;0.0000388
2511.75022125244;0.0000000;0.0000210;-2.339768E-06;2.540104E-05;-0.07584196;-0.08342026;-0.0000210
2512.81261444092;0.0000000;0.0000805;-8.969112E-06;3.528961E-05;-0.07725172;-0.07667922;-0.0000805
2513.87524604797;0.0000000;0.0000210;-2.339768E-06;-9.435863E-06;-0.07414659;-0.05847025;-0.0000210
2514.93763923645;0.0000000;-0.0000387;4.311859E-06;-3.639821E-05;-0.07191847;-0.07436849;0.0000387
2516.00003242493;0.0000000;-0.0000984;1.096349E-05;-3.25717E-05;-0.07118864;-0.08730697;0.0000984
2517.06266403198;0.0000000;-0.0000388;4.323E-06;1.811478E-05;-0.07456258;-0.08060004;0.0000388
2518.12505722046;0.0000000;0.0000209;-2.328626E-06;6.01268E-05;-0.07752307;-0.08261111;-0.0000209
2519.18768882751;0.0000000;0.0000805;-8.969112E-06;6.792165E-05;-0.07878981;-0.08033963;-0.0000805
2520.25008201599;0.0000000;0.0000210;-2.339768E-06;2.122587E-08;-0.07450526;-0.07367608;-0.0000210
2521.31271362305;0.0000000;-0.0000387;4.311859E-06;-4.716302E-05;-0.07126127;-0.07634442;0.0000387
2522.37510681152;0.0000000;-0.0000387;4.311859E-06;-1.838152E-05;-0.07270142;-0.06495398;0.0000387
2523.43773841858;0.0000000;-0.0000388;4.323E-06;-1.787317E-06;-0.07350639;-0.05897974;0.0000388
2524.50013160706;0.0000000;-0.0000388;4.323E-06;-6.965968E-07;-0.07352981;-0.07565098;0.0000388
2525.56252479553;0.0000000;0.0000805;-8.969112E-06;8.586571E-05;-0.07963247;-0.06912799;-0.0000805
2526.62515640259;0.0000000;0.0000805;-8.969112E-06;3.346568E-05;-0.07701886;-0.06502734;-0.0000805
2527.68754959106;0.0000000;0.0000210;-2.339768E-06;-1.449468E-05;-0.07376284;-0.08664147;-0.0000210
2528.75018119812;0.0000000;0.0000210;-2.339768E-06;-5.64922E-06;-0.07423289;-0.09023263;-0.0000210
2529.8125743866;0.0000000;0.0000210;-2.339768E-06;-1.957113E-06;-0.0744415;-0.07565303;-0.0000210
2530.87520599365;0.0000000;-0.0000387;4.311859E-06;-2.693898E-05;-0.07230006;-0.08774618;0.0000387
2531.93759918213;0.0000000;-0.0000387;4.311859E-06;-9.332723E-06;-0.07316446;-0.04813805;0.0000387
2533.00023078918;0.0000000;-0.0000387;4.311859E-06;-3.637376E-06;-0.07342354;-0.07081557;0.0000387
2534.06262397766;0.0000000;0.0000209;-2.328626E-06;1.938766E-05;-0.07545702;-0.09715967;-0.0000209
2535.12525558472;0.0000000;0.0000209;-2.328626E-06;7.556231E-06;-0.07486916;-0.08337895;-0.0000209
2536.18764877319;0.0000000;-0.0000387;4.311859E-06;-4.447358E-05;-0.07137861;-0.06444243;0.0000387
2537.25004196167;0.0000000;-0.0000983;1.095234E-05;-5.550271E-05;-0.06992128;-0.07209907;0.0000983
2538.31267356873;0.0000000;-0.0000388;4.323E-06;6.860187E-06;-0.07389741;-0.09309108;0.0000388
2539.3750667572;0.0000000;0.0000805;-8.969112E-06;8.180312E-05;-0.07941587;-0.08693393;-0.0000805
2540.43769836426;0.0000000;0.0000805;-8.969112E-06;2.833983E-05;-0.07675627;-0.07975367;-0.0000805
2541.50009155273;0.0000000;0.0000805;-8.969112E-06;1.104529E-05;-0.07593866;-0.09210209;-0.0000805
2542.56272315979;0.0000000;0.0000210;-2.339768E-06;-1.936327E-05;-0.0735744;-0.0496386;-0.0000210
2543.62511634827;0.0000000;0.0000210;-2.339768E-06;-7.546723E-06;-0.07419645;-0.0971235;-0.0000210
2544.68774795532;0.0000000;0.0000210;-2.339768E-06;-2.614482E-06;-0.07446851;-0.08088633;-0.0000210
2545.7501411438;0.0000000;0.0000805;-8.969112E-06;3.612658E-05;-0.07732734;-0.08686364;-0.0000805
2546.81253433228;0.0000000;0.0000210;-2.339768E-06;-4.037322E-05;-0.0726485;-0.0647318;-0.0000210
2547.87516593933;0.0000000;0.0000210;-2.339768E-06;-1.573523E-05;-0.07392651;-0.06847175;-0.0000210
2548.93755912781;0.0000000;0.0000210;-2.339768E-06;-5.451305E-06;-0.07447235;-0.07129198;-0.0000210
2550.00019073486;0.0000000;-0.0000387;4.311859E-06;-2.539235E-05;-0.07258257;-0.06619925;0.0000387
2551.06258392334;0.0000000;-0.0000388;4.323E-06;-5.177537E-06;-0.07357275;-0.08470377;0.0000388
2552.1252155304;0.0000000;-0.0000388;4.323E-06;-2.017916E-06;-0.07370201;-0.1000512;0.0000388
2553.18760871887;0.0000000;-0.0000388;4.323E-06;-6.990857E-07;-0.07373307;-0.06803152;0.0000388
2554.25024032593;0.0000000;0.0000209;-2.328626E-06;4.165675E-05;-0.0767236;-0.06326948;-0.0000209
2555.3126335144;0.0000000;0.0000210;-2.339768E-06;-3.181899E-06;-0.07447556;-0.06195083;-0.0000210
2556.37502670288;0.0000000;0.0000210;-2.339768E-06;-1.240127E-06;-0.07459243;-0.07609018;-0.0000210
2557.43765830994;0.0000000;-0.0000387;4.311859E-06;-2.660583E-05;-0.07243354;-0.07385797;0.0000387
2558.50005149841;0.0000000;-0.0000983;1.095234E-05;-5.746083E-05;-0.06997436;-0.0719844;0.0000983
2559.56268310547;0.0000000;-0.0000388;4.323E-06;1.311158E-05;-0.07435808;-0.05677959;0.0000388
2560.62507629395;0.0000000;-0.0000388;4.323E-06;5.110162E-06;-0.07391635;-0.07601887;0.0000388
2561.687707901;0.0000000;-0.0000388;4.323E-06;1.770362E-06;-0.07370907;-0.07477152;0.0000388
2562.75010108948;0.0000000;-0.0000388;4.323E-06;6.899884E-07;-0.07362141;-0.09183859;0.0000388
2563.81273269653;0.0000000;-0.0000388;4.323E-06;2.390392E-07;-0.07356192;-0.07198542;0.0000388
2564.87512588501;0.0000000;-0.0000388;4.323E-06;9.316416E-08;-0.07352208;-0.07012109;0.0000388
2565.93775749207;0.0000000;-0.0000388;4.323E-06;3.227574E-08;-0.07348252;-0.07081454;0.0000388
2567.00015068054;0.0000000;-0.0000388;4.323E-06;1.257929E-08;-0.07344912;-0.06088949;0.0000388
2568.06254386902;0.0000000;0.0000209;-2.328626E-06;4.193358E-05;-0.07641336;-0.06059394;-0.0000209
2569.12517547607;0.0000000;0.0000209;-2.328626E-06;1.634337E-05;-0.07512164;-0.1096166;-0.0000209
2570.18756866455;0.0000000;0.0000209;-2.328626E-06;5.661989E-06;-0.0745948;-0.07799581;-0.0000209
2571.25020027161;0.0000000;0.0000209;-2.328626E-06;2.206728E-06;-0.07443547;-0.08719023;-0.0000209
2572.31259346008;0.0000000;0.0000209;-2.328626E-06;7.644976E-07;-0.07438131;-0.06608765;-0.0000209
2573.37522506714;0.0000000;0.0000209;-2.328626E-06;2.979586E-07;-0.07437487;-0.06283028;-0.0000209
2574.43761825562;0.0000000;0.0000209;-2.328626E-06;1.032246E-07;-0.07438454;-0.06821238;-0.0000209
2575.50024986267;0.0000000;0.0000209;-2.328626E-06;4.023121E-08;-0.07439878;-0.06103418;-0.0000209
2576.56264305115;0.0000000;0.0000209;-2.328626E-06;1.393768E-08;-0.07441705;-0.1008924;-0.0000209
2577.62503623962;0.0000000;0.0000209;-2.328626E-06;5.432129E-09;-0.07443405;-0.05539168;-0.0000209
2578.68766784668;0.0000000;0.0000209;-2.328626E-06;1.881904E-09;-0.0744535;-0.065171;-0.0000209
2579.75006103516;0.0000000;0.0000209;-2.328626E-06;7.334612E-10;-0.07447091;-0.05810338;-0.0000209
2580.81269264221;0.0000000;0.0000209;-2.328626E-06;2.540999E-10;-0.07449054;-0.07048384;-0.0000209
2581.87508583069;0.0000000;0.0000209;-2.328626E-06;9.903399E-11;-0.074508;-0.07425997;-0.0000209
2582.93771743774;0.0000000;-0.0000387;4.311859E-06;-2.613232E-05;-0.07231127;-0.0859098;0.0000387
2584.00011062622;0.0000000;0.0000209;-2.328626E-06;2.702306E-05;-0.07585917;-0.05989948;-0.0000209
2585.06274223328;0.0000000;0.0000209;-2.328626E-06;9.361853E-06;-0.07497525;-0.1048897;-0.0000209
2586.12513542175;0.0000000;0.0000209;-2.328626E-06;3.648729E-06;-0.07470042;-0.08067032;-0.0000209
2587.18752861023;0.0000000;0.0000209;-2.328626E-06;1.264064E-06;-0.07459803;-0.06216992;-0.0000209
2588.25016021729;0.0000000;0.0000209;-2.328626E-06;4.926617E-07;-0.07457601;-0.07810948;-0.0000209
2589.31255340576;0.0000000;-0.0000387;4.311859E-06;-4.168831E-05;-0.07158311;-0.08133274;0.0000387
2590.37518501282;0.0000000;-0.0000387;4.311859E-06;-1.624778E-05;-0.07285234;-0.09445208;0.0000387
2591.43757820129;0.0000000;-0.0000387;4.311859E-06;-5.628872E-06;-0.07335927;-0.09012514;0.0000387
2592.50020980835;0.0000000;0.0000805;-8.969112E-06;8.385773E-05;-0.07961421;-0.06663846;-0.0000805
2593.56260299683;0.0000000;0.0000805;-8.969112E-06;2.905162E-05;-0.0768859;-0.06817723;-0.0000805
2594.62523460388;0.0000000;0.0000210;-2.339768E-06;-1.802687E-05;-0.0736728;-0.06209655;-0.0000210
2595.68762779236;0.0000000;0.0000210;-2.339768E-06;-6.24522E-06;-0.07429527;-0.09236147;-0.0000210
2596.75025939941;0.0000000;0.0000210;-2.339768E-06;-2.434039E-06;-0.07450779;-0.04879841;-0.0000210
2597.81265258789;0.0000000;-0.0000387;4.311859E-06;-2.152568E-05;-0.07265742;-0.07674951;0.0000387
2598.87504577637;0.0000000;-0.0000388;4.323E-06;2.098691E-05;-0.07476135;-0.1025779;0.0000388
2599.93767738342;0.0000000;-0.0000388;4.323E-06;7.270692E-06;-0.0740232;-0.05396039;0.0000388
2601.0000705719;0.0000000;-0.0000388;4.323E-06;2.833711E-06;-0.07376382;-0.0689833;0.0000388
2602.06270217896;0.0000000;0.0000209;-2.328626E-06;2.715792E-05;-0.07585271;-0.06883348;-0.0000209
2603.12509536743;0.0000000;0.0000209;-2.328626E-06;1.058464E-05;-0.07502227;-0.06055778;-0.0000209
2604.18772697449;0.0000000;0.0000209;-2.328626E-06;3.666939E-06;-0.07468799;-0.07158547;-0.0000209
2605.25012016296;0.0000000;0.0000209;-2.328626E-06;1.429169E-06;-0.07459095;-0.07869235;-0.0000209
2606.31275177002;0.0000000;0.0000209;-2.328626E-06;4.951203E-07;-0.07456279;-0.04374083;-0.0000209
2607.3751449585;0.0000000;-0.0000387;4.311859E-06;-2.593939E-05;-0.07234843;-0.08213984;0.0000387
2608.43753814697;0.0000000;-0.0000387;4.311859E-06;-8.986426E-06;-0.07317939;-0.08392873;0.0000387
2609.50016975403;0.0000000;-0.0000387;4.311859E-06;-3.502409E-06;-0.07342765;-0.07579978;0.0000387
2610.5625629425;0.0000000;0.0000209;-2.328626E-06;3.186039E-05;-0.07606746;-0.05334135;-0.0000209
2611.62519454956;0.0000000;0.0000209;-2.328626E-06;1.241741E-05;-0.07509019;-0.05986125;-0.0000209
2612.68758773804;0.0000000;0.0000209;-2.328626E-06;4.301879E-06;-0.07469463;-0.09246998;-0.0000209
2613.75021934509;0.0000000;-0.0000387;4.311859E-06;-2.772227E-05;-0.07220051;-0.07722901;0.0000387
2614.81261253357;0.0000000;-0.0000387;4.311859E-06;-9.604087E-06;-0.0730911;-0.05828425;0.0000387
2615.87524414063;0.0000000;-0.0000387;4.311859E-06;-3.743139E-06;-0.07335865;-0.05315946;0.0000387
2616.9376373291;0.0000000;-0.0000387;4.311859E-06;-1.296771E-06;-0.07344746;-0.07689626;0.0000387
2618.00003051758;0.0000000;0.0000805;-8.969112E-06;7.860473E-05;-0.07922447;-0.08261419;-0.0000805
2619.06266212463;0.0000000;0.0000210;-2.339768E-06;6.618632E-06;-0.07472689;-0.08594597;-0.0000210
2620.12505531311;0.0000000;0.0000210;-2.339768E-06;2.579574E-06;-0.07453778;-0.07623589;-0.0000210
2621.18768692017;0.0000000;-0.0000983;1.095234E-05;-6.714153E-05;-0.06925512;-0.09613141;0.0000983
2622.25008010864;0.0000000;-0.0000388;4.323E-06;2.672086E-05;-0.07481578;-0.06176585;0.0000388
2623.3127117157;0.0000000;-0.0000388;4.323E-06;9.25716E-06;-0.07388593;-0.09983315;0.0000388
2624.37510490417;0.0000000;0.0000805;-8.969112E-06;5.627457E-05;-0.07801928;-0.06286439;-0.0000805
2625.43773651123;0.0000000;0.0000805;-8.969112E-06;1.949573E-05;-0.07621326;-0.07462272;-0.0000805
2626.50012969971;0.0000000;0.0000210;-2.339768E-06;-2.175123E-05;-0.07329851;-0.08664455;-0.0000210
2627.56276130676;0.0000000;0.0000210;-2.339768E-06;-7.535482E-06;-0.07404549;-0.06422128;-0.0000210
2628.62515449524;0.0000000;0.0000210;-2.339768E-06;-2.936911E-06;-0.07429827;-0.05586809;-0.0000210
2629.68754768372;0.0000000;0.0000210;-2.339768E-06;-1.017462E-06;-0.0744162;-0.04736815;-0.0000210
2630.75017929077;0.0000000;0.0000210;-2.339768E-06;-3.9655E-07;-0.07446549;-0.07810844;-0.0000210
2631.81257247925;0.0000000;0.0000210;-2.339768E-06;-1.000417E-05;-0.07400608;-0.08832493;-0.0000210
2632.8752040863;0.0000000;0.0000210;-2.339768E-06;-3.899069E-06;-0.07433596;-0.08645958;-0.0000210
2633.93759727478;0.0000000;0.0000210;-2.339768E-06;-1.350791E-06;-0.07448605;-0.08334278;-0.0000210
2635.00022888184;0.0000000;0.0000210;-2.339768E-06;-5.264631E-07;-0.07454574;-0.06443933;-0.0000210
2636.06262207031;0.0000000;-0.0000387;4.311859E-06;-3.74528E-05;-0.0718141;-0.05436343;0.0000387
2637.12525367737;0.0000000;-0.0000387;4.311859E-06;-1.459702E-05;-0.0729511;-0.04652591;0.0000387
2638.18764686584;0.0000000;-0.0000387;4.311859E-06;-5.056982E-06;-0.07340281;-0.05480469;0.0000387
2639.25004005432;0.0000000;-0.0000387;4.311859E-06;-1.97093E-06;-0.07352839;-0.06612588;0.0000387
2640.31267166138;0.0000000;0.0000805;-8.969112E-06;4.732103E-05;-0.07778513;-0.08843448;-0.0000805
2641.37506484985;0.0000000;0.0000210;-2.339768E-06;-3.444578E-05;-0.07282841;-0.05554048;-0.0000210
2642.43769645691;0.0000000;0.0000210;-2.339768E-06;-1.193338E-05;-0.07399987;-0.07554143;-0.0000210
2643.50008964539;0.0000000;-0.0000387;4.311859E-06;-5.182134E-05;-0.07112698;-0.05725805;0.0000387
2644.56272125244;0.0000000;-0.0000387;4.311859E-06;-1.795295E-05;-0.07282334;-0.05832247;0.0000387
2645.62511444092;0.0000000;-0.0000387;4.311859E-06;-6.997062E-06;-0.07335154;-0.06151059;0.0000387
2646.68774604797;0.0000000;-0.0000387;4.311859E-06;-2.424058E-06;-0.07354916;-0.09957892;0.0000387
2647.75013923645;0.0000000;0.0000805;-8.969112E-06;4.551276E-05;-0.07774059;-0.07418352;-0.0000805
2648.81253242493;0.0000000;0.0000805;-8.969112E-06;1.576741E-05;-0.07629441;-0.09426504;-0.0000805
2649.87516403198;0.0000000;0.0000210;-2.339768E-06;-1.704453E-05;-0.07379878;-0.07008081;-0.0000210
2650.93755722046;0.0000000;-0.0000387;4.311859E-06;-3.535313E-05;-0.07200715;-0.09795854;0.0000387
2652.00018882751;0.0000000;-0.0000387;4.311859E-06;-1.377868E-05;-0.0730786;-0.06092464;0.0000387
2653.06258201599;0.0000000;-0.0000387;4.311859E-06;-4.773478E-06;-0.07350297;-0.09349309;0.0000387
2654.12521362305;0.0000000;0.0000209;-2.328626E-06;5.111734E-05;-0.07717218;-0.07590623;-0.0000209
2655.18760681152;0.0000000;0.0000805;-8.969112E-06;7.068684E-05;-0.07903509;-0.05183772;-0.0000805
2656.25023841858;0.0000000;0.0000805;-8.969112E-06;3.632028E-05;-0.07733167;-0.07473639;-0.0000805
2657.31263160706;0.0000000;0.0000210;-2.339768E-06;-1.129143E-05;-0.07408728;-0.08546853;-0.0000210
2658.37526321411;0.0000000;-0.0000387;4.311859E-06;-5.157114E-05;-0.07119434;-0.07909744;0.0000387
2659.43765640259;0.0000000;-0.0000387;4.311859E-06;-1.786628E-05;-0.07288235;-0.06667463;0.0000387
2660.50004959106;0.0000000;-0.0000387;4.311859E-06;-6.963281E-06;-0.07340786;-0.07422277;0.0000387
2661.56268119812;0.0000000;-0.0000387;4.311859E-06;-2.412355E-06;-0.07360435;-0.05784607;0.0000387
2662.6250743866;0.0000000;0.0000210;-2.339768E-06;6.607654E-06;-0.07493921;-0.06150957;-0.0000210
2663.68770599365;0.0000000;0.0000210;-2.339768E-06;2.289152E-06;-0.074738;-0.09411933;-0.0000210
2664.75009918213;0.0000000;0.0000210;-2.339768E-06;8.921838E-07;-0.07468406;-0.04341528;-0.0000210
2665.81273078918;0.0000000;0.0000210;-2.339768E-06;3.090877E-07;-0.07467394;-0.06553787;-0.0000210
2666.87512397766;0.0000000;0.0000210;-2.339768E-06;1.204651E-07;-0.07468183;-0.06264941;-0.0000210
2667.93775558472;0.0000000;0.0000210;-2.339768E-06;4.173387E-08;-0.0746975;-0.09213826;-0.0000210
2669.00014877319;0.0000000;0.0000210;-2.339768E-06;1.626554E-08;-0.07471374;-0.08001203;-0.0000210
2670.06254196167;0.0000000;0.0000210;-2.339768E-06;5.635025E-09;-0.07473291;-0.06231564;-0.0000210
2671.12517356873;0.0000000;0.0000210;-2.339768E-06;2.196219E-09;-0.07475024;-0.09192123;-0.0000210
2672.1875667572;0.0000000;0.0000210;-2.339768E-06;7.608569E-10;-0.0747699;-0.08125629;-0.0000210
2673.25019836426;0.0000000;0.0000210;-2.339768E-06;2.965397E-10;-0.07478741;-0.06491575;-0.0000210
2674.31259155273;0.0000000;0.0000210;-2.339768E-06;1.02733E-10;-0.07480714;-0.0916226;-0.0000210
2675.37522315979;0.0000000;0.0000210;-2.339768E-06;4.003961E-11;-0.07482468;-0.05641787;-0.0000210
2676.43761634827;0.0000000;0.0000210;-2.339768E-06;1.38713E-11;-0.07484441;-0.08121599;-0.0000210
2677.50024795532;0.0000000;0.0000210;-2.339768E-06;5.406261E-12;-0.07486195;-0.05839585;-0.0000210
2678.5626411438;0.0000000;0.0000210;-2.339768E-06;1.872941E-12;-0.07488169;-0.1027991;-0.0000210
2679.62503433228;0.0000000;0.0000210;-2.339768E-06;7.299684E-13;-0.07489923;-0.07982808;-0.0000210
2680.68766593933;0.0000000;0.0000210;-2.339768E-06;-5.87654E-06;-0.07462453;-0.06737013;-0.0000210
2681.75005912781;0.0000000;0.0000805;-8.969112E-06;2.967471E-05;-0.07733261;-0.05766109;-0.0000805
2682.81269073486;0.0000000;0.0000210;-2.339768E-06;-1.906909E-05;-0.07404272;-0.06088641;-0.0000210
2683.87508392334;0.0000000;0.0000210;-2.339768E-06;-7.432069E-06;-0.07465561;-0.07363579;-0.0000210
2684.9377155304;0.0000000;0.0000210;-2.339768E-06;-2.574762E-06;-0.07492383;-0.04912601;-0.0000210
2686.00010871887;0.0000000;0.0000210;-2.339768E-06;-1.003499E-06;-0.07502175;-0.06246238;-0.0000210
2687.06274032593;0.0000000;-0.0000387;4.311859E-06;-4.751802E-05;-0.07181201;-0.06942149;0.0000387
2688.1251335144;0.0000000;-0.0000387;4.311859E-06;-1.851988E-05;-0.07326326;-0.05275437;0.0000387
2689.18776512146;0.0000000;-0.0000387;4.311859E-06;-6.416016E-06;-0.07384618;-0.0560138;0.0000387
2690.25015830994;0.0000000;-0.0000387;4.311859E-06;-2.500606E-06;-0.07401419;-0.0585798;0.0000387
2691.31255149841;0.0000000;0.0000209;-2.328626E-06;2.853259E-05;-0.07643872;-0.0522015;-0.0000209
2692.37518310547;0.0000000;0.0000209;-2.328626E-06;1.112042E-05;-0.07556535;-0.06326948;-0.0000209
2693.43757629395;0.0000000;0.0000209;-2.328626E-06;3.85255E-06;-0.07521316;-0.05253528;-0.0000209
2694.500207901;0.0000000;-0.0000983;1.095234E-05;-5.480102E-05;-0.07047725;-0.08448572;0.0000983
2695.56260108948;0.0000000;-0.0000983;1.095234E-05;-1.898523E-05;-0.07221729;-0.07652939;0.0000983
2696.62523269653;0.0000000;-0.0000388;4.323E-06;1.57904E-05;-0.07479852;-0.07088997;0.0000388
2697.68762588501;0.0000000;0.0000209;-2.328626E-06;4.739964E-05;-0.07723521;-0.06425641;-0.0000209
2698.75025749207;0.0000000;0.0000210;-2.339768E-06;7.460535E-06;-0.07522946;-0.08140303;-0.0000210
2699.81265068054;0.0000000;0.0000210;-2.339768E-06;2.584623E-06;-0.07499973;-0.06363018;-0.0000210
2700.87504386902;0.0000000;0.0000210;-2.339768E-06;1.007342E-06;-0.07493657;-0.05986125;-0.0000210
2701.93767547607;0.0000000;-0.0000387;4.311859E-06;-2.909924E-05;-0.07254136;-0.05073816;0.0000387
2703.00006866455;0.0000000;-0.0000387;4.311859E-06;-1.134127E-05;-0.07341755;-0.08532796;0.0000387
2704.06270027161;0.0000000;0.0000209;-2.328626E-06;4.904871E-05;-0.07731287;-0.04502434;-0.0000209
2705.12509346008;0.0000000;0.0000805;-8.969112E-06;7.209423E-05;-0.07935144;-0.06502838;-0.0000805
2706.18772506714;0.0000000;0.0000210;-2.339768E-06;-2.203607E-05;-0.07376441;-0.06872907;-0.0000210
2707.25011825562;0.0000000;0.0000210;-2.339768E-06;-8.588432E-06;-0.07446991;-0.1020654;-0.0000210
2708.31274986267;0.0000000;-0.0000387;4.311859E-06;-3.610463E-05;-0.07221344;-0.07777467;0.0000387
2709.37514305115;0.0000000;-0.0000388;4.323E-06;-9.490806E-06;-0.07353505;-0.05524802;0.0000388
2710.43753623962;0.0000000;-0.0000388;4.323E-06;-3.28799E-06;-0.07381595;-0.0848495;0.0000388
2711.50016784668;0.0000000;0.0000210;-2.339768E-06;3.019141E-05;-0.07636623;-0.08861739;-0.0000210
2712.56256103516;0.0000000;0.0000805;-8.969112E-06;4.96716E-05;-0.07824189;-0.1072294;-0.0000805
2713.62519264221;0.0000000;0.0000210;-2.339768E-06;-6.729288E-06;-0.07454567;-0.09521374;-0.0000210
2714.68758583069;0.0000000;0.0000210;-2.339768E-06;-2.33129E-06;-0.07479039;-0.07176428;-0.0000210
2715.75021743774;0.0000000;0.0000210;-2.339768E-06;-9.086073E-07;-0.07488071;-0.1000884;-0.0000210
2716.81261062622;0.0000000;0.0000210;-2.339768E-06;-3.147774E-07;-0.07493081;-0.06631086;-0.0000210
2717.87524223328;0.0000000;-0.0000387;4.311859E-06;-2.339042E-05;-0.07288066;-0.07931858;0.0000387
2718.93763542175;0.0000000;-0.0000387;4.311859E-06;-8.103363E-06;-0.0736264;-0.06099493;0.0000387
2720.00026702881;0.0000000;-0.0000387;4.311859E-06;-3.15824E-06;-0.0738471;-0.1023217;0.0000387
2721.06266021729;0.0000000;-0.0000387;4.311859E-06;-1.094139E-06;-0.07391636;-0.04026231;0.0000387
2722.12505340576;0.0000000;-0.0000387;4.311859E-06;-4.264344E-07;-0.07391822;-0.05817676;0.0000387
2723.18768501282;0.0000000;0.0000209;-2.328626E-06;2.925117E-05;-0.0762734;-0.0897593;-0.0000209
2724.25007820129;0.0000000;0.0000209;-2.328626E-06;1.140048E-05;-0.0753776;-0.08052976;-0.0000209
2725.31270980835;0.0000000;-0.0000387;4.311859E-06;-2.544933E-05;-0.07263877;-0.07510325;0.0000387
2726.37510299683;0.0000000;-0.0000387;4.311859E-06;-9.918733E-06;-0.07340101;-0.06484237;0.0000387
2727.43773460388;0.0000000;-0.0000387;4.311859E-06;-3.43624E-06;-0.07369632;-0.05344782;0.0000387
2728.50012779236;0.0000000;0.0000805;-8.969112E-06;5.496327E-05;-0.07840435;-0.1035349;-0.0000805
2729.56275939941;0.0000000;0.0000210;-2.339768E-06;-2.797091E-05;-0.07339011;-0.07198645;-0.0000210
2730.62515258789;0.0000000;0.0000210;-2.339768E-06;-1.09015E-05;-0.07428091;-0.0771546;-0.0000210
2731.68754577637;0.0000000;0.0000210;-2.339768E-06;-3.776711E-06;-0.07466513;-0.08931598;-0.0000210
2732.75017738342;0.0000000;-0.0000387;4.311859E-06;-2.473969E-05;-0.07272306;-0.07506399;0.0000387
2733.8125705719;0.0000000;-0.0000387;4.311859E-06;-8.570802E-06;-0.07351393;-0.07352316;0.0000387
2734.87520217896;0.0000000;-0.0000387;4.311859E-06;-3.340422E-06;-0.07374921;-0.095037;0.0000387
2735.93759536743;0.0000000;0.0000805;-8.969112E-06;6.499028E-05;-0.07894266;-0.07568715;-0.0000805
2737.00022697449;0.0000000;0.0000805;-8.969112E-06;2.532959E-05;-0.07698081;-0.09829438;-0.0000805
2738.06262016296;0.0000000;0.0000210;-2.339768E-06;-4.411372E-05;-0.07266296;-0.07506399;-0.0000210
2739.12525177002;0.0000000;0.0000210;-2.339768E-06;-1.719307E-05;-0.07405774;-0.09210209;-0.0000210
2740.1876449585;0.0000000;-0.0000387;4.311859E-06;-3.540459E-05;-0.07227109;-0.06444139;0.0000387
2741.25003814697;0.0000000;-0.0000387;4.311859E-06;-1.379874E-05;-0.07334414;-0.0929433;0.0000387
2742.31266975403;0.0000000;-0.0000387;4.311859E-06;-4.780427E-06;-0.07376916;-0.05993462;0.0000387
2743.3750629425;0.0000000;-0.0000387;4.311859E-06;-1.863144E-06;-0.0738861;-0.08510269;0.0000387
2744.43769454956;0.0000000;0.0000805;-8.969112E-06;7.846467E-05;-0.07968087;-0.08092868;-0.0000805
2745.50008773804;0.0000000;0.0000210;-2.339768E-06;4.492646E-06;-0.07508571;-0.06960646;-0.0000210
2746.56271934509;0.0000000;0.0000210;-2.339768E-06;1.556429E-06;-0.07495521;-0.08741137;-0.0000210
2747.62511253357;0.0000000;0.0000210;-2.339768E-06;6.066095E-07;-0.07492415;-0.07022653;-0.0000210
2748.68774414063;0.0000000;-0.0000387;4.311859E-06;-5.285651E-05;-0.07136517;-0.05198139;0.0000387
2749.7501373291;0.0000000;-0.0000387;4.311859E-06;-2.060053E-05;-0.07298309;-0.08100205;0.0000387
2750.81253051758;0.0000000;-0.0000387;4.311859E-06;-7.136836E-06;-0.07363554;-0.04092266;0.0000387
2751.87516212463;0.0000000;-0.0000387;4.311859E-06;-2.781541E-06;-0.07382607;-0.06022811;0.0000387
2752.93755531311;0.0000000;0.0000209;-2.328626E-06;3.624435E-05;-0.07664707;-0.09609833;-0.0000209
2754.00018692017;0.0000000;0.0000805;-8.969112E-06;4.025839E-05;-0.0777493;-0.06803358;-0.0000805
2755.06258010864;0.0000000;0.0000210;-2.339768E-06;-2.319847E-05;-0.07371911;-0.05652638;-0.0000210
2756.1252117157;0.0000000;0.0000210;-2.339768E-06;-9.041471E-06;-0.07446091;-0.05605203;-0.0000210
2757.18760490417;0.0000000;-0.0000387;4.311859E-06;-2.381475E-05;-0.07283148;-0.09305182;0.0000387
2758.25023651123;0.0000000;-0.0000387;4.311859E-06;-9.281666E-06;-0.07354269;-0.04857726;0.0000387
2759.31262969971;0.0000000;-0.0000387;4.311859E-06;-3.215535E-06;-0.07381669;-0.07041253;0.0000387
2760.37526130676;0.0000000;0.0000209;-2.328626E-06;5.172454E-05;-0.07743724;-0.07154724;-0.0000209
2761.43765449524;0.0000000;0.0000210;-2.339768E-06;-2.195467E-06;-0.07473086;-0.1073441;-0.0000210
2762.50004768372;0.0000000;0.0000210;-2.339768E-06;-8.556707E-07;-0.07481692;-0.04843155;-0.0000210
2763.56267929077;0.0000000;-0.0000387;4.311859E-06;-4.222566E-05;-0.07186416;-0.07261063;0.0000387
2764.62507247925;0.0000000;-0.0000387;4.311859E-06;-1.645721E-05;-0.07315017;-0.0830162;0.0000387
2765.6877040863;0.0000000;-0.0000387;4.311859E-06;-5.701427E-06;-0.0736641;-0.07752044;0.0000387
2766.75009727478;0.0000000;-0.0000387;4.311859E-06;-2.222099E-06;-0.0738098;-0.05018632;0.0000387
2767.81272888184;0.0000000;-0.0000387;4.311859E-06;-7.698227E-07;-0.07384778;-0.06360018;0.0000387
2768.87512207031;0.0000000;0.0000209;-2.328626E-06;5.267774E-05;-0.07739197;-0.05630935;-0.0000209
2769.93775367737;0.0000000;0.0000209;-2.328626E-06;1.824965E-05;-0.07565024;-0.099612;-0.0000209
2771.00014686584;0.0000000;0.0000209;-2.328626E-06;7.112696E-06;-0.0750979;-0.05333827;-0.0000209
2772.06254005432;0.0000000;-0.0000387;4.311859E-06;-1.818367E-05;-0.0729315;-0.07337848;0.0000387
2773.12517166138;0.0000000;-0.0000387;4.311859E-06;-7.086981E-06;-0.0734669;-0.06707869;0.0000387
2774.18756484985;0.0000000;-0.0000387;4.311859E-06;-2.45521E-06;-0.07366753;-0.08510269;0.0000387
2775.25019645691;0.0000000;-0.0000387;4.311859E-06;-9.56904E-07;-0.07371189;-0.08646164;0.0000387
2776.31258964539;0.0000000;-0.0000387;4.311859E-06;-3.315093E-07;-0.07370754;-0.0703371;0.0000387
2777.37522125244;0.0000000;-0.0000387;4.311859E-06;-1.292039E-07;-0.07368559;-0.06990098;0.0000387
2778.43761444092;0.0000000;-0.0000387;4.311859E-06;-4.476131E-08;-0.07365357;-0.07019448;0.0000387
2779.50024604797;0.0000000;-0.0000387;4.311859E-06;-1.744547E-08;-0.07362267;-0.09335046;0.0000387
2780.56263923645;0.0000000;-0.0000387;4.311859E-06;-6.043797E-09;-0.07358691;-0.07638676;0.0000387
2781.62503242493;0.0000000;0.0000209;-2.328626E-06;2.322641E-05;-0.07562882;-0.05817676;-0.0000209
2782.68766403198;0.0000000;0.0000209;-2.328626E-06;8.046543E-06;-0.07487186;-0.06696813;-0.0000209
2783.75005722046;0.0000000;-0.0000387;4.311859E-06;-4.395526E-05;-0.07138055;-0.06711487;0.0000387
2784.81268882751;0.0000000;-0.0000388;4.323E-06;8.262155E-06;-0.07398316;-0.07678775;0.0000388
2785.87508201599;0.0000000;-0.0000388;4.323E-06;3.220128E-06;-0.07369284;-0.04963962;0.0000388
2786.93771362305;0.0000000;0.0000805;-8.969112E-06;7.559398E-05;-0.07908203;-0.09099738;-0.0000805
2788.00010681152;0.0000000;0.0000805;-8.969112E-06;2.946232E-05;-0.07678912;-0.08213984;-0.0000805
2789.06273841858;0.0000000;0.0000210;-2.339768E-06;-2.693865E-05;-0.07311989;-0.05132515;-0.0000210
2790.12513160706;0.0000000;-0.0000387;4.311859E-06;-4.776959E-05;-0.07120949;-0.08961152;0.0000387
2791.18776321411;0.0000000;-0.0000387;4.311859E-06;-1.654927E-05;-0.07277039;-0.05920089;0.0000387
2792.25015640259;0.0000000;-0.0000387;4.311859E-06;-6.449986E-06;-0.07325477;-0.1044092;0.0000387
2793.31254959106;0.0000000;-0.0000387;4.311859E-06;-2.23453E-06;-0.07343409;-0.07876778;0.0000387
2794.37518119812;0.0000000;-0.0000387;4.311859E-06;-8.708953E-07;-0.07347156;-0.04982563;0.0000387
2795.4375743866;0.0000000;-0.0000387;4.311859E-06;-3.017125E-07;-0.07346436;-0.06872598;0.0000387
2796.50020599365;0.0000000;-0.0000387;4.311859E-06;-1.175907E-07;-0.07344149;-0.04367157;0.0000387
2797.56259918213;0.0000000;-0.0000387;4.311859E-06;-4.073807E-08;-0.07340909;-0.06000696;0.0000387
2798.62523078918;0.0000000;-0.0000387;4.311859E-06;-1.587743E-08;-0.07337806;-0.08671483;0.0000387
2799.68762397766;0.0000000;-0.0000387;4.311859E-06;-5.500569E-09;-0.07334226;-0.07044664;0.0000387
2800.75025558472;0.0000000;0.0000209;-2.328626E-06;5.297563E-05;-0.0768626;-0.07308807;-0.0000209
2801.81264877319;0.0000000;0.0000210;-2.339768E-06;1.060619E-05;-0.07472848;-0.06972012;-0.0000210
2802.87504196167;0.0000000;0.0000210;-2.339768E-06;4.133703E-06;-0.07441488;-0.09396949;-0.0000210
2803.93767356873;0.0000000;-0.0000387;4.311859E-06;-5.163459E-05;-0.07073795;-0.06066835;0.0000387
2805.0000667572;0.0000000;-0.0000387;4.311859E-06;-2.012429E-05;-0.0723177;-0.05139954;0.0000387
2806.06269836426;0.0000000;0.0000209;-2.328626E-06;3.023614E-05;-0.07571857;-0.06737116;-0.0000209
2807.12509155273;0.0000000;0.0000805;-8.969112E-06;5.887572E-05;-0.07804956;-0.09411933;-0.0000805
2808.18772315979;0.0000000;0.0000210;-2.339768E-06;-2.139188E-05;-0.07316553;-0.08935215;-0.0000210
2809.25011634827;0.0000000;0.0000210;-2.339768E-06;-8.337366E-06;-0.07385093;-0.06990098;-0.0000210
2810.31274795532;0.0000000;0.0000210;-2.339768E-06;-2.888392E-06;-0.07414941;-0.072684;-0.0000210
2811.3751411438;0.0000000;0.0000210;-2.339768E-06;-1.125734E-06;-0.07425709;-0.06404041;-0.0000210
2812.43753433228;0.0000000;0.0000210;-2.339768E-06;-3.899987E-07;-0.07431445;-0.119614;-0.0000210
2813.50016593933;0.0000000;0.0000210;-2.339768E-06;-1.519998E-07;-0.07434414;-0.07118552;-0.0000210
2814.56255912781;0.0000000;-0.0000387;4.311859E-06;-2.33204E-05;-0.07229143;-0.05249602;0.0000387
2815.62519073486;0.0000000;-0.0000387;4.311859E-06;-9.088993E-06;-0.07298721;-0.04875915;0.0000387
2816.68758392334;0.0000000;-0.0000387;4.311859E-06;-3.148785E-06;-0.07325477;-0.08696701;0.0000387
2817.7502155304;0.0000000;-0.0000387;4.311859E-06;-1.227221E-06;-0.07332078;-0.06143825;0.0000387
2818.81260871887;0.0000000;0.0000210;-2.339768E-06;1.668279E-05;-0.07510026;-0.08583848;-0.0000210
2819.87524032593;0.0000000;0.0000210;-2.339768E-06;-1.209694E-05;-0.07367646;-0.07294133;-0.0000210
2820.9376335144;0.0000000;0.0000210;-2.339768E-06;-4.190858E-06;-0.07410065;-0.07066471;-0.0000210
2822.00026512146;0.0000000;0.0000210;-2.339768E-06;-1.633363E-06;-0.07424902;-0.05598072;-0.0000210
2823.06265830994;0.0000000;-0.0000387;4.311859E-06;-4.773623E-05;-0.07106037;-0.06828575;0.0000387
2824.12505149841;0.0000000;-0.0000387;4.311859E-06;-1.860493E-05;-0.07251843;-0.07707711;0.0000387
2825.18768310547;0.0000000;0.0000805;-8.969112E-06;7.177053E-05;-0.07882728;-0.08759119;-0.0000805
2826.25007629395;0.0000000;0.0000805;-8.969112E-06;2.797216E-05;-0.07665373;-0.05989742;-0.0000805
2827.312707901;0.0000000;0.0000210;-2.339768E-06;-3.20981E-05;-0.07280299;-0.07114112;-0.0000210
2828.37510108948;0.0000000;0.0000210;-2.339768E-06;-1.251005E-05;-0.07382264;-0.1003106;-0.0000210
2829.43773269653;0.0000000;-0.0000387;4.311859E-06;-3.746324E-05;-0.07169731;-0.06476796;0.0000387
2830.50012588501;0.0000000;-0.0000387;4.311859E-06;-1.460109E-05;-0.07283464;-0.05887226;0.0000387
2831.56275749207;0.0000000;-0.0000387;4.311859E-06;-5.058392E-06;-0.07328651;-0.04333677;0.0000387
2832.62515068054;0.0000000;-0.0000387;4.311859E-06;-1.97148E-06;-0.07341214;-0.07411529;0.0000387
2833.68754386902;0.0000000;-0.0000387;4.311859E-06;-6.829983E-07;-0.07344173;-0.07444084;0.0000387
2834.75017547607;0.0000000;-0.0000387;4.311859E-06;-2.661947E-07;-0.07343075;-0.08499418;0.0000387
2835.81256866455;0.0000000;-0.0000387;4.311859E-06;-9.222035E-08;-0.07340332;-0.052897;0.0000387
2836.87520027161;0.0000000;0.0000209;-2.328626E-06;2.319282E-05;-0.07544792;-0.04733301;-0.0000209
2837.93759346008;0.0000000;0.0000209;-2.328626E-06;8.034906E-06;-0.07469206;-0.1094637;-0.0000209
2839.00022506714;0.0000000;-0.0000387;4.311859E-06;-2.30008E-05;-0.07224229;-0.04949494;0.0000387
2840.06261825562;0.0000000;-0.0000387;4.311859E-06;-7.968384E-06;-0.07297502;-0.08509961;0.0000387
2841.12524986267;0.0000000;-0.0000387;4.311859E-06;-3.105633E-06;-0.07319149;-0.06696709;0.0000387
2842.18764305115;0.0000000;0.0000209;-2.328626E-06;1.957187E-05;-0.0752072;-0.08213572;-0.0000209
2843.25003623962;0.0000000;0.0000209;-2.328626E-06;7.628028E-06;-0.07461361;-0.08979033;-0.0000209
2844.31266784668;0.0000000;0.0000209;-2.328626E-06;2.64265E-06;-0.07437818;-0.07594961;-0.0000209
2845.37506103516;0.0000000;0.0000209;-2.328626E-06;1.029958E-06;-0.07431311;-0.06041206;-0.0000209
2846.43769264221;0.0000000;0.0000209;-2.328626E-06;3.56818E-07;-0.07429831;-0.05879683;-0.0000209
2847.50008583069;0.0000000;0.0000209;-2.328626E-06;1.390678E-07;-0.07430461;-0.07605401;-0.0000209
2848.56271743774;0.0000000;0.0000209;-2.328626E-06;4.817857E-08;-0.07431959;-0.063378;-0.0000209
2849.62511062622;0.0000000;0.0000209;-2.328626E-06;1.877733E-08;-0.07433552;-0.07356241;-0.0000209
2850.68774223328;0.0000000;0.0000209;-2.328626E-06;6.505207E-09;-0.07435451;-0.08689673;-0.0000209
2851.75013542175;0.0000000;0.0000209;-2.328626E-06;2.535367E-09;-0.07437176;-0.0809297;-0.0000209
2852.81276702881;0.0000000;0.0000209;-2.328626E-06;8.783512E-10;-0.07439132;-0.07011595;-0.0000209
2853.87516021729;0.0000000;0.0000209;-2.328626E-06;3.423324E-10;-0.07440876;-0.08766766;-0.0000209
2854.93755340576;0.0000000;-0.0000387;4.311859E-06;-4.185887E-05;-0.07143234;-0.04729375;0.0000387
2856.00018501282;0.0000000;-0.0000387;4.311859E-06;-1.631426E-05;-0.07270689;-0.07462786;0.0000387
2857.06257820129;0.0000000;-0.0000387;4.311859E-06;-5.651902E-06;-0.07321604;-0.05978993;0.0000387
2858.12520980835;0.0000000;-0.0000387;4.311859E-06;-2.202797E-06;-0.0733602;-0.06620029;0.0000387
2859.18760299683;0.0000000;0.0000209;-2.328626E-06;2.246563E-05;-0.07547155;-0.0752128;-0.0000209
2860.25023460388;0.0000000;0.0000210;-2.339768E-06;-2.25735E-06;-0.07424428;-0.06697121;-0.0000210
2861.31262779236;0.0000000;0.0000210;-2.339768E-06;-7.820349E-07;-0.07433946;-0.07612532;-0.0000210
2862.37525939941;0.0000000;-0.0000387;4.311859E-06;-2.975302E-05;-0.07200017;-0.06751893;0.0000387
2863.43765258789;0.0000000;-0.0000387;4.311859E-06;-1.030762E-05;-0.07295865;-0.06444036;0.0000387
2864.50004577637;0.0000000;-0.0000387;4.311859E-06;-4.017336E-06;-0.07324816;-0.06616205;0.0000387
2865.56267738342;0.0000000;0.0000805;-8.969112E-06;5.12359E-05;-0.07779741;-0.08180504;-0.0000805
2866.6250705719;0.0000000;0.0000805;-8.969112E-06;1.99689E-05;-0.07626496;-0.0662716;-0.0000805
2867.68770217896;0.0000000;0.0000805;-8.969112E-06;6.918015E-06;-0.07567287;-0.06022502;-0.0000805
2868.75009536743;0.0000000;0.0000210;-2.339768E-06;-2.049353E-05;-0.07345352;-0.05000443;-0.0000210
2869.81272697449;0.0000000;-0.0000387;4.311859E-06;-3.654799E-05;-0.07177722;-0.08370963;0.0000387
2870.87512016296;0.0000000;-0.0000387;4.311859E-06;-1.424438E-05;-0.07288595;-0.1058405;0.0000387
2871.93775177002;0.0000000;-0.0000387;4.311859E-06;-4.934813E-06;-0.07332589;-0.08081501;0.0000387
2873.0001449585;0.0000000;-0.0000387;4.311859E-06;-1.923315E-06;-0.07344765;-0.06147133;0.0000387
2874.06253814697;0.0000000;0.0000209;-2.328626E-06;5.231146E-05;-0.07702808;-0.05788121;-0.0000209
2875.12516975403;0.0000000;0.0000209;-2.328626E-06;2.03881E-05;-0.07541233;-0.09096429;-0.0000209
2876.1875629425;0.0000000;0.0000209;-2.328626E-06;7.063241E-06;-0.07475025;-0.0518367;-0.0000209
2877.25019454956;0.0000000;-0.0000387;4.311859E-06;-3.910613E-05;-0.07155112;-0.08345643;0.0000387
2878.31258773804;0.0000000;-0.0000387;4.311859E-06;-1.35479E-05;-0.07282235;-0.08594288;0.0000387
2879.37521934509;0.0000000;-0.0000387;4.311859E-06;-5.280218E-06;-0.07321302;-0.07740884;0.0000387
2880.43761253357;0.0000000;-0.0000387;4.311859E-06;-1.829276E-06;-0.07335325;-0.09371423;0.0000387
2881.50024414063;0.0000000;-0.0000387;4.311859E-06;-7.129499E-07;-0.07337804;-0.08239304;0.0000387
2882.5626373291;0.0000000;-0.0000387;4.311859E-06;-2.469939E-07;-0.07336554;-0.04806262;0.0000387
2883.62526893616;0.0000000;0.0000209;-2.328626E-06;2.31325E-05;-0.07541497;-0.06708076;-0.0000209
2884.68766212463;0.0000000;0.0000209;-2.328626E-06;8.014011E-06;-0.07466114;-0.05037232;-0.0000209
2885.75005531311;0.0000000;0.0000209;-2.328626E-06;3.123415E-06;-0.07442837;-0.08932009;-0.0000209
2886.81268692017;0.0000000;-0.0000387;4.311859E-06;-2.214669E-05;-0.07226954;-0.1213357;0.0000387
2887.87508010864;0.0000000;-0.0000387;4.311859E-06;-8.631546E-06;-0.07292867;-0.05894563;0.0000387
2888.9377117157;0.0000000;-0.0000387;4.311859E-06;-2.990308E-06;-0.07318094;-0.08403724;0.0000387
2890.00010490417;0.0000000;-0.0000387;4.311859E-06;-1.165456E-06;-0.073242;-0.05308095;0.0000387
2891.06273651123;0.0000000;-0.0000387;4.311859E-06;-4.037598E-07;-0.07324466;-0.06246033;0.0000387
2892.12512969971;0.0000000;-0.0000387;4.311859E-06;-1.573631E-07;-0.07322495;-0.05854259;0.0000387
2893.18776130676;0.0000000;0.0000209;-2.328626E-06;5.292326E-05;-0.07674634;-0.06162013;-0.0000209
2894.25015449524;0.0000000;0.0000210;-2.339768E-06;1.700717E-05;-0.07493399;-0.066532;-0.0000210
2895.31254768372;0.0000000;0.0000210;-2.339768E-06;5.891952E-06;-0.07438505;-0.0820975;-0.0000210
2896.37517929077;0.0000000;0.0000210;-2.339768E-06;2.296355E-06;-0.07421863;-0.09184784;-0.0000210
2897.43757247925;0.0000000;0.0000210;-2.339768E-06;7.955479E-07;-0.07416155;-0.07085174;-0.0000210
2898.5002040863;0.0000000;0.0000210;-2.339768E-06;3.100603E-07;-0.07415425;-0.05898386;-0.0000210
2899.56259727478;0.0000000;0.0000210;-2.339768E-06;1.074171E-07;-0.0741636;-0.08393182;-0.0000210
2900.62522888184;0.0000000;0.0000210;-2.339768E-06;4.186521E-08;-0.07417776;-0.07733752;-0.0000210
2901.68762207031;0.0000000;0.0000210;-2.339768E-06;1.450376E-08;-0.07419609;-0.07052208;-0.0000210
2902.75025367737;0.0000000;0.0000210;-2.339768E-06;5.652759E-09;-0.07421315;-0.09895164;-0.0000210
2903.81264686584;0.0000000;0.0000210;-2.339768E-06;1.958339E-09;-0.07423268;-0.1059459;-0.0000210
2904.87504005432;0.0000000;0.0000210;-2.339768E-06;7.632514E-10;-0.07425015;-0.09367806;-0.0000210
2905.93767166138;0.0000000;0.0000210;-2.339768E-06;2.644204E-10;-0.07426986;-0.08045021;-0.0000210
2907.00006484985;0.0000000;0.0000210;-2.339768E-06;1.030563E-10;-0.07428739;-0.08045124;-0.0000210
2908.06269645691;0.0000000;0.0000210;-2.339768E-06;3.570278E-11;-0.07430713;-0.09740978;-0.0000210
2909.12508964539;0.0000000;0.0000210;-2.339768E-06;1.391495E-11;-0.07432466;-0.07491931;-0.0000210
2910.18772125244;0.0000000;0.0000210;-2.339768E-06;4.820689E-12;-0.0743444;-0.09869226;-0.0000210
2911.25011444092;0.0000000;-0.0000387;4.311859E-06;-2.944823E-05;-0.07198069;-0.05466104;0.0000387
2912.31274604797;0.0000000;0.0000209;-2.328626E-06;3.688933E-05;-0.07618652;-0.06077686;-0.0000209
2913.37513923645;0.0000000;0.0000805;-8.969112E-06;5.16099E-05;-0.07782408;-0.07037637;-0.0000805
2914.43777084351;0.0000000;0.0000210;-2.339768E-06;-2.733442E-06;-0.07422909;-0.06447551;-0.0000210
2915.50016403198;0.0000000;0.0000210;-2.339768E-06;-1.065344E-06;-0.07433195;-0.1072697;-0.0000210
2916.56255722046;0.0000000;0.0000210;-2.339768E-06;-3.69077E-07;-0.0743873;-0.07231817;-0.0000210
2917.62518882751;0.0000000;0.0000210;-2.339768E-06;-1.438456E-07;-0.07441635;-0.05762594;-0.0000210
2918.68758201599;0.0000000;0.0000210;-2.339768E-06;-4.98338E-08;-0.07444088;-0.05711851;-0.0000210
2919.75021362305;0.0000000;-0.0000387;4.311859E-06;-4.718979E-05;-0.07119697;-0.06543244;0.0000387
2920.81260681152;0.0000000;0.0000209;-2.328626E-06;1.30505E-05;-0.07511572;-0.08667661;-0.0000209
2921.87523841858;0.0000000;0.0000210;-2.339768E-06;-6.700348E-08;-0.0744697;-0.06451374;-0.0000210
2922.93763160706;0.0000000;0.0000210;-2.339768E-06;-2.321265E-08;-0.07449166;-0.07972162;-0.0000210
2924.00026321411;0.0000000;0.0000210;-2.339768E-06;-9.047E-09;-0.07450992;-0.07550217;-0.0000210
2925.06265640259;0.0000000;0.0000210;-2.339768E-06;-3.134237E-09;-0.07452992;-0.04568572;-0.0000210
2926.12504959106;0.0000000;-0.0000387;4.311859E-06;-3.727164E-05;-0.07177857;-0.09077932;0.0000387
2927.18768119812;0.0000000;-0.0000387;4.311859E-06;-1.291236E-05;-0.07298845;-0.07022859;0.0000387
2928.2500743866;0.0000000;0.0000805;-8.969112E-06;0.000100923;-0.08046421;-0.07817668;-0.0000805
2929.31270599365;0.0000000;0.0000805;-8.969112E-06;3.496372E-05;-0.07716531;-0.06495398;-0.0000805
2930.37509918213;0.0000000;0.0000210;-2.339768E-06;-9.562877E-06;-0.07407036;-0.07829034;-0.0000210
2931.43773078918;0.0000000;-0.0000387;4.311859E-06;-3.276119E-05;-0.07202859;-0.06224226;0.0000387
2932.50012397766;0.0000000;-0.0000388;4.323E-06;-9.908737E-06;-0.07315774;-0.06715208;0.0000388
2933.56275558472;0.0000000;-0.0000388;4.323E-06;-3.432777E-06;-0.0734526;-0.04557412;0.0000388
2934.62514877319;0.0000000;-0.0000388;4.323E-06;-1.337906E-06;-0.07352738;-0.09331532;0.0000388
2935.68754196167;0.0000000;0.0000209;-2.328626E-06;2.898473E-05;-0.07591693;-0.08840138;-0.0000209
2936.75017356873;0.0000000;0.0000209;-2.328626E-06;1.129663E-05;-0.07502946;-0.07385489;-0.0000209
2937.8125667572;0.0000000;0.0000209;-2.328626E-06;3.913599E-06;-0.07467136;-0.09236147;-0.0000209
2938.87519836426;0.0000000;-0.0000387;4.311859E-06;-3.568268E-05;-0.07180229;-0.07121449;0.0000387
2939.93759155273;0.0000000;-0.0000387;4.311859E-06;-1.236189E-05;-0.07295904;-0.05484189;0.0000387
2941.00022315979;0.0000000;-0.0000387;4.311859E-06;-4.817976E-06;-0.0733127;-0.06044926;0.0000387
2942.06261634827;0.0000000;-0.0000387;4.311859E-06;-1.669137E-06;-0.07343746;-0.1020292;0.0000387
2943.12524795532;0.0000000;-0.0000387;4.311859E-06;-6.505365E-07;-0.07345727;-0.07433232;0.0000387
2944.1876411438;0.0000000;0.0000210;-2.339768E-06;-6.334118E-06;-0.07406074;-0.06938531;-0.0000210
2945.25027275085;0.0000000;0.0000210;-2.339768E-06;-9.39845E-06;-0.07393389;-0.08250259;-0.0000210
2946.31266593933;0.0000000;0.0000210;-2.339768E-06;-3.255994E-06;-0.07426787;-0.09140865;-0.0000210
2947.37505912781;0.0000000;-0.0000388;4.323E-06;-3.032647E-05;-0.07202438;-0.06623645;0.0000388
2948.43769073486;0.0000000;-0.0000388;4.323E-06;-1.050629E-05;-0.07300194;-0.05326901;0.0000388
2949.50008392334;0.0000000;-0.0000388;4.323E-06;-4.094765E-06;-0.07329758;-0.07781393;0.0000388
2950.5627155304;0.0000000;-0.0000388;4.323E-06;-1.418588E-06;-0.07339805;-0.05927735;0.0000388
2951.62510871887;0.0000000;0.0000209;-2.328626E-06;3.671753E-05;-0.07617892;-0.07055928;-0.0000209
2952.68774032593;0.0000000;0.0000805;-8.969112E-06;5.981176E-05;-0.07822838;-0.08481332;-0.0000805
2953.7501335144;0.0000000;0.0000210;-2.339768E-06;-6.038282E-06;-0.07405493;-0.07780775;-0.0000210
2954.81276512146;0.0000000;0.0000210;-2.339768E-06;-2.091899E-06;-0.07427654;-0.09825614;-0.0000210
2955.87515830994;0.0000000;-0.0000387;4.311859E-06;-3.026353E-05;-0.07197813;-0.07524691;0.0000387
2956.93755149841;0.0000000;-0.0000387;4.311859E-06;-1.048448E-05;-0.07295369;-0.08162212;0.0000387
2958.00018310547;0.0000000;-0.0000387;4.311859E-06;-4.086267E-06;-0.07324874;-0.07524794;0.0000387
2959.06257629395;0.0000000;0.0000805;-8.969112E-06;5.779048E-05;-0.07812443;-0.07458656;-0.0000805
2960.125207901;0.0000000;0.0000805;-8.969112E-06;2.252351E-05;-0.07638735;-0.07143975;-0.0000805
2961.18760108948;0.0000000;0.0000805;-8.969112E-06;7.803032E-06;-0.07570983;-0.09821998;-0.0000805
2962.25023269653;0.0000000;0.0000210;-2.339768E-06;-2.997708E-05;-0.07297867;-0.06605457;-0.0000210
2963.31262588501;0.0000000;0.0000210;-2.339768E-06;-1.038524E-05;-0.07400069;-0.04809983;-0.0000210
2964.37525749207;0.0000000;0.0000210;-2.339768E-06;-4.04759E-06;-0.07434244;-0.1060978;-0.0000210
2965.43765068054;0.0000000;-0.0000387;4.311859E-06;-2.466999E-05;-0.07241999;-0.04249349;0.0000387
2966.50004386902;0.0000000;-0.0000387;4.311859E-06;-9.614987E-06;-0.07315791;-0.08642238;0.0000387
2967.56267547607;0.0000000;0.0000209;-2.328626E-06;3.387698E-05;-0.07620738;-0.06795712;-0.0000209
2968.62506866455;0.0000000;0.0000805;-8.969112E-06;4.627712E-05;-0.07772622;-0.07396752;-0.0000805
2969.68770027161;0.0000000;0.0000210;-2.339768E-06;-1.005629E-05;-0.07404184;-0.09323679;-0.0000210
2970.75009346008;0.0000000;0.0000210;-2.339768E-06;-3.919383E-06;-0.07437333;-0.06641834;-0.0000210
2971.81272506714;0.0000000;0.0000210;-2.339768E-06;-1.357829E-06;-0.07452408;-0.05557459;-0.0000210
2972.87511825562;0.0000000;0.0000210;-2.339768E-06;-5.292061E-07;-0.07458399;-0.08518121;-0.0000210
2973.93774986267;0.0000000;0.0000210;-2.339768E-06;-1.833378E-07;-0.07462141;-0.06007931;-0.0000210
2975.00014305115;0.0000000;0.0000210;-2.339768E-06;-7.145488E-08;-0.07464468;-0.07356756;-0.0000210
2976.0627746582;0.0000000;0.0000210;-2.339768E-06;-2.475479E-08;-0.07466679;-0.1080014;-0.0000210
2977.12516784668;0.0000000;0.0000210;-2.339768E-06;-9.648038E-09;-0.07468508;-0.06253781;-0.0000210
2978.18756103516;0.0000000;-0.0000388;4.323E-06;-1.814377E-05;-0.072876;-0.05704205;0.0000388
2979.25019264221;0.0000000;-0.0000388;4.323E-06;-7.071433E-06;-0.07341007;-0.06770391;0.0000388
2980.31258583069;0.0000000;0.0000805;-8.969112E-06;6.267669E-05;-0.07868364;-0.07744603;-0.0000805
2981.37521743774;0.0000000;0.0000805;-8.969112E-06;2.907108E-05;-0.07702536;-0.07956974;-0.0000805
2982.43761062622;0.0000000;0.0000210;-2.339768E-06;-1.054178E-05;-0.07418399;-0.08356495;-0.0000210
2983.50024223328;0.0000000;0.0000210;-2.339768E-06;-4.1086E-06;-0.07453064;-0.09015925;-0.0000210
2984.56263542175;0.0000000;-0.0000388;4.323E-06;-1.752505E-05;-0.07296297;-0.06975115;0.0000388
2985.62526702881;0.0000000;-0.0000983;1.095234E-05;-4.861904E-05;-0.0704867;-0.08752194;0.0000983
2986.68766021729;0.0000000;-0.0000388;4.323E-06;6.346236E-06;-0.07409059;-0.09448516;0.0000388
2987.75005340576;0.0000000;0.0000805;-8.969112E-06;8.16028E-05;-0.07962509;-0.06627262;-0.0000805
2988.81268501282;0.0000000;0.0000805;-8.969112E-06;2.827043E-05;-0.07697219;-0.08363524;-0.0000805
2989.87507820129;0.0000000;0.0000210;-2.339768E-06;-3.599411E-05;-0.07290469;-0.1056214;-0.0000210
2990.93770980835;0.0000000;0.0000210;-2.339768E-06;-1.246978E-05;-0.07412791;-0.0731635;-0.0000210
2992.00010299683;0.0000000;0.0000210;-2.339768E-06;-4.860025E-06;-0.07453474;-0.05216739;-0.0000210
2993.06273460388;0.0000000;-0.0000387;4.311859E-06;-3.481297E-05;-0.07215363;-0.0744398;0.0000387
2994.12512779236;0.0000000;-0.0000387;4.311859E-06;-1.356816E-05;-0.07320822;-0.09470014;0.0000387
2995.18775939941;0.0000000;0.0000209;-2.328626E-06;3.715844E-05;-0.0766216;-0.08363626;-0.0000209
2996.25015258789;0.0000000;0.0000805;-8.969112E-06;4.388119E-05;-0.07785618;-0.09114619;-0.0000805
2997.31254577637;0.0000000;0.0000210;-2.339768E-06;-3.181017E-05;-0.07321247;-0.07411014;-0.0000210
2998.37517738342;0.0000000;0.0000210;-2.339768E-06;-1.239783E-05;-0.07422314;-0.09250718;-0.0000210
2999.4375705719;0.0000000;0.0000210;-2.339768E-06;-4.295099E-06;-0.07465739;-0.06370664;-0.0000210
3000.50020217896;0.0000000;0.0000210;-2.339768E-06;-1.67399E-06;-0.074809;-0.09924514;-0.0000210
3001.56259536743;0.0000000;0.0000210;-2.339768E-06;-5.799363E-07;-0.07488469;-0.08103513;-0.0000210
3002.62522697449;0.0000000;0.0000210;-2.339768E-06;-2.260269E-07;-0.07492033;-0.06993613;-0.0000210
3003.68762016296;0.0000000;0.0000210;-2.339768E-06;-7.830462E-08;-0.07494761;-0.06345034;-0.0000210
3004.75025177002;0.0000000;-0.0000387;4.311859E-06;-2.620672E-05;-0.07274752;-0.08023112;0.0000387
3005.8126449585;0.0000000;-0.0000387;4.311859E-06;-9.079041E-06;-0.07358744;-0.07832342;0.0000387
3006.87527656555;0.0000000;0.0000805;-8.969112E-06;6.829199E-05;-0.07924121;-0.08385947;-0.0000805
3007.93766975403;0.0000000;0.0000805;-8.969112E-06;2.365903E-05;-0.07703336;-0.08447852;-0.0000805
3009.0000629425;0.0000000;0.0000210;-2.339768E-06;-2.01286E-05;-0.07398861;-0.07363785;-0.0000210
3010.06269454956;0.0000000;-0.0000387;4.311859E-06;-4.890256E-05;-0.07168026;-0.08462732;0.0000387
3011.12508773804;0.0000000;-0.0000983;1.095234E-05;-5.213326E-05;-0.0706157;-0.0575164;0.0000983
3012.18771934509;0.0000000;-0.0000388;4.323E-06;1.908454E-05;-0.07502622;-0.07176838;0.0000388
3013.25011253357;0.0000000;-0.0000388;4.323E-06;7.438091E-06;-0.074398;-0.0760199;0.0000388
3014.31274414063;0.0000000;-0.0000388;4.323E-06;2.576848E-06;-0.07411288;-0.07308807;0.0000388
3015.3751373291;0.0000000;0.0000209;-2.328626E-06;3.413357E-05;-0.07656337;-0.07532131;-0.0000209
3016.43776893616;0.0000000;0.0000209;-2.328626E-06;1.182522E-05;-0.07544171;-0.06136179;-0.0000209
3017.50016212463;0.0000000;-0.0000983;1.095234E-05;-7.969053E-05;-0.0690681;-0.07656762;0.0000983
3018.56255531311;0.0000000;-0.0000388;4.323E-06;-4.41815E-06;-0.07371088;-0.08250053;0.0000388
3019.62518692017;0.0000000;-0.0000388;4.323E-06;-1.721949E-06;-0.07381645;-0.09386303;0.0000388
3020.68758010864;0.0000000;-0.0000388;4.323E-06;-5.965509E-07;-0.07383759;-0.06249444;0.0000388
3021.7502117157;0.0000000;-0.0000388;4.323E-06;-2.325023E-07;-0.07382383;-0.06473591;0.0000388
3022.81260490417;0.0000000;-0.0000388;4.323E-06;-8.054797E-08;-0.07379518;-0.06129047;0.0000388
3023.87523651123;0.0000000;-0.0000388;4.323E-06;-3.139311E-08;-0.07376532;-0.08180606;0.0000388
3024.93762969971;0.0000000;-0.0000388;4.323E-06;-1.087581E-08;-0.07372994;-0.07231919;0.0000388
3026.00026130676;0.0000000;-0.0000388;4.323E-06;-4.238786E-09;-0.07369788;-0.08462422;0.0000388
3027.06265449524;0.0000000;-0.0000388;4.323E-06;-1.468483E-09;-0.07366162;-0.0808925;0.0000388
3028.12504768372;0.0000000;-0.0000388;4.323E-06;-5.723328E-10;-0.0736293;-0.07422689;0.0000388
3029.18767929077;0.0000000;-0.0000388;4.323E-06;-1.982787E-10;-0.07359289;-0.07477462;0.0000388
3030.25007247925;0.0000000;-0.0000388;4.323E-06;-7.727799E-11;-0.07356053;-0.08546853;0.0000388
3031.3127040863;0.0000000;-0.0000388;4.323E-06;-2.677214E-11;-0.07352411;-0.0467822;0.0000388
3032.37509727478;0.0000000;0.0000209;-2.328626E-06;2.944822E-05;-0.07587296;-0.05396451;-0.0000209
3033.43772888184;0.0000000;0.0000209;-2.328626E-06;1.020202E-05;-0.07490796;-0.07942505;-0.0000209
3034.50012207031;0.0000000;0.0000209;-2.328626E-06;3.976182E-06;-0.07460688;-0.05040953;-0.0000209
3035.56275367737;0.0000000;0.0000209;-2.328626E-06;1.377506E-06;-0.07449354;-0.06854101;-0.0000209
3036.62514686584;0.0000000;-0.0000387;4.311859E-06;-2.886203E-05;-0.07209073;-0.0820675;0.0000387
3037.6877784729;0.0000000;-0.0000387;4.311859E-06;-9.998944E-06;-0.07301943;-0.06825369;0.0000387
3038.75017166138;0.0000000;-0.0000387;4.311859E-06;-3.897032E-06;-0.07329931;-0.08506961;0.0000387
3039.81256484985;0.0000000;0.0000209;-2.328626E-06;4.05089E-05;-0.07638932;-0.07235537;-0.0000209
3040.87519645691;0.0000000;0.0000209;-2.328626E-06;1.578811E-05;-0.07514206;-0.06630571;-0.0000209
3041.93758964539;0.0000000;0.0000209;-2.328626E-06;5.469625E-06;-0.07463379;-0.05022558;-0.0000209
3043.00022125244;0.0000000;0.0000209;-2.328626E-06;2.131755E-06;-0.07448046;-0.07367402;-0.0000209
3044.06261444092;0.0000000;-0.0000387;4.311859E-06;-4.112046E-05;-0.07143275;-0.06839735;0.0000387
3045.12524604797;0.0000000;-0.0000983;1.095234E-05;-6.311783E-05;-0.06942673;-0.06304833;0.0000983
3046.18763923645;0.0000000;-0.0000388;4.323E-06;1.323287E-06;-0.0735154;-0.07345597;0.0000388
3047.25027084351;0.0000000;0.0000209;-2.328626E-06;3.778616E-05;-0.07621068;-0.04835714;-0.0000209
3048.31266403198;0.0000000;0.0000209;-2.328626E-06;1.309061E-05;-0.07496687;-0.05704;-0.0000209
3049.37505722046;0.0000000;0.0000209;-2.328626E-06;5.101993E-06;-0.0745756;-0.05088799;-0.0000209
3050.43768882751;0.0000000;0.0000209;-2.328626E-06;1.767531E-06;-0.07442464;-0.1048546;-0.0000209
3051.50008201599;0.0000000;-0.0000387;4.311859E-06;-2.544347E-05;-0.07217055;-0.06140208;0.0000387
3052.56271362305;0.0000000;-0.0000387;4.311859E-06;-8.814623E-06;-0.07298495;-0.07917081;0.0000387
3053.62510681152;0.0000000;-0.0000387;4.311859E-06;-3.435449E-06;-0.07322785;-0.0549535;0.0000387
3054.68773841858;0.0000000;-0.0000387;4.311859E-06;-1.190175E-06;-0.07330639;-0.07561583;0.0000387
3055.75013160706;0.0000000;0.0000805;-8.969112E-06;8.848647E-05;-0.07956483;-0.04663648;-0.0000805
3056.81276321411;0.0000000;0.0000210;-2.339768E-06;1.004206E-05;-0.07473684;-0.1113734;-0.0000210
3057.87515640259;0.0000000;0.0000210;-2.339768E-06;3.913835E-06;-0.07444086;-0.08367347;-0.0000210
3058.93754959106;0.0000000;-0.0000387;4.311859E-06;-3.591451E-05;-0.07156073;-0.1014432;0.0000387
3060.00018119812;0.0000000;-0.0000387;4.311859E-06;-1.399748E-05;-0.07264972;-0.1016644;0.0000387
3061.0625743866;0.0000000;-0.0000387;4.311859E-06;-4.849278E-06;-0.0730814;-0.0682134;0.0000387
3062.12520599365;0.0000000;-0.0000387;4.311859E-06;-1.889979E-06;-0.07320051;-0.09349309;0.0000387
3063.18759918213;0.0000000;-0.0000387;4.311859E-06;-6.547631E-07;-0.07322737;-0.07264372;0.0000387
3064.25023078918;0.0000000;0.0000209;-2.328626E-06;2.297357E-05;-0.07528954;-0.08330866;-0.0000209
3065.31262397766;0.0000000;0.0000209;-2.328626E-06;7.958951E-06;-0.07454102;-0.0652454;-0.0000209
3066.37525558472;0.0000000;0.0000209;-2.328626E-06;3.101956E-06;-0.07430998;-0.07183868;-0.0000209
3067.43764877319;0.0000000;0.0000209;-2.328626E-06;1.07464E-06;-0.07422588;-0.0566721;-0.0000209
3068.50028038025;0.0000000;-0.0000387;4.311859E-06;-2.898007E-05;-0.07183253;-0.09400875;0.0000387
3069.56267356873;0.0000000;-0.0000387;4.311859E-06;-1.003984E-05;-0.07276517;-0.06630571;0.0000387
3070.6250667572;0.0000000;-0.0000387;4.311859E-06;-3.91297E-06;-0.0730463;-0.100786;0.0000387
3071.68769836426;0.0000000;-0.0000387;4.311859E-06;-1.355607E-06;-0.07314081;-0.04641636;0.0000387
3072.75009155273;0.0000000;0.0000210;-2.339768E-06;3.617728E-05;-0.07589089;-0.07161959;-0.0000210
3073.81272315979;0.0000000;0.0000210;-2.339768E-06;-1.974251E-05;-0.0730994;-0.08491875;-0.0000210
3074.87511634827;0.0000000;0.0000210;-2.339768E-06;-1.875158E-05;-0.07318626;-0.05579471;-0.0000210
3075.93774795532;0.0000000;-0.0000387;4.311859E-06;-4.84255E-05;-0.07083185;-0.1086276;0.0000387
3077.0001411438;0.0000000;-0.0000983;1.095234E-05;-6.596492E-05;-0.06905391;-0.07385797;0.0000983
3078.06277275085;0.0000000;-0.0000983;1.095234E-05;-2.652155E-05;-0.07098576;-0.07363682;0.0000983
3079.12516593933;0.0000000;-0.0000388;4.323E-06;1.575189E-05;-0.07394437;-0.09441179;0.0000388
3080.18755912781;0.0000000;0.0000805;-8.969112E-06;7.05838E-05;-0.07845482;-0.08689982;-0.0000805
3081.25019073486;0.0000000;0.0000805;-8.969112E-06;3.273324E-05;-0.07657936;-0.06733602;-0.0000805
3082.31258392334;0.0000000;0.0000210;-2.339768E-06;-1.474843E-05;-0.07334783;-0.05924015;-0.0000210
3083.3752155304;0.0000000;0.0000210;-2.339768E-06;-5.748117E-06;-0.07382581;-0.06616617;-0.0000210
3084.43760871887;0.0000000;0.0000210;-2.339768E-06;-1.991374E-06;-0.07403772;-0.05282671;-0.0000210
3085.50024032593;0.0000000;0.0000210;-2.339768E-06;-7.761269E-07;-0.07411743;-0.1013378;-0.0000210
3086.5626335144;0.0000000;0.0000210;-2.339768E-06;-2.688809E-07;-0.07416308;-0.09777664;-0.0000210
3087.62526512146;0.0000000;0.0000210;-2.339768E-06;-1.047948E-07;-0.07418898;-0.05202167;-0.0000210
3088.68765830994;0.0000000;0.0000210;-2.339768E-06;-3.630506E-08;-0.07421222;-0.1075601;-0.0000210
3089.75005149841;0.0000000;0.0000210;-2.339768E-06;-1.414969E-08;-0.07423088;-0.06440419;-0.0000210
3090.81268310547;0.0000000;0.0000210;-2.339768E-06;-4.902012E-09;-0.07425107;-0.06865159;-0.0000210
3091.87507629395;0.0000000;0.0000210;-2.339768E-06;-1.910532E-09;-0.07426874;-0.0794271;-0.0000210
3092.937707901;0.0000000;0.0000210;-2.339768E-06;-6.618835E-10;-0.07428855;-0.0707422;-0.0000210
3094.00010108948;0.0000000;0.0000210;-2.339768E-06;-2.579654E-10;-0.07430612;-0.0915523;-0.0000210
3095.06273269653;0.0000000;0.0000210;-2.339768E-06;-8.936937E-11;-0.07432587;-0.07634853;-0.0000210
3096.12512588501;0.0000000;0.0000210;-2.339768E-06;-3.483121E-11;-0.07434341;-0.05356147;-0.0000210
3097.18775749207;0.0000000;0.0000210;-2.339768E-06;-1.20669E-11;-0.07436314;-0.06319508;-0.0000210
3098.25015068054;0.0000000;0.0000210;-2.339768E-06;-4.703007E-12;-0.07438069;-0.07455552;-0.0000210
3099.3127822876;0.0000000;0.0000210;-2.339768E-06;-1.629307E-12;-0.07440042;-0.05883505;-0.0000210
3100.37517547607;0.0000000;0.0000210;-2.339768E-06;-6.350131E-13;-0.07441796;-0.0522459;-0.0000210
3101.43756866455;0.0000000;0.0000210;-2.339768E-06;-2.199936E-13;-0.0744377;-0.08074164;-0.0000210
3102.50020027161;0.0000000;0.0000210;-2.339768E-06;-8.574124E-14;-0.07445525;-0.05861905;-0.0000210
3103.56259346008;0.0000000;0.0000210;-2.339768E-06;-2.970415E-14;-0.07447498;-0.08173373;-0.0000210
3104.62522506714;0.0000000;0.0000210;-2.339768E-06;-1.157702E-14;-0.07449252;-0.07440466;-0.0000210
3105.68761825562;0.0000000;0.0000210;-2.339768E-06;-4.010737E-15;-0.07451226;-0.06213374;-0.0000210
3106.75024986267;0.0000000;0.0000210;-2.339768E-06;-1.563162E-15;-0.0745298;-0.118222;-0.0000210
3107.81264305115;0.0000000;0.0000210;-2.339768E-06;-5.415408E-16;-0.07454953;-0.0572932;-0.0000210
3108.8752746582;0.0000000;0.0000210;-2.339768E-06;-2.110625E-16;-0.07456708;-0.0535997;-0.0000210
3109.93766784668;0.0000000;-0.0000387;4.311859E-06;-2.61762E-05;-0.07236673;-0.09587204;0.0000387
3111.00006103516;0.0000000;-0.0000387;4.311859E-06;-1.020203E-05;-0.07315167;-0.06081304;0.0000387
3112.06269264221;0.0000000;0.0000210;-2.339768E-06;1.7651E-06;-0.07464577;-0.06348651;-0.0000210
3113.12508583069;0.0000000;0.0000210;-2.339768E-06;6.879379E-07;-0.07460818;-0.07528308;-0.0000210
3114.18771743774;0.0000000;0.0000210;-2.339768E-06;2.383288E-07;-0.07460488;-0.07206187;-0.0000210
3115.25011062622;0.0000000;-0.0000387;4.311859E-06;-4.707748E-05;-0.07135198;-0.05572237;0.0000387
3116.31274223328;0.0000000;-0.0000387;4.311859E-06;-1.63095E-05;-0.07288973;-0.06971498;0.0000387
3117.37513542175;0.0000000;-0.0000387;4.311859E-06;-6.356533E-06;-0.07336661;-0.06909593;0.0000387
3118.43776702881;0.0000000;0.0000210;-2.339768E-06;2.862692E-05;-0.07598841;-0.09594645;-0.0000210
3119.50016021729;0.0000000;0.0000805;-8.969112E-06;3.434697E-05;-0.07718273;-0.09576765;-0.0000805
3120.56255340576;0.0000000;0.0000210;-2.339768E-06;-1.745043E-05;-0.07373662;-0.07187382;-0.0000210
3121.62518501282;0.0000000;-0.0000387;4.311859E-06;-3.993047E-05;-0.07173561;-0.04392374;0.0000387
3122.68757820129;0.0000000;-0.0000387;4.311859E-06;-1.383349E-05;-0.0730344;-0.05469515;0.0000387
3123.75020980835;0.0000000;-0.0000387;4.311859E-06;-5.391523E-06;-0.07343399;-0.07631133;0.0000387
3124.81260299683;0.0000000;-0.0000387;4.311859E-06;-1.867836E-06;-0.07357792;-0.06385544;0.0000387
3125.87523460388;0.0000000;0.0000210;-2.339768E-06;2.545011E-05;-0.07581784;-0.06125224;-0.0000210
3126.93762779236;0.0000000;0.0000210;-2.339768E-06;-1.30862E-05;-0.07389708;-0.09957069;-0.0000210
3128.00025939941;0.0000000;0.0000210;-2.339768E-06;-5.100272E-06;-0.07432315;-0.07326893;-0.0000210
3129.06265258789;0.0000000;-0.0000387;4.311859E-06;-5.48336E-05;-0.07095499;-0.1069762;0.0000387
3130.12528419495;0.0000000;-0.0000984;1.096349E-05;-4.289817E-05;-0.07065248;-0.03919891;0.0000984
3131.18767738342;0.0000000;-0.0000388;4.323E-06;3.681537E-05;-0.07547418;-0.1085873;0.0000388
3132.2500705719;0.0000000;-0.0000388;4.323E-06;1.434858E-05;-0.0742924;-0.06121504;0.0000388
3133.31270217896;0.0000000;0.0000209;-2.328626E-06;3.114712E-05;-0.07599629;-0.05429005;-0.0000209
3134.37509536743;0.0000000;0.0000209;-2.328626E-06;1.213941E-05;-0.0750413;-0.05209402;-0.0000209
3135.43772697449;0.0000000;0.0000209;-2.328626E-06;4.205571E-06;-0.07465503;-0.07521074;-0.0000209
3136.50012016296;0.0000000;-0.0000387;4.311859E-06;-2.449326E-05;-0.07232482;-0.07139843;0.0000387
3137.56275177002;0.0000000;-0.0000388;4.323E-06;-3.904665E-06;-0.07333414;-0.05616158;0.0000388
3138.6251449585;0.0000000;-0.0000388;4.323E-06;-1.521821E-06;-0.07342367;-0.06173071;0.0000388
3139.68777656555;0.0000000;0.0000805;-8.969112E-06;6.567581E-05;-0.0785605;-0.07403677;-0.0000805
3140.75016975403;0.0000000;0.0000210;-2.339768E-06;-1.851685E-05;-0.07346728;-0.0541836;-0.0000210
3141.8125629425;0.0000000;0.0000210;-2.339768E-06;-6.414964E-06;-0.07410613;-0.08063415;-0.0000210
3142.87519454956;0.0000000;0.0000210;-2.339768E-06;-2.500196E-06;-0.07432394;-0.08224835;-0.0000210
3143.93758773804;0.0000000;-0.0000387;4.311859E-06;-4.803654E-05;-0.07116427;-0.07440364;0.0000387
3145.00021934509;0.0000000;-0.0000387;4.311859E-06;-1.872197E-05;-0.0726317;-0.06238901;0.0000387
3146.06261253357;0.0000000;-0.0000387;4.311859E-06;-6.48603E-06;-0.07322136;-0.05648918;0.0000387
3147.12524414063;0.0000000;0.0000805;-8.969112E-06;8.298822E-05;-0.07947567;-0.07986426;-0.0000805
3148.1876373291;0.0000000;0.0000210;-2.339768E-06;-5.991857E-07;-0.07440318;-0.09898679;-0.0000210
3149.25026893616;0.0000000;-0.0000387;4.311859E-06;-4.74039E-05;-0.07117642;-0.07374842;0.0000387
3150.31266212463;0.0000000;-0.0000387;4.311859E-06;-1.642258E-05;-0.07272507;-0.0605216;0.0000387
3151.37505531311;0.0000000;-0.0000387;4.311859E-06;-6.400609E-06;-0.0732055;-0.04868578;0.0000387
3152.43768692017;0.0000000;0.0000209;-2.328626E-06;5.076035E-05;-0.07693563;-0.07579566;-0.0000209
3153.50008010864;0.0000000;0.0000209;-2.328626E-06;1.978356E-05;-0.0753683;-0.07045076;-0.0000209
3154.5627117157;0.0000000;0.0000209;-2.328626E-06;6.853807E-06;-0.07472643;-0.08851196;-0.0000209
3155.62510490417;0.0000000;0.0000209;-2.328626E-06;2.671232E-06;-0.07452989;-0.08528973;-0.0000209
3156.68773651123;0.0000000;-0.0000387;4.311859E-06;-2.847348E-05;-0.07208294;-0.0964952;0.0000387
3157.75012969971;0.0000000;-0.0000388;4.323E-06;-8.417418E-08;-0.07348295;-0.09587513;0.0000388
3158.81276130676;0.0000000;0.0000209;-2.328626E-06;4.190006E-05;-0.07645041;-0.07312218;-0.0000209
3159.87515449524;0.0000000;0.0000805;-8.969112E-06;5.35383E-05;-0.07792403;-0.06162117;-0.0000805
3160.93778610229;0.0000000;0.0000210;-2.339768E-06;-2.846457E-05;-0.07295743;-0.1001959;-0.0000210
3162.00017929077;0.0000000;0.0000210;-2.339768E-06;-1.10939E-05;-0.07386365;-0.08320632;-0.0000210
3163.06257247925;0.0000000;-0.0000387;4.311859E-06;-2.71111E-05;-0.07217681;-0.06923651;0.0000387
3164.1252040863;0.0000000;-0.0000387;4.311859E-06;-1.05664E-05;-0.07299092;-0.05905414;0.0000387
3165.18759727478;0.0000000;-0.0000387;4.311859E-06;-3.660617E-06;-0.07330789;-0.09338354;0.0000387
3166.25022888184;0.0000000;0.0000209;-2.328626E-06;3.164706E-05;-0.07594892;-0.1082628;-0.0000209
3167.31262207031;0.0000000;0.0000210;-2.339768E-06;2.248802E-06;-0.0744784;-0.05792047;-0.0000210
3168.37525367737;0.0000000;0.0000210;-2.339768E-06;-5.28333E-06;-0.07412299;-0.07034019;-0.0000210
3169.43764686584;0.0000000;-0.0000387;4.311859E-06;-3.127859E-05;-0.0719381;-0.0684697;0.0000387
3170.5002784729;0.0000000;-0.0000387;4.311859E-06;-1.219065E-05;-0.07288235;-0.07540086;0.0000387
3171.56267166138;0.0000000;-0.0000387;4.311859E-06;-4.223323E-06;-0.07325362;-0.06916828;0.0000387
3172.62506484985;0.0000000;-0.0000387;4.311859E-06;-1.646016E-06;-0.07335319;-0.06524643;0.0000387
3173.68769645691;0.0000000;-0.0000387;4.311859E-06;-5.702449E-07;-0.07337187;-0.08033963;0.0000387
3174.75008964539;0.0000000;-0.0000387;4.311859E-06;-2.222497E-07;-0.07335738;-0.06982658;0.0000387
3175.81272125244;0.0000000;-0.0000387;4.311859E-06;-7.699606E-08;-0.07332849;-0.1056214;0.0000387
3176.87511444092;0.0000000;0.0000209;-2.328626E-06;3.717798E-05;-0.07606293;-0.07535645;-0.0000209
3177.93774604797;0.0000000;0.0000209;-2.328626E-06;1.287992E-05;-0.07483946;-0.102396;-0.0000209
3179.00013923645;0.0000000;0.0000209;-2.328626E-06;5.019874E-06;-0.07445478;-0.06880141;-0.0000209
3180.06277084351;0.0000000;0.0000209;-2.328626E-06;1.739082E-06;-0.07430656;-0.0752128;-0.0000209
3181.12516403198;0.0000000;0.0000209;-2.328626E-06;6.777975E-07;-0.0742697;-0.07759175;-0.0000209
3182.18755722046;0.0000000;-0.0000387;4.311859E-06;-2.299395E-05;-0.07219265;-0.04722038;0.0000387
3183.25018882751;0.0000000;-0.0000387;4.311859E-06;-8.961762E-06;-0.07287823;-0.09375143;0.0000387
3184.31258201599;0.0000000;-0.0000387;4.311859E-06;-3.104708E-06;-0.07314154;-0.07338259;0.0000387
3185.37521362305;0.0000000;-0.0000387;4.311859E-06;-1.210042E-06;-0.07320618;-0.09766916;0.0000387
3186.43760681152;0.0000000;-0.0000387;4.311859E-06;-4.192063E-07;-0.0732103;-0.07982808;0.0000387
3187.50023841858;0.0000000;-0.0000388;4.323E-06;1.442814E-05;-0.07391752;-0.08261625;0.0000388
3188.56263160706;0.0000000;-0.0000388;4.323E-06;2.617409E-05;-0.07444476;-0.08799732;0.0000388
3189.62526321411;0.0000000;-0.0000388;4.323E-06;1.02012E-05;-0.07359521;-0.06700739;0.0000388
3190.68765640259;0.0000000;0.0000210;-2.339768E-06;3.622375E-05;-0.07575995;-0.07762484;-0.0000210
3191.75028800964;0.0000000;0.0000805;-8.969112E-06;3.730779E-05;-0.0767171;-0.08059283;-0.0000805
3192.81268119812;0.0000000;0.0000210;-2.339768E-06;-1.642468E-05;-0.073172;-0.1023247;-0.0000210
3193.8750743866;0.0000000;-0.0000387;4.311859E-06;-5.35718E-05;-0.07043932;-0.06162219;0.0000387
3194.93770599365;0.0000000;-0.0000387;4.311859E-06;-1.855938E-05;-0.07219423;-0.07769924;0.0000387
3196.00009918213;0.0000000;-0.0000387;4.311859E-06;-7.233413E-06;-0.07274137;-0.07821388;0.0000387
3197.06273078918;0.0000000;0.0000805;-8.969112E-06;4.395158E-05;-0.07709494;-0.07356036;-0.0000805
3198.12512397766;0.0000000;0.0000805;-8.969112E-06;1.712988E-05;-0.07578991;-0.0942299;-0.0000805
3199.18775558472;0.0000000;0.0000210;-2.339768E-06;-2.418508E-05;-0.0728801;-0.08287151;-0.0000210
3200.25014877319;0.0000000;0.0000210;-2.339768E-06;-9.426E-06;-0.07365268;-0.09584101;-0.0000210
3201.31278038025;0.0000000;-0.0000387;4.311859E-06;-3.271377E-05;-0.07160632;-0.07510017;0.0000387
3202.37517356873;0.0000000;-0.0000387;4.311859E-06;-1.275001E-05;-0.07259537;-0.05308609;0.0000387
3203.4375667572;0.0000000;0.0000209;-2.328626E-06;3.279088E-05;-0.07574969;-0.05194521;-0.0000209
3204.50019836426;0.0000000;0.0000209;-2.328626E-06;1.278006E-05;-0.07474338;-0.08726668;-0.0000209
3205.56259155273;0.0000000;0.0000209;-2.328626E-06;4.427517E-06;-0.07433569;-0.06128739;-0.0000209
3206.62522315979;0.0000000;0.0000209;-2.328626E-06;1.7256E-06;-0.07421488;-0.09045377;-0.0000209
3207.68761634827;0.0000000;0.0000209;-2.328626E-06;5.978156E-07;-0.07417681;-0.05765903;-0.0000209
3208.75024795532;0.0000000;0.0000209;-2.328626E-06;2.329953E-07;-0.07417559;-0.0482104;-0.0000209
3209.8126411438;0.0000000;0.0000210;-2.339768E-06;-2.779032E-06;-0.0740488;-0.07993969;-0.0000210
3210.87527275085;0.0000000;0.0000210;-2.339768E-06;-1.083112E-06;-0.0741531;-0.07480668;-0.0000210
3211.93766593933;0.0000000;0.0000210;-2.339768E-06;-3.752327E-07;-0.07420903;-0.04883252;-0.0000210
3213.00005912781;0.0000000;0.0000210;-2.339768E-06;-1.462448E-07;-0.07423828;-0.078404;-0.0000210
3214.06269073486;0.0000000;0.0000210;-2.339768E-06;-5.066496E-08;-0.07426288;-0.04645151;-0.0000210
3215.12508392334;0.0000000;0.0000210;-2.339768E-06;-1.974638E-08;-0.07428199;-0.05850539;-0.0000210
3216.1877155304;0.0000000;0.0000210;-2.339768E-06;-6.840925E-09;-0.07430238;-0.0879963;-0.0000210
3217.25010871887;0.0000000;0.0000210;-2.339768E-06;-2.666211E-09;-0.0743201;-0.08726359;-0.0000210
3218.31274032593;0.0000000;0.0000210;-2.339768E-06;-9.236807E-10;-0.07433993;-0.06440419;-0.0000210
3219.3751335144;0.0000000;0.0000210;-2.339768E-06;-3.599993E-10;-0.0743575;-0.05000751;-0.0000210
3220.43776512146;0.0000000;0.0000210;-2.339768E-06;-1.24718E-10;-0.07437725;-0.0721332;-0.0000210
3221.50015830994;0.0000000;0.0000210;-2.339768E-06;-4.860812E-11;-0.0743948;-0.04751387;-0.0000210
3222.56278991699;0.0000000;0.0000210;-2.339768E-06;-1.683977E-11;-0.07441454;-0.05224076;-0.0000210
3223.62518310547;0.0000000;-0.0000387;4.311859E-06;-3.312926E-05;-0.07186873;-0.06117887;0.0000387
3224.68757629395;0.0000000;-0.0000387;4.311859E-06;-1.147728E-05;-0.07294012;-0.1045218;0.0000387
3225.750207901;0.0000000;-0.0000387;4.311859E-06;-4.473206E-06;-0.07326615;-0.06956927;0.0000387
3226.81260108948;0.0000000;0.0000209;-2.328626E-06;2.784921E-05;-0.07575662;-0.08125319;-0.0000209
3227.87523269653;0.0000000;0.0000210;-2.339768E-06;3.968156E-06;-0.07456621;-0.08206441;-0.0000210
3228.93762588501;0.0000000;0.0000210;-2.339768E-06;1.374726E-06;-0.07445323;-0.08059799;-0.0000210
3230.00025749207;0.0000000;-0.0000387;4.311859E-06;-5.253088E-05;-0.07086944;-0.07466199;0.0000387
3231.06265068054;0.0000000;-0.0000387;4.311859E-06;-1.819877E-05;-0.07258952;-0.09404492;0.0000387
3232.1252822876;0.0000000;-0.0000387;4.311859E-06;-7.092865E-06;-0.07312541;-0.06839632;0.0000387
3233.18767547607;0.0000000;-0.0000387;4.311859E-06;-2.457248E-06;-0.07332621;-0.05172818;0.0000387
3234.25006866455;0.0000000;0.0000805;-8.969112E-06;8.509384E-05;-0.07948213;-0.05704102;-0.0000805
3235.31270027161;0.0000000;0.0000210;-2.339768E-06;-3.538414E-06;-0.07415777;-0.08872797;-0.0000210
3236.37509346008;0.0000000;0.0000210;-2.339768E-06;-1.379077E-06;-0.07428577;-0.08572894;-0.0000210
3237.43772506714;0.0000000;0.0000210;-2.339768E-06;-4.777665E-07;-0.0743516;-0.09400464;-0.0000210
3238.50011825562;0.0000000;0.0000210;-2.339768E-06;-1.862068E-07;-0.07438405;-0.04073974;-0.0000210
3239.56274986267;0.0000000;0.0000210;-2.339768E-06;-6.450937E-08;-0.07440999;-0.07836165;-0.0000210
3240.62514305115;0.0000000;0.0000210;-2.339768E-06;-2.514217E-08;-0.07442953;-0.08375301;-0.0000210
3241.6877746582;0.0000000;0.0000210;-2.339768E-06;-8.710237E-09;-0.0744501;-0.07037534;-0.0000210
3242.75016784668;0.0000000;0.0000210;-2.339768E-06;-3.394766E-09;-0.07446788;-0.06271765;-0.0000210
3243.81256103516;0.0000000;-0.0000387;4.311859E-06;-2.068361E-05;-0.07253624;-0.08913512;0.0000387
3244.87519264221;0.0000000;-0.0000387;4.311859E-06;-8.061319E-06;-0.0731497;-0.08400621;0.0000387
3245.93758583069;0.0000000;-0.0000387;4.311859E-06;-2.792759E-06;-0.0733829;-0.05704;0.0000387
3247.00021743774;0.0000000;-0.0000387;4.311859E-06;-1.088462E-06;-0.0734378;-0.08921054;0.0000387
3248.06261062622;0.0000000;0.0000805;-8.969112E-06;7.873305E-05;-0.07920668;-0.06073863;-0.0000805
3249.12524223328;0.0000000;0.0000805;-8.969112E-06;3.068576E-05;-0.07681576;-0.06642143;-0.0000805
3250.18763542175;0.0000000;0.0000210;-2.339768E-06;-1.288111E-05;-0.07377831;-0.07466199;-0.0000210
3251.25026702881;0.0000000;0.0000210;-2.339768E-06;-5.020341E-06;-0.07419799;-0.05169098;-0.0000210
3252.31266021729;0.0000000;0.0000210;-2.339768E-06;-1.739244E-06;-0.07438555;-0.05685708;-0.0000210
3253.37529182434;0.0000000;-0.0000387;4.311859E-06;-2.685407E-05;-0.07223731;-0.09206488;0.0000387
3254.43768501282;0.0000000;-0.0000387;4.311859E-06;-9.303307E-06;-0.07309888;-0.07202468;0.0000387
3255.50007820129;0.0000000;-0.0000387;4.311859E-06;-3.625911E-06;-0.07335704;-0.0520599;0.0000387
3256.56270980835;0.0000000;0.0000209;-2.328626E-06;4.060283E-05;-0.07643799;-0.09225089;-0.0000209
3257.62510299683;0.0000000;0.0000209;-2.328626E-06;1.582472E-05;-0.07518779;-0.07231714;-0.0000209
3258.68773460388;0.0000000;0.0000209;-2.328626E-06;5.482308E-06;-0.0746783;-0.07019138;-0.0000209
3259.75012779236;0.0000000;0.0000209;-2.328626E-06;2.136698E-06;-0.07452458;-0.04051859;-0.0000209
3260.81275939941;0.0000000;-0.0000387;4.311859E-06;-3.646775E-05;-0.07170843;-0.08158492;0.0000387
3261.87515258789;0.0000000;-0.0000387;4.311859E-06;-1.42131E-05;-0.07281467;-0.04810188;0.0000387
3262.93778419495;0.0000000;-0.0000387;4.311859E-06;-4.923978E-06;-0.07325358;-0.09323988;0.0000387
3264.00017738342;0.0000000;-0.0000387;4.311859E-06;-1.919093E-06;-0.07337501;-0.07415146;0.0000387
3265.0625705719;0.0000000;0.0000209;-2.328626E-06;2.873405E-05;-0.07578009;-0.08323426;-0.0000209
3266.12520217896;0.0000000;0.0000805;-8.969112E-06;4.512727E-05;-0.07750322;-0.09495746;-0.0000805
3267.18759536743;0.0000000;0.0000805;-8.969112E-06;3.329663E-05;-0.07694869;-0.06209552;-0.0000805
3268.25022697449;0.0000000;0.0000210;-2.339768E-06;-1.021262E-05;-0.0739058;-0.06088435;-0.0000210
3269.31262016296;0.0000000;0.0000210;-2.339768E-06;-3.538053E-06;-0.074267;-0.1009699;-0.0000210
3270.37525177002;0.0000000;-0.0000387;4.311859E-06;-2.755514E-05;-0.07217491;-0.06824958;0.0000387
3271.4376449585;0.0000000;-0.0000387;4.311859E-06;-9.546186E-06;-0.07305989;-0.05099548;0.0000387
3272.50027656555;0.0000000;-0.0000387;4.311859E-06;-3.720572E-06;-0.07332563;-0.09327297;0.0000387
3273.56266975403;0.0000000;0.0000209;-2.328626E-06;4.057003E-05;-0.07640975;-0.1019579;-0.0000209
3274.6250629425;0.0000000;0.0000209;-2.328626E-06;1.581194E-05;-0.07516057;-0.07887526;-0.0000209
3275.68769454956;0.0000000;0.0000209;-2.328626E-06;5.47788E-06;-0.07465149;-0.07286384;-0.0000209
3276.75008773804;0.0000000;0.0000209;-2.328626E-06;2.134973E-06;-0.07449792;-0.04425444;-0.0000209
3277.81271934509;0.0000000;0.0000209;-2.328626E-06;7.396388E-07;-0.07444616;-0.08546647;-0.0000209
3278.87511253357;0.0000000;0.0000209;-2.328626E-06;2.8827E-07;-0.0744405;-0.08745166;-0.0000209
3279.93774414063;0.0000000;0.0000209;-2.328626E-06;9.98681E-08;-0.07445049;-0.0648062;-0.0000209
3281.0001373291;0.0000000;0.0000209;-2.328626E-06;3.892303E-08;-0.0744648;-0.1043761;-0.0000209
3282.06276893616;0.0000000;0.0000209;-2.328626E-06;1.348447E-08;-0.07448311;-0.08495698;-0.0000209
3283.12516212463;0.0000000;0.0000209;-2.328626E-06;5.255496E-09;-0.07450014;-0.04081106;-0.0000209
3284.18779373169;0.0000000;0.0000209;-2.328626E-06;1.820711E-09;-0.0745196;-0.06001005;-0.0000209
3285.25018692017;0.0000000;-0.0000387;4.311859E-06;-2.613165E-05;-0.07232063;-0.0753988;0.0000387
3286.31258010864;0.0000000;-0.0000387;4.311859E-06;-9.053032E-06;-0.07315804;-0.06923857;0.0000387
3287.3752117157;0.0000000;-0.0000387;4.311859E-06;-3.528369E-06;-0.07340838;-0.07264372;0.0000387
3288.43760490417;0.0000000;-0.0000387;4.311859E-06;-1.222366E-06;-0.07349003;-0.1036403;0.0000387
3289.50023651123;0.0000000;0.0000209;-2.328626E-06;4.661495E-05;-0.07675342;-0.0770058;-0.0000209
3290.56262969971;0.0000000;0.0000210;-2.339768E-06;1.293204E-05;-0.07505751;-0.05993256;-0.0000210
3291.62526130676;0.0000000;0.0000210;-2.339768E-06;5.040189E-06;-0.07467129;-0.08129554;-0.0000210
3292.68765449524;0.0000000;0.0000210;-2.339768E-06;1.74612E-06;-0.07452249;-0.04396198;-0.0000210
3293.75028610229;0.0000000;0.0000210;-2.339768E-06;6.805403E-07;-0.07448549;-0.05275231;-0.0000210
3294.81267929077;0.0000000;0.0000210;-2.339768E-06;2.35766E-07;-0.07448246;-0.09030188;-0.0000210
3295.87507247925;0.0000000;0.0000210;-2.339768E-06;9.188845E-08;-0.07449263;-0.07004772;-0.0000210
3296.9377040863;0.0000000;-0.0000387;4.311859E-06;-3.723858E-05;-0.0717403;-0.07565098;0.0000387
3298.00009727478;0.0000000;-0.0000387;4.311859E-06;-1.451353E-05;-0.07287061;-0.06092361;0.0000387
3299.06272888184;0.0000000;-0.0000387;4.311859E-06;-5.028059E-06;-0.07331955;-0.07143872;0.0000387
3300.12512207031;0.0000000;0.0000210;-2.339768E-06;1.668834E-05;-0.07529154;-0.05982919;-0.0000210
3301.18775367737;0.0000000;0.0000210;-2.339768E-06;2.520436E-06;-0.07459264;-0.1048163;-0.0000210
3302.25014686584;0.0000000;0.0000210;-2.339768E-06;9.823258E-07;-0.07453147;-0.08257905;-0.0000210
3303.3127784729;0.0000000;-0.0000387;4.311859E-06;-2.292742E-05;-0.07244084;-0.1046996;0.0000387
3304.37517166138;0.0000000;-0.0000387;4.311859E-06;-8.935834E-06;-0.07312434;-0.07913669;0.0000387
3305.43756484985;0.0000000;-0.0000387;4.311859E-06;-3.095725E-06;-0.07338679;-0.07597961;0.0000387
3306.50019645691;0.0000000;-0.0000387;4.311859E-06;-1.206541E-06;-0.07345114;-0.08810687;0.0000387
3307.56258964539;0.0000000;0.0000805;-8.969112E-06;6.591014E-05;-0.07859495;-0.05887122;-0.0000805
3308.62522125244;0.0000000;0.0000210;-2.339768E-06;-7.33017E-06;-0.07404964;-0.08910306;-0.0000210
3309.68761444092;0.0000000;0.0000210;-2.339768E-06;-2.53946E-06;-0.07431445;-0.07678568;-0.0000210
3310.75024604797;0.0000000;0.0000210;-2.339768E-06;-9.8974E-07;-0.07441125;-0.07986733;-0.0000210
3311.81263923645;0.0000000;-0.0000387;4.311859E-06;-2.102532E-05;-0.07251259;-0.06253472;0.0000387
3312.87527084351;0.0000000;-0.0000387;4.311859E-06;-8.1945E-06;-0.07313672;-0.08319604;0.0000387
3313.93766403198;0.0000000;-0.0000387;4.311859E-06;-2.838898E-06;-0.07337438;-0.09389406;0.0000387
3315.00029563904;0.0000000;0.0000209;-2.328626E-06;3.196732E-05;-0.07598975;-0.08063415;-0.0000209
3316.06268882751;0.0000000;0.0000209;-2.328626E-06;1.107474E-05;-0.0749405;-0.0475521;-0.0000209
3317.12508201599;0.0000000;0.0000209;-2.328626E-06;4.316317E-06;-0.07461219;-0.06352783;-0.0000209
3318.18771362305;0.0000000;0.0000209;-2.328626E-06;1.495343E-06;-0.07448751;-0.05982405;-0.0000209
3319.25010681152;0.0000000;0.0000209;-2.328626E-06;5.828012E-07;-0.07445826;-0.0604472;-0.0000209
3320.31273841858;0.0000000;0.0000209;-2.328626E-06;2.019053E-07;-0.07445841;-0.05245985;-0.0000209
3321.37513160706;0.0000000;0.0000209;-2.328626E-06;7.869144E-08;-0.07446954;-0.05004266;-0.0000209
3322.43776321411;0.0000000;0.0000209;-2.328626E-06;2.726181E-08;-0.07448652;-0.0596401;-0.0000209
3323.50015640259;0.0000000;0.0000209;-2.328626E-06;1.062514E-08;-0.07450312;-0.07766616;-0.0000209
3324.56278800964;0.0000000;0.0000209;-2.328626E-06;3.680966E-09;-0.07452238;-0.08095971;-0.0000209
3325.62518119812;0.0000000;0.0000209;-2.328626E-06;1.434636E-09;-0.07453972;-0.1030946;-0.0000209
3326.6875743866;0.0000000;0.0000209;-2.328626E-06;4.970143E-10;-0.07455933;-0.07309013;-0.0000209
3327.75020599365;0.0000000;0.0000209;-2.328626E-06;1.937085E-10;-0.07457678;-0.09005176;-0.0000209
3328.81259918213;0.0000000;0.0000209;-2.328626E-06;6.710826E-11;-0.07459644;-0.06872702;-0.0000209
3329.87523078918;0.0000000;0.0000209;-2.328626E-06;2.615507E-11;-0.07461391;-0.06234975;-0.0000209
3330.93762397766;0.0000000;0.0000209;-2.328626E-06;9.061145E-12;-0.07463357;-0.1104578;-0.0000209
3332.00025558472;0.0000000;0.0000209;-2.328626E-06;3.53153E-12;-0.07465104;-0.06989789;-0.0000209
3333.06264877319;0.0000000;0.0000209;-2.328626E-06;1.223461E-12;-0.0746707;-0.05894254;-0.0000209
3334.12528038025;0.0000000;0.0000209;-2.328626E-06;4.768371E-13;-0.07468817;-0.06162013;-0.0000209
3335.18767356873;0.0000000;-0.0000387;4.311859E-06;-2.064779E-05;-0.07275959;-0.06484339;0.0000387
3336.2500667572;0.0000000;-0.0000387;4.311859E-06;-8.04736E-06;-0.07337193;-0.1135353;0.0000387
3337.31269836426;0.0000000;0.0000209;-2.328626E-06;2.661098E-05;-0.07598191;-0.06403629;-0.0000209
3338.37509155273;0.0000000;0.0000805;-8.969112E-06;3.650383E-05;-0.0773849;-0.06513483;-0.0000805
3339.43772315979;0.0000000;0.0000210;-2.339768E-06;-2.914239E-05;-0.07324889;-0.05359353;-0.0000210
3340.50011634827;0.0000000;-0.0000387;4.311859E-06;-5.852845E-05;-0.07091326;-0.05568414;0.0000387
3341.56274795532;0.0000000;-0.0000984;1.096349E-05;-4.60561E-05;-0.07063414;-0.0510296;0.0000984
3342.6251411438;0.0000000;-0.0000388;4.323E-06;1.925788E-05;-0.07475424;-0.04659928;0.0000388
3343.68777275085;0.0000000;-0.0000388;4.323E-06;6.671689E-06;-0.07407391;-0.08055667;0.0000388
3344.75016593933;0.0000000;0.0000805;-8.969112E-06;7.063544E-05;-0.07904936;-0.06301319;-0.0000805
3345.81279754639;0.0000000;0.0000805;-8.969112E-06;2.44709E-05;-0.07676316;-0.07370711;-0.0000805
3346.87519073486;0.0000000;0.0000210;-2.339768E-06;-2.348088E-05;-0.07351159;-0.08250259;-0.0000210
3347.93758392334;0.0000000;-0.0000387;4.311859E-06;-5.530508E-05;-0.07105344;-0.08352775;0.0000387
3349.0002155304;0.0000000;-0.0000387;4.311859E-06;-2.155484E-05;-0.0727478;-0.05766418;0.0000387
3350.06260871887;0.0000000;-0.0000387;4.311859E-06;-7.467446E-06;-0.07343216;-0.08719331;0.0000387
3351.12524032593;0.0000000;-0.0000387;4.311859E-06;-2.910395E-06;-0.073633;-0.06495294;0.0000387
3352.1876335144;0.0000000;0.0000209;-2.328626E-06;2.222049E-05;-0.07576801;-0.09572633;-0.0000209
3353.25026512146;0.0000000;0.0000209;-2.328626E-06;8.660308E-06;-0.07509172;-0.06216889;-0.0000209
3354.31265830994;0.0000000;-0.0000387;4.311859E-06;-4.997751E-05;-0.0712693;-0.1187707;0.0000387
3355.37528991699;0.0000000;-0.0000387;4.311859E-06;-1.947845E-05;-0.07279733;-0.06715001;0.0000387
3356.43768310547;0.0000000;-0.0000387;4.311859E-06;-6.748103E-06;-0.07341228;-0.07591138;0.0000387
3357.50007629395;0.0000000;-0.0000387;4.311859E-06;-2.630035E-06;-0.07359066;-0.06260913;0.0000387
3358.562707901;0.0000000;0.0000209;-2.328626E-06;1.973664E-05;-0.07559048;-0.05271614;-0.0000209
3359.62510108948;0.0000000;0.0000209;-2.328626E-06;7.692243E-06;-0.07499173;-0.07685803;-0.0000209
3360.68773269653;0.0000000;0.0000209;-2.328626E-06;2.664897E-06;-0.07475416;-0.08726565;-0.0000209
3361.75012588501;0.0000000;-0.0000388;4.323E-06;-2.796334E-05;-0.07233001;-0.07645808;0.0000388
3362.81275749207;0.0000000;-0.0000388;4.323E-06;-9.687603E-06;-0.07322858;-0.1003819;0.0000388
3363.87515068054;0.0000000;-0.0000388;4.323E-06;-3.775688E-06;-0.07349863;-0.05879888;0.0000388
3364.9377822876;0.0000000;0.0000209;-2.328626E-06;2.486816E-05;-0.07580851;-0.0622774;-0.0000209
3366.00017547607;0.0000000;0.0000209;-2.328626E-06;9.692223E-06;-0.07504954;-0.08569276;-0.0000209
3367.06256866455;0.0000000;0.0000209;-2.328626E-06;3.357768E-06;-0.07474508;-0.06403527;-0.0000209
3368.12520027161;0.0000000;0.0000209;-2.328626E-06;1.308671E-06;-0.07465769;-0.08162006;-0.0000209
3369.18759346008;0.0000000;0.0000209;-2.328626E-06;4.533753E-07;-0.07463357;-0.07598063;-0.0000209
3370.25022506714;0.0000000;0.0000209;-2.328626E-06;1.767004E-07;-0.07463685;-0.08924466;-0.0000209
3371.31261825562;0.0000000;0.0000209;-2.328626E-06;6.121599E-08;-0.07465056;-0.07557657;-0.0000209
3372.37524986267;0.0000000;0.0000209;-2.328626E-06;2.385859E-08;-0.07466608;-0.05942101;-0.0000209
3373.43764305115;0.0000000;0.0000209;-2.328626E-06;8.265555E-09;-0.07468492;-0.09082166;-0.0000209
3374.5002746582;0.0000000;0.0000209;-2.328626E-06;3.221454E-09;-0.07470209;-0.0858726;-0.0000209
3375.56266784668;0.0000000;0.0000209;-2.328626E-06;1.116039E-09;-0.07472163;-0.0797506;-0.0000209
3376.62529945374;0.0000000;0.0000209;-2.328626E-06;4.349697E-10;-0.07473907;-0.1065039;-0.0000209
3377.68769264221;0.0000000;0.0000209;-2.328626E-06;1.506906E-10;-0.07475871;-0.05722291;-0.0000209
3378.75008583069;0.0000000;0.0000209;-2.328626E-06;5.873083E-11;-0.07477618;-0.05850745;-0.0000209
3379.81271743774;0.0000000;0.0000209;-2.328626E-06;2.034667E-11;-0.07479583;-0.08737417;-0.0000209
3380.87511062622;0.0000000;-0.0000387;4.311859E-06;-2.322875E-05;-0.07273924;-0.08034066;0.0000387
3381.93774223328;0.0000000;0.0000209;-2.328626E-06;2.502641E-05;-0.07603862;-0.04593892;-0.0000209
3383.00013542175;0.0000000;0.0000209;-2.328626E-06;9.7539E-06;-0.07527471;-0.07946225;-0.0000209
3384.06276702881;0.0000000;0.0000209;-2.328626E-06;3.379136E-06;-0.0749682;-0.05304272;-0.0000209
3385.12516021729;0.0000000;-0.0000387;4.311859E-06;-2.191176E-05;-0.07280613;-0.06487957;0.0000387
3386.18779182434;0.0000000;-0.0000387;4.311859E-06;-7.591098E-06;-0.07350244;-0.09741081;0.0000387
3387.25018501282;0.0000000;-0.0000387;4.311859E-06;-2.958587E-06;-0.07370713;-0.06319508;0.0000387
3388.31257820129;0.0000000;-0.0000387;4.311859E-06;-1.024971E-06;-0.07376974;-0.0879963;0.0000387
3389.37520980835;0.0000000;-0.0000387;4.311859E-06;-3.994768E-07;-0.07376944;-0.09686823;0.0000387
3390.43760299683;0.0000000;0.0000209;-2.328626E-06;2.050939E-05;-0.07569467;-0.05447503;-0.0000209
3391.50023460388;0.0000000;-0.0000387;4.311859E-06;-3.386557E-05;-0.07207573;-0.08056593;0.0000387
3392.56262779236;0.0000000;-0.0000387;4.311859E-06;-1.173237E-05;-0.07317173;-0.05509613;0.0000387
3393.62525939941;0.0000000;0.0000209;-2.328626E-06;4.251873E-05;-0.07676326;-0.08708582;-0.0000209
3394.68765258789;0.0000000;0.0000209;-2.328626E-06;1.473017E-05;-0.07536121;-0.07814359;-0.0000209
3395.75028419495;0.0000000;0.0000209;-2.328626E-06;5.740998E-06;-0.07491878;-0.07125477;-0.0000209
3396.81267738342;0.0000000;0.0000209;-2.328626E-06;1.988908E-06;-0.07474644;-0.08532076;-0.0000209
3397.8750705719;0.0000000;-0.0000387;4.311859E-06;-3.643282E-05;-0.07193745;-0.08510578;0.0000387
3398.93770217896;0.0000000;-0.0000387;4.311859E-06;-1.262177E-05;-0.0731193;-0.0830906;0.0000387
3400.00009536743;0.0000000;0.0000209;-2.328626E-06;4.805851E-05;-0.07703352;-0.08356701;-0.0000209
3401.06272697449;0.0000000;0.0000209;-2.328626E-06;1.664936E-05;-0.07544625;-0.06495398;-0.0000209
3402.12512016296;0.0000000;0.0000209;-2.328626E-06;6.488995E-06;-0.07494389;-0.06425847;-0.0000209
3403.18775177002;0.0000000;0.0000209;-2.328626E-06;2.248044E-06;-0.07474654;-0.06487752;-0.0000209
3404.2501449585;0.0000000;0.0000209;-2.328626E-06;8.761623E-07;-0.07469381;-0.08466761;-0.0000209
3405.31277656555;0.0000000;-0.0000387;4.311859E-06;-2.292522E-05;-0.07261011;-0.05066376;0.0000387
3406.37516975403;0.0000000;-0.0000387;4.311859E-06;-8.934976E-06;-0.07329355;-0.08573099;0.0000387
3407.43780136108;0.0000000;-0.0000387;4.311859E-06;-3.095427E-06;-0.07355598;-0.03352126;0.0000387
3408.50019454956;0.0000000;0.0000209;-2.328626E-06;2.492593E-05;-0.07583667;-0.1004191;-0.0000209
3409.56258773804;0.0000000;0.0000805;-8.969112E-06;6.16131E-05;-0.07857533;-0.08074164;-0.0000805
3410.62521934509;0.0000000;0.0000210;-2.339768E-06;8.235683E-07;-0.07464836;-0.06341211;-0.0000210
3411.68761253357;0.0000000;-0.0000387;4.311859E-06;-2.298242E-05;-0.07256304;-0.07337641;0.0000387
3412.75024414063;0.0000000;-0.0000983;1.095234E-05;-6.193505E-05;-0.06969582;-0.06660332;0.0000983
3413.8126373291;0.0000000;-0.0000388;4.323E-06;-8.435956E-07;-0.07361931;-0.0709954;0.0000388
3414.87526893616;0.0000000;-0.0000388;4.323E-06;-3.287866E-07;-0.07361328;-0.05759183;0.0000388
3415.93766212463;0.0000000;0.0000209;-2.328626E-06;2.056853E-05;-0.07553931;-0.09459162;-0.0000209
3417.00029373169;0.0000000;0.0000209;-2.328626E-06;8.016466E-06;-0.0749146;-0.1082938;-0.0000209
3418.06268692017;0.0000000;0.0000209;-2.328626E-06;2.77722E-06;-0.07466618;-0.06524643;-0.0000209
3419.12508010864;0.0000000;-0.0000387;4.311859E-06;-3.612558E-05;-0.07183259;-0.06469768;0.0000387
3420.1877117157;0.0000000;-0.0000387;4.311859E-06;-1.251532E-05;-0.07300414;-0.08869693;0.0000387
3421.25010490417;0.0000000;-0.0000387;4.311859E-06;-4.877776E-06;-0.07336258;-0.07012007;0.0000387
3422.31273651123;0.0000000;-0.0000387;4.311859E-06;-1.689854E-06;-0.07348933;-0.05015221;0.0000387
3423.37512969971;0.0000000;-0.0000387;4.311859E-06;-6.58611E-07;-0.07350978;-0.08048844;0.0000387
3424.43776130676;0.0000000;0.0000209;-2.328626E-06;2.917074E-05;-0.07587272;-0.08154977;-0.0000209
3425.50015449524;0.0000000;0.0000209;-2.328626E-06;1.136913E-05;-0.07497942;-0.06344726;-0.0000209
3426.56278610229;0.0000000;-0.0000387;4.311859E-06;-3.792027E-05;-0.07162286;-0.05593837;0.0000387
3427.62517929077;0.0000000;-0.0000387;4.311859E-06;-1.477921E-05;-0.07277446;-0.07704712;0.0000387
3428.68757247925;0.0000000;-0.0000387;4.311859E-06;-5.1201E-06;-0.07323229;-0.08653089;0.0000387
3429.7502040863;0.0000000;-0.0000387;4.311859E-06;-1.99553E-06;-0.07335985;-0.08400621;0.0000387
3430.81259727478;0.0000000;0.0000209;-2.328626E-06;3.238244E-05;-0.07594927;-0.05733246;-0.0000209
3431.87522888184;0.0000000;0.0000209;-2.328626E-06;1.262087E-05;-0.07495572;-0.07627618;-0.0000209
3432.93762207031;0.0000000;-0.0000387;4.311859E-06;-3.283562E-05;-0.07178901;-0.08334689;0.0000387
3434.00025367737;0.0000000;-0.0000387;4.311859E-06;-1.27975E-05;-0.07278186;-0.07030299;0.0000387
3435.06264686584;0.0000000;-0.0000387;4.311859E-06;-4.433557E-06;-0.07317344;-0.07942402;0.0000387
3436.1252784729;0.0000000;-0.0000387;4.311859E-06;-1.727954E-06;-0.07327955;-0.07927727;0.0000387
3437.18767166138;0.0000000;-0.0000387;4.311859E-06;-5.986312E-07;-0.07330099;-0.05960701;0.0000387
3438.25030326843;0.0000000;0.0000209;-2.328626E-06;2.589904E-05;-0.07550374;-0.06693298;-0.0000209
3439.31269645691;0.0000000;-0.0000387;4.311859E-06;-2.823554E-05;-0.07189307;-0.0514688;0.0000387
3440.37508964539;0.0000000;-0.0000387;4.311859E-06;-1.100464E-05;-0.07274231;-0.09877182;0.0000387
3441.43772125244;0.0000000;-0.0000387;4.311859E-06;-3.812442E-06;-0.07307393;-0.06077481;0.0000387
3442.50011444092;0.0000000;0.0000209;-2.328626E-06;4.560548E-05;-0.07641818;-0.06282616;-0.0000209
3443.56274604797;0.0000000;0.0000805;-8.969112E-06;3.90283E-05;-0.07698695;-0.04941848;-0.0000805
3444.62513923645;0.0000000;0.0000210;-2.339768E-06;-3.767784E-05;-0.07228914;-0.06795815;-0.0000210
3445.68777084351;0.0000000;0.0000210;-2.339768E-06;-1.718037E-05;-0.07336371;-0.07539571;-0.0000210
3446.75016403198;0.0000000;0.0000210;-2.339768E-06;-6.695953E-06;-0.07391763;-0.08671587;-0.0000210
3447.81279563904;0.0000000;0.0000210;-2.339768E-06;-2.319742E-06;-0.07416123;-0.07807125;-0.0000210
3448.87518882751;0.0000000;0.0000210;-2.339768E-06;-9.041062E-07;-0.07425118;-0.08836625;-0.0000210
3449.93758201599;0.0000000;0.0000210;-2.339768E-06;-3.13218E-07;-0.07430113;-0.07363168;-0.0000210
3451.00021362305;0.0000000;-0.0000387;4.311859E-06;-4.20513E-05;-0.07132734;-0.1026916;0.0000387
3452.06260681152;0.0000000;-0.0000387;4.311859E-06;-1.456823E-05;-0.07269704;-0.0507361;0.0000387
3453.12523841858;0.0000000;0.0000210;-2.339768E-06;6.537675E-06;-0.07465025;-0.08766766;-0.0000210
3454.18763160706;0.0000000;0.0000210;-2.339768E-06;2.264908E-06;-0.07445137;-0.07755558;-0.0000210
3455.25026321411;0.0000000;0.0000210;-2.339768E-06;8.827352E-07;-0.07439819;-0.08323529;-0.0000210
3456.31265640259;0.0000000;-0.0000983;1.095234E-05;-6.22356E-05;-0.06944087;-0.06704459;0.0000983
3457.37528800964;0.0000000;-0.0000388;4.323E-06;5.50124E-06;-0.07369598;-0.05235236;0.0000388
3458.43768119812;0.0000000;-0.0000388;4.323E-06;1.905846E-06;-0.07347563;-0.07169399;0.0000388
3459.5000743866;0.0000000;0.0000209;-2.328626E-06;3.801321E-05;-0.0761527;-0.05491732;-0.0000209
3460.56270599365;0.0000000;0.0000805;-8.969112E-06;3.639804E-05;-0.07697532;-0.09580176;-0.0000805
3461.62509918213;0.0000000;0.0000210;-2.339768E-06;-1.883235E-05;-0.07335139;-0.0670415;-0.0000210
3462.68773078918;0.0000000;-0.0000387;4.311859E-06;-2.979201E-05;-0.07192328;-0.07455038;0.0000387
3463.75012397766;0.0000000;-0.0000387;4.311859E-06;-1.161127E-05;-0.07282112;-0.05821293;0.0000387
3464.81275558472;0.0000000;-0.0000387;4.311859E-06;-4.0226E-06;-0.07317303;-0.06143516;0.0000387
3465.87514877319;0.0000000;0.0000209;-2.328626E-06;4.02912E-05;-0.07626237;-0.06946177;-0.0000209
3466.93778038025;0.0000000;0.0000209;-2.328626E-06;1.395846E-05;-0.0749348;-0.09689824;-0.0000209
3468.00017356873;0.0000000;0.0000209;-2.328626E-06;5.440232E-06;-0.07451645;-0.04780736;-0.0000209
3469.06280517578;0.0000000;0.0000209;-2.328626E-06;1.884711E-06;-0.07435416;-0.05022867;-0.0000209
3470.12519836426;0.0000000;-0.0000387;4.311859E-06;-4.112443E-05;-0.0713167;-0.09521477;0.0000387
3471.18759155273;0.0000000;-0.0000387;4.311859E-06;-1.424712E-05;-0.07265542;-0.06609074;0.0000387
3472.25022315979;0.0000000;-0.0000387;4.311859E-06;-5.552735E-06;-0.07306793;-0.06381721;0.0000387
3473.31261634827;0.0000000;0.0000805;-8.969112E-06;8.0453E-05;-0.07914698;-0.1114086;-0.0000805
3474.37524795532;0.0000000;0.0000210;-2.339768E-06;-2.153279E-05;-0.07315587;-0.06689578;-0.0000210
3475.4376411438;0.0000000;0.0000210;-2.339768E-06;-1.11285E-05;-0.07371406;-0.07301058;-0.0000210
3476.50027275085;0.0000000;0.0000210;-2.339768E-06;-4.33727E-06;-0.07407902;-0.1104227;-0.0000210
3477.56266593933;0.0000000;0.0000210;-2.339768E-06;-1.502601E-06;-0.07424375;-0.04791896;-0.0000210
3478.62529754639;0.0000000;0.0000210;-2.339768E-06;-5.856303E-07;-0.07430819;-0.04333779;-0.0000210
3479.68769073486;0.0000000;0.0000210;-2.339768E-06;-2.028854E-07;-0.0743475;-0.06183923;-0.0000210
3480.75008392334;0.0000000;0.0000210;-2.339768E-06;-9.945862E-06;-0.07387898;-0.09623993;-0.0000210
3481.8127155304;0.0000000;0.0000210;-2.339768E-06;-3.445639E-06;-0.07423124;-0.07583698;-0.0000210
3482.87510871887;0.0000000;0.0000210;-2.339768E-06;-1.342918E-06;-0.07435635;-0.08506756;-0.0000210
3483.93774032593;0.0000000;0.0000210;-2.339768E-06;-4.652399E-07;-0.07442095;-0.1008542;-0.0000210
3485.0001335144;0.0000000;0.0000210;-2.339768E-06;-1.813246E-07;-0.07445301;-0.07689729;-0.0000210
3486.06276512146;0.0000000;0.0000210;-2.339768E-06;-6.2818E-08;-0.0744788;-0.08462422;-0.0000210
3487.12515830994;0.0000000;0.0000210;-2.339768E-06;-2.448296E-08;-0.07449829;-0.09612731;-0.0000210
3488.18778991699;0.0000000;0.0000210;-2.339768E-06;-8.481862E-09;-0.07451883;-0.07205982;-0.0000210
3489.25018310547;0.0000000;0.0000210;-2.339768E-06;-3.305758E-09;-0.0745366;-0.06286439;-0.0000210
3490.31257629395;0.0000000;0.0000210;-2.339768E-06;-1.145245E-09;-0.07455643;-0.06616308;-0.0000210
3491.375207901;0.0000000;0.0000210;-2.339768E-06;-4.463528E-10;-0.07457402;-0.05912855;-0.0000210
3492.43760108948;0.0000000;0.0000210;-2.339768E-06;-1.546342E-10;-0.07459377;-0.06440419;-0.0000210
3493.50023269653;0.0000000;0.0000210;-2.339768E-06;-6.02678E-11;-0.07461132;-0.0696044;-0.0000210
3494.56262588501;0.0000000;0.0000210;-2.339768E-06;-2.087914E-11;-0.07463106;-0.07033917;-0.0000210
3495.62525749207;0.0000000;-0.0000387;4.311859E-06;-2.944824E-05;-0.07226735;-0.07195748;0.0000387
3496.68765068054;0.0000000;-0.0000387;4.311859E-06;-1.020203E-05;-0.07321566;-0.09042171;0.0000387
3497.7502822876;0.0000000;-0.0000387;4.311859E-06;-3.976183E-06;-0.07350186;-0.07070602;0.0000387
3498.81267547607;0.0000000;0.0000805;-8.969112E-06;6.112926E-05;-0.07854273;-0.06853998;-0.0000805
3499.87530708313;0.0000000;0.0000210;-2.339768E-06;-2.028884E-05;-0.07359145;-0.08224528;-0.0000210
3500.93770027161;0.0000000;0.0000210;-2.339768E-06;-7.028854E-06;-0.07428955;-0.07726724;-0.0000210
3502.00009346008;0.0000000;0.0000210;-2.339768E-06;-2.739456E-06;-0.07452651;-0.08005026;-0.0000210
3503.06272506714;0.0000000;-0.0000387;4.311859E-06;-3.821947E-05;-0.07186887;-0.06700224;0.0000387
3504.12511825562;0.0000000;-0.0000983;1.095234E-05;-5.210381E-05;-0.07026547;-0.07664202;0.0000983
3505.18774986267;0.0000000;-0.0000388;4.323E-06;2.562332E-06;-0.07386027;-0.04077592;0.0000388
3506.25014305115;0.0000000;-0.0000388;4.323E-06;9.986543E-07;-0.07374789;-0.0764963;0.0000388
3507.3127746582;0.0000000;0.0000210;-2.339768E-06;2.072464E-05;-0.07560918;-0.06766465;-0.0000210
3508.37516784668;0.0000000;0.0000210;-2.339768E-06;8.077312E-06;-0.07497967;-0.06924062;-0.0000210
3509.43779945374;0.0000000;0.0000210;-2.339768E-06;2.798299E-06;-0.07472931;-0.08455909;-0.0000210
3510.50019264221;0.0000000;-0.0000387;4.311859E-06;-2.217712E-05;-0.07258197;-0.06681933;0.0000387
3511.56258583069;0.0000000;-0.0000387;4.311859E-06;-7.683027E-06;-0.07328714;-0.07481284;0.0000387
3512.62521743774;0.0000000;0.0000805;-8.969112E-06;7.717071E-05;-0.07931129;-0.08286946;-0.0000805
3513.68761062622;0.0000000;0.0000210;-2.339768E-06;-7.833944E-06;-0.07417248;-0.0744801;-0.0000210
3514.75024223328;0.0000000;0.0000210;-2.339768E-06;-3.053235E-06;-0.07443459;-0.0594613;-0.0000210
3515.81263542175;0.0000000;-0.0000387;4.311859E-06;-5.412443E-05;-0.07099798;-0.0929433;0.0000387
3516.87526702881;0.0000000;-0.0000387;4.311859E-06;-2.109469E-05;-0.07265548;-0.1062435;0.0000387
3517.93766021729;0.0000000;-0.0000387;4.311859E-06;-7.308031E-06;-0.07332449;-0.04806057;0.0000387
3519.00029182434;0.0000000;0.0000209;-2.328626E-06;4.424309E-05;-0.07677789;-0.0778873;-0.0000209
3520.06268501282;0.0000000;0.0000805;-8.969112E-06;5.545399E-05;-0.07823186;-0.08198795;-0.0000805
3521.12507820129;0.0000000;0.0000210;-2.339768E-06;-1.267704E-05;-0.07394172;-0.07443672;-0.0000210
3522.18770980835;0.0000000;0.0000210;-2.339768E-06;-4.391828E-06;-0.0743853;-0.08865665;-0.0000210
3523.25010299683;0.0000000;-0.0000387;4.311859E-06;-5.477836E-05;-0.07098152;-0.08510372;0.0000387
3524.31273460388;0.0000000;-0.0000387;4.311859E-06;-1.897738E-05;-0.07277676;-0.07352625;0.0000387
3525.37512779236;0.0000000;-0.0000388;4.323E-06;1.348366E-05;-0.07437265;-0.0680346;0.0000388
3526.43775939941;0.0000000;-0.0000388;4.323E-06;4.671273E-06;-0.07388537;-0.06264529;0.0000388
3527.50015258789;0.0000000;0.0000805;-8.969112E-06;8.097458E-05;-0.07947969;-0.05934764;-0.0000805
3528.56278419495;0.0000000;0.0000805;-8.969112E-06;2.805278E-05;-0.07684778;-0.03996573;-0.0000805
3529.62517738342;0.0000000;0.0000210;-2.339768E-06;-3.085534E-05;-0.0730481;-0.0841912;-0.0000210
3530.68780899048;0.0000000;-0.0000387;4.311859E-06;-4.013774E-05;-0.07171825;-0.05311815;0.0000387
3531.75020217896;0.0000000;-0.0000387;4.311859E-06;-1.564346E-05;-0.0729391;-0.07221068;0.0000387
3532.81259536743;0.0000000;-0.0000387;4.311859E-06;-5.41951E-06;-0.07342581;-0.07520869;0.0000387
3533.87522697449;0.0000000;-0.0000387;4.311859E-06;-2.112223E-06;-0.07356272;-0.07506296;0.0000387
3534.93762016296;0.0000000;-0.0000387;4.311859E-06;-7.317574E-07;-0.07359702;-0.05513436;0.0000387
3536.00025177002;0.0000000;-0.0000387;4.311859E-06;-2.851983E-07;-0.07358757;-0.1048928;0.0000387
3537.0626449585;0.0000000;-0.0000387;4.311859E-06;-9.880392E-08;-0.07356077;-0.08411577;0.0000387
3538.12527656555;0.0000000;-0.0000387;4.311859E-06;-3.850828E-08;-0.07353155;-0.07008389;0.0000387
3539.18766975403;0.0000000;-0.0000387;4.311859E-06;-1.334079E-08;-0.07349649;-0.08202515;0.0000387
3540.25030136108;0.0000000;-0.0000387;4.311859E-06;-5.199496E-09;-0.0734646;-0.06374589;0.0000387
3541.31269454956;0.0000000;-0.0000387;4.311859E-06;-1.80131E-09;-0.07342846;-0.1012924;0.0000387
3542.37508773804;0.0000000;0.0000209;-2.328626E-06;2.322806E-05;-0.07547024;-0.06682343;-0.0000209
3543.43771934509;0.0000000;-0.0000387;4.311859E-06;-3.904424E-05;-0.07145568;-0.0784712;0.0000387
3544.50011253357;0.0000000;-0.0000387;4.311859E-06;-1.521727E-05;-0.07264238;-0.04927379;0.0000387
3545.56274414063;0.0000000;-0.0000387;4.311859E-06;-5.271862E-06;-0.07311484;-0.0905292;0.0000387
3546.6251373291;0.0000000;0.0000209;-2.328626E-06;4.503668E-05;-0.07650468;-0.07008287;-0.0000209
3547.68776893616;0.0000000;0.0000209;-2.328626E-06;1.560248E-05;-0.07501845;-0.07323379;-0.0000209
3548.75016212463;0.0000000;0.0000209;-2.328626E-06;6.080978E-06;-0.07454877;-0.07041767;-0.0000209
3549.81279373169;0.0000000;0.0000210;-2.339768E-06;-4.014124E-06;-0.07406583;-0.05960393;-0.0000210
3550.87518692017;0.0000000;0.0000210;-2.339768E-06;-1.564482E-06;-0.07420868;-0.109506;-0.0000210
3551.93758010864;0.0000000;0.0000210;-2.339768E-06;-5.419983E-07;-0.07428072;-0.0881823;-0.0000210
3553.0002117157;0.0000000;0.0000210;-2.339768E-06;-4.854436E-06;-0.07408381;-0.07143769;-0.0000210
3554.06260490417;0.0000000;0.0000210;-2.339768E-06;-1.681768E-06;-0.07426586;-0.06337697;-0.0000210
3555.12523651123;0.0000000;0.0000210;-2.339768E-06;-6.554595E-07;-0.0743359;-0.1248534;-0.0000210
3556.18762969971;0.0000000;0.0000210;-2.339768E-06;-2.27077E-07;-0.07437753;-0.07418661;-0.0000210
3557.25026130676;0.0000000;0.0000210;-2.339768E-06;-4.215784E-06;-0.0741972;-0.06916828;-0.0000210
3558.31265449524;0.0000000;0.0000210;-2.339768E-06;-1.460514E-06;-0.07435787;-0.07315938;-0.0000210
3559.37528610229;0.0000000;0.0000210;-2.339768E-06;-5.69227E-07;-0.07442099;-0.05451223;-0.0000210
3560.43767929077;0.0000000;-0.0000387;4.311859E-06;-5.326387E-05;-0.07090133;-0.09514345;0.0000387
3561.50031089783;0.0000000;-0.0000387;4.311859E-06;-2.075929E-05;-0.07253195;-0.06458608;0.0000387
3562.5627040863;0.0000000;-0.0000387;4.311859E-06;-7.191837E-06;-0.07318972;-0.05531933;0.0000387
3563.62509727478;0.0000000;0.0000209;-2.328626E-06;3.440501E-05;-0.0761463;-0.09166288;-0.0000209
3564.68772888184;0.0000000;0.0000209;-2.328626E-06;1.191925E-05;-0.07501555;-0.07964311;-0.0000209
3565.75012207031;0.0000000;0.0000209;-2.328626E-06;4.645461E-06;-0.07466086;-0.0674435;-0.0000209
3566.81275367737;0.0000000;0.0000209;-2.328626E-06;1.609371E-06;-0.07452515;-0.08657324;-0.0000209
3567.87514686584;0.0000000;-0.0000387;4.311859E-06;-3.244652E-05;-0.07193331;-0.05535448;0.0000387
3568.9377784729;0.0000000;-0.0000387;4.311859E-06;-1.124075E-05;-0.07298186;-0.08627666;0.0000387
3570.00017166138;0.0000000;-0.0000387;4.311859E-06;-4.38102E-06;-0.07330051;-0.0835629;0.0000387
3571.06280326843;0.0000000;0.0000209;-2.328626E-06;5.146002E-05;-0.07696311;-0.06997333;-0.0000209
3572.12519645691;0.0000000;0.0000209;-2.328626E-06;2.005625E-05;-0.07537394;-0.07638676;-0.0000209
3573.18758964539;0.0000000;0.0000209;-2.328626E-06;6.948278E-06;-0.07472295;-0.06664257;-0.0000209
3574.25022125244;0.0000000;0.0000209;-2.328626E-06;2.708052E-06;-0.07452347;-0.09777974;-0.0000209
3575.31261444092;0.0000000;0.0000209;-2.328626E-06;9.38176E-07;-0.07445254;-0.06835809;-0.0000209
3576.37524604797;0.0000000;0.0000209;-2.328626E-06;3.656488E-07;-0.07444069;-0.0800854;-0.0000209
3577.43763923645;0.0000000;0.0000209;-2.328626E-06;1.266752E-07;-0.07444808;-0.06810077;-0.0000209
3578.50027084351;0.0000000;0.0000209;-2.328626E-06;4.937093E-08;-0.07446156;-0.06839941;-0.0000209
3579.56266403198;0.0000000;0.0000209;-2.328626E-06;1.710403E-08;-0.07447954;-0.07942402;-0.0000209
3580.62529563904;0.0000000;0.0000209;-2.328626E-06;6.6662E-09;-0.07449643;-0.05278951;-0.0000209
3581.68768882751;0.0000000;-0.0000387;4.311859E-06;-2.939659E-05;-0.07213858;-0.0663088;0.0000387
3582.75008201599;0.0000000;-0.0000387;4.311859E-06;-1.145716E-05;-0.07302407;-0.05938381;0.0000387
3583.81271362305;0.0000000;0.0000209;-2.328626E-06;1.925955E-05;-0.07544484;-0.0759083;-0.0000209
3584.87510681152;0.0000000;0.0000209;-2.328626E-06;7.506302E-06;-0.07486097;-0.06345034;-0.0000209
3585.93773841858;0.0000000;0.0000209;-2.328626E-06;2.600479E-06;-0.0746296;-0.08088736;-0.0000209
3587.00013160706;0.0000000;-0.0000387;4.311859E-06;-3.619447E-05;-0.07180154;-0.07411221;0.0000387
3588.06276321411;0.0000000;-0.0000387;4.311859E-06;-1.253919E-05;-0.0729754;-0.07927933;0.0000387
3589.12515640259;0.0000000;-0.0000387;4.311859E-06;-4.887079E-06;-0.07333457;-0.06338108;0.0000387
3590.18778800964;0.0000000;0.0000805;-8.969112E-06;6.858868E-05;-0.07878502;-0.06451682;-0.0000805
3591.25018119812;0.0000000;0.0000805;-8.969112E-06;2.673205E-05;-0.07671081;-0.1037488;-0.0000805
3592.31281280518;0.0000000;-0.0000387;4.311859E-06;-5.852248E-05;-0.07068466;-0.05139646;0.0000387
3593.37520599365;0.0000000;-0.0000387;4.311859E-06;-2.280881E-05;-0.07247948;-0.05850539;0.0000387
3594.43759918213;0.0000000;-0.0000983;1.095234E-05;-4.097564E-05;-0.07064674;-0.05407199;0.0000983
3595.50023078918;0.0000000;-0.0000388;4.323E-06;1.704825E-05;-0.07439873;-0.07228303;0.0000388
3596.56262397766;0.0000000;-0.0000388;4.323E-06;5.906187E-06;-0.07379228;-0.07198645;0.0000388
3597.62525558472;0.0000000;0.0000805;-8.969112E-06;0.0001083463;-0.08068638;-0.06440419;-0.0000805
3598.68764877319;0.0000000;0.0000805;-8.969112E-06;4.079651E-05;-0.07729991;-0.06707869;-0.0000805
3599.75028038025;0.0000000;0.0000210;-2.339768E-06;-1.344937E-05;-0.07372011;-0.06206346;-0.0000210
3600.81267356873;0.0000000;0.0000210;-2.339768E-06;-4.659391E-06;-0.07418953;-0.05773549;-0.0000210
3601.87530517578;0.0000000;0.0000210;-2.339768E-06;-1.815971E-06;-0.07435253;-0.06484237;-0.0000210
3602.93769836426;0.0000000;0.0000210;-2.339768E-06;-6.29124E-07;-0.07443297;-0.06081201;-0.0000210
3604.00009155273;0.0000000;-0.0000387;4.311859E-06;-2.64214E-05;-0.07225008;-0.05956775;0.0000387
3605.06272315979;0.0000000;-0.0000387;4.311859E-06;-9.153415E-06;-0.07309716;-0.06348857;0.0000387
3606.12511634827;0.0000000;-0.0000387;4.311859E-06;-3.567492E-06;-0.07335062;-0.05389319;0.0000387
3607.18774795532;0.0000000;0.0000805;-8.969112E-06;6.385182E-05;-0.07850365;-0.1053268;-0.0000805
3608.2501411438;0.0000000;0.0000210;-2.339768E-06;-1.690287E-05;-0.0735863;-0.06722853;-0.0000210
3609.31277275085;0.0000000;0.0000210;-2.339768E-06;-5.855819E-06;-0.07417118;-0.08158389;-0.0000210
3610.37516593933;0.0000000;-0.0000983;1.095234E-05;-6.740899E-05;-0.06929796;-0.07884012;0.0000983
3611.43779754639;0.0000000;-0.0000388;4.323E-06;2.365922E-05;-0.07471163;-0.0694256;0.0000388
3612.50019073486;0.0000000;-0.0000388;4.323E-06;9.221045E-06;-0.0739406;-0.07224171;0.0000388
3613.56258392334;0.0000000;0.0000805;-8.969112E-06;6.367025E-05;-0.07843767;-0.09268495;-0.0000805
3614.6252155304;0.0000000;0.0000805;-8.969112E-06;2.481512E-05;-0.07651702;-0.09063669;-0.0000805
3615.68760871887;0.0000000;0.0000210;-2.339768E-06;-1.201621E-05;-0.07381795;-0.07337848;-0.0000210
3616.75024032593;0.0000000;0.0000210;-2.339768E-06;-4.683251E-06;-0.07421063;-0.07883704;-0.0000210
3617.8126335144;0.0000000;-0.0000387;4.311859E-06;-2.779867E-05;-0.07216687;-0.09261569;0.0000387
3618.87526512146;0.0000000;-0.0000387;4.311859E-06;-1.083437E-05;-0.07300247;-0.09968641;0.0000387
3619.93765830994;0.0000000;-0.0000387;4.311859E-06;-3.753455E-06;-0.07332838;-0.0562701;0.0000387
3621.00028991699;0.0000000;0.0000209;-2.328626E-06;3.161088E-05;-0.0759723;-0.0656133;-0.0000209
3622.06268310547;0.0000000;0.0000210;-2.339768E-06;5.510533E-06;-0.07467053;-0.06216683;-0.0000210
3623.12531471252;0.0000000;0.0000210;-2.339768E-06;-1.184637E-05;-0.0738187;-0.08514504;-0.0000210
3624.187707901;0.0000000;0.0000210;-2.339768E-06;-4.104049E-06;-0.07423452;-0.06403629;-0.0000210
3625.25010108948;0.0000000;0.0000210;-2.339768E-06;-1.59953E-06;-0.07438018;-0.06989789;-0.0000210
3626.31273269653;0.0000000;0.0000210;-2.339768E-06;-5.541403E-07;-0.07445338;-0.0685441;-0.0000210
3627.37512588501;0.0000000;-0.0000387;4.311859E-06;-2.348371E-05;-0.07241069;-0.08576408;0.0000387
3628.43775749207;0.0000000;-0.0000387;4.311859E-06;-8.135683E-06;-0.07315955;-0.07352419;0.0000387
3629.50015068054;0.0000000;-0.0000387;4.311859E-06;-3.170836E-06;-0.07338123;-0.05784607;0.0000387
3630.5627822876;0.0000000;0.0000209;-2.328626E-06;5.187928E-05;-0.07700337;-0.08287254;-0.0000209
3631.62517547607;0.0000000;0.0000805;-8.969112E-06;5.547997E-05;-0.07807203;-0.08411062;-0.0000805
3632.68780708313;0.0000000;0.0000210;-2.339768E-06;-1.792511E-05;-0.07353289;-0.06110653;-0.0000210
3633.75020027161;0.0000000;-0.0000387;4.311859E-06;-5.415658E-05;-0.07084706;-0.1052514;0.0000387
3634.81259346008;0.0000000;-0.0000387;4.311859E-06;-1.876198E-05;-0.07262151;-0.08726462;0.0000387
3635.87522506714;0.0000000;-0.0000387;4.311859E-06;-7.312374E-06;-0.07317497;-0.07553937;0.0000387
3636.93761825562;0.0000000;-0.0000387;4.311859E-06;-2.533294E-06;-0.07338313;-0.08030757;0.0000387
3638.00024986267;0.0000000;-0.0000387;4.311859E-06;-9.873371E-07;-0.07342991;-0.05865419;0.0000387
3639.06264305115;0.0000000;0.0000209;-2.328626E-06;3.273171E-05;-0.07598563;-0.09638669;-0.0000209
3640.1252746582;0.0000000;0.0000210;-2.339768E-06;8.685205E-06;-0.0747805;-0.05531933;-0.0000210
3641.18766784668;0.0000000;-0.0000387;4.311859E-06;-4.416148E-05;-0.07124684;-0.09297639;0.0000387
3642.25029945374;0.0000000;-0.0000387;4.311859E-06;-1.721169E-05;-0.07259329;-0.08546853;0.0000387
3643.31269264221;0.0000000;-0.0000387;4.311859E-06;-5.962807E-06;-0.07313243;-0.08231761;0.0000387
3644.37508583069;0.0000000;-0.0000387;4.311859E-06;-2.32397E-06;-0.07328629;-0.05649227;0.0000387
3645.43771743774;0.0000000;0.0000805;-8.969112E-06;4.565241E-05;-0.07747573;-0.09770945;-0.0000805
3646.50011062622;0.0000000;0.0000210;-2.339768E-06;-2.893634E-05;-0.07287383;-0.07429924;-0.0000210
3647.56274223328;0.0000000;0.0000210;-2.339768E-06;-1.002469E-05;-0.07386106;-0.05469412;-0.0000210
3648.62513542175;0.0000000;-0.0000387;4.311859E-06;-3.703633E-05;-0.07162821;-0.07473947;0.0000387
3649.68776702881;0.0000000;-0.0000387;4.311859E-06;-1.283084E-05;-0.07283022;-0.08590773;0.0000387
3650.75016021729;0.0000000;-0.0000387;4.311859E-06;-5.000749E-06;-0.07319852;-0.05425903;0.0000387
3651.81279182434;0.0000000;0.0000209;-2.328626E-06;2.43999E-05;-0.07554574;-0.09114926;-0.0000209
3652.87518501282;0.0000000;0.0000209;-2.328626E-06;9.509725E-06;-0.07480142;-0.08506858;-0.0000209
3653.93781661987;0.0000000;0.0000209;-2.328626E-06;3.294543E-06;-0.07450306;-0.08565351;-0.0000209
3655.00020980835;0.0000000;-0.0000387;4.311859E-06;-2.811487E-05;-0.07204038;-0.06905565;0.0000387
3656.06260299683;0.0000000;-0.0000388;4.323E-06;2.630385E-06;-0.07355065;-0.07609018;0.0000388
3657.12523460388;0.0000000;-0.0000388;4.323E-06;1.025178E-06;-0.07343613;-0.09305491;0.0000388
3658.18762779236;0.0000000;-0.0000388;4.323E-06;3.55162E-07;-0.07336544;-0.06598119;0.0000388
3659.25025939941;0.0000000;0.0000805;-8.969112E-06;0.0001002866;-0.08013742;-0.06217095;-0.0000805
3660.31265258789;0.0000000;0.0000210;-2.339768E-06;4.527416E-06;-0.07444222;-0.07821183;-0.0000210
3661.37528419495;0.0000000;0.0000210;-2.339768E-06;1.764535E-06;-0.07431839;-0.05890946;-0.0000210
3662.43767738342;0.0000000;0.0000210;-2.339768E-06;6.113045E-07;-0.07427911;-0.08909791;-0.0000210
3663.50030899048;0.0000000;-0.0000387;4.311859E-06;-2.920998E-05;-0.07189631;-0.05912855;0.0000387
3664.56270217896;0.0000000;-0.0000387;4.311859E-06;-1.011949E-05;-0.07283665;-0.06132871;0.0000387
3665.62509536743;0.0000000;0.0000209;-2.328626E-06;3.791497E-05;-0.07611635;-0.0693512;-0.0000209
3666.68772697449;0.0000000;0.0000209;-2.328626E-06;1.313524E-05;-0.07486824;-0.08304928;-0.0000209
3667.75012016296;0.0000000;0.0000209;-2.328626E-06;5.119386E-06;-0.07447559;-0.05883608;-0.0000209
3668.81275177002;0.0000000;0.0000209;-2.328626E-06;1.773557E-06;-0.07432406;-0.09909942;-0.0000209
3669.8751449585;0.0000000;0.0000209;-2.328626E-06;6.912339E-07;-0.07428612;-0.05356147;-0.0000209
3670.93777656555;0.0000000;0.0000209;-2.328626E-06;2.394707E-07;-0.07428262;-0.0750981;-0.0000209
3672.00016975403;0.0000000;0.0000209;-2.328626E-06;9.333234E-08;-0.07429259;-0.06916623;-0.0000209
3673.06280136108;0.0000000;0.0000209;-2.328626E-06;3.2334E-08;-0.0743091;-0.09213826;-0.0000209
3674.12519454956;0.0000000;0.0000209;-2.328626E-06;1.2602E-08;-0.07432552;-0.04531989;-0.0000209
3675.18758773804;0.0000000;-0.0000983;1.095234E-05;-5.262329E-05;-0.06989345;-0.06938428;0.0000983
3676.25021934509;0.0000000;-0.0000388;4.323E-06;5.578882E-06;-0.07366699;-0.06737424;0.0000388
3677.31261253357;0.0000000;0.0000209;-2.328626E-06;4.910312E-05;-0.07670701;-0.07744397;-0.0000209
3678.37524414063;0.0000000;0.0000210;-2.339768E-06;-1.052247E-05;-0.07371895;-0.05612541;-0.0000210
3679.4376373291;0.0000000;0.0000210;-2.339768E-06;-6.906457E-06;-0.07392986;-0.07121757;-0.0000210
3680.50026893616;0.0000000;-0.0000387;4.311859E-06;-2.886795E-05;-0.07194295;-0.05538962;0.0000387
3681.56266212463;0.0000000;-0.0000387;4.311859E-06;-1.0001E-05;-0.07287184;-0.08726565;0.0000387
3682.62529373169;0.0000000;-0.0000387;4.311859E-06;-3.897832E-06;-0.07315177;-0.08422633;0.0000387
3683.68768692017;0.0000000;-0.0000387;8.764518E-05;-1.350362E-06;-0.07412308;-0.07374637;0.0000387
3684.75031852722;0.0000000;-0.0000387;-0.0004123548;-5.262962E-07;-0.08046423;-0.1106418;0.0000387
3685.8127117157;0.0001402;0.0000209;0.001164008;5.279545E-05;0.01683756;-0.01724998;0.0001193
3686.87510490417;0.0010246;0.0005573;0.0001988753;0.000373134;-0.129046;-0.1038424;0.0004673
3687.93773651123;0.0010000;0.0010341;-3.799338E-06;0.0003776743;-0.09313314;-0.07690665;-0.0000341
3689.00012969971;0.0010000;0.0009746;2.830005E-06;0.0001001841;-0.07811829;-0.04915024;0.0000254
3690.06276130676;0.0010000;0.0007362;2.939194E-05;-0.000100705;-0.0643428;-0.06502739;0.0002638
3691.12515449524;0.0010000;0.0006170;4.267292E-05;-0.0001017219;-0.06233042;-0.10058;0.0003830
3692.18778610229;0.0010000;0.0005574;4.93134E-05;-5.846923E-05;-0.06329799;-0.04077085;0.0004426
3693.25017929077;0.0010234;0.0007361;3.201026E-05;9.348623E-05;-0.08751693;-0.09366442;0.0002873
3694.31281089783;0.0008711;0.0007361;0.0001208356;3.238731E-05;0.02038703;-0.02538771;0.0001350
3695.3752040863;0.0017002;0.0010341;0.001064775;0.0002316952;-0.07520487;-0.01497131;0.0006661
3696.43759727478;0.0020220;0.0016898;-4.892459E-05;0.0004449659;-0.09946474;-0.09936562;0.0003322
3697.50022888184;0.0020000;0.0018090;2.128075E-05;0.0002297255;-0.08002043;-0.1005921;0.0001910
3698.56262207031;0.0020000;0.0016899;3.455058E-05;-1.518057E-05;-0.06561648;-0.08081532;0.0003101
3699.62525367737;0.0020096;0.0016303;-2.707526E-05;-5.30079E-05;-0.07616463;-0.06803828;0.0003793
3700.68764686584;0.0020000;0.0014515;0.001144446;-9.780962E-05;0.05940183;0.04346216;0.0005485
3701.7502784729;0.0030000;0.0018686;0.0003760578;0.0002505301;-0.1157206;-0.03645337;0.0011314
3702.81267166138;0.0030096;0.0025839;0.0001167664;0.0004859878;-0.09298228;-0.08973188;0.0004257
3703.87530326843;0.0029507;0.0027627;-0.0003459155;0.0002829215;-0.06414638;-0.09411053;0.0001880
3704.93769645691;0.0032856;0.0028223;0.001220891;0.0001509929;-0.002280673;0.008772181;0.0004633
3706.00008964539;0.0040376;0.0032395;0.0001540265;0.0003302647;-0.1095188;-0.1310186;0.0007981
3707.06272125244;0.0040218;0.0035971;7.303517E-05;0.0002858537;-0.08812664;-0.09298916;0.0004247
3708.12511444092;0.0038808;0.0035971;-0.0001418934;0.0001114099;-0.0102575;-0.05948139;0.0002837
3709.18774604797;0.0045703;0.0034780;0.001205035;-7.821786E-06;-0.03000253;-0.0131373;0.0010923
3710.25013923645;0.0050625;0.0040740;6.846954E-05;0.0003654975;-0.1074597;-0.07485638;0.0009885
3711.31277084351;0.0048711;0.0044316;0.0001547623;0.0003183379;0.01754066;-0.02351339;0.0004395
3712.37516403198;0.0057220;0.0047296;0.001075414;0.0003473991;-0.08430728;-0.02424685;0.0009924
3713.43779563904;0.0059160;0.0053853;0.0002362126;0.0005091772;0.01335423;-0.03685386;0.0005307
3714.50018882751;0.0068169;0.0059217;0.0009721367;0.0005662591;-0.09949668;-0.0160324;0.0008952
3715.56282043457;0.0070205;0.0065178;-0.0001028446;0.0005050651;-0.09873501;-0.1055412;0.0005027
3716.62521362305;0.0069370;0.0066370;0.0004575789;0.0002462074;0.04540959;-0.006583223;0.0003000
3717.68760681152;0.0080000;0.0069350;-4.800691E-05;0.0003000825;-0.1179562;-0.07220694;0.0010650
3718.75023841858;0.0080000;0.0072926;0.001245483;0.0003262385;0.04899094;-0.004806721;0.0007074
3719.81263160706;0.0089752;0.0079483;-0.0001056373;0.0004887279;-0.0968312;-0.09686808;0.0010269
3720.87526321411;0.0091498;0.0084251;0.001300796;0.000465912;0.01390741;0.01631428;0.0007247
3721.93765640259;0.0099473;0.0091404;-0.0001288472;0.0005704885;-0.07407295;-0.1261954;0.0008069
3723.00028800964;0.0103027;0.0095576;0.001301767;0.0004504918;-0.0122309;-0.01184001;0.0007451
3724.06268119812;0.0109443;0.0103325;-7.669147E-05;0.0006057856;-0.0628909;-0.09376923;0.0006118
3725.12531280518;0.0113115;0.0106901;0.001040589;0.0004578494;0.03052635;0.009008418;0.0006214
3726.18770599365;0.0126328;0.0115246;0.001165139;0.0006477252;-0.08997206;-0.02666517;0.0011082
3727.25009918213;0.0129297;0.0124782;-3.302828E-05;0.0008068495;-0.05067864;-0.08470173;0.0004515
3728.31273078918;0.0135713;0.0129551;0.00116501;0.0005534798;0.01730684;-0.00287541;0.0006162
3729.37512397766;0.0147539;0.0137895;0.001001657;0.0007421242;-0.1108902;-0.08118714;0.0009644
3730.43775558472;0.0149331;0.0146240;0.0001620433;0.000704143;-0.004779341;-0.03667806;0.0003091
3731.50014877319;0.0157109;0.0151008;0.001203392;0.000566177;0.0117434;0.02013752;0.0006101
3732.56278038025;0.0169380;0.0162333;0.0006543623;0.0008807289;-0.143197;-0.09957303;0.0007047
3733.62517356873;0.0169575;0.0169486;0.0002652995;0.0007717431;0.006240327;-0.01520679;0.0000089
3734.68780517578;0.0180000;0.0174850;0.00105738;0.000608327;-0.01605209;-0.00103516;0.0005150
3735.75019836426;0.0190000;0.0184387;0.0009792054;0.0008374407;-0.02577044;-0.01820707;0.0005613
3736.81259155273;0.0201743;0.0198096;0.001407496;0.001099191;-0.05837945;-0.01172703;0.0003647
3737.87522315979;0.0209848;0.0209421;-0.0001459585;0.001096682;-0.1382541;-0.1610136;0.0000427
3738.93761634827;0.0212124;0.0214785;0.0009052476;0.0006371063;0.008682504;-0.02493076;-0.0002661
3740.00024795532;0.0222500;0.0217765;0.001052756;0.0004605185;-0.008106337;-0.005037609;0.0004735
3741.0626411438;0.0233750;0.0226706;0.001078482;0.0007120657;-0.01712236;0.01090639;0.0007044
3742.12527275085;0.0243750;0.0236839;0.001077001;0.0008823415;-0.02545412;-0.00444021;0.0006911
3743.18766593933;0.0255000;0.0251144;0.001042963;0.001146139;-0.04273893;-0.07352191;0.0003856
3744.25029754639;0.0265000;0.0261873;0.00103484;0.001099954;-0.04111098;-0.0585858;0.0003127
3745.31269073486;0.0276250;0.0273198;0.001034005;0.001032826;-0.03750465;-0.02697309;0.0003052
3746.37532234192;0.0286250;0.0282139;0.001045804;0.0009368215;-0.03081887;-0.03890675;0.0004111
3747.4377155304;0.0297671;0.0292271;0.001010686;0.0008975443;-0.04186766;-0.03716664;0.0005400
3748.50010871887;0.0306440;0.0300616;0.00132791;0.0008369652;0.08282515;0.02999338;0.0005824
3749.56274032593;0.0327925;0.0314921;0.001879588;0.001139391;-0.06502086;-0.02136001;0.0013004
3750.6251335144;0.0338859;0.0331014;0.0009978886;0.001426311;-0.05239254;-0.04963348;0.0007845
3751.68776512146;0.0350000;0.0345915;0.001128847;0.001353361;-0.04986256;-0.0531703;0.0004085
3752.75015830994;0.0360000;0.0356644;0.000620725;0.001181283;-0.0481061;-0.05747308;0.0003356
3753.81278991699;0.0372652;0.0367969;0.002202893;0.001087243;0.05777132;0.06668192;0.0004683
3754.87518310547;0.0391592;0.0381678;0.001326605;0.001293859;-0.08499569;-0.05939209;0.0009914
3755.93781471252;0.0401597;0.0397175;0.0007654146;0.001326166;-0.007224394;-0.05573235;0.0004422
3757.000207901;0.0415356;0.0409096;0.002239018;0.001252926;0.02861809;0.05354044;0.0006260
3758.06260108948;0.0434385;0.0426382;0.001117813;0.00147041;-0.08839998;-0.06506108;0.0008003
3759.12523269653;0.0442558;0.0439495;0.0008606245;0.001347961;0.01159758;-0.03829368;0.0003063
3760.18762588501;0.0460938;0.0453800;0.002162863;0.001314759;-0.03294928;0.01791192;0.0007138
3761.25025749207;0.0474063;0.0469893;0.0009631279;0.00150171;0.001485372;-0.0347598;0.0004170
3762.31265068054;0.0493470;0.0486582;0.002041588;0.001524266;-0.06533114;-0.001461981;0.0006888
3763.3752822876;0.0505280;0.0502676;0.001064169;0.001573645;0.01886306;-0.03687709;0.0002604
3764.43767547607;0.0525840;0.0519365;0.001895059;0.001527179;-0.08457569;-0.009554307;0.0006475
3765.50030708313;0.0536831;0.0534862;0.001149542;0.001494722;0.02674141;-0.002859663;0.0001969
3766.56270027161;0.0557295;0.0551552;0.002222841;0.001526753;0.02827742;-0.007140472;0.0005743
3767.62509346008;0.0578130;0.0570029;0.001666106;0.001735764;-0.1119539;-0.06393891;0.0008101
3768.68772506714;0.0590000;0.0588506;0.001683312;0.001640553;0.04976731;0.005094299;0.0001494
3769.75011825562;0.0610000;0.0603408;0.002490113;0.001556547;0.01836343;0.01000376;0.0006592
3770.81274986267;0.0631098;0.0625461;0.0009120899;0.001822375;-0.09480267;-0.05242467;0.0005637
3771.87514305115;0.0642254;0.0641555;0.001860978;0.001676042;0.04065415;-0.001756457;0.0000699
3772.9377746582;0.0665000;0.0660032;0.002055352;0.00168534;0.003453998;-0.01365415;0.0004968
3774.00016784668;0.0685000;0.0679105;0.00206568;0.001842721;-0.00280826;-0.01117678;0.0005895
3775.06279945374;0.0707500;0.0702351;0.002057369;0.002018102;-0.01226897;-0.00477675;0.0005149
3776.12519264221;0.0727500;0.0723213;0.002047765;0.002070539;-0.01575586;-0.003763753;0.0004287
3777.18782424927;0.0750000;0.0748843;0.002012891;0.002210952;-0.02708377;-0.01056803;0.0001157
3778.25021743774;0.0770000;0.0770301;0.001996646;0.002174254;-0.02721694;-0.02773849;-0.0000301
3779.31261062622;0.0792500;0.0792950;0.001994986;0.00205488;-0.02137963;-0.0179772;-0.0000450
3780.37524223328;0.0812500;0.0812024;0.002005303;0.001953804;-0.01492263;-0.04579612;0.0000476
3781.43763542175;0.0835000;0.0832289;0.002030205;0.00184323;-0.005988396;-0.003284578;0.0002711
3782.50026702881;0.0855000;0.0850767;0.002047163;0.001845178;-0.003658854;-0.01973611;0.0004233
3783.56266021729;0.0877596;0.0870436;0.002010439;0.001758326;-0.008321509;-0.001796367;0.0007160
3784.62529182434;0.0896870;0.0889510;0.002506157;0.001849011;0.1169625;0.05310972;0.0007360
3785.68768501282;0.0930000;0.0915140;0.0024989;0.00218626;-0.05435341;-0.01268164;0.0014860
3786.75031661987;0.0950000;0.0941962;0.001672891;0.002493485;-0.03548474;-0.03087895;0.0008038
3787.81270980835;0.0973902;0.0968784;0.003207739;0.002433855;0.06288763;0.04858397;0.0005118
3788.87510299683;0.1002842;0.0996202;0.002290127;0.002649293;-0.08567975;-0.07545773;0.0006640
3789.93773460388;0.1024097;0.1024812;0.001708179;0.002553936;-0.004407074;-0.03554825;-0.0000715
3791.00012779236;0.1048027;0.1045674;0.003244966;0.00229886;0.03266826;0.05577768;0.0002353
3792.06275939941;0.1076725;0.1074284;0.001856624;0.002479262;-0.005149396;-0.03304302;0.0002441
3793.12515258789;0.1102025;0.1097530;0.003220655;0.002398013;0.004262715;0.03395578;0.0004495
3794.18778419495;0.1129297;0.1126736;0.0019452;0.002513936;0.00420652;-0.01288769;0.0002561
3795.25017738342;0.1154375;0.1150578;0.003083972;0.002410881;0.0692182;0.07992931;0.0003797
3796.31280899048;0.1190039;0.1183361;0.00296861;0.002761185;-0.07379547;-0.02449094;0.0006678
3797.37520217896;0.1211748;0.1211971;0.002006955;0.002777557;0.009118307;-0.05194944;-0.0000223
3798.43759536743;0.1242280;0.1242369;0.003085937;0.002712517;0.02173998;0.004007527;-0.0000089
3799.50022697449;0.1272329;0.1270980;0.003064509;0.002791387;0.02477832;0.02183683;0.0001349
3800.56262016296;0.1306880;0.1304954;0.002597305;0.002922939;-0.1116129;-0.0750491;0.0001926
3801.62525177002;0.1327075;0.1332372;0.002206281;0.002750112;0.04025717;-0.04028108;-0.0005297
3802.6876449585;0.1360000;0.1361579;0.002982407;0.002657646;0.01177399;0.042953;-0.0001579
3803.75027656555;0.1390000;0.1389593;0.003004534;0.00275759;0.009423273;-0.02722196;0.0000407
3804.81266975403;0.1423750;0.1422971;0.003008679;0.002896408;0.002906899;0.03421442;0.0000779
3805.87530136108;0.1453750;0.1455754;0.002977672;0.003136423;-0.01333108;-0.0005978066;-0.0002004
3806.93769454956;0.1487671;0.1491517;0.003006628;0.003170957;-0.02741215;-0.003146537;-0.0003846
3808.00008773804;0.1516597;0.1524299;0.002630332;0.003235046;0.01076399;-0.02445019;-0.0007702
3809.06271934509;0.1555557;0.1561850;0.004074741;0.00331951;0.01290402;0.0218512;-0.0006293
3810.12511253357;0.1591667;0.1599401;0.002916759;0.003601084;-0.07678006;-0.08052299;-0.0007734
3811.18774414063;0.1625234;0.1638740;0.002849519;0.003517683;-0.06660785;-0.07383626;-0.0013506
3812.2501373291;0.1653672;0.1669139;0.002786004;0.003207359;0.03616491;-0.04308977;-0.0015467
3813.31276893616;0.1695752;0.1703113;0.003908545;0.003113026;-0.02608712;0.02661604;-0.0007361
3814.37516212463;0.1729287;0.1737088;0.002816729;0.003284189;-0.06697223;-0.07585375;-0.0007801
3815.43779373169;0.1761440;0.1772255;0.003142523;0.003139492;0.0724951;0.00890862;-0.0010815
3816.50018692017;0.1800840;0.1805633;0.003769514;0.003259273;-0.06704925;-0.01174222;-0.0004793
3817.56281852722;0.1835825;0.1846164;0.003150105;0.003462346;0.047171;0.02968417;-0.0010339
3818.6252117157;0.1874795;0.1881927;0.004079391;0.003558549;0.02610528;0.0367051;-0.0007132
3819.68760490417;0.1920000;0.1927227;0.002836145;0.003838921;-0.1239178;-0.1056012;-0.0007227
3820.75023651123;0.1950000;0.1964182;0.003508654;0.003699283;0.03959941;7.502997E-05;-0.0014182
3821.81262969971;0.1995493;0.2005309;0.004257494;0.003685707;-0.0211277;-0.005699423;-0.0009816
3822.87526130676;0.2033598;0.2044052;0.002732808;0.003802163;-0.1044385;-0.08214395;-0.0010454
3823.93765449524;0.2069624;0.2081603;0.003801428;0.003485081;0.03652234;0.0129136;-0.0011979
3825.00028610229;0.2110000;0.2117366;0.00391793;0.003588163;0.0006296914;0.01314687;-0.0007366
3826.06267929077;0.2155000;0.2160281;0.00394116;0.003739737;-0.004770918;0.005394285;-0.0005281
3827.12531089783;0.2195000;0.2202004;0.003921963;0.00402604;-0.02232525;0.003059151;-0.0007004
3828.1877040863;0.2240000;0.2248496;0.003905339;0.004111463;-0.02949861;0.001609816;-0.0008496
3829.25009727478;0.2280000;0.2289623;0.003892783;0.004120269;-0.03228237;-0.03607097;-0.0009623
3830.31272888184;0.2325000;0.2334922;0.003889451;0.004055936;-0.0303358;-0.01770295;-0.0009922
3831.37512207031;0.2365000;0.2374262;0.003896805;0.003966756;-0.0256634;-0.03708833;-0.0009262
3832.43775367737;0.2410171;0.2417773;0.003865821;0.003905849;-0.03630286;-0.05083689;-0.0007602
3833.50014686584;0.2448940;0.2454728;0.004198532;0.003775821;0.09289751;0.03094852;-0.0005788
3834.5627784729;0.2504175;0.2501219;0.004767635;0.004052692;-0.05241273;0.01497323;0.0002956
3835.62517166138;0.2545205;0.2545923;0.003833146;0.004293377;-0.04985351;-0.0378145;-0.0000718
3836.68780326843;0.2590000;0.2593011;0.005133118;0.004214366;0.08472387;0.06821125;-0.0003011
3837.75019645691;0.2640000;0.2638310;0.003852163;0.00443318;-0.09246293;-0.02869333;0.0001690
3838.81258964539;0.2686498;0.2690166;0.005179184;0.004544702;0.03700475;0.05461097;-0.0003668
3839.87522125244;0.2734752;0.2737850;0.003745431;0.004690585;-0.08304559;-0.0759016;-0.0003098
3840.93761444092;0.2783027;0.2789110;0.005150975;0.004577396;0.002568815;0.008619472;-0.0006083
3842.00024604797;0.2829644;0.2836198;0.003757706;0.004655206;-0.06802946;-0.09001955;-0.0006554
3843.06263923645;0.2878333;0.2885669;0.004915334;0.004467522;0.03635177;0.001989135;-0.0007336
3844.12527084351;0.2928750;0.2933353;0.004948714;0.004677965;-0.0006569212;-0.00342101;-0.0004603
3845.18766403198;0.2984766;0.2989381;0.004948581;0.004871611;0.003560333;0.005786313;-0.0004615
3846.25029563904;0.3036328;0.3043026;0.004967039;0.00515599;-0.1053181;-0.09051614;-0.0006698
3847.31268882751;0.3084248;0.3099054;0.003844475;0.004995805;-0.03214758;-0.08850348;-0.0014806
3848.37532043457;0.3130931;0.3143758;0.004927722;0.004687043;0.0006281013;-0.02203372;-0.0012827
3849.43771362305;0.3187500;0.3196806;0.004896315;0.004750142;-0.01504903;0.02825748;-0.0009306
3850.50010681152;0.3237671;0.3247470;0.004841343;0.004969187;-0.04301209;-0.0361838;-0.0009799
3851.56273841858;0.3293120;0.3304690;0.005295243;0.005065195;0.07921936;0.04679754;-0.0011570
3852.62513160706;0.3352925;0.3360718;0.005647873;0.005434331;-0.08852476;-0.03457886;-0.0007793
3853.68776321411;0.3410000;0.3425687;0.004908552;0.005632168;-0.07364454;-0.07120982;-0.0015687
3854.75015640259;0.3460000;0.3479928;0.0043613;0.005493179;-0.08034324;-0.08081204;-0.0019928
3855.81278800964;0.3517652;0.3535360;0.005953417;0.00513781;0.03801669;0.02534056;-0.0017708
3856.87518119812;0.3576592;0.3589004;0.005077854;0.005293806;-0.1039568;-0.09102758;-0.0012412
3857.93781280518;0.3631768;0.3649801;0.004564705;0.005322461;-0.03778514;-0.07906441;-0.0018033
3859.00020599365;0.3684453;0.3700465;0.005707015;0.005181126;0.04731607;0.02785024;-0.0016012
3860.06259918213;0.3753692;0.3763646;0.006062597;0.005500664;-0.06562737;-0.01610379;-0.0009954
3861.12523078918;0.3807975;0.3822654;0.004665877;0.005725562;-0.05726443;-0.08684073;-0.0014679
3862.18762397766;0.3870937;0.3884047;0.005937265;0.005551171;-0.07029665;-0.01385223;-0.0013110
3863.25025558472;0.3924297;0.3937095;0.004774075;0.005372179;-0.02869284;-0.08262733;-0.0012798
3864.31264877319;0.3987181;0.3996700;0.005964579;0.005325123;0.0139428;0.01167167;-0.0009519
3865.37528038025;0.4047500;0.4053324;0.00593511;0.005544082;-0.009118954;-0.01713518;-0.0005824
3866.43767356873;0.4115000;0.4122466;0.005916815;0.005959372;-0.03326949;-0.01524346;-0.0007466
3867.50030517578;0.4175000;0.4184455;0.005894654;0.006110352;-0.04449347;-0.05571682;-0.0009455
3868.56269836426;0.4242500;0.4254192;0.00586973;0.00617699;-0.05203202;-0.04583263;-0.0011692
3869.62509155273;0.4302500;0.4313797;0.005874131;0.006034148;-0.04513993;-0.06073648;-0.0011297
3870.68772315979;0.4370000;0.4379958;0.00588905;0.005906322;-0.03775049;-0.02879065;-0.0009958
3871.75011634827;0.4430000;0.4438370;0.005990076;0.0058344;-0.03352739;-0.02137688;-0.0008370
3872.81274795532;0.4497007;0.4503935;0.005555948;0.005810014;-0.01409545;-0.05225723;-0.0006928
3873.8751411438;0.4558902;0.4562944;0.00710568;0.005877325;0.06169349;0.0274493;-0.0004042
3874.93777275085;0.4635547;0.4636854;0.006100021;0.006364857;-0.09702194;-0.112285;-0.0001307
3876.00016593933;0.4694097;0.4701227;0.005636705;0.00639602;-0.02344819;-0.04640808;-0.0007130
3877.06279754639;0.4767025;0.4770964;0.007126685;0.006293594;-0.02158967;0.02272333;-0.0003939
3878.12519073486;0.4831943;0.4837722;0.005790755;0.006532727;-0.05137222;-0.07834484;-0.0005779
3879.18782234192;0.4904375;0.4911035;0.006967463;0.006549956;0.02651627;0.01459754;-0.0006660
3880.2502155304;0.4976328;0.4981369;0.0069855;0.006883617;-0.10255;-0.04621364;-0.0005041
3881.31260871887;0.5046748;0.5060643;0.005854626;0.006949008;-0.04184945;-0.09643453;-0.0013895
3882.37524032593;0.5113431;0.5125612;0.00693492;0.006687162;-0.01177586;-0.02691855;-0.0012181
3883.4376335144;0.5192500;0.5203098;0.006881919;0.006828252;-0.03426376;-0.01301825;-0.0010598
3884.50026512146;0.5262500;0.5274028;0.006871558;0.006992153;-0.04487829;-0.02409569;-0.0011528
3885.56265830994;0.5341250;0.5355090;0.006845798;0.007134199;-0.05658468;-0.03480513;-0.0013840
3886.62528991699;0.5411250;0.5426019;0.006835447;0.007115088;-0.05809926;-0.06033093;-0.0014769
3887.68768310547;0.5490000;0.5503505;0.00684953;0.006957444;-0.04959461;-0.0454658;-0.0013505
3888.75031471252;0.5560000;0.5571455;0.006872371;0.006848816;-0.04220531;-0.04472045;-0.0011455
3889.812707901;0.5638846;0.5647153;0.006976781;0.006750194;-0.03923694;0.006764624;-0.0008307
3890.87510108948;0.5708257;0.5714506;0.006563512;0.006749506;-0.0153376;-0.02198412;-0.0006249
3891.93773269653;0.5790356;0.5791992;0.008151043;0.006887432;0.03470845;0.05862131;-0.0001636
3893.00012588501;0.5868047;0.5865902;0.007138482;0.00720483;-0.08895927;-0.07515775;0.0002145
3894.06275749207;0.5945058;0.5948752;0.00678534;0.007275293;0.003048352;-0.03281344;-0.0003694
3895.12515068054;0.6020775;0.6018490;0.008196031;0.007109785;-0.007668186;0.0606736;0.0002285
3896.1877822876;0.6104297;0.6103724;0.00692305;0.007383943;-0.01573532;-0.04108883;0.0000573
3897.25017547607;0.6179375;0.6178826;0.008047783;0.007453103;0.03849771;0.04310413;0.0000549
3898.31280708313;0.6271289;0.6268233;0.007928254;0.007809949;-0.1056748;-0.02479397;0.0003056
3899.37520027161;0.6342998;0.6346315;0.006972483;0.007804391;-0.02112319;-0.04841354;-0.0003317
3900.43759346008;0.6429780;0.6430358;0.008079497;0.007609508;0.001649508;0.01764649;-0.0000578
3901.50022506714;0.6510000;0.6509632;0.0080041;0.007825014;-0.01825134;-0.00805043;0.0000368
3902.56261825562;0.6600000;0.6600827;0.007990785;0.008020006;-0.02990607;-0.04924501;-0.0000827
3903.62524986267;0.6680000;0.6684273;0.007952391;0.008212138;-0.04481181;-0.0316661;-0.0004273
3904.68764305115;0.6770000;0.6778449;0.007905863;0.008327034;-0.05715341;-0.03632676;-0.0008449
3905.7502746582;0.6850000;0.6859511;0.00789403;0.008189945;-0.0523844;-0.06269233;-0.0009511
3906.81266784668;0.6940096;0.6949514;0.007964402;0.008084315;-0.05325063;-0.03806595;-0.0009418
3907.87529945374;0.7019507;0.7027596;0.007543012;0.007912475;-0.0217632;-0.08336207;-0.0008089
3908.93769264221;0.7112856;0.7115215;0.009142986;0.00784035;0.04042506;0.03646675;-0.0002359
3910.00032424927;0.7200547;0.7199854;0.008122304;0.008226614;-0.08789523;-0.06470703;0.0000693
3911.06271743774;0.7289026;0.7294625;0.00778983;0.008318356;-0.01028521;-0.008520315;-0.0005599
3912.12511062622;0.7373115;0.7374495;0.008955978;0.008139526;0.06011312;0.06302521;-0.0001380
3913.18774223328;0.7476328;0.7471055;0.009100417;0.008465909;-0.06544194;0.008191824;0.0005273
3914.25013542175;0.7559297;0.7558674;0.007923607;0.008615336;-0.02336176;-0.09441552;0.0000623
3915.31276702881;0.7655713;0.7653445;0.009121623;0.008474106;0.03849976;0.05683386;0.0002268
3916.37516021729;0.7747539;0.7742256;0.008953067;0.008722722;-0.09379532;-0.02273119;0.0005283
3917.43779182434;0.7839331;0.7838815;0.008133353;0.008587411;0.01947735;-0.06075243;0.0000516
3918.50018501282;0.7927280;0.7922858;0.009135206;0.008474346;0.02050684;-0.01806311;0.0004422
3919.56281661987;0.8028750;0.8020610;0.009090694;0.008645514;0.007391383;0.03661533;0.0008140
3920.62520980835;0.8118750;0.8110017;0.0090973;0.008837981;-0.0008976904;0.006415691;0.0008733
3921.68760299683;0.8220000;0.8214325;0.009146563;0.009101924;-0.01894405;-0.03271551;0.0005675
3922.75023460388;0.8310000;0.8307904;0.008606686;0.009248619;-0.03750353;-0.04738342;0.0002096
3923.81262779236;0.8412652;0.8412212;0.01015562;0.009283466;0.05732775;0.07061514;0.0000440
3924.87525939941;0.8511592;0.8510560;0.009227644;0.009629178;-0.09967077;-0.04625297;0.0001032
3925.93765258789;0.8611597;0.8618444;0.008639858;0.009563642;-0.02123082;-0.07895534;-0.0006847
3927.00028419495;0.8705527;0.8709639;0.01017294;0.009299637;0.01527582;0.03226924;-0.0004112
3928.06267738342;0.8812975;0.8814543;0.008811956;0.009307085;-0.01077137;-0.03770878;-0.0001568
3929.12530899048;0.8908275;0.8905739;0.01019883;0.009199841;0.002588805;0.03505055;0.0002536
3930.18770217896;0.9014297;0.9010047;0.008964018;0.009246354;0.01121878;-0.01581985;0.0004250
3931.25009536743;0.9109609;0.9100646;0.01014153;0.009131066;0.06750187;0.02980152;0.0008963
3932.31272697449;0.9222500;0.9210914;0.01012909;0.009597724;0.02537535;0.01561794;0.0011586
3933.37512016296;0.9322282;0.9310454;0.0101575;0.009834456;0.03015818;0.01004067;0.0011828
3934.43775177002;0.9436060;0.9424299;0.009868016;0.0100203;-0.09913898;-0.03233647;0.0011761
3935.5001449585;0.9527002;0.9522647;0.009126646;0.009873702;0.009204218;-0.04833513;0.0004355
3936.56277656555;0.9636761;0.9629339;0.01059637;0.009658623;0.1394562;0.1255674;0.0007422
3937.62516975403;0.9746675;0.9733647;0.01087986;0.01020943;-0.03770177;0.008030627;0.0013028
3938.68780136108;0.9860000;0.9854644;0.01005968;0.01055121;-0.02701196;-0.039643;0.0005356
3939.75019454956;0.9960000;0.9959549;0.01008836;0.01049028;-0.03147197;-0.0355204;0.0000451
3940.81282615662;1.0072007;1.0075182;0.009597762;0.01033955;-0.01210812;-0.05640691;-0.0003175
3941.87521934509;1.0173998;1.0174721;0.011212;0.01011252;0.07287419;0.06821188;-0.0000723
3942.93761253357;1.0294473;1.0292143;0.00980721;0.01034705;-0.01921418;-0.02926616;0.0002330
3944.00024414063;1.0398027;1.0397047;0.01122967;0.01044147;0.03017049;0.0556217;0.0000980
3945.0626373291;1.0516943;1.0517448;0.009849516;0.01060501;-0.02174605;-0.06404974;-0.0000505
3946.12526893616;1.0620833;1.0622948;0.0109735;0.01058805;0.04945441;0.04082913;-0.0002115
3947.18766212463;1.0744766;1.0742158;0.01102906;0.01059485;0.04073761;-0.01257718;0.0002608
3948.25029373169;1.0856328;1.0852426;0.01108514;0.01086452;-0.06185017;-0.01151586;0.0003902
3949.31268692017;1.0971748;1.0972232;0.01000405;0.01068089;0.01892954;-0.009621386;-0.0000484
3950.37531852722;1.1078431;1.1075944;0.01109835;0.01048692;0.04844393;0.05559377;0.0002487
3951.4377117157;1.1202671;1.1196345;0.011021;0.01063186;0.01511066;0.0328608;0.0006326
3952.50010490417;1.1311440;1.1305422;0.01133007;0.01079521;0.1273919;0.09328301;0.0006018
3953.56273651123;1.1445425;1.1436552;0.01183356;0.01141501;-0.04289577;0.04083217;0.0008873
3954.62512969971;1.1556359;1.1557549;0.01089722;0.01179039;-0.04230217;-0.06621147;-0.0001190
3955.68776130676;1.1680000;1.1689871;0.01047335;0.01174006;-0.05531713;-0.04462384;-0.0009871
3956.75015449524;1.1790000;1.1802524;0.01202713;0.01146854;0.07695627;0.07181357;-0.0012524
3957.81278610229;1.1923502;1.1931866;0.01068676;0.01149193;-0.06216128;-0.07545975;-0.0008364
3958.87517929077;1.2035248;1.2048095;0.01207691;0.0115837;0.03908316;0.07995828;-0.0012847
3959.93781089783;1.2167144;1.2179822;0.01068947;0.01168843;-0.06115755;-0.109828;-0.0012678
3961.0002040863;1.2279453;1.2295455;0.01170713;0.01159274;0.05062283;0.06068853;-0.0016002
3962.06259727478;1.2416192;1.2427181;0.01205107;0.0117;-0.05298573;-0.0150646;-0.0010989
3963.12522888184;1.2530693;1.2545198;0.01069353;0.01175492;-0.04674516;-0.06724584;-0.0014505
3964.18762207031;1.2659609;1.2673348;0.01188859;0.01151367;0.03131383;0.0278009;-0.0013739
3965.25025367737;1.2780000;1.2790769;0.01188001;0.0116457;0.004759334;-0.008072572;-0.0010769
3966.31264686584;1.2915000;1.2926668;0.01187;0.01195283;-0.01324134;-0.03046225;-0.0011668
3967.3752784729;1.3035218;1.3047665;0.0118356;0.01202775;-0.03473466;0.03744248;-0.0012447
3968.43767166138;1.3168940;1.3183564;0.01210008;0.01203164;0.08148321;0.008284958;-0.0014624
3969.50030326843;1.3298169;1.3308138;0.01276132;0.01232709;-0.05399472;-0.01921055;-0.0009969
3970.56269645691;1.3435205;1.3452381;0.01164977;0.01263815;-0.07879132;-0.05501395;-0.0017176
3971.62532806396;1.3554370;1.3576955;0.01217252;0.01247745;0.05354258;0.03280509;-0.0022585
3972.68772125244;1.3700000;1.3720006;0.01161043;0.01264522;-0.1254789;-0.07663216;-0.0020006
3973.75011444092;1.3820000;1.3845175;0.01288617;0.0125323;0.04367273;-0.008525219;-0.0025175
3974.81274604797;1.3964848;1.3986438;0.01160873;0.01256067;-0.1032675;-0.1318279;-0.0021590
3975.87513923645;1.4086004;1.4108628;0.01260112;0.01233249;0.03975703;0.05017458;-0.0022624
3976.93777084351;1.4232329;1.4248103;0.01277477;0.0123909;0.0110432;0.01885955;-0.0015774
3978.00016403198;1.4363403;1.4376253;0.01314068;0.0126915;-0.04872924;0.01501139;-0.0012850
3979.06279563904;1.4504443;1.4519304;0.01168957;0.0127057;-0.05869718;-0.1150052;-0.0014861
3980.12518882751;1.4628552;1.4640897;0.01288524;0.01237946;0.02058571;0.01899742;-0.0012345
3981.18782043457;1.4773672;1.4782160;0.01286376;0.01251601;0.07729746;0.0286372;-0.0008488
3982.25021362305;1.4910703;1.4915675;0.01402794;0.01305928;-0.002130249;0.02705545;-0.0004972
3983.31260681152;1.5061569;1.5076011;0.01276845;0.01382049;-0.09200735;-0.1058779;-0.0014442
3984.37523841858;1.5191468;1.5213698;0.0127266;0.01374542;-0.09981892;-0.1195135;-0.0022230
3985.43763160706;1.5336440;1.5360922;0.01299025;0.01328658;0.03904526;-0.01133246;-0.0024482
3986.50026321411;1.5475840;1.5492052;0.01364229;0.01322283;-0.08892977;-0.02532285;-0.0016212
3987.56265640259;1.5623229;1.5639871;0.01314921;0.01314282;0.05986707;-0.004137723;-0.0016642
3988.62528800964;1.5763021;1.5771598;0.0135698;0.01317249;-0.09407316;-0.0414786;-0.0008577
3989.68768119812;1.5910000;1.5920609;0.01354846;0.01319926;0.06210101;-0.002286552;-0.0010609
3990.75031280518;1.6050000;1.6054124;0.01437072;0.01332193;0.02115206;0.0477582;-0.0004124
3991.81270599365;1.6206098;1.6210288;0.0128026;0.01369996;-0.09744894;-0.1104665;-0.0004190
3992.87509918213;1.6337254;1.6343802;0.01378023;0.0134515;0.04612454;0.00467303;-0.0006548
3993.93773078918;1.6495000;1.6496986;0.01397787;0.01358177;0.002462407;0.007029699;-0.0001986
3995.00012397766;1.6635171;1.6635865;0.01404175;0.01379627;-0.01622237;0.008055592;-0.0000694
3996.06275558472;1.6791308;1.6795009;0.01378526;0.01404429;0.03427598;-0.01314127;-0.0003701
3997.12514877319;1.6936807;1.6938656;0.01512426;0.01426258;0.01044799;0.02045759;-0.0001849
3998.18778038025;1.7100625;1.7107338;0.01388354;0.01475024;-0.1022819;-0.08959361;-0.0006713
3999.25017356873;1.7238672;1.7252177;0.01380786;0.01455597;0.01104814;-0.05176089;-0.0013505
4000.31280517578;1.7404720;1.7411917;0.01488466;0.01434892;-0.06341783;-0.02571956;-0.0007197
4001.37519836426;1.7546530;1.7553776;0.01395442;0.01423839;0.03391063;-0.001512841;-0.0007246
4002.43759155273;1.7713340;1.7712921;0.01482758;0.01418982;-0.06481978;-0.02921797;0.0000419
4003.49998474121;1.7854331;1.7855376;0.01411596;0.01420025;0.04824109;0.03192254;-0.0001045
4004.56285476685;1.8021045;1.8015712;0.01521827;0.01425907;0.05188693;0.009851272;0.0005333
4005.62524795532;1.8171880;1.8163532;0.01466886;0.01459609;-0.09396596;-0.05009792;0.0008348
4006.6876411438;1.8330000;1.8326253;0.01479175;0.01448421;0.07068439;0.01415842;0.0003747
4007.75003433228;1.8480000;1.8470496;0.01510589;0.0144962;0.0292404;0.06826267;0.0009504
4008.81290435791;1.8648846;1.8638581;0.0151837;0.01481202;0.00958211;-0.01856104;0.0010265
4009.87529754639;1.8798257;1.8789977;0.01472539;0.01500754;0.01911158;-0.01412526;0.0008280
4010.93769073486;1.8970356;1.8962830;0.01625312;0.01527069;0.05628283;0.08618516;0.0007526
4012.00008392334;1.9128047;1.9121975;0.01518224;0.01567184;-0.07849598;-0.05618116;0.0006072
4013.06295394897;1.9295058;1.9296020;0.01481578;0.01548492;0.02528499;-0.01671745;-0.0000962
4014.12534713745;1.9450775;1.9447416;0.016208;0.01529296;0.01373745;0.05233617;0.0003359
4015.18774032593;1.9624063;1.9619077;0.01497222;0.01529926;0.03899898;-0.01666129;0.0004986
4016.2501335144;1.9780937;1.9769877;0.01620656;0.01521814;0.004751529;0.04384675;0.0011060
4017.31252670288;1.9952998;1.9943923;0.01511055;0.01537521;0.04937485;0.04212382;0.0009075
4018.37539672852;2.0109681;2.0098299;0.01619745;0.01542593;0.06622813;0.03632176;0.0011382
4019.43778991699;2.0290000;2.0278305;0.0161303;0.01582194;0.03108148;0.01476445;0.0011695
4020.50018310547;2.0450000;2.0439833;0.01611328;0.01602452;0.0194819;0.02032715;0.0010167
4021.56257629395;2.0630000;2.0622224;0.01608664;0.01615678;0.01020481;0.003678143;0.0007776
4022.62544631958;2.0790000;2.0784348;0.01606297;0.01618608;0.006269837;-0.006280283;0.0005652
4023.68783950806;2.0970000;2.0965546;0.01604962;0.01613762;0.007542755;-0.008886404;0.0004454
4024.75023269653;2.1130000;2.1126479;0.01612256;0.01609174;0.008007329;0.002579313;0.0003521
4025.81262588501;2.1309507;2.1308273;0.01564688;0.01612097;0.02039458;0.01453819;0.0001234
4026.87501907349;2.1471498;2.1469802;0.01723895;0.01616146;0.08919265;0.1246084;0.0001696
4027.93788909912;2.1659473;2.1658152;0.01579597;0.01655288;-0.01569387;-0.0248117;0.0001321
4029.0002822876;2.1823027;2.1827429;0.0171697;0.01678807;0.02005454;0.07092643;-0.0004402
4030.06267547607;2.2009443;2.2018164;0.01575797;0.01691652;-0.03465759;-0.05823037;-0.0008721
4031.12506866455;2.2173115;2.2183865;0.01685158;0.01671979;0.05695599;0.04970226;-0.0010750
4032.18793869019;2.2366328;2.2375196;0.01694286;0.01694259;-0.07112613;-0.0214272;-0.0008868
4033.25033187866;2.2529297;2.2545665;0.0157343;0.01700947;-0.03008742;-0.06395362;-0.0016368
4034.31272506714;2.2715931;2.2730440;0.01690898;0.0166331;0.02701393;0.03060308;-0.0014509
4035.37511825562;2.2886250;2.2899121;0.01685659;0.01678718;0.003867107;-0.01426221;-0.0012871
4036.43751144409;2.3077671;2.3091048;0.01680148;0.01698164;-0.02330193;0.004732756;-0.0013377
4037.50038146973;2.3246440;2.3262113;0.01708839;0.01704645;0.08948203;0.07570953;-0.0015673
4038.5627746582;2.3447925;2.3463577;0.01756031;0.01764942;-0.08614109;0.01355122;-0.0015652
4039.62516784668;2.3618955;2.3644179;0.01656011;0.01787692;-0.0930216;-0.1343008;-0.0025224
4040.68756103516;2.3810000;2.3839682;0.01783596;0.01752285;0.05015301;0.007159532;-0.0029682
4041.75043106079;2.3990000;2.4016112;0.0165424;0.01759452;-0.1234089;-0.1183475;-0.0026112
4042.81282424927;2.4182748;2.4212807;0.01788514;0.01749933;0.01604523;0.01797039;-0.0030059
4043.87521743774;2.4361098;2.4386853;0.01656233;0.01745362;-0.09652428;-0.1328257;-0.0025755
4044.93761062622;2.4554624;2.4578780;0.01766575;0.01719157;0.04474161;0.107566;-0.0024156
4046.0000038147;2.4735000;2.4752229;0.01780804;0.01730864;0.01044306;0.013487;-0.0017229
4047.06287384033;2.4937500;2.4954289;0.01781294;0.0177775;-0.01445927;0.03420262;-0.0016789
4048.12526702881;2.5117500;2.5136679;0.01778631;0.01808448;-0.0349924;-0.03373638;-0.0019179
4049.18766021729;2.5320000;2.5343507;0.01773809;0.01827469;-0.05283255;-0.02903577;-0.0023507
4050.25005340576;2.5500000;2.5525302;0.01771809;0.01820047;-0.05362099;-0.03435766;-0.0025302
4051.3129234314;2.5702718;2.5727957;0.01769308;0.01804285;-0.0634402;-0.07994597;-0.0025239
4052.37531661987;2.5881211;2.5902599;0.01786749;0.01768141;0.06620656;-0.02725324;-0.0021388
4053.43770980835;2.6093169;2.6104659;0.01874437;0.01793027;-0.0468803;0.006580238;-0.0011490
4054.50010299683;2.6275391;2.6290029;0.01770149;0.01829504;-0.07591627;-0.08522155;-0.0014638
4055.5624961853;2.6476966;2.6493281;0.01817304;0.01813832;0.05537893;0.03467441;-0.0016315
4056.62536621094;2.6666045;2.6676863;0.01903832;0.01830201;0.02926646;0.00233596;-0.0010818
4057.68775939941;2.6880000;2.6890844;0.01779585;0.01881729;-0.1329148;-0.08766399;-0.0010844
4058.75015258789;2.7060000;2.7076811;0.0185627;0.01867332;0.03114538;-0.02941909;-0.0016811
4059.81254577637;2.7273750;2.7286023;0.01886326;0.0186538;-0.01234545;0.005403821;-0.0012273
4060.875415802;2.7463750;2.7474373;0.01888164;0.0187816;-0.01749778;-0.00891559;-0.0010623
4061.93780899048;2.7677500;2.7685374;0.01891227;0.01877269;-0.01403456;-0.006143528;-0.0007874
4063.00020217896;2.7867671;2.7870148;0.01902188;0.01858901;-0.006929995;-0.01455585;-0.0002477
4064.06259536743;2.8080058;2.8081149;0.01881434;0.01868653;0.05744063;0.01287699;-0.0001091
4065.12498855591;2.8275557;2.8271288;0.02019242;0.01891643;0.03833476;0.08617218;0.0004269
4066.18785858154;2.8495625;2.8493613;0.01898075;0.01946094;-0.07296801;-0.06349584;0.0002012
4067.25025177002;2.8683672;2.8687328;0.0189176;0.01938408;0.03672527;0.02679313;-0.0003656
4068.3126449585;2.8905970;2.8901905;0.02001013;0.01919803;-0.03584776;-0.02872169;0.0004065
4069.37503814697;2.9097998;2.9095024;0.01904258;0.01925006;0.03703348;0.02873543;0.0002974
4070.43790817261;2.9319609;2.9311389;0.020227;0.01925794;0.06896442;0.07867908;0.0008220
4071.50030136108;2.9521060;2.9510468;0.01985499;0.0196491;-0.07771517;-0.02215656;0.0010592
4072.56269454956;2.9735825;2.9732197;0.01930572;0.01965451;0.05620604;0.005668056;0.0003628
4073.62508773804;2.9934891;2.9925316;0.0201962;0.01946042;0.04137425;0.05400026;0.0009575
4074.68795776367;3.0160000;3.0150026;0.02019446;0.01979952;0.0202135;0.01425276;0.0009974
4075.75035095215;3.0360000;3.0350298;0.01969143;0.01993749;0.007261969;-0.007089758;0.0009702
4076.81274414063;3.0586402;3.0577391;0.02125111;0.02012471;0.09641661;0.1062836;0.0009011
4077.8751373291;3.0795342;3.0784815;0.02033343;0.02051068;-0.06058984;-0.02970866;0.0010527
4078.93753051758;3.1019097;3.1015485;0.01975639;0.02046079;0.01933015;-0.009843775;0.0003612
4080.00040054321;3.1223027;3.1218141;0.02127319;0.02034871;0.04681646;0.1004203;0.0004886
4081.06279373169;3.1454225;3.1450599;0.01986983;0.02058997;0.004187167;-0.04070809;0.0003626
4082.12518692017;3.1659525;3.1656235;0.02120723;0.0205761;0.006768446;0.05151438;0.0003290
4083.18758010864;3.1889297;3.1891674;0.01989018;0.02079562;-0.004131076;-0.01509555;-0.0002377
4084.25045013428;3.2094609;3.2097906;0.02100493;0.02068776;0.04304733;0.08793308;-0.0003297
4085.31284332275;3.2331250;3.2333344;0.02097667;0.02087784;0.01187249;0.01705245;-0.0002094
4086.37523651123;3.2541250;3.2545537;0.02095223;0.02109777;-0.002719828;-0.01428599;-0.0004287
4087.43762969971;3.2777500;3.2783955;0.02092808;0.02119425;-0.01115636;-0.03607156;-0.0006455
4088.50002288818;3.2987500;3.2995552;0.02091028;0.02118433;-0.0134804;-0.006023022;-0.0008052
4089.56289291382;3.3223750;3.3233970;0.02088613;0.02117927;-0.01715004;0.00846965;-0.0010220
4090.62528610229;3.3433846;3.3446163;0.02079343;0.02119651;-0.03566638;-0.009330275;-0.0012317
4091.68767929077;3.3670000;3.3685177;0.02199757;0.02124543;0.08608093;0.0275497;-0.0015177
4092.75007247925;3.3890000;3.3903330;0.02068481;0.02160344;-0.1034042;-0.02539628;-0.0013330
4093.81294250488;3.4127748;3.4147113;0.02200429;0.02163168;0.02791061;0.03499847;-0.0019365
4094.87533569336;3.4346098;3.4365863;0.02062907;0.02179041;-0.1010531;-0.1223426;-0.0019765
4095.93772888184;3.4584453;3.4604877;0.02165786;0.02142655;0.05215814;0.0645777;-0.0020424
4097.00012207031;3.4805903;3.4821242;0.02211295;0.02159751;-0.0345989;0.000602457;-0.0015339
4098.06251525879;3.5048193;3.5069197;0.02062112;0.02186048;-0.06288068;-0.0952422;-0.0021004
4099.12538528442;3.5262083;3.5284370;0.02174875;0.02162187;0.01836021;0.01480246;-0.0022287
4100.1877784729;3.5510234;3.5529345;0.02178707;0.02169241;-0.02697143;-0.006634745;-0.0019111
4101.25017166138;3.5728672;3.5746902;0.02175522;0.02171516;0.06241291;0.02096441;-0.0018230
4102.31256484985;3.5984502;3.5994261;0.02288183;0.02193533;-0.01563885;0.01128326;-0.0009759
4103.37543487549;3.6207819;3.6218971;0.02180511;0.02224384;-0.0496149;-0.02472449;-0.0011152
4104.43782806396;3.6455171;3.6469310;0.02179299;0.02220782;-0.05209189;-0.03833002;-0.0014139
4105.50022125244;3.6673940;3.6688656;0.02209906;0.02203782;0.07514192;0.02798896;-0.0014716
4106.56261444092;3.6931771;3.6938995;0.02258487;0.02219433;-0.08043734;-0.03248928;-0.0007224
4107.62500762939;3.7152075;3.7161916;0.02215565;0.02223487;0.06207665;0.003069061;-0.0009841
4108.68787765503;3.7410000;3.7415236;0.02335833;0.02247974;0.02449474;0.0470642;-0.0005236
4109.75027084351;3.7640000;3.7643522;0.02187742;0.0226992;-0.1085833;-0.06870631;-0.0003522
4110.81266403198;3.7888504;3.7892669;0.02280678;0.02229677;0.07038962;0.01433421;-0.0004165
4111.87505722046;3.8118750;3.8114399;0.02304848;0.02223793;0.04236972;-0.004377283;0.0004351
4112.93792724609;3.8377671;3.8369507;0.02314044;0.02256026;0.02242525;0.04586957;0.0008164
4114.00032043457;3.8606597;3.8597792;0.02281425;0.02273967;0.06225292;0.07626189;0.0008805
4115.06271362305;3.8870557;3.8861245;0.02424861;0.02322782;0.04402207;0.08693321;0.0009312
4116.12510681152;3.9106885;3.9103240;0.02306926;0.02381665;-0.07873874;-0.06576498;0.0003645
4117.1875;3.9363672;3.9366096;0.02293132;0.02343101;0.05082307;-0.03121539;-0.0002424
4118.25037002563;3.9600937;3.9595574;0.02414308;0.02312007;0.007143352;0.0321739;0.0005363
4119.31276321411;3.9862780;3.9854258;0.02313011;0.02301528;0.08762355;0.02380563;0.0008522
4120.37515640259;4.0100970;4.0085524;0.02413694;0.02310807;0.001302571;0.07680578;0.0015446
4121.43754959106;4.0361831;4.0348977;0.02327082;0.02326979;0.08706219;0.04626979;0.0012854
4122.5004196167;4.0599780;4.0587395;0.02422393;0.02364657;0.05776008;0.059297;0.0012385
4123.56281280518;4.0870000;4.0859193;0.02412041;0.02400296;0.02820618;0.02160381;0.0010807
4124.62520599365;4.1110000;4.1101187;0.02409819;0.02411128;0.02065768;0.01428682;0.0008813
4125.68759918213;4.1380000;4.1372389;0.0240848;0.02409909;0.02034765;0.03855942;0.0007611
4126.74999237061;4.1620000;4.1611999;0.02408914;0.02402445;0.02537902;0.01843113;0.0008001
4127.81286239624;4.1890096;4.1883200;0.02414617;0.02409901;0.01519632;0.04444407;0.0006896
4128.87525558472;4.2129507;4.2125791;0.02367454;0.02419544;0.0277907;-0.01128386;0.0003716
4129.93764877319;4.2403027;4.2402953;0.02521875;0.02452002;0.04768858;0.09306929;0.0000074
4131.00004196167;4.2649473;4.2655677;0.02371213;0.02500806;-0.04224795;-0.06924256;-0.0006204
4132.0629119873;4.2924525;4.2936414;0.02503811;0.02497018;-0.02019414;0.02623733;-0.0011889
4133.12530517578;4.3169443;4.3186158;0.02366891;0.02496238;-0.04235723;-0.0644307;-0.0016715
4134.18769836426;4.3444375;4.3460935;0.02485716;0.02462818;0.05397186;-0.01459114;-0.0016560
4135.25009155273;4.3696328;4.3710679;0.02488177;0.02486298;-0.07002929;-0.01806869;-0.0014351
4136.31296157837;4.3969248;4.3991417;0.02376244;0.02486449;-0.005452409;-0.04196429;-0.0022169
4137.37535476685;4.4215931;4.4238180;0.02482275;0.02474788;0.01387212;0.01484581;-0.0022249
4138.43774795532;4.4497671;4.4518918;0.02471379;0.02488364;-0.02544665;-0.009405955;-0.0021247
4139.5001411438;4.4746440;4.4769257;0.0250088;0.02499676;0.0853014;0.01525001;-0.0022817
4140.56253433228;4.5037925;4.5057148;0.02552052;0.02542762;-0.07697084;-0.02263181;-0.0019223
4141.62540435791;4.5288955;4.5315832;0.02454169;0.02566016;-0.08164936;-0.1089924;-0.0026877
4142.68779754639;4.5570000;4.5599550;0.02583743;0.02534503;0.06196823;0.06794864;-0.0029550
4143.75019073486;4.5830000;4.5853466;0.02457188;0.02537468;-0.1057822;-0.05979176;-0.0023466
4144.81258392334;4.6112748;4.6136588;0.02595443;0.0252075;0.04278836;0.08573063;-0.0023840
4145.87545394897;4.6371098;4.6391100;0.02462642;0.02535489;-0.07984457;-0.06436666;-0.0020002
4146.93784713745;4.6654624;4.6673030;0.02572982;0.02516561;0.05824685;0.03447114;-0.0018406
4148.00024032593;4.6915000;4.6927541;0.02586027;0.0253698;0.01844417;0.033332;-0.0012541
4149.0626335144;4.7207500;4.7218412;0.02587842;0.02570056;0.00273323;-0.006075837;-0.0010912
4150.12502670288;4.7467500;4.7477692;0.02588644;0.02583653;-0.004092848;-0.02159613;-0.0010192
4151.18789672852;4.7760000;4.7767967;0.02591123;0.02577283;0.001383398;-0.02307453;-0.0007967
4152.25028991699;4.8020000;4.8024863;0.02594582;0.02569008;0.009404272;-0.02093682;-0.0004863
4153.31268310547;4.8312718;4.8314541;0.02595397;0.02573861;-0.004649989;0.001488104;-0.0001823
4154.37507629395;4.8571211;4.8571438;0.02610326;0.0257141;0.106464;0.02762402;-0.0000227
4155.43794631958;4.8873340;4.8868269;0.02687941;0.02623488;-0.04051473;0.009889053;0.0005071
4156.50033950806;4.9134160;4.9134105;0.02617708;0.02641971;0.07412408;0.01933434;0.0000055
4157.56273269653;4.9436771;4.9434513;0.02669052;0.02661523;-0.07950912;-0.04585924;0.0002258
4158.62512588501;4.9697075;4.9697965;0.02625538;0.02642851;0.0746473;0.05236116;-0.0000890
4159.68751907349;5.0000000;4.9994796;0.02747465;0.02640795;0.05357644;0.05459384;0.0005204
4160.75038909912;5.0270000;5.0262421;0.02600111;0.02660748;-0.07668996;-0.04780025;0.0007579
4161.8127822876;5.0563504;5.0555676;0.02694041;0.02622658;0.1035462;0.09183174;0.0007828
4162.87517547607;5.0833846;5.0819129;0.0272333;0.02633051;0.06031714;0.07721509;0.0014717
4163.93756866455;5.1136597;5.1122516;0.02687303;0.02678606;0.08099335;0.052932;0.0014081
4165.00043869019;5.1410356;5.1397890;0.02830816;0.02730142;0.08259919;0.1073353;0.0012466
4166.06283187866;5.1721885;5.1717371;0.02707894;0.02805075;-0.07514893;-0.01340357;0.0004514
4167.12522506714;5.1990058;5.1997512;0.02674345;0.02799488;0.01095225;0.01308385;-0.0007454
4168.18761825562;5.2300938;5.2305669;0.02803062;0.02762768;-0.01944906;0.0190884;-0.0004731
4169.25001144409;5.2574062;5.2579850;0.02685218;0.02747423;0.03413983;0.01444379;-0.0005788
4170.31288146973;5.2885970;5.2887410;0.0279488;0.02741087;-0.02685804;-0.01647708;-0.0001440
4171.3752746582;5.3157998;5.3165764;0.02692291;0.0276512;0.0283453;0.03530347;-0.0007766
4172.43766784668;5.3469780;5.3478092;0.02799333;0.02775804;0.03049791;0.06446165;-0.0008312
4173.50006103516;5.3750000;5.3762406;0.02786177;0.02818195;-0.008022268;0.03626661;-0.0012406
4174.56293106079;5.4065000;5.4083675;0.02779193;0.02841149;-0.03007434;-0.03164618;-0.0018675
4175.62532424927;5.4345000;5.4369777;0.02772394;0.02851876;-0.04599031;-0.02173018;-0.0024777
4176.68771743774;5.4660000;5.4686874;0.02770058;0.0283055;-0.04045045;-0.05068933;-0.0026874
4177.75011062622;5.4940000;5.4965824;0.02779561;0.02804876;-0.02892;-0.07524772;-0.0025824
4178.8125038147;5.5254507;5.5277556;0.02737633;0.02781633;0.001468224;-0.09164326;-0.0023049
4179.87537384033;5.5536498;5.5553526;0.02903033;0.02773651;0.08250174;0.1033996;-0.0017028
4180.93776702881;5.5859473;5.5871218;0.02765039;0.02807194;-0.01305385;-0.02907662;-0.0011745
4182.00016021729;5.6143027;5.6156725;0.02906613;0.02838837;0.02294673;0.07163264;-0.0013698
4183.06255340576;5.6464443;5.6481570;0.02766432;0.02870804;-0.0411511;-0.07800288;-0.0017127
4184.1254234314;5.6748333;5.6765884;0.02880152;0.0285408;0.03805001;0.06351642;-0.0017551
4185.18781661987;5.7074766;5.7087749;0.02885535;0.02856471;0.02674658;0.03191038;-0.0012983
4186.25020980835;5.7366328;5.7375640;0.02893791;0.02868825;-0.0662524;0.007614521;-0.0009312
4187.31260299683;5.7684466;5.7693928;0.0278783;0.0283857;0.009982832;-0.05426929;-0.0009462
4188.3749961853;5.7969642;5.7971090;0.0291603;0.02800165;0.1635116;0.147763;-0.0001448
4189.43786621094;5.8305669;5.8295935;0.02998085;0.0286861;0.01551387;0.04620983;0.0009734
4190.50025939941;5.8597720;5.8593362;0.02896262;0.02932805;-0.01385542;-0.01584708;0.0004358
4191.56265258789;5.8923846;5.8924764;0.02892044;0.02938996;-0.02783031;-0.05519859;-0.0000918
4192.62504577637;5.9213120;5.9212655;0.02942933;0.02902373;0.1218791;0.1175573;0.0000465
4193.687915802;5.9550000;5.9539288;0.02895268;0.02905189;-0.03666815;-0.008649963;0.0010712
4194.75030899048;5.9840000;5.9829563;0.03028295;0.0290551;0.1362765;0.1585576;0.0010437
4195.81270217896;6.0176098;6.0162157;0.02900461;0.02942089;-0.02465624;-0.02080128;0.0013941
4196.87509536743;6.0467254;6.0457796;0.02995857;0.02950491;0.1003838;0.06576899;0.0009458
4197.93796539307;6.0805000;6.0795158;0.03010966;0.02982966;0.04217875;0.04199902;0.0009842
4199.00035858154;6.1105000;6.1097354;0.03008519;0.03004719;0.02865371;0.03098914;0.0007646
4200.06275177002;6.1442500;6.1433524;0.03010001;0.02994481;0.03655024;0.0293347;0.0008976
4201.1251449585;6.1742500;6.1732143;0.03011539;0.02991009;0.04109947;0.05464351;0.0010357
4202.18753814697;6.2080000;6.2071890;0.03009036;0.03013014;0.02759482;0.05729616;0.0008110
4203.25040817261;6.2380234;6.2377661;0.03002867;0.03044229;-0.01023713;-0.0130003;0.0002573
4204.31280136108;6.2716211;6.2721580;0.03004597;0.03054449;0.07997175;0.04075238;-0.0005369
4205.37519454956;6.3024720;6.3030928;0.03089567;0.03083378;-0.04522207;-0.02556418;-0.0006208
4206.43758773804;6.3364160;6.3380212;0.02999824;0.03094469;0.0458678;0.03011635;-0.0016052
4207.50045776367;6.3673340;6.3688368;0.03065548;0.03087685;-0.08151067;-0.07933991;-0.0015028
4208.56285095215;6.4012075;6.4035267;0.0300069;0.03080946;0.04175223;-0.01002689;-0.0023192
4209.62524414063;6.4321141;6.4341038;0.03086783;0.03067643;0.01771103;0.03333861;-0.0019897
4210.6876373291;6.4670000;6.4690322;0.03077357;0.03092514;-0.001907401;0.03988441;-0.0020322
4211.75003051758;6.4980000;6.5002054;0.03075428;0.0310822;-0.01414005;-0.04927202;-0.0022054
4212.81290054321;6.5328750;6.5353125;0.03072842;0.03115176;-0.02316443;-0.005406424;-0.0024375
4213.87529373169;6.5638750;6.5666646;0.03068919;0.03128339;-0.03701734;-0.01688208;-0.0027896
4214.93768692017;6.5987500;6.6018313;0.03065669;0.03127293;-0.04333884;0.01472287;-0.0030813
4216.00008010864;6.6297671;6.6326469;0.03072862;0.03098902;-0.03792622;-0.06858406;-0.0028798
4217.06295013428;6.6645058;6.6669196;0.03055756;0.03063496;0.05183286;-0.01782557;-0.0024138
4218.12534332275;6.6960775;6.6972583;0.03203901;0.03049196;0.04748299;0.07071451;-0.0011808
4219.18773651123;6.7314297;6.7320675;0.0308456;0.03080006;0.04681962;0.0182278;-0.0006378
4220.25012969971;6.7629375;6.7631811;0.03201452;0.03101233;0.09894428;0.08666794;-0.0002436
4221.31252288818;6.7991289;6.7991823;0.03188825;0.0317232;-0.06445787;-0.02029588;-0.0000534
4222.37539291382;6.8302998;6.8311304;0.03091689;0.03183116;0.01192421;-0.03612464;-0.0008306
4223.43778610229;6.8659780;6.8666547;0.03201054;0.03169615;0.02943275;0.02535273;-0.0006767
4224.50017929077;6.8980000;6.8984240;0.03195276;0.0317388;0.02011889;0.01168867;-0.0004240
4225.56257247925;6.9340000;6.9343060;0.0319659;0.03182496;0.01699786;-0.02116849;-0.0003060
4226.62544250488;6.9660000;6.9660753;0.03199161;0.03177394;0.02266864;0.01404449;-0.0000753
4227.68783569336;7.0020000;7.0015997;0.03162793;0.03164346;0.02897725;0.003908976;0.0004003
4228.75022888184;7.0340000;7.0329517;0.03320013;0.03149094;0.1704508;0.1848438;0.0010483
4229.81262207031;7.0710342;7.0688933;0.03245468;0.03181767;0.005400493;0.061741;0.0021409
4230.87501525879;7.1029507;7.1007818;0.03187479;0.03182304;0.07186935;0.004462085;0.0021689
4231.93788528442;7.1393027;7.1363062;0.03355261;0.03168209;0.1346443;0.1922268;0.0029965
4233.0002784729;7.1719644;7.1687311;0.03219097;0.03216225;0.05062529;0.01463394;0.0032333
4234.06267166138;7.2083333;7.2052687;0.03333852;0.0323787;0.1367093;0.1786616;0.0030646
4235.12506484985;7.2413750;7.2381705;0.03335704;0.03272959;0.09376421;0.1164699;0.0032045
4236.18793487549;7.2785000;7.2757214;0.03330959;0.03316224;0.0684554;0.0490039;0.0027786
4237.25032806396;7.3115000;7.3092192;0.03325412;0.03336675;0.05309577;0.048786;0.0022808
4238.31272125244;7.3486250;7.3471278;0.03316681;0.03357138;0.03335089;0.05241123;0.0014972
4239.37511444092;7.3816250;7.3808044;0.03309143;0.03365022;0.02078192;-0.0142325;0.0008206
4240.43750762939;7.4187500;7.4185342;0.03302404;0.03355064;0.01781167;0.02927787;0.0002158
4241.50037765503;7.4517671;7.4518531;0.03294094;0.03334994;0.008501522;0.03719092;-0.0000860
4242.56277084351;7.4888120;7.4889868;0.03340467;0.03311036;0.1499628;0.125448;-0.0001748
4243.62516403198;7.5228021;7.5226039;0.03368744;0.0334663;-0.03007817;0.004912729;0.0001982
4244.68755722046;7.5600000;7.5606316;0.03409629;0.03368596;0.1144732;0.1160842;-0.0006316
4245.75042724609;7.5940000;7.5945467;0.03285575;0.03381446;-0.0648829;-0.09235133;-0.0005467
4246.81282043457;7.6312254;7.6323956;0.03372281;0.03363313;0.09441837;0.04987899;-0.0011702
4247.87521362305;7.6652500;7.6659530;0.03392167;0.0335912;0.05931053;0.04846099;-0.0007030
4248.93760681152;7.7035000;7.7040404;0.03393979;0.03377976;0.05139413;0.05061995;-0.0005404
4250;7.7375000;7.7378958;0.0339559;0.03382468;0.05074081;0.0591422;-0.0003958
4251.06287002563;7.7757500;7.7759236;0.03398066;0.03376536;0.05656782;-0.02564293;-0.0001736
4252.12526321411;7.8097500;7.8097790;0.03399677;0.03382204;0.05561896;0.07299452;-0.0000290
4253.18765640259;7.8480234;7.8476876;0.03403741;0.03373983;0.05053064;0.04616785;0.0003358
4254.25004959106;7.8818672;7.8815430;0.03399445;0.03380745;0.1380713;0.155361;0.0003242
4255.3129196167;7.9209720;7.9200476;0.03506783;0.03412693;0.03783223;0.07625175;0.0009244
4256.37531280518;7.9551530;7.9546779;0.03408809;0.03441973;0.109448;0.06291259;0.0004751
4257.43770599365;7.9943340;7.9934210;0.03492464;0.03447038;0.002018832;0.01782173;0.0009130
4258.50009918213;8.0284160;8.0278128;0.03424429;0.03441807;0.1319727;0.08728864;0.0006032
4259.56296920776;8.0676771;8.0664962;0.03479693;0.03442831;-0.006419815;0.006279654;0.0011809
4260.62536239624;8.1017075;8.1007093;0.03437651;0.03428867;0.1480639;0.1074723;0.0009982
4261.68775558472;8.1410000;8.1394523;0.03517244;0.03441269;0.1125624;0.1060746;0.0015477
4262.75014877319;8.1760000;8.1746191;0.03515385;0.03489999;0.08654334;0.09630741;0.0013809
4263.81254196167;8.2153750;8.2145542;0.03509145;0.03531163;0.0586699;0.06236628;0.0008208
4264.8754119873;8.2503846;8.2501382;0.03509678;0.03549732;0.03601425;0.008877951;0.0002464
4265.93780517578;8.2896597;8.2897156;0.03470992;0.03528373;0.08622668;0.0195114;-0.0000559
4267.00019836426;8.3250356;8.3247632;0.03619962;0.03518411;0.1251588;0.1612164;0.0002724
4268.06259155273;8.3651885;8.3653539;0.03501021;0.03579867;-0.02141608;0.01942312;-0.0001654
4269.12546157837;8.4000276;8.4014743;0.03469102;0.03597312;0.03866802;-0.01065579;-0.0014467
4270.18785476685;8.4399375;8.4418267;0.03583117;0.03593133;0.08398448;0.09994744;-0.0018892
4271.25024795532;8.4761328;8.4781855;0.03581296;0.03618143;-0.04661906;-0.01157693;-0.0020527
4272.3126411438;8.5157998;8.5187763;0.0346778;0.03605111;0.02204453;-0.005651847;-0.0029765
4273.37503433228;8.5514681;8.5541218;0.03577496;0.03563024;0.06111735;0.08541497;-0.0026537
4274.43790435791;8.5920000;8.5944146;0.03573097;0.03574971;0.03955674;0.08491947;-0.0024146
4275.50029754639;8.6280000;8.6302370;0.03575076;0.03578163;0.03846724;0.05369266;-0.0022370
4276.56269073486;8.6685000;8.6705893;0.03576721;0.03581778;0.03663484;0.04742142;-0.0020893
4277.62508392334;8.7045000;8.7063521;0.03579364;0.03577792;0.0403625;0.06067785;-0.0018521
4278.68795394897;8.7450000;8.7465852;0.03590671;0.03577898;0.0415872;0.01765416;-0.0015852
4279.75034713745;8.7810000;8.7824076;0.0354265;0.03582611;0.03412382;0.01181592;-0.0014076
4280.81274032593;8.8216498;8.8228196;0.03708971;0.03593275;0.1241262;0.1617142;-0.0011698
4281.8751335144;8.8584752;8.8595956;0.03565512;0.03647844;-0.01712389;-0.02047376;-0.0011204
4282.93752670288;8.8993027;8.9007825;0.03705388;0.03654608;0.05760484;0.1296799;-0.0014798
4284.00039672852;8.9359644;8.9372009;0.03569296;0.0364278;0.0004638114;-0.03276258;-0.0012365
4285.06278991699;8.9768333;8.9774340;0.03693014;0.03596855;0.1285668;0.1217436;-0.0006007
4286.12518310547;9.0138532;9.0137929;0.036981;0.03622252;0.1075558;0.0761438;0.0000603
4287.18757629395;9.0556328;9.0553969;0.03706795;0.03677157;-0.00667678;0.00472462;0.0002359
4288.25044631958;9.0919297;9.0924710;0.03585635;0.03691023;0.03116409;0.03485989;-0.0005413
4289.31283950806;9.1331149;9.1335386;0.03699771;0.03665385;0.06662444;0.0842663;-0.0004237
4290.37523269653;9.1699961;9.1702551;0.03707694;0.03670689;0.1572099;0.1112881;-0.0002590
4291.43762588501;9.2125669;9.2124551;0.03788485;0.03728154;0.02019183;0.0419828;0.0001118
4292.50001907349;9.2497720;9.2506617;0.03681493;0.03782988;-0.01185773;-0.003472712;-0.0008897
4293.56288909912;9.2913846;9.2927426;0.03677936;0.03755565;-0.008974044;-0.002415509;-0.0013580
4294.6252822876;9.3283120;9.3298763;0.03724986;0.03731247;0.1284012;0.1414549;-0.0015643
4295.68767547607;9.3710000;9.3721360;0.03679009;0.03757126;-0.05288631;-0.03940267;-0.0011360
4296.75006866455;9.4080000;9.4100445;0.03743887;0.03776588;0.09016012;0.03726147;-0.0020445
4297.81293869019;9.4507993;9.4531983;0.03809957;0.03819872;-0.005451923;0.04809787;-0.0023990
4298.87533187866;9.4886098;9.4917029;0.03650466;0.0383785;-0.1023304;-0.09606753;-0.0030931
4299.93772506714;9.5304624;9.5340222;0.03753827;0.03781519;0.04465353;0.003138484;-0.0035598
4301.00011825562;9.5685000;9.5716327;0.03765096;0.03770189;0.01731718;0.02404375;-0.0031327
4302.06251144409;9.6112500;9.6140712;0.03768567;0.03772755;0.017613;0.05160804;-0.0028212
4303.12538146973;9.6492500;9.6518010;0.03771577;0.03771345;0.01987491;0.04123735;-0.0025510
4304.1877746582;9.6920234;9.6945375;0.03771988;0.0379075;-0.006466532;-0.03807193;-0.0025141
4305.25016784668;9.7298672;9.7323269;0.03768428;0.03783338;0.08690999;0.05407261;-0.0024597
4306.31256103516;9.7734720;9.7752422;0.03876761;0.03810589;-0.01220955;0.04954018;-0.0017702
4307.37543106079;9.8116530;9.8135680;0.03782179;0.03826373;0.06853145;0.07127429;-0.0019150
4308.43782424927;9.8553340;9.8564833;0.03869486;0.03823802;-0.03244248;-0.01226096;-0.0011493
4309.50021743774;9.8934160;9.8946899;0.03803515;0.03820295;0.0975747;0.07667593;-0.0012739
4310.56261062622;9.9371771;9.9376053;0.03861765;0.0381882;-0.03742247;0.002947672;-0.0004282
4311.6250038147;9.9752075;9.9754542;0.03823781;0.03793503;0.1267534;0.07511605;-0.0002467
4312.68787384033;10.0190000;10.0184888;0.03905695;0.03817394;0.08724246;0.1107616;0.0005112
4313.75026702881;10.0580000;10.0575298;0.03905239;0.03874953;0.05769316;0.05683006;0.0004702
4314.81266021729;10.1018750;10.1016372;0.03902649;0.03907552;0.0381196;0.06739259;0.0002378
4315.87505340576;10.1408750;10.1408571;0.03900199;0.03914609;0.03149549;-0.006360639;0.0000179
4316.9379234314;10.1847500;10.1847261;0.03900266;0.03903865;0.03708318;0.01282239;0.0000239
4318.00031661987;10.2237671;10.2237075;0.03905612;0.03899407;0.03042963;0.01979616;0.0000596
4319.06270980835;10.2675058;10.2677554;0.03879869;0.03907987;0.08916309;0.07470842;-0.0002496
4320.12510299683;10.3070775;10.3073329;0.04014212;0.03944306;0.04280069;0.08885836;-0.0002554
4321.18797302246;10.3514062;10.3526920;0.0387734;0.04001722;0.02106261;-0.008455349;-0.0012858
4322.25036621094;10.3910938;10.3931039;0.03985937;0.04027047;-0.05114287;-0.02083625;-0.0020101
4323.31275939941;10.4352780;10.4384631;0.03868028;0.04027462;-0.0003142728;0.0209948;-0.0031851
4324.37515258789;10.4750970;10.4781598;0.03962359;0.03991406;-0.07511788;-0.02661224;-0.0030628
4325.43754577637;10.5191831;10.5227441;0.03873084;0.03968382;0.02287324;0.01494715;-0.0035610
4326.500415802;10.5589780;10.5620831;0.03973997;0.03949634;0.02567583;-0.02461136;-0.0031051
4327.56280899048;10.6040000;10.6066078;0.03970945;0.03957577;0.01573691;0.02390946;-0.0026078
4328.62520217896;10.6440000;10.6463045;0.03974324;0.03965333;0.0139949;-0.03505477;-0.0023045
4329.68759536743;10.6890000;10.6911868;0.03983968;0.03982525;0.003889476;0.02346253;-0.0021868
4330.75046539307;10.7290000;10.7310623;0.03935356;0.03984959;-0.003717034;-0.01214298;-0.0020623
4331.81285858154;10.7741402;10.7759446;0.04094967;0.03989076;0.09480648;0.1005615;-0.0018044
4332.87525177002;10.8150342;10.8163565;0.04006882;0.0402168;-0.0566013;-0.04349238;-0.0013223
4333.9376449585;10.8599097;10.8614772;0.0395415;0.04009217;0.03139906;-0.004326648;-0.0015675
4335.00003814697;10.9003027;10.9012932;0.04110839;0.03991646;0.06702865;0.112027;-0.0009905
4336.06290817261;10.9459443;10.9465331;0.03978954;0.04011091;0.02052467;-0.006935195;-0.0005888
4337.12530136108;10.9863115;10.9863490;0.04096717;0.03994685;0.1216349;0.1234742;-0.0000375
4338.18769454956;11.0326328;11.0319465;0.04111813;0.04036197;-0.007514193;0.0242782;0.0006863
4339.25008773804;11.0729297;11.0727161;0.03994046;0.04053867;0.0331326;0.01445061;0.0002136
4340.31295776367;11.1185931;11.1180752;0.04112834;0.04037322;0.08285318;0.06906955;0.0005179
4341.37535095215;11.1596250;11.1589044;0.04108028;0.04064829;0.05569895;0.07545561;0.0007206
4342.43774414063;11.2057500;11.2050384;0.04107928;0.0408824;0.04426728;0.05719513;0.0007116
4343.5001373291;11.2467500;11.2462848;0.04105183;0.04113353;0.0284851;0.01144913;0.0004652
4344.56253051758;11.2928846;11.2928957;0.04092943;0.0413347;-0.002016047;0.003120903;-0.0000111
4345.62540054321;11.3338120;11.3345593;0.04134089;0.04153504;0.1060996;0.1163875;-0.0007473
4346.68779373169;11.3810000;11.3823026;0.0411882;0.04219635;-0.1021635;-0.01008749;-0.0013026
4347.75018692017;11.4220000;11.4243835;0.04031777;0.04210163;-0.07087798;-0.06959524;-0.0023835
4348.81258010864;11.4682748;11.4708155;0.04193697;0.04154409;0.04634883;-0.001834368;-0.0025407
4349.87545013428;11.5101098;11.5123600;0.04059857;0.04154104;-0.07007046;-0.07972956;-0.0022502
4350.93784332275;11.5564624;11.5588516;0.04166869;0.04142014;0.05996843;0.09468357;-0.0023892
4352.00023651123;11.5984829;11.6005152;0.04172409;0.04161435;0.02636733;0.04251139;-0.0020323
4353.06262969971;11.6458692;11.6476625;0.04197369;0.04181015;-0.04966387;-0.03635648;-0.0017933
4354.12502288818;11.6873193;11.6895050;0.04061161;0.04181368;-0.04198397;-0.06941727;-0.0021857
4355.18789291382;11.7339609;11.7357582;0.04184141;0.0413444;0.05158069;0.06882653;-0.0017973
4356.25028610229;11.7760234;11.7771834;0.04187075;0.04139385;0.01926359;0.012688;-0.0011600
4357.31267929077;11.8231211;11.8237942;0.0420308;0.04141033;0.1311253;0.06668804;-0.0006731
4358.37507247925;11.8659502;11.8657559;0.04301221;0.04181425;0.02931249;0.07261368;0.0001943
4359.43794250488;11.9135220;11.9135588;0.04190996;0.04223843;-0.004679044;0.01495785;-0.0000368
4360.50033569336;11.9555171;11.9556993;0.04193022;0.0421646;-0.008134852;0.01956728;-0.0001822
4361.56272888184;12.0026870;12.0026082;0.04243293;0.04187924;0.1407288;0.09916696;0.0000788
4362.62512207031;12.0456771;12.0447487;0.0427688;0.04208522;-0.0245234;0.02056162;0.0009284
4363.68751525879;12.0930000;12.0921940;0.04275646;0.04213105;0.1335464;0.07217435;0.0008060
4364.75038528442;12.1360000;12.1348113;0.04354911;0.0424746;0.07903053;0.05435896;0.0011887
4365.8127784729;12.1842348;12.1833891;0.04194351;0.04295918;-0.04839252;-0.0272117;0.0008457
4366.87517166138;12.2263504;12.2261256;0.04287823;0.04281598;0.08530312;0.07660559;0.0002248
4367.93756484985;12.2747500;12.2745246;0.04302511;0.04301347;0.0324628;0.07999815;0.0002254
4369.00043487549;12.3177500;12.3179167;0.04298142;0.04329349;0.01271625;-0.01761414;-0.0001667
4370.06282806396;12.3661250;12.3669714;0.0429057;0.04351157;-0.008459712;-0.003665131;-0.0008464
4371.12522125244;12.4091250;12.4108404;0.04280887;0.04376122;-0.03449021;-0.01891181;-0.0017154
4372.18761444092;12.4575234;12.4597758;0.04274904;0.04357851;-0.04915133;-0.01885223;-0.0022524
4373.25000762939;12.5003672;12.5029296;0.04267284;0.04329303;0.04993732;-0.02212475;-0.0025624
4374.31287765503;12.5495752;12.5517458;0.04374872;0.04341161;-0.03021573;0.0326982;-0.0021706
4375.37527084351;12.5929287;12.5953168;0.04263757;0.04347561;-0.06937371;-0.09538008;-0.0023881
4376.43766403198;12.6411440;12.6438349;0.0429632;0.043207;0.07489649;0.05900852;-0.0026909
4377.50005722046;12.6850840;12.6869291;0.04361734;0.04320661;-0.05621565;0.0219439;-0.0018451
4378.56292724609;12.7335825;12.7353877;0.04306416;0.0431188;0.08028235;0.04061758;-0.0018052
4379.62532043457;12.7774891;12.7784818;0.04397891;0.0431143;0.0571023;0.07978189;-0.0009927
4380.68771362305;12.8270000;12.8277749;0.04433032;0.04359806;0.037421;0.07172325;-0.0007749
4381.75010681152;12.8710000;12.8717035;0.04283828;0.04380237;-0.09654753;-0.07469126;-0.0007035
4382.8125;12.9194754;12.9202813;0.0437634;0.043363;0.08344413;0.1108746;-0.0008059
4383.87537002563;12.9635096;12.9634947;0.04407099;0.04329473;0.04960106;0.03352035;0.0000149
4384.93776321411;13.0129097;13.0124897;0.04376294;0.04347247;0.08989723;0.006512615;0.0004200
4386.00015640259;13.0572856;13.0564779;0.04525926;0.04383615;0.106386;0.1609301;0.0008077
4387.06254959106;13.1075417;13.1067842;0.04408733;0.044431;-0.02055682;-0.04445459;0.0007575
4388.1254196167;13.1515218;13.1511301;0.04406935;0.04434758;-0.003880383;0.02805923;0.0003917
4389.18781280518;13.2008672;13.2006019;0.04398789;0.04408902;0.09668724;0.0415842;0.0002653
4390.25020599365;13.2455938;13.2449478;0.04515531;0.04432912;0.01961636;0.02575681;0.0006460
4391.31259918213;13.2954030;13.2953137;0.04404511;0.04462322;0.06714927;0.005657037;0.0000893
4392.37546920776;13.3402220;13.3402556;0.0449611;0.04486991;-0.03946161;-0.01643256;-0.0000336
4393.43786239624;13.3899331;13.3909792;0.04401105;0.04499663;0.0356857;0.004084946;-0.0010461
4394.50025558472;13.4347280;13.4360999;0.04493308;0.04510994;0.01389006;-0.01293682;-0.0013719
4395.56264877319;13.4853750;13.4872407;0.04479213;0.04533774;-0.01646079;0.01046544;-0.0018657
4396.62504196167;13.5303750;13.5326594;0.04474548;0.04537688;-0.02610192;-0.02869025;-0.0022844
4397.6879119873;13.5810000;13.5837406;0.04469465;0.04539952;-0.0360409;-0.03466503;-0.0027406
4398.75030517578;13.6260000;13.6287421;0.04469448;0.04517176;-0.02667589;-0.02066041;-0.0027421
4399.81269836426;13.6766250;13.6789888;0.04473663;0.04481896;-0.005729754;-0.005897715;-0.0023638
4400.87509155273;13.7216250;13.7235135;0.04478959;0.04461272;0.00969764;0.03649862;-0.0018885
4401.93796157837;13.7722671;13.7737006;0.04488976;0.04461034;0.005199864;-0.007703475;-0.0014335
4403.00035476685;13.8171597;13.8182253;0.04459742;0.04458364;0.05811089;0.06267087;-0.0010656
4404.06274795532;13.8683275;13.8685316;0.04614783;0.04471664;0.05551523;0.1170491;-0.0002041
4405.1251411438;13.9137975;13.9140099;0.04480575;0.04517353;0.0297821;0.01803561;-0.0002124
4406.18753433228;13.9650938;13.9647335;0.04612347;0.04513295;0.01715605;0.0768721;0.0003603
4407.25040435791;14.0104297;14.0099734;0.0449675;0.04517835;0.04962099;-0.0004513701;0.0004563
4408.31279754639;14.0617181;14.0606373;0.04619106;0.04514553;0.0975721;0.1053286;0.0010808
4409.37519073486;14.1077282;14.1062349;0.04619209;0.04546287;0.08737628;0.06089865;0.0014933
4410.43758392334;14.1596060;14.1580909;0.04590578;0.04586788;-0.05243305;-0.02276961;0.0015151
4411.50045394897;14.2046831;14.2041057;0.04519193;0.04592726;0.05809442;0.03938779;0.0005774
4412.56284713745;14.2562391;14.2556637;0.04615362;0.04588679;0.0444291;0.008007979;0.0005754
4413.62524032593;14.3022500;14.3018573;0.04604375;0.04608911;0.02751702;0.04666278;0.0003927
4414.6876335144;14.3540000;14.3539518;0.0455887;0.04623014;0.008444392;-0.00829461;0.0000482
4415.75002670288;14.4000000;14.4005030;0.04702729;0.04644579;0.1133977;0.1048494;-0.0005030
4416.81289672852;14.4527842;14.4536704;0.04611741;0.04701155;-0.08680011;-0.02723175;-0.0008862
4417.87528991699;14.4987007;14.5007580;0.04540392;0.04705473;-0.04211966;-0.03108319;-0.0020573
4418.93768310547;14.5508027;14.5530313;0.04697044;0.04667853;0.014173;0.1318635;-0.0022286
4420.00007629395;14.5974473;14.5998210;0.04551677;0.04674938;-0.04937746;-0.09848887;-0.0023737
4421.06294631958;14.6497025;14.6515578;0.04696386;0.04623273;0.01130391;0.07747973;-0.0018553
4422.12533950806;14.6961943;14.6975130;0.04570822;0.04608177;0.0107254;-0.0528292;-0.0013187
4423.18773269653;14.7484375;14.7489518;0.04698436;0.04588409;0.1119021;0.1024317;-0.0005143
4424.25012588501;14.7956328;14.7954434;0.04706277;0.04630484;-0.01362788;0.02073145;0.0001894
4425.31251907349;14.8476748;14.8478359;0.04599149;0.0464358;0.05215048;-0.01618202;-0.0001611
4426.37538909912;14.8943431;14.8940295;0.04710557;0.04629033;0.08167264;0.09930717;0.0003136
4427.4377822876;14.9472500;14.9464816;0.04708561;0.04649865;0.06146573;0.08311971;0.0007684
4428.50017547607;14.9942500;14.9931520;0.04712233;0.04662212;0.06059531;0.04768537;0.0010980
4429.56256866455;15.0471346;15.0459617;0.04706135;0.04685891;0.03692134;0.05623613;0.0011729
4430.62543869019;15.0940620;15.0929302;0.04755025;0.04691909;0.1632614;0.1207566;0.0011318
4431.68783187866;15.1480000;15.1468724;0.04737563;0.04764424;-0.03763993;0.04325692;0.0011276
4432.75022506714;15.1950000;15.1945561;0.04713279;0.04765638;0.001436629;-0.01773847;0.0004439
4433.81261825562;15.2478257;15.2477235;0.04664453;0.04737807;0.02799361;-0.02531029;0.0001022
4434.87501144409;15.2950248;15.2945727;0.04827042;0.04707417;0.1187916;0.2038749;0.0004521
4435.93788146973;15.3487144;15.3483361;0.04687287;0.04755069;-0.0001831827;0.04101382;0.0003783
4437.0002746582;15.3959453;15.3961390;0.04786383;0.04773018;0.09548794;0.03643797;-0.0001937
4438.06266784668;15.4501192;15.4506773;0.04811132;0.04828218;-0.04209687;0.01857847;-0.0005581
4439.12506103516;15.4975693;15.4991358;0.0466806;0.04836571;-0.04641053;-0.05295186;-0.0015665
4440.18793106079;15.5509609;15.5529588;0.04781906;0.04798242;0.03136059;0.07940361;-0.0019979
4441.25032424927;15.5990000;15.6007022;0.04781034;0.04782342;0.01914344;0.02792389;-0.0017022
4442.31271743774;15.6530000;15.6544655;0.04783671;0.04778733;0.02280954;0.02023583;-0.0014655
4443.37511062622;15.7010000;15.7022685;0.04785866;0.04781586;0.02301386;0.03198653;-0.0012685
4444.4375038147;15.7550000;15.7559127;0.04789831;0.04773156;0.03131776;0.0238871;-0.0009127
4445.50037384033;15.8030000;15.8034772;0.04794683;0.04759475;0.04381758;0.01761663;-0.0004772
4446.56276702881;15.8570096;15.8570021;0.04793066;0.04754926;0.03891181;0.03624659;0.0000075
4447.62516021729;15.9049370;15.9045070;0.04847206;0.04751817;0.1757146;0.1731279;0.0004300
4448.68755340576;15.9600000;15.9586281;0.04848618;0.04796392;0.001358162;0.002985405;0.0013719
4449.7504234314;16.0080000;16.0067290;0.04772494;0.04802969;0.04088531;0.01703604;0.0012710
4450.81281661987;16.0621498;16.0606116;0.04939143;0.04796396;0.1426115;0.1653236;0.0015382
4451.87520980835;16.1109848;16.1091298;0.04805596;0.04833147;0.01106647;-0.01668341;0.0018550
4452.93760299683;16.1651953;16.1636084;0.04906222;0.04841932;0.1418734;0.2302239;0.0015869
4454.00047302246;16.2143403;16.2126034;0.04947737;0.04882375;0.04102637;0.05516752;0.0017369
4455.06286621094;16.2689443;16.2681550;0.04794309;0.04914728;0.007155141;0.002137909;0.0007893
4456.12525939941;16.3173333;16.3171500;0.04901749;0.04906795;0.07578738;0.06744398;0.0001833
4457.18765258789;16.3725000;16.3726419;0.04898419;0.0492858;0.03053175;0.04638647;-0.0001419
4458.25004577637;16.4215000;16.4222330;0.04891833;0.04948858;0.01149621;-0.007581656;-0.0007330
4459.312915802;16.4766250;16.4778441;0.04886417;0.04946829;0.004800069;0.07108253;-0.0012191
4460.37530899048;16.5256250;16.5271372;0.04883151;0.0493177;0.007178825;0.0123348;-0.0015122
4461.43770217896;16.5807500;16.5826291;0.04879063;0.04929623;0.001477127;0.01757392;-0.0018791
4462.50009536743;16.6297671;16.6316837;0.04873698;0.04914312;-0.008110492;-0.03986721;-0.0019166
4463.56296539307;16.6848120;16.6866988;0.04921393;0.04900718;0.1281172;0.1228967;-0.0018868
4464.62535858154;16.7348021;16.7361110;0.04951952;0.04928056;-0.04618677;-0.0121695;-0.0013089
4465.68775177002;16.7900000;16.7916626;0.04998142;0.04932318;0.1128948;0.05562251;-0.0016626
4466.7501449585;16.8400000;16.8410152;0.04872022;0.04934079;-0.05260176;-0.05687215;-0.0010152
4467.81253814697;16.8952748;16.8963283;0.05010267;0.0492118;0.09527643;0.1088502;-0.0010535
4468.87540817261;16.9451098;16.9456810;0.04878564;0.0493216;-0.02286092;-0.02950718;-0.0005712
4469.93780136108;17.0004453;17.0006961;0.04985747;0.04903571;0.1332939;0.1049407;-0.0002508
4471.00019454956;17.0505903;17.0500487;0.05034419;0.04924797;0.05000632;0.1037341;0.0005416
4472.06258773804;17.1063193;17.1060771;0.04888213;0.0495985;0.02309187;0.01066389;0.0002422
4473.12545776367;17.1557083;17.1551317;0.05006131;0.0492756;0.1173624;0.1700161;0.0005766
4474.18785095215;17.2120000;17.2111005;0.05010022;0.0496548;0.07368022;0.08287767;0.0008995
4475.25024414063;17.2620000;17.2613472;0.05007273;0.05005804;0.0502907;0.06252876;0.0006528
4476.3126373291;17.3182500;17.3181504;0.05001109;0.05036605;0.02713591;-0.02143117;0.0000996
4477.37503051758;17.3682500;17.3686951;0.04995041;0.05045479;0.01475897;-0.005963825;-0.0004451
4478.43790054321;17.4245171;17.4256772;0.04982126;0.05056657;-0.01710422;0.01906358;-0.0011601
4479.50029373169;17.4743940;17.4760431;0.05007928;0.05043075;0.1023258;0.07558276;-0.0016491
4480.56268692017;17.5316675;17.5332636;0.05055686;0.05073706;-0.05747497;-0.02435657;-0.0015961
4481.62508010864;17.5817705;17.5841659;0.04957425;0.05079439;-0.05341488;0.003128258;-0.0023954
4482.68795013428;17.6380000;17.6406711;0.05086906;0.05041825;0.09351324;0.04045301;-0.0026711
4483.75034332275;17.6890000;17.6907986;0.04971627;0.05024215;-0.06052687;-0.09239457;-0.0017986
4484.81273651123;17.7453408;17.7470654;0.0505917;0.05008092;0.1123474;0.09017699;-0.0017246
4485.87512969971;17.7964243;17.7973121;0.05126794;0.05020734;0.05199371;0.06950951;-0.0008878
4486.93752288818;17.8534644;17.8543538;0.04973163;0.05049114;-0.01435501;-0.07676364;-0.0008894
4488.00039291382;17.9037124;17.9043621;0.05086251;0.0501682;0.1081927;0.06722739;-0.0006497
4489.06278610229;17.9611250;17.9609865;0.05101543;0.05029636;0.07615704;0.07808135;0.0001385
4490.12517929077;18.0121250;18.0114716;0.05107279;0.05040739;0.07805218;0.06117301;0.0006534
4491.18757247925;18.0695000;18.0686921;0.05109001;0.05069577;0.06614741;0.06278431;0.0008079
4492.25044250488;18.1205000;18.1194752;0.05111418;0.05077118;0.06613854;0.04865802;0.0010248
4493.31283569336;18.1778750;18.1768149;0.05111811;0.05092227;0.05991533;0.08223595;0.0010601
4494.37522888184;18.2288750;18.2278961;0.05110906;0.05102875;0.05419094;0.01014375;0.0009789
4495.43762207031;18.2862500;18.2855338;0.05107979;0.05114527;0.04530232;0.05397443;0.0007162
4496.50001525879;18.3372671;18.3366746;0.05101654;0.05113915;0.02911497;0.07785563;0.0005925
4497.56288528442;18.3945620;18.3944315;0.05143869;0.05128204;0.1462671;0.1275019;0.0001305
4498.6252784729;18.4465425;18.4465855;0.05172991;0.05186876;-0.03950177;0.05045444;-0.0000430
4499.68767166138;18.5040000;18.5053557;0.05051561;0.05210318;-0.04059816;-0.04353382;-0.0013557
4500.75006484985;18.5550000;18.5569137;0.05145344;0.05174571;0.08601248;0.09737129;-0.0019137
4501.81293487549;18.6135493;18.6153859;0.05216223;0.05190687;0.01063858;0.02600956;-0.0018366
4502.87532806396;18.6653598;18.6674803;0.05061302;0.05199375;-0.0751038;-0.1463398;-0.0021205
4503.93772125244;18.7229453;18.7251776;0.05163669;0.05148257;0.08477266;0.08148486;-0.0022323
4505.00011444092;18.7750903;18.7766761;0.05210716;0.05150391;0.00747151;0.03148907;-0.0015858
4506.06250762939;18.8330693;18.8346118;0.05068328;0.05145839;0.003769499;-0.008304406;-0.0015425
4507.12537765503;18.8844583;18.8856929;0.05185951;0.05124474;0.09058338;0.09286969;-0.0012346
4508.18777084351;18.9430000;18.9433306;0.05196316;0.05124964;0.07272212;0.07325079;-0.0003306
4509.25016403198;18.9950000;18.9948887;0.0520124;0.05144927;0.06865393;0.1025063;0.0001113
4510.31255722046;19.0535000;19.0529436;0.05206199;0.0515772;0.06872587;0.06080245;0.0005564
4511.37542724609;19.1055000;19.1045612;0.0521046;0.05160142;0.07349958;0.0751327;0.0009388
4512.43782043457;19.1640171;19.1629141;0.05207341;0.05177889;0.05238961;0.05064664;0.0011030
4513.50021362305;19.2158940;19.2149490;0.05236831;0.05196842;0.1619298;0.1179577;0.0009450
4514.56260681152;19.2754175;19.2743748;0.05285087;0.0525839;-0.01054015;-0.01037454;0.0010427
4515.62547683716;19.3275205;19.3276018;0.05183208;0.05293135;-0.02383012;0.006601222;-0.0000813
4516.68787002563;19.3860000;19.3868488;0.05307209;0.05276163;0.1075752;0.08696129;-0.0008488
4517.75026321411;19.4390000;19.4398373;0.05174004;0.05291783;-0.07352227;-0.00189371;-0.0008373
4518.81265640259;19.4976498;19.4993228;0.05303365;0.05287967;0.05827695;0.05479275;-0.0016730
4519.87504959106;19.5504848;19.5522517;0.05165242;0.05291357;-0.06487104;-0.1103503;-0.0017669
4520.9379196167;19.6091953;19.6113795;0.05264206;0.05267807;0.07685859;0.07681906;-0.0021842
4522.00031280518;19.6623403;19.6640700;0.05309113;0.05270562;-0.003491275;-0.03323531;-0.0017297
4523.06270599365;19.7214443;19.7234362;0.05163321;0.05270808;-0.01422718;-0.06943652;-0.0019919
4524.12509918213;19.7738333;19.7754115;0.05282123;0.05223731;0.08684709;0.06592513;-0.0015782
4525.18796920776;19.8335000;19.8343009;0.05291076;0.05230558;0.06354687;0.08396026;-0.0008009
4526.25036239624;19.8865000;19.8868722;0.05295853;0.05245581;0.06138754;0.01783445;-0.0003722
4527.31275558472;19.9461250;19.9461788;0.052994;0.05259534;0.05848165;0.04017339;-0.0000538
4528.37514877319;19.9991250;19.9988097;0.05303513;0.05263276;0.06189433;0.03667823;0.0003153
4529.43754196167;20.0587500;20.0581163;0.0530706;0.052704;0.06320218;0.1205085;0.0006337
4530.5004119873;20.1117500;20.1109260;0.05309181;0.05276957;0.06313469;0.06812982;0.0008240
4531.56280517578;20.1713846;20.1705307;0.0530258;0.05287573;0.04513222;0.0450734;0.0008539
4532.62519836426;20.2243120;20.2236384;0.0534992;0.05302973;0.16441;0.1074471;0.0006736
4533.68759155273;20.2850000;20.2844351;0.05339627;0.05374756;-0.0389321;-0.002340032;0.0005649
4534.75046157837;20.3380000;20.3386158;0.05251472;0.05399578;-0.02506408;-0.03467591;-0.0006158
4535.81285476685;20.3977748;20.3992933;0.05405086;0.05395027;0.05679493;0.09052419;-0.0015185
4536.87524795532;20.4516002;20.4536527;0.05255126;0.05419858;-0.07803565;-0.1063726;-0.0020525
4537.9376411438;20.5115527;20.5143899;0.05390263;0.0540434;0.001030384;0.0356187;-0.0028372
4539.00003433228;20.5652144;20.5684513;0.05247008;0.05400827;-0.07082301;-0.08665704;-0.0032369
4540.06290435791;20.6251865;20.6285328;0.05359852;0.05360264;0.05435067;0.03085969;-0.0033463
4541.12529754639;20.6793692;20.6821173;0.05386731;0.05360029;-0.03989859;0.001268142;-0.0027481
4542.18769073486;20.7394297;20.7424372;0.05258157;0.05355267;-0.005998204;-0.01712753;-0.0030075
4543.25008392334;20.7929609;20.7954854;0.05376039;0.05322346;0.05850276;0.02962094;-0.0025245
4544.31295394897;20.8537500;20.8553880;0.0538175;0.05324083;0.04519916;0.06118921;-0.0016380
4545.37534713745;20.9077500;20.9088534;0.05387706;0.05335774;0.04557175;0.04453547;-0.0011034
4546.43774032593;20.9685000;20.9692329;0.05391834;0.05352759;0.04117972;0.03218058;-0.0007329
4547.5001335144;21.0225000;21.0229367;0.05395134;0.05363945;0.03914193;0.007406652;-0.0004367
4548.56252670288;21.0832500;21.0833162;0.05399262;0.0536739;0.04239004;0.01523078;-0.0000662
4549.62539672852;21.1372500;21.1371988;0.0540057;0.05380948;0.03710625;0.0500161;0.0000512
4550.68778991699;21.1980000;21.1978167;0.05360375;0.05387408;0.02858748;0.06011004;0.0001833
4551.75018310547;21.2520000;21.2518185;0.05510355;0.05397729;0.1473845;0.1383262;0.0001815
4552.81257629395;21.3137842;21.3138074;0.05421355;0.05475387;-0.0603471;0.002624913;-0.0000232
4553.87544631958;21.3677007;21.3688821;0.05350151;0.05492232;-0.02120547;-0.01807558;-0.0011814
4554.93783950806;21.4288027;21.4303940;0.05504145;0.05474276;0.02232873;0.03562058;-0.0015913
4556.00023269653;21.4834473;21.4853495;0.05356931;0.05486992;-0.0459833;-0.06426179;-0.0019022
4557.06262588501;21.5447025;21.5466231;0.05495658;0.05459488;-0.005016425;0.00604149;-0.0019206
4558.12501907349;21.5991943;21.6013998;0.05360941;0.05467323;-0.02936892;-0.005694524;-0.0022055
4559.18788909912;21.6604375;21.6624349;0.05481912;0.05441392;0.065417;0.07753909;-0.0019974
4560.2502822876;21.7156328;21.7172116;0.05486576;0.05465367;-0.05626316;-0.01499931;-0.0015788
4561.31267547607;21.7766748;21.7785448;0.05380109;0.05449712;0.02338903;-0.05530485;-0.0018700
4562.37506866455;21.8313431;21.8326062;0.0549299;0.05422895;0.0596663;0.05594619;-0.0012631
4563.43793869019;21.8932500;21.8934625;0.05497632;0.05417718;0.06003279;0.01772344;-0.0002125
4564.50033187866;21.9482500;21.9480008;0.05502776;0.0544014;0.05507956;0.07000935;0.0002492
4565.56272506714;22.0101250;22.0095724;0.05506156;0.054633;0.04790293;0.02589788;0.0005526
4566.62511825562;22.0651250;22.0643490;0.05508646;0.05474706;0.04580753;0.0769082;0.0007760
4567.68751144409;22.1270000;22.1260399;0.05510697;0.05481429;0.04579303;0.02616621;0.0009601
4568.75038146973;22.1820000;22.1809953;0.05511194;0.05491265;0.04222136;0.06893466;0.0010047
4569.8127746582;22.2438750;22.2429246;0.05510589;0.05499972;0.03792037;0.05117662;0.0009504
4570.87516784668;22.2988846;22.2982377;0.05514141;0.05518287;0.01938909;0.01400632;0.0006469
4571.93756103516;22.3606597;22.3605841;0.05472457;0.05533415;0.04740382;0.03766238;0.0000756
4573.00043106079;22.4160356;22.4163741;0.05613155;0.05565123;0.05435429;0.1207961;-0.0003385
4574.06282424927;22.4786885;22.4798530;0.0548989;0.05615189;-0.09267569;-0.06584316;-0.0011645
4575.12521743774;22.5335058;22.5357026;0.05458174;0.05591998;0.003445704;-0.08108209;-0.0021968
4576.18761062622;22.5960937;22.5980490;0.05586547;0.05559582;-0.03099283;-0.01133673;-0.0019553
4577.25048065186;22.6514063;22.6536602;0.05466554;0.05554345;0.01332523;-0.009709247;-0.0022539
4578.31287384033;22.7140970;22.7157682;0.05577864;0.0553358;-0.03973044;-0.03452618;-0.0016712
4579.37526702881;22.7692998;22.7710217;0.05481759;0.05524587;0.03949811;-0.002213457;-0.0017219
4580.43766021729;22.8319609;22.8330105;0.05601847;0.05517856;0.07554722;0.07569997;-0.0010496
4581.50005340576;22.8881060;22.8887409;0.05566623;0.05553679;-0.06839744;-0.05032533;-0.0006349
4582.5629234314;22.9500825;22.9509681;0.05516662;0.05533097;0.08119275;0.0570152;-0.0008856
4583.62531661987;23.0059891;23.0060428;0.05608353;0.05520303;0.065392;0.01998131;-0.0000537
4584.68770980835;23.0690000;23.0683297;0.05607468;0.05531446;0.06577045;0.04988699;0.0006703
4585.75010299683;23.1250000;23.1240004;0.05611137;0.05554704;0.05922293;0.04873468;0.0009996
4586.81297302246;23.1880000;23.1869429;0.05611778;0.05585568;0.04527604;0.02090564;0.0010571
4587.87536621094;23.2440000;23.2432693;0.05608141;0.05613682;0.02703476;0.06467743;0.0007307
4588.93775939941;23.3070000;23.3066887;0.05603468;0.05627381;0.01458008;-0.0543841;0.0003113
4590.00015258789;23.3630000;23.3630150;0.05599833;0.05630631;0.008444901;0.02744122;-0.0000150
4591.06254577637;23.4260000;23.4264940;0.05594496;0.05641236;-0.003931639;0.02192098;-0.0004940
4592.125415802;23.4820218;23.4828204;0.05593674;0.05639515;-0.02033208;0.0136573;-0.0007986
4593.18780899048;23.5448672;23.5460013;0.05583197;0.05624681;0.07047417;0.005668967;-0.0011341
4594.25020217896;23.6015703;23.6025661;0.05697238;0.0564712;0.004027246;0.006123656;-0.0009958
4595.31259536743;23.6650537;23.6667603;0.05571349;0.05682726;-0.07771677;-0.05054143;-0.0017066
4596.37546539307;23.7208711;23.7229675;0.05587221;0.05639731;0.06125993;0.06200126;-0.0020964
4597.43785858154;23.7848340;23.7860888;0.05668311;0.05621102;-0.04708642;-0.02717804;-0.0012548
4598.50025177002;23.8409160;23.8420576;0.05604989;0.05602296;0.09408434;0.06594224;-0.0011416
4599.5626449585;23.9049271;23.9051789;0.05663731;0.05609206;-0.04445469;-0.01426554;-0.0002518
4600.62503814697;23.9609479;23.9608496;0.05634558;0.0558046;0.1378234;0.100111;0.0000983
4601.68790817261;24.0250000;24.0239113;0.05603797;0.05598833;-0.02559607;-0.003517882;0.0010887
4602.75030136108;24.0810000;24.0798801;0.05679144;0.0559637;0.1441472;0.1390557;0.0011199
4603.81269454956;24.1451743;24.1434187;0.05756246;0.05636393;0.06760388;0.1198349;0.0017556
4604.87508773804;24.2019848;24.2005199;0.05601249;0.05680225;-0.0331942;-0.04825485;0.0014649
4605.93795776367;24.2652124;24.2643565;0.05703026;0.05675644;0.08961185;0.1020774;0.0008559
4607.00035095215;24.3222500;24.3213385;0.05710156;0.05691481;0.04669269;0.04533527;0.0009115
4608.06274414063;24.3863750;24.3858308;0.05706063;0.05720878;0.02720947;0.07319579;0.0005442
4609.1251373291;24.4433750;24.4435280;0.05698295;0.05753409;0.0009531003;0.0153851;-0.0001530
4610.18753051758;24.5075000;24.5084375;0.05689554;0.057661;-0.01705828;0.03948517;-0.0009375
4611.25040054321;24.5645000;24.5661348;0.05681785;0.05767377;-0.02861958;-0.06087255;-0.0016348
4612.31279373169;24.6286250;24.6306270;0.05677694;0.05744202;-0.02364612;-0.0183356;-0.0020020
4613.37518692017;24.6856250;24.6874899;0.05679221;0.05708754;-0.005194238;-0.04147124;-0.0018649
4614.43758010864;24.7497500;24.7512072;0.05683764;0.05677745;0.01482463;0.01646941;-0.0014572
4615.50045013428;24.8067671;24.8076528;0.05685183;0.05658626;0.01638905;-0.01553974;-0.0008857
4616.56284332275;24.8708120;24.8708934;0.05741508;0.05635954;0.1694955;0.1442588;-0.0000814
4617.62523651123;24.9287925;24.9279350;0.05783024;0.05679041;0.0075853;0.04798317;0.0008575
4618.68762969971;24.9930000;24.9921888;0.05667371;0.05697883;0.02896255;-0.00308826;0.0008112
4619.75002288818;25.0500000;25.0489324;0.05828561;0.05683853;0.1635697;0.142173;0.0010676
4620.81289291382;25.1151002;25.1136035;0.05694671;0.05727081;0.005896256;-0.04065314;0.0014967
4621.87528610229;25.1722748;25.1706451;0.05840163;0.05711214;0.1302819;0.1611952;0.0016297
4622.93767929077;25.2371973;25.2352565;0.05699749;0.05737709;0.03836939;-0.001350612;0.0019408
4624.00007247925;25.2945527;25.2924770;0.05845002;0.05729648;0.1020592;0.1581196;0.0020757
4625.06294250488;25.3592975;25.3576845;0.05700914;0.05770957;0.04714405;0.001277471;0.0016130
4626.12533569336;25.4180931;25.4156202;0.05993763;0.05787673;-0.6708811;-0.3096505;0.0024729
4627.18772888184;25.4737266;25.4772514;0.05410727;0.05544449;4.528711;2.326281;-0.0035248
4628.25012207031;25.5706797;25.5534261;0.1227973;0.07073161;1.68497;3.12308;0.0172536
4629.31251525879;25.6715780;25.6782979;0.04701821;0.09618263;-8.29035;-7.978847;-0.0067199
4630.37538528442;25.6796151;25.7302135;-0.005064306;0.06544144;-0.9864803;-2.578269;-0.0505984
4631.4377784729;25.7263315;25.7450551;0.06063521;0.03220442;1.537882;2.141512;-0.0187236
4632.50017166138;25.7846831;25.7830232;0.05731254;0.03656981;1.128466;1.173678;0.0016599
4633.56256484985;25.8497391;25.8419126;0.05896153;0.04749313;0.6455689;0.7507727;0.0078265
4634.62543487549;25.9077500;25.9008616;0.05876749;0.05468465;0.2664594;0.2743329;0.0068884
4635.68782806396;25.9730000;25.9686917;0.05848002;0.05833175;0.04879048;0.08434595;0.0043083
4636.75022125244;26.0310000;26.0275811;0.05838092;0.05860396;0.02547489;0.03000547;0.0034189
4637.81261444092;26.0962596;26.0927886;0.05845606;0.05813218;0.04794827;0.0708254;0.0034710
4638.87548446655;26.1542007;26.1504263;0.05805367;0.05787955;0.08980383;0.03743623;0.0037744
4639.93787765503;26.2197856;26.2169450;0.05948576;0.05881631;0.0829484;0.07280715;0.0028406
4641.00027084351;26.2785376;26.2783378;0.05808736;0.06035459;-0.1350404;-0.1208909;0.0001998
4642.06266403198;26.3437718;26.3459891;0.05777867;0.06008029;-0.1323212;-0.1278415;-0.0022173
4643.12505722046;26.4016308;26.4039844;0.05756427;0.05872076;0.00391283;-0.06235803;-0.0023536
4644.18792724609;26.4675703;26.4677018;0.05906868;0.05736224;0.06561773;0.06862007;-0.0001315
4645.25032043457;26.5274219;26.5245050;0.05828332;0.05700009;-0.7748072;-0.5643989;0.0029169
4646.31271362305;26.5823772;26.5846461;0.0654806;0.05455191;6.498698;5.04864;-0.0022689
4647.37510681152;26.6993290;26.6714305;0.1118981;0.07689209;-6.870186;-3.585112;0.0278985
4648.43797683716;26.7211821;26.7565459;0.01385934;0.07166423;5.617257;0.9704105;-0.0353638
4649.50037002563;26.8203164;26.8190116;0.1148641;0.0687218;-1.039407;1.030126;0.0013048
4650.56276321411;26.8993199;26.9153923;0.05159304;0.07840595;-1.577781;-2.228966;-0.0160724
4651.62515640259;26.9567075;26.9764870;0.05606151;0.06706258;-0.6563002;-0.7858676;-0.0197795
4652.68754959106;27.0230000;27.0325154;0.05785648;0.05557887;0.02436163;-0.03955191;-0.0095154
4653.7504196167;27.0820000;27.0818084;0.05943801;0.05180673;0.3565418;0.34505;0.0001916
4654.81281280518;27.1476677;27.1412343;0.05447526;0.05268314;0.6312915;0.3257331;0.0064334
4655.87520599365;27.2092619;27.1986931;0.08167559;0.05599535;-0.6095962;0.907178;0.0105688
4656.93759918213;27.2558970;27.2593707;-0.01037401;0.05250521;-3.675261;-6.058918;-0.0034737
4658.00046920776;27.2705317;27.2700399;0.05521365;0.0262961;3.815749;4.585519;0.0004918
4659.06286239624;27.3403906;27.3107499;0.06379402;0.03517636;0.9186503;1.426482;0.0296407
4660.12525558472;27.3912131;27.3705929;0.0512343;0.05073341;4.114274;2.523085;0.0206202
4661.18764877319;27.4961953;27.4707884;0.1246641;0.07927581;1.409451;3.368918;0.0254069
4662.25004196167;27.5930078;27.5955409;0.05875943;0.1064395;-9.107426;-9.009346;-0.0025331
4663.3129119873;27.5975381;27.6620001;0.001239676;0.07016326;5.058527;0.2824116;-0.0644620
4664.37530517578;27.6969016;27.7034849;0.1141086;0.05539867;-5.358711;-1.388788;-0.0065833
4665.43769836426;27.7201118;27.7552813;0.01689139;0.04608031;7.86371;3.045525;-0.0351695
4666.50009155273;27.8274018;27.8105944;0.1018961;0.05489272;-6.405245;-2.870799;0.0168074
4667.56296157837;27.8461346;27.8705567;0.007650038;0.05003753;2.070802;-0.6569889;-0.0244221
4668.62535476685;27.8995590;27.8967827;0.06043074;0.03636372;0.593703;0.9719386;0.0027763
4669.68774795532;27.9660000;27.9495925;0.1258281;0.04529288;7.90553;8.058448;0.0164075
4670.7501411438;28.0850000;28.0502051;0.07796009;0.08097477;-3.613355;-2.30868;0.0347949
4671.81253433228;28.1513257;28.1593412;0.05774007;0.08926294;-1.640237;-1.949913;-0.0080155
4672.87540435791;28.2105152;28.2262772;0.05839456;0.07471128;-0.9404986;-1.02255;-0.0157620
4673.93779754639;28.2778047;28.2849878;0.05831426;0.05946141;-0.1885823;-0.2869965;-0.0071831
4675.00019073486;28.3356514;28.3342212;0.05595622;0.05336003;0.884374;0.5236983;0.0014302
4676.06258392334;28.4105868;28.3999056;0.07157157;0.05746486;-3.171415;-0.6646889;0.0106812
4677.12545394897;28.4390649;28.4477681;-0.007970339;0.04927733;-2.961917;-4.339795;-0.0087032
4678.18784713745;28.4602500;28.4554571;0.05949234;0.0215708;7.881303;7.266352;0.0047929
4679.25024032593;28.5622031;28.5136312;0.1293701;0.04785546;3.413369;4.66593;0.0485719
4680.3126335144;28.6661178;28.6402315;0.05236888;0.09014151;-7.623813;-7.170491;0.0258863
4681.37502670288;28.6744646;28.7021607;-0.002493709;0.06935699;-0.7395453;-2.382363;-0.0276961
4682.43789672852;28.7227876;28.7289232;0.06420961;0.04028564;1.461037;2.149279;-0.0061356
4683.50028991699;28.7831831;28.7732690;0.06023221;0.04364118;1.030529;1.049589;0.0099141
4684.56268310547;28.8504795;28.8401455;0.06131024;0.05464899;0.4813058;0.5536659;0.0103340
4685.62507629395;28.9105630;28.9070815;0.05996375;0.06230672;-0.1343809;-0.05922427;0.0034815
4686.68794631958;28.9770000;28.9814681;0.05925217;0.06460369;-0.1996857;-0.2304762;-0.0044681
4687.75033950806;29.0370000;29.0438145;0.06415741;0.06305874;-0.2599579;-0.2206908;-0.0068145
4688.81273269653;29.1015885;29.1081279;0.03762653;0.05866801;0.9587923;-0.7625568;-0.0065394
4689.87512588501;29.1721931;29.1670769;0.1243021;0.06027553;5.835769;7.306282;0.0051162
4690.93751907349;29.2986382;29.2880744;0.08204938;0.09304696;-5.911394;-4.305031;0.0105638
4692.00038909912;29.3338613;29.3688983;-0.01405999;0.08206248;-5.60435;-7.008108;-0.0350370
4693.0627822876;29.3573098;29.3860048;0.05817006;0.03712156;1.795347;2.845093;-0.0286950
4694.12517547607;29.4100405;29.4163436;0.0473446;0.0340842;5.463697;3.809288;-0.0063031
4695.18756866455;29.5281875;29.4990152;0.1307503;0.06421192;-3.165525;1.202743;0.0291723
4696.25043869019;29.5741250;29.5895547;-0.009219138;0.07738327;-3.693304;-5.5538;-0.0154297
4697.31283187866;29.6129176;29.6285361;0.06092942;0.04882294;0.3780119;1.169696;-0.0156185
4698.37522506714;29.6643257;29.6673387;0.06766071;0.04324055;7.349107;6.88172;-0.0030130
4699.43761825562;29.7982134;29.7625869;0.09843555;0.07389664;-8.704378;-5.013697;0.0356265
4700.50048828125;29.8069439;29.8344701;0.01809717;0.06957212;6.972467;3.597711;-0.0275262
4701.56288146973;29.9282645;29.9149364;0.0812594;0.07375116;-10.29906;-7.963253;0.0133281
4702.6252746582;29.9312589;29.9675673;0.03237484;0.05825973;8.615865;6.74674;-0.0363084
4703.68766784668;30.0580000;30.0486892;0.1012874;0.07132715;-3.064921;-0.1975867;0.0093108
4704.75006103516;30.1180000;30.1341623;-0.006717434;0.07758747;-8.162075;-8.677004;-0.0161623
4705.81293106079;30.1239767;30.1548451;0.04738526;0.0360821;3.327726;2.767067;-0.0308684
4706.87532424927;30.1856402;30.1740378;0.06244342;0.02736286;1.858557;2.002055;0.0116024
4707.93771743774;30.2540547;30.2288145;0.06292678;0.04251676;1.15703;1.294953;0.0252402
4709.00011062622;30.3139097;30.2939027;0.06194528;0.05680016;0.4559925;0.522796;0.0200070
4710.06298065186;30.3819525;30.3746074;0.06198894;0.06669571;-0.222849;-0.1141614;0.0073451
4711.12537384033;30.4424225;30.4450601;0.05953556;0.06871476;-0.4671469;-0.5279409;-0.0026376
4712.18776702881;30.5105937;30.5173606;0.06032938;0.06542329;-0.3847678;-0.3123116;-0.0067669
4713.25016021729;30.5709063;30.5761903;0.05932793;0.06120067;-0.1054924;-0.1819667;-0.0052840
4714.31255340576;30.6392220;30.6394309;0.06094157;0.05793095;0.06057552;0.09158722;-0.0002089
4715.3754234314;30.6994030;30.6963533;0.06037495;0.05737183;0.2286802;0.2791543;0.0030497
4716.43781661987;30.7678340;30.7631105;0.06134919;0.05885943;0.06838691;0.1344271;0.0047235
4717.50020980835;30.8279331;30.8244437;0.06051638;0.06040138;0.09131749;0.0589289;0.0034894
4718.56260299683;30.8963545;30.8941811;0.06140101;0.06146381;0.01858392;0.05255782;0.0021734
4719.62547302246;30.9574380;30.9560507;0.06073042;0.06168171;-0.1356386;-0.1136964;0.0013873
4720.68786621094;31.0250000;31.0237020;0.06089462;0.06055484;0.08671413;0.02919761;0.0012980
4721.75025939941;31.0860000;31.0829490;0.0612566;0.05976133;0.1051236;0.08390301;0.0030510
4722.81265258789;31.1546743;31.1500043;0.06188718;0.05969551;0.1180527;0.1353451;0.0046700
4723.87504577637;31.2154848;31.2101453;0.06044419;0.05998287;0.04136823;-0.02289139;0.0053395
4724.937915802;31.2832124;31.2783927;0.0614719;0.06048295;0.1412813;0.1729443;0.0048197
4726.00030899048;31.3442500;31.3402623;0.0614443;0.06138788;0.05066679;0.008303842;0.0039877
4727.06270217896;31.4128750;31.4105958;0.06125394;0.0621288;-0.008335217;0.05320349;0.0022792
4728.12509536743;31.4738532;31.4732402;0.06104258;0.06241909;-0.03296981;0.01880398;0.0006130
4729.18796539307;31.5426328;31.5432757;0.06097003;0.06227424;-0.1321504;-0.1023969;-0.0006429
4730.25035858154;31.6029297;31.6045493;0.05973621;0.06157633;-0.05519825;-0.07424808;-0.0016196
4731.31275177002;31.6710931;31.6719621;0.06097381;0.06046218;0.04781017;0.06022784;-0.0008690
4732.3751449585;31.7321250;31.7321628;0.06099578;0.06031089;0.05044232;0.05580402;-0.0000378
4733.43753814697;31.8007500;31.8000525;0.06107771;0.06035144;0.05905952;0.03085841;0.0006975
4734.50040817261;31.8617500;31.8607896;0.061107;0.06058367;0.05156213;0.07899531;0.0009604
4735.56280136108;31.9303750;31.9292158;0.06112915;0.06074565;0.04707478;0.06195565;0.0011592
4736.62519454956;31.9913846;31.9898933;0.06109681;0.06066589;0.04315056;0.005898798;0.0014913
4737.68758773804;32.0600000;32.0581406;0.0622905;0.06063918;0.181648;0.1764189;0.0018594
4738.75045776367;32.1220000;32.1197122;0.0615049;0.06125303;-0.008197025;-0.002119994;0.0022878
4739.81285095215;32.1906250;32.1889728;0.06118408;0.06146538;0.0234165;0.09958721;0.0016522
4740.87524414063;32.2516250;32.2504252;0.06113368;0.06146945;0.01804514;-0.06249281;0.0011998
4741.9376373291;32.3202671;32.3195070;0.06113416;0.06145244;0.004223605;0.04114102;0.0007601
4743.00003051758;32.3811597;32.3810786;0.06072518;0.06153017;0.03841089;0.005713784;0.0000811
4744.06290054321;32.4503057;32.4505776;0.06211456;0.0617289;0.02835058;0.0980676;-0.0002719
4745.12529373169;32.5119167;32.5127453;0.06091061;0.06201191;-0.06708259;-0.0100232;-0.0008286
4746.18768692017;32.5805234;32.5820655;0.06082818;0.06171206;-0.04790917;-0.06450116;-0.0015421
4747.25008010864;32.6413672;32.6429218;0.06078511;0.06116169;0.06963322;-0.007909566;-0.0015546
4748.31295013428;32.7108252;32.7111095;0.06195888;0.06082879;0.026272;0.09319337;-0.0002843
4749.37534332275;32.7721787;32.7724427;0.06087422;0.06111026;-0.01898442;0.0422991;-0.0002640
4750.43773651123;32.8406440;32.8408092;0.06124461;0.06088711;0.1308653;0.1428576;-0.0001652
4751.50012969971;32.9025840;32.9021424;0.06187212;0.06120174;-0.01775034;-0.01806905;0.0004416
4752.56252288818;32.9713229;32.9714030;0.0613257;0.06140049;0.1117456;0.07575921;-0.0000801
4753.62539291382;33.0332925;33.0329746;0.06177012;0.06151505;-0.03741299;0.005639654;0.0003179
4754.68778610229;33.1020000;33.1016987;0.0606169;0.06115731;0.01174391;0.04322139;0.0003013
4755.75017929077;33.1630000;33.1619590;0.06228265;0.06059198;0.1746413;0.218346;0.0010410
4756.81257247925;33.2326002;33.2303256;0.06103338;0.06073854;0.04330707;0.04341189;0.0022746
4757.87544250488;33.2937748;33.2915991;0.06246246;0.06108176;0.1393503;0.145314;0.0021757
4758.93783569336;33.3631973;33.3612770;0.0609952;0.06169615;0.02183892;-0.02316932;0.0019203
4760.00022888184;33.4245527;33.4235638;0.06232893;0.06206575;0.04700771;0.07682124;0.0009889
4761.06262207031;33.4938193;33.4941953;0.06081324;0.06252365;-0.0368395;-0.05096536;-0.0003760
4762.12549209595;33.5551865;33.5566014;0.06181371;0.06244779;0.03685303;0.07007378;-0.0014149
4763.18788528442;33.6251328;33.6270541;0.0618276;0.06256056;-0.09607273;-0.02632506;-0.0019213
4764.2502784729;33.6864297;33.6890429;0.06062551;0.06215716;-0.03107675;-0.07287201;-0.0026132
4765.31267166138;33.7556963;33.7577075;0.06187227;0.06141927;0.06517432;0.04502135;-0.0020112
4766.37506484985;33.8178789;33.8189214;0.06177805;0.06131499;-0.04122658;0.007775163;-0.0010425
4767.43793487549;33.8866831;33.8875860;0.06102701;0.06111034;0.08310922;0.02852443;-0.0009029
4768.50032806396;33.9484609;33.9483231;0.06215077;0.06088844;0.1136453;0.1159564;0.0001378
4769.56272125244;34.0183130;34.0174049;0.06167702;0.06123811;-0.03372459;0.003371237;0.0009081
4770.62511444092;34.0793325;34.0784997;0.06135809;0.06111462;0.1256432;0.1042144;0.0008328
4771.68798446655;34.1490000;34.1474026;0.06259464;0.06123522;0.100505;0.1052686;0.0015974
4772.75037765503;34.2110000;34.2093319;0.06110252;0.06167193;-0.04336448;0.005733989;0.0016681
4773.81277084351;34.2797254;34.2787713;0.06195949;0.06164818;0.1086564;0.1443143;0.0009541
4774.87516403198;34.3417500;34.3408793;0.06209701;0.0619432;0.05011804;0.0540195;0.0008707
4775.93755722046;34.4115000;34.4113916;0.06201207;0.06244027;0.01444117;0.02592599;0.0001084
4777.00042724609;34.4734829;34.4742745;0.06186232;0.06270076;-0.002396978;-0.05604231;-0.0007916
4778.06282043457;34.5433692;34.5448464;0.06200891;0.06272265;-0.08182189;-0.05281302;-0.0014772
4779.12521362305;34.6048193;34.6069544;0.06061725;0.06228924;-0.05543466;-0.0720649;-0.0021351
4780.18760681152;34.6739609;34.6755594;0.06186356;0.06140967;0.0612981;0.0611308;-0.0015985
4781.25047683716;34.7360000;34.7367138;0.06192046;0.06128816;0.05610458;0.03533569;-0.0007138
4782.31287002563;34.8057500;34.8057359;0.06200157;0.06135043;0.06286869;0.07738694;0.0000141
4783.37526321411;34.8677500;34.8675460;0.06202272;0.06163575;0.05103897;0.04359613;0.0002040
4784.43765640259;34.9375000;34.9371046;0.06204405;0.06176244;0.04753321;0.03069375;0.0003954
4785.50004959106;34.9995000;34.9988550;0.06207186;0.06175748;0.05173488;0.07021291;0.0006450
4786.5629196167;35.0692500;35.0682944;0.06210646;0.06177209;0.05616102;0.06537705;0.0009556
4787.62531280518;35.1312500;35.1299256;0.06214756;0.06169276;0.06637482;0.09587946;0.0013244
4788.68770599365;35.2010000;35.1993650;0.06218216;0.061731;0.07020522;0.04660962;0.0016350
4789.75009918213;35.2630000;35.2614134;0.06217677;0.0619381;0.06029463;0.08824036;0.0015866
4790.81296920776;35.3327500;35.3313893;0.0621516;0.06210144;0.05013534;0.06094118;0.0013607
4791.87536239624;35.3947500;35.3936165;0.06212629;0.06216808;0.04455606;0.07527529;0.0011335
4792.93775558472;35.4645000;35.4636520;0.06209448;0.06222454;0.03857836;-0.01327171;0.0008480
4794.00014877319;35.5265000;35.5259985;0.06205587;0.0622932;0.03074504;0.04617612;0.0005015
4795.06254196167;35.5962500;35.5960935;0.06201743;0.06227383;0.02714485;-0.02094346;0.0001565
4796.1254119873;35.6582500;35.6582016;0.06200539;0.06215258;0.03188061;-0.003179862;0.0000484
4797.18780517578;35.7280000;35.7280582;0.06199351;0.06211146;0.03248041;0.04688757;-0.0000582
4798.25019836426;35.7900000;35.7901663;0.06198147;0.06208606;0.03212727;0.08058444;-0.0001663
4799.31259155273;35.8597718;35.8597249;0.0619795;0.06192485;0.02778273;0.01406809;0.0000469
4800.37546157837;35.9216211;35.9211773;0.06215524;0.06162562;0.156557;0.1265562;0.0004438
4801.43785476685;35.9923169;35.9907955;0.0630419;0.06183855;0.04897318;0.07177373;0.0015214
4802.50024795532;36.0545220;36.0530227;0.06208111;0.06206691;0.04868371;0.04685638;0.0014993
4803.5626411438;36.1242500;36.1225814;0.06218591;0.06189103;0.07174662;0.06320672;0.0016686
4804.62503433228;36.1862500;36.1843914;0.06220708;0.06185469;0.07776792;0.08254817;0.0018586
4805.68790435791;36.2560000;36.2539500;0.06181173;0.06186616;0.07454517;0.08698745;0.0020500
4806.75029754639;36.3180000;36.3161772;0.06328642;0.06212846;0.183513;0.1160156;0.0018228
4807.81269073486;36.3887746;36.3875836;0.0622795;0.06307456;-0.03198262;0.0009889321;0.0011910
4808.87508392334;36.4507596;36.4510626;0.06203558;0.06331085;-0.02724575;-0.0008796033;-0.0003030
4809.93795394897;36.5204097;36.5216345;0.06157968;0.06293114;0.02195018;-0.03441962;-0.0012248
4811.00034713745;36.5827856;36.5841001;0.06302281;0.0626796;0.06160208;0.05283715;-0.0013145
4812.06274032593;36.6532917;36.6547316;0.0618425;0.06274921;-0.04156843;-0.0235288;-0.0014399
4813.1251335144;36.7152718;36.7171973;0.06181118;0.06255167;-0.02261711;0.006314822;-0.0019255
4814.18752670288;36.7848672;36.7866963;0.06175454;0.06201283;0.09332956;0.06372648;-0.0018291
4815.25039672852;36.8475703;36.8483275;0.06299897;0.06181083;0.06164639;0.08964478;-0.0007572
4816.31278991699;36.9178037;36.9181842;0.06186125;0.0619688;0.006086097;-0.01422477;-0.0003805
4817.37518310547;36.9796211;36.9799346;0.06207086;0.0617957;0.1396655;0.0727487;-0.0003135
4818.43757629395;37.0503169;37.0496720;0.06294424;0.06194805;0.03271745;0.02691914;0.0006449
4819.50044631958;37.1125220;37.1120185;0.06197016;0.06216389;0.03058272;0.0659904;0.0005035
4820.56283950806;37.1822596;37.1815771;0.0620067;0.06193332;0.04192579;0.03699618;0.0006825
4821.62523269653;37.2441870;37.2433871;0.06251327;0.06186612;0.1766866;0.208132;0.0007999
4822.68762588501;37.3150000;37.3140186;0.06244267;0.0625284;-0.0194681;0.003964838;0.0009814
4823.75049591064;37.3770000;37.3770803;0.06157438;0.06286716;-0.008118845;-0.01911183;-0.0000803
4824.81288909912;37.4468998;37.4477118;0.06312957;0.06283151;0.07626877;0.08162;-0.0008120
4825.8752822876;37.5097252;37.5108331;0.0616565;0.06301737;-0.05130985;-0.06769648;-0.0011079
4826.93767547607;37.5797856;37.5817031;0.06295562;0.06298615;0.03140403;0.05425438;-0.0019175
4828.00006866455;37.6425547;37.6448840;0.06185505;0.06309645;-0.09461246;-0.09086174;-0.0023293
4829.06293869019;37.7121308;37.7148002;0.06152908;0.06241279;0.03709085;-0.01406589;-0.0026694
4830.12533187866;37.7747025;37.7765506;0.06296466;0.06202603;0.03900271;0.08702943;-0.0018481
4831.18772506714;37.8449063;37.8463477;0.06175607;0.06202969;0.06584872;0.009854512;-0.0014414
4832.25011825562;37.9075703;37.9080981;0.06302452;0.06186515;0.05320158;0.08449965;-0.0005278
4833.31298828125;37.9778037;37.9778951;0.06189346;0.06191441;0.004218426;0.01222154;-0.0000914
4834.37538146973;38.0396211;38.0392879;0.06214291;0.06156241;0.1523874;0.137851;0.0003332
4835.4377746582;38.1103340;38.1086677;0.06300857;0.06168018;0.03798482;0.09440683;0.0016663
4836.50016784668;38.1724160;38.1708950;0.06234654;0.06198163;0.1528127;0.09996209;0.0015210
4837.56256103516;38.2431771;38.2415265;0.06284927;0.06254513;-0.01953463;0.02380447;0.0016506
4838.62543106079;38.3051979;38.3042902;0.06243576;0.0626213;0.1298447;0.07531115;0.0009077
4839.68782424927;38.3760000;38.3753985;0.06240034;0.06303689;-0.05631728;0.009972121;0.0006015
4840.75021743774;38.4380000;38.4384602;0.06153205;0.0630388;-0.02809029;-0.03644174;-0.0004602
4841.81261062622;38.5078998;38.5086745;0.06313373;0.06261803;0.08166307;0.07381715;-0.0007747
4842.87548065186;38.5707252;38.5715574;0.06168722;0.06279943;-0.04218866;-0.03464982;-0.0008322
4843.93787384033;38.6408027;38.6421889;0.06306429;0.06277167;0.03485993;0.1019584;-0.0013862
4845.00026702881;38.7034473;38.7050122;0.06160689;0.0627939;-0.02600247;-0.04952317;-0.0015649
4846.06266021729;38.7737025;38.7749880;0.06302734;0.06239942;0.02573634;0.08777993;-0.0012855
4847.12505340576;38.8361725;38.8373941;0.06169332;0.06236865;0.02505891;-0.001724523;-0.0012216
4848.1879234314;38.9065937;38.9071911;0.06301676;0.06214467;0.0215793;0.04340247;-0.0005974
4849.25031661987;38.9689063;38.9692992;0.06187289;0.06206618;0.07566879;-0.007812779;-0.0003929
4850.31270980835;39.0408249;39.0387386;0.06160289;0.06178455;-0.908061;-0.7038539;0.0020863
4851.37510299683;39.0923060;39.0966147;0.06970873;0.05928137;6.861585;6.121593;-0.0043087
4852.43797302246;39.2295508;39.2036647;0.1034883;0.08620275;-8.673214;-4.825426;0.0258861
4853.50036621094;39.2471309;39.2824620;-0.001176084;0.07785855;-0.5299622;-2.540154;-0.0353311
4854.56275939941;39.3045016;39.3210858;0.06636772;0.04994053;0.6159573;1.249111;-0.0165842
4855.62515258789;39.3671979;39.3698424;0.06203998;0.0496809;0.7071688;0.6696924;-0.0026445
4856.68754577637;39.4380000;39.4358247;0.06207569;0.05597353;0.2858655;0.315665;0.0021753
4857.750415802;39.5000000;39.4996017;0.06321104;0.0608863;0.183397;0.1372131;0.0003983
4858.81280899048;39.5707252;39.5728558;0.06154256;0.06359138;-0.1342975;-0.1188263;-0.0021306
4859.87520217896;39.6328998;39.6363944;0.06283069;0.06347629;-0.03696378;0.01600374;-0.0034946
4860.93759536743;39.7034473;39.7058934;0.06150871;0.06228097;-0.04847056;-0.116537;-0.0024461
4862.00046539307;39.7658027;39.7660941;0.06318627;0.06100797;0.1018053;0.1614155;-0.0002914
4863.06285858154;39.8361725;39.8342222;0.06204673;0.06074676;0.1185869;0.06569301;0.0019503
4864.12525177002;39.8986807;39.8953766;0.06351299;0.06108011;0.1374599;0.1563225;0.0033041
4865.1876449585;39.9690625;39.9659485;0.06230528;0.06218215;0.0009096331;-0.007827037;0.0031140
4866.25003814697;40.0308672;40.0290102;0.06216523;0.0627017;0.07252642;0.02558169;0.0018570
4867.31290817261;40.1014720;40.0998801;0.06314221;0.06290985;-0.03321443;0.06415692;0.0015919
4868.37530136108;40.1636530;40.1627034;0.06214095;0.06280645;0.0563774;0.00957837;0.0009496
4869.43769454956;40.2343340;40.2325600;0.06302057;0.06234333;-0.01874884;0.01548882;0.0017740
4870.50008773804;40.2964160;40.2944297;0.06239839;0.06201935;0.1333427;0.1326462;0.0019863
4871.56295776367;40.3671771;40.3643459;0.06298081;0.06215827;-0.006422666;-0.01104855;0.0028312
4872.62535095215;40.4291979;40.4270500;0.06257394;0.06249385;0.1316188;0.08885354;0.0021479
4873.68774414063;40.5000000;40.4985756;0.06199203;0.06325002;-0.08317373;-0.03222819;0.0014244
4874.7501373291;40.5620000;40.5624121;0.06312075;0.06360222;0.04595974;0.0203796;-0.0004121
4875.81253051758;40.6327252;40.6340569;0.06163157;0.06363283;-0.112216;-0.1041694;-0.0013317
4876.87540054321;40.6948998;40.6969398;0.06299275;0.06312439;0.01545933;-0.008611044;-0.0020400
4877.93779373169;40.7654473;40.7673925;0.06156452;0.06273576;-0.04978799;-0.05171892;-0.0019452
4879.00018692017;40.8278027;40.8291429;0.06306942;0.06213827;0.04389092;0.06534261;-0.0013402
4880.06258010864;40.8981725;40.8985227;0.06179041;0.06185072;0.04281434;0.009941733;-0.0003502
4881.12545013428;40.9607025;40.9600347;0.06324497;0.06165923;0.06915138;0.119988;0.0006678
4882.18784332275;41.0309063;41.0297722;0.06204302;0.06183873;0.09018715;0.0009025045;0.0011341
4883.25023651123;41.0935937;41.0921782;0.06324104;0.06219886;0.02910814;0.05336578;0.0014155
4884.31262969971;41.1636530;41.1625713;0.06215567;0.06241709;0.0844372;0.0275954;0.0010817
4885.37549972534;41.2264720;41.2249774;0.06313137;0.0624165;-0.000993764;-0.003935277;0.0014946
4886.43789291382;41.2964160;41.2953705;0.06229356;0.06248144;0.1022081;0.04720978;0.0010455
4887.50028610229;41.3593340;41.3578957;0.06298317;0.06251449;-0.0239164;0.0659558;0.0014383
4888.56267929077;41.4291979;41.4286464;0.06239607;0.06271958;0.1008669;0.07353503;0.0005515
4889.62507247925;41.4921675;41.4915889;0.06279916;0.06288208;-0.05557098;0.004256235;0.0005786
4890.68794250488;41.5620000;41.5623993;0.06153884;0.06290139;-0.03935612;-0.07111617;-0.0003993
4891.75033569336;41.6240000;41.6248053;0.06307694;0.06259771;0.0929881;0.07720568;-0.0008053
4892.81272888184;41.6947252;41.6954964;0.06169402;0.06275366;-0.05805822;-0.1147643;-0.0007712
4893.87512207031;41.7568998;41.7582601;0.06306849;0.06273632;0.04673138;0.06226327;-0.0013603
4894.93799209595;41.8274473;41.8287128;0.06164025;0.06263526;-0.03253418;-0.0831269;-0.0012655
4896.00038528442;41.8897856;41.8905824;0.06308048;0.06215751;0.06305583;0.09096453;-0.0007968
4897.0627784729;41.9603135;41.9602007;0.06204121;0.06191863;-0.02139681;-0.07031954;0.0001128
4898.12517166138;42.0221308;42.0215338;0.06189301;0.06151905;0.1063559;0.0520203;0.0005970
4899.18756484985;42.0925937;42.0903772;0.06333029;0.06135914;0.08625111;0.1605864;0.0022165
4900.25043487549;42.1549063;42.1524256;0.06219306;0.0617533;0.119427;0.07421894;0.0024807
4901.31282806396;42.2254502;42.2229975;0.06326383;0.06244096;0.03172766;0.08021859;0.0024527
4902.37522125244;42.2878037;42.2861785;0.06208472;0.06287756;-0.03144777;0.01376226;0.0016252
4903.43761444092;42.3573940;42.3571080;0.06229489;0.06296391;0.08337387;0.07216789;0.0002860
4904.50048446655;42.4203340;42.4204081;0.06281466;0.06320233;-0.07499645;-0.05936425;-0.0000741
4905.56287765503;42.4901979;42.4914569;0.06219435;0.06310397;0.05951786;0.02661721;-0.0012590
4906.62527084351;42.5531675;42.5545186;0.06258415;0.06308998;-0.09115487;-0.0500253;-0.0013511
4907.68766403198;42.6230000;42.6251501;0.06134377;0.06284984;-0.06090632;-0.08380414;-0.0021501
4908.75005722046;42.6850000;42.6869601;0.06286494;0.06220719;0.09682868;0.08185495;-0.0019601
4909.81292724609;42.7557746;42.7569956;0.06201076;0.0622529;-0.05629292;-0.05502205;-0.0012210
4910.87532043457;42.8177596;42.8189844;0.06193287;0.06208033;-0.01104868;-0.04616538;-0.0012248
4911.93771362305;42.8874097;42.8881258;0.06163636;0.06165224;0.06053503;0.01854153;-0.0007161
4913.00010681152;42.9497856;42.9495782;0.06319238;0.06155764;0.1072591;0.09725264;0.0002074
4914.06297683716;43.0203135;43.0195540;0.06211326;0.06199125;-0.01575092;0.02742451;0.0007595
4915.12537002563;43.0821308;43.0814236;0.06190529;0.0618894;0.08955514;0.0378856;0.0007072
4916.18776321411;43.1525703;43.1509226;0.06326691;0.06187828;0.06665775;0.08466567;0.0016477
4917.25015640259;43.2150391;43.2135075;0.06212898;0.06230592;0.001273052;0.03470506;0.0015316
4918.31254959106;43.2847718;43.2836622;0.0620979;0.06230503;0.003971226;-0.01872384;0.0011096
4919.3754196167;43.3466211;43.3457106;0.06220724;0.06214283;0.1179894;0.06243359;0.0009105
4920.43781280518;43.4173169;43.4161633;0.06300092;0.06252447;-0.009889406;0.04174487;0.0011536
4921.50020599365;43.4795220;43.4794635;0.06192058;0.06298015;-0.03768661;-0.05548237;0.0000585
4922.56259918213;43.5492596;43.5500353;0.06184423;0.06279869;-0.04401943;-0.05065772;-0.0007757
4923.62546920776;43.6111870;43.6121434;0.06231759;0.06236602;0.1038728;0.0987913;-0.0009564
4924.68786239624;43.6820000;43.6823577;0.06221014;0.06240251;-0.05504946;-0.03680168;-0.0003577
4925.75025558472;43.7440000;43.7444657;0.06194811;0.06220179;0.002886817;-0.004274777;-0.0004657
4926.81264877319;43.8137500;43.8137859;0.06199599;0.06180348;0.02904795;-0.004330215;-0.0000359
4927.87504196167;43.8757596;43.8752979;0.06212078;0.0616376;0.03918678;0.08007731;0.0004617
4928.9379119873;43.9454097;43.9442009;0.06185083;0.06137931;0.1071596;0.03864887;0.0012088
4930.00030517578;44.0077856;44.0057129;0.0634002;0.06150809;0.1432261;0.1548443;0.0020727
4931.06269836426;44.0782917;44.0760463;0.0622531;0.06220534;0.01550571;0.03875892;0.0022454
4932.12509155273;44.1402500;44.1383332;0.06221356;0.06224835;0.04003557;0.003816384;0.0019168
4933.18796157837;44.2100000;44.2080706;0.06221496;0.06209242;0.05001467;0.09931368;0.0019294
4934.25035476685;44.2720000;44.2700595;0.0622162;0.06204282;0.05434168;0.04924998;0.0019405
4935.31274795532;44.3417500;44.3399161;0.06220432;0.06207264;0.05308104;0.06128402;0.0018339
4936.3751411438;44.4037500;44.4022626;0.06216572;0.06224155;0.04095434;0.03790965;0.0014874
4937.43753433228;44.4735000;44.4728345;0.06207414;0.06255309;0.01444363;-0.001920842;0.0006655
4938.50040435791;44.5355000;44.5357174;0.06197577;0.06272183;-0.006477262;-0.00124443;-0.0002174
4939.56279754639;44.6052500;44.6061701;0.06189748;0.06262098;-0.01179987;-0.03864527;-0.0009201
4940.62519073486;44.6672500;44.6684569;0.06186553;0.06237547;-0.004230084;0.01536864;-0.0012069
4941.68758392334;44.7370000;44.7380751;0.06188021;0.06201394;0.01498779;0.00124832;-0.0010751
4942.75045394897;44.7990000;44.7997659;0.06191466;0.06180362;0.02931044;-0.0009543691;-0.0007659
4943.81284713745;44.8687500;44.8690861;0.06196255;0.06167244;0.04153604;0.03732447;-0.0003361
4944.87524032593;44.9307500;44.9305981;0.06201692;0.06157551;0.05328782;0.06063385;0.0001519
4945.9376335144;45.0005000;44.9996799;0.06209137;0.06144589;0.06975069;0.06903788;0.0008201
4947.00050354004;45.0625000;45.0613111;0.06213246;0.0615729;0.06930168;0.03094904;0.0011889
4948.06289672852;45.1322500;45.1308101;0.06216042;0.06172668;0.06623257;0.05804013;0.0014399
4949.12528991699;45.1942500;45.1925605;0.06218823;0.06174971;0.06988632;0.06242928;0.0016895
4950.18768310547;45.2639766;45.2622980;0.06218702;0.06189696;0.07834223;0.03336099;0.0016786
4951.25007629395;45.3261328;45.3247040;0.06220086;0.06224441;-0.03250046;-0.01017692;0.0014288
4952.31294631958;45.3950498;45.3946799;0.06105065;0.06218375;0.03395851;-0.0177863;0.0003699
4953.37533950806;45.4567181;45.4566091;0.06208278;0.0620462;0.0528812;0.04909021;0.0001090
4954.43773269653;45.5265000;45.5267042;0.06197724;0.06224014;0.02210142;0.06194953;-0.0002042
4955.50012588501;45.5885000;45.5890506;0.06193865;0.06228993;0.0143438;-0.00266962;-0.0005506
4956.56299591064;45.6582404;45.6590861;0.06197511;0.06226164;0.02470549;0.005039954;-0.0008457
4957.62538909912;45.7203130;45.7213133;0.0614644;0.06221805;-0.1050839;-0.1027362;-0.0010003
4958.6877822876;45.7890000;45.7903951;0.06151123;0.06164216;0.08337804;0.04929445;-0.0013951
4959.75017547607;45.8510000;45.8512515;0.06238864;0.06120004;0.07823049;0.07668247;-0.0002515
4960.81256866455;45.9206098;45.9200948;0.06090666;0.06115264;-0.007288985;-0.001026779;0.0005150
4961.87543869019;45.9817158;45.9808320;0.06188232;0.06086194;0.153522;0.1602713;0.0008838
4962.93783187866;46.0515903;46.0498542;0.06247728;0.06124969;0.06049819;0.0691359;0.0017361
4964.00022506714;46.1132144;46.1115450;0.06101673;0.0615091;0.0186439;-0.005724125;0.0016694
4965.06261825562;46.1821865;46.1806267;0.06214514;0.06144913;0.1307619;0.1261877;0.0015598
4966.12548828125;46.2443692;46.2424964;0.06238216;0.0617718;0.01992275;0.06888507;0.0018728
4967.18788146973;46.3134297;46.3124126;0.06102999;0.06200071;0.03540915;0.006377648;0.0010171
4968.2502746582;46.3749375;46.3745207;0.06208811;0.06208789;0.08089299;0.04576983;0.0004168
4969.31266784668;46.4448789;46.4449733;0.06188368;0.06248739;-0.07618691;-0.02031826;-0.0000944
4970.37506103516;46.5060280;46.5073794;0.06088458;0.06241058;0.0182052;0.01610935;-0.0013514
4971.43793106079;46.5755840;46.5771168;0.06165213;0.06214542;-0.08382831;-0.02568283;-0.0015328
4972.50032424927;46.6366660;46.6388076;0.06093847;0.06185859;0.05174226;0.0249224;-0.0021416
4973.56271743774;46.7063021;46.7079490;0.06148187;0.06165033;-0.079225;-0.03988479;-0.0016469
4974.62511062622;46.7673229;46.7692226;0.06112297;0.06139266;0.09161985;0.08459113;-0.0018997
4975.68798065186;46.8370000;46.8380064;0.0612212;0.06119372;-0.04838362;-0.04875965;-0.0010064
4976.75037384033;46.8980000;46.8988627;0.06048721;0.0609405;0.008973632;-0.0001284697;-0.0008627
4977.81276702881;46.9667748;46.9667524;0.06222254;0.06055324;0.1341103;0.1667575;0.0000224
4978.87516021729;47.0286002;47.0277280;0.06087713;0.06081621;0.01988305;-0.008633838;0.0008722
4979.93755340576;47.0975356;47.0963329;0.06230327;0.060931;0.1136022;0.1163718;0.0012027
4981.0004234314;47.1593047;47.1577257;0.06129051;0.06121891;-0.007449337;-0.02625047;0.0015790
4982.06281661987;47.2277558;47.2266883;0.06094543;0.06124245;0.08929963;0.04319176;0.0010675
4983.12520980835;47.2893057;47.2880810;0.06228131;0.06138287;0.07028367;0.1193684;0.0012247
4984.18760299683;47.3585391;47.3578781;0.06103197;0.06183376;-0.02577388;-0.08546728;0.0006610
4985.25047302246;47.4195234;47.4197477;0.06097501;0.0618265;-0.02934954;-0.01245737;-0.0002243
4986.31286621094;47.4879961;47.4888295;0.06101293;0.06151802;0.08402877;0.007043632;-0.0008334
4987.37525939941;47.5498252;47.5504607;0.06191975;0.06160687;-0.01157799;0.0948022;-0.0006355
4988.43765258789;47.6187720;47.6200789;0.06076845;0.06172932;-0.03738493;-0.09584949;-0.0013069
4989.50004577637;47.6797500;47.6812333;0.06083473;0.0613201;-0.009957319;0.02604913;-0.0014833
4990.562915802;47.7483750;47.7495998;0.06086353;0.06094457;0.01159155;0.006239038;-0.0012248
4991.62530899048;47.8093846;47.8100985;0.06085112;0.0606615;0.01871104;0.03110463;-0.0007139
4992.68770217896;47.8780000;47.8780478;0.062078;0.06049764;0.166539;0.1996416;-0.0000478
4993.75009536743;47.9400000;47.9391426;0.06134553;0.0609143;-0.007885605;0.04619968;0.0008574
4994.81296539307;48.0086250;48.0077475;0.06109777;0.06091441;0.04270648;0.0534735;0.0008775
4995.87535858154;48.0696250;48.0686039;0.06111376;0.06085142;0.04870205;0.03653496;0.0010211
4996.93775177002;48.1382500;48.1367916;0.06116249;0.06070086;0.06373703;0.03594006;0.0014584
4998.0001449585;48.1992500;48.1974691;0.06119842;0.06071313;0.06904471;0.007234232;0.0017809
4999.06253814697;48.2678532;48.2661337;0.06116586;0.06094417;0.07054203;0.116903;0.0017195
5000.12540817261;48.3289942;48.3275264;0.06133704;0.06125257;-0.01803933;0.01441974;0.0014678
5001.18780136108;48.3969297;48.3964294;0.05997241;0.06123305;0.008155795;-0.02876282;0.0005003
5002.25019454956;48.4574609;48.4571665;0.06107447;0.06093449;0.06407137;0.08269458;0.0002944
5003.31258773804;48.5261250;48.5259503;0.06101946;0.06109937;0.0312745;0.0895299;0.0001747
5004.37545776367;48.5871250;48.5874027;0.06096905;0.06132562;0.01330298;0.004522167;-0.0002777
5005.43785095215;48.6557329;48.6564845;0.06096574;0.06135315;0.01999742;0.008940072;-0.0007516
5006.50024414063;48.7168560;48.7177581;0.06063646;0.0612529;-0.09831651;-0.1072267;-0.0009021
5007.5626373291;48.7844575;48.7857670;0.06011939;0.0606548;0.06878059;0.04448713;-0.0013095
5008.62550735474;48.8453641;48.8458484;0.06103555;0.06031006;0.06359535;0.06611426;-0.0004843
5009.68790054321;48.9140000;48.9138573;0.06143257;0.06042501;0.06920621;0.07289201;0.0001427
5010.75029373169;48.9750000;48.9743560;0.05998842;0.06047712;-0.0499725;-0.05997529;0.0006440
5011.81268692017;49.0425908;49.0417093;0.06088207;0.06005344;0.1409817;0.1152209;0.0008815
5012.87508010864;49.1036743;49.1020888;0.06154351;0.06028074;0.07571726;0.1089208;0.0015855
5013.93795013428;49.1719473;49.1703361;0.05996076;0.06053402;0.02317047;0.02095039;0.0016112
5015.00034332275;49.2323027;49.2306560;0.06140222;0.06040724;0.08748778;0.1061144;0.0016467
5016.06273651123;49.3004225;49.2990822;0.05997876;0.06065871;0.04271889;-0.04838647;0.0013403
5017.12512969971;49.3609525;49.3597597;0.06130347;0.06066131;0.04360652;0.06135653;0.0011928
5018.18799972534;49.4289063;49.4286030;0.05995046;0.06097038;0.03877085;-0.006376337;0.0003033
5019.25039291382;49.4895937;49.4896382;0.06107837;0.06101982;-0.01622951;0.02165357;-0.0000445
5020.31278610229;49.5574030;49.5583624;0.05992826;0.06101187;0.04080395;-0.02058686;-0.0009594
5021.37517929077;49.6182002;49.6190995;0.06089035;0.06085375;-0.02784336;0.03948212;-0.0008993
5022.43757247925;49.6860391;49.6873468;0.05971888;0.06068303;-0.05036206;-0.07892773;-0.0013077
5023.50044250488;49.7458940;49.7473091;0.06010536;0.06022017;0.1014189;0.121898;-0.0014151
5024.56283569336;49.8144175;49.8149007;0.06068086;0.06016704;-0.02696986;0.0454771;-0.0004832
5025.62522888184;49.8745205;49.8749822;0.0597897;0.06007781;-0.002573435;2.618517E-05;-0.0004617
5026.68762207031;49.9420000;49.9420375;0.06107915;0.05978218;0.153141;0.09171156;-0.0000375
5027.75049209595;50.0030000;50.0019997;0.06036144;0.05992246;-0.005235868;0.009136833;0.0010003
5028.81288528442;50.0705000;50.0694722;0.06011451;0.05994477;0.04450591;0.05336973;0.0010278
5029.8752784729;50.1305096;50.1291364;0.06022233;0.0597707;0.05372922;0.0643632;0.0013732
5030.93767166138;50.1979097;50.1961321;0.0599142;0.05961385;0.1123767;0.03942619;0.0017776
5032.00006484985;50.2582856;50.2565116;0.06136692;0.06012368;0.1168404;0.1109325;0.0017740
5033.06293487549;50.3265417;50.3255337;0.06011524;0.0609773;-0.03279633;0.01005774;0.0010080
5034.12532806396;50.3865000;50.3866881;0.05997904;0.06107723;-0.02478256;-0.02133443;-0.0001881
5035.18772125244;50.4540000;50.4551142;0.05987585;0.06089303;-0.02903816;-0.03109958;-0.0011142
5036.25011444092;50.5140000;50.5156726;0.05981364;0.06068359;-0.02735298;-0.01809913;-0.0016726
5037.31298446655;50.5815000;50.5833238;0.05979679;0.06030142;-0.01160858;0.01851684;-0.0018238
5038.37537765503;50.6414782;50.6431669;0.05983756;0.06002812;0.01836419;0.02825884;-0.0016887
5039.43777084351;50.7091060;50.7104605;0.05958606;0.05990802;-0.09299338;-0.04194284;-0.0013545
5040.50016403198;50.7681831;50.7696479;0.0589644;0.05943933;0.05415823;0.04470266;-0.0014648
5041.56255722046;50.8354891;50.8358091;0.06005386;0.05904958;0.07312638;0.09077717;-0.0003200
5042.62542724609;50.8955000;50.8951753;0.06003617;0.05924959;0.06756896;0.0462177;0.0003247
5043.68782043457;50.9630000;50.9622902;0.06049575;0.05954342;0.06569603;0.04902496;0.0007098
5044.75021362305;51.0230000;51.0219544;0.05903316;0.05960428;-0.05588074;-0.03771139;0.0010456
5045.81260681152;51.0894658;51.0884136;0.05990109;0.05921715;0.1302036;0.1049552;0.0010522
5046.87547683716;51.1495493;51.1476606;0.06057729;0.05927668;0.07561271;0.0932863;0.0018887
5047.93787002563;51.2167144;51.2148350;0.05904013;0.05952412;0.0136316;0.0242922;0.0018794
5049.00026321411;51.2759453;51.2744993;0.06004653;0.05960629;0.1174976;0.1742782;0.0014460
5050.06265640259;51.3436192;51.3422698;0.06032384;0.06007157;-0.01023417;0.07868371;0.0013494
5051.12504959106;51.4030475;51.4030069;0.05883395;0.0604407;-0.01943968;-0.0443703;0.0000406
5052.1879196167;51.4700937;51.4705986;0.06002707;0.06019979;-0.03788335;0.03916124;-0.0005049
5053.25031280518;51.5294063;51.5306204;0.05878139;0.06005924;0.006249248;-0.006055661;-0.0012141
5054.31270599365;51.5965752;51.5974969;0.05988786;0.05970518;-0.02696393;-0.003820327;-0.0009217
5055.37509918213;51.6559287;51.6569227;0.05879289;0.05952636;-0.05051485;-0.04805058;-0.0009940
5056.43796920776;51.7221440;51.7229646;0.05917159;0.05898618;0.1159536;0.05067872;-0.0008206
5057.50036239624;51.7820669;51.7819136;0.05988947;0.05897903;0.003836474;0.03543334;0.0001533
5058.56275558472;51.8486455;51.8485516;0.0588516;0.05910015;-0.0005989058;-0.03268915;0.0000939
5059.62514877319;51.9075620;51.9073218;0.05945091;0.05890102;0.1452437;0.1209539;0.0002402
5060.68754196167;51.9750000;51.9740194;0.05935925;0.059178;-0.02276609;-0.03970769;0.0009806
5061.7504119873;52.0340000;52.0332068;0.05908837;0.05915482;0.02604397;0.02807011;0.0007932
5062.81280517578;52.1003750;52.0991295;0.05913877;0.05876236;0.05340253;0.05538979;0.0012455
5063.87519836426;52.1593846;52.1576017;0.05926798;0.05857342;0.06633942;0.001027967;0.0017829
5064.93759155273;52.2256597;52.2236437;0.05894076;0.05865355;0.1107621;0.06846523;0.0020160
5066.00046157837;52.2850356;52.2829503;0.0604016;0.05908789;0.1203303;0.1309359;0.0020853
5067.06285476685;52.3521448;52.3508996;0.05911595;0.05997349;-0.01924465;-0.03067702;0.0012452
5068.12524795532;52.4112442;52.4113387;0.05916297;0.06024753;-0.09266844;-0.0546506;-0.0000945
5069.1876411438;52.4769297;52.4784535;0.05774689;0.05976038;-0.0508707;-0.09270927;-0.0015238
5070.25051116943;52.5354609;52.5370449;0.05886518;0.05906935;0.02556521;0.04182289;-0.0015840
5071.31290435791;52.6018750;52.6032656;0.05884506;0.058951;0.01003007;0.0005279568;-0.0013906
5072.37529754639;52.6608750;52.6620954;0.05886402;0.05888516;0.01472038;-0.02219147;-0.0012204
5073.43769073486;52.7272329;52.7284950;0.05890886;0.05897674;0.02358359;0.02503922;-0.0012621
5074.50008392334;52.7863560;52.7875036;0.05860911;0.05898288;-0.09670281;-0.05918038;-0.0011476
5075.56295394897;52.8517075;52.8531283;0.05810699;0.0584996;0.06626742;0.02648757;-0.0014208
5076.62534713745;52.9106141;52.9110640;0.05903939;0.05817842;0.06191442;0.06428587;-0.0004499
5077.68774032593;52.9770000;52.9765099;0.05947127;0.05820205;0.0767945;0.08964144;0.0004901
5078.7501335144;53.0360000;53.0351609;0.05792682;0.05848591;-0.05527754;-0.04155653;0.0008391
5079.81300354004;53.1013998;53.1004876;0.05932168;0.05818317;0.1048327;0.1003877;0.0009122
5080.87539672852;53.1602252;53.1588405;0.05793422;0.05831041;-0.007151539;-0.005439833;0.0013847
5081.93778991699;53.2258027;53.2242268;0.05939433;0.05821246;0.0864784;0.1262107;0.0015759
5083.00018310547;53.2844473;53.2828778;0.05795611;0.05847774;0.01816289;0.07625273;0.0015695
5084.06257629395;53.3501807;53.3486813;0.05931192;0.05851737;0.05810878;0.08542446;0.0014994
5085.12544631958;53.4088135;53.4078091;0.05814055;0.05887912;-0.05152714;-0.07522443;0.0010044
5086.18783950806;53.4738672;53.4737915;0.05796676;0.05868502;0.06422926;0.0425697;0.0000757
5087.25023269653;53.5325703;53.5323232;0.05911086;0.05859631;0.01525641;0.1153302;0.0002471
5088.31262588501;53.5982819;53.5986632;0.05788688;0.05880966;-0.04127697;-0.04711523;-0.0003813
5089.37549591064;53.6562718;53.6568373;0.05791127;0.0583797;-0.02142364;0.03576799;-0.0005655
5090.43788909912;53.7213940;53.7219256;0.05820379;0.05798277;0.1195612;0.09779756;-0.0005316
5091.5002822876;53.7803169;53.7800401;0.05890323;0.05805872;0.001003155;0.07065923;0.0002768
5092.56267547607;53.8457609;53.8456649;0.05792117;0.05816571;0.00933986;0.00916021;0.0000960
5093.62506866455;53.9037500;53.9035410;0.05802329;0.05794765;0.02657009;0.02008343;0.0002090
5094.68793869019;53.9690000;53.9681524;0.05809443;0.05759734;0.05395245;0.03441199;0.0008476
5095.75033187866;54.0270000;54.0253729;0.05818129;0.05736721;0.07773817;0.07211696;0.0016271
5096.81272506714;54.0922404;54.0900439;0.05817539;0.05743804;0.08946265;0.09444317;0.0021965
5097.87511825562;54.1502993;54.1479200;0.05863195;0.05774204;0.0568867;0.09243001;0.0023793
5098.93798828125;54.2152144;54.2131871;0.0570566;0.05794703;-0.007353795;0.009931926;0.0020273
5100.00038146973;54.2724624;54.2708248;0.05811735;0.05776033;0.1015784;0.12319;0.0016376
5101.0627746582;54.3377500;54.3361515;0.0581781;0.057991;0.05442374;0.04225507;0.0015985
5102.12516784668;54.3957282;54.3945640;0.05810399;0.05824072;0.04918675;0.04743882;0.0011642
5103.18756103516;54.4611328;54.4609636;0.05806052;0.05877899;-0.08052941;0.001767872;0.0001692
5104.25043106079;54.5184063;54.5195550;0.05678868;0.05864098;-0.02182013;-0.07392783;-0.0011487
5105.31282424927;54.5833470;54.5845240;0.0578337;0.05804966;-0.06312903;-0.02936088;-0.0011770
5106.37521743774;54.6405280;54.6419829;0.05687305;0.05764057;0.04507931;-0.0007762614;-0.0014549
5107.43761062622;54.7055840;54.7061771;0.05775683;0.05729795;-0.03787534;-0.03060685;-0.0005931
5108.50048065186;54.7626660;54.7632784;0.05710885;0.05719247;0.09777995;0.09585249;-0.0006124
5109.56287384033;54.8278021;54.8274130;0.05770872;0.05710807;-0.03074082;-0.005324677;0.0003891
5110.62526702881;54.8848229;54.8845738;0.05736238;0.05711556;0.1298758;0.1108478;0.0002491
5111.68766021729;54.9500000;54.9489468;0.05745067;0.05720367;-0.0240057;0.01516612;0.0010532
5112.75005340576;55.0070000;55.0058693;0.0567093;0.05699952;0.03162512;-0.03321209;0.0011307
5113.8129234314;55.0712652;55.0695866;0.05833774;0.05678704;0.1503549;0.1731832;0.0016786
5114.87531661987;55.1291496;55.1268071;0.0574078;0.05706769;0.01236585;0.03478313;0.0023425
5115.93770980835;55.1932500;55.1910609;0.0572439;0.05703688;0.05686689;0.08306213;0.0021891
5117.00010299683;55.2502500;55.2481621;0.05723263;0.0570747;0.05528604;0.07795965;0.0020879
5118.06297302246;55.3143750;55.3124756;0.05721162;0.05713938;0.05120149;0.01598122;0.0018994
5119.12536621094;55.3713750;55.3699344;0.0571605;0.0573463;0.03556268;0.02241419;0.0014406
5120.18775939941;55.4355000;55.4347247;0.05708638;0.05753569;0.01759159;0.01382964;0.0007753
5121.25015258789;55.4925000;55.4923028;0.05702197;0.05754473;0.009372062;0.03760282;0.0001972
5122.31254577637;55.5566250;55.5571526;0.05694121;0.05758773;-0.003228894;0.005788502;-0.0005276
5123.375415802;55.6136250;55.6144327;0.05691;0.05738442;0.002644477;0.009160439;-0.0008077
5124.43780899048;55.6777329;55.6785077;0.05696315;0.05710563;0.03192816;0.03742562;-0.0007748
5125.50020217896;55.7348560;55.7353705;0.05667965;0.05696693;-0.07839735;-0.07821412;-0.0005145
5126.56259536743;55.7979575;55.7984918;0.05620577;0.05634192;0.09609812;0.02840195;-0.0005343
5127.62546539307;55.8548545;55.8543414;0.05721602;0.05606932;0.1048478;0.1221687;0.0005131
5128.68785858154;55.9190000;55.9177607;0.0607214;0.05627088;-0.07838301;-0.06645664;0.0012393
5129.75025177002;55.9750000;55.9727162;0.02892112;0.05527094;-0.1496207;-0.6299563;0.0022838
5130.8126449585;56.0503255;56.0398310;0.1474033;0.06015726;3.933988;7.403257;0.0104945
5131.87551498413;56.1427382;56.1365694;-0.02029575;0.08200864;-7.877406;-10.62736;0.0061688
5132.93790817261;56.1731763;56.1924785;0.116852;0.05995295;5.406084;8.466397;-0.0193022
5134.00030136108;56.2731860;56.2753290;0.05670133;0.07530195;-2.541444;-3.446168;-0.0021430
5135.06269454956;56.3416954;56.3577622;0.06395174;0.07270265;-4.339968;-2.283125;-0.0160668
5136.12508773804;56.3667619;56.3972801;-0.01168574;0.04969081;-2.475035;-3.971468;-0.0305182
5137.18795776367;56.3963828;56.4028233;0.05869908;0.02138138;2.952913;3.649809;-0.0064405
5138.25035095215;56.4550391;56.4381689;0.05783796;0.03133248;1.450121;1.548603;0.0168702
5139.31274414063;56.5192219;56.4999193;0.05671054;0.04738414;-0.1662821;0.1234704;0.0193026
5140.3751373291;56.5655576;56.5589875;0.06409661;0.05455367;6.199484;5.46618;0.0065701
5141.43800735474;56.6886797;56.6630572;0.09297979;0.08225147;-8.014186;-4.412663;0.0256225
5142.50040054321;56.7044844;56.7362517;-0.001206105;0.07310311;-0.7236427;-2.53926;-0.0317673
5143.56279373169;56.7553899;56.7701667;0.05936662;0.04546988;0.5686128;1.117027;-0.0147768
5144.62518692017;56.8120000;56.8159431;0.05556067;0.04644503;0.417391;0.4562648;-0.0039431
5145.68758010864;56.8750000;56.8779915;0.05566669;0.05227495;0.1294969;0.189703;-0.0029915
5146.75045013428;56.9310000;56.9342583;0.05555363;0.05468298;0.0007719247;0.002068839;-0.0032583
5147.81284332275;56.9940493;56.9957107;0.05618175;0.05448794;0.01377474;0.008876429;-0.0016614
5148.87523651123;57.0498598;57.0485800;0.05499187;0.05344271;0.03279715;-0.0110084;0.0012798
5149.93762969971;57.1119453;57.1071118;0.05642395;0.05250858;0.2708819;0.2982249;0.0048335
5151.00049972534;57.1680903;57.1604580;0.05713422;0.05314899;0.1991732;0.2081842;0.0076323
5152.06289291382;57.2305475;57.2232813;0.05563901;0.05501283;0.1132197;0.07195855;0.0072662
5153.12528610229;57.2860775;57.2807401;0.05676524;0.05659244;0.01269637;0.07308143;0.0053374
5154.18767929077;57.3484063;57.3464841;0.05513083;0.057755;-0.06865255;-0.1285354;0.0019222
5155.25007247925;57.4040703;57.4036449;0.05613073;0.05732507;-0.09996778;-0.06837104;0.0004254
5156.31294250488;57.4664287;57.4663490;0.05491252;0.05613064;-0.09594336;-0.1843176;0.0000797
5157.37533569336;57.5212461;57.5202912;0.05521218;0.05471938;0.113032;0.08443574;0.0009549
5158.43772888184;57.5840669;57.5808495;0.05623087;0.05420102;0.06060233;0.06960815;0.0032174
5159.50012207031;57.6392720;57.6356262;0.05532027;0.05458492;0.06035959;0.02154829;0.0036458
5160.56299209595;57.7011250;57.6974362;0.05541099;0.05484767;0.06124133;0.08416471;0.0036888
5161.62538528442;57.7561250;57.7531665;0.05532962;0.05542337;0.02433439;0.06559217;0.0029585
5162.6877784729;57.8180000;57.8160494;0.05521733;0.05573505;-0.003489014;0.03165805;0.0019506
5163.75017166138;57.8730000;57.8716606;0.05514923;0.05564794;-0.006285559;-0.0606152;0.0013394
5164.81256484985;57.9348750;57.9335898;0.05514319;0.0551987;0.01707355;-0.0004484195;0.0012852
5165.87543487549;57.9898750;57.9878300;0.05522785;0.05457851;0.06083819;-0.00467146;0.0020450
5166.93782806396;58.0517500;58.0486864;0.05534133;0.05425584;0.0940709;0.1115647;0.0030636
5168.00022125244;58.1067329;58.1027478;0.05539453;0.05415003;0.1248711;0.09298646;0.0039851
5169.06261444092;58.1687442;58.1644386;0.05565322;0.05466952;0.03920872;0.06847705;0.0043056
5170.12548446655;58.2231943;58.2198113;0.05423206;0.05508545;0.02320429;-0.04354089;0.0033830
5171.18787765503;58.2844375;58.2819790;0.05531559;0.05520218;0.08751113;0.1121068;0.0024585
5172.25027084351;58.3396328;58.3378285;0.0552427;0.05560684;-0.05444897;-0.04546706;0.0018043
5173.31266403198;58.4006530;58.4005922;0.05404193;0.05565993;0.01207103;-0.0165519;0.0000608
5174.37505722046;58.4554720;58.4556669;0.05494313;0.05530746;-0.06589796;-0.01827772;-0.0001949
5175.43792724609;58.5164160;58.5170597;0.05410536;0.05476758;0.06662746;0.03560996;-0.0006437
5176.50032043457;58.5713169;58.5711807;0.05488757;0.05440077;-0.01951225;-0.01914096;0.0001362
5177.56271362305;58.6322705;58.6320966;0.05386052;0.05417728;-0.004933336;0.02235667;0.0001739
5178.62510681152;58.6861870;58.6858004;0.05446722;0.05387785;0.1470557;0.07858166;0.0003866
5179.68797683716;58.7480000;58.7470144;0.05435981;0.05429331;-0.02990284;0.03545211;0.0009856
5180.75037002563;58.8020000;58.8016719;0.05403655;0.05450433;0.0001404248;-0.04311091;0.0003281
5181.81276321411;58.8627500;58.8626474;0.05401143;0.05427559;0.00882725;0.006373752;0.0001026
5182.87515640259;58.9167500;58.9167088;0.05400459;0.05409548;0.01716545;0.04349359;0.0000412
5183.93754959106;58.9775000;58.9769691;0.05405915;0.05373485;0.04274698;0.05768029;0.0005309
5185.0004196167;59.0315000;59.0303153;0.054132;0.05350222;0.06457143;0.08991585;0.0011847
5186.06281280518;59.0922500;59.0903371;0.05421313;0.05342727;0.08014828;0.0973677;0.0019129
5187.12520599365;59.1462282;59.1439217;0.05423126;0.05354619;0.09390575;0.1034947;0.0023065
5188.18759918213;59.2071328;59.2047781;0.05430402;0.05394195;-0.01224695;0.04389943;0.0023547
5189.25046920776;59.2604297;59.2587799;0.05310048;0.05392931;0.03615053;0.01838172;0.0016498
5190.31286239624;59.3206963;59.3192190;0.05426095;0.05380269;0.09388382;0.06437919;0.0014773
5191.37525558472;59.3748789;59.3733400;0.05406566;0.05403233;-0.03981527;0.03624515;0.0015389
5192.43764877319;59.4346660;59.4343752;0.05320948;0.05413112;0.06650275;-0.03872595;0.0002908
5193.50051879883;59.4885840;59.4885558;0.05382606;0.05417367;-0.0702375;-0.02832658;0.0000282
5194.5629119873;59.5483229;59.5494121;0.05321327;0.05408062;0.06512703;0.01253423;-0.0010892
5195.62530517578;59.6022925;59.6034139;0.05360975;0.05404901;-0.0836218;-0.0415388;-0.0011214
5196.68769836426;59.6620000;59.6637934;0.05238351;0.05372107;-0.0468751;-0.04413567;-0.0017934
5197.75009155273;59.7150000;59.7167820;0.05388478;0.05324934;0.09979389;0.1390867;-0.0017820
5198.81296157837;59.7756496;59.7765058;0.0530514;0.05316101;-0.04358137;-0.02898643;-0.0008562
5199.87535476685;59.8286250;59.8291963;0.05293634;0.05286158;0.01818517;0.02606044;-0.0005713
5200.93774795532;59.8882500;59.8880261;0.05302494;0.05247518;0.04895953;0.01530071;0.0002239
5202.0001411438;59.9412500;59.9402994;0.05310591;0.05232837;0.06715645;-5.060419E-05;0.0009506
5203.06301116943;60.0008750;59.9991888;0.05318787;0.05235502;0.07740442;0.04548584;0.0016862
5204.12540435791;60.0538750;60.0517601;0.05323563;0.05249491;0.07788151;0.1020073;0.0021149
5205.18779754639;60.1135000;60.1114839;0.05322462;0.0528946;0.05799381;0.05607445;0.0020161
5206.25019073486;60.1664766;60.1647109;0.05319672;0.05308694;0.06077005;0.0206862;0.0017657
5207.31258392334;60.2262539;60.2247924;0.05305704;0.05330297;-0.05976019;-0.01119042;0.0014615
5208.37545394897;60.2784248;60.2779597;0.05206126;0.05316941;0.02703414;-0.06445483;0.0004651
5209.43784713745;60.3377109;60.3373259;0.05317831;0.05294515;0.06222781;0.02759561;0.0003850
5210.50024032593;60.3908560;60.3907317;0.05275082;0.05323739;-0.08695491;-0.03875393;0.0001243
5211.5626335144;60.4494479;60.4504555;0.05222237;0.0530964;0.06096131;0.09969307;-0.0010076
5212.62550354004;60.5024271;60.5035037;0.05254541;0.05307045;-0.1022969;-0.06599709;-0.0010766
5213.68789672852;60.5610000;60.5628699;0.05287499;0.05286286;0.06430434;0.04307495;-0.0018699
5214.75028991699;60.6140000;60.6154412;0.05217276;0.05272432;-0.09103683;-0.03733291;-0.0014412
5215.81268310547;60.6724507;60.6742114;0.05143696;0.05235019;-0.01152426;-0.03824688;-0.0017607
5216.87507629395;60.7246402;60.7260674;0.0529917;0.05204951;0.08283511;0.119981;-0.0014272
5217.93794631958;60.7840376;60.7848972;0.05196932;0.05221889;-0.0468592;-0.07857895;-0.0008596
5219.00033950806;60.8360000;60.8367532;0.05191608;0.05197687;0.002684494;0.005047553;-0.0007532
5220.06273269653;60.8945000;60.8948082;0.05196566;0.05171352;0.02189835;0.05053562;-0.0003082
5221.12512588501;60.9465000;60.9463066;0.05202154;0.05158224;0.03562728;0.02694266;0.0001934
5222.18799591064;61.0050000;61.0040039;0.05211098;0.05139175;0.05723744;0.08265274;0.0009961
5223.25038909912;61.0569766;61.0555619;0.05215762;0.05149117;0.07361279;0.06461895;0.0014147
5224.3127822876;61.1156289;61.1139148;0.05208518;0.05175121;-0.04071228;0.01043013;0.0017141
5225.37517547607;61.1667998;61.1654133;0.05116392;0.05155285;0.05931455;0.07988853;0.0013865
5226.43756866455;61.2249609;61.2231702;0.05233493;0.05145078;0.09616683;0.07953069;0.0017907
5227.50043869019;61.2771060;61.2752646;0.05194214;0.05187157;-0.05387439;-0.03850538;0.0018414
5228.56283187866;61.3345825;61.3338560;0.05134624;0.05196756;0.07005335;0.02237816;0.0007265
5229.62522506714;61.3864795;61.3860100;0.05221116;0.05211665;0.03938716;0.03203658;0.0004695
5230.68761825562;61.4450000;61.4453167;0.05129804;0.0525068;-0.1191945;-0.1265241;-0.0003167
5231.75048828125;61.4960000;61.4973515;0.05043275;0.05218968;-0.07504912;-0.05801073;-0.0013515
5232.81288146973;61.5535152;61.5548700;0.05199976;0.0515108;0.0571797;0.07654505;-0.0013548
5233.8752746582;61.6053996;61.6063088;0.0510455;0.05145287;-0.06922315;-0.04538256;-0.0009092
5234.93766784668;61.6627500;61.6637677;0.0508866;0.05113702;-0.01255814;-0.03480558;-0.0010177
5236.00006103516;61.7137500;61.7143720;0.05093069;0.05080168;0.00946865;-0.01319859;-0.0006220
5237.06293106079;61.7711250;61.7711157;0.051;0.05057067;0.02983067;0.01278588;0.0000093
5238.12532424927;61.8221250;61.8214816;0.05107168;0.05044772;0.04538323;-0.007420509;0.0006434
5239.18771743774;61.8795000;61.8781656;0.05114867;0.05044083;0.05644173;0.05179472;0.0013344
5240.25011062622;61.9305000;61.9287699;0.05119276;0.05054932;0.05775606;0.0957665;0.0017301
5241.31298065186;61.9878750;61.9858712;0.05122325;0.05066673;0.05732366;0.06438565;0.0020038
5242.37537384033;62.0388532;62.0367736;0.05125742;0.05079369;0.06911716;0.1292254;0.0020796
5243.43776702881;62.0963560;62.0940536;0.0509935;0.05086938;-0.05037054;0.008262253;0.0023024
5244.50016021729;62.1464331;62.1445388;0.05033866;0.05057979;0.08631641;-0.03220836;0.0018943
5245.56255340576;62.2036045;62.2014016;0.05140429;0.05060062;0.08903064;0.1483532;0.0022029
5246.6254234314;62.2546880;62.2527212;0.05079498;0.05105139;-0.06904974;-0.08391783;0.0019668
5247.68781661987;62.3110000;62.3101801;0.05117468;0.05103993;0.08962081;0.03776332;0.0008199
5248.75020980835;62.3620000;62.3614401;0.05039572;0.05119387;-0.08844578;-0.09918032;0.0005599
5249.81260299683;62.4182007;62.4186605;0.04958191;0.05092717;-0.02271795;-0.06163605;-0.0004598
5250.87547302246;62.4683902;62.4690264;0.05107983;0.05057017;0.06819578;0.04335097;-0.0006362
5251.93786621094;62.5255376;62.5261873;0.04999271;0.05073528;-0.06898991;-0.05677045;-0.0006497
5253.00025939941;62.5755000;62.5768512;0.04984945;0.05067671;-0.04036079;-0.09053539;-0.0013512
5254.06265258789;62.6317500;62.6329988;0.04986086;0.05017992;-0.014712;-0.04567168;-0.0012488
5255.12552261353;62.6817500;62.6826495;0.04989978;0.04983328;0.007008692;-0.01890695;-0.0008995
5256.187915802;62.7380000;62.7384990;0.0499444;0.04968872;0.01935501;0.007054049;-0.0004990
5257.25030899048;62.7879766;62.7880901;0.04998735;0.04958816;0.04418091;0.02416159;-0.0001135
5258.31270217896;62.8443789;62.8442377;0.04990993;0.04980007;-0.06978575;-0.0518041;0.0001412
5259.37509536743;62.8935498;62.8936499;0.04899828;0.04952698;0.03401792;0.02539171;-0.0001001
5260.43796539307;62.9494609;62.9488438;0.05020417;0.04926046;0.08244172;0.08403241;0.0006171
5261.50035858154;62.9996060;62.9981965;0.04989402;0.04933903;-0.0403261;0.004284339;0.0014095
5262.56275177002;63.0548229;63.0535692;0.04947432;0.04922574;0.121591;0.03494406;0.0012537
5263.6251449585;63.1048021;63.1027430;0.04989478;0.04921857;-0.02803292;-0.01496566;0.0020591
5264.68801498413;63.1600000;63.1580561;0.05038325;0.04917896;0.1419123;0.132082;0.0019439
5265.75040817261;63.2100000;63.2077664;0.04908219;0.04955735;-0.04413594;0.02115454;0.0022336
5266.81280136108;63.2652652;63.2637948;0.05031454;0.04971806;0.08699545;0.06553755;0.0014704
5267.87519454956;63.3151496;63.3139223;0.04928355;0.0499863;-0.06368161;-0.0726679;0.0012273
5268.93758773804;63.3702500;63.3698910;0.04904;0.04981;-0.02312833;-0.03605622;0.0003590
5270.00045776367;63.4192500;63.4192437;0.049;0.0494999;-0.01216742;-0.01239396;0.0000063
5271.06285095215;63.4743750;63.4746760;0.04896646;0.04931894;-0.007388954;-0.002554323;-0.0003010
5272.12524414063;63.5233750;63.5238498;0.0489471;0.04923363;-0.005785583;-0.00692512;-0.0004748
5273.1876373291;63.5785000;63.5791033;0.04893278;0.04914307;-0.003473911;-0.009718921;-0.0006033
5274.25050735474;63.6274766;63.6282772;0.0489108;0.04915172;0.007271111;0.02708143;-0.0008006
5275.31290054321;63.6827539;63.6832923;0.04883422;0.04898631;-0.08793392;-0.1509336;-0.0005384
5276.37529373169;63.7309248;63.7315124;0.04794396;0.04848881;0.02956759;-0.006296543;-0.0005876
5277.43768692017;63.7857109;63.7853354;0.04917725;0.04810544;0.08708794;0.09620076;0.0003755
5278.50008010864;63.8348560;63.8337344;0.04886194;0.04830059;-0.04252338;-0.02692487;0.0011216
5279.56295013428;63.8889479;63.8880342;0.04843644;0.04824853;0.1152458;0.09657735;0.0009137
5280.62534332275;63.9379175;63.9361948;0.04892664;0.04821184;-0.01937868;-0.0119632;0.0017227
5281.68773651123;63.9920000;63.9903158;0.04777098;0.04810629;0.01793906;0.03771906;0.0016842
5282.75012969971;64.0400000;64.0380591;0.04929958;0.04786854;0.1591074;0.09513634;0.0019409
5283.81299972534;64.0950246;64.0926570;0.0484106;0.04829812;-0.01455972;0.01606665;0.0023676
5284.87539291382;64.1430000;64.1412347;0.04819668;0.04843676;0.01459794;0.0304407;0.0017653
5285.93778610229;64.1970000;64.1953558;0.04818319;0.04821126;0.02601139;0.0138335;0.0016442
5287.00017929077;64.2450000;64.2435163;0.04816531;0.0481567;0.02781752;0.04544985;0.0014837
5288.06257247925;64.2990000;64.2977565;0.04813854;0.0482026;0.02338037;0.002316205;0.0012435
5289.12544250488;64.3470000;64.3459171;0.04812065;0.04816065;0.02421161;-0.009767328;0.0010829
5290.18783569336;64.4009766;64.4005150;0.04805143;0.04840718;0.0181583;0.02666239;0.0004616
5291.25022888184;64.4491328;64.4491523;0.04803949;0.04855909;-0.08707718;-0.02006804;-0.0000195
5292.31262207031;64.5022998;64.5035118;0.0468744;0.04834587;-0.01616025;-0.06359171;-0.0012120
5293.37549209595;64.5499463;64.5512551;0.04795053;0.04797532;0.03125289;-0.007853735;-0.0013088
5294.43788528442;64.6041060;64.6052569;0.04760874;0.04799882;-0.106113;-0.02755066;-0.0011509
5295.5002784729;64.6511660;64.6527618;0.04699928;0.04761281;0.04734751;-0.00743218;-0.0015958
5296.56267166138;64.7050425;64.7058695;0.04764256;0.0473431;-0.0623332;-2.174631E-05;-0.0008270
5297.62506484985;64.7521359;64.7530764;0.04680569;0.04722363;-0.02490992;0.002526336;-0.0009405
5298.68793487549;64.8050000;64.8054093;0.04653773;0.04671136;0.005273474;-0.04955466;-0.0004093
5299.75032806396;64.8520000;64.8518413;0.04810101;0.0465271;0.1464764;0.1604119;0.0001587
5300.81272125244;64.9058996;64.9047702;0.04727264;0.04689119;-0.01755656;-0.009033955;0.0011294
5301.87511444092;64.9528750;64.9517983;0.04711996;0.04692193;0.02402282;0.02486361;0.0010767
5302.93798446655;65.0057500;65.0043696;0.0471538;0.04677723;0.03682355;0.0550514;0.0013804
5304.00037765503;65.0527329;65.0510997;0.04713248;0.04672981;0.05349893;0.03578018;0.0016332
5305.06277084351;65.1057442;65.1038498;0.04738457;0.04684476;-0.01462546;0.0408517;0.0018944
5306.12516403198;65.1521943;65.1505202;0.04604167;0.04670407;0.005983325;-0.01474151;0.0016741
5307.18755722046;65.2044375;65.2024954;0.04725805;0.04640623;0.1072849;0.113125;0.0019421
5308.25042724609;65.2516328;65.2495235;0.04727668;0.04684738;-0.02499265;0.05334321;0.0021093
5309.31282043457;65.3036530;65.3023332;0.0461822;0.04687718;0.05693293;-0.02124055;0.0013198
5310.37521362305;65.3504720;65.3492421;0.04710187;0.04691486;-0.03753299;0.01121175;0.0012299
5311.43760681152;65.4024160;65.4020518;0.04621766;0.04690685;0.06311814;0.02357296;0.0003642
5312.50047683716;65.4493169;65.4490203;0.04690544;0.04694839;-0.05539277;0.006974887;0.0002966
5313.56287002563;65.5012705;65.5018300;0.0457788;0.04690773;-0.06299414;-0.09460779;-0.0005595
5314.62526321411;65.5471870;65.5479640;0.04633758;0.04641348;0.09209851;0.04815426;-0.0007770
5315.68765640259;65.6000000;65.6002372;0.04622357;0.04645126;-0.06759088;-0.05219529;-0.0002372
5316.75052642822;65.6460000;65.6466097;0.04593207;0.04636253;-0.01914837;0.01450741;-0.0006097
5317.8129196167;65.6977404;65.6980485;0.04589633;0.04592619;0.01250215;-0.06471483;-0.0003081
5318.87531280518;65.7437993;65.7434672;0.04640386;0.04562323;0.01547085;0.06470255;0.0003321
5319.93770599365;65.7952144;65.7940119;0.0449647;0.04514021;0.002201874;-0.0386628;0.0012025
5321.00009918213;65.8404624;65.8382386;0.04618266;0.04458642;0.1496746;0.1218687;0.0022238
5322.06296920776;65.8922282;65.8887833;0.0463581;0.04485689;0.1319107;0.133421;0.0034449
5323.12536239624;65.9383692;65.9346193;0.0465913;0.04549719;0.03587386;0.03718194;0.0037499
5324.18775558472;65.9894062;65.9861177;0.04528306;0.04562056;0.07877595;0.00119538;0.0032885
5325.25014877319;66.0350938;66.0317153;0.04645976;0.04561134;0.0356033;0.08056344;0.0033785
5326.31301879883;66.0860280;66.0830349;0.04536864;0.04558633;0.1044571;0.03329797;0.0029931
5327.3754119873;66.1318252;66.1285132;0.04635958;0.04555755;0.03628657;0.04411348;0.0033120
5328.43780517578;66.1827720;66.1799520;0.04522826;0.04566127;0.01783434;0.01583028;0.0028200
5329.50019836426;66.2277500;66.2251919;0.04528502;0.04536887;0.04152481;0.05215042;0.0025581
5330.56259155273;66.2783750;66.2762135;0.04524083;0.04535732;0.03874219;0.04109774;0.0021615
5331.62546157837;66.3233750;66.3215130;0.04520746;0.04536358;0.03594679;0.04987498;0.0018620
5332.68785476685;66.3740000;66.3726538;0.04514999;0.04545743;0.02543982;0.04107662;0.0013462
5333.75024795532;66.4190000;66.4183110;0.04507677;0.04557809;0.01086469;-0.00932186;0.0006890
5334.8126411438;66.4696250;66.4695710;0.04500601;0.04556581;0.00289608;0.02933259;0.0000540
5335.87551116943;66.5146154;66.5151089;0.04487568;0.04555065;0.001324351;-0.03769373;-0.0004935
5336.93790435791;66.5653403;66.5662497;0.04518253;0.04549867;-0.04597512;-0.007541754;-0.0009094
5338.00029754639;66.6099473;66.6114300;0.04361605;0.04525608;-0.06229895;-0.1048156;-0.0014827
5339.06269073486;66.6599525;66.6612595;0.04502495;0.04458997;0.001849096;0.09525786;-0.0013070
5340.12508392334;66.7044225;66.7054266;0.04371755;0.04433666;0.0160643;-0.05599598;-0.0010041
5341.18795394897;66.7545703;66.7548984;0.04504678;0.04411984;0.02778839;0.09498494;-0.0003281
5342.25034713745;66.7990391;66.7992443;0.04393547;0.04424381;-0.02027002;-0.02570235;-0.0002052
5343.31274032593;66.8485218;66.8485373;0.04397255;0.04392381;0.006009265;-0.01205529;-0.0000155
5344.3751335144;66.8923711;66.8921679;0.04412843;0.04371122;0.1276816;0.1264946;0.0002032
5345.43800354004;66.9428169;66.9418782;0.04497698;0.04408636;0.006622073;0.02247296;0.0009387
5346.50039672852;66.9870220;66.9863433;0.04398968;0.04429971;0.003153293;-0.01329156;0.0006787
5347.56278991699;67.0364904;67.0358151;0.04414457;0.0440592;0.03996373;0.01992827;0.0006753
5348.62518310547;67.0805630;67.0796841;0.04367377;0.04393626;-0.07929263;-0.09408829;0.0008789
5349.68757629395;67.1290000;67.1282023;0.04383888;0.04340519;0.1123938;0.05172081;0.0007977
5350.75044631958;67.1730000;67.1712965;0.04410646;0.04327439;0.0842854;0.1116452;0.0017035
5351.81283950806;67.2225493;67.2208875;0.04455201;0.04381735;0.04062171;0.0819165;0.0016618
5352.87523269653;67.2663502;67.2654122;0.04288446;0.04423666;-0.06001914;-0.06695867;0.0009380
5353.93762588501;67.3150356;67.3147648;0.04419944;0.04400364;0.03704262;0.07166316;0.0002708
5355.00049591064;67.3588047;67.3587531;0.04312033;0.04400723;-0.07886586;0.001233866;0.0000516
5356.06288909912;67.4070058;67.4075693;0.04276371;0.04354867;0.03957519;-0.003106218;-0.0005635
5357.1252822876;67.4505557;67.4507826;0.04411957;0.04332888;0.04013659;0.06519514;-0.0002269
5358.18767547607;67.4995391;67.4998969;0.04291847;0.04355583;-0.03955605;-0.07266155;-0.0003578
5359.25006866455;67.5425000;67.5431698;0.04292537;0.04338733;-0.01280186;-0.009458881;-0.0006698
5360.31293869019;67.5908750;67.5915688;0.0429227;0.04312385;-0.0003312231;-0.003495001;-0.0006938
5361.37533187866;67.6338750;67.6344842;0.04293212;0.0429698;0.008160116;0.02870501;-0.0006092
5362.43772506714;67.6822500;67.6825255;0.0429693;0.04279085;0.02159126;0.001126133;-0.0002755
5363.50011825562;67.7252329;67.7252620;0.04304624;0.04276816;0.04140864;0.06077772;-0.0000291
5364.56298828125;67.7736880;67.7734822;0.04259877;0.0428088;-0.08792065;-0.05280581;0.0002058
5365.62538146973;67.8157075;67.8155631;0.04228139;0.04231077;0.09019649;0.01878468;0.0001444
5366.6877746582;67.8640000;67.8628892;0.04354043;0.04215406;0.08148479;0.065538;0.0011108
5367.75016784668;67.9070000;67.9055065;0.04199973;0.04241201;-0.0483014;-0.02005037;0.0014935
5368.81256103516;67.9543902;67.9528326;0.04332425;0.04215632;0.1154292;0.1149355;0.0015576
5369.87543106079;67.9972746;67.9952711;0.04237003;0.04233377;-0.02055902;0.01040934;0.0020035
5370.93782424927;68.0445171;68.0425972;0.04226338;0.04213532;0.02381179;0.02656621;0.0019199
5372.00021743774;68.0864097;68.0843800;0.04194229;0.04189162;0.08680139;0.01437705;0.0020297
5373.06261062622;68.1341807;68.1314677;0.04344713;0.04190973;0.1028987;0.1680751;0.0027130
5374.12548065186;68.1767917;68.1743234;0.04227794;0.04248217;-0.0003658481;-0.002317906;0.0024683
5375.18787384033;68.2239766;68.2223648;0.04217958;0.04259927;0.0276582;0.04294037;0.0016118
5376.25026702881;68.2661328;68.2648629;0.04218315;0.04252312;-0.06296606;-0.04649198;0.0012699
5377.31266021729;68.3125498;68.3119506;0.04107619;0.04199772;0.03266678;0.02898934;0.0005992
5378.37553024292;68.3542181;68.3533758;0.04216448;0.04165122;0.06974576;0.05404345;0.0008423
5379.4379234314;68.4014829;68.4007615;0.04212985;0.04198868;0.05042231;0.08186463;0.0007214
5380.50031661987;68.4436060;68.4433788;0.04176229;0.0423681;-0.09611227;-0.08522212;0.0002272
5381.56270980835;68.4898229;68.4907049;0.04123637;0.04211196;0.05809737;-0.002080231;-0.0008820
5382.62510299683;68.5317925;68.5325473;0.0416506;0.04192717;-0.08038182;-0.1024806;-0.0007548
5383.68797302246;68.5780000;68.5792178;0.04044765;0.04159867;-0.0401592;-0.01561606;-0.0012178
5384.75036621094;68.6190000;68.6201066;0.04196003;0.04115216;0.1071678;0.01189752;-0.0011066
5385.81275939941;68.6661496;68.6665386;0.04110347;0.04125594;-0.04841733;-0.04428569;-0.0003890
5386.87515258789;68.7071250;68.7078446;0.04091982;0.04127271;-0.01136258;-0.01405756;-0.0007196
5387.93802261353;68.7532500;68.7537998;0.04093874;0.04100642;0.004074004;-0.003484095;-0.0005498
5389.000415802;68.7942500;68.7943906;0.04098433;0.04074949;0.02268784;0.01247816;-0.0001406
5390.06280899048;68.8403532;68.8400477;0.04100832;0.0406023;0.04902685;0.09785321;0.0003055
5391.12520217896;68.8814942;68.8806981;0.0412622;0.04062813;-0.01556909;0.005009706;0.0007961
5392.18759536743;68.9269297;68.9262360;0.03999395;0.04046092;0.03004854;-0.03879812;0.0006937
5393.25046539307;68.9674375;68.9661115;0.04118941;0.04010508;0.1157721;0.1090876;0.0013260
5394.31285858154;69.0137539;69.0118283;0.04110875;0.04048034;-0.02308637;0.02517882;0.0019256
5395.37525177002;69.0539030;69.0523595;0.04020713;0.04050713;0.08040658;0.0266742;0.0015435
5396.4376449585;69.0998169;69.0977782;0.04109954;0.04045678;-0.004718186;0.03717;0.0020387
5397.50051498413;69.1400391;69.1382497;0.04006395;0.04046199;-0.01174984;-0.04700164;0.0017894
5398.56290817261;69.1849370;69.1830724;0.0406319;0.04008664;0.1511045;0.1219029;0.0018646
5399.62530136108;69.2259175;69.2237228;0.04097923;0.04047349;-0.01570768;0.006673957;0.0021947
5400.68769454956;69.2710000;69.2697972;0.04013401;0.04077858;-0.005571571;-0.03373012;0.0012028
5401.75008773804;69.3110000;69.3102688;0.04008147;0.04061165;-0.002829276;-0.0319651;0.0007312
5402.81295776367;69.3560000;69.3555087;0.04005474;0.04035303;0.007598709;-0.01832024;0.0004913
5403.87535095215;69.3959904;69.3958014;0.03995172;0.04030683;0.01152108;0.01279916;0.0001890
5404.93774414063;69.4410903;69.4412202;0.04026938;0.04036331;-0.03927506;-0.02433282;-0.0001299
5406.0001373291;69.4806973;69.4813341;0.0387103;0.04016991;-0.05649365;-0.08704086;-0.0006368
5407.06300735474;69.5250775;69.5258588;0.04008352;0.0397853;-0.01054794;-0.005688986;-0.0007813
5408.12540054321;69.5645475;69.5654362;0.03873041;0.03964734;-0.007770932;-0.03491282;-0.0008887
5409.18779373169;69.6090938;69.6096629;0.04001993;0.03944904;-0.01663834;-0.004983109;-0.0005691
5410.25018692017;69.6484062;69.6491808;0.03883036;0.03947545;0.02623155;-0.002468769;-0.0007746
5411.31258010864;69.6930752;69.6934670;0.03994691;0.03942432;-0.02078893;-0.0005831202;-0.0003918
5412.37545013428;69.7324069;69.7330445;0.03885832;0.03949539;-0.04367696;-0.04897308;-0.0006376
5413.43784332275;69.7762500;69.7767943;0.03893935;0.03904247;-0.003386806;-0.03092869;-0.0005443
5414.50023651123;69.8152500;69.8152989;0.03899455;0.03871448;0.02011969;0.04931917;-0.0000489
5415.56262969971;69.8591250;69.8585123;0.03906826;0.03854116;0.03859615;0.02007509;0.0006127
5416.62549972534;69.8981250;69.8969573;0.0391301;0.03848077;0.05024429;0.05360366;0.0011677
5417.68789291382;69.9420000;69.9404687;0.03908728;0.03862548;0.05013533;0.04300282;0.0015313
5418.75028610229;69.9810000;69.9792117;0.03961591;0.03872578;0.0563752;0.07110149;0.0017883
5419.81267929077;70.0247252;70.0228423;0.03798974;0.03873705;-0.03442907;-0.06656449;0.0018829
5420.87507247925;70.0628998;70.0612277;0.03940635;0.0385202;0.0882936;0.07338361;0.0016721
5421.93794250488;70.1064473;70.1044410;0.03800478;0.03843517;0.01455632;-0.009944145;0.0020063
5423.00033569336;70.1448027;70.1425284;0.03947214;0.03821359;0.0874017;0.1163997;0.0022743
5424.06272888184;70.1881725;70.1859802;0.03807368;0.03846143;0.04666488;0.02985227;0.0021923
5425.12512207031;70.2266807;70.2246636;0.03936959;0.03862596;0.05213765;0.08763579;0.0020171
5426.18799209595;70.2700391;70.2687710;0.03809962;0.0389914;-0.04155522;-0.04232092;0.0012681
5427.25038528442;70.3080000;70.3074545;0.03806078;0.03879846;-0.01815421;-0.03488886;0.0005455
5428.3127784729;70.3507500;70.3505486;0.03802244;0.03845074;-0.004895688;-0.03646246;0.0002014
5429.37517166138;70.3887500;70.3888148;0.03799278;0.0383346;-0.002650917;-0.009806903;-0.0000648
5430.43756484985;70.4314829;70.4316705;0.03802857;0.03819496;0.01797738;-0.01366993;-0.0001876
5431.50043487549;70.4696060;70.4699963;0.03769349;0.03827781;-0.1099057;-0.1342032;-0.0003903
5432.56282806396;70.5113325;70.5124944;0.03713584;0.0379062;0.04083012;0.01919352;-0.0011619
5433.62522125244;70.5492295;70.5499858;0.03807459;0.03768265;0.03725014;0.03851473;-0.0007563
5434.68761444092;70.5920000;70.5928415;0.03673957;0.03792328;-0.11101;-0.05241402;-0.0008415
5435.75048446655;70.6290000;70.6302732;0.03794148;0.0375796;0.07302032;0.002702257;-0.0012732
5436.81287765503;70.6716496;70.6723541;0.03706831;0.03746873;-0.07394316;-0.02090594;-0.0007045
5437.87527084351;70.7086346;70.7096070;0.03696099;0.03730292;-0.03247628;-0.03860094;-0.0009724
5438.93766403198;70.7501597;70.7508534;0.03663886;0.03687698;0.03590718;-0.01522092;-0.0006937
5440.00053405762;70.7875356;70.7874507;0.03817873;0.03672275;0.0835849;0.1079924;0.0000849
5441.06292724609;70.8298948;70.8294123;0.03703097;0.0371087;-0.01433902;-0.001444566;0.0004825
5442.12532043457;70.8669942;70.8666056;0.03721679;0.03717084;-0.05947038;-0.01796525;0.0003886
5443.18771362305;70.9079297;70.9077924;0.03593196;0.03673858;-0.002841108;-0.02087484;0.0001373
5444.25010681152;70.9444609;70.9436148;0.03713594;0.03616767;0.07993858;0.04555115;0.0008461
5445.31297683716;70.9861032;70.9843844;0.03721722;0.03622609;0.08305386;0.1171239;0.0017188
5446.37537002563;71.0232539;71.0210413;0.03714072;0.03650215;-0.03014472;-0.01616186;0.0022126
5447.43776321411;71.0639160;71.0621685;0.03637179;0.03651721;0.09251668;0.03478679;0.0017475
5448.50015640259;71.1008340;71.0985869;0.03707328;0.03647098;-0.02740581;0.003691498;0.0022471
5449.56302642822;71.1414479;71.1396545;0.03653445;0.03646207;0.1153926;0.08344024;0.0017934
5450.6254196167;71.1784175;71.1761922;0.03698264;0.03653336;-0.02947268;0.00296167;0.0022253
5451.68781280518;71.2190000;71.2173790;0.03618061;0.03651516;0.002782712;-0.01843143;0.0016210
5452.75020599365;71.2550000;71.2537378;0.03614063;0.03639665;0.004966716;-0.02984113;0.0012622
5453.81259918213;71.2955000;71.2943882;0.03612387;0.03621043;0.01347217;0.005591759;0.0011118
5454.87546920776;71.3315000;71.3307470;0.0360839;0.0362995;0.004642542;-0.01030887;0.0007530
5455.93786239624;71.3720000;71.3717550;0.0360273;0.03644282;-0.009310339;0.00987332;0.0002450
5457.00025558472;71.4079829;71.4082330;0.03592265;0.03645939;-0.007678647;-0.02795438;-0.0002501
5458.06264877319;71.4486192;71.4493006;0.03609757;0.03647729;-0.08271724;-0.01338185;-0.0006814
5459.12551879883;71.4840693;71.4853614;0.03471118;0.0361844;-0.06213615;-0.0597752;-0.0012921
5460.1879119873;71.5239375;71.5250581;0.03591681;0.03559276;0.04995135;-0.003121877;-0.0011206
5461.25030517578;71.5601094;71.5606421;0.03598231;0.03562066;-0.04310692;-0.05531972;-0.0005327
5462.31269836426;71.5999287;71.6008156;0.03480483;0.03563407;-0.07877709;-0.1152441;-0.0008869
5463.37509155273;71.6347461;71.6357440;0.03499461;0.03518593;0.06590161;0.07128277;-0.0009979
5464.43796157837;71.6750669;71.6751426;0.03586396;0.0351406;-0.03205804;0.01433583;-0.0000757
5465.50035476685;71.7102720;71.7104286;0.03489661;0.03522267;-0.0270431;-0.04787715;-0.0001566
5466.56274795532;71.7496250;71.7498869;0.03497082;0.03511906;-0.01321415;0.01203397;-0.0002619
5467.6251411438;71.7846250;71.7845768;0.03500537;0.03485891;0.004371326;-0.001532972;0.0000482
5468.68801116943;71.8240000;71.8233198;0.03499245;0.03454854;0.03031649;0.0198754;0.0006802
5469.75040435791;71.8590000;71.8578309;0.03554692;0.03453466;0.04502106;0.1027598;0.0011691
5470.81279754639;71.8982252;71.8968123;0.03393737;0.03460538;-0.04721135;-0.08116032;0.0014129
5471.87519073486;71.9323998;71.9310254;0.03537318;0.03435968;0.07908653;0.08180071;0.0013744
5472.93758392334;71.9714473;71.9696492;0.03398159;0.03433944;0.003075787;-0.04751182;0.0017981
5474.00045394897;72.0058027;72.0037430;0.03544823;0.03419715;0.07161982;0.1230654;0.0020597
5475.06284713745;72.0446725;72.0426053;0.03405975;0.03439973;0.03429932;-0.02429411;0.0020672
5476.12524032593;72.0791807;72.0769972;0.03538813;0.03441677;0.05143176;0.04290288;0.0021835
5477.1876335144;72.1180391;72.1160382;0.03418127;0.0346075;-0.02490265;-0.03899594;0.0020009
5478.25050354004;72.1520000;72.1501917;0.03420147;0.03430229;0.01249815;-0.01380959;0.0018083
5479.31289672852;72.1902500;72.1884578;0.03419968;0.03410964;0.02381199;0.0272999;0.0017922
5480.37528991699;72.2242500;72.2223729;0.03420914;0.0340067;0.03183249;0.03868233;0.0018771
5481.43768310547;72.2625000;72.2609371;0.03417413;0.03419806;0.01925283;0.02783698;0.0015629
5482.50007629395;72.2965000;72.2952694;0.03413711;0.03427824;0.01163853;-0.009630019;0.0012306
5483.56294631958;72.3347404;72.3341912;0.03413052;0.03449091;0.005731994;0.05938123;0.0005492
5484.62533950806;72.3688130;72.3689407;0.03356162;0.03461809;-0.1392101;-0.07905363;-0.0001277
5485.68773269653;72.4060000;72.4074453;0.03400563;0.03429311;0.03010474;0.0290713;-0.0014453
5486.75012588501;72.4400000;72.4413603;0.03268177;0.03406853;-0.1309626;-0.1302133;-0.0013603
5487.81299591064;72.4772652;72.4787325;0.03398723;0.03347021;0.0451038;0.07117518;-0.0014673
5488.87538909912;72.5111496;72.5122899;0.03301976;0.03353607;-0.08941399;-0.04338465;-0.0011403
5489.9377822876;72.5482500;72.5496620;0.03284268;0.03330401;-0.03955195;0.01106566;-0.0014120
5491.00017547607;72.5812500;72.5826234;0.03284698;0.03307262;-0.02836085;-0.01009561;-0.0013734
5492.06256866455;72.6183750;72.6196378;0.0328593;0.03295465;-0.02201859;-0.05082268;-0.0012628
5493.12543869019;72.6513750;72.6523608;0.03289016;0.03279205;-0.01076715;-0.0244795;-0.0009858
5494.18783187866;72.6885000;72.6890176;0.03294233;0.0326433;0.002709488;0.05837867;-0.0005176
5495.25022506714;72.7215000;72.7214426;0.0330064;0.03250815;0.0175199;-0.01010529;0.0000574
5496.31261825562;72.7586032;72.7583378;0.03305529;0.03271134;0.02577275;0.04076849;0.0002654
5497.37548828125;72.7917539;72.7912992;0.03294487;0.03288874;-0.08799286;-0.07171249;0.0004547
5498.43788146973;72.8279160;72.8281349;0.03215269;0.03271708;0.03945707;0.004526426;-0.0002189
5499.5002746582;72.8608169;72.8606194;0.0328944;0.03259491;-0.06412795;-0.03060039;0.0001975
5500.56266784668;72.8970205;72.8969186;0.0318525;0.03232554;-0.04907707;-0.0424857;0.0001019
5501.62506103516;72.9289370;72.9282707;0.03249839;0.03171636;0.1237869;0.15403;0.0006663
5502.68793106079;72.9660000;72.9637951;0.03249566;0.03165432;-0.014868;0.007880107;0.0022049
5503.75032424927;72.9980000;72.9955643;0.03227138;0.03173189;0.03592095;0.08723684;0.0024357
5504.81271743774;73.0340000;73.0313867;0.03229117;0.03179806;0.03740012;0.04401795;0.0026133
5505.87511062622;73.0660000;73.0636328;0.03226374;0.03208493;0.02135294;0.0110631;0.0023672
5506.93798065186;73.1019829;73.0998129;0.03219229;0.03214805;0.02695526;-0.006071253;0.0021700
5508.00037384033;73.1340903;73.1319994;0.03251681;0.03217696;-0.02121468;0.0476869;0.0020909
5509.06276702881;73.1695693;73.1679410;0.03103656;0.03200767;-0.02246116;-0.05390754;0.0016283
5510.12516021729;73.2009365;73.1995314;0.0321279;0.03176162;0.07345571;0.0510797;0.0014051
5511.18803024292;73.2371328;73.2355326;0.03221995;0.03197071;-0.05146455;0.03372554;0.0016002
5512.2504234314;73.2684062;73.2674211;0.03102642;0.03190102;0.01513742;-0.003126349;0.0009851
5513.31281661987;73.3040752;73.3026475;0.03214963;0.03149364;-0.01120365;0.006468283;0.0014277
5514.37520980835;73.3354069;73.3342379;0.03105961;0.03151354;-0.0301672;-0.0336407;0.0011690
5515.43760299683;73.3702500;73.3692855;0.03110746;0.0312875;-0.004026659;-0.01814895;0.0009645
5516.50047302246;73.4012500;73.4005183;0.03108152;0.03124818;-0.004596811;-0.04341917;0.0007317
5517.56286621094;73.4361250;73.4357446;0.03104238;0.03130503;-0.01190401;-0.00947075;0.0003804
5518.62525939941;73.4671250;73.4668583;0.03102971;0.03120118;-0.007902745;0.02375912;0.0002667
5519.68765258789;73.5020000;73.5017270;0.03103041;0.03104834;0.0002336776;0.01714464;0.0002730
5520.75052261353;73.5330000;73.5326618;0.03095434;0.03094185;0.007679002;0.00162746;0.0003382
5521.812915802;73.5679243;73.5675305;0.03141074;0.0309636;-0.009229514;0.001771232;0.0003938
5522.87530899048;73.5987252;73.5985249;0.02980226;0.03096947;-0.08209365;-0.09862311;0.0002003
5523.93770217896;73.6328027;73.6326188;0.03123924;0.03051906;0.02537423;0.007152501;0.0001839
5525.00009536743;73.6634473;73.6630768;0.02982253;0.03047631;-0.02555556;-0.07229336;0.0003705
5526.06296539307;73.6976807;73.6971110;0.03120833;0.03034646;0.02583382;0.06214467;0.0005697
5527.12535858154;73.7282917;73.7277478;0.03006353;0.03053764;-0.05651977;-0.02350431;0.0005439
5528.18775177002;73.7620000;73.7615436;0.03005085;0.03017722;-0.009266163;-0.01824662;0.0004564
5529.2501449585;73.7920000;73.7911671;0.0300928;0.02982073;0.0147822;0.02699588;0.0008329
5530.31301498413;73.8257500;73.8245457;0.03013418;0.02973197;0.02551412;0.005376197;0.0012043
5531.37540817261;73.8557500;73.8539904;0.03019605;0.02957087;0.04283466;0.06524221;0.0017596
5532.43780136108;73.8895000;73.8874882;0.03022415;0.02971486;0.04080131;0.03368343;0.0020118
5533.50019454956;73.9194829;73.9172906;0.03029374;0.02978824;0.05667301;0.05471673;0.0021923
5534.56258773804;73.9533130;73.9509672;0.02983721;0.02989857;-0.07526377;-0.02217115;0.0023458
5535.62545776367;73.9823229;73.9802331;0.02956748;0.02950847;0.1100919;0.06585211;0.0020898
5536.68785095215;74.0160000;74.0133136;0.02913265;0.02946037;-0.04444269;0.00108869;0.0026864
5537.75024414063;74.0450000;74.0426391;0.03034638;0.02937676;0.1308219;0.1255882;0.0023609
5538.8126373291;74.0786496;74.0761965;0.02942013;0.02966465;-0.04007426;-0.02710709;0.0024531
5539.87550735474;74.1076346;74.1057604;0.02927815;0.02958683;-0.004953718;-0.0144245;0.0018742
5540.93790054321;74.1401597;74.1383046;0.02892284;0.02913914;0.06287056;0.0354137;0.0018551
5542.00029373169;74.1695186;74.1672724;0.03037006;0.02907197;0.1120938;0.1698372;0.0022462
5543.06268692017;74.2030358;74.2008895;0.02941556;0.02960572;-0.07870203;-0.01981873;0.0021463
5544.12508010864;74.2314443;74.2305726;0.02795226;0.02959279;-0.05011913;-0.0619012;0.0008717
5545.18795013428;74.2634609;74.2626995;0.0291265;0.02889697;0.05063867;0.070912;0.0007614
5546.25034332275;74.2924766;74.2913693;0.02912337;0.02875487;0.05517838;0.0370387;0.0011073
5547.31273651123;74.3252539;74.3241519;0.02901699;0.02900811;-0.06353861;-0.02550847;0.0011020
5548.37512969971;74.3534030;74.3531197;0.02806672;0.02896363;0.03655965;-0.01278835;0.0002833
5549.43799972534;74.3858340;74.3856043;0.02884851;0.0289052;-0.07267509;-0.0004040159;0.0002297
5550.50039291382;74.4139160;74.4145125;0.02811062;0.0288649;0.04855327;-0.01532026;-0.0005965
5551.56278610229;74.4464175;74.4468778;0.02868341;0.02882304;-0.08101115;-0.02847888;-0.0004603
5552.62517929077;74.4745109;74.4755477;0.02779496;0.0287182;-0.0507065;-0.07815886;-0.0010368
5553.68757247925;74.5060000;74.5070785;0.02787984;0.02825713;-0.02429637;-0.01718876;-0.0010785
5554.75044250488;74.5340000;74.5349735;0.02789153;0.02801821;-0.01147617;-0.008932126;-0.0009735
5555.81283569336;74.5655000;74.5662659;0.02791466;0.02785992;-0.001309641;-0.04182062;-0.0007659
5556.87522888184;74.5935000;74.5941609;0.02792636;0.0278352;0.0007694343;0.008350842;-0.0006609
5557.93762207031;74.6249829;74.6256918;0.02787154;0.02797091;0.001979171;-0.003235064;-0.0007089
5559.00049209595;74.6530903;74.6535867;0.02822854;0.02793169;-0.04088172;-0.04040623;-0.0004964
5560.06288528442;74.6840475;74.6848196;0.0267434;0.02779052;-0.03078238;-0.03876754;-0.0007721
5561.1252784729;74.7115775;74.7119397;0.02813022;0.02737068;-0.001968684;0.0005031034;-0.0003622
5562.18767166138;74.7424062;74.7425765;0.02689769;0.02725405;0.02927131;0.004174743;-0.0001703
5563.25006484985;74.7700703;74.7696370;0.02813161;0.02714011;0.01059;0.01358521;0.0004333
5564.31293487549;74.8009287;74.8002738;0.02697661;0.02716926;-0.03952408;-0.01576973;0.0006549
5565.37532806396;74.8277461;74.8270959;0.02717824;0.02693654;0.09696137;0.03744373;0.0006502
5566.43772125244;74.8590669;74.8576134;0.02803434;0.02708918;-0.01135291;0.04656348;0.0014535
5567.50011444092;74.8862720;74.8851508;0.02703898;0.02734737;-0.01773416;-0.02744422;0.0011212
5568.56298446655;74.9166154;74.9156088;0.02718149;0.02715095;0.0156254;-0.03157283;0.0010066
5569.62537765503;74.9436880;74.9423712;0.02672256;0.02692222;-0.09636342;-0.05473288;0.0013168
5570.68777084351;74.9730000;74.9715179;0.0268318;0.0262135;0.109224;0.04971907;0.0014821
5571.75016403198;75.0000000;74.9976844;0.02767466;0.02621276;0.0793891;0.08365785;0.0023156
5572.81303405762;75.0302252;75.0277847;0.02605186;0.02659066;-0.02916832;-0.04659939;0.0024405
5573.87542724609;75.0563998;75.0543088;0.02745302;0.02656275;0.08236516;0.1054449;0.0020910
5574.93782043457;75.0864473;75.0844091;0.02600834;0.02668073;-0.006981611;-0.06037765;0.0020382
5576.00021362305;75.1127856;75.1108140;0.02738894;0.02650576;0.06812018;0.09441239;0.0019716
5577.06260681152;75.1427917;75.1409143;0.0262121;0.02665848;-0.03579422;-0.03728605;0.0018774
5578.12547683716;75.1687500;75.1670808;0.02618598;0.02633058;0.009118925;-0.01467179;0.0016692
5579.18787002563;75.1980000;75.1964062;0.02617758;0.02616869;0.01788402;-0.01013716;0.0015938
5580.25026321411;75.2240000;75.2225131;0.02616567;0.02616098;0.0181024;0.009365571;0.0014869
5581.31265640259;75.2532500;75.2519578;0.02614397;0.02617372;0.01602675;0.04427781;0.0012922
5582.37552642822;75.2792500;75.2783030;0.02610551;0.02624771;0.008272867;0.03002332;0.0009470
5583.4379196167;75.3084829;75.3080457;0.02609819;0.0263673;0.01092254;-0.002638352;0.0004372
5584.50031280518;75.3346060;75.3345698;0.02574101;0.02646657;-0.1201601;-0.1162071;0.0000362
5585.56270599365;75.3628229;75.3636569;0.02524171;0.0260165;0.04728654;-0.0209317;-0.0008340
5586.62509918213;75.3888021;75.3894061;0.02559807;0.02587464;-0.1055323;-0.01738426;-0.0006040
5587.68796920776;75.4170000;75.4179567;0.02597674;0.02554541;0.07415792;0.06894371;-0.0009567
5588.75036239624;75.4430000;75.4435271;0.0252746;0.02554668;-0.08763207;-0.05677662;-0.0005271
5589.81275558472;75.4710757;75.4719585;0.02453478;0.02529492;-0.01406726;-0.03295136;-0.0008828
5590.87514877319;75.4962652;75.4968733;0.02608296;0.02508092;0.07576306;0.09610577;-0.0006081
5591.93801879883;75.5252876;75.5255431;0.02503664;0.02536682;-0.0622317;-0.07200955;-0.0002555
5593.0004119873;75.5502329;75.5508751;0.02487897;0.02529796;-0.01876659;-0.03553138;-0.0006422
5594.06280517578;75.5784942;75.5792469;0.02508964;0.02521956;-0.08461084;-0.0849508;-0.0007527
5595.12519836426;75.6029443;75.6038636;0.02375271;0.02483307;-0.05283926;-0.08955046;-0.0009193
5596.18759155273;75.6304375;75.6306857;0.02501401;0.02415964;0.07102587;0.04148845;-0.0002482
5597.25046157837;75.6556328;75.6549448;0.02511832;0.02423648;-0.03336411;0.02448126;0.0006880
5598.31285476685;75.6829030;75.6824225;0.02408869;0.02437618;0.05013926;-0.01484199;0.0004805
5599.37524795532;75.7077220;75.7067412;0.02507412;0.0243699;-0.03419489;0.0208004;0.0009808
5600.4376411438;75.7349160;75.7344574;0.02422818;0.02452349;0.06294472;-0.01249001;0.0004586
5601.50051116943;75.7598169;75.7590741;0.02495516;0.0246199;-0.05314223;0.005225977;0.0007428
5602.56290435791;75.7870109;75.7864922;0.02396827;0.02440254;-0.02837311;-0.06604726;0.0005187
5603.62529754639;75.8110000;75.8102745;0.02408083;0.0240037;-0.0001572503;0.005733627;0.0007255
5604.68769073486;75.8380000;75.8366793;0.02414715;0.02361243;0.02913085;-0.004666382;0.0013207
5605.75008392334;75.8620000;75.8601636;0.02420461;0.02352659;0.04208712;0.03972084;0.0018364
5606.81295394897;75.8890000;75.8867472;0.024251;0.02358537;0.04685499;0.05070436;0.0022528
5607.87534713745;75.9129904;75.9104699;0.02421149;0.02366175;0.05423843;0.08195633;0.0025205
5608.93774032593;75.9400903;75.9374708;0.02457571;0.02391677;0.001584723;0.05149944;0.0026195
5610.0001335144;75.9636973;75.9613722;0.02304031;0.02391497;-0.01998668;-0.05210583;0.0023251
5611.06300354004;75.9900775;75.9877175;0.02443352;0.02360512;0.02754906;0.09730743;0.0023600
5612.12539672852;76.0135475;76.0113805;0.02307087;0.02364615;0.02257856;-0.02065367;0.0021670
5613.18778991699;76.0400703;76.0376662;0.02435119;0.02347366;0.02862082;0.06882125;0.0024041
5614.25018310547;76.0635625;76.0615081;0.02318723;0.02367918;-0.04275847;-0.03246601;0.0020544
5615.31257629395;76.0892461;76.0873765;0.0233141;0.02318253;0.1114869;0.05751216;0.0018696
5616.37544631958;76.1130752;76.1104435;0.02428378;0.02311962;0.03406239;0.04074448;0.0026317
5617.43783950806;76.1392720;76.1366695;0.02320402;0.023227;0.0214976;-0.0146109;0.0026025
5618.50023269653;76.1622500;76.1598557;0.02326676;0.02318236;0.03312827;0.009589616;0.0023943
5619.56262588501;76.1881154;76.1860818;0.02329591;0.02329211;0.03828186;0.08299804;0.0020336
5620.62549591064;76.2111880;76.2096852;0.02274328;0.02348941;-0.1068383;-0.06436722;0.0015028
5621.68788909912;76.2360000;76.2354940;0.02272304;0.02308762;0.06632281;0.05491459;0.0005060
5622.7502822876;76.2590000;76.2583226;0.02349214;0.02293133;0.03399064;0.01359405;0.0006774
5623.81267547607;76.2847252;76.2842506;0.02183283;0.02299562;-0.06488323;-0.07787062;0.0004746
5624.87506866455;76.3068902;76.3067812;0.02316286;0.0227116;0.06340639;0.06527121;0.0001090
5625.93793869019;76.3325376;76.3323516;0.02208583;0.02272605;-0.06406143;-0.04152759;0.0001860
5627.00033187866;76.3545171;76.3548225;0.02201545;0.02253991;-0.0346433;-0.01001918;-0.0003054
5628.06272506714;76.3791308;76.3798565;0.02174564;0.0223367;0.03692235;0.004390216;-0.0007257
5629.12511825562;76.4016807;76.4020890;0.02309936;0.02227925;0.02879612;0.02342395;-0.0004083
5630.18798828125;76.4270391;76.4275998;0.02189586;0.02250774;-0.05151401;-0.05928417;-0.0005607
5631.25038146973;76.4489766;76.4498919;0.02189802;0.02235252;-0.01169686;-0.01247873;-0.0009153
5632.3127746582;76.4738789;76.4747471;0.02179747;0.02215465;-0.1085092;-0.08640154;-0.0008682
5633.37516784668;76.4950498;76.4963835;0.02086084;0.02180128;-0.004702673;-0.05124833;-0.0013337
5634.43803787231;76.5194609;76.5201062;0.02206352;0.02137587;0.05027807;0.04590292;-0.0006453
5635.50043106079;76.5416060;76.5418023;0.02171511;0.02161374;-0.08664592;-0.01950027;-0.0001963
5636.56282424927;76.5653229;76.5661210;0.02124571;0.02157257;0.0635739;0.02318435;-0.0007981
5637.62521743774;76.5873021;76.5875190;0.0216412;0.02146149;-0.08573297;-0.07984746;-0.0002169
5638.68761062622;76.6110000;76.6114205;0.02203648;0.02127012;0.08936164;0.02945442;-0.0004205
5639.75048065186;76.6330000;76.6329974;0.02125;0.02149575;-0.082621;-0.0654467;0.0000026
5640.81287384033;76.6566250;76.6568988;0.02096949;0.02131812;-0.02799132;-0.001255157;-0.0002738
5641.87526702881;76.6776250;76.6778797;0.02097162;0.02111493;-0.01754757;-0.02830887;-0.0002547
5642.93766021729;76.7012500;76.7013043;0.02099395;0.02090793;-0.004300438;0.00967673;-0.0000543
5644.00053024292;76.7222500;76.7222255;0.02100273;0.02090237;-0.002940388;-0.04369383;0.0000245
5645.0629234314;76.7458750;76.7454117;0.02105162;0.02070737;0.01344157;-0.01777887;0.0004633
5646.12531661987;76.7668532;76.7660946;0.02105881;0.02067489;0.0322485;-0.03331005;0.0007586
5647.18770980835;76.7906328;76.7893404;0.02118566;0.02066096;-0.04740249;-0.01690985;0.0012924
5648.25010299683;76.8109063;76.8100232;0.02001506;0.02066338;0.01824198;0.005801229;0.0008831
5649.31297302246;76.8342220;76.8326729;0.02113744;0.02034112;-0.02477438;-0.01072225;0.0015491
5650.37536621094;76.8544030;76.8530577;0.02018505;0.02038394;0.0637508;0.05044787;0.0013453
5651.43775939941;76.8778169;76.8760055;0.02107421;0.02045158;-0.02798922;-0.0205802;0.0018114
5652.50015258789;76.8980391;76.8965691;0.02002837;0.02050708;-0.03912443;-0.04016211;0.0014700
5653.56302261353;76.9204370;76.9189805;0.02058643;0.02011806;0.1227836;0.0814098;0.0014565
5654.625415802;76.9414175;76.9392461;0.02097663;0.02024175;-0.02534723;0.02791584;0.0021714
5655.68780899048;76.9640000;76.9622534;0.0201946;0.02034964;0.003067251;0.02151561;0.0017466
5656.75020217896;76.9840000;76.9821018;0.02012816;0.02005229;0.02282798;0.03053678;0.0018982
5657.81259536743;77.0065493;77.0044535;0.02060037;0.01995597;0.01554552;0.03552886;0.0020958
5658.87546539307;77.0263598;77.0243019;0.01907857;0.01988726;-0.05535471;-0.03940943;0.0020579
5659.93785858154;77.0479453;77.0460576;0.02009574;0.01951127;0.1007355;0.07691283;0.0018877
5661.00025177002;77.0680903;77.0657271;0.02054716;0.01965148;0.01835624;0.06427031;0.0023632
5662.0626449585;77.0900475;77.0881385;0.01904212;0.01981797;0.01282906;-0.008929597;0.0019090
5663.12551498413;77.1095557;77.1076292;0.0203595;0.01964098;0.03832413;0.05495837;0.0019265
5664.18790817261;77.1315625;77.1297425;0.01916111;0.01964737;-0.0422939;-0.02600532;0.0018200
5665.25030136108;77.1503672;77.1489352;0.01911788;0.01933676;0.08328485;0.04019996;0.0014320
5666.31269454956;77.1725752;77.1706313;0.02020714;0.01934165;0.01442675;0.08632913;0.0019439
5667.37508773804;77.1919069;77.1905988;0.0190751;0.01969412;-0.02657024;-0.05993704;0.0013081
5668.43795776367;77.2132500;77.2125333;0.01907985;0.01953001;-0.009157843;0.006224012;0.0007167
5669.50035095215;77.2322500;77.2318453;0.01904509;0.01937701;-0.005285666;0.01778989;0.0004047
5670.56274414063;77.2536250;77.2532433;0.01904253;0.01914912;0.006424639;-0.01288735;0.0003817
5671.6251373291;77.2726154;77.2721380;0.01912253;0.0189791;0.03053667;0.02098434;0.0004774
5672.68800735474;77.2940000;77.2933572;0.01798829;0.01889719;-0.09284422;-0.04088027;0.0006428
5673.75040054321;77.3120000;77.3118347;0.01868508;0.01862118;0.08199878;0.0966463;0.0001653
5674.81279373169;77.3334147;77.3329347;0.019351;0.01877267;0.01815213;0.02720398;0.0004800
5675.87518692017;77.3522842;77.3523062;0.01821369;0.01915272;-0.1053169;-0.1010771;-0.0000220
5676.93758010864;77.3724097;77.3734659;0.01759847;0.01888583;-0.02028294;-0.07501718;-0.0010562
5678.00045013428;77.3907856;77.3918241;0.01905356;0.01858118;0.02375909;0.06310792;-0.0010385
5679.06284332275;77.4117917;77.4127453;0.01789668;0.01859208;-0.07309543;-0.06948633;-0.0009536
5680.12523651123;77.4297500;77.4309844;0.01786247;0.01837099;-0.03703394;-0.04742459;-0.0012344
5681.18762969971;77.4500000;77.4510115;0.0178873;0.01799074;-0.01550924;-0.04370544;-0.0010115
5682.25049972534;77.4680000;77.4687737;0.0179138;0.01785014;-0.005713582;-0.01071657;-0.0007737
5683.31289291382;77.4882500;77.4888605;0.01793198;0.01786227;-0.004674382;-0.01159819;-0.0006105
5684.37528610229;77.5062500;77.5068015;0.01793855;0.01792794;-0.007666348;0.0118709;-0.0005515
5685.43767929077;77.5264829;77.5271267;0.01797775;0.01802858;0.0006434191;-0.04021811;-0.0006438
5686.50007247925;77.5446060;77.5453657;0.01765233;0.01814743;-0.1282322;-0.08245319;-0.0007597
5687.56294250488;77.5638229;77.5652140;0.01717964;0.01778018;0.03771663;0.01128782;-0.0013911
5688.62533569336;77.5818021;77.5823802;0.01760095;0.01741073;-0.09549794;-0.04291292;-0.0005781
5689.68772888184;77.6010000;77.6015133;0.01802614;0.01713539;0.08751433;0.0472781;-0.0005133
5690.75012207031;77.6190000;77.6187390;0.01736241;0.01723462;-0.07384671;-0.03016527;0.0002610
5691.81299209595;77.6380757;77.6378721;0.01665582;0.01707903;-1.687103E-05;-0.04661967;0.0002036
5692.87538528442;77.6552652;77.6546806;0.01821585;0.01694127;0.08837287;0.1303986;0.0005846
5693.9377784729;77.6752876;77.6743501;0.01716956;0.01733164;-0.0538179;-0.01959495;0.0009375
5695.00017166138;77.6922500;77.6918739;0.0170419;0.01741964;-0.02935042;-0.06971161;0.0003761
5696.06304168701;77.7113532;77.7113646;0.01697301;0.01731806;-0.01699242;-0.05449495;-0.0000114
5697.12543487549;77.7284942;77.7284115;0.01718272;0.01712891;-0.07662481;-0.04322878;0.0000827
5698.18782806396;77.7469297;77.7473062;0.01587472;0.01685576;-0.03143441;-0.1024424;-0.0003765
5699.25022125244;77.7634375;77.7632207;0.01706582;0.01629253;0.06344677;0.0603226;0.0002168
5700.31261444092;77.7827539;77.7814001;0.01704504;0.01625744;-0.04760496;-0.02854552;0.0013538
5701.37548446655;77.7989030;77.7976721;0.0161723;0.01626302;0.06025632;0.01914839;0.0012309
5702.43787765503;77.8178340;77.8159708;0.01703051;0.01627555;-0.04172276;-0.02983181;0.0018632
5703.50027084351;77.8339160;77.8323620;0.01635022;0.01633963;0.08307868;0.03879574;0.0015540
5704.56266403198;77.8529175;77.8511375;0.01693302;0.01660707;-0.05895967;-0.00447079;0.0017800
5705.62553405762;77.8690109;77.8679460;0.01602913;0.01671935;-0.03989312;-0.0813009;0.0010649
5706.68792724609;77.8870000;77.8862446;0.01608416;0.01639622;-0.02249325;-0.03330515;0.0007554
5707.75032043457;77.9030000;77.9020995;0.01610033;0.01603918;-0.001530613;-0.009853168;0.0009005
5708.81271362305;77.9210000;77.9196829;0.01614675;0.0157643;0.01943182;-0.002198989;0.0013171
5709.87510681152;77.9370000;77.9351801;0.01620277;0.01560089;0.03617876;0.005234617;0.0018199
5710.93797683716;77.9550000;77.9527038;0.01625584;0.01559041;0.04535826;0.0604378;0.0022962
5712.00037002563;77.9709829;77.9684991;0.01622726;0.01572541;0.05256112;0.05432304;0.0024838
5713.06276321411;77.9891192;77.9866189;0.01645208;0.01599635;-0.02629201;-0.003482226;0.0025003
5714.12515640259;78.0045475;78.0027717;0.01502728;0.01606781;-0.01082094;-0.06147306;0.0017758
5715.18802642822;78.0220937;78.0204743;0.01626376;0.01585988;-0.02363659;0.04298696;0.0016194
5716.2504196167;78.0374063;78.0362695;0.01504333;0.01579181;0.02185712;-0.01364777;0.0011368
5717.31281280518;78.0550752;78.0537933;0.01613338;0.01565694;-0.02257317;0.008910586;0.0012819
5718.37520599365;78.0704287;78.0694693;0.01501054;0.01564815;-0.05663536;-0.04992793;0.0009594
5719.43759918213;78.0871440;78.0861586;0.01537281;0.01508225;0.1107887;0.04884374;0.0009854
5720.50046920776;78.1030669;78.1012982;0.01606946;0.01514065;-0.005934839;0.03955954;0.0017687
5721.56286239624;78.1201359;78.1187028;0.01507015;0.01534702;-0.003439813;-0.03081171;0.0014331
5722.62525558472;78.1351250;78.1338423;0.01514291;0.01522186;0.0063943;0.02188062;0.0012827
5723.68764877319;78.1520000;78.1507105;0.01556034;0.01507502;0.02242475;0.01410949;0.0012895
5724.75051879883;78.1670000;78.1656712;0.01406472;0.01498885;-0.09544346;-0.05542818;0.0013288
5725.8129119873;78.1828408;78.1821221;0.01486393;0.01472052;0.07587002;0.05728108;0.0007187
5726.87530517578;78.1979243;78.1968445;0.01548717;0.0147407;0.016089;0.007166116;0.0010798
5727.93769836426;78.2144473;78.2138914;0.01384319;0.01499326;-0.04491467;-0.08353022;0.0005559
5729.00009155273;78.2288027;78.2285541;0.01524645;0.01478439;0.01774029;0.01499035;0.0002486
5730.06296157837;78.2451725;78.2453030;0.01381489;0.01483883;-0.01931851;-0.04988607;-0.0001305
5731.12535476685;78.2596807;78.2596677;0.0151463;0.01455082;0.01194904;-0.01221816;0.0000130
5732.18774795532;78.2760625;78.2759994;0.01396536;0.01449452;-0.06502987;-0.01958218;0.0000631
5733.2501411438;78.2898672;78.2901257;0.01392953;0.01424291;0.05702993;0.007094766;-0.0002585
5734.31301116943;78.3064502;78.3059806;0.01504288;0.0141842;-0.007016249;0.05675931;0.0004696
5735.37540435791;78.3207819;78.3207625;0.01393152;0.01453907;-0.04664882;-0.06971192;0.0000194
5736.43779754639;78.3365000;78.3370346;0.01394044;0.01446671;-0.03458336;0.005100373;-0.0005346
5737.50019073486;78.3504829;78.3514589;0.01394074;0.01444058;-0.0247908;-0.04279382;-0.0009760
5738.56258392334;78.3663130;78.3674925;0.01344443;0.01431272;-0.152741;-0.1099497;-0.0011795
5739.62545394897;78.3793325;78.3810824;0.01307033;0.01380906;0.01711112;-0.04670799;-0.0017499
5740.68784713745;78.3950000;78.3959240;0.01431372;0.01342504;0.01623722;0.01940023;-0.0009240
5741.75024032593;78.4090000;78.4095734;0.01276945;0.01357483;-0.1101233;-0.07862178;-0.0005734
5742.8126335144;78.4237748;78.4247130;0.01411552;0.01352785;0.02928726;0.05088184;-0.0009382
5743.87550354004;78.4376002;78.4381241;0.01272158;0.01347282;-0.07576644;-0.1070974;-0.0005239
5744.93789672852;78.4525356;78.4530252;0.01411472;0.01330657;0.0266738;0.06229194;-0.0004896
5746.00028991699;78.4662876;78.4666151;0.01302861;0.01348804;-0.08399084;-0.106217;-0.0003275
5747.06268310547;78.4808968;78.4815758;0.01295006;0.01333332;-0.05768686;-0.01473228;-0.0006790
5748.12507629395;78.4937558;78.4944504;0.01274911;0.01303956;0.02716412;-0.02494997;-0.0006946
5749.18794631958;78.5090703;78.5092324;0.01406527;0.01312278;-0.007885987;0.03133108;-0.0001621
5750.25033950806;78.5225156;78.5229415;0.01291088;0.01348012;-0.05875149;-0.06766765;-0.0004259
5751.31273269653;78.5372539;78.5380810;0.01280205;0.01348358;-0.1489177;-0.05594389;-0.0008271
5752.37512588501;78.5494248;78.5508364;0.01185216;0.01298211;-0.03924666;-0.08965269;-0.0014116
5753.43799591064;78.5637280;78.5644859;0.01300149;0.0124177;0.006892241;0.01803322;-0.0007579
5754.50038909912;78.5767329;78.5768837;0.01303268;0.01241261;0.02040487;0.008345038;-0.0001508
5755.5627822876;78.5914380;78.5913676;0.01258369;0.01273358;-0.1235233;-0.0309118;0.0000704
5756.62517547607;78.6034479;78.6038250;0.01229262;0.01253537;0.04730899;0.002876118;-0.0003771
5757.68804550171;78.6180000;78.6178321;0.01185204;0.01248407;-0.1101594;-0.07711356;0.0001679
5758.75043869019;78.6300000;78.6299914;0.01308333;0.01224989;0.07301485;0.02688939;0.0000086
5759.81283187866;78.6445342;78.6440581;0.01226919;0.0124388;-0.09501663;-0.0208194;0.0004761
5760.87522506714;78.6564507;78.6562174;0.01165913;0.01224115;-0.02345412;-0.04759144;0.0002333
5761.93761825562;78.6702856;78.6696881;0.01323584;0.01204684;0.04288255;0.06525681;0.0005975
5763.00048828125;78.6830376;78.6823243;0.01214458;0.01240337;-0.0765205;-0.06204725;0.0007133
5764.06288146973;78.6965000;78.6963910;0.01201214;0.01245799;-0.05109468;-0.05204881;0.0001090
5765.1252746582;78.7085000;78.7083715;0.01201432;0.01217826;-0.03638827;-0.02227128;0.0001285
5766.18766784668;78.7219766;78.7217826;0.01202161;0.01200163;-0.01171703;-0.009822491;0.0001940
5767.25053787231;78.7341328;78.7337035;0.0120895;0.01194249;-0.09602558;-0.07335208;0.0004293
5768.31293106079;78.7467998;78.7466973;0.01102086;0.01160461;-0.00575365;-0.01442035;0.0001025
5769.37532424927;78.7584463;78.7576646;0.01218345;0.0112182;0.05481865;0.04894062;0.0007817
5770.43771743774;78.7721060;78.7705988;0.01190491;0.01143457;-0.08215733;-0.01193053;0.0015072
5771.50011062622;78.7831660;78.7819236;0.01131551;0.01135304;0.06065713;0.01659308;0.0012424
5772.56298065186;78.7965521;78.7947386;0.01186742;0.01139808;-0.07903641;-0.02539841;0.0018135
5773.62537384033;78.8075729;78.8062423;0.01148289;0.0114623;0.07493424;0.03858611;0.0013306
5774.68776702881;78.8210000;78.8193554;0.01143324;0.01161249;-0.08736017;-0.03124883;0.0016446
5775.75016021729;78.8320000;78.8309783;0.01119717;0.01159545;-0.04549362;-0.05182175;0.0010217
5776.81303024292;78.8443257;78.8433760;0.01073895;0.01117931;-0.007450551;-0.05369444;0.0009497
5777.8754234314;78.8555152;78.8543433;0.01228129;0.01105078;0.0787504;0.1120414;0.0011719
5778.93781661987;78.8687876;78.8672179;0.01124;0.0113317;-0.05666093;-0.03505394;0.0015697
5780.00020980835;78.8797329;78.8786620;0.01106984;0.01138301;-0.01940468;-0.03626049;0.0010709
5781.06260299683;78.8922442;78.8911194;0.01129882;0.01115118;-0.0733935;-0.01341821;0.0011248
5782.12547302246;78.9026943;78.9019674;0.009936132;0.01092021;-0.05140401;-0.1207323;0.0007269
5783.18786621094;78.9144609;78.9131731;0.01118515;0.01028463;0.05591191;0.04578779;0.0012878
5784.25025939941;78.9254766;78.9232463;0.01124849;0.01017634;0.06783952;0.05843489;0.0022303
5785.31265258789;78.9380039;78.9351076;0.0112169;0.01044238;-0.04067554;0.01623659;0.0028963
5786.37552261353;78.9481530;78.9458364;0.01029326;0.01060494;0.05380513;0.0005679802;0.0023166
5787.437915802;78.9603340;78.9577573;0.01111;0.01062918;-0.05314264;-0.01548854;0.0025767
5788.50030899048;78.9704160;78.9683670;0.01040538;0.01060881;0.07340401;0.02028353;0.0020490
5789.56270217896;78.9826675;78.9805263;0.01097327;0.01076842;-0.06461732;-0.02021447;0.0021412
5790.62509536743;78.9927609;78.9911956;0.01008488;0.01069268;-0.03362221;-0.04507472;0.0015653
5791.68796539307;79.0040000;79.0028185;0.01021497;0.01043105;-0.02085717;-0.01289822;0.0011815
5792.75035858154;79.0140000;79.0127724;0.009720108;0.01012851;-0.01007136;-0.01035825;0.0012276
5793.81275177002;79.0253806;79.0239185;0.01124428;0.009997687;0.1055435;0.09882656;0.0014621
5794.8751449585;79.0363239;79.0345281;0.01071376;0.01041242;-0.06579283;-0.01606417;0.0017958
5795.93801498413;79.0472144;79.0464491;0.008915996;0.0104962;-0.09129988;-0.1416997;0.0007653
5797.00040817261;79.0564624;79.0559858;0.009987997;0.009870221;0.04045117;0.01610994;0.0004766
5798.06280136108;79.0677500;79.0665358;0.01013528;0.009548602;0.03171029;-0.002898268;0.0012142
5799.12519454956;79.0777282;79.0760726;0.01015875;0.009573587;0.05039938;0.04896491;0.0016556
5800.18758773804;79.0891328;79.0870994;0.01026822;0.00978052;-0.04188503;-0.00638337;0.0020334
5801.25045776367;79.0984062;79.0969342;0.009080673;0.00980644;0.02098414;0.02762815;0.0014720
5802.31285095215;79.1093470;79.1076630;0.01015247;0.009644785;-0.03631308;-0.0149811;0.0016840
5803.37524414063;79.1185280;79.1173190;0.00916986;0.009629957;0.05129307;0.03145667;0.0012090
5804.4376373291;79.1295669;79.1279882;0.01004829;0.009556876;-0.03482724;-0.003342242;0.0015787
5805.50050735474;79.1387891;79.1376442;0.008992146;0.009601386;-0.04694299;-0.03944407;0.0011449
5806.56290054321;79.1488120;79.1480750;0.009506267;0.009386559;0.1000167;0.01431661;0.0007370
5807.62529373169;79.1587925;79.1575521;0.009872903;0.009516471;-0.0520393;0.01003411;0.0012404
5808.68768692017;79.1690000;79.1684598;0.009060187;0.009620943;-0.02828647;-0.05856979;0.0005402
5809.75008010864;79.1780000;79.1779369;0.00900703;0.009513301;-0.02927199;0.02120822;0.0000631
5810.81295013428;79.1881250;79.1884869;0.008959678;0.009415874;-0.03042902;-0.04256311;-0.0003619
5811.87534332275;79.1971154;79.1974872;0.008889238;0.009177366;-0.01310762;-0.01491995;-0.0003718
5812.93773651123;79.2073403;79.2076796;0.009246049;0.009124168;-0.05369484;-0.03539345;-0.0003393
5814.00012969971;79.2159644;79.2166203;0.00775765;0.008986788;-0.0806259;-0.07761502;-0.0006559
5815.06299972534;79.2253115;79.2257994;0.008916993;0.008434491;0.05850967;0.02697658;-0.0004879
5816.12539291382;79.2344942;79.2342037;0.009205869;0.00842284;-0.03026605;0.007458098;0.0002905
5817.18778610229;79.2439297;79.2440385;0.007904544;0.008607456;-0.007372994;-0.05393493;-0.0001088
5818.25017929077;79.2524375;79.2524427;0.009041666;0.00849613;0.05755484;0.08454456;-0.0000052
5819.31304931641;79.2627321;79.2623967;0.008957291;0.008741618;-0.06418478;-0.02088163;0.0003354
5820.37544250488;79.2710537;79.2712778;0.007878677;0.008809698;-0.0899549;-0.07857647;-0.0002241
5821.43783569336;79.2798940;79.2803377;0.008213585;0.008253558;0.07224277;0.02936269;-0.0004437
5822.50022888184;79.2888169;79.2886823;0.008887392;0.008336965;-0.04991789;-0.01032453;0.0001346
5823.56262207031;79.2980109;79.2981595;0.007893924;0.008396567;-0.04066801;-0.05988268;-0.0001486
5824.62549209595;79.3060000;79.3062657;0.007970395;0.00821349;-0.02871432;-0.01215722;-0.0002657
5825.68788528442;79.3150000;79.3153256;0.007963722;0.00809494;-0.02379502;-0.01172367;-0.0003256
5826.7502784729;79.3230000;79.3233722;0.008625196;0.008074608;-0.03071122;0.01303376;-0.0003722
5827.81267166138;79.3315283;79.3322533;0.004429639;0.007921955;0.1511497;-0.1199251;-0.0007250
5828.87554168701;79.3415161;79.3409556;0.02020307;0.008613879;0.5664986;1.002293;0.0005605
5829.93793487549;79.3549985;79.3569297;-0.001097982;0.01220747;-1.074635;-1.479872;-0.0019312
5831.00032806396;79.3567896;79.3627113;0.00710324;0.00792296;0.1548005;0.2422125;-0.0059217
5832.06272125244;79.3655693;79.3674797;0.006642291;0.005630619;0.02901876;-0.03079228;-0.0019104
5833.12511444092;79.3729365;79.3730229;0.007961728;0.005649848;0.1381806;0.1276616;-0.0000864
5834.18798446655;79.3821328;79.3813676;0.008126923;0.006910447;-0.03230469;0.009535584;0.0007652
5835.25037765503;79.3894062;79.3897718;0.006875932;0.00781773;-0.02383144;-0.03920316;-0.0003656
5836.31277084351;79.3980752;79.3990701;0.007879709;0.008102708;-0.1024359;-0.07528653;-0.0009949
5837.37516403198;79.4054287;79.4069976;0.006728842;0.007941547;-0.1342921;-0.1175441;-0.0015689
5838.43803405762;79.4131440;79.4146269;0.007097799;0.007119165;0.04469685;-0.03541103;-0.0014829
5839.50042724609;79.4210669;79.4211835;0.007859404;0.00681384;-0.04700307;-0.01781508;-0.0001166
5840.56282043457;79.4291359;79.4290513;0.006919907;0.006918898;-0.03329295;-0.04493338;0.0000846
5841.62521362305;79.4361250;79.4359058;0.007024422;0.006868007;-0.02426828;-0.004123779;0.0002192
5842.68760681152;79.4440000;79.4438332;0.007018584;0.007001688;-0.03163897;-0.04478102;0.0001668
5843.75047683716;79.4510000;79.4508666;0.007014863;0.007023679;-0.03310273;-0.02665599;0.0001334
5844.81287002563;79.4588750;79.4587940;0.007009025;0.00702825;-0.0339922;-0.05378301;0.0000810
5845.87526321411;79.4658750;79.4658273;0.007005314;0.00699938;-0.03298155;0.005268707;0.0000477
5846.93765640259;79.4737500;79.4736952;0.007006106;0.007010904;-0.03339815;-0.05324806;0.0000548
5848.00052642822;79.4807329;79.4807285;0.006950521;0.007050582;-0.02664656;-0.001909739;0.0000044
5849.0629196167;79.4887442;79.4885963;0.007189981;0.007019779;-0.09052643;-0.04413866;0.0001479
5850.12531280518;79.4951943;79.4956893;0.005799992;0.007035685;-0.08550585;-0.08711772;-0.0004950
5851.18770599365;79.5024375;79.5027822;0.007003261;0.006559115;0.02114139;-0.04295;-0.0003447
5852.25009918213;79.5096328;79.5093983;0.007067794;0.006614938;-0.0874157;-0.03148646;0.0002345
5853.31296920776;79.5166530;79.5170277;0.005993408;0.006687873;-0.006840351;-0.08898079;-0.0003747
5854.37536239624;79.5234502;79.5234650;0.006988911;0.00655352;-0.0718541;-0.02438755;-0.0000148
5855.43775558472;79.5305391;79.5307368;0.005842556;0.006476047;-0.0949828;-0.1257703;-0.0001977
5856.50014877319;79.5363940;79.5365184;0.00624916;0.006042003;0.05889104;-0.01401438;-0.0001244
5857.56301879883;79.5441675;79.5434326;0.006816581;0.006153911;-0.07776649;-0.006947872;0.0007349
5858.6254119873;79.5502609;79.5499891;0.005940765;0.006401083;-0.06280819;-0.05914509;0.0002718
5859.68780517578;79.5570000;79.5569628;0.006004144;0.006271474;-0.05491422;-0.05551918;0.0000372
5860.75019836426;79.5630000;79.5629829;0.006001905;0.006123784;-0.04761017;-0.05421067;0.0000171
5861.81259155273;79.5697500;79.5695990;0.006016823;0.005944328;-0.03649569;-0.0522504;0.0001510
5862.87546157837;79.5757500;79.5755595;0.006021224;0.005939835;-0.03559215;-0.02750901;0.0001905
5863.93785476685;79.5825000;79.5821756;0.006036143;0.005897544;-0.03130808;-0.06608547;0.0003244
5865.00024795532;79.5885000;79.5880765;0.006047185;0.00592875;-0.03115695;-0.02138155;0.0004235
5866.0626411438;79.5952282;79.5948118;0.006020678;0.005978088;-0.02086689;-0.02137995;0.0004164
5867.12551116943;79.6013692;79.6008915;0.006226726;0.006038863;-0.09337398;-0.001343477;0.0004777
5868.18790435791;79.6074063;79.6074480;0.004912021;0.005854694;-0.03864296;-0.08949338;-0.0000417
5869.25029754639;79.6130937;79.6126336;0.006134596;0.005436763;-0.05773385;0.008462103;0.0004601
5870.31269073486;79.6190498;79.6184748;0.005073505;0.005251155;0.00834227;-0.04360412;0.0005750
5871.37508392334;79.6246963;79.6236604;0.006211771;0.005240819;0.04694513;0.007339688;0.0010359
5872.43795394897;79.6315889;79.6300977;0.005952604;0.005625719;-0.086988;-0.03799777;0.0014912
5873.50034713745;79.6367891;79.6358794;0.00496594;0.00570845;-0.09303684;-0.07983029;0.0009097
5874.56274032593;79.6423120;79.6416014;0.005503326;0.005245894;0.06933863;0.00981046;0.0007106
5875.6251335144;79.6482925;79.6470851;0.005869226;0.005389734;-0.08366276;-0.04328479;0.0012074
5876.68800354004;79.6540000;79.6532243;0.00516976;0.005418188;-0.05303574;-0.07786465;0.0007757
5877.75039672852;79.6590000;79.6584099;0.004649081;0.005263122;-0.05349846;-0.05529769;0.0005901
5878.81278991699;79.6647652;79.6641320;0.006221265;0.005177473;0.05090389;0.03176952;0.0006332
5879.87518310547;79.6706496;79.6698540;0.005235453;0.00555427;-0.1001014;-0.08624293;0.0007956
5880.9380531311;79.6762500;79.6761721;0.005008679;0.00556931;-0.06754529;-0.08796085;0.0000779
5882.00044631958;79.6812329;79.6814769;0.004923335;0.005373775;-0.0527372;-0.04124749;-0.0002440
5883.06283950806;79.6869942;79.6871394;0.005157324;0.005135732;-0.1069707;-0.03175475;-0.0001452
5884.12523269653;79.6914443;79.6918482;0.003810142;0.004848762;-0.08113082;-0.1193567;-0.0004039
5885.18762588501;79.6964609;79.6961993;0.005070813;0.004205729;0.02703889;-0.02335725;0.0002616
5886.25049591064;79.7015000;79.7003120;0.005132364;0.004179059;0.01914732;0.003025373;0.0011880
5887.31288909912;79.7071032;79.7055572;0.005197967;0.004510468;0.02408372;-0.02286092;0.0015460
5888.3752822876;79.7122539;79.7106832;0.005069209;0.00488495;-0.1011158;-0.03618934;0.0015707
5889.43767547607;79.7169160;79.7163457;0.004240624;0.004942844;0.01093371;-0.08583505;0.0005703
5890.50054550171;79.7218340;79.7210544;0.004909778;0.004808456;-0.1096813;-0.04228227;0.0007796
5891.56293869019;79.7264479;79.7261208;0.00437108;0.004570673;0.04346561;0.001889008;0.0003271
5892.62533187866;79.7314271;79.7304720;0.004771779;0.00443345;-0.1028866;-0.05096309;0.0009551
5893.68772506714;79.7360000;79.7354191;0.005148055;0.004375156;0.06404391;0.009805121;0.0005809
5894.75011825562;79.7410000;79.7398299;0.004463703;0.004420053;-0.09632896;-0.07585593;0.0011701
5895.81298828125;79.7454507;79.7447771;0.003708188;0.00436681;-0.03332498;-0.08373416;0.0006736
5896.87538146973;79.7496402;79.7487706;0.005247605;0.004140843;0.05725391;0.03590447;0.0008696
5897.9377746582;79.7550376;79.7536582;0.004218793;0.004285536;-0.06986132;-0.005934281;0.0013794
5899.00016784668;79.7590000;79.7580093;0.004110381;0.004294714;-0.03849249;-0.02459144;0.0009907
5900.06303787231;79.7635000;79.7625989;0.004100398;0.004151048;-0.03151575;-0.04083366;0.0009011
5901.12543106079;79.7675000;79.7665328;0.004107763;0.004012648;-0.02273749;-0.009717495;0.0009672
5902.18782424927;79.7720000;79.7708839;0.004124353;0.003936237;-0.01572932;-0.03088436;0.0011161
5903.25021743774;79.7760000;79.7747582;0.004138358;0.003916096;-0.01191754;-0.005878635;0.0012418
5904.31261062622;79.7805000;79.7791690;0.004148297;0.003940065;-0.01064916;-0.005909339;0.0013310
5905.37548065186;79.7845000;79.7831029;0.004155661;0.003932923;-0.008214854;-0.01009053;0.0013971
5906.43787384033;79.7889829;79.7877520;0.004186623;0.004057265;-0.0003939666;-0.02549251;0.0012309
5907.50026702881;79.7931060;79.7919243;0.003868641;0.004135102;-0.124609;-0.05273341;0.0011817
5908.56266021729;79.7965825;79.7959179;0.003339347;0.003719008;0.03360615;-0.009704469;0.0006646
5909.62553024292;79.8004795;79.7991961;0.004301847;0.003455225;0.03666147;0.06594235;0.0012834
5910.6879234314;79.8050000;79.8034280;0.003091815;0.003637144;-0.1021013;-0.1170879;0.0015720
5911.75031661987;79.8080000;79.8070639;0.003770964;0.003617564;0.05810549;0.03842088;0.0009361
5912.81270980835;79.8125493;79.8112363;0.004513153;0.003698435;-0.006099149;0.03568392;0.0013130
5913.87510299683;79.8163502;79.8152894;0.00289814;0.003894157;-0.08877208;-0.1472139;0.0010608
5914.93797302246;79.8200356;79.8194617;0.004233213;0.003755789;0.006148224;-0.01497349;0.0005739
5916.00036621094;79.8238047;79.8232764;0.003173445;0.003802861;-0.1092217;-0.05963043;0.0005283
5917.06275939941;79.8270058;79.8269123;0.002836915;0.003400284;0.009462604;-0.02995572;0.0000935
5918.12515258789;79.8305557;79.8299521;0.004212108;0.003215329;0.01137341;0.05578497;0.0006036
5919.18802261353;79.8345391;79.8337668;0.003044381;0.003338469;-0.05786376;-0.060417;0.0007723
5920.250415802;79.8375234;79.8371047;0.00304665;0.003327313;-0.05341621;-0.03021651;0.0004187
5921.31280899048;79.8407461;79.8405617;0.00312634;0.003150085;0.05934699;-0.01331555;0.0001844
5922.37520217896;79.8445752;79.8437804;0.004079114;0.003206176;-0.02775533;-0.002556684;0.0007948
5923.43759536743;79.8482720;79.8477739;0.002969559;0.003420101;-0.05138043;-0.05114177;0.0004981
5924.50046539307;79.8512500;79.8510522;0.003022038;0.003331074;-0.04054525;-0.0264963;0.0001978
5925.56285858154;79.8546250;79.8544496;0.003019542;0.003110927;-0.02944754;-0.04099423;0.0001754
5926.62525177002;79.8576250;79.8573702;0.003028389;0.002993667;-0.02215445;-0.02203094;0.0002548
5927.6876449585;79.8610000;79.8604697;0.002975751;0.002861598;-0.01023633;-0.00864737;0.0005303
5928.75051498413;79.8640000;79.8632711;0.003497879;0.002811519;0.001962633;0.002605098;0.0007289
5929.81290817261;79.8672348;79.8665494;0.001925649;0.002865501;-0.09956215;-0.08984695;0.0006854
5930.87530136108;79.8693504;79.8688739;0.00290628;0.002503013;0.05115928;0.03635018;0.0004765
5931.93769454956;79.8727329;79.8715562;0.003081626;0.00245774;0.03056744;0.02288173;0.0011767
5933.00008773804;79.8758403;79.8742980;0.003455693;0.002647551;-0.0202053;0.02149281;0.0015423
5934.06295776367;79.8786943;79.8776954;0.001966438;0.002855772;-0.04247409;-0.08097558;0.0009989
5935.12535095215;79.8810615;79.8803776;0.003047552;0.002752033;0.04429077;0.05087951;0.0006839
5936.18774414063;79.8846328;79.8835367;0.003163791;0.002827933;-0.07135344;-0.02623412;0.0010961
5937.2501373291;79.8869062;79.8863977;0.001973322;0.002827151;-0.008301913;-0.05505506;0.0005085
5938.31300735474;79.8899720;79.8892587;0.003044318;0.002656014;-0.06612969;-0.009399093;0.0007133
5939.37540054321;79.8921530;79.8917621;0.002078709;0.002551652;0.02747122;-0.02077512;0.0003909
5940.43779373169;79.8953169;79.8943847;0.002976259;0.002424831;-0.05418412;0.003627458;0.0009322
5941.50018692017;79.8975391;79.8968285;0.001943757;0.002407991;-0.0606406;-0.05538823;0.0007106
5942.5630569458;79.8996870;79.8990935;0.00249028;0.002127583;0.09346561;0.02635669;0.0005935
5943.62545013428;79.9026675;79.9014181;0.002873905;0.002272076;-0.05732045;0.0005548903;0.0012494
5944.68784332275;79.9050000;79.9040407;0.001690216;0.002276099;-0.02970034;-0.05544;0.0009593
5945.75023651123;79.9070000;79.9061865;0.003173971;0.002189426;0.09731577;0.0677243;0.0008135
5946.81262969971;79.9102746;79.9089879;0.002290171;0.002430784;-0.06703565;-0.01262493;0.0012867
5947.87549972534;79.9122500;79.9114913;0.002084532;0.002465718;-0.03236343;-0.01597518;0.0007587
5948.93789291382;79.9145000;79.9138755;0.00206958;0.002214218;-0.02077379;-0.02117318;0.0006245
5950.00028610229;79.9165000;79.9159020;0.002066628;0.002074071;-0.01350408;-0.0007913033;0.0005980
5951.06267929077;79.9187500;79.9181074;0.002071597;0.002018111;-0.009406065;-0.007071412;0.0006426
5952.12554931641;79.9207500;79.9198359;0.002101847;0.001840743;0.004142781;-0.003950013;0.0009141
5953.18794250488;79.9230000;79.9219817;0.002113456;0.001881714;0.004414511;-0.01127074;0.0010183
5954.25033569336;79.9250000;79.9237698;0.002137066;0.001822868;0.01134629;-0.01702288;0.0012302
5955.31272888184;79.9272500;79.9257964;0.002161956;0.001811495;0.0163329;-0.01094874;0.0014536
5956.37512207031;79.9292500;79.9278229;0.002159004;0.001936278;0.01076559;0.02785029;0.0014271
5957.43799209595;79.9315000;79.9300879;0.002157333;0.001979844;0.009652223;0.01230572;0.0014121
5958.50038528442;79.9334829;79.9322337;0.002188662;0.002092466;0.01801991;-0.001947559;0.0012492
5959.5627784729;79.9358130;79.9347371;0.00169572;0.002182951;-0.1185595;-0.08124103;0.0010759
5960.62517166138;79.9368325;79.9365252;0.001299538;0.001930429;0.03752851;-0.01819235;0.0003073
5961.68804168701;79.9390000;79.9381941;0.002506458;0.001660384;0.02800024;0.03820793;0.0008059
5962.75043487549;79.9410000;79.9401015;0.001016775;0.001805882;-0.101342;-0.05716246;0.0008985
5963.81282806396;79.9422158;79.9418300;0.001826839;0.001591947;0.06818917;0.0310657;0.0003858
5964.87522125244;79.9442993;79.9434394;0.00246267;0.001621987;0.009264133;0.01770181;0.0008599
5965.93761444092;79.9461973;79.9455851;0.0008494598;0.001808453;-0.04452237;-0.07506459;0.0006122
5967.00048446655;79.9475527;79.9471944;0.002258671;0.001688736;0.01440196;0.03697348;0.0003583
5968.06287765503;79.9492975;79.9490422;0.0008578719;0.001681859;-0.01533912;-0.05536287;0.0002553
5969.12527084351;79.9508275;79.9503535;0.002223385;0.001454013;0.001753294;0.03930291;0.0004740
5970.18766403198;79.9524063;79.9520820;0.0009527995;0.001468489;0.02207612;-0.03259312;0.0003243
5971.25053405762;79.9540703;79.9534529;0.002152122;0.001389407;-0.002509749;0.01816373;0.0006174
5972.31292724609;79.9556787;79.9552411;0.0009524021;0.001482276;-0.06156228;-0.07316095;0.0004376
5973.37532043457;79.9564961;79.9563736;0.001119443;0.001232601;0.07108842;0.006161133;0.0001225
5974.43771362305;79.9585669;79.9577445;0.001964025;0.00122433;-0.03103665;0.02949632;0.0008224
5975.50010681152;79.9597891;79.9593538;0.0009130834;0.001426004;-0.05117523;-0.03931201;0.0004353
5976.56297683716;79.9608120;79.9607247;0.00143388;0.001281511;0.09237892;0.01893909;0.0000873
5977.62537002563;79.9627925;79.9620956;0.001812347;0.001378954;-0.05706251;-0.01382686;0.0006969
5978.68776321411;79.9640000;79.9637049;0.001032879;0.001376986;-0.02407098;-0.03477914;0.0002951
5979.75015640259;79.9650000;79.9649566;0.001088169;0.001272382;-0.02304547;-0.02284186;0.0000434
5980.81302642822;79.9660757;79.9660891;0.000631645;0.001078981;0.002935967;-0.02634605;-0.0000134
5981.8754196167;79.9672652;79.9669832;0.002182136;0.0009600816;0.08889139;0.05402699;0.0002820
5982.93781280518;79.9692876;79.9686521;0.00113591;0.001334476;-0.05276956;-0.02617498;0.0006355
5984.00020599365;79.9702500;79.9700230;0.001025292;0.001355855;-0.02288933;-0.02109679;0.0002270
5985.06259918213;79.9713750;79.9713343;0.001004535;0.001214709;-0.01819012;-0.02033246;0.0000407
5986.12546920776;79.9723750;79.9724668;0.0009897718;0.001165149;-0.01754403;-0.0001073055;-0.0000918
5987.18786239624;79.9735000;79.9735993;0.0009889362;0.001086954;-0.01370121;-0.02364402;-0.0000993
5988.25025558472;79.9745000;79.9744934;0.0009999999;0.0009685468;-0.006232091;-0.0296809;0.0000066
5989.31264877319;79.9756250;79.9755663;0.00100654;0.0009618499;-0.005082223;-0.007660039;0.0000587
5990.37551879883;79.9766250;79.9763411;0.001031631;0.0008537052;0.003779177;0.0001815687;0.0002839
5991.4379119873;79.9777329;79.9772948;0.001098291;0.0008481404;0.02187413;0.03157779;0.0004381
5992.50030517578;79.9788560;79.9782485;0.0008046653;0.0009114166;-0.09910773;-0.03030822;0.0006075
5993.56269836426;79.9789575;79.9787849;0.0002845301;0.000578989;0.05545883;0.01308268;0.0001726
5994.62509155273;79.9798641;79.9791425;0.001169917;0.0004681342;0.03556632;0.04213345;0.0007216
5995.68796157837;79.9810000;79.9800366;0.001024006;0.0007114126;0.0238277;0.01270243;0.0009634
5996.75035476685;79.9820000;79.9811691;0.001509243;0.000978849;0.01537595;0.02380313;0.0008309
5997.81274795532;79.9829848;79.9825400;-0.0001011575;0.001133017;-0.09614369;-0.06424175;0.0004448
5998.8751411438;79.9830908;79.9833745;0.000752245;0.0009261476;0.04443664;0.04694277;-0.0002837
5999.93801116943;79.9843403;79.9842685;0.001291854;0.0008575203;-0.03363599;0.006789492;0.0000718
6001.00040435791;79.9849644;79.9851626;-0.0001913538;0.0008554105;-0.06647209;-0.07294554;-0.0001982
6002.06279754639;79.9853115;79.9857587;0.0009215281;0.0006273519;0.05042687;0.02344345;-0.0004472
6003.12519073486;79.9864942;79.9863547;0.001189045;0.0006462586;-0.04261644;-0.01151493;0.0001395
6004.1880607605;79.9869297;79.9871892;-0.0001122461;0.0007064589;-0.01345836;-0.05359494;-0.0002595
6005.25045394897;79.9874375;79.9874276;0.00104277;0.0004188438;0.06271577;0.05471633;0.0000099
6006.31284713745;79.9887539;79.9883813;0.0009357199;0.0007275687;-0.07742646;-0.02636436;0.0003726
6007.37524032593;79.9889030;79.9890965;1.359695E-05;0.0007013248;0.02479799;-0.009335903;-0.0001935
6008.4376335144;79.9898340;79.9897522;0.0008320306;0.0006226458;-0.07906383;-0.0172625;0.0000818
6009.50050354004;79.9899160;79.9902886;0.0001355691;0.0005471418;0.04926126;0.008024385;-0.0003726
6010.56289672852;79.9909271;79.9908250;0.0006767403;0.0005276085;-0.09003577;-0.03463459;0.0001021
6011.62528991699;79.9909479;79.9912423;0.0003018341;0.0004384311;0.07158164;-0.01095208;-0.0002944
6012.68768310547;79.9920000;79.9918979;-0.0001552909;0.0005641918;-0.09698464;-0.03443947;0.0001021
6013.7505531311;79.9920000;79.9922556;0.001054855;0.0004406028;0.07771442;0.01566437;-0.0002556
6014.81294631958;79.9930342;79.9928516;0.0002364906;0.0004973336;-0.08431609;-0.03509141;0.0001826
6015.87533950806;79.9929507;79.9932688;-0.0004023039;0.000414947;-0.02264903;-0.04401628;-0.0003181
6016.93773269653;79.9933027;79.9933284;0.001215886;0.000180962;0.03473368;0.04221649;-0.0000257
6018.00012588501;79.9939473;79.9938649;-0.0002095692;0.0004186546;-0.03181908;-0.05313314;0.0000824
6019.06299591064;79.9944307;79.9944013;0.001148132;0.0004942185;0.005152763;0.03285832;0.0000294
6020.12538909912;79.9950635;79.9949974;3.601055E-05;0.0005391323;-0.08180011;-0.04223353;0.0000661
6021.1877822876;79.9948672;79.9952954;-8.937565E-05;0.0003134108;0.04100642;-0.02917977;-0.0004282
6022.25017547607;79.9955703;79.9954742;0.00109404;0.0002358483;-0.003845452;0.03036939;0.0000961
6023.31304550171;79.9960319;79.9960107;-6.827593E-05;0.000386133;-0.04920576;-0.0302142;0.0000212
6024.37543869019;79.9960218;79.9963087;-5.768183E-05;0.0003135525;-0.04906786;-0.04463365;-0.0002869
6025.43783187866;79.9958940;79.9963087;0.000216816;0.0001086269;0.08009007;0.001621484;-0.0004147
6026.50022506714;79.9968169;79.9964875;0.0009090967;0.0001901513;-0.03953128;0.02507977;0.0003294
6027.56261825562;79.9970109;79.9969643;-8.432628E-05;0.0003245158;-0.03394855;-0.03426278;0.0000466
6028.62548828125;79.9970096;79.9972027;-9.085066E-05;0.0002589872;-0.04337111;-0.03504405;-0.0001931
6029.68788146973;79.9970000;79.9972028;0.001060738;7.733205E-05;0.09599472;0.03019543;-0.0002028
6030.7502746582;79.9980000;79.9975604;0.0002989791;0.0002737143;-0.07113376;-0.01711989;0.0004396
6031.81266784668;79.9980000;79.9980372;-4.144732E-06;0.0003593517;-0.03249431;-0.03937034;-0.0000372
6032.87553787231;79.9980000;79.9981564;-1.74257E-05;0.0002033957;-0.02628684;-0.03022992;-0.0001564
6033.93793106079;79.9980171;79.9982161;2.730708E-05;8.788164E-05;-0.03062763;-0.008324648;-0.0001990
6035.00032424927;79.9979097;79.9981565;-0.000311352;1.177607E-06;0.0203205;-0.007109619;-0.0002468
6036.06271743774;79.9984307;79.9980968;0.001182059;-1.043094E-05;0.03427711;0.05711499;0.0003339
6037.12511062622;79.9990417;79.9986333;4.843261E-05;0.0003329767;-0.05460415;-0.06528363;0.0004084
6038.18798065186;79.9990000;79.9991697;-1.890756E-05;0.0004173551;-0.03734085;-0.04363334;-0.0001697
6039.25037384033;79.9990000;79.9992889;-3.218852E-05;0.0002306531;-0.02966478;-0.03711139;-0.0002889
6040.31276702881;79.9990000;79.9993485;-3.882901E-05;0.0001031361;-0.0242979;-0.01945323;-0.0003485
6041.37516021729;79.9990000;79.9993485;-3.882901E-05;4.019672E-05;-0.02136877;-0.02879437;-0.0003485
6042.43803024292;79.9990000;79.9992890;-3.219967E-05;-6.687419E-06;-0.01840702;-0.01080449;-0.0002890
6043.5004234314;79.9990171;79.9991698;-6.649263E-05;-8.171652E-05;-0.02814003;-0.01557372;-0.0001527
6044.56281661987;79.9989370;79.9991102;0.0004048561;-5.153859E-05;0.1005016;0.06942354;-0.0001732
6045.62520980835;79.9999175;79.9994081;0.0007914566;0.0002078373;-0.05638366;-0.001173965;0.0005094
6046.68760299683;80.0000000;80.0000638;-7.108439E-06;0.0004251276;-0.03727322;-0.0391276;-0.0000638
6047.75047302246;80.0000000;80.0003022;-3.367038E-05;0.0003055217;-0.03466917;-0.0514016;-0.0003022
6048.81286621094;80.0000000;80.0003618;-4.031086E-05;0.0001290735;-0.02681146;-0.03681687;-0.0003618
6049.87525939941;80.0000000;80.0003023;-3.368152E-05;-2.583231E-06;-0.01953715;-0.04527857;-0.0003023
6050.93765258789;80.0000000;80.0001831;-2.040055E-05;-5.35226E-05;-0.01545607;-0.01813046;-0.0001831
6052.00052261353;80.0000000;80.0001235;-1.376007E-05;-6.271912E-05;-0.01428384;-0.004801292;-0.0001235
6053.062915802;80.0000000;80.0000639;-7.119581E-06;-5.480214E-05;-0.01393784;-0.02081114;-0.0000639
6054.12530899048;80.0000000;80.0000639;-7.119581E-06;-2.135882E-05;-0.01570213;-0.00534593;-0.0000639
6055.18770217896;80.0000000;80.0001234;-1.374892E-05;3.961281E-05;-0.01972834;-0.001536713;-0.0001234
6056.25009536743;80.0000000;80.0001234;-1.374892E-05;1.543886E-05;-0.01859459;-0.0151676;-0.0001234
6057.31296539307;80.0000000;80.0001235;-1.376007E-05;-4.44088E-06;-0.01771351;-0.01490925;-0.0001235
6058.37535858154;80.0000000;80.0001235;-1.376007E-05;-1.730808E-06;-0.01795522;-0.02209259;-0.0001235
6059.43775177002;80.0000000;80.0001235;-1.376007E-05;-5.996201E-07;-0.01812905;-0.02073468;-0.0001235
6060.5001449585;80.0000000;80.0000639;-7.119581E-06;-4.209268E-05;-0.01525478;-0.004323854;-0.0000639
6061.56301498413;80.0000000;80.0001234;-1.374892E-05;2.720619E-05;-0.01971322;0.001136765;-0.0001234
6062.62540817261;80.0000000;80.0001234;-1.374892E-05;1.060346E-05;-0.01896681;-0.02919947;-0.0001234
6063.68780136108;80.0000000;80.0001234;-1.374892E-05;3.673455E-06;-0.01872814;-0.004910836;-0.0001234
6064.75019454956;80.0000000;80.0001234;-1.374892E-05;1.431708E-06;-0.01871643;0.004435456;-0.0001234
6065.8130645752;80.0000000;80.0000639;-7.119581E-06;-4.129275E-05;-0.01579339;-0.01732953;-0.0000639
6066.87545776367;80.0000000;80.0000639;-7.119581E-06;-1.609362E-05;-0.0171359;-0.02517013;-0.0000639
6067.93785095215;80.0000000;80.0000639;-7.119581E-06;-5.575463E-06;-0.01773401;-0.007875749;-0.0000639
6069.00024414063;80.0000000;80.0000639;-7.119581E-06;-2.173005E-06;-0.01796141;-0.01205286;-0.0000639
6070.0626373291;80.0000000;80.0001234;-1.374892E-05;3.226546E-05;-0.0206488;-0.00296697;-0.0001234
6071.12550735474;80.0000000;80.0001235;-1.376007E-05;1.545377E-06;-0.019194;-0.008426559;-0.0001235
6072.18790054321;80.0000000;80.0001235;-1.376007E-05;5.353796E-07;-0.01925828;-0.04454999;-0.0001235
6073.25029373169;80.0000000;80.0000639;-7.119581E-06;-5.276912E-05;-0.01579218;-0.01143073;-0.0000639
6074.31268692017;80.0000000;80.0000639;-7.119581E-06;-1.82813E-05;-0.01761657;-0.02659936;-0.0000639
6075.3755569458;80.0000000;80.0000639;-7.119581E-06;-7.125034E-06;-0.01824066;-0.001317624;-0.0000639
6076.43795013428;80.0000000;80.0000639;-7.119581E-06;-2.468393E-06;-0.01853889;-0.01117238;-0.0000639
6077.50034332275;80.0000000;80.0000043;0;-4.282103E-05;-0.01564378;-0.01542492;-0.0000043
6078.56273651123;80.0000000;80.0000043;0;-1.483489E-05;-0.01707555;-0.0165958;-0.0000043
6079.62512969971;80.0000000;80.0000638;-7.108439E-06;2.03067E-05;-0.01978257;0.003079602;-0.0000638
6080.68799972534;80.0000000;80.0000638;-7.108439E-06;7.035042E-06;-0.01916349;-0.03425808;-0.0000638
6081.75039291382;80.0000000;80.0001234;-1.374892E-05;2.597063E-05;-0.02107112;-0.01443284;-0.0001234
6082.81278610229;80.0000000;80.0001234;-1.374892E-05;8.99725E-06;-0.02031862;-0.03461877;-0.0001234
6083.87517929077;80.0000000;80.0001234;-1.374892E-05;3.506627E-06;-0.02014071;-0.03605108;-0.0001234
6084.93804931641;80.0000000;80.0000639;-7.119581E-06;-4.057392E-05;-0.01714829;-0.02399823;-0.0000639
6086.00044250488;80.0000000;80.0000639;-7.119581E-06;-1.581346E-05;-0.01846836;-0.01571944;-0.0000639
6087.06283569336;80.0000000;80.0000639;-7.119581E-06;-5.478405E-06;-0.0190571;-0.03769631;-0.0000639
6088.12522888184;80.0000000;80.0000639;-7.119581E-06;-2.135178E-06;-0.01928147;-0.003152975;-0.0000639
6089.18762207031;80.0000000;80.0000639;-7.119581E-06;-7.397097E-07;-0.01941285;-0.03033211;-0.0000639
6090.25049209595;80.0000000;80.0000639;-7.119581E-06;-2.882977E-07;-0.01948928;-0.02036987;-0.0000639
6091.31288528442;80.0000000;80.0000639;-7.119581E-06;-9.987767E-08;-0.01955891;-0.0179496;-0.0000639
6092.3752784729;80.0000000;80.0000639;-7.119581E-06;-3.892676E-08;-0.01961536;-0.005423417;-0.0000639
6093.43767166138;80.0000000;80.0000639;-7.119581E-06;-1.348576E-08;-0.01967666;-0.03487712;-0.0000639
6094.50054168701;80.0000000;80.0000043;0;-3.307902E-05;-0.01714102;-0.01267395;-0.0000043
6095.56293487549;80.0000000;80.0000043;0;-1.145988E-05;-0.01824706;-0.007105849;-0.0000043
6096.62532806396;80.0000000;80.0000043;0;-4.466423E-06;-0.01860484;-0.03022772;-0.0000043
6097.68772125244;80.0000000;80.0000638;-7.108439E-06;3.559822E-05;-0.02154377;-0.02274883;-0.0000638
6098.75011444092;80.0000000;80.0000638;-7.108439E-06;2.167018E-05;-0.02087115;-0.03583302;-0.0000638
6099.81298446655;80.0000000;80.0000638;-7.108439E-06;7.507405E-06;-0.02020648;-0.01945014;-0.0000638
6100.87537765503;80.0000000;80.0000043;0;-4.408638E-05;-0.01674428;-0.03191015;-0.0000043
6101.93777084351;80.0000000;80.0000043;0;-1.527326E-05;-0.01821836;-0.02626352;-0.0000043
6103.00016403198;80.0000000;80.0000043;0;-5.952666E-06;-0.0186952;-0.007253623;-0.0000043
6104.06303405762;80.0000000;80.0000043;0;-2.062238E-06;-0.01889423;-0.01208903;-0.0000043
6105.12542724609;80.0000000;80.0000043;0;-8.037457E-07;-0.01895862;-0.006667669;-0.0000043
6106.18782043457;80.0000000;80.0000638;-7.108439E-06;3.273982E-05;-0.02157058;-0.04319002;-0.0000638
6107.25021362305;80.0000000;80.0000638;-7.108439E-06;1.276016E-05;-0.02060166;-0.02542539;-0.0000638
6108.31260681152;80.0000000;80.0000638;-7.108439E-06;4.420622E-06;-0.02023491;-0.0179496;-0.0000638
6109.37547683716;80.0000000;80.0000638;-7.108439E-06;1.722912E-06;-0.02015015;-0.0165958;-0.0000638
6110.43787002563;80.0000000;79.9999447;6.16139E-06;-8.173047E-05;-0.01422448;-0.01175628;0.0000553
6111.50026321411;80.0000000;79.9999447;6.16139E-06;-3.185399E-05;-0.01673;-0.004467512;0.0000553
6112.56265640259;80.0000000;79.9999447;6.16139E-06;-1.103548E-05;-0.01774316;-0.003441321;0.0000553
6113.62552642822;80.0000000;80.0000638;-7.108439E-06;6.074776E-05;-0.02310595;-0.03729533;-0.0000638
6114.6879196167;80.0000000;80.0000638;-7.108439E-06;2.104542E-05;-0.02113469;-0.01135839;-0.0000638
6115.75031280518;80.0000000;80.0000638;-7.108439E-06;8.202333E-06;-0.02053089;-0.01106284;-0.0000638
6116.81270599365;80.0000000;80.0000638;-7.108439E-06;2.841612E-06;-0.02031653;-0.005897769;-0.0000638
6117.87509918213;80.0000000;80.0000043;0;-2.824208E-05;-0.01787701;0.003260462;-0.0000043
6118.93796920776;80.0000000;80.0000043;0;-9.784168E-06;-0.01882132;-0.01758479;-0.0000043
6120.00036239624;80.0000000;80.0000043;0;-3.813325E-06;-0.01912678;-0.01139456;-0.0000043
6121.06275558472;80.0000000;80.0000043;0;-1.321086E-06;-0.01925429;-0.03843107;-0.0000043
6122.12514877319;80.0000000;80.0000638;-7.108439E-06;2.557363E-05;-0.0215394;-0.01886933;-0.0000638
6123.18801879883;80.0000000;80.0000043;0;-1.72288E-05;-0.01850035;-0.01644391;-0.0000043
6124.2504119873;80.0000000;80.0000043;0;-6.714827E-06;-0.01903824;-0.02396205;-0.0000043
6125.31280517578;80.0000000;79.9999447;6.16139E-06;-3.953426E-05;-0.01652833;-0.02326553;0.0000553
6126.37519836426;80.0000000;80.0000042;0;2.17373E-05;-0.02044696;-0.009266746;-0.0000042
6127.43806838989;80.0000000;80.0000042;0;7.530658E-06;-0.01972014;0.001687575;-0.0000042
6128.50046157837;80.0000000;80.0000638;-7.108439E-06;2.61638E-05;-0.02159001;-0.02403234;-0.0000638
6129.56285476685;80.0000000;80.0000638;-7.108439E-06;1.164081E-05;-0.02090026;-0.02619221;-0.0000638
6130.62524795532;80.0000000;80.0000043;0;-4.247541E-05;-0.01730901;-0.01568121;-0.0000043
6131.6876411438;80.0000000;79.9999447;6.16139E-06;-5.657415E-05;-0.01576261;-0.01293024;0.0000553
6132.75051116943;80.0000000;80.0000042;0;1.803314E-05;-0.0203635;-0.02883055;-0.0000042
6133.81290435791;80.0000000;80.0000042;0;6.24739E-06;-0.01976054;-0.02696314;-0.0000042
6134.87529754639;80.0000000;80.0000638;-7.108439E-06;3.964287E-05;-0.02235902;-0.04781045;-0.0000638
6135.93769073486;80.0000000;80.0000638;-7.108439E-06;1.373385E-05;-0.02109342;-0.02381119;-0.0000638
6137.0005607605;80.0000000;80.0000638;-7.108439E-06;5.352691E-06;-0.02071789;-0.01172422;-0.0000638
6138.06295394897;80.0000000;80.0000638;-7.108439E-06;1.854383E-06;-0.02059881;-0.01197948;-0.0000638
6139.12534713745;80.0000000;80.0000043;0;-3.642282E-05;-0.01780458;-0.01879596;-0.0000043
6140.18774032593;80.0000000;80.0000638;-7.108439E-06;1.347021E-05;-0.02126629;-0.02538717;-0.0000638
6141.2501335144;80.0000000;80.0000043;0;-2.083858E-05;-0.01865511;-0.001686547;-0.0000043
6142.31300354004;80.0000000;80.0000043;0;-7.219305E-06;-0.01935187;-0.02582843;-0.0000043
6143.37539672852;80.0000000;80.0000043;0;-2.813683E-06;-0.01957726;-0.03564599;-0.0000043
6144.43778991699;80.0000000;80.0000043;0;-9.747707E-07;-0.01967135;-0.007838548;-0.0000043
6145.50018310547;80.0000000;80.0000043;0;-3.799114E-07;-0.01970178;-0.02033473;-0.0000043
6146.5630531311;80.0000000;80.0000042;0;5.309108E-06;-0.01998054;-0.01263984;-0.0000042
6147.62544631958;80.0000000;80.0000042;0;2.069195E-06;-0.01981479;-0.02175984;-0.0000042
6148.68783950806;80.0000000;80.0000042;0;7.168506E-07;-0.0197456;-0.002089583;-0.0000042
6149.75023269653;80.0000000;80.0000042;0;2.793885E-07;-0.01972322;-0.02121006;-0.0000042
6150.81262588501;80.0000000;80.0000042;0;9.679118E-08;-0.01971388;-0.02003918;-0.0000042
6151.87549591064;80.0000000;80.0000042;0;3.772382E-08;-0.01971086;-0.02747778;-0.0000042
6152.93788909912;80.0000000;79.9999447;6.16139E-06;-3.764839E-05;-0.01695272;-0.0293421;0.0000553
6154.0002822876;80.0000000;80.0000042;0;1.141526E-05;-0.0202641;-0.005641478;-0.0000042
6155.06267547607;80.0000000;80.0000042;0;3.954697E-06;-0.01988241;-0.01784005;-0.0000042
6156.12554550171;80.0000000;80.0000042;0;1.541321E-06;-0.01975895;0.008498903;-0.0000042
6157.18793869019;80.0000000;80.0000042;0;5.339743E-07;-0.01970741;-0.01820589;-0.0000042
6158.25033187866;80.0000000;80.0000042;0;2.081135E-07;-0.01969074;-0.005457531;-0.0000042
6159.31272506714;80.0000000;80.0000042;0;7.209871E-08;-0.01968378;-0.007288766;-0.0000042
6160.37511825562;80.0000000;80.0000042;0;2.810006E-08;-0.01968153;-0.004362084;-0.0000042
6161.43798828125;80.0000000;80.0000638;-7.108439E-06;2.614209E-05;-0.02192746;0.005935998;-0.0000638
6162.50038146973;80.0000000;80.0000638;-7.108439E-06;1.018873E-05;-0.02116453;-0.01557064;-0.0000638
6163.5627746582;80.0000000;79.9999447;6.16139E-06;-4.724189E-05;-0.01652138;-0.01920105;0.0000553
6164.62516784668;80.0000000;79.9999447;6.16139E-06;-1.841226E-05;-0.01795015;-0.02205436;0.0000553
6165.68803787231;80.0000000;80.0000042;0;3.076683E-05;-0.02124436;-0.001169852;-0.0000042
6166.75043106079;80.0000000;80.0000638;-7.108439E-06;5.385018E-05;-0.02330862;-0.03355949;-0.0000638
6167.81282424927;80.0000000;80.0000638;-7.108439E-06;1.865582E-05;-0.02156798;-0.01212829;-0.0000638
6168.87521743774;80.0000000;80.0000638;-7.108439E-06;7.271002E-06;-0.02103878;-0.01095329;-0.0000638
6169.93761062622;80.0000000;79.9999447;6.16139E-06;-8.760438E-05;-0.01454206;-0.01978392;0.0000553
6171.00048065186;80.0000000;80.0000042;0;-4.793732E-06;-0.01957417;-0.02846574;-0.0000042
6172.06287384033;80.0000000;80.0000042;0;-1.660738E-06;-0.01973445;-0.03476654;-0.0000042
6173.12526702881;80.0000000;80.0000042;0;-6.472632E-07;-0.0197863;-0.008057637;-0.0000042
6174.18766021729;80.0000000;80.0000638;-7.108439E-06;2.917467E-05;-0.02221527;-0.008313929;-0.0000638
6175.25053024292;80.0000000;80.0000043;0;-3.041809E-05;-0.01833718;-0.03751751;-0.0000043
6176.3129234314;80.0000000;79.9999447;6.16139E-06;-4.069655E-05;-0.01696892;0.003996246;0.0000553
6177.37531661987;80.0000000;79.9999447;6.16139E-06;-1.586125E-05;-0.01819334;-0.02190658;0.0000553
6178.43770980835;80.0000000;80.0000042;0;2.385461E-05;-0.02101494;-0.01644905;-0.0000042
6179.50010299683;80.0000000;80.0000638;-7.108439E-06;5.115619E-05;-0.02329501;-0.01677872;-0.0000638
6180.56297302246;80.0000000;80.0000638;-7.108439E-06;1.772252E-05;-0.02164445;-0.02355696;-0.0000638
6181.62536621094;80.0000000;80.0000043;0;-4.01051E-05;-0.01786333;-0.02011358;-0.0000043
6182.68775939941;80.0000000;79.9999447;6.16139E-06;-5.575297E-05;-0.01623767;-0.00662841;0.0000553
6183.75015258789;80.0000000;79.9999447;6.16139E-06;-2.172941E-05;-0.01793217;-0.01209109;0.0000553
6184.81302261353;80.0000000;79.9999447;6.16139E-06;-7.527922E-06;-0.01860679;-0.01978083;0.0000553
6185.875415802;80.0000000;80.0000042;0;3.008431E-05;-0.02132078;-0.03341069;-0.0000042
6186.93780899048;80.0000000;80.0000042;0;1.042239E-05;-0.02031487;-0.02084319;-0.0000042
6188.00020217896;80.0000000;80.0000638;-7.108439E-06;4.592105E-05;-0.02301429;-0.03436556;-0.0000638
6189.06307220459;80.0000000;80.0000043;0;-2.12367E-05;-0.01874919;-0.01611733;-0.0000043
6190.12546539307;80.0000000;79.9999447;6.16139E-06;-3.440924E-05;-0.0172271;0.01197845;0.0000553
6191.18785858154;80.0000000;80.0000042;0;4.096818E-05;-0.0218443;-0.03634046;-0.0000042
6192.25025177002;80.0000000;80.0000042;0;1.596712E-05;-0.02056525;-0.02766172;-0.0000042
6193.3126449585;80.0000000;80.0000042;0;5.531638E-06;-0.02003137;-0.02263723;-0.0000042
6194.37551498413;80.0000000;80.0000042;0;2.155925E-06;-0.01985867;-0.01707427;-0.0000042
6195.43790817261;80.0000000;80.0000042;0;7.468973E-07;-0.01978659;-0.01787931;-0.0000042
6196.50030136108;80.0000000;79.9999447;6.16139E-06;-2.289869E-05;-0.01772367;-0.01344385;0.0000553
6197.56269454956;80.0000000;80.0000042;0;4.495588E-05;-0.02195601;-0.01853658;-0.0000042
6198.6255645752;80.0000000;80.0000042;0;3.612027E-05;-0.02147514;-0.00271068;-0.0000042
6199.68795776367;80.0000000;80.0000638;-7.108439E-06;6.549127E-05;-0.02384776;-0.006227432;-0.0000638
6200.75035095215;80.0000000;80.0000638;-7.108439E-06;2.552485E-05;-0.02185633;-0.04935025;-0.0000638
6201.81274414063;80.0000000;80.0000638;-7.108439E-06;8.842814E-06;-0.02106277;-0.004248423;-0.0000638
6202.8751373291;80.0000000;79.9999447;6.16139E-06;-7.272113E-05;-0.0152138;-0.001833291;0.0000553
6203.93800735474;80.0000000;79.9999447;6.16139E-06;-2.519347E-05;-0.01759339;-0.01242075;0.0000553
6205.00040054321;80.0000000;79.9999447;6.16139E-06;-9.81901E-06;-0.0183338;-0.02538614;0.0000553
6206.06279373169;80.0000000;80.0000042;0;3.374387E-05;-0.02134068;-0.00985373;-0.0000042
6207.12518692017;80.0000000;80.0000042;0;1.315148E-05;-0.02028718;-0.05645507;-0.0000042
6208.1880569458;80.0000000;80.0000638;-7.108439E-06;2.520398E-05;-0.02182703;-0.003626297;-0.0000638
6209.25045013428;80.0000000;80.0000638;-7.108439E-06;9.823109E-06;-0.0210934;-0.004836435;-0.0000638
6210.31284332275;80.0000000;80.0000043;0;-4.360923E-05;-0.01754379;-0.01413729;-0.0000043
6211.37523651123;80.0000000;80.0000043;0;-1.699645E-05;-0.0189053;-0.03216952;-0.0000043
6212.43762969971;80.0000000;80.0000043;0;-5.88824E-06;-0.0194736;-0.03121568;-0.0000043
6213.50049972534;80.0000000;80.0000043;0;-2.294908E-06;-0.01965743;-0.01637465;-0.0000043
6214.56289291382;80.0000000;80.0000043;0;-7.950468E-07;-0.01973417;-0.02700137;-0.0000043
6215.62528610229;80.0000000;80.0000043;0;-3.09865E-07;-0.01975899;-0.01253338;-0.0000043
6216.68767929077;80.0000000;80.0000043;0;-1.073494E-07;-0.01976935;-0.005272555;-0.0000043
6217.75054931641;80.0000000;80.0000043;0;-4.183883E-08;-0.0197727;-0.03916582;-0.0000043
6218.81294250488;80.0000000;80.0000043;0;-1.449462E-08;-0.0197741;-0.02150355;-0.0000043
6219.87533569336;80.0000000;80.0000043;0;-5.649197E-09;-0.01977455;-0.01590236;-0.0000043
6220.93772888184;80.0000000;80.0000043;0;-1.957104E-09;-0.01977474;-0.01395952;-0.0000043
6222.00012207031;80.0000000;80.0000043;0;-7.627703E-10;-0.0197748;-0.02351976;-0.0000043
6223.06299209595;80.0000000;80.0000043;0;-2.642537E-10;-0.01977483;-0.0295281;-0.0000043
6224.12538528442;80.0000000;80.0000043;0;-1.029914E-10;-0.01977484;-0.01524098;-0.0000043
6225.1877784729;80.0000000;80.0000043;0;-3.568027E-11;-0.01977485;-0.008605361;-0.0000043
6226.25017166138;80.0000000;80.0000043;0;-1.390619E-11;-0.01977485;-0.04143319;-0.0000043
6227.31304168701;80.0000000;80.0000043;0;-4.817651E-12;-0.01977485;-0.02143018;-0.0000043
6228.37543487549;80.0000000;80.0000043;0;-1.877652E-12;-0.01977485;-0.01040454;-0.0000043
6229.43782806396;80.0000000;80.0000043;0;-6.504929E-13;-0.01977485;-0.0167746;-0.0000043
6230.50022125244;80.0000000;80.0000043;0;-2.535259E-13;-0.01977485;-0.0181356;-0.0000043
6231.56261444092;80.0000000;80.0000043;0;-8.783138E-14;-0.01977485;-0.007582258;-0.0000043
6232.62548446655;80.0000000;80.0000043;0;-3.423179E-14;-0.01977485;-0.01461782;-0.0000043
6233.68787765503;80.0000000;80.0000043;0;-1.185924E-14;-0.01977485;-0.03432734;-0.0000043
6234.75027084351;80.0000000;80.0000638;-7.108439E-06;3.714556E-05;-0.02256444;-0.04304636;-0.0000638
6235.81266403198;80.0000000;80.0000043;0;-1.648089E-05;-0.01897828;-0.01337151;-0.0000043
6236.87553405762;80.0000000;79.9999447;6.16139E-06;-3.582224E-05;-0.01714636;-0.00820747;0.0000553
6237.93792724609;80.0000000;80.0000042;0;2.937852E-05;-0.02125446;0.00820747;-0.0000042
6239.00032043457;80.0000000;80.0000042;0;1.145011E-05;-0.02033725;-0.03865222;-0.0000042
6240.06271362305;80.0000000;80.0000638;-7.108439E-06;3.704054E-05;-0.02254307;-0.02370165;-0.0000638
6241.12510681152;80.0000000;80.0000638;-7.108439E-06;1.443634E-05;-0.02143989;-0.02948884;-0.0000638
6242.18797683716;80.0000000;79.9998851;1.280188E-05;-9.72986E-05;-0.01317729;-0.01597059;0.0001149
6243.25037002563;80.0000000;79.9998851;1.280188E-05;-3.792158E-05;-0.01611913;-0.009016627;0.0001149
6244.31276321411;80.0000000;79.9999446;6.172531E-06;2.865122E-05;-0.02027023;-0.007840605;0.0000554
6245.37515640259;80.0000000;80.0000638;-7.108439E-06;8.737319E-05;-0.02495291;-0.03399973;-0.0000638
6246.43802642822;80.0000000;80.0000638;-7.108439E-06;3.026952E-05;-0.02209138;-0.003807158;-0.0000638
6247.5004196167;80.0000000;80.0000638;-7.108439E-06;1.179737E-05;-0.0211996;-0.03780895;-0.0000638
6248.56281280518;80.0000000;79.9999447;6.16139E-06;-5.217649E-05;-0.01623411;-0.01351723;0.0000553
6249.62520599365;80.0000000;79.9999447;6.16139E-06;-2.033549E-05;-0.01781694;-0.009819616;0.0000553
6250.68807601929;80.0000000;79.9999447;6.16139E-06;-7.045016E-06;-0.01844496;-0.02347947;0.0000553
6251.75046920776;80.0000000;80.0000042;0;3.439981E-05;-0.02134925;-0.002750968;-0.0000042
6252.81286239624;80.0000000;80.0000042;0;1.191745E-05;-0.02019905;0.009781385;-0.0000042
6253.87525558472;80.0000000;80.0000042;0;4.644759E-06;-0.01982698;-0.009892988;-0.0000042
6254.93764877319;80.0000000;79.9999447;6.16139E-06;-3.732399E-05;-0.01684396;-0.006996303;0.0000553
6256.00051879883;80.0000000;80.0000042;0;3.467338E-05;-0.02129979;0.01315139;-0.0000042
6257.0629119873;80.0000000;79.9999447;6.16139E-06;-2.187227E-05;-0.01757102;-0.01282379;0.0000553
6258.12530517578;80.0000000;80.0000042;0;3.848776E-05;-0.02143147;-0.02787773;-0.0000042
6259.18769836426;80.0000000;80.0000042;0;1.333368E-05;-0.02014459;-0.02842751;-0.0000042
6260.25056838989;80.0000000;80.0000042;0;5.196724E-06;-0.0197283;-0.03007891;-0.0000042
6261.31296157837;80.0000000;80.0000042;0;1.80035E-06;-0.01955454;-0.02128446;-0.0000042
6262.37535476685;80.0000000;80.0000042;0;7.016763E-07;-0.01949833;-0.002967999;-0.0000042
6263.43774795532;80.0000000;80.0000042;0;5.718455E-06;-0.01974345;-0.005859538;-0.0000042
6264.5001411438;80.0000000;80.0000042;0;5.489801E-06;-0.01972599;-0.001722718;-0.0000042
6265.56301116943;80.0000000;80.0000042;0;1.916181E-05;-0.02040237;-0.01432124;-0.0000042
6266.62540435791;80.0000000;80.0000042;0;7.468206E-06;-0.01980413;-0.02583049;-0.0000042
6267.68779754639;80.0000000;80.0000042;0;2.24579E-05;-0.02054792;-0.002601135;-0.0000042
6268.75019073486;80.0000000;80.0000042;0;2.503348E-05;-0.02065661;-0.02685874;-0.0000042
6269.8130607605;80.0000000;80.0000042;0;8.672582E-06;-0.01981959;-0.02410366;-0.0000042
6270.87545394897;80.0000000;80.0000042;0;3.38009E-06;-0.01954882;-0.03158049;-0.0000042
6271.93784713745;80.0000000;80.0000042;0;1.170996E-06;-0.0194358;-0.03854164;-0.0000042
6273.00024032593;80.0000000;80.0000042;0;4.563891E-07;-0.01939924;-0.0152792;-0.0000042
6274.0626335144;80.0000000;79.9999447;6.16139E-06;-3.698745E-05;-0.01665349;-0.02231065;0.0000553
6275.12550354004;80.0000000;80.0000042;0;3.25967E-05;-0.02098585;-0.01894167;-0.0000042
6276.18789672852;80.0000000;79.9999447;6.16139E-06;-2.585278E-05;-0.01716545;-0.003589096;0.0000553
6277.25028991699;80.0000000;80.0000042;0;1.311381E-05;-0.01996603;-0.01399569;-0.0000042
6278.31268310547;80.0000000;80.0000042;0;4.543142E-06;-0.01952756;-0.02366548;-0.0000042
6279.3755531311;80.0000000;80.0000042;0;1.770664E-06;-0.01938572;-0.00622949;-0.0000042
6280.43794631958;80.0000000;80.0000042;0;6.134277E-07;-0.01932651;-0.03117642;-0.0000042
6281.50033950806;80.0000000;80.0000042;0;2.3908E-07;-0.01930736;-0.03491535;-0.0000042
6282.56273269653;80.0000000;80.0000042;0;8.282673E-08;-0.01929936;-0.02824253;-0.0000042
6283.62512588501;80.0000000;80.0000638;-7.108439E-06;3.724026E-05;-0.02209031;-0.005533991;-0.0000638
6284.68799591064;80.0000000;80.0000043;0;-7.711652E-06;-0.01892797;-0.006777214;-0.0000043
6285.75038909912;80.0000000;80.0000043;0;-3.005573E-06;-0.01916873;-0.008242614;-0.0000043
6286.8127822876;80.0000000;80.0000042;0;4.112116E-06;-0.01952635;-0.01820589;-0.0000042
6287.87517547607;80.0000000;80.0000042;0;1.037315E-05;-0.01983513;-0.03531838;-0.0000042
6288.93804550171;80.0000000;80.0000042;0;3.59367E-06;-0.0194883;0.005200213;-0.0000042
6290.00043869019;80.0000000;80.0000042;0;1.400613E-06;-0.0193761;-0.01652243;-0.0000042
6291.06283187866;80.0000000;80.0000042;0;4.852274E-07;-0.01932927;-0.01088198;-0.0000042
6292.12522506714;80.0000000;80.0000042;0;1.891146E-07;-0.01931412;-0.02125034;-0.0000042
6293.18761825562;80.0000000;80.0000042;0;6.551676E-08;-0.0193078;-0.01480177;-0.0000042
6294.25048828125;80.0000000;79.9999447;6.16139E-06;-2.606298E-05;-0.01712363;-0.01374043;0.0000553
6295.31288146973;80.0000000;80.0000042;0;2.811632E-05;-0.02067365;-0.03308102;-0.0000042
6296.3752746582;80.0000000;80.0000042;0;1.095817E-05;-0.01979584;-0.02931004;-0.0000042
6297.43766784668;80.0000000;80.0000042;0;3.796343E-06;-0.01942943;-0.009745213;-0.0000042
6298.50053787231;80.0000000;80.0000042;0;1.479603E-06;-0.01931091;0.001722718;-0.0000042
6299.56293106079;80.0000000;80.0000042;0;5.12593E-07;-0.01926144;-0.0205869;-0.0000042
6300.62532424927;80.0000000;80.0000042;0;1.997802E-07;-0.01924543;-0.005789253;-0.0000042
6301.68771743774;80.0000000;80.0000042;0;6.921174E-08;-0.01923876;-0.01051203;-0.0000042
6302.75011062622;80.0000000;80.0000042;0;2.697488E-08;-0.01923659;-0.002786111;-0.0000042
6303.81298065186;80.0000000;80.0000042;0;9.345162E-09;-0.01923569;-0.01216137;-0.0000042
6304.87537384033;80.0000000;80.0000042;0;3.642224E-09;-0.0192354;-0.01787828;-0.0000042
6305.93776702881;80.0000000;80.0000042;0;1.26181E-09;-0.01923528;-0.01208697;-0.0000042
6307.00016021729;80.0000000;80.0000042;0;4.917834E-10;-0.01923524;-0.02773098;-0.0000042
6308.06303024292;80.0000000;80.0000042;0;3.261236E-06;-0.01939629;-0.01432433;-0.0000042
6309.1254234314;80.0000000;80.0000042;0;1.522682E-05;-0.01998537;-0.02633895;-0.0000042
6310.18781661987;80.0000000;80.0000042;0;5.27517E-06;-0.01947625;-0.01802297;-0.0000042
6311.25020980835;80.0000000;80.0000042;0;2.055968E-06;-0.01931155;-0.008428616;-0.0000042
6312.31307983398;80.0000000;80.0000042;0;7.122682E-07;-0.01924281;-0.01267293;-0.0000042
6313.37547302246;80.0000000;80.0000042;0;2.776025E-07;-0.01922057;-0.04297093;-0.0000042
6314.43786621094;80.0000000;80.0000042;0;9.617244E-08;-0.01921129;-0.01329814;-0.0000042
6315.50025939941;80.0000000;80.0000042;0;3.748266E-08;-0.0192083;-0.02791493;-0.0000042
6316.56265258789;80.0000000;80.0000042;0;1.298547E-08;-0.01920704;-0.01703604;-0.0000042
6317.62552261353;80.0000000;80.0000638;-7.108439E-06;3.721305E-05;-0.02200017;-0.02857426;-0.0000638
6318.687915802;80.0000000;80.0000043;0;-2.889669E-05;-0.01779533;-0.02740338;-0.0000043
6319.75030899048;80.0000000;79.9999447;6.16139E-06;-5.835368E-05;-0.01546897;-0.01297259;0.0000553
6320.81270217896;80.0000000;79.9999447;6.16139E-06;-2.89865E-05;-0.01693101;-0.03088807;0.0000553
6321.87557220459;80.0000000;79.9999447;6.16139E-06;-1.129732E-05;-0.01778984;-0.02561037;0.0000553
6322.93796539307;80.0000000;80.0000042;0;4.309851E-05;-0.02133939;-0.0261581;-0.0000042
6324.00035858154;80.0000000;80.0000042;0;2.295719E-05;-0.02029743;-0.04385449;-0.0000042
6325.06275177002;80.0000000;80.0000042;0;7.953274E-06;-0.01952983;-0.006520923;-0.0000042
6326.1251449585;80.0000000;80.0000042;0;3.099743E-06;-0.01928152;-0.03201969;-0.0000042
6327.18801498413;80.0000000;80.0000042;0;1.073873E-06;-0.01917787;-0.02040399;-0.0000042
6328.25040817261;80.0000000;80.0000042;0;4.185361E-07;-0.01914434;-0.01666814;-0.0000042
6329.31280136108;80.0000000;80.0000042;0;1.449974E-07;-0.01913035;-0.008828567;-0.0000042
6330.37519454956;80.0000000;80.0000042;0;5.651192E-08;-0.01912582;-0.01622894;-0.0000042
6331.4380645752;80.0000000;80.0000042;0;1.957796E-08;-0.01912394;-0.01329917;-0.0000042
6332.50045776367;80.0000000;80.0000042;0;7.630399E-09;-0.01912333;-0.0293049;-0.0000042
6333.56285095215;80.0000000;80.0000042;0;2.643471E-09;-0.01912307;-0.00787472;-0.0000042
6334.62524414063;80.0000000;80.0000042;0;1.030278E-09;-0.01912299;-0.000440237;-0.0000042
6335.6876373291;80.0000000;80.0000042;0;3.569288E-10;-0.01912295;-0.006702812;-0.0000042
6336.75050735474;80.0000000;80.0000042;0;1.39111E-10;-0.01912294;-0.03286194;-0.0000042
6337.81290054321;80.0000000;80.0000042;0;4.819353E-11;-0.01912293;-0.03033315;-0.0000042
6338.87529373169;80.0000000;80.0000042;0;5.223611E-06;-0.0193844;-0.01549521;-0.0000042
6339.93768692017;80.0000000;80.0000042;0;1.809664E-06;-0.01920975;-0.02051765;-0.0000042
6341.0005569458;80.0000000;80.0000042;0;7.053065E-07;-0.01915325;-0.0295653;-0.0000042
6342.06295013428;80.0000000;80.0000042;0;2.44346E-07;-0.01912967;-0.01132119;-0.0000042
6343.12534332275;80.0000000;80.0000042;0;9.523245E-08;-0.01912204;-0.02154178;-0.0000042
6344.18773651123;80.0000000;79.9999447;6.16139E-06;-4.697936E-05;-0.01589511;-0.00933909;0.0000553
6345.25012969971;80.0000000;79.9999447;6.16139E-06;-1.830994E-05;-0.01731569;-0.00718025;0.0000553
6346.31299972534;80.0000000;80.0000042;0;3.544547E-05;-0.02083825;0.002307644;-0.0000042
6347.37539291382;80.0000000;80.0000042;0;1.381467E-05;-0.01973162;-0.03633943;-0.0000042
6348.43778610229;80.0000000;80.0000638;-7.108439E-06;5.776373E-05;-0.02285005;-0.01567812;-0.0000638
6349.50017929077;80.0000000;80.0000638;-7.108439E-06;2.251309E-05;-0.02109988;-0.008352159;-0.0000638
6350.56304931641;80.0000000;80.0000043;0;-2.934614E-05;-0.01761744;-0.0151304;-0.0000043
6351.62544250488;80.0000000;80.0000043;0;-1.143749E-05;-0.01853365;-0.0114297;-0.0000043
6352.68783569336;80.0000000;80.0000043;0;-3.962397E-06;-0.01891608;-0.03835564;-0.0000043
6353.75022888184;80.0000000;80.0000043;0;-1.544322E-06;-0.01903978;-0.01359369;-0.0000043
6354.81262207031;80.0000000;80.0000043;0;-5.35014E-07;-0.01909142;-0.01113724;-0.0000043
6355.87549209595;80.0000000;80.0000043;0;-2.085187E-07;-0.01910812;-0.04553795;-0.0000043
6356.93788528442;80.0000000;80.0000043;0;-7.223908E-08;-0.0191151;-0.02322627;-0.0000043
6358.0002784729;80.0000000;79.9999447;6.16139E-06;-4.711952E-05;-0.01588882;-0.02300924;0.0000553
6359.06267166138;80.0000000;80.0000042;0;1.828316E-05;-0.02002457;-0.01527715;-0.0000042
6360.12554168701;80.0000000;80.0000042;0;1.956493E-05;-0.02007283;-0.01032808;-0.0000042
6361.18793487549;80.0000000;80.0000042;0;6.778064E-06;-0.01941866;0.00476409;-0.0000042
6362.25032806396;80.0000000;80.0000042;0;2.641712E-06;-0.01920704;-0.02330067;-0.0000042
6363.31272125244;80.0000000;80.0000638;-7.108439E-06;3.03141E-05;-0.02152604;-0.003406179;-0.0000638
6364.37511444092;80.0000000;80.0000638;-7.108439E-06;1.181475E-05;-0.02063286;-0.01351723;-0.0000638
6365.43798446655;80.0000000;80.0000042;0;-2.78991E-05;-0.01776526;-0.0189055;-0.0000042
6366.50037765503;80.0000000;79.9999447;6.16139E-06;-4.02231E-05;-0.0162931;-0.002745823;0.0000553
6367.56277084351;80.0000000;79.9999447;6.16139E-06;-1.393487E-05;-0.01758609;-0.007948093;0.0000553
6368.62516403198;80.0000000;80.0000042;0;2.391854E-05;-0.02031818;-0.04576115;-0.0000042
6369.68803405762;80.0000000;80.0000042;0;8.286324E-06;-0.01951844;-0.01850246;-0.0000042
6370.75042724609;80.0000000;80.0000638;-7.108439E-06;3.630331E-05;-0.02184841;-0.02439818;-0.0000638
6371.81282043457;80.0000000;80.0000638;-7.108439E-06;1.25769E-05;-0.02069447;-0.004396198;-0.0000638
6372.87521362305;80.0000000;80.0000043;0;-4.211057E-05;-0.017074;-0.03158049;-0.0000043
6373.93808364868;80.0000000;80.0000042;0;-9.466239E-07;-0.01916189;-0.01549727;-0.0000042
6375.00047683716;80.0000000;80.0000042;0;9.459543E-06;-0.01967696;-0.0137022;-0.0000042
6376.06287002563;80.0000000;80.0000638;-7.108439E-06;5.625494E-05;-0.02294101;-0.007802376;-0.0000638
6377.12526321411;80.0000000;80.0000638;-7.108439E-06;2.192504E-05;-0.02123794;-0.01769639;-0.0000638
6378.18765640259;80.0000000;80.0000043;0;-2.542258E-05;-0.01797966;-0.01007179;-0.0000043
6379.25052642822;80.0000000;79.9999447;6.16139E-06;-3.604067E-05;-0.01658826;-0.04029848;0.0000553
6380.3129196167;80.0000000;79.9999447;6.16139E-06;-1.248591E-05;-0.0177414;-0.01447005;0.0000553
6381.37531280518;80.0000000;80.0000042;0;4.802258E-05;-0.02160367;-0.0006613845;-0.0000042
6382.43770599365;80.0000000;80.0000638;-7.108439E-06;5.384489E-05;-0.02279151;-0.03740591;-0.0000638
6383.50057601929;80.0000000;80.0000638;-7.108439E-06;2.098574E-05;-0.02116368;-0.01263984;-0.0000638
6384.56296920776;80.0000000;80.0000638;-7.108439E-06;7.270289E-06;-0.02052191;-0.01776771;-0.0000638
6385.62536239624;80.0000000;79.9999447;6.16139E-06;-7.034632E-05;-0.01487576;0.003810244;0.0000553
6386.68775558472;80.0000000;79.9998851;1.280188E-05;-6.157873E-05;-0.01441162;-0.01362574;0.0001149
6387.75014877319;80.0000000;79.9998851;1.280188E-05;-2.399996E-05;-0.01623825;-0.01014619;0.0001149
6388.81301879883;80.0000000;80.0000042;0;5.084775E-05;-0.02167488;-0.04572292;-0.0000042
6389.8754119873;80.0000000;80.0000042;0;1.981762E-05;-0.02008737;-0.02187144;-0.0000042
6390.93780517578;80.0000000;80.0000638;-7.108439E-06;3.009437E-05;-0.02152972;-0.01047585;-0.0000638
6392.00019836426;80.0000000;80.0000638;-7.108439E-06;1.172911E-05;-0.0206434;-0.03707522;-0.0000638
6393.06306838989;80.0000000;80.0000043;0;-4.294892E-05;-0.01703007;-0.0331544;-0.0000043
6394.12546157837;80.0000000;79.9998851;1.280188E-05;-9.294564E-05;-0.01277616;-0.009234689;0.0001149
6395.18785476685;80.0000000;79.9998851;1.280188E-05;-3.220003E-05;-0.01577603;-0.0263741;0.0001149
6396.25024795532;80.0000000;80.0000042;0;5.249899E-05;-0.02172328;-0.009416579;-0.0000042
6397.3126411438;80.0000000;80.0000638;-7.108439E-06;6.004671E-05;-0.02299273;-0.02604546;-0.0000638
6398.37551116943;80.0000000;80.0000638;-7.108439E-06;2.340286E-05;-0.02117128;-0.04704055;-0.0000638
6399.43790435791;80.0000000;80.0000043;0;-3.368108E-05;-0.01742821;-0.007730032;-0.0000043
6400.50029754639;80.0000000;80.0000042;0;-7.973647E-06;-0.01873688;-0.03213027;-0.0000042
6401.56269073486;80.0000000;79.9999447;6.16139E-06;-2.88509E-05;-0.01682137;-0.01311316;0.0000553
6402.6255607605;80.0000000;79.9999447;6.16139E-06;-1.124447E-05;-0.01767596;-0.02088245;0.0000553
6403.68795394897;80.0000000;80.0000042;0;1.671761E-05;-0.01991355;-0.006663553;-0.0000042
6404.75034713745;80.0000000;80.0000638;-7.108439E-06;5.360695E-05;-0.02267746;-0.03832358;-0.0000638
6405.81274032593;80.0000000;80.0000043;0;-2.321719E-05;-0.01792448;-0.02567757;-0.0000043
6406.8751335144;80.0000000;80.0000043;0;-9.048768E-06;-0.01864934;-0.01733159;-0.0000043
6407.93800354004;80.0000000;80.0000043;0;-3.13485E-06;-0.01895189;-0.01593544;-0.0000043
6409.00039672852;80.0000000;80.0000043;0;-1.22179E-06;-0.01904977;-0.01545904;-0.0000043
6410.06278991699;80.0000000;80.0000638;-7.108439E-06;3.2595E-05;-0.02167571;-0.02619015;-0.0000638
6411.12518310547;80.0000000;80.0000638;-7.108439E-06;1.270372E-05;-0.02071131;-0.002308672;-0.0000638
6412.1880531311;80.0000000;80.0000638;-7.108439E-06;4.401069E-06;-0.02034645;-0.0179124;-0.0000638
6413.25044631958;80.0000000;80.0000043;0;-2.14745E-05;-0.01816006;-0.01553344;-0.0000043
6414.31283950806;80.0000000;79.9999447;6.16139E-06;-6.041739E-05;-0.01535418;-0.01443284;0.0000553
6415.37523269653;80.0000000;79.9999447;6.16139E-06;-2.767462E-05;-0.01698891;-0.0334148;0.0000553
6416.43762588501;80.0000000;80.0000638;-7.108439E-06;6.657999E-05;-0.02348226;-0.006006286;-0.0000638
6417.50049591064;80.0000000;80.0000043;0;-1.583958E-05;-0.01843636;-0.03649132;-0.0000043
6418.56288909912;80.0000000;80.0000638;-7.108439E-06;2.060106E-05;-0.02120985;-0.03066178;-0.0000638
6419.6252822876;80.0000000;80.0000043;0;-4.485974E-05;-0.01704487;-0.002086497;-0.0000043
6420.68767547607;80.0000000;80.0000043;0;-1.554118E-05;-0.01854481;-0.00172066;-0.0000043
6421.75054550171;80.0000000;80.0000043;0;-6.057087E-06;-0.01903001;-0.02216596;-0.0000043
6422.81293869019;80.0000000;80.0000043;0;-2.098414E-06;-0.01923254;-0.005932912;-0.0000043
6423.87533187866;80.0000000;80.0000043;0;-8.178449E-07;-0.01929805;-0.02960148;-0.0000043
6424.93772506714;80.0000000;80.0000043;0;-2.833337E-07;-0.0193254;-0.02245431;-0.0000043
6426.00011825562;80.0000000;80.0000043;0;-1.104277E-07;-0.01933424;-0.01718175;-0.0000043
6427.06298828125;80.0000000;80.0000043;0;-3.825651E-08;-0.01933794;-0.0294537;-0.0000043
6428.12538146973;80.0000000;80.0000043;0;-1.491026E-08;-0.01933913;0.002159869;-0.0000043
6429.1877746582;80.0000000;80.0000043;0;-5.165502E-09;-0.01933963;-0.04410666;-0.0000043
6430.25016784668;80.0000000;80.0000043;0;-2.013225E-09;-0.01933979;-0.009342177;-0.0000043
6431.31303787231;80.0000000;80.0000043;0;-6.974605E-10;-0.01933986;-0.02630175;-0.0000043
6432.37543106079;80.0000000;80.0000043;0;-2.718313E-10;-0.01933989;-0.01296847;-0.0000043
6433.43782424927;80.0000000;79.9999447;6.16139E-06;-4.709145E-05;-0.01611137;-0.01311522;0.0000553
6434.50021743774;80.0000000;80.0000042;0;1.176592E-05;-0.01991802;-0.007328025;-0.0000042
6435.56308746338;80.0000000;80.0000042;0;4.07618E-06;-0.01952461;-0.0197426;-0.0000042
6436.62548065186;80.0000000;80.0000042;0;1.588668E-06;-0.01939735;-0.004067563;-0.0000042
6437.68787384033;80.0000000;80.0000042;0;5.503773E-07;-0.01934423;-0.002085468;-0.0000042
6438.75026702881;80.0000000;80.0000042;0;2.145064E-07;-0.01932705;-0.02535305;-0.0000042
6439.81266021729;80.0000000;80.0000042;0;7.431348E-08;-0.01931988;-0.03044372;-0.0000042
6440.87553024292;80.0000000;80.0000042;0;2.896326E-08;-0.01931756;-0.01425096;-0.0000042
6441.9379234314;80.0000000;80.0000042;0;1.003401E-08;-0.01931659;-0.01087992;-0.0000042
6443.00031661987;80.0000000;80.0000638;-7.108439E-06;2.613627E-05;-0.02156314;-0.01736673;-0.0000638
6444.06270980835;80.0000000;80.0000638;-7.108439E-06;9.054635E-06;-0.02074915;-0.03846827;-0.0000638
6445.12557983398;80.0000000;79.9999447;6.16139E-06;-6.055233E-05;-0.01549459;-0.03070309;0.0000553
6446.18797302246;80.0000000;79.9998851;1.280188E-05;-7.395549E-05;-0.01391484;-0.0165214;0.0001149
6447.25036621094;80.0000000;79.9999446;6.172531E-06;2.406516E-05;-0.01967438;-0.00128351;0.0000554
6448.31275939941;80.0000000;80.0000042;0;4.55451E-05;-0.02155286;-0.03403487;-0.0000042
6449.37515258789;80.0000000;80.0000042;0;1.775094E-05;-0.02013091;-0.02938239;-0.0000042
6450.43802261353;80.0000000;80.0000638;-7.108439E-06;3.554853E-05;-0.02194471;-0.02626764;-0.0000638
6451.500415802;80.0000000;80.0000043;0;-2.329072E-05;-0.01809853;-0.00886371;-0.0000043
6452.56280899048;80.0000000;79.9999447;6.16139E-06;-3.420118E-05;-0.01669217;0.0002211474;0.0000553
6453.62520217896;80.0000000;80.0000042;0;2.845904E-05;-0.02067607;-0.0006624127;-0.0000042
6454.68807220459;80.0000000;80.0000042;0;9.859334E-06;-0.01972451;-0.02073365;-0.0000042
6455.75046539307;80.0000000;80.0000042;0;3.842619E-06;-0.01941669;-0.007988381;-0.0000042
6456.81285858154;80.0000000;80.0000042;0;1.331235E-06;-0.0192882;-0.03802495;-0.0000042
6457.87525177002;80.0000000;80.0000042;0;5.188411E-07;-0.01924665;-0.0255742;-0.0000042
6458.9376449585;80.0000000;79.9999447;6.16139E-06;-4.160901E-05;-0.01626702;-0.009813439;0.0000553
6460.00051498413;80.0000000;79.9999447;6.16139E-06;-1.621688E-05;-0.01751993;0.008094839;0.0000553
6461.06290817261;80.0000000;79.9999447;6.16139E-06;-5.618165E-06;-0.01801024;-0.04267846;0.0000553
6462.12530136108;80.0000000;79.9999447;6.16139E-06;-2.189648E-06;-0.01813949;-0.03121259;0.0000553
6463.18769454956;80.0000000;79.9999447;6.16139E-06;-1.610074E-05;-0.01739895;-0.04429473;0.0000553
6464.2505645752;80.0000000;79.9999447;6.16139E-06;-1.215172E-05;-0.0175606;-0.009597438;0.0000553
6465.31295776367;80.0000000;80.0000042;0;1.897996E-05;-0.01995458;-0.01300362;-0.0000042
6466.37535095215;80.0000000;80.0000042;0;7.39733E-06;-0.01936201;-0.04121409;-0.0000042
6467.43774414063;80.0000000;80.0000042;0;2.562727E-06;-0.01911467;-0.0111693;-0.0000042
6468.5001373291;80.0000000;79.9999447;6.16139E-06;-4.078995E-05;-0.0160724;-0.0407046;0.0000553
6469.56300735474;80.0000000;79.9999447;6.16139E-06;-2.192723E-05;-0.01699703;-0.01223475;0.0000553
6470.62540054321;80.0000000;80.0000042;0;3.324274E-05;-0.02059773;-0.02069748;-0.0000042
6471.68779373169;80.0000000;80.0000638;-7.108439E-06;4.09155E-05;-0.02189355;-0.0286838;-0.0000638
6472.75018692017;80.0000000;80.0001234;-1.374892E-05;4.534549E-05;-0.02304664;-0.02458007;-0.0001234
6473.8130569458;80.0000000;80.0000639;-7.119581E-06;-3.717942E-05;-0.01809982;-0.005860568;-0.0000639
6474.87545013428;80.0000000;80.0000639;-7.119581E-06;-1.449047E-05;-0.01931392;-0.01685518;-0.0000639
6475.93784332275;80.0000000;79.9999447;6.16139E-06;-6.287584E-05;-0.01514365;-0.009084857;0.0000553
6477.00023651123;80.0000000;80.0000042;0;4.844076E-06;-0.01940371;-0.01165085;-0.0000042
6478.06262969971;80.0000000;80.0000638;-7.108439E-06;5.465595E-05;-0.02282209;-0.0150932;-0.0000638
6479.12549972534;80.0000000;80.0000638;-7.108439E-06;2.130185E-05;-0.02116893;-0.00955818;-0.0000638
6480.18789291382;80.0000000;80.0000638;-7.108439E-06;7.379799E-06;-0.02051658;-0.03187397;-0.0000638
6481.25028610229;80.0000000;80.0000043;0;-2.321228E-05;-0.01809555;-0.007730032;-0.0000043
6482.31267929077;80.0000000;80.0000043;0;-8.041647E-06;-0.01887168;-0.03659881;-0.0000043
6483.37554931641;80.0000000;80.0000638;-7.108439E-06;3.401137E-05;-0.02191233;-0.03011508;-0.0000638
6484.43794250488;80.0000000;80.0000638;-7.108439E-06;1.178288E-05;-0.02083502;-0.03146991;-0.0000638
6485.50033569336;80.0000000;80.0000638;-7.108439E-06;4.59231E-06;-0.0205204;-0.006156117;-0.0000638
6486.56272888184;80.0000000;80.0000043;0;-4.01978E-05;-0.01740628;-0.02044016;-0.0000043
6487.62512207031;80.0000000;80.0000043;0;-1.566686E-05;-0.01866128;-0.02073777;-0.0000043
6488.68799209595;80.0000000;80.0000043;0;-5.427619E-06;-0.01918512;-0.01252927;-0.0000043
6489.75038528442;80.0000000;80.0000638;-7.108439E-06;3.503017E-05;-0.02214416;-0.02931107;-0.0000638
6490.8127784729;80.0000000;80.0000638;-7.108439E-06;1.213583E-05;-0.02103279;-0.005787195;-0.0000638
6491.87517166138;80.0000000;79.9999447;6.16139E-06;-6.555128E-05;-0.01537638;-0.008574334;0.0000553
6492.93804168701;80.0000000;79.9999447;6.16139E-06;-2.270955E-05;-0.01751624;-0.03564702;0.0000553
6494.00043487549;80.0000000;80.0000042;0;3.816143E-05;-0.02140283;-0.01967231;-0.0000042
6495.06282806396;80.0000000;80.0000042;0;1.322062E-05;-0.02012686;-0.03608211;-0.0000042
6496.12522125244;80.0000000;80.0000638;-7.108439E-06;5.224402E-05;-0.02299996;-0.01568327;-0.0000638
6497.18809127808;80.0000000;80.0000043;0;-1.904617E-05;-0.01852344;-0.01516555;-0.0000043
6498.25048446655;80.0000000;80.0000043;0;-7.423138E-06;-0.01911807;-0.01330225;-0.0000043
6499.31287765503;80.0000000;80.0000043;0;-2.571667E-06;-0.01936627;-0.01784005;-0.0000043
6500.37527084351;80.0000000;79.9999447;6.16139E-06;-2.713465E-05;-0.01726145;-0.03139448;0.0000553
6501.43766403198;80.0000000;79.9999447;6.16139E-06;-9.400512E-06;-0.0181168;-0.01706809;0.0000553
6502.50053405762;80.0000000;80.0000042;0;2.242472E-05;-0.02054626;0.002745823;-0.0000042
6503.56292724609;80.0000000;80.0000042;0;7.768806E-06;-0.01979647;-0.01600676;-0.0000042
6504.62532043457;80.0000000;80.0000042;0;3.027848E-06;-0.01955392;-0.01611836;-0.0000042
6505.68771362305;80.0000000;80.0000042;0;1.048966E-06;-0.01945268;-0.005897769;-0.0000042
6506.75058364868;80.0000000;80.0000042;0;4.088285E-07;-0.01941993;-0.04238806;-0.0000042
6507.81297683716;80.0000000;79.9999447;6.16139E-06;-3.287664E-05;-0.01688115;0.002235299;0.0000553
6508.87537002563;80.0000000;80.0000042;0;1.327503E-05;-0.02004355;-0.02465549;-0.0000042
6509.93776321411;80.0000000;80.0000042;0;4.598993E-06;-0.01959968;-0.01601087;-0.0000042
6511.00015640259;80.0000000;80.0000638;-7.108439E-06;4.365142E-05;-0.02248092;-0.01436564;-0.0000638
6512.06302642822;80.0000000;80.0000638;-7.108439E-06;1.512257E-05;-0.02108128;-0.01681386;-0.0000638
6513.1254196167;80.0000000;80.0000043;0;-1.729585E-05;-0.01856016;-0.03220364;-0.0000043
6514.18781280518;80.0000000;80.0000043;0;-5.991964E-06;-0.01913847;-0.008497875;-0.0000043
6515.25020599365;80.0000000;80.0000043;0;-2.335334E-06;-0.01932554;-0.02154384;-0.0000043
6516.31307601929;80.0000000;80.0000042;0;6.076865E-06;-0.01974362;-0.01501674;-0.0000042
6517.37546920776;80.0000000;80.0000042;0;2.368424E-06;-0.0195539;-0.01861201;-0.0000042
6518.43786239624;80.0000000;80.0000042;0;8.205153E-07;-0.0194747;-0.01692649;-0.0000042
6519.50025558472;80.0000000;80.0000042;0;3.197912E-07;-0.01944909;0.004983181;-0.0000042
6520.56264877319;80.0000000;80.0000042;0;1.107883E-07;-0.0194384;-0.02208745;-0.0000042
6521.62551879883;80.0000000;80.0000042;0;4.31791E-08;-0.01943493;-0.004434427;-0.0000042
6522.6879119873;80.0000000;80.0000042;0;2.591602E-06;-0.01955954;-0.0467822;-0.0000042
6523.75030517578;80.0000000;80.0000042;0;1.010063E-06;-0.01947863;-0.03301177;-0.0000042
6524.81269836426;80.0000000;80.0000042;0;3.499255E-07;-0.01944486;-0.01366192;-0.0000042
6525.87556838989;80.0000000;80.0000042;0;1.257556E-05;-0.02005302;-0.01901299;-0.0000042
6526.93796157837;80.0000000;80.0000042;0;2.789598E-05;-0.02080796;-0.02769481;-0.0000042
6528.00035476685;80.0000000;80.0000042;0;1.08723E-05;-0.01993704;-0.04436707;-0.0000042
6529.06274795532;80.0000000;80.0000042;0;3.766594E-06;-0.01957351;-0.002013122;-0.0000042
6530.1251411438;80.0000000;80.0000042;0;1.468009E-06;-0.01945591;-0.0333776;-0.0000042
6531.18801116943;80.0000000;80.0000042;0;5.08576E-07;-0.01940682;-0.008243642;-0.0000042
6532.25040435791;80.0000000;80.0000042;0;1.982146E-07;-0.01939095;-0.007034534;-0.0000042
6533.31279754639;80.0000000;79.9999447;6.16139E-06;-2.312112E-05;-0.01734473;0.004727919;0.0000553
6534.37519073486;80.0000000;79.9999447;6.16139E-06;-9.011326E-06;-0.01802043;-0.03945623;0.0000553
6535.4380607605;80.0000000;80.0000042;0;2.62277E-05;-0.020613;-0.01315036;-0.0000042
6536.50045394897;80.0000000;80.0000042;0;1.02221E-05;-0.01979416;0.008608448;-0.0000042
6537.56284713745;80.0000000;80.0000042;0;3.541337E-06;-0.01945237;-0.006738984;-0.0000042
6538.62524032593;80.0000000;79.9999447;6.16139E-06;-4.738139E-05;-0.01602857;-0.04228057;0.0000553
6539.6876335144;80.0000000;80.0000042;0;2.186113E-05;-0.02035499;-0.005531934;-0.0000042
6540.75050354004;80.0000000;80.0000042;0;8.520254E-06;-0.01967247;-0.02769378;-0.0000042
6541.81289672852;80.0000000;79.9999447;6.16139E-06;-3.006652E-05;-0.01686248;-0.01567812;0.0000553
6542.87528991699;80.0000000;80.0000042;0;1.763132E-05;-0.02009821;-0.01146896;-0.0000042
6543.93768310547;80.0000000;80.0000042;0;6.108186E-06;-0.01950869;-0.0365616;-0.0000042
6545.0005531311;80.0000000;80.0000042;0;2.380631E-06;-0.01931799;-0.03407001;-0.0000042
6546.06294631958;80.0000000;80.0000042;0;8.247443E-07;-0.01923838;-0.007730032;-0.0000042
6547.12533950806;80.0000000;80.0000042;0;3.214394E-07;-0.01921263;-0.02670685;-0.0000042
6548.18773269653;80.0000000;80.0000042;0;1.113593E-07;-0.01920188;-0.05289906;-0.0000042
6549.25012588501;80.0000000;80.0000042;0;4.340166E-08;-0.01919841;-0.02274986;-0.0000042
6550.31299591064;80.0000000;80.0000042;0;1.503604E-08;-0.01919695;-0.01080758;-0.0000042
6551.37538909912;80.0000000;80.0000042;0;5.860213E-09;-0.01919648;-0.02897523;-0.0000042
6552.4377822876;80.0000000;80.0000042;0;2.030209E-09;-0.01919629;-0.002086497;-0.0000042
6553.50017547607;80.0000000;80.0000042;0;7.912623E-10;-0.01919622;-0.0302236;-0.0000042
6554.56304550171;80.0000000;80.0000042;0;2.741244E-10;-0.01919619;-0.004834376;-0.0000042
6555.62543869019;80.0000000;80.0000042;0;1.068385E-10;-0.01919618;-0.02952707;-0.0000042
6556.68783187866;80.0000000;80.0000042;0;3.701305E-11;-0.01919618;-0.01784108;-0.0000042
6557.75022506714;80.0000000;80.0000042;0;1.442563E-11;-0.01919618;-0.02234991;-0.0000042
6558.81261825562;80.0000000;80.0000042;0;4.997606E-12;-0.01919618;-0.01736056;-0.0000042
6559.87548828125;80.0000000;79.9999447;6.16139E-06;-4.178875E-05;-0.01623391;-0.0355385;0.0000553
6560.93788146973;80.0000000;80.0000042;0;3.583498E-05;-0.0209718;-0.01249001;-0.0000042
6562.0002746582;80.0000000;80.0000042;0;1.396648E-05;-0.01985301;-0.02286249;-0.0000042
6563.06266784668;80.0000000;80.0000638;-7.108439E-06;3.79123E-05;-0.02197471;-0.01106284;-0.0000638
6564.12553787231;80.0000000;80.0000638;-7.108439E-06;1.477611E-05;-0.0208443;-0.006483722;-0.0000638
6565.18793106079;80.0000000;80.0000638;-7.108439E-06;5.119025E-06;-0.02041015;-0.01549624;-0.0000638
6566.25032424927;80.0000000;80.0000043;0;-2.40934E-05;-0.0180597;-0.03312028;-0.0000043
6567.31271743774;80.0000000;79.9999447;6.16139E-06;-3.157566E-05;-0.01682296;-0.01307905;0.0000553
6568.37558746338;80.0000000;79.9999447;6.16139E-06;-1.818298E-05;-0.01746774;-0.006664584;0.0000553
6569.43798065186;80.0000000;80.0000042;0;2.305027E-05;-0.02036698;-0.05052113;-0.0000042
6570.50037384033;80.0000000;80.0000638;-7.108439E-06;3.511607E-05;-0.0218942;-0.01241869;-0.0000638
6571.56276702881;80.0000000;80.0001234;-1.374892E-05;3.829795E-05;-0.02299631;-0.02439612;-0.0001234
6572.62516021729;80.0000000;80.0000639;-7.119581E-06;-3.796248E-05;-0.01835711;-0.01197948;-0.0000639
6573.68803024292;80.0000000;80.0000043;0;-4.622546E-05;-0.01709704;-0.01846115;-0.0000043
6574.7504234314;80.0000000;79.9999447;6.16139E-06;-6.575164E-05;-0.01527874;-0.0100387;0.0000553
6575.81281661987;80.0000000;80.0000042;0;3.309554E-06;-0.01960742;-0.03084778;-0.0000042
6576.87520980835;80.0000000;80.0000042;0;1.28988E-06;-0.0195041;-0.01890344;-0.0000042
6577.93807983398;80.0000000;80.0000042;0;4.468653E-07;-0.01946096;-0.01842395;-0.0000042
6579.00047302246;80.0000000;80.0000042;0;4.301446E-06;-0.0196524;-0.04345145;-0.0000042
6580.06286621094;80.0000000;80.0000042;0;1.49019E-06;-0.01950857;-0.02513396;-0.0000042
6581.12525939941;80.0000000;80.0000638;-7.108439E-06;4.243978E-05;-0.02248687;-0.04462439;-0.0000638
6582.18765258789;80.0000000;80.0000638;-7.108439E-06;1.470281E-05;-0.02112775;0.0005146387;-0.0000638
6583.25052261353;80.0000000;80.0000638;-7.108439E-06;5.730337E-06;-0.02072196;-0.01637671;-0.0000638
6584.312915802;80.0000000;80.0000043;0;-3.516034E-05;-0.01780068;-0.03528015;-0.0000043
6585.37530899048;80.0000000;80.0000043;0;-1.370354E-05;-0.01889841;0.001281453;-0.0000043
6586.43770217896;80.0000000;80.0000043;0;-4.747448E-06;-0.0193566;-0.008059695;-0.0000043
6587.50057220459;80.0000000;80.0000043;0;-1.850291E-06;-0.01950482;-0.0303352;-0.0000043
6588.56296539307;80.0000000;80.0000638;-7.108439E-06;3.237726E-05;-0.02215177;-0.01612145;-0.0000638
6589.62535858154;80.0000000;79.9999447;6.16139E-06;-7.750448E-05;-0.01488068;-0.01355546;0.0000553
6590.68775177002;80.0000000;79.9999447;6.16139E-06;-4.544957E-05;-0.01649753;-0.04447764;0.0000553
6591.7501449585;80.0000000;79.9999447;6.16139E-06;-1.771372E-05;-0.01787035;-0.02908889;0.0000553
6592.81301498413;80.0000000;79.9999447;6.16139E-06;-6.13673E-06;-0.0184107;-0.0319122;0.0000553
6593.87540817261;80.0000000;80.0000042;0;3.062652E-05;-0.02108125;-0.04682043;-0.0000042
6594.93780136108;80.0000000;80.0000042;0;1.061023E-05;-0.02005722;-0.00692293;-0.0000042
6596.00019454956;80.0000000;80.0000638;-7.108439E-06;4.599426E-05;-0.02275078;-0.01747627;-0.0000638
6597.0630645752;80.0000000;80.0000043;0;-1.708405E-05;-0.01868772;0.003627326;-0.0000043
6598.12545776367;80.0000000;79.9999447;6.16139E-06;-4.851739E-05;-0.01625449;-0.02403543;0.0000553
6599.18785095215;80.0000000;80.0000042;0;3.020401E-05;-0.02104854;-0.02549568;-0.0000042
6600.25024414063;80.0000000;80.0000042;0;1.177184E-05;-0.02010555;-0.0287582;-0.0000042
6601.3126373291;80.0000000;80.0000042;0;4.078231E-06;-0.01971194;-0.005129926;-0.0000042
6602.37550735474;80.0000000;80.0000042;0;1.589467E-06;-0.01958462;-0.02879746;-0.0000042
6603.43790054321;80.0000000;80.0000042;0;5.506541E-07;-0.01953148;-0.0002934912;-0.0000042
6604.50029373169;80.0000000;80.0000042;0;2.146143E-07;-0.01951428;-0.01868333;-0.0000042
6605.56268692017;80.0000000;80.0000042;0;7.435087E-08;-0.01950711;-0.03440277;-0.0000042
6606.6255569458;80.0000000;80.0000042;0;2.897783E-08;-0.01950479;-0.0270396;-0.0000042
6607.68795013428;80.0000000;80.0000042;0;1.003906E-08;-0.01950382;-0.01732644;-0.0000042
6608.75034332275;80.0000000;80.0000042;0;6.933673E-06;-0.01984649;-0.01465399;-0.0000042
6609.81273651123;80.0000000;80.0000042;0;2.402098E-06;-0.01961465;-0.02033061;-0.0000042
6610.87512969971;80.0000000;80.0000042;0;9.362041E-07;-0.01953966;-0.0151676;-0.0000042
6611.93799972534;80.0000000;80.0000042;0;3.24338E-07;-0.01950835;-0.04062711;-0.0000042
6613.00039291382;80.0000000;80.0000042;0;1.264089E-07;-0.01949823;-0.02531791;-0.0000042
6614.06278610229;80.0000000;80.0000042;0;4.379303E-08;-0.01949401;-0.01890241;-0.0000042
6615.12517929077;80.0000000;80.0000042;0;1.706808E-08;-0.01949264;-0.0174401;-0.0000042
6616.18804931641;80.0000000;80.0000042;0;5.913057E-09;-0.01949207;-0.006924988;-0.0000042
6617.25044250488;80.0000000;80.0000042;0;2.30458E-09;-0.01949188;-0.02857631;-0.0000042
6618.31283569336;80.0000000;80.0000042;0;7.983975E-10;-0.01949181;-0.01435741;-0.0000042
6619.37522888184;80.0000000;80.0000042;0;3.11171E-10;-0.01949178;-0.02099611;-0.0000042
6620.43762207031;80.0000000;80.0000042;0;1.078019E-10;-0.01949177;-0.02018695;-0.0000042
6621.50049209595;80.0000000;80.0000042;0;4.201518E-11;-0.01949176;-0.008134097;-0.0000042
6622.56288528442;80.0000000;80.0000042;0;1.455571E-11;-0.01949176;0.002713767;-0.0000042
6623.6252784729;80.0000000;80.0000042;0;5.673008E-12;-0.01949176;-0.0100015;-0.0000042
6624.68767166138;80.0000000;80.0000042;0;1.965353E-12;-0.01949176;-0.01370117;-0.0000042
6625.75054168701;80.0000000;80.0000042;0;7.659854E-13;-0.01949176;-0.01926825;-0.0000042
6626.81293487549;80.0000000;79.9999447;6.16139E-06;-2.061314E-05;-0.01757822;-0.03406796;0.0000553
6627.87532806396;80.0000000;79.9999447;6.16139E-06;-8.033856E-06;-0.01817563;-0.008755194;0.0000553
6628.93772125244;80.0000000;80.0000042;0;2.040655E-05;-0.02043192;-0.03462289;-0.0000042
6630.00059127808;80.0000000;80.0000638;-7.108439E-06;3.118209E-05;-0.02189979;-0.05022764;-0.0000638
6631.06298446655;80.0000000;80.0000638;-7.108439E-06;1.080271E-05;-0.02091707;-0.02725663;-0.0000638
6632.12537765503;80.0000000;79.9999447;6.16139E-06;-7.811706E-05;-0.01470508;-0.02289455;0.0000553
6633.18777084351;80.0000000;79.9999447;6.16139E-06;-2.706283E-05;-0.0172651;-0.02938033;0.0000553
6634.25016403198;80.0000000;79.9999446;6.172531E-06;-2.80093E-06;-0.0184463;-0.02568477;0.0000554
6635.31303405762;80.0000000;80.0000042;0;2.5162E-05;-0.02067378;-0.02802756;-0.0000042
6636.37542724609;80.0000000;80.0000042;0;9.806749E-06;-0.01988821;-0.01843012;-0.0000042
6637.43782043457;80.0000000;80.0000042;0;3.397444E-06;-0.01956031;-0.0211036;-0.0000042
6638.50021362305;80.0000000;80.0000638;-7.108439E-06;3.072304E-05;-0.02186157;-0.04374391;-0.0000638
6639.56308364868;80.0000000;80.0000638;-7.108439E-06;1.064367E-05;-0.02089421;-0.04180005;-0.0000638
6640.62547683716;80.0000000;80.0000043;0;-2.886996E-05;-0.01803007;-0.02740544;-0.0000043
6641.68787002563;80.0000000;79.9999447;6.16139E-06;-3.94006E-05;-0.0166489;-0.00765563;0.0000553
6642.75026321411;80.0000000;79.9999447;6.16139E-06;-1.535616E-05;-0.01783286;-0.01817383;0.0000553
6643.81265640259;80.0000000;80.0000042;0;2.076853E-05;-0.02047651;-0.03684995;-0.0000042
6644.87552642822;80.0000000;80.0000638;-7.108439E-06;3.749332E-05;-0.02223543;-0.0407418;-0.0000638
6645.9379196167;80.0000000;80.0000042;0;-1.423158E-05;-0.0187467;0.0001870313;-0.0000042
6647.00031280518;80.0000000;80.0000042;0;-5.546677E-06;-0.01919102;-0.009782414;-0.0000042
6648.06270599365;80.0000000;80.0000042;0;-1.921588E-06;-0.01937648;-0.03821198;-0.0000042
6649.12557601929;80.0000000;80.0000042;0;-7.489278E-07;-0.01943647;-0.03293531;-0.0000042
6650.18796920776;80.0000000;80.0000042;0;-2.594581E-07;-0.01946151;-0.01395746;-0.0000042
6651.25036239624;80.0000000;80.0000042;0;-1.011223E-07;-0.01946961;-0.02857322;-0.0000042
6652.31275558472;80.0000000;80.0000042;0;-3.503276E-08;-0.01947299;-0.01853246;-0.0000042
6653.37514877319;80.0000000;80.0000042;0;-1.365382E-08;-0.01947408;-0.04124924;-0.0000042
6654.43801879883;80.0000000;80.0000042;0;-4.730222E-09;-0.01947454;-0.008939141;-0.0000042
6655.5004119873;80.0000000;80.0000042;0;-1.843577E-09;-0.01947469;-0.02213082;-0.0000042
6656.56280517578;80.0000000;80.0000042;0;-6.386878E-10;-0.01947475;-0.02586049;-0.0000042
6657.62519836426;80.0000000;80.0000042;0;-2.48925E-10;-0.01947477;-0.02055382;-0.0000042
6658.68806838989;80.0000000;80.0000042;0;-8.623742E-11;-0.01947478;-0.02524042;-0.0000042
6659.75046157837;80.0000000;80.0000042;0;-3.361055E-11;-0.01947478;-0.03553542;-0.0000042
6660.81285476685;80.0000000;79.9999447;6.16139E-06;-2.84134E-05;-0.01717372;-0.03070207;0.0000553
6661.87524795532;80.0000000;80.0000042;0;1.827562E-05;-0.02035785;-0.0145465;-0.0000042
6662.9376411438;80.0000000;80.0000042;0;6.331395E-06;-0.01974679;-0.02538511;-0.0000042
6664.00051116943;80.0000000;80.0000042;0;2.467625E-06;-0.01954912;-0.0189427;-0.0000042
6665.06290435791;80.0000000;80.0000042;0;8.548826E-07;-0.01946661;-0.008643592;-0.0000042
6666.12529754639;80.0000000;80.0000042;0;3.331857E-07;-0.01943992;-0.03693259;-0.0000042
6667.18769073486;80.0000000;80.0000042;0;1.154286E-07;-0.01942878;-0.008204384;-0.0000042
6668.2505607605;80.0000000;80.0000042;0;4.498766E-08;-0.01942517;-0.02458521;-0.0000042
6669.31295394897;80.0000000;80.0000043;0;-1.390121E-05;-0.01873906;-0.00992916;-0.0000043
6670.37534713745;80.0000000;80.0000638;-7.108439E-06;2.393166E-05;-0.02157712;-0.033266;-0.0000638
6671.43774032593;80.0000000;80.0000043;0;-2.105871E-05;-0.01843278;-0.02582432;-0.0000043
6672.5001335144;80.0000000;80.0000043;0;-8.207512E-06;-0.01909025;-0.004105792;-0.0000043
6673.56300354004;80.0000000;79.9999447;6.16139E-06;-2.607217E-05;-0.01732234;-0.01307802;0.0000553
6674.62539672852;80.0000000;79.9999447;6.16139E-06;-1.383018E-05;-0.01790826;-0.002345874;0.0000553
6675.68778991699;80.0000000;80.0000042;0;3.345055E-05;-0.02110535;-0.0157515;-0.0000042
6676.75018310547;80.0000000;80.0000042;0;1.303716E-05;-0.020061;-0.008352159;-0.0000042
6677.8130531311;80.0000000;80.0000042;0;4.516587E-06;-0.01962509;-0.006227432;-0.0000042
6678.87544631958;80.0000000;80.0000042;0;1.760314E-06;-0.01948408;-0.009821673;-0.0000042
6679.93783950806;80.0000000;80.0000042;0;6.098422E-07;-0.01942522;-0.03722299;-0.0000042
6681.00023269653;80.0000000;79.9999447;6.16139E-06;-5.265121E-05;-0.01588757;-0.02114183;0.0000553
6682.06262588501;80.0000000;79.9999447;6.16139E-06;-3.807277E-05;-0.01661032;-0.04718524;0.0000553
6683.12549591064;80.0000000;79.9999447;6.16139E-06;-1.483865E-05;-0.01775282;-0.03447613;0.0000553
6684.18788909912;80.0000000;80.0000042;0;2.094782E-05;-0.02037917;-0.02721943;-0.0000042
6685.2502822876;80.0000000;80.0000042;0;8.164295E-06;-0.01972517;-0.01670946;-0.0000042
6686.31267547607;80.0000000;80.0000042;0;2.828434E-06;-0.01945219;-0.02311672;-0.0000042
6687.37554550171;80.0000000;80.0000042;0;5.745559E-06;-0.01959566;-0.0233761;-0.0000042
6688.43793869019;80.0000000;79.9999447;6.16139E-06;-2.409803E-05;-0.01722143;-0.05095828;0.0000553
6689.50033187866;80.0000000;80.0000042;0;3.134346E-05;-0.02084179;-0.02850603;-0.0000042
6690.56272506714;80.0000000;80.0000042;0;1.959504E-05;-0.02022343;-0.01271321;-0.0000042
6691.62559509277;80.0000000;80.0000042;0;2.750767E-05;-0.02060517;-0.008572277;-0.0000042
6692.68798828125;80.0000000;80.0000042;0;1.417294E-05;-0.01991719;-0.002232212;-0.0000042
6693.75038146973;80.0000000;80.0000042;0;5.523822E-06;-0.0194747;-0.006634584;-0.0000042
6694.8127746582;80.0000000;80.0000042;0;1.91367E-06;-0.01929;-0.01457959;-0.0000042
6695.87516784668;80.0000000;80.0000042;0;7.45842E-07;-0.01923026;-0.01688929;-0.0000042
6696.93803787231;80.0000000;80.0000042;0;2.583891E-07;-0.01920532;-0.02794904;-0.0000042
6698.00043106079;80.0000000;80.0000042;0;1.007057E-07;-0.01919725;-0.02128652;-0.0000042
6699.06282424927;80.0000000;79.9999447;6.16139E-06;-5.2854E-05;-0.01567527;-0.007363168;0.0000553
6700.12521743774;80.0000000;80.0000042;0;8.75003E-06;-0.01962245;-0.02857837;-0.0000042
6701.18808746338;80.0000000;80.0000042;0;3.031356E-06;-0.01932988;-0.03018743;-0.0000042
6702.25048065186;80.0000000;80.0000042;0;1.181454E-06;-0.01923524;-0.01927134;-0.0000042
6703.31287384033;80.0000000;80.0000042;0;4.093021E-07;-0.01919574;-0.02142915;-0.0000042
6704.37526702881;80.0000000;80.0000042;0;1.595232E-07;-0.01918295;-0.02260208;-0.0000042
6705.43766021729;80.0000000;80.0000042;0;5.526512E-08;-0.01917762;-0.009192345;-0.0000042
6706.50053024292;80.0000000;80.0000042;0;2.153927E-08;-0.0191759;-0.01849835;-0.0000042
6707.5629234314;80.0000000;80.0000042;0;7.462052E-09;-0.01917518;-0.02791699;-0.0000042
6708.62531661987;80.0000000;79.9999447;6.16139E-06;-3.714265E-05;-0.01644445;-0.02260723;0.0000553
6709.68770980835;80.0000000;80.0000042;0;2.427788E-05;-0.02036493;-0.004174022;-0.0000042
6710.75057983398;80.0000000;80.0000042;0;9.462166E-06;-0.01960696;-0.0006231547;-0.0000042
6711.81297302246;80.0000000;80.0000042;0;3.278067E-06;-0.01929059;-0.02912712;-0.0000042
6712.87536621094;80.0000000;80.0000638;-7.108439E-06;4.313659E-05;-0.02221306;-0.01985523;-0.0000638
6713.93775939941;80.0000000;80.0000638;-7.108439E-06;1.494422E-05;-0.02083063;0.00102722;-0.0000638
6715.00015258789;80.0000000;80.0000638;-7.108439E-06;5.824424E-06;-0.02041731;-0.002015181;-0.0000638
6716.06302261353;80.0000000;80.0000043;0;-1.859534E-05;-0.0183054;-0.01113518;-0.0000043
6717.125415802;80.0000000;80.0000042;0;-3.628057E-06;-0.01906461;-0.01817177;-0.0000042
6718.18780899048;80.0000000;80.0000042;0;-1.256902E-06;-0.01918591;-0.03865016;-0.0000042
6719.25020217896;80.0000000;80.0000638;-7.108439E-06;3.671811E-05;-0.02201868;-0.0232645;-0.0000638
6720.31307220459;80.0000000;80.0000638;-7.108439E-06;1.27206E-05;-0.02085087;-0.03351817;-0.0000638
6721.37546539307;80.0000000;80.0000638;-7.108439E-06;4.957782E-06;-0.02050697;-0.02304541;-0.0000638
6722.43785858154;80.0000000;79.9999447;6.16139E-06;-8.427848E-05;-0.01429211;-0.009194402;0.0000553
6723.50025177002;80.0000000;79.9999447;6.16139E-06;-3.284706E-05;-0.01687719;-0.00520227;0.0000553
6724.5626449585;80.0000000;80.0000042;0;1.797006E-05;-0.02026673;-0.03798877;-0.0000042
6725.62551498413;80.0000000;80.0000042;0;7.003728E-06;-0.0197057;-0.02396205;-0.0000042
6726.68790817261;80.0000000;80.0000042;0;2.426367E-06;-0.01947152;-0.02685565;-0.0000042
6727.75030136108;80.0000000;80.0000042;0;9.456631E-07;-0.01939576;-0.01227606;-0.0000042
6728.81269454956;80.0000000;80.0000042;0;3.27615E-07;-0.01936414;-0.00838833;-0.0000042
6729.8755645752;80.0000000;80.0000638;-7.108439E-06;5.310546E-05;-0.02293426;-0.01109695;-0.0000638
6730.93795776367;80.0000000;80.0000043;0;-4.791962E-06;-0.01911629;-0.01824206;-0.0000043
6732.00035095215;80.0000000;80.0000043;0;-1.86764E-06;-0.0192659;-0.03835873;-0.0000043
6733.06274414063;80.0000000;80.0000042;0;1.500937E-05;-0.0201055;-0.01381278;-0.0000042
6734.1251373291;80.0000000;80.0000042;0;5.849819E-06;-0.01963689;-0.02465447;-0.0000042
6735.18800735474;80.0000000;80.0000042;0;2.026608E-06;-0.0194413;-0.003590125;-0.0000042
6736.25040054321;80.0000000;80.0000042;0;7.898589E-07;-0.01937802;-0.01729438;-0.0000042
6737.31279373169;80.0000000;80.0000042;0;2.736383E-07;-0.01935161;-0.03971253;-0.0000042
6738.37518692017;80.0000000;80.0000042;0;1.06649E-07;-0.01934307;-0.003333834;-0.0000042
6739.4380569458;80.0000000;80.0000042;0;1.113708E-05;-0.01989585;-0.01560475;-0.0000042
6740.50045013428;80.0000000;80.0000042;0;4.340615E-06;-0.01954814;-0.02040913;-0.0000042
6741.56284332275;80.0000000;80.0000042;0;1.394294E-05;-0.02002209;-0.04249554;-0.0000042
6742.62523651123;80.0000000;80.0000042;0;5.434182E-06;-0.01958678;-0.02069748;-0.0000042
6743.68762969971;80.0000000;80.0000042;0;1.882615E-06;-0.01940508;-0.01596853;-0.0000042
6744.75049972534;80.0000000;80.0000042;0;7.337384E-07;-0.01934631;-0.01612042;-0.0000042
6745.81289291382;80.0000000;80.0000042;0;2.541959E-07;-0.01932178;-0.03425602;-0.0000042
6746.87528610229;80.0000000;80.0000042;0;9.907141E-08;-0.01931383;-0.007436541;-0.0000042
6747.93767929077;80.0000000;80.0000042;0;3.432224E-08;-0.01931052;0.01249309;-0.0000042
6749.00054931641;80.0000000;80.0000042;0;1.33769E-08;-0.01930945;-0.03535455;-0.0000042
6750.06294250488;80.0000000;80.0000042;0;4.634286E-09;-0.019309;-0.01084272;-0.0000042
6751.12533569336;80.0000000;80.0000042;0;1.806187E-09;-0.01930886;0.003296634;-0.0000042
6752.18772888184;80.0000000;80.0000042;0;2.89935E-06;-0.01945133;-0.01849938;-0.0000042
6753.25059890747;80.0000000;80.0000042;0;1.130005E-06;-0.01936081;-0.03418368;-0.0000042
6754.31299209595;80.0000000;80.0000042;0;5.866843E-06;-0.0195916;-0.008243642;-0.0000042
6755.37538528442;80.0000000;80.0000042;0;2.286569E-06;-0.01940844;-0.04487759;-0.0000042
6756.4377784729;80.0000000;80.0000042;0;7.921576E-07;-0.01933198;-0.02938033;-0.0000042
6757.50017166138;80.0000000;80.0000042;0;3.087389E-07;-0.01930725;-0.005826454;-0.0000042
6758.56304168701;80.0000000;80.0000042;0;1.069593E-07;-0.01929692;-0.01593647;-0.0000042
6759.62543487549;80.0000000;80.0000042;0;4.16868E-08;-0.01929358;-0.01007488;-0.0000042
6760.68782806396;80.0000000;80.0000042;0;1.444195E-08;-0.01929219;-0.0236665;-0.0000042
6761.75022125244;80.0000000;80.0000042;0;5.628668E-09;-0.01929173;-0.0489803;-0.0000042
6762.81309127808;80.0000000;80.0000042;0;1.949992E-09;-0.01929155;-0.02172573;-0.0000042
6763.87548446655;80.0000000;80.0000043;0;-2.85899E-06;-0.01915258;-0.018024;-0.0000043
6764.93787765503;80.0000000;80.0000043;0;-9.904666E-07;-0.01924817;-0.0105854;-0.0000043
6766.00027084351;80.0000000;80.0000043;0;-3.860287E-07;-0.0192791;-0.02158104;-0.0000043
6767.06266403198;80.0000000;80.0000042;0;5.987076E-06;-0.01959286;-0.02846471;-0.0000042
6768.12553405762;80.0000000;80.0000638;-7.108439E-06;4.419241E-05;-0.02243075;-0.02227551;-0.0000638
6769.18792724609;80.0000000;80.0000638;-7.108439E-06;1.530999E-05;-0.02101303;-0.02545642;-0.0000638
6770.25032043457;80.0000000;80.0000638;-7.108439E-06;5.966983E-06;-0.02058828;-0.01055128;-0.0000638
6771.31271362305;80.0000000;80.0000043;0;-2.402132E-05;-0.0182048;-0.04601641;-0.0000043
6772.37558364868;80.0000000;80.0000043;0;-9.362172E-06;-0.01895476;-0.02231065;-0.0000043
6773.43797683716;80.0000000;80.0000042;0;-3.836745E-07;-0.01940758;-0.01344591;-0.0000042
6774.50037002563;80.0000000;80.0000042;0;-1.495349E-07;-0.01941956;-0.007435513;-0.0000042
6775.56276321411;80.0000000;80.0000042;0;-5.18048E-08;-0.01942456;0.003920817;-0.0000042
6776.62515640259;80.0000000;80.0000042;0;-2.019063E-08;-0.01942618;-0.04015585;-0.0000042
6777.68802642822;80.0000000;80.0000042;0;1.105005E-05;-0.01997522;-0.01831543;-0.0000042
6778.7504196167;80.0000000;80.0000042;0;4.306696E-06;-0.01963023;-0.02073879;-0.0000042
6779.81281280518;80.0000000;80.0000042;0;1.492009E-06;-0.01948623;-0.01710941;-0.0000042
6780.87520599365;80.0000000;80.0000042;0;5.815021E-07;-0.01943965;-0.03029492;-0.0000042
6781.93807601929;80.0000000;80.0000042;0;2.014552E-07;-0.01942021;-0.01655757;-0.0000042
6783.00046920776;80.0000000;80.0000042;0;7.851603E-08;-0.01941392;-0.002089583;-0.0000042
6784.06286239624;80.0000000;80.0000043;0;-8.674586E-06;-0.01898682;-0.00886371;-0.0000043
6785.12525558472;80.0000000;80.0000043;0;-3.380871E-06;-0.01925765;-0.03216438;-0.0000043
6786.18764877319;80.0000000;80.0000043;0;-1.171267E-06;-0.01937069;-0.0353897;-0.0000043
6787.25051879883;80.0000000;80.0000043;0;-4.564947E-07;-0.01940726;0.002858455;-0.0000043
6788.3129119873;80.0000000;80.0000043;0;-1.581478E-07;-0.01942252;-0.01472736;-0.0000043
6789.37530517578;80.0000000;80.0000043;0;-6.163719E-08;-0.01942745;-0.02561037;-0.0000043
6790.43769836426;80.0000000;80.0000043;0;-2.135355E-08;-0.01942952;-0.04191165;-0.0000043
6791.50056838989;80.0000000;80.0000638;-7.108439E-06;3.713724E-05;-0.02221977;-0.01494748;-0.0000638
6792.56296157837;80.0000000;80.0000638;-7.108439E-06;1.28658E-05;-0.02103794;-0.002378959;-0.0000638
6793.62535476685;80.0000000;79.9999447;6.16139E-06;-8.510896E-05;-0.01437601;-0.02882849;0.0000553
6794.68774795532;80.0000000;79.9999447;6.16139E-06;-2.948509E-05;-0.01716981;-0.02326347;0.0000553
6795.7501411438;80.0000000;79.9999447;6.16139E-06;-1.149165E-05;-0.01804421;-0.01857275;0.0000553
6796.81301116943;80.0000000;80.0000042;0;3.31644E-05;-0.02110701;-0.01164982;-0.0000042
6797.87540435791;80.0000000;80.0000042;0;1.292564E-05;-0.0200716;-0.03293634;-0.0000042
6798.93779754639;80.0000000;80.0000638;-7.108439E-06;3.755172E-05;-0.02222809;-0.01637671;-0.0000638
6800.00019073486;80.0000000;80.0000043;0;-8.554222E-06;-0.01900672;-0.01395849;-0.0000043
6801.0630607605;80.0000000;80.0000043;0;-2.96352E-06;-0.01929274;-0.03476758;-0.0000043
6802.12545394897;80.0000000;80.0000043;0;-1.155015E-06;-0.01938526;-0.02560934;-0.0000043
6803.18784713745;80.0000000;80.0000043;0;-4.001428E-07;-0.01942388;-0.02055279;-0.0000043
6804.25024032593;80.0000000;80.0000043;0;-1.559534E-07;-0.01943637;-0.03161254;-0.0000043
6805.3126335144;80.0000000;80.0000043;0;-5.40284E-08;-0.01944159;-0.001647288;-0.0000043
6806.37550354004;80.0000000;80.0000043;0;-2.105727E-08;-0.01944328;-0.06755408;-0.0000043
6807.43789672852;80.0000000;80.0000043;0;-7.295066E-09;-0.01944398;-0.02055279;-0.0000043
6808.50028991699;80.0000000;79.9999447;6.16139E-06;-2.940175E-05;-0.01709775;0.004615287;0.0000553
6809.56268310547;80.0000000;80.0000042;0;4.270297E-05;-0.02154752;-0.00692293;-0.0000042
6810.6255531311;80.0000000;80.0000042;0;1.664324E-05;-0.02021431;-0.02901861;-0.0000042
6811.68794631958;80.0000000;80.0000042;0;5.765873E-06;-0.01965782;-0.02190967;-0.0000042
6812.75033950806;80.0000000;80.0000042;0;2.247217E-06;-0.0194778;-0.02732898;-0.0000042
6813.81273269653;80.0000000;80.0000042;0;7.785245E-07;-0.01940266;-0.03857679;-0.0000042
6814.87560272217;80.0000000;80.0000042;0;3.034255E-07;-0.01937836;-0.06656508;-0.0000042
6815.93799591064;80.0000000;79.9999447;6.16139E-06;-2.308467E-05;-0.01732862;-0.01553447;0.0000553
6817.00038909912;80.0000000;80.0000042;0;2.814844E-05;-0.02073368;-0.03443585;-0.0000042
6818.0627822876;80.0000000;80.0000042;0;9.751728E-06;-0.0197925;-0.01227092;-0.0000042
6819.12517547607;80.0000000;80.0000042;0;3.800681E-06;-0.01948805;-0.05898386;-0.0000042
6820.18804550171;80.0000000;80.0000042;0;1.316706E-06;-0.01936096;-0.0136278;-0.0000042
6821.25043869019;80.0000000;80.0000042;0;5.131786E-07;-0.01931985;-0.01197743;-0.0000042
6822.31283187866;80.0000000;80.0000042;0;1.777853E-07;-0.01930269;-0.04051756;-0.0000042
6823.37522506714;80.0000000;80.0000042;0;6.92908E-08;-0.01929714;-0.03406796;-0.0000042
6824.43809509277;80.0000000;80.0000042;0;2.400506E-08;-0.01929483;-0.02333787;-0.0000042
6825.50048828125;80.0000000;80.0000042;0;9.355838E-09;-0.01929407;-0.0291633;-0.0000042
6826.56288146973;80.0000000;80.0000042;0;3.241231E-09;-0.01929376;-0.02307644;-0.0000042
6827.6252746582;80.0000000;80.0000042;0;7.543184E-06;-0.01966797;0.01018442;-0.0000042
6828.68766784668;80.0000000;80.0000042;0;2.613256E-06;-0.01941575;-0.03168489;-0.0000042
6829.75053787231;80.0000000;80.0000042;0;1.018502E-06;-0.01933417;-0.0008794453;-0.0000042
6830.81293106079;80.0000000;79.9999447;6.16139E-06;-3.679271E-05;-0.01656962;-0.03304177;0.0000553
6831.87532424927;80.0000000;79.9999447;6.16139E-06;-1.433975E-05;-0.01767216;-0.0001467456;0.0000553
6832.93771743774;80.0000000;80.0000042;0;2.112066E-05;-0.02028183;0.0003327488;-0.0000042
6834.00058746338;80.0000000;80.0000042;0;8.231656E-06;-0.01962243;-0.01886727;-0.0000042
6835.06298065186;80.0000000;80.0000042;0;6.112833E-06;-0.01950826;-0.03454334;-0.0000042
6836.12537384033;80.0000000;80.0000042;0;2.382442E-06;-0.01931742;-0.01623305;-0.0000042
6837.18776702881;80.0000000;80.0000042;0;8.253719E-07;-0.01923776;-0.002234271;-0.0000042
6838.25016021729;80.0000000;80.0000042;0;3.21684E-07;-0.01921199;-0.02000713;-0.0000042
6839.31303024292;80.0000000;80.0000042;0;7.907424E-06;-0.01958853;-0.01080449;-0.0000042
6840.3754234314;80.0000000;80.0000638;-7.108439E-06;3.615564E-05;-0.02193034;-0.02088348;-0.0000638
6841.43781661987;80.0000000;80.0000638;-7.108439E-06;1.252574E-05;-0.02078133;-0.0006965277;-0.0000638
6842.50020980835;80.0000000;80.0000638;-7.108439E-06;4.881836E-06;-0.02044351;-0.02421937;-0.0000638
6843.56307983398;80.0000000;80.0000043;0;-1.892189E-05;-0.01836312;-0.02241917;-0.0000043
6844.62547302246;80.0000000;80.0000042;0;-4.15748E-06;-0.01911195;-0.04619727;-0.0000042
6845.68786621094;80.0000000;80.0000042;0;-1.440315E-06;-0.01925096;-0.04157993;-0.0000042
6846.75025939941;80.0000000;80.0000042;0;-5.613547E-07;-0.01929593;-0.04491582;-0.0000042
6847.81265258789;80.0000000;80.0000042;0;-1.944754E-07;-0.0193147;-0.01479662;-0.0000042
6848.87552261353;80.0000000;80.0000042;0;-7.579567E-08;-0.01932077;-0.02549774;-0.0000042
6849.937915802;80.0000000;80.0000042;0;-2.625861E-08;-0.0193233;-0.0219779;-0.0000042
6851.00030899048;80.0000000;80.0000042;0;-1.023414E-08;-0.01932412;-0.0496386;-0.0000042
6852.06270217896;80.0000000;79.9999447;6.16139E-06;-4.17923E-05;-0.01636219;-0.02194379;0.0000553
6853.12557220459;80.0000000;79.9999447;6.16139E-06;-1.628831E-05;-0.01762082;-0.003260462;0.0000553
6854.18796539307;80.0000000;80.0000042;0;2.370666E-05;-0.02045671;-0.03147094;-0.0000042
6855.25035858154;80.0000000;80.0000638;-7.108439E-06;4.23133E-05;-0.02230525;-0.0391648;-0.0000638
6856.31275177002;80.0000000;80.0000638;-7.108439E-06;1.4659E-05;-0.02095035;-0.0257158;-0.0000638
6857.3751449585;80.0000000;80.0000043;0;-3.14323E-05;-0.01775635;-0.03286091;-0.0000043
6858.43801498413;80.0000000;79.9999447;6.16139E-06;-4.028829E-05;-0.01646087;-0.01692238;0.0000553
6859.50040817261;80.0000000;79.9999447;6.16139E-06;-1.570213E-05;-0.01767254;-0.01351826;0.0000553
6860.56280136108;80.0000000;79.9999447;6.16139E-06;-5.439837E-06;-0.01814564;-0.009007369;0.0000553
6861.62519454956;80.0000000;80.0000042;0;2.396836E-05;-0.02045144;-0.01523995;-0.0000042
6862.6880645752;80.0000000;80.0000042;0;8.303587E-06;-0.01965003;-0.02472887;-0.0000042
6863.75045776367;80.0000000;80.0000042;0;3.236276E-06;-0.01939079;-0.02861248;-0.0000042
6864.81285095215;80.0000000;80.0000042;0;1.121174E-06;-0.01928258;-0.03253022;-0.0000042
6865.87524414063;80.0000000;80.0000042;0;4.369712E-07;-0.01924758;-0.01861201;-0.0000042
6866.9376373291;80.0000000;80.0000042;0;1.51384E-07;-0.01923297;-0.02443847;-0.0000042
6868.00050735474;80.0000000;80.0000042;0;5.900107E-08;-0.01922824;-0.01487514;-0.0000042
6869.06290054321;80.0000000;79.9999447;6.16139E-06;-3.712512E-05;-0.01649578;-0.01234223;0.0000553
6870.12529373169;80.0000000;80.0000042;0;1.854897E-05;-0.0201338;-0.03169208;-0.0000042
6871.18768692017;80.0000000;80.0000042;0;6.426094E-06;-0.0195136;-0.02655804;-0.0000042
6872.2505569458;80.0000000;80.0000042;0;2.504534E-06;-0.01931297;-0.01062569;-0.0000042
6873.31295013428;80.0000000;80.0000042;0;8.676694E-07;-0.01922923;-0.01036631;-0.0000042
6874.37534332275;80.0000000;80.0000042;0;3.381693E-07;-0.01920214;-0.00674207;-0.0000042
6875.43773651123;80.0000000;79.9999447;6.16139E-06;-3.70284E-05;-0.01646034;-0.02333375;0.0000553
6876.50060653687;80.0000000;80.0000042;0;2.859049E-05;-0.02059561;-0.0263441;-0.0000042
6877.56299972534;80.0000000;80.0000042;0;9.904875E-06;-0.01963965;-0.01234326;-0.0000042
6878.62539291382;80.0000000;80.0000042;0;3.860369E-06;-0.01933041;-0.04356408;-0.0000042
6879.68778610229;80.0000000;80.0000042;0;1.337384E-06;-0.01920134;-0.01289304;-0.0000042
6880.75017929077;80.0000000;80.0000638;-7.108439E-06;3.3595E-05;-0.02174826;-0.01857481;-0.0000638
6881.81304931641;80.0000000;80.0000638;-7.108439E-06;1.163863E-05;-0.02068487;-0.03037138;-0.0000638
6882.87544250488;80.0000000;80.0000638;-7.108439E-06;4.536092E-06;-0.02037475;0.006080686;-0.0000638
6883.93783569336;80.0000000;80.0000638;-7.108439E-06;1.571481E-06;-0.02028298;-0.02579226;-0.0000638
6885.00022888184;80.0000000;79.9999447;6.16139E-06;-8.951086E-05;-0.01397367;-0.04465748;0.0000553
6886.06309890747;80.0000000;79.9999447;6.16139E-06;-3.101009E-05;-0.01691464;0.001907695;0.0000553
6887.12549209595;80.0000000;80.0000042;0;2.970275E-05;-0.02079892;-0.02015181;-0.0000042
6888.18788528442;80.0000000;80.0000042;0;1.02902E-05;-0.01980577;-0.01358957;-0.0000042
6889.2502784729;80.0000000;80.0000042;0;4.010548E-06;-0.01948451;-0.0261953;-0.0000042
6890.31267166138;80.0000000;80.0000042;0;1.389412E-06;-0.01935041;-0.01897476;-0.0000042
6891.37554168701;80.0000000;80.0000042;0;5.415154E-07;-0.01930703;-0.02594107;-0.0000042
6892.43793487549;80.0000000;80.0000042;0;1.876023E-07;-0.01928892;-0.02208642;-0.0000042
6893.50032806396;80.0000000;80.0000042;0;7.311692E-08;-0.01928307;-0.02077497;-0.0000042
6894.56272125244;80.0000000;80.0000042;0;2.533058E-08;-0.01928062;-0.004317683;-0.0000042
6895.62559127808;80.0000000;80.0000042;0;9.872452E-09;-0.01927983;-0.002931827;-0.0000042
6896.68798446655;80.0000000;80.0000042;0;3.420207E-09;-0.0192795;-0.03428911;-0.0000042
6897.75037765503;80.0000000;80.0000638;-7.108439E-06;3.720932E-05;-0.02207292;-0.03066384;-0.0000638
6898.81277084351;80.0000000;80.0000638;-7.108439E-06;1.289077E-05;-0.02088869;-0.02216391;-0.0000638
6899.87516403198;80.0000000;80.0000043;0;-4.786478E-05;-0.01696443;-0.02385045;-0.0000043
6900.93803405762;80.0000000;80.0000043;0;-1.658225E-05;-0.01856484;-0.009634639;-0.0000043
6902.00042724609;80.0000000;79.9999447;6.16139E-06;-4.311493E-05;-0.01637078;-0.03129316;0.0000553
6903.06282043457;80.0000000;80.0000042;0;1.905606E-05;-0.02033543;-0.02032753;-0.0000042
6904.12521362305;80.0000000;80.0000042;0;7.42699E-06;-0.01974048;-0.02074085;-0.0000042
6905.18808364868;80.0000000;80.0000638;-7.108439E-06;3.564676E-05;-0.02208083;-0.01461885;-0.0000638
6906.25047683716;80.0000000;80.0000638;-7.108439E-06;1.389313E-05;-0.02102116;-0.01494954;-0.0000638
6907.31287002563;80.0000000;80.0000638;-7.108439E-06;4.813127E-06;-0.02061653;-0.008537133;-0.0000638
6908.37526321411;80.0000000;79.9999447;6.16139E-06;-8.045147E-05;-0.01459154;-0.01648626;0.0000553
6909.43765640259;80.0000000;80.0000042;0;-7.258414E-06;-0.01914315;-0.005824396;-0.0000042
6910.50052642822;80.0000000;80.0000042;0;-2.828926E-06;-0.01936976;-0.03601491;-0.0000042
6911.5629196167;80.0000000;80.0000638;-7.108439E-06;4.087893E-05;-0.02248917;-0.0387225;-0.0000638
6912.62531280518;80.0000000;80.0000638;-7.108439E-06;1.593233E-05;-0.02126615;-0.02865071;-0.0000638
6913.68770599365;80.0000000;80.0000638;-7.108439E-06;5.519588E-06;-0.02079333;-0.04143319;-0.0000638
6914.75057601929;80.0000000;80.0000043;0;-5.073766E-05;-0.0170992;-0.0004774381;-0.0000043
6915.81296920776;80.0000000;80.0000043;0;-1.757753E-05;-0.01879567;-0.009851671;-0.0000043
6916.87536239624;80.0000000;80.0000043;0;-6.850742E-06;-0.01934446;-0.02462138;-0.0000043
6917.93775558472;80.0000000;80.0000043;0;-2.373367E-06;-0.01957352;-0.01629922;-0.0000043
6919.00014877319;80.0000000;80.0000043;0;-9.250064E-07;-0.01964762;-0.01487411;-0.0000043
6920.06301879883;80.0000000;80.0000638;-7.108439E-06;4.146829E-05;-0.02269902;-0.02963559;-0.0000638
6921.1254119873;80.0000000;80.0000638;-7.108439E-06;1.616203E-05;-0.0214576;-0.03443791;-0.0000638
6922.18780517578;80.0000000;80.0000042;0;-2.574885E-05;-0.01847761;-0.002563934;-0.0000042
6923.25019836426;80.0000000;79.9999447;6.16139E-06;-3.322526E-05;-0.01724191;-0.03183986;0.0000553
6924.31306838989;80.0000000;79.9999447;6.16139E-06;-1.151054E-05;-0.01830091;-0.01219548;0.0000553
6925.37546157837;80.0000000;80.0000042;0;1.870362E-05;-0.02065372;-0.01168805;-0.0000042
6926.43785476685;80.0000000;80.0000042;0;6.47967E-06;-0.02002834;-0.02454492;-0.0000042
6927.50024795532;80.0000000;80.0000042;0;2.525415E-06;-0.01982604;-0.02374091;-0.0000042
6928.5626411438;80.0000000;80.0000042;0;8.749035E-07;-0.0197416;-0.02989188;-0.0000042
6929.62551116943;80.0000000;79.9999447;6.16139E-06;-4.667136E-05;-0.01649055;-0.004397226;0.0000553
6930.68790435791;80.0000000;79.9999447;6.16139E-06;-1.61688E-05;-0.01799914;-0.03337143;0.0000553
6931.75029754639;80.0000000;80.0000042;0;1.978682E-05;-0.02063991;-0.004103735;-0.0000042
6932.81269073486;80.0000000;79.9999447;6.16139E-06;-4.015741E-05;-0.01675458;-0.003258404;0.0000553
6933.8755607605;80.0000000;79.9999447;6.16139E-06;-1.565113E-05;-0.01796217;-0.01461885;0.0000553
6934.93795394897;80.0000000;80.0000042;0;3.636659E-05;-0.02139583;-0.01882699;-0.0000042
6936.00034713745;80.0000000;80.0000042;0;1.417367E-05;-0.02026044;-0.00985373;-0.0000042
6937.06274032593;80.0000000;80.0000042;0;4.910318E-06;-0.01978653;-0.01315036;-0.0000042
6938.12561035156;80.0000000;80.0000042;0;1.913769E-06;-0.01963322;-0.02539231;-0.0000042
6939.18800354004;80.0000000;79.9999447;6.16139E-06;-4.112575E-05;-0.01660697;-0.03187603;0.0000553
6940.25039672852;80.0000000;79.9999447;6.16139E-06;-1.602853E-05;-0.01784479;-0.02868586;0.0000553
6941.31278991699;80.0000000;80.0000042;0;3.623584E-05;-0.02129107;-0.007838548;-0.0000042
6942.37518310547;80.0000000;80.0000042;0;1.412271E-05;-0.02015976;-0.02026033;-0.0000042
6943.4380531311;80.0000000;80.0000042;0;4.892664E-06;-0.01968755;-0.01817177;-0.0000042
6944.50044631958;80.0000000;80.0000042;0;1.586266E-05;-0.0202257;-0.01465296;-0.0000042
6945.56283950806;80.0000000;80.0000042;0;5.495449E-06;-0.01969532;-0.01743804;-0.0000042
6946.62523269653;80.0000000;80.0000042;0;2.14182E-06;-0.01952375;-0.04257097;-0.0000042
6947.68810272217;80.0000000;80.0000042;0;7.42011E-07;-0.01945213;-0.008277755;-0.0000042
6948.75049591064;80.0000000;80.0000042;0;2.891946E-07;-0.01942896;-0.01121164;-0.0000042
6949.81288909912;80.0000000;80.0000042;0;1.001884E-07;-0.01941929;-0.01849938;-0.0000042
6950.8752822876;80.0000000;80.0000638;-7.108439E-06;2.943795E-05;-0.02182349;-0.02443743;-0.0000638
6951.93767547607;80.0000000;80.0000638;-7.108439E-06;1.019847E-05;-0.0208991;-0.04535709;-0.0000638
6953.00054550171;80.0000000;80.0000043;0;-4.303755E-05;-0.01735289;-0.01788034;-0.0000043
6954.06293869019;80.0000000;80.0000042;0;-3.880003E-06;-0.0193439;-0.0008081294;-0.0000042
6955.12533187866;80.0000000;79.9999447;6.16139E-06;-4.072858E-05;-0.0166286;-0.00538313;0.0000553
6956.18772506714;80.0000000;80.0000042;0;3.290236E-05;-0.02116223;-0.001939749;-0.0000042
6957.25059509277;80.0000000;80.0000042;0;1.282351E-05;-0.02013499;-0.03678584;-0.0000042
6958.31298828125;80.0000000;80.0000042;0;4.442568E-06;-0.01970623;-0.005603249;-0.0000042
6959.37538146973;80.0000000;80.0000042;0;1.731466E-06;-0.01956753;-0.02505647;-0.0000042
6960.4377746582;80.0000000;80.0000042;0;5.998481E-07;-0.01950963;-0.01157336;-0.0000042
6961.50016784668;80.0000000;80.0000042;0;2.337874E-07;-0.01949091;-0.02839237;-0.0000042
6962.56303787231;80.0000000;80.0000042;0;8.099317E-08;-0.01948309;-0.0181356;-0.0000042
6963.62543106079;80.0000000;80.0000042;0;3.156663E-08;-0.01948056;-0.03399973;-0.0000042
6964.68782424927;80.0000000;80.0000042;0;1.093593E-08;-0.0194795;-0.007436541;-0.0000042
6965.75021743774;80.0000000;80.0000042;0;4.262215E-09;-0.01947916;-0.02703651;-0.0000042
6966.81308746338;80.0000000;80.0000042;0;6.931239E-06;-0.01982201;-0.006849558;-0.0000042
6967.87548065186;80.0000000;80.0000042;0;2.701411E-06;-0.0196056;-0.0110649;-0.0000042
6968.93787384033;80.0000000;80.0000042;0;9.358753E-07;-0.01951528;-0.01106078;-0.0000042
6970.00026702881;80.0000000;80.0000042;0;3.647521E-07;-0.01948606;-0.01644802;-0.0000042
6971.06266021729;80.0000000;80.0000638;-7.108439E-06;2.077415E-05;-0.02145345;-0.03872662;-0.0000638
6972.12553024292;80.0000000;80.0000043;0;-2.125297E-05;-0.01845405;-0.03711139;-0.0000043
6973.1879234314;80.0000000;79.9999447;6.16139E-06;-4.043663E-05;-0.01663597;-0.009779328;0.0000553
6974.25031661987;80.0000000;79.9999447;6.16139E-06;-1.575995E-05;-0.01785228;-0.022569;0.0000553
6975.31270980835;80.0000000;80.0000042;0;2.388971E-05;-0.0206705;-0.03971253;-0.0000042
6976.37557983398;80.0000000;80.0000042;0;9.310878E-06;-0.01992465;-0.02362827;-0.0000042
6977.43797302246;80.0000000;80.0000042;0;3.225655E-06;-0.01961333;-0.009596409;-0.0000042
6978.50036621094;80.0000000;80.0000042;0;1.257181E-06;-0.01951263;-0.03586714;-0.0000042
6979.56275939941;80.0000000;80.0000042;0;4.355369E-07;-0.01947059;-0.02740338;-0.0000042
6980.62515258789;80.0000000;80.0000042;0;1.69748E-07;-0.01945699;-0.03374241;-0.0000042
6981.68802261353;80.0000000;80.0000042;0;5.880741E-08;-0.01945132;-0.02597312;-0.0000042
6982.750415802;80.0000000;80.0000042;0;2.291986E-08;-0.01944948;0.007804433;-0.0000042
6983.81280899048;80.0000000;80.0000042;0;7.940341E-09;-0.01944871;-0.004211223;-0.0000042
6984.87520217896;80.0000000;80.0000042;0;3.094703E-09;-0.01944846;0.0009528181;-0.0000042
6985.93807220459;80.0000000;80.0000042;0;1.072127E-09;-0.01944836;-0.008900912;-0.0000042
6987.00046539307;80.0000000;80.0000042;0;4.178555E-10;-0.01944833;-0.01893859;-0.0000042
6988.06285858154;80.0000000;80.0000042;0;1.447616E-10;-0.01944831;-0.009635668;-0.0000042
6989.12525177002;80.0000000;80.0000042;0;5.642002E-11;-0.0194483;-0.02982262;-0.0000042
6990.1876449585;80.0000000;79.9999447;6.16139E-06;-3.714554E-05;-0.01671781;-0.03007891;0.0000553
6991.25051498413;80.0000000;79.9999447;6.16139E-06;-1.447726E-05;-0.01783136;-0.01062569;0.0000553
6992.31290817261;80.0000000;80.0000638;-7.108439E-06;7.40508E-05;-0.02402597;-0.02469064;-0.0000638
6993.37530136108;80.0000000;80.0000638;-7.108439E-06;2.886088E-05;-0.0217673;-0.02355696;-0.0000638
6994.43769454956;80.0000000;80.0000638;-7.108439E-06;9.998547E-06;-0.0208622;-0.04539017;-0.0000638
6995.5005645752;80.0000000;80.0000043;0;-2.219164E-05;-0.01835942;-0.02341124;-0.0000043
6996.56295776367;80.0000000;79.9999447;6.16139E-06;-3.091682E-05;-0.01705908;-0.05143674;0.0000553
6997.62535095215;80.0000000;79.9999447;6.16139E-06;-1.204966E-05;-0.01797817;-0.03711447;0.0000553
6998.68774414063;80.0000000;80.0000042;0;2.88438E-05;-0.02085425;-0.02575609;-0.0000042
6999.75061416626;80.0000000;80.0000042;0;1.124171E-05;-0.01995373;-0.01597882;-0.0000042
7000.81300735474;80.0000000;80.0000638;-7.108439E-06;5.687235E-05;-0.02315819;-0.03865427;-0.0000638
7001.87540054321;80.0000000;80.0000638;-7.108439E-06;2.216568E-05;-0.02143585;-0.01333534;-0.0000638
7002.93779373169;80.0000000;80.0000638;-7.108439E-06;7.679063E-06;-0.02075462;-0.01304082;-0.0000638
7004.00018692017;80.0000000;80.0000043;0;-4.989602E-05;-0.01699307;-0.01392232;-0.0000043
7005.0630569458;80.0000000;80.0000043;0;-1.728595E-05;-0.0186614;-0.0280255;-0.0000043
7006.12545013428;80.0000000;80.0000043;0;-6.737101E-06;-0.01920108;-0.01531332;-0.0000043
7007.18784332275;80.0000000;80.0000043;0;-2.333997E-06;-0.01942634;-0.01278659;-0.0000043
7008.25023651123;80.0000000;80.0000638;-7.108439E-06;4.610269E-05;-0.02278026;-0.002123696;-0.0000638
7009.31310653687;80.0000000;80.0000638;-7.108439E-06;1.597179E-05;-0.02129867;-0.003954931;-0.0000638
7010.37549972534;80.0000000;80.0000043;0;-3.556384E-05;-0.01783279;-0.03901805;-0.0000043
7011.43789291382;80.0000000;80.0000043;0;-1.232072E-05;-0.01902191;-0.007909862;-0.0000043
7012.50028610229;80.0000000;80.0000043;0;-4.801929E-06;-0.01940657;-0.01875979;-0.0000043
7013.56267929077;80.0000000;80.0000042;0;7.051409E-06;-0.0200007;0.004874665;-0.0000042
7014.62554931641;80.0000000;80.0000042;0;2.748247E-06;-0.01978056;-0.008864739;-0.0000042
7015.68794250488;80.0000000;80.0000042;0;9.521009E-07;-0.01968867;-0.03399459;-0.0000042
7016.75033569336;80.0000000;80.0000042;0;6.247614E-06;-0.01995382;-0.006558124;-0.0000042
7017.81272888184;80.0000000;80.0000042;0;2.16442E-06;-0.01974493;-0.02666759;-0.0000042
7018.87559890747;80.0000000;80.0000042;0;1.222695E-05;-0.02024242;-0.003040343;-0.0000042
7019.93799209595;80.0000000;80.0000042;0;4.235898E-06;-0.0198336;-0.03150505;-0.0000042
7021.00038528442;80.0000000;80.0000042;0;1.650917E-06;-0.01970136;-0.02414291;-0.0000042
7022.0627784729;80.0000000;80.0000042;0;5.719428E-07;-0.01964615;-0.03678481;-0.0000042
7023.12517166138;80.0000000;79.9999447;6.16139E-06;-3.279536E-05;-0.01710319;-0.007917067;0.0000553
7024.18804168701;80.0000000;80.0000042;0;9.251541E-06;-0.02006136;-0.03483992;-0.0000042
7025.25043487549;80.0000000;80.0000042;0;3.605736E-06;-0.01977252;-0.0126419;-0.0000042
7026.31282806396;80.0000000;80.0000043;0;-2.550736E-05;-0.01832378;-0.0105854;-0.0000043
7027.37522125244;80.0000000;80.0000043;0;-9.94135E-06;-0.01912013;-0.04817423;-0.0000043
7028.43809127808;80.0000000;80.0000043;0;-3.444075E-06;-0.01945253;0.001284539;-0.0000043
7029.50048446655;80.0000000;79.9999447;6.16139E-06;-3.074121E-05;-0.0172136;0.007801347;0.0000553
7030.56287765503;80.0000000;80.0000042;0;3.113878E-05;-0.02115181;-0.02831899;-0.0000042
7031.62527084351;80.0000000;80.0000042;0;1.213616E-05;-0.02017964;-0.03183369;-0.0000042
7032.68766403198;80.0000000;80.0000042;0;4.204446E-06;-0.01977386;-0.01362677;-0.0000042
7033.75053405762;80.0000000;80.0000042;0;1.638659E-06;-0.01964259;-0.02450875;-0.0000042
7034.81292724609;80.0000000;80.0000042;0;5.67696E-07;-0.0195878;-0.01117444;-0.0000042
7035.87532043457;80.0000000;80.0000042;0;2.212563E-07;-0.01957007;-0.03147506;-0.0000042
7036.93771362305;80.0000000;79.9999447;6.16139E-06;-2.927292E-05;-0.01721949;-0.0157143;0.0000553
7038.00058364868;80.0000000;79.9999447;6.16139E-06;-1.140896E-05;-0.01808726;-0.01066186;0.0000553
7039.06297683716;80.0000000;80.0000042;0;3.319305E-05;-0.0211473;-0.0475893;-0.0000042
7040.12537002563;80.0000000;80.0000042;0;1.29368E-05;-0.02011099;-0.006010401;-0.0000042
7041.18776321411;80.0000000;80.0000042;0;4.481818E-06;-0.01967844;-0.01626717;-0.0000042
7042.25015640259;80.0000000;80.0000042;0;1.746763E-06;-0.01953851;-0.01399569;-0.0000042
7043.31302642822;80.0000000;80.0000042;0;6.051476E-07;-0.01948011;0.002346902;-0.0000042
7044.3754196167;80.0000000;80.0000042;0;2.358529E-07;-0.01946122;-0.004983181;-0.0000042
7045.43781280518;80.0000000;80.0000042;0;8.170873E-08;-0.01945333;-0.04381831;-0.0000042
7046.50020599365;80.0000000;79.9999447;6.16139E-06;-4.69805E-05;-0.01622704;0.007070705;0.0000553
7047.56307601929;80.0000000;79.9999447;6.16139E-06;-1.62759E-05;-0.01774597;-0.04070152;0.0000553
7048.62546920776;80.0000000;80.0000042;0;2.010742E-05;-0.02040861;-0.04825274;-0.0000042
7049.68786239624;80.0000000;80.0000042;0;6.966001E-06;-0.0197363;-0.01369912;-0.0000042
7050.75025558472;80.0000000;80.0000042;0;1.84152E-05;-0.02029896;-0.02055588;-0.0000042
7051.81264877319;80.0000000;80.0000042;0;6.379752E-06;-0.01968323;-0.02919227;-0.0000042
7052.87551879883;80.0000000;80.0000042;0;2.486472E-06;-0.01948405;-0.03795569;-0.0000042
7053.9379119873;80.0000000;80.0000042;0;8.614119E-07;-0.01940091;-0.01032911;-0.0000042
7055.00030517578;80.0000000;80.0000042;0;3.357304E-07;-0.01937402;-0.03205689;-0.0000042
7056.06269836426;80.0000000;80.0000638;-7.108439E-06;3.73243E-05;-0.02215632;-0.008205412;-0.0000638
7057.12556838989;80.0000000;80.0000638;-7.108439E-06;1.454693E-05;-0.02104428;-0.0228966;-0.0000638
7058.18796157837;80.0000000;80.0000638;-7.108439E-06;5.039632E-06;-0.02061778;-0.01425199;-0.0000638
7059.25035476685;80.0000000;80.0000043;0;-2.122562E-05;-0.01841146;-0.02967588;-0.0000043
7060.31274795532;80.0000000;80.0000043;0;-7.353392E-06;-0.01912116;2.05839E-06;-0.0000043
7061.37561798096;80.0000000;80.0000043;0;-2.865943E-06;-0.01935074;-0.01663197;-0.0000043
7062.43801116943;80.0000000;80.0000043;0;-9.928757E-07;-0.01944656;-0.03747619;-0.0000043
7063.50040435791;80.0000000;80.0000043;0;-3.869677E-07;-0.01947756;-0.01905225;-0.0000043
7064.56279754639;80.0000000;80.0000043;0;-1.340608E-07;-0.0194905;-0.006446521;-0.0000043
7065.62519073486;80.0000000;80.0000043;0;-5.224945E-08;-0.01949469;-0.0325333;-0.0000043
7066.6880607605;80.0000000;80.0000043;0;-1.810127E-08;-0.01949644;-0.01413832;-0.0000043
7067.75045394897;80.0000000;80.0000043;0;-7.054867E-09;-0.01949701;-0.02729589;-0.0000043
7068.81284713745;80.0000000;80.0000043;0;-2.444084E-09;-0.01949724;-0.00201621;-0.0000043
7069.87524032593;80.0000000;80.0000043;0;-9.52568E-10;-0.01949732;-0.01172217;-0.0000043
7070.93811035156;80.0000000;80.0000043;0;-3.300071E-10;-0.01949735;-0.03388813;-0.0000043
7072.00050354004;80.0000000;80.0000043;0;-1.286184E-10;-0.01949736;-0.01593853;-0.0000043
7073.06289672852;80.0000000;80.0000043;0;-4.455849E-11;-0.01949737;0.00326252;-0.0000043
7074.12528991699;80.0000000;80.0000043;0;-1.736642E-11;-0.01949737;-0.02070056;-0.0000043
7075.18768310547;80.0000000;80.0000043;0;-6.016413E-12;-0.01949737;-0.01714558;-0.0000043
7076.2505531311;80.0000000;80.0000043;0;-2.344863E-12;-0.01949737;-0.03147402;-0.0000043
7077.31294631958;80.0000000;80.0000043;0;-8.12353E-13;-0.01949737;-0.03249507;-0.0000043
7078.37533950806;80.0000000;80.0000043;0;-3.1661E-13;-0.01949737;-0.04147141;-0.0000043
7079.43773269653;80.0000000;80.0000043;0;-1.096862E-13;-0.01949737;-0.00934012;-0.0000043
7080.50060272217;80.0000000;80.0000043;0;-4.274957E-14;-0.01949737;-0.001427169;-0.0000043
7081.56299591064;80.0000000;80.0000638;-7.108439E-06;3.714556E-05;-0.02228696;0.001577002;-0.0000638
7082.62538909912;80.0000000;80.0000639;-7.119581E-06;9.32391E-06;-0.02092449;-0.02916432;-0.0000639
7083.6877822876;80.0000000;80.0000639;-7.119581E-06;3.23017E-06;-0.02067273;-0.02619427;-0.0000639
7084.75017547607;80.0000000;80.0000639;-7.119581E-06;1.258941E-06;-0.02062521;-0.01450827;-0.0000639
7085.81304550171;80.0000000;80.0000639;-7.119581E-06;4.361466E-07;-0.0206431;-0.01421273;-0.0000639
7086.87543869019;80.0000000;80.0000043;0;-2.305878E-05;-0.0185771;-0.01058746;-0.0000043
7087.93783187866;80.0000000;80.0000638;-7.108439E-06;4.490042E-05;-0.02292315;-0.03344789;-0.0000638
7089.00022506714;80.0000000;80.0000638;-7.108439E-06;1.749969E-05;-0.02157457;-0.02391971;-0.0000638
7090.06309509277;80.0000000;80.0000043;0;-3.572617E-05;-0.01802888;-0.01417758;-0.0000043
7091.12548828125;80.0000000;79.9999447;6.16139E-06;-6.101543E-05;-0.01591574;-0.00894017;0.0000553
7092.18788146973;80.0000000;80.0000042;0;2.06506E-05;-0.02086621;-0.02399205;-0.0000042
7093.2502746582;80.0000000;80.0000638;-7.108439E-06;4.525644E-05;-0.02301502;-0.03070001;-0.0000638
7094.31266784668;80.0000000;80.0000638;-7.108439E-06;1.567862E-05;-0.02156172;-0.01161159;-0.0000638
7095.37553787231;80.0000000;80.0000638;-7.108439E-06;6.110652E-06;-0.02112547;-0.007766204;-0.0000638
7096.43793106079;80.0000000;80.0000638;-7.108439E-06;2.11697E-06;-0.02098105;-0.02341021;-0.0000638
7097.50032424927;80.0000000;80.0000043;0;-2.236471E-05;-0.01886597;-0.007654601;-0.0000043
7098.56271743774;80.0000000;79.9999447;6.16139E-06;-3.388038E-05;-0.01742865;-0.02630381;0.0000553
7099.62558746338;80.0000000;80.0000042;0;9.985103E-06;-0.02047985;0.005347986;-0.0000042
7100.68798065186;80.0000000;80.0000042;0;3.459233E-06;-0.02014599;-0.01461473;-0.0000042
7101.75037384033;80.0000000;80.0000042;0;1.348216E-06;-0.02003799;-0.02033679;-0.0000042
7102.81276702881;80.0000000;80.0000042;0;4.670752E-07;-0.0199929;-0.0156399;-0.0000042
7103.87516021729;80.0000000;80.0000042;0;1.8204E-07;-0.01997833;-0.02318496;-0.0000042
7104.93803024292;80.0000000;80.0000042;0;6.306581E-08;-0.01997224;-0.02648467;-0.0000042
7106.0004234314;80.0000000;80.0000042;0;2.457954E-08;-0.01997027;0.01252927;-0.0000042
7107.06281661987;80.0000000;80.0000042;0;8.515324E-09;-0.01996945;-0.01857172;-0.0000042
7108.12520980835;80.0000000;80.0000042;0;3.318799E-09;-0.01996919;-0.02666759;-0.0000042
7109.18807983398;80.0000000;80.0000042;0;1.149763E-09;-0.01996908;-0.02487253;-0.0000042
7110.25047302246;80.0000000;80.0000042;0;4.481135E-10;-0.01996903;-0.03605417;-0.0000042
7111.31286621094;80.0000000;80.0000042;0;1.552442E-10;-0.01996902;0.0005156687;-0.0000042
7112.37525939941;80.0000000;80.0000042;0;6.050555E-11;-0.01996901;-0.004469571;-0.0000042
7113.43765258789;80.0000000;80.0000042;0;2.096151E-11;-0.01996901;-0.03821198;-0.0000042
7114.50052261353;80.0000000;80.0000042;0;8.169629E-12;-0.01996901;-0.004725861;-0.0000042
7115.562915802;80.0000000;80.0000042;0;2.830281E-12;-0.01996901;-0.01208594;-0.0000042
7116.62530899048;80.0000000;80.0000042;0;5.87654E-06;-0.02026389;-0.02256591;-0.0000042
7117.68770217896;80.0000000;80.0000042;0;2.035865E-06;-0.0200674;-0.02011461;-0.0000042
7118.75057220459;80.0000000;80.0000042;0;7.934667E-07;-0.02000384;-0.01158056;-0.0000042
7119.81296539307;80.0000000;80.0000042;0;2.748882E-07;-0.01997731;-0.02373782;-0.0000042
7120.87535858154;80.0000000;80.0000042;0;1.071361E-07;-0.01996873;-0.01894064;-0.0000042
7121.93775177002;80.0000000;80.0000042;0;3.711617E-08;-0.01996514;-0.03861605;-0.0000042
7123.00062179565;80.0000000;80.0000042;0;1.446582E-08;-0.01996398;-0.03517267;-0.0000042
7124.06301498413;80.0000000;79.9999447;6.16139E-06;-4.153197E-05;-0.01700834;-0.007547115;0.0000553
7125.12540817261;80.0000000;79.9999447;6.16139E-06;-3.014262E-05;-0.01756794;-0.008097925;0.0000553
7126.18780136108;80.0000000;79.9999447;6.16139E-06;-1.044259E-05;-0.01852387;-0.01175628;0.0000553
7127.25019454956;80.0000000;80.0000042;0;2.527964E-05;-0.02114693;-0.00517227;-0.0000042
7128.3130645752;80.0000000;80.0000042;0;8.757863E-06;-0.02030168;-0.02227242;-0.0000042
7129.37545776367;80.0000000;80.0000042;0;3.413328E-06;-0.02002826;-0.02846265;-0.0000042
7130.43785095215;80.0000000;80.0000042;0;1.182511E-06;-0.01991413;-0.01337357;-0.0000042
7131.50024414063;80.0000000;80.0000042;0;4.608771E-07;-0.01987721;-0.002711708;-0.0000042
7132.56311416626;80.0000000;80.0000042;0;1.59666E-07;-0.01986179;-0.009816529;-0.0000042
7133.62550735474;80.0000000;80.0000042;0;6.222891E-08;-0.01985681;-0.01608116;-0.0000042
7134.68790054321;80.0000000;80.0000042;0;2.155855E-08;-0.01985473;-0.008462732;-0.0000042
7135.75029373169;80.0000000;80.0000042;0;8.402322E-09;-0.01985406;-0.005018324;-0.0000042
7136.81268692017;80.0000000;80.0000042;0;2.910896E-09;-0.01985378;-0.008608448;-0.0000042
7137.8755569458;80.0000000;79.9999447;6.16139E-06;-2.934844E-05;-0.0175105;-0.01227606;0.0000553
7138.93795013428;80.0000000;80.0000042;0;2.285082E-05;-0.02096499;-0.01838983;-0.0000042
7140.00034332275;80.0000000;80.0000042;0;8.905978E-06;-0.02025157;-0.001577002;-0.0000042
7141.06273651123;80.0000000;80.0000638;-7.108439E-06;3.248428E-05;-0.02236111;-0.04033259;-0.0000638
7142.12560653687;80.0000000;80.0000638;-7.108439E-06;1.266057E-05;-0.02140018;-0.01124781;-0.0000638
7143.18799972534;80.0000000;79.9999447;6.16139E-06;-6.879376E-05;-0.01556436;-0.002343816;0.0000553
7144.25039291382;80.0000000;79.9999447;6.16139E-06;-2.681198E-05;-0.01766599;-0.01330122;0.0000553
7145.31278610229;80.0000000;80.0000042;0;2.372955E-05;-0.02103567;-0.02703754;-0.0000042
7146.37517929077;80.0000000;80.0000042;0;9.248457E-06;-0.02029482;-0.02747469;-0.0000042
7147.43804931641;80.0000000;80.0000042;0;3.20403E-06;-0.01998558;-0.01150102;-0.0000042
7148.50044250488;80.0000000;80.0000042;0;1.248752E-06;-0.01988555;-0.02359211;-0.0000042
7149.56283569336;80.0000000;80.0000042;0;4.326171E-07;-0.01984379;-0.03579376;-0.0000042
7150.62522888184;80.0000000;80.0000042;0;1.6861E-07;-0.01983028;-0.01769228;-0.0000042
7151.68809890747;80.0000000;79.9999447;6.16139E-06;-2.929116E-05;-0.01748146;-0.02179704;0.0000553
7152.75049209595;80.0000000;79.9999447;6.16139E-06;-1.141606E-05;-0.01834979;-0.005459589;0.0000553
7153.81288528442;80.0000000;80.0000042;0;2.213354E-05;-0.02086171;-0.03036932;-0.0000042
7154.8752784729;80.0000000;80.0000042;0;8.626421E-06;-0.02017068;-0.007067619;-0.0000042
7155.93767166138;80.0000000;80.0000042;0;2.988533E-06;-0.01988225;-0.01289716;-0.0000042
7157.00054168701;80.0000000;80.0000042;0;1.164764E-06;-0.01978894;-0.007144078;-0.0000042
7158.06293487549;80.0000000;80.0000042;0;4.0352E-07;-0.01975;-0.02055073;-0.0000042
7159.12532806396;80.0000000;79.9999447;6.16139E-06;-2.919231E-05;-0.01739421;-0.02128755;0.0000553
7160.18772125244;80.0000000;80.0000042;0;2.703219E-05;-0.02104886;-0.01630231;-0.0000042
7161.25059127808;80.0000000;80.0000042;0;1.053564E-05;-0.0202049;-0.01007282;-0.0000042
7162.31298446655;80.0000000;80.0000042;0;3.649963E-06;-0.01985263;-0.03674761;-0.0000042
7163.37537765503;80.0000000;80.0000042;0;1.422552E-06;-0.01973867;-0.03003966;-0.0000042
7164.43777084351;80.0000000;80.0000638;-7.108439E-06;2.989173E-05;-0.02209843;-0.02667068;-0.0000638
7165.50016403198;80.0000000;80.0000638;-7.108439E-06;1.165013E-05;-0.02121843;-0.005458561;-0.0000638
7166.56303405762;80.0000000;79.9999447;6.16139E-06;-8.195999E-05;-0.0147798;-0.0220151;0.0000553
7167.62542724609;80.0000000;80.0000042;0;-5.854929E-06;-0.01947461;-0.02663553;-0.0000042
7168.68782043457;80.0000000;80.0000042;0;-2.028378E-06;-0.01967038;-0.02535408;-0.0000042
7169.75021362305;80.0000000;80.0000042;0;-7.905488E-07;-0.0197337;-0.02520734;-0.0000042
7170.81308364868;80.0000000;80.0000042;0;6.655886E-06;-0.02010312;-0.0121624;-0.0000042
7171.87547683716;80.0000000;80.0000042;0;2.594094E-06;-0.01989532;0.00468866;-0.0000042
7172.93787002563;80.0000000;80.0000042;0;8.986964E-07;-0.01980858;-0.01274733;-0.0000042
7174.00026321411;80.0000000;80.0000043;0;-9.43925E-06;-0.01930041;-0.03037343;-0.0000043
7175.06265640259;80.0000000;80.0000043;0;-3.270128E-06;-0.01961602;-0.004395169;-0.0000043
7176.12552642822;80.0000000;80.0000043;0;-1.274514E-06;-0.01971812;-0.03938389;-0.0000043
7177.1879196167;80.0000000;80.0000043;0;-4.415418E-07;-0.01976073;-0.01589721;-0.0000043
7178.25031280518;80.0000000;80.0000043;0;-1.720884E-07;-0.01977452;-0.02853706;-0.0000043
7179.31270599365;80.0000000;79.9999447;6.16139E-06;-4.19186E-05;-0.01681366;-0.0195266;0.0000553
7180.37557601929;80.0000000;79.9999447;6.16139E-06;-1.633754E-05;-0.01807623;-0.01882801;0.0000553
7181.43796920776;80.0000000;80.0000042;0;3.148559E-05;-0.02130107;-0.005678679;-0.0000042
7182.50036239624;80.0000000;80.0000042;0;1.517006E-05;-0.0204606;-0.03476552;-0.0000042
7183.56275558472;80.0000000;80.0000042;0;5.255504E-06;-0.01995337;-0.02567963;-0.0000042
7184.62562561035;80.0000000;80.0000042;0;2.048303E-06;-0.01978929;-0.02414189;-0.0000042
7185.68801879883;80.0000000;80.0000042;0;7.096129E-07;-0.0197208;-0.01447005;-0.0000042
7186.7504119873;80.0000000;80.0000042;0;2.765676E-07;-0.01969864;-0.00318606;-0.0000042
7187.81280517578;80.0000000;80.0000042;0;9.581392E-08;-0.0196894;-0.02190967;-0.0000042
7188.87519836426;80.0000000;80.0000042;0;3.734294E-08;-0.01968641;-0.003515723;-0.0000042
7189.93806838989;80.0000000;80.0000042;0;1.293707E-08;-0.01968516;-0.02447258;-0.0000042
7191.00046157837;80.0000000;80.0000042;0;1.570528E-05;-0.0204649;-0.001097506;-0.0000042
7192.06285476685;80.0000000;80.0000042;0;5.440927E-06;-0.01993978;-0.01762096;-0.0000042
7193.12524795532;80.0000000;80.0000042;0;2.120571E-06;-0.01976991;-0.01388512;-0.0000042
7194.18811798096;80.0000000;80.0000638;-7.108439E-06;5.371243E-05;-0.02327935;-0.02076777;-0.0000638
7195.25051116943;80.0000000;80.0000638;-7.108439E-06;2.093411E-05;-0.02165566;-0.001941808;-0.0000638
7196.31290435791;80.0000000;80.0000638;-7.108439E-06;7.252401E-06;-0.0210156;-0.0432303;-0.0000638
7197.37529754639;80.0000000;80.0000043;0;-2.326193E-05;-0.01859855;-0.02095582;-0.0000043
7198.43769073486;80.0000000;79.9999447;6.16139E-06;-4.526684E-05;-0.01664191;-0.01164879;0.0000553
7199.5005607605;80.0000000;79.9999447;6.16139E-06;-1.764249E-05;-0.01800902;-0.004176079;0.0000553
7200.56295394897;80.0000000;79.9999447;6.16139E-06;-2.598267E-05;-0.01755349;-0.006958074;0.0000553
7201.62534713745;80.0000000;80.0000042;0;1.306319E-05;-0.02035812;-0.02289763;-0.0000042
7202.68774032593;80.0000000;80.0000042;0;4.525604E-06;-0.01992135;-0.05154629;-0.0000042
7203.75061035156;80.0000000;80.0000042;0;1.763828E-06;-0.01978005;-0.003260462;-0.0000042
7204.81300354004;80.0000000;80.0000042;0;6.110597E-07;-0.01972107;-0.02798933;-0.0000042
7205.87539672852;80.0000000;80.0000042;0;2.381571E-07;-0.019702;-0.0429399;-0.0000042
7206.93778991699;80.0000000;80.0000042;0;8.2507E-08;-0.01969403;-0.007398312;-0.0000042
7208.00018310547;80.0000000;80.0000042;0;3.215664E-08;-0.01969146;-0.02286249;-0.0000042
7209.0630531311;80.0000000;80.0000638;-7.108439E-06;4.71025E-05;-0.02297623;-0.005458561;-0.0000638
7210.12544631958;80.0000000;80.0000638;-7.108439E-06;1.835793E-05;-0.02155891;-0.002235299;-0.0000638
7211.18783950806;80.0000000;79.9999447;6.16139E-06;-8.25202E-05;-0.01475598;-0.007616372;0.0000553
7212.25023269653;80.0000000;79.9998851;1.280188E-05;-6.936977E-05;-0.01452183;0.007546085;0.0001149
7213.31310272217;80.0000000;79.9998851;1.280188E-05;-2.403242E-05;-0.01673341;-0.002124726;0.0001149
7214.37549591064;80.0000000;79.9998851;1.280188E-05;-9.366502E-06;-0.01738782;-0.02919947;0.0001149
7215.43788909912;80.0000000;80.0000042;0;7.163233E-05;-0.02311517;-0.01029088;-0.0000042
7216.5002822876;80.0000000;80.0000042;0;2.79183E-05;-0.02087876;-0.009306005;-0.0000042
7217.56267547607;80.0000000;80.0000042;0;9.671999E-06;-0.01994528;-0.01238046;-0.0000042
7218.62554550171;80.0000000;80.0000042;0;3.769607E-06;-0.01964332;-0.01113724;-0.0000042
7219.68793869019;80.0000000;80.0000042;0;1.30594E-06;-0.01951728;0.002565992;-0.0000042
7220.75033187866;80.0000000;80.0000042;0;5.08983E-07;-0.0194765;-0.03429322;-0.0000042
7221.81272506714;80.0000000;80.0000042;0;1.763318E-07;-0.01945949;-0.01831749;-0.0000042
7222.87559509277;80.0000000;80.0000042;0;6.87243E-08;-0.01945398;-0.01355649;-0.0000042
7223.93798828125;80.0000000;80.0000638;-7.108439E-06;2.615617E-05;-0.02169855;-0.02073365;-0.0000638
7225.00038146973;80.0000000;80.0000638;-7.108439E-06;1.019422E-05;-0.02093519;-0.01743907;-0.0000638
7226.0627746582;80.0000000;80.0000043;0;-2.255683E-05;-0.01841036;-0.008643592;-0.0000043
7227.12516784668;80.0000000;79.9999447;6.16139E-06;-3.202016E-05;-0.01707226;-0.02732589;0.0000553
7228.18803787231;80.0000000;79.9999447;6.16139E-06;-1.109305E-05;-0.01809097;-0.002818167;0.0000553
7229.25043106079;80.0000000;80.0000042;0;2.502613E-05;-0.02073434;-0.01523995;-0.0000042
7230.31282424927;80.0000000;80.0000638;-7.108439E-06;4.587802E-05;-0.02269109;-0.02886775;-0.0000638
7231.37521743774;80.0000000;80.0000043;0;-3.50082E-05;-0.01773695;-0.02677919;-0.0000043
7232.43808746338;80.0000000;79.9999447;6.16139E-06;-4.520198E-05;-0.01637879;-0.004063446;0.0000553
7233.50048065186;80.0000000;79.9999447;6.16139E-06;-1.761721E-05;-0.01774387;-0.002161927;0.0000553
7234.56287384033;80.0000000;80.0000042;0;2.41125E-05;-0.0206685;-0.01043865;-0.0000042
7235.62526702881;80.0000000;80.0000042;0;9.397711E-06;-0.0199157;-0.03015023;-0.0000042
7236.68766021729;80.0000000;80.0000042;0;3.255738E-06;-0.01960147;-0.02685462;-0.0000042
7237.75053024292;80.0000000;80.0000042;0;1.268906E-06;-0.01949982;-0.02374091;-0.0000042
7238.8129234314;80.0000000;80.0000042;0;3.016243E-06;-0.01958345;-0.02890598;-0.0000042
7239.87531661987;80.0000000;80.0000042;0;1.175564E-06;-0.01948928;-0.01883213;-0.0000042
7240.93770980835;80.0000000;80.0000042;0;4.072616E-07;-0.01944997;-0.01252824;-0.0000042
7242.00057983398;80.0000000;80.0000042;0;4.28601E-06;-0.01964264;-0.02535202;-0.0000042
7243.06297302246;80.0000000;80.0000042;0;1.135164E-05;-0.01999258;-0.03498769;-0.0000042
7244.12536621094;80.0000000;80.0000042;0;8.092934E-06;-0.0198201;-0.01315551;-0.0000042
7245.18775939941;80.0000000;80.0000042;0;6.472409E-06;-0.01973142;-0.03044269;-0.0000042
7246.25062942505;80.0000000;80.0000042;0;2.522585E-06;-0.01952935;-0.03268005;-0.0000042
7247.31302261353;80.0000000;80.0000042;0;8.739229E-07;-0.019445;-0.01208697;-0.0000042
7248.375415802;80.0000000;80.0000042;0;3.406065E-07;-0.01941772;-0.02582843;-0.0000042
7249.43780899048;80.0000000;80.0000638;-7.108439E-06;2.334676E-05;-0.02151131;-0.01124678;-0.0000638
7250.50020217896;80.0000000;80.0000638;-7.108439E-06;9.099267E-06;-0.02083565;-0.00249159;-0.0000638
7251.56307220459;80.0000000;80.0000042;0;2.354325E-06;-0.01960416;-0.01637465;-0.0000042
7252.62546539307;80.0000000;80.0000042;0;1.074607E-05;-0.02001617;-0.02722354;-0.0000042
7253.68785858154;80.0000000;80.0000638;-7.108439E-06;5.081422E-05;-0.02294271;-0.01399261;-0.0000638
7254.75025177002;80.0000000;80.0000043;0;-2.720779E-05;-0.01812844;-0.003443379;-0.0000043
7255.81312179565;80.0000000;80.0000043;0;-9.42585E-06;-0.01903816;0.004981122;-0.0000043
7256.87551498413;80.0000000;80.0000043;0;-3.673671E-06;-0.01933245;-0.03396253;-0.0000043
7257.93790817261;80.0000000;80.0000043;0;-1.272705E-06;-0.01945528;-0.04905881;-0.0000043
7259.00030136108;80.0000000;80.0000043;0;-4.960294E-07;-0.01949502;-0.0208804;-0.0000043
7260.06269454956;80.0000000;80.0000043;0;-1.718441E-07;-0.0195116;-0.01036528;-0.0000043
7261.1255645752;80.0000000;80.0000043;0;-6.697527E-08;-0.01951697;-0.01960203;-0.0000043
7262.18795776367;80.0000000;80.0000043;0;-2.320287E-08;-0.01951921;-0.02761938;-0.0000043
7263.25035095215;80.0000000;80.0000043;0;-9.043188E-09;-0.01951993;-0.02128755;-0.0000043
7264.31274414063;80.0000000;80.0000043;0;-3.132917E-09;-0.01952024;-0.0190471;-0.0000043
7265.37561416626;80.0000000;80.0000043;0;-1.221036E-09;-0.01952033;-0.03670938;-0.0000043
7266.43800735474;80.0000000;80.0000043;0;-4.230152E-10;-0.01952038;-0.02674405;-0.0000043
7267.50040054321;80.0000000;80.0000043;0;-1.648678E-10;-0.01952039;0.01022162;-0.0000043
7268.56279373169;80.0000000;80.0000042;0;7.746598E-06;-0.01990443;-0.01139353;-0.0000042
7269.62518692017;80.0000000;80.0000042;0;2.394303E-05;-0.02070419;-0.03989853;-0.0000042
7270.6880569458;80.0000000;80.0000042;0;1.935186E-05;-0.020452;-0.01523892;-0.0000042
7271.75045013428;80.0000000;80.0000042;0;1.218547E-05;-0.0200796;-0.01597264;-0.0000042
7272.81284332275;80.0000000;80.0000042;0;2.776084E-05;-0.02084759;-0.0349174;-0.0000042
7273.87523651123;80.0000000;80.0000042;0;2.94186E-05;-0.02090355;-0.003920817;-0.0000042
7274.93810653687;80.0000000;80.0000638;-7.108439E-06;5.205075E-05;-0.02294472;-0.004761003;-0.0000638
7276.00049972534;80.0000000;80.0000638;-7.108439E-06;2.028648E-05;-0.02137291;-0.03246096;-0.0000638
7277.06289291382;80.0000000;80.0000043;0;-3.011752E-05;-0.01796492;-0.01593133;-0.0000043
7278.12528610229;80.0000000;79.9998851;1.280188E-05;-9.190325E-05;-0.01311898;0.002929769;0.0001149
7279.18767929077;80.0000000;79.9999446;6.172531E-06;-5.750395E-06;-0.01829663;-0.02256488;0.0000554
7280.25054931641;80.0000000;80.0000042;0;3.96178E-05;-0.02139722;-0.02161412;-0.0000042
7281.31294250488;80.0000000;80.0000638;-7.108439E-06;4.312407E-05;-0.02247988;-0.02318804;-0.0000638
7282.37533569336;80.0000000;80.0000638;-7.108439E-06;1.680736E-05;-0.02118676;-0.00644755;-0.0000638
7283.43772888184;80.0000000;80.0000043;0;-3.132283E-05;-0.01789511;-0.03103173;-0.0000043
7284.50059890747;80.0000000;79.9999447;6.16139E-06;-5.929925E-05;-0.01564449;-0.04117792;0.0000553
7285.56299209595;80.0000000;79.9999447;6.16139E-06;-2.05436E-05;-0.01757531;-7.440122E-05;0.0000553
7286.62538528442;80.0000000;79.9999447;6.16139E-06;-1.126782E-05;-0.01800948;-0.03018846;0.0000553
7287.6877784729;80.0000000;80.0000042;0;3.06653E-05;-0.02093875;-0.01340871;-0.0000042
7288.75017166138;80.0000000;80.0000042;0;1.195163E-05;-0.01998136;-0.02128446;-0.0000042
7289.81304168701;80.0000000;80.0000638;-7.108439E-06;5.123187E-05;-0.02286759;-0.01348003;-0.0000638
7290.87543487549;80.0000000;80.0000638;-7.108439E-06;1.996733E-05;-0.02132135;-0.02982262;-0.0000638
7291.93782806396;80.0000000;80.0000043;0;-3.487129E-05;-0.01769314;-0.0186823;-0.0000043
7293.00022125244;80.0000000;79.9999447;6.16139E-06;-5.544987E-05;-0.01581523;-0.02256694;0.0000553
7294.06309127808;80.0000000;80.0000042;0;2.780233E-05;-0.02084108;-0.02377502;-0.0000042
7295.12548446655;80.0000000;80.0000042;0;1.08358E-05;-0.01997307;-0.01985215;-0.0000042
7296.18787765503;80.0000000;80.0000638;-7.108439E-06;4.561293E-05;-0.02263558;-0.03348612;-0.0000638
7297.25027084351;80.0000000;80.0000638;-7.108439E-06;1.777738E-05;-0.02126476;-0.01018442;-0.0000638
7298.31266403198;80.0000000;80.0000638;-7.108439E-06;6.158787E-06;-0.02073025;-0.009779328;-0.0000638
7299.37553405762;80.0000000;79.9999447;6.16139E-06;-6.264842E-05;-0.01552237;-0.0262325;0.0000553
7300.43792724609;80.0000000;79.9999447;6.16139E-06;-2.758043E-05;-0.0172703;0.0005890407;0.0000553
7301.50032043457;80.0000000;80.0000042;0;2.226896E-05;-0.02061034;-0.02949193;-0.0000042
7302.56271362305;80.0000000;80.0000042;0;7.714844E-06;-0.01986575;-0.02842751;-0.0000042
7303.62558364868;80.0000000;80.0000042;0;3.006817E-06;-0.01962489;-0.02762555;-0.0000042
7304.68797683716;80.0000000;79.9999447;6.16139E-06;-3.610388E-05;-0.01679386;-0.04293887;0.0000553
7305.75037002563;80.0000000;80.0000042;0;9.118508E-06;-0.01991449;-0.03612137;-0.0000042
7306.81276321411;80.0000000;80.0000042;0;3.159011E-06;-0.01960959;0.0001839466;-0.0000042
7307.87563323975;80.0000000;79.9999447;6.16139E-06;-2.195858E-05;-0.01747137;-0.02601238;0.0000553
7308.93802642822;80.0000000;79.9999447;6.16139E-06;-7.607318E-06;-0.01815366;-0.02278295;0.0000553
7310.0004196167;80.0000000;80.0000042;0;3.418065E-05;-0.02107551;-0.03484095;-0.0000042
7311.06281280518;80.0000000;80.0000042;0;1.184152E-05;-0.01993264;-0.00633492;-0.0000042
7312.12520599365;80.0000000;80.0000042;0;4.615167E-06;-0.01956294;-0.03436556;-0.0000042
7313.18807601929;80.0000000;80.0000042;0;1.598876E-06;-0.01940863;-0.0293793;-0.0000042
7314.25046920776;80.0000000;79.9999447;6.16139E-06;-3.239512E-05;-0.0168336;-0.01564401;0.0000553
7315.31286239624;80.0000000;80.0000042;0;1.812663E-05;-0.02020804;-0.03494946;-0.0000042
7316.37525558472;80.0000000;80.0000042;0;7.064751E-06;-0.01964212;0.003628355;-0.0000042
7317.43812561035;80.0000000;80.0000042;0;2.447508E-06;-0.0194059;-0.01310905;-0.0000042
7318.50051879883;80.0000000;80.0000042;0;9.539027E-07;-0.01932948;-0.006888817;-0.0000042
7319.5629119873;80.0000000;80.0000042;0;3.304695E-07;-0.01929758;-0.003255317;-0.0000042
7320.62530517578;80.0000000;80.0000042;0;1.287986E-07;-0.01928727;-0.01820794;-0.0000042
7321.68769836426;80.0000000;80.0000042;0;4.462092E-08;-0.01928296;-0.0180612;-0.0000042
7322.75056838989;80.0000000;80.0000042;0;1.739075E-08;-0.01928157;-0.01238458;-0.0000042
7323.81296157837;80.0000000;80.0000638;-7.108439E-06;3.307979E-05;-0.02186967;-0.02388251;-0.0000638
7324.87535476685;80.0000000;80.0000638;-7.108439E-06;1.289266E-05;-0.02089014;-0.02842751;-0.0000638
7325.93774795532;80.0000000;80.0000043;0;-2.162199E-05;-0.01827509;-0.003076515;-0.0000043
7327.00061798096;80.0000000;79.9999447;6.16139E-06;-4.735605E-05;-0.01612766;-0.007073792;0.0000553
7328.06301116943;80.0000000;80.0000042;0;3.648289E-05;-0.02117776;-0.0126719;-0.0000042
7329.12540435791;80.0000000;80.0000042;0;1.4219E-05;-0.02003874;-0.005200213;-0.0000042
7330.18779754639;80.0000000;80.0000638;-7.108439E-06;4.213401E-05;-0.02235684;-0.007506826;-0.0000638
7331.25019073486;80.0000000;80.0000638;-7.108439E-06;1.642149E-05;-0.02109463;-0.01703604;-0.0000638
7332.3130607605;80.0000000;79.9999447;6.16139E-06;-5.213208E-05;-0.01589396;-0.03322983;0.0000553
7333.37545394897;80.0000000;79.9999447;6.16139E-06;-2.031819E-05;-0.01747541;-0.03429528;0.0000553
7334.43784713745;80.0000000;79.9999447;6.16139E-06;-7.039021E-06;-0.01810285;0.009160289;0.0000553
7335.50024032593;80.0000000;80.0000042;0;3.904534E-05;-0.02123873;-0.003849503;-0.0000042
7336.56311035156;80.0000000;80.0000042;0;1.352684E-05;-0.01993321;-0.003001085;-0.0000042
7337.62550354004;80.0000000;80.0000042;0;5.272011E-06;-0.0195109;-0.04975123;-0.0000042
7338.68789672852;80.0000000;80.0000042;0;1.826432E-06;-0.01933463;0.004358997;-0.0000042
7339.75028991699;80.0000000;80.0000042;0;7.118417E-07;-0.0192776;-0.03674452;-0.0000042
7340.81268310547;80.0000000;79.9999447;6.16139E-06;-5.264228E-05;-0.01573519;-0.001867406;0.0000553
7341.8755531311;80.0000000;80.0000042;0;1.662853E-05;-0.02006305;-0.01996787;-0.0000042
7342.93794631958;80.0000000;80.0000042;0;5.760778E-06;-0.01950706;-0.01494851;-0.0000042
7344.00033950806;80.0000000;80.0000638;-7.108439E-06;3.5319E-05;-0.02191588;-0.01410627;-0.0000638
7345.06273269653;80.0000000;80.0000043;0;-1.09539E-05;-0.01869261;-0.03630943;-0.0000043
7346.12560272217;80.0000000;80.0000043;0;-4.269219E-06;-0.0190346;0.005054495;-0.0000043
7347.18799591064;80.0000000;80.0000043;0;-1.479026E-06;-0.01917735;-0.008423473;-0.0000043
7348.25038909912;80.0000000;80.0000638;-7.108439E-06;2.551207E-05;-0.0214674;-0.0594241;-0.0000638
7349.3127822876;80.0000000;80.0000638;-7.108439E-06;8.838386E-06;-0.02067428;0.01088198;-0.0000638
7350.37517547607;80.0000000;80.0000043;0;-1.974508E-05;-0.01834935;-0.01384895;-0.0000043
7351.43804550171;80.0000000;80.0000043;0;-6.840474E-06;-0.01900955;-0.03707624;-0.0000043
7352.50043869019;80.0000000;80.0000043;0;-2.666036E-06;-0.01922312;-0.01355546;-0.0000043
7353.56283187866;80.0000000;80.0000043;0;-9.236201E-07;-0.01931226;0.01275144;-0.0000043
7354.62522506714;80.0000000;80.0000638;-7.108439E-06;2.572854E-05;-0.02158497;-0.004249452;-0.0000638
7355.68809509277;80.0000000;80.0000638;-7.108439E-06;8.913379E-06;-0.02078461;-0.04022614;-0.0000638
7356.75048828125;80.0000000;80.0000638;-7.108439E-06;3.473939E-06;-0.02055957;-0.007472712;-0.0000638
7357.81288146973;80.0000000;80.0000638;-7.108439E-06;1.203509E-06;-0.02050331;-0.01391923;-0.0000638
7358.8752746582;80.0000000;80.0000638;-7.108439E-06;4.69061E-07;-0.02051898;-0.0140701;-0.0000638
7359.93766784668;80.0000000;80.0000638;-7.108439E-06;1.625012E-07;-0.0205632;-0.002305586;-0.0000638
7361.00053787231;80.0000000;80.0000043;0;-3.295494E-05;-0.01802628;-0.02545951;-0.0000043
7362.06293106079;80.0000000;80.0000043;0;-1.141689E-05;-0.01912817;-0.009081773;-0.0000043
7363.12532424927;80.0000000;80.0000043;0;-4.449668E-06;-0.01948461;-0.02249768;-0.0000043
7364.18771743774;80.0000000;80.0000043;0;-9.337522E-06;-0.01924786;-0.01359266;-0.0000043
7365.25058746338;80.0000000;80.0000638;-7.108439E-06;3.350631E-05;-0.02232896;-0.01099152;-0.0000638
7366.31298065186;80.0000000;80.0000638;-7.108439E-06;1.160791E-05;-0.02126854;-0.01524098;-0.0000638
7367.37537384033;80.0000000;80.0000043;0;-1.866568E-05;-0.01885715;-0.0324961;-0.0000043
7368.43776702881;80.0000000;80.0000043;0;-6.466526E-06;-0.01948126;-0.007800318;-0.0000043
7369.50063705444;80.0000000;80.0000043;0;-2.520292E-06;-0.01968315;-0.01271321;-0.0000043
7370.56303024292;80.0000000;80.0000043;0;-8.731283E-07;-0.01976741;-0.01399158;-0.0000043
7371.6254234314;80.0000000;80.0000638;-7.108439E-06;4.144846E-05;-0.02281515;-0.04458616;-0.0000638
7372.68781661987;80.0000000;80.0000043;0;-2.278618E-05;-0.01869959;-0.01197948;-0.0000043
7373.75020980835;80.0000000;80.0000043;0;-8.880785E-06;-0.01941099;-0.02220316;-0.0000043
7374.81307983398;80.0000000;79.9999447;6.16139E-06;-2.630542E-05;-0.01766559;-0.04931305;0.0000553
7375.87547302246;80.0000000;79.9999447;6.16139E-06;-1.025239E-05;-0.01844071;-0.03458363;0.0000553
7376.93786621094;80.0000000;80.0000042;0;2.253668E-05;-0.02091371;0.006449609;-0.0000042
7378.00025939941;80.0000000;80.0000042;0;8.783543E-06;-0.0202101;-0.02216596;-0.0000042
7379.06312942505;80.0000000;80.0000042;0;3.042966E-06;-0.01991641;-0.006080686;-0.0000042
7380.12552261353;80.0000000;80.0000042;0;1.185979E-06;-0.01982141;-0.02084422;-0.0000042
7381.187915802;80.0000000;79.9999447;6.16139E-06;-4.137788E-05;-0.01681949;-0.02260208;0.0000553
7382.25030899048;80.0000000;79.9999447;6.16139E-06;-1.61268E-05;-0.01806518;-0.005053466;0.0000553
7383.31270217896;80.0000000;79.9999447;6.16139E-06;-3.238734E-05;-0.01721599;-0.01608116;0.0000553
7384.37557220459;80.0000000;80.0000042;0;1.056701E-05;-0.02022058;-0.00520227;-0.0000042
7385.43796539307;80.0000000;80.0000042;0;3.660828E-06;-0.01986726;-0.009594353;-0.0000042
7386.50035858154;80.0000000;80.0000042;0;1.426787E-06;-0.01975297;-0.0250275;-0.0000042
7387.56275177002;80.0000000;79.9999447;6.16139E-06;-4.129446E-05;-0.01674299;-0.02311569;0.0000553
7388.62562179565;80.0000000;80.0000042;0;3.679461E-05;-0.02150469;-0.00197798;-0.0000042
7389.68801498413;80.0000000;79.9999447;6.16139E-06;-2.904165E-05;-0.01731215;-0.04213177;0.0000553
7390.75040817261;80.0000000;80.0000042;0;1.476969E-05;-0.02035482;-0.00985373;-0.0000042
7391.81280136108;80.0000000;80.0000042;0;5.116804E-06;-0.01986098;-0.01047585;-0.0000042
7392.87519454956;80.0000000;80.0000638;-7.108439E-06;3.139315E-05;-0.02210856;-0.01806326;-0.0000638
7393.9380645752;80.0000000;80.0000043;0;-3.613652E-05;-0.01783773;-0.03824713;-0.0000043
7395.00045776367;80.0000000;79.9999447;6.16139E-06;-5.594299E-05;-0.01599933;-0.02960456;0.0000553
7396.06285095215;80.0000000;79.9999447;6.16139E-06;-1.938086E-05;-0.01781792;-0.003187089;0.0000553
7397.12524414063;80.0000000;79.9999447;6.16139E-06;-7.553579E-06;-0.01837686;-0.02513293;0.0000553
7398.18811416626;80.0000000;80.0000042;0;3.45287E-05;-0.02130799;-0.02835722;-0.0000042
7399.25050735474;80.0000000;80.0000638;-7.108439E-06;5.066535E-05;-0.0230235;-0.02535408;-0.0000638
7400.31290054321;80.0000000;80.0000638;-7.108439E-06;1.755247E-05;-0.02138935;-0.0369295;-0.0000638
7401.37529373169;80.0000000;80.0000043;0;-1.924753E-05;-0.01865072;-0.01095638;-0.0000043
7402.43768692017;80.0000000;79.9999447;6.16139E-06;-4.387609E-05;-0.01655985;-0.02461521;0.0000553
7403.5005569458;80.0000000;79.9999447;6.16139E-06;-1.710046E-05;-0.01788354;-0.004654545;0.0000553
7404.56295013428;80.0000000;79.9999447;6.16139E-06;-5.924273E-06;-0.0184034;-0.00421328;0.0000553
7405.62534332275;80.0000000;80.0000042;0;2.41419E-05;-0.02074286;-0.009562296;-0.0000042
7406.68773651123;80.0000000;80.0000042;0;8.363705E-06;-0.01993565;-0.02161412;-0.0000042
7407.75060653687;80.0000000;80.0000042;0;3.259707E-06;-0.01967453;-0.04293578;-0.0000042
7408.81299972534;80.0000000;80.0000042;0;1.129291E-06;-0.01956553;-0.01626408;-0.0000042
7409.87539291382;80.0000000;80.0000042;0;4.401347E-07;-0.01953028;-0.03429116;-0.0000042
7410.93778610229;80.0000000;80.0000042;0;1.5248E-07;-0.01951556;-0.0219779;-0.0000042
7412.00017929077;80.0000000;79.9999447;6.16139E-06;-3.708613E-05;-0.01678031;-0.01567915;0.0000553
7413.06304931641;80.0000000;80.0000042;0;1.034169E-05;-0.020008;-0.02142915;-0.0000042
7414.12544250488;80.0000000;80.0000042;0;4.030615E-06;-0.01968512;0.005495762;-0.0000042
7415.18783569336;80.0000000;80.0000042;0;1.396364E-06;-0.01955036;-0.01014516;-0.0000042
7416.25022888184;80.0000000;80.0000042;0;5.44225E-07;-0.01950677;-0.02340919;-0.0000042
7417.31309890747;80.0000000;80.0000042;0;1.88541E-07;-0.01948857;-0.04198502;-0.0000042
7418.37549209595;80.0000000;80.0000042;0;7.869466E-06;-0.01986999;-0.01491028;-0.0000042
7419.43788528442;80.0000000;80.0000042;0;2.726293E-06;-0.01960686;-0.03483992;-0.0000042
7420.5002784729;80.0000000;80.0000042;0;1.062557E-06;-0.01952174;-0.05118046;-0.0000042
7421.56267166138;80.0000000;79.9999447;6.16139E-06;-5.252078E-05;-0.0159676;-0.0216875;0.0000553
7422.62554168701;80.0000000;79.9999447;6.16139E-06;-2.046968E-05;-0.01756118;-0.02644953;0.0000553
7423.68793487549;80.0000000;79.9999447;6.16139E-06;-7.091504E-06;-0.01819369;-0.02626558;0.0000553
7424.75032806396;80.0000000;79.9999447;6.16139E-06;-2.763873E-06;-0.01836894;-0.03865119;0.0000553
7425.81272125244;80.0000000;80.0000042;0;2.223227E-05;-0.02044903;-0.009745213;-0.0000042
7426.87559127808;80.0000000;80.0000638;-7.108439E-06;4.587289E-05;-0.02254845;-0.01055231;-0.0000638
7427.93798446655;80.0000000;80.0000638;-7.108439E-06;1.589218E-05;-0.02107454;-0.001757862;-0.0000638
7429.00037765503;80.0000000;80.0000043;0;-2.315569E-05;-0.01822757;-0.009014572;-0.0000043
7430.06277084351;80.0000000;80.0000043;0;-8.022043E-06;-0.01900181;-0.0319794;-0.0000043
7431.12564086914;80.0000000;80.0000043;0;-3.126546E-06;-0.01925226;-0.005714851;-0.0000043
7432.18803405762;80.0000000;80.0000043;0;-1.083159E-06;-0.01935681;-0.02502339;-0.0000043
7433.25042724609;80.0000000;80.0000043;0;-4.22155E-07;-0.01939062;-0.03249404;-0.0000043
7434.31282043457;80.0000000;79.9999447;6.16139E-06;-3.58142E-05;-0.01674332;-0.01509423;0.0000553
7435.37521362305;80.0000000;80.0000042;0;1.213013E-05;-0.01999744;-0.0179496;-0.0000042
7436.43808364868;80.0000000;80.0000042;0;4.202356E-06;-0.01959186;-0.02395794;-0.0000042
7437.50047683716;80.0000000;80.0000042;0;1.637844E-06;-0.01946066;-0.01201771;-0.0000042
7438.56287002563;80.0000000;80.0000042;0;5.674138E-07;-0.01940589;-0.02458212;-0.0000042
7439.62526321411;80.0000000;80.0000042;0;2.211463E-07;-0.01938818;-0.00846376;-0.0000042
7440.68813323975;80.0000000;80.0000042;0;7.661379E-08;-0.01938078;-0.02630278;-0.0000042
7441.75052642822;80.0000000;80.0000042;0;2.985979E-08;-0.01937839;-0.0243248;-0.0000042
7442.8129196167;80.0000000;80.0000042;0;7.914603E-06;-0.01977024;-0.04026539;-0.0000042
7443.87531280518;80.0000000;80.0000042;0;3.084672E-06;-0.01952314;-0.01399158;-0.0000042
7444.93770599365;80.0000000;80.0000042;0;1.068652E-06;-0.01942;-0.04161919;-0.0000042
7446.00057601929;80.0000000;80.0000042;0;4.165011E-07;-0.01938663;-0.02681948;-0.0000042
7447.06296920776;80.0000000;80.0000042;0;1.442924E-07;-0.01937271;-0.007987352;-0.0000042
7448.12536239624;80.0000000;80.0000042;0;5.623714E-08;-0.0193682;-0.00348058;-0.0000042
7449.18775558472;80.0000000;80.0000042;0;1.948276E-08;-0.01936632;0.003116802;-0.0000042
7450.25062561035;80.0000000;80.0000042;0;7.593297E-09;-0.01936571;-0.03572451;-0.0000042
7451.31301879883;80.0000000;80.0000042;0;2.630617E-09;-0.01936546;-0.01395335;-0.0000042
7452.3754119873;80.0000000;80.0000042;0;1.025268E-09;-0.01936538;-0.02506265;-0.0000042
7453.43780517578;80.0000000;79.9999447;6.16139E-06;-5.288854E-05;-0.01584673;-0.004725861;0.0000553
7454.50019836426;80.0000000;79.9999447;6.16139E-06;-2.061301E-05;-0.01745179;-0.005310786;0.0000553
7455.56306838989;80.0000000;80.0000042;0;3.46476E-05;-0.02105136;-0.05707822;-0.0000042
7456.62546157837;80.0000000;80.0000638;-7.108439E-06;5.536269E-05;-0.02299445;0.0005477234;-0.0000638
7457.68785476685;80.0000000;80.0000638;-7.108439E-06;1.917982E-05;-0.02120324;-0.009378348;-0.0000638
7458.75024795532;80.0000000;80.0000638;-7.108439E-06;7.475225E-06;-0.02065768;-0.03736562;-0.0000638
7459.81311798096;80.0000000;80.0000043;0;-3.919904E-05;-0.01744716;-0.00567765;-0.0000043
7460.87551116943;80.0000000;80.0000043;0;-1.52776E-05;-0.01867099;-0.003624239;-0.0000043
7461.93790435791;80.0000000;79.9999447;6.16139E-06;-2.594055E-05;-0.01726575;-0.01252721;0.0000553
7463.00029754639;80.0000000;80.0000042;0;3.690216E-05;-0.02125322;-0.004653517;-0.0000042
7464.06269073486;80.0000000;80.0000042;0;1.278436E-05;-0.02001935;-0.009088974;-0.0000042
7465.1255607605;80.0000000;80.0000042;0;4.982633E-06;-0.01962022;-0.02458315;-0.0000042
7466.18795394897;80.0000000;80.0000042;0;1.72618E-06;-0.01945362;-0.01285687;-0.0000042
7467.25034713745;80.0000000;80.0000042;0;6.727691E-07;-0.01939973;-0.03572039;-0.0000042
7468.31274032593;80.0000000;80.0000042;0;2.330737E-07;-0.01937723;-0.02212773;-0.0000042
7469.37561035156;80.0000000;80.0000042;0;9.083917E-08;-0.01936995;-0.002273529;-0.0000042
7470.43800354004;80.0000000;80.0000042;0;3.147027E-08;-0.01936692;0.001137793;-0.0000042
7471.50039672852;80.0000000;80.0000042;0;1.226536E-08;-0.01936594;-0.02322627;-0.0000042
7472.56278991699;80.0000000;80.0000042;0;4.249204E-09;-0.01936552;-0.02212979;-0.0000042
7473.62518310547;80.0000000;80.0000042;0;1.656103E-09;-0.01936539;-0.005789253;-0.0000042
7474.6880531311;80.0000000;80.0000042;0;5.737394E-10;-0.01936533;-0.01344385;-0.0000042
7475.75044631958;80.0000000;80.0000042;0;2.236117E-10;-0.01936531;0.005714851;-0.0000042
7476.81283950806;80.0000000;80.0000042;0;7.74679E-11;-0.01936531;-0.01725307;-0.0000042
7477.87523269653;80.0000000;80.0000042;0;3.019267E-11;-0.0193653;-0.02099097;-0.0000042
7478.93810272217;80.0000000;80.0000042;0;1.045993E-11;-0.0193653;-0.04282521;-0.0000042
7480.00049591064;80.0000000;80.0000638;-7.108439E-06;2.322877E-05;-0.02147028;-0.02883363;-0.0000638
7481.06288909912;80.0000000;80.0000043;0;-2.90982E-05;-0.01796391;-0.007656659;-0.0000043
7482.1252822876;80.0000000;80.0000042;0;-5.54333E-06;-0.01916246;-0.01809943;-0.0000042
7483.18767547607;80.0000000;80.0000042;0;6.85005E-06;-0.01978497;0.006376235;-0.0000042
7484.25054550171;80.0000000;80.0000042;0;2.669768E-06;-0.01957111;-0.002638336;-0.0000042
7485.31293869019;80.0000000;80.0000042;0;9.249129E-07;-0.01948184;-0.004392083;-0.0000042
7486.37533187866;80.0000000;80.0000042;0;3.604796E-07;-0.01945296;-0.0143605;-0.0000042
7487.43772506714;80.0000000;80.0000042;0;1.248843E-07;-0.01944091;-0.0311051;-0.0000042
7488.50059509277;80.0000000;80.0000042;0;4.867296E-08;-0.01943701;-0.02729486;-0.0000042
7489.56298828125;80.0000000;80.0000042;0;1.686223E-08;-0.01943538;-0.006117887;-0.0000042
7490.62538146973;80.0000000;80.0000042;0;6.571959E-09;-0.01943485;-0.01575047;-0.0000042
7491.6877746582;80.0000000;80.0000042;0;2.276786E-09;-0.01943463;-0.00421328;-0.0000042
7492.75064468384;80.0000000;80.0000042;0;8.873643E-10;-0.01943456;-0.01978598;-0.0000042
7493.81303787231;80.0000000;80.0000042;0;3.07418E-10;-0.01943453;-0.01468914;-0.0000042
7494.87543106079;80.0000000;80.0000042;0;1.198144E-10;-0.01943452;-0.006299776;-0.0000042
7495.93782424927;80.0000000;79.9999447;6.16139E-06;-2.318975E-05;-0.01739492;0.0003689211;0.0000553
7497.00021743774;80.0000000;80.0000042;0;2.03115E-05;-0.02041596;-0.004107849;-0.0000042
7498.06308746338;80.0000000;80.0000042;0;7.036706E-06;-0.01973682;-0.009888873;-0.0000042
7499.12548065186;80.0000000;80.0000042;0;2.742517E-06;-0.01951713;-0.03861296;-0.0000042
7500.18787384033;80.0000000;80.0000042;0;9.501159E-07;-0.01942542;-0.02399308;-0.0000042
7501.25026702881;80.0000000;80.0000042;0;3.703023E-07;-0.01939576;-0.0363756;-0.0000042
7502.31313705444;80.0000000;80.0000042;0;1.122842E-05;-0.01993972;-0.04722552;-0.0000042
7503.37553024292;80.0000000;79.9999447;6.16139E-06;-2.17123E-05;-0.01740704;-0.004652488;0.0000553
7504.4379234314;80.0000000;80.0000042;0;2.182758E-05;-0.02042429;-0.01329814;-0.0000042
7505.50031661987;80.0000000;80.0000042;0;8.507176E-06;-0.01974282;-0.04605567;-0.0000042
7506.56270980835;80.0000000;80.0000638;-7.108439E-06;2.617599E-05;-0.02156335;-0.02293072;-0.0000638
7507.62557983398;80.0000000;80.0000638;-7.108439E-06;1.020194E-05;-0.02079936;-0.02194687;-0.0000638
7508.68797302246;80.0000000;80.0000043;0;-3.82544E-05;-0.01749767;-0.01516555;-0.0000043
7509.75036621094;80.0000000;79.9999447;6.16139E-06;-4.10418E-05;-0.01650688;-0.003223261;0.0000553
7510.81275939941;80.0000000;80.0000042;0;1.879978E-05;-0.02035235;-0.05374542;-0.0000042
7511.87562942505;80.0000000;80.0000042;0;7.327109E-06;-0.01976541;-0.0272556;-0.0000042
7512.93802261353;80.0000000;80.0000042;0;2.538399E-06;-0.01952042;-0.01003768;-0.0000042
7514.000415802;80.0000000;80.0000042;0;9.893268E-07;-0.01944117;-0.03850238;-0.0000042
7515.06280899048;80.0000000;80.0000042;0;3.427418E-07;-0.01940809;-0.01337254;-0.0000042
7516.12520217896;80.0000000;80.0000042;0;1.335817E-07;-0.01939739;-0.01051306;-0.0000042
7517.18807220459;80.0000000;79.9999447;6.16139E-06;-3.2972E-05;-0.01686782;-0.004138878;0.0000553
7518.25046539307;80.0000000;80.0000042;0;1.649893E-05;-0.02019427;-0.00721848;-0.0000042
7519.31285858154;80.0000000;80.0000042;0;5.71588E-06;-0.0196426;-0.0202965;-0.0000042
7520.37525177002;80.0000000;80.0000042;0;2.227732E-06;-0.01946415;-0.02938136;-0.0000042
7521.43812179565;80.0000000;80.0000042;0;7.717741E-07;-0.01938966;0.0006985851;-0.0000042
7522.50051498413;80.0000000;80.0000042;0;3.007946E-07;-0.01936557;-0.03136037;-0.0000042
7523.56290817261;80.0000000;80.0000042;0;1.042071E-07;-0.01935551;-0.004871577;-0.0000042
7524.62530136108;80.0000000;80.0000042;0;4.061413E-08;-0.01935225;-0.04740535;-0.0000042
7525.68769454956;80.0000000;80.0000042;0;1.407033E-08;-0.0193509;-0.01476354;-0.0000042
7526.7505645752;80.0000000;80.0000042;0;1.110562E-05;-0.0199068;-0.03121671;-0.0000042
7527.81295776367;80.0000000;80.0000042;0;1.000721E-05;-0.01983907;-0.0265229;-0.0000042
7528.87535095215;80.0000000;80.0000042;0;3.900254E-06;-0.01952664;-0.0341775;-0.0000042
7529.93774414063;80.0000000;80.0000042;0;1.351202E-06;-0.01939623;-0.007766204;-0.0000042
7531.00061416626;80.0000000;80.0000042;0;5.266232E-07;-0.01935405;-0.013665;-0.0000042
7532.06300735474;80.0000000;80.0000042;0;1.824431E-07;-0.01933644;-0.02114183;-0.0000042
7533.12540054321;80.0000000;80.0000042;0;7.110614E-08;-0.01933074;-0.03623503;-0.0000042
7534.18779373169;80.0000000;79.9999447;6.16139E-06;-4.176412E-05;-0.0163661;0.001136765;0.0000553
7535.25018692017;80.0000000;80.0000042;0;3.073502E-05;-0.02084759;-0.02081011;-0.0000042
7536.3130569458;80.0000000;80.0000042;0;1.064782E-05;-0.01981993;-0.04781045;-0.0000042
7537.37545013428;80.0000000;80.0000042;0;4.149928E-06;-0.0194875;-0.02531482;-0.0000042
7538.43784332275;80.0000000;80.0000042;0;1.437699E-06;-0.01934874;-0.04322722;-0.0000042
7539.50023651123;80.0000000;80.0000042;0;5.603349E-07;-0.01930385;-0.02253283;-0.0000042
7540.56310653687;80.0000000;80.0000042;0;5.669492E-06;-0.0195537;-0.02190555;-0.0000042
7541.62549972534;80.0000000;80.0000042;0;2.209652E-06;-0.01937669;-0.02604752;-0.0000042
7542.68789291382;80.0000000;80.0000042;0;7.655107E-07;-0.01930281;-0.007401397;-0.0000042
7543.75028610229;80.0000000;80.0000042;0;2.983534E-07;-0.01927891;-0.02161412;-0.0000042
7544.81267929077;80.0000000;80.0000042;0;1.033614E-07;-0.01926893;-0.02113874;-0.0000042
7545.87554931641;80.0000000;80.0000042;0;4.028452E-08;-0.0192657;-0.01249104;-0.0000042
7546.93794250488;80.0000000;80.0000042;0;1.395615E-08;-0.01926436;-0.005530905;-0.0000042
7548.00033569336;80.0000000;80.0000042;0;5.439329E-09;-0.01926392;-0.02780847;-0.0000042
7549.06272888184;80.0000000;79.9999447;6.16139E-06;-2.93477E-05;-0.01692055;-0.004579115;0.0000553
7550.12559890747;80.0000000;80.0000042;0;1.175169E-05;-0.01983025;-0.02245842;-0.0000042
7551.18799209595;80.0000000;80.0000042;0;4.071249E-06;-0.01943731;-0.02333067;-0.0000042
7552.25038528442;80.0000000;80.0000042;0;1.586746E-06;-0.0193102;-0.0134118;-0.0000042
7553.3127784729;80.0000000;80.0000042;0;8.345694E-06;-0.01964445;0.001249396;-0.0000042
7554.37564849854;80.0000000;80.0000042;0;3.252687E-06;-0.0193839;-0.001795063;-0.0000042
7555.43804168701;80.0000000;80.0000042;0;1.126859E-06;-0.01927514;-0.03601182;-0.0000042
7556.50043487549;80.0000000;80.0000638;-7.108439E-06;5.341696E-05;-0.02282031;-0.01604705;-0.0000638
7557.56282806396;80.0000000;80.0000638;-7.108439E-06;1.850574E-05;-0.02109415;-0.02718223;-0.0000638
7558.62522125244;80.0000000;80.0000638;-7.108439E-06;7.212508E-06;-0.02056964;-0.005862625;-0.0000638
7559.68809127808;80.0000000;80.0000638;-7.108439E-06;2.498697E-06;-0.02038838;-0.03883308;-0.0000638
7560.75048446655;80.0000000;80.0000043;0;-2.221594E-05;-0.01826138;-0.03169312;-0.0000043
7561.81287765503;80.0000000;80.0000043;0;-7.696475E-06;-0.0190042;-0.01388101;-0.0000043
7562.87527084351;80.0000000;80.0000043;0;-2.999658E-06;-0.01924449;-0.01473148;-0.0000043
7563.93814086914;80.0000000;80.0000043;0;-1.0392E-06;-0.01934479;-0.0107342;-0.0000043
7565.00053405762;80.0000000;80.0000638;-7.108439E-06;2.568349E-05;-0.02162111;-0.02246048;-0.0000638
7566.06292724609;80.0000000;80.0000638;-7.108439E-06;8.897774E-06;-0.02082225;-0.02245431;-0.0000638
7567.12532043457;80.0000000;80.0000638;-7.108439E-06;3.467857E-06;-0.0205977;-0.03707522;-0.0000638
7568.18771362305;80.0000000;79.9999447;6.16139E-06;-5.506215E-05;-0.01591072;-0.002671423;0.0000553
7569.25058364868;80.0000000;79.9999447;6.16139E-06;-2.146016E-05;-0.01758364;-0.01831955;0.0000553
7570.31297683716;80.0000000;80.0000042;0;2.558363E-05;-0.02077438;-0.02919638;-0.0000042
7571.37537002563;80.0000000;80.0000042;0;9.971074E-06;-0.01997564;-0.009267774;-0.0000042
7572.43776321411;80.0000000;80.0000638;-7.108439E-06;4.531336E-05;-0.02266706;-0.01604396;-0.0000638
7573.50063323975;80.0000000;80.0000638;-7.108439E-06;1.766062E-05;-0.02130559;-0.02575609;-0.0000638
7574.56302642822;80.0000000;80.0000043;0;-2.689994E-05;-0.01818991;-0.02381119;-0.0000043
7575.6254196167;80.0000000;79.9999447;6.16139E-06;-3.371286E-05;-0.01698741;-0.006444464;0.0000553
7576.68781280518;80.0000000;79.9999447;6.16139E-06;-1.167946E-05;-0.01806271;-0.009594353;0.0000553
7577.75020599365;80.0000000;80.0000042;0;2.846627E-05;-0.0209063;-0.02777024;-0.0000042
7578.81307601929;80.0000000;80.0000042;0;1.31229E-05;-0.02011557;0.01003973;-0.0000042
7579.87546920776;80.0000000;80.0000042;0;5.114578E-06;-0.01970586;-0.03715065;-0.0000042
7580.93786239624;80.0000000;80.0000042;0;1.771892E-06;-0.01953485;-0.0426795;-0.0000042
7582.00025558472;80.0000000;79.9999447;6.16139E-06;-4.109817E-05;-0.01651726;-0.01425301;0.0000553
7583.06312561035;80.0000000;79.9999447;6.16139E-06;-1.423803E-05;-0.0178395;-0.02329758;0.0000553
7584.12551879883;80.0000000;80.0000042;0;3.159637E-05;-0.02096836;-0.06096286;-0.0000042
7585.1879119873;80.0000000;80.0000042;0;1.094623E-05;-0.0199119;-0.005310786;-0.0000042
7586.25030517578;80.0000000;80.0000042;0;4.26623E-06;-0.01957015;-0.02242225;-0.0000042
7587.31269836426;80.0000000;80.0000042;0;2.392525E-05;-0.02054706;-0.006703841;-0.0000042
7588.37556838989;80.0000000;80.0000042;0;9.324732E-06;-0.0198001;-0.02293484;-0.0000042
7589.43796157837;80.0000000;80.0000042;0;3.230455E-06;-0.01948832;-0.01337254;-0.0000042
7590.50035476685;80.0000000;79.9999447;6.16139E-06;-5.162984E-05;-0.01586885;-0.00721848;0.0000553
7591.56274795532;80.0000000;80.0000042;0;2.726536E-06;-0.01945677;-0.04656208;-0.0000042
7592.62561798096;80.0000000;80.0000042;0;1.062652E-06;-0.01937164;-0.007401397;-0.0000042
7593.68801116943;80.0000000;80.0000042;0;3.681444E-07;-0.01933611;-0.02747366;-0.0000042
7594.75040435791;80.0000000;80.0000042;0;1.434822E-07;-0.01932462;-0.01601293;-0.0000042
7595.81279754639;80.0000000;80.0000042;0;4.970788E-08;-0.01931982;-0.008939141;-0.0000042
7596.87519073486;80.0000000;80.0000042;0;1.937337E-08;-0.01931827;-0.01985523;-0.0000042
7597.9380607605;80.0000000;80.0000042;0;1.106376E-05;-0.01986599;-0.0127835;-0.0000042
7599.00045394897;80.0000000;80.0000042;0;2.418266E-05;-0.02051408;-0.02421835;-0.0000042
7600.06284713745;80.0000000;80.0000042;0;1.947797E-05;-0.02026184;-0.009633611;-0.0000042
7601.12524032593;80.0000000;80.0000042;0;7.591427E-06;-0.01965373;-0.005165069;-0.0000042
7602.18811035156;80.0000000;80.0000042;0;2.629969E-06;-0.0193999;-0.02147046;-0.0000042
7603.25050354004;80.0000000;80.0000042;0;1.025016E-06;-0.01931779;-0.007986322;-0.0000042
7604.31289672852;80.0000000;80.0000042;0;3.551058E-07;-0.01928352;-0.008057637;-0.0000042
7605.37528991699;80.0000000;80.0000042;0;1.384005E-07;-0.01927243;-0.02228065;-0.0000042
7606.43768310547;80.0000000;80.0000042;0;4.794738E-08;-0.0192678;-0.00915823;-0.0000042
7607.5005531311;80.0000000;80.0000042;0;1.868722E-08;-0.0192663;-0.006558124;-0.0000042
7608.56294631958;80.0000000;80.0000042;0;6.473989E-09;-0.01926568;-0.02865174;-0.0000042
7609.62533950806;80.0000000;80.0000042;0;2.5232E-09;-0.01926547;-0.02132063;-0.0000042
7610.68773269653;80.0000000;80.0000042;0;8.741361E-10;-0.01926539;-0.02985776;-0.0000042
7611.75060272217;80.0000000;80.0000042;0;3.406896E-10;-0.01926536;-0.01025677;-0.0000042
7612.81299591064;80.0000000;80.0000042;0;1.180283E-10;-0.01926534;-0.04692689;-0.0000042
7613.87538909912;80.0000000;80.0000042;0;4.600087E-11;-0.01926534;-0.02139812;-0.0000042
7614.9377822876;80.0000000;80.0000042;0;1.593651E-11;-0.01926534;-0.01325991;-0.0000042
7616.00017547607;80.0000000;80.0000042;0;6.211166E-12;-0.01926534;-0.01483897;-0.0000042
7617.06304550171;80.0000000;80.0000042;0;2.151793E-12;-0.01926534;-0.01164879;-0.0000042
7618.12543869019;80.0000000;80.0000042;0;8.386491E-13;-0.01926534;-0.03018743;-0.0000042
7619.18783187866;80.0000000;79.9999447;6.16139E-06;-3.812006E-05;-0.01648499;-0.01648317;0.0000553
7620.25022506714;80.0000000;80.0000042;0;8.332715E-06;-0.01966857;-0.01813766;-0.0000042
7621.31309509277;80.0000000;80.0000042;0;2.886781E-06;-0.01938995;-0.007363168;-0.0000042
7622.37548828125;80.0000000;80.0000042;0;1.125107E-06;-0.01929983;-0.01311728;-0.0000042
7623.43788146973;80.0000000;80.0000042;0;3.897813E-07;-0.0192622;-0.0008040144;-0.0000042
7624.5002746582;80.0000000;80.0000042;0;1.519151E-07;-0.01925003;-0.004873635;-0.0000042
7625.56314468384;80.0000000;80.0000042;0;5.929171E-06;-0.01953983;-0.02245534;-0.0000042
7626.62553787231;80.0000000;79.9999447;6.16139E-06;-3.662226E-05;-0.016527;-0.04333677;0.0000553
7627.68793106079;80.0000000;80.0000042;0;1.050239E-05;-0.01973918;-0.01864715;-0.0000042
7628.75032424927;80.0000000;80.0000042;0;4.093248E-06;-0.01941129;0.002671423;-0.0000042
7629.81271743774;80.0000000;80.0000042;0;1.418063E-06;-0.01927443;-0.05477161;-0.0000042
7630.87558746338;80.0000000;80.0000042;0;5.52682E-07;-0.01923016;-0.06338006;-0.0000042
7631.93798065186;80.0000000;80.0000042;0;1.914708E-07;-0.01921168;-0.03044269;-0.0000042
7633.00037384033;80.0000000;80.0000042;0;7.462467E-08;-0.0192057;-0.008609477;-0.0000042
7634.06276702881;80.0000000;80.0000042;0;2.585293E-08;-0.0192032;-0.02303923;-0.0000042
7635.12563705444;80.0000000;80.0000042;0;1.007603E-08;-0.01920239;-0.0104066;-0.0000042
7636.18803024292;80.0000000;80.0000042;0;3.490735E-09;-0.01920206;-0.04227646;-0.0000042
7637.2504234314;80.0000000;79.9999447;6.16139E-06;-3.301691E-05;-0.01667684;-0.02795624;0.0000553
7638.31281661987;80.0000000;79.9999447;6.16139E-06;-1.143836E-05;-0.01772888;-0.02480224;0.0000553
7639.37520980835;80.0000000;79.9999447;6.16139E-06;-1.845211E-05;-0.01734121;-0.01278453;0.0000553
7640.43807983398;80.0000000;80.0000042;0;1.679725E-05;-0.01994585;-0.02772892;-0.0000042
7641.50047302246;80.0000000;80.0000042;0;6.546633E-06;-0.01942143;-0.0265973;-0.0000042
7642.56286621094;80.0000000;80.0000042;0;2.268012E-06;-0.01920253;0.004434427;-0.0000042
7643.62525939941;80.0000000;80.0000042;0;8.839448E-07;-0.01913173;0.0008773874;-0.0000042
7644.68812942505;80.0000000;80.0000638;-7.108439E-06;3.751422E-05;-0.0218957;-0.004320766;-0.0000638
7645.75052261353;80.0000000;80.0000043;0;-2.71678E-05;-0.01775725;-0.04246246;-0.0000043
7646.812915802;80.0000000;80.0000042;0;2.977852E-06;-0.01928144;-0.02941753;-0.0000042
7647.87530899048;80.0000000;80.0000042;0;1.160601E-06;-0.01918847;-0.01974774;-0.0000042
7648.93770217896;80.0000000;80.0000042;0;4.02078E-07;-0.01914966;-0.007546085;-0.0000042
7650.00057220459;80.0000000;80.0000042;0;1.567076E-07;-0.01913711;-0.01589927;-0.0000042
7651.06296539307;80.0000000;80.0000042;0;5.428969E-08;-0.01913187;-0.0159003;-0.0000042
7652.12535858154;80.0000000;80.0000638;-7.108439E-06;3.309492E-05;-0.02171885;-0.02751292;-0.0000638
7653.18775177002;80.0000000;80.0000638;-7.108439E-06;1.146539E-05;-0.02067219;-0.0143233;-0.0000638
7654.25062179565;80.0000000;80.0000638;-7.108439E-06;4.468569E-06;-0.02036748;-0.01267601;-0.0000638
7655.31301498413;80.0000000;80.0000043;0;-3.147019E-05;-0.01769288;-0.0005136099;-0.0000043
7656.37540817261;80.0000000;80.0000043;0;-1.226533E-05;-0.0186754;0.002306615;-0.0000043
7657.43780136108;80.0000000;80.0000043;0;-4.249193E-06;-0.0190855;-0.02359519;-0.0000043
7658.50019454956;80.0000000;80.0000638;-7.108439E-06;3.136217E-05;-0.02180326;-0.03125185;-0.0000638
7659.5630645752;80.0000000;80.0001234;-1.374892E-05;4.393886E-05;-0.02337356;-0.02168852;-0.0001234
7660.62545776367;80.0000000;80.0000639;-7.119581E-06;-2.466383E-05;-0.01911372;-0.06202009;-0.0000639
7661.68785095215;80.0000000;80.0000043;0;-4.575251E-05;-0.01720415;-0.02296895;-0.0000043
7662.75024414063;80.0000000;79.9999447;6.16139E-06;-4.106055E-05;-0.01659024;-0.01461576;0.0000553
7663.81311416626;80.0000000;79.9999447;6.16139E-06;-1.422499E-05;-0.01791122;-0.01300465;0.0000553
7664.87550735474;80.0000000;79.9999447;6.16139E-06;-5.54411E-06;-0.01830919;-0.01747525;0.0000553
7665.93790054321;80.0000000;80.0000042;0;2.416781E-05;-0.02062476;-0.0187939;-0.0000042
7667.00029373169;80.0000000;80.0000638;-7.108439E-06;3.881817E-05;-0.02227755;-0.01805811;-0.0000638
7668.06268692017;80.0000000;80.0000638;-7.108439E-06;1.344814E-05;-0.02103953;-0.05627421;-0.0000638
7669.1255569458;80.0000000;80.0000043;0;-2.777694E-05;-0.01808782;-0.03711139;-0.0000043
7670.18795013428;80.0000000;80.0000043;0;-9.623025E-06;-0.01901658;-0.03692847;-0.0000043
7671.25034332275;80.0000000;80.0000043;0;-3.75052E-06;-0.01931701;-0.02443847;-0.0000043
7672.31273651123;80.0000000;80.0000043;0;-1.299328E-06;-0.01944242;-0.04480525;-0.0000043
7673.37560653687;80.0000000;80.0000042;0;1.343218E-05;-0.02017802;-0.01612042;-0.0000042
7674.43799972534;80.0000000;80.0000042;0;4.653437E-06;-0.0197289;-0.01556858;-0.0000042
7675.50039291382;80.0000000;80.0000042;0;1.813651E-06;-0.01958362;-0.01494851;-0.0000042
7676.56278610229;80.0000000;80.0000042;0;6.283202E-07;-0.01952298;-0.0301864;-0.0000042
7677.62517929077;80.0000000;80.0000042;0;2.448843E-07;-0.01950336;-0.03370624;-0.0000042
7678.68804931641;80.0000000;80.0000042;0;8.483757E-08;-0.01949517;-0.006188174;-0.0000042
7679.75044250488;80.0000000;80.0000042;0;3.306496E-08;-0.01949252;-0.03440071;-0.0000042
7680.81283569336;80.0000000;80.0000042;0;1.145501E-08;-0.01949142;0.002821254;-0.0000042
7681.87522888184;80.0000000;80.0000042;0;4.464524E-09;-0.01949106;-0.03095836;-0.0000042
7682.93809890747;80.0000000;80.0000042;0;1.546687E-09;-0.01949091;-0.05092314;-0.0000042
7684.00049209595;80.0000000;80.0000042;0;6.028124E-10;-0.01949086;-0.01733056;-0.0000042
7685.06288528442;80.0000000;79.9999447;6.16139E-06;-5.288868E-05;-0.01597222;-0.0301492;0.0000553
7686.1252784729;80.0000000;80.0000042;0;5.47545E-06;-0.01975941;-0.02604855;-0.0000042
7687.18814849854;80.0000000;80.0000042;0;1.896912E-06;-0.01957634;-0.008680792;-0.0000042
7688.25054168701;80.0000000;80.0000042;0;7.393107E-07;-0.01951711;-0.02146738;-0.0000042
7689.31293487549;80.0000000;80.0000042;0;2.561264E-07;-0.01949239;-0.008314958;-0.0000042
7690.37532806396;80.0000000;80.0000042;0;9.982379E-08;-0.0194844;-0.009118972;-0.0000042
7691.43772125244;80.0000000;80.0000042;0;3.45829E-08;-0.01948106;-0.01780285;-0.0000042
7692.50059127808;80.0000000;80.0000042;0;1.347849E-08;-0.01947998;-0.01970849;-0.0000042
7693.56298446655;80.0000000;80.0000042;0;4.66948E-09;-0.01947953;-0.02264134;-0.0000042
7694.62537765503;80.0000000;80.0000042;0;1.819903E-09;-0.01947938;-0.01681592;-0.0000042
7695.68777084351;80.0000000;80.0000042;0;6.304862E-10;-0.01947932;-0.02641644;-0.0000042
7696.75064086914;80.0000000;80.0000042;0;2.457284E-10;-0.0194793;-0.03711344;-0.0000042
7697.81303405762;80.0000000;80.0000042;0;8.513001E-11;-0.01947929;-0.02949193;-0.0000042
7698.87542724609;80.0000000;79.9999447;6.16139E-06;-3.714552E-05;-0.0167488;-0.01875464;0.0000553
7699.93782043457;80.0000000;80.0000042;0;7.744471E-06;-0.01985242;-0.004248423;-0.0000042
7701.00021362305;80.0000000;80.0000042;0;8.241956E-06;-0.0198721;-0.03117745;-0.0000042
7702.06308364868;80.0000000;80.0000042;0;2.855338E-06;-0.01959652;-0.0113925;-0.0000042
7703.12547683716;80.0000000;80.0000042;0;1.112852E-06;-0.01950738;-0.0234505;-0.0000042
7704.18787002563;80.0000000;80.0000042;0;3.855357E-07;-0.01947017;-0.01303979;-0.0000042
7705.25026321411;80.0000000;80.0000042;0;1.502604E-07;-0.01945814;-0.01516452;-0.0000042
7706.31313323975;80.0000000;80.0000042;0;2.6287E-06;-0.01957916;-0.02333684;-0.0000042
7707.37552642822;80.0000000;80.0000042;0;1.024521E-06;-0.0194971;-0.0189427;-0.0000042
7708.4379196167;80.0000000;79.9999447;6.16139E-06;-2.025821E-05;-0.0175493;-0.02989702;0.0000553
7709.50031280518;80.0000000;80.0000042;0;2.512275E-05;-0.02066073;-0.01040454;-0.0000042
7710.56270599365;80.0000000;80.0000042;0;8.703511E-06;-0.01982072;-0.01395438;-0.0000042
7711.62557601929;80.0000000;80.0000638;-7.108439E-06;5.636993E-05;-0.02312934;-0.01989141;-0.0000638
7712.68796920776;80.0000000;80.0000638;-7.108439E-06;1.952876E-05;-0.02130445;-0.01479868;-0.0000638
7713.75036239624;80.0000000;80.0000043;0;-3.417753E-05;-0.01772752;-0.01341282;-0.0000043
7714.81275558472;80.0000000;79.9999447;6.16139E-06;-4.904843E-05;-0.01613585;-0.01930339;0.0000553
7715.87562561035;80.0000000;80.0000042;0;6.972164E-06;-0.01980314;-0.01205389;-0.0000042
7716.93801879883;80.0000000;80.0000042;0;4.992075E-06;-0.01969606;-0.04828171;-0.0000042
7718.0004119873;80.0000000;80.0000042;0;1.945633E-06;-0.01954021;-0.01014825;-0.0000042
7719.06280517578;80.0000000;80.0000042;0;6.74044E-07;-0.01947515;-0.003626297;-0.0000042
7720.12519836426;80.0000000;80.0000042;0;1.136284E-05;-0.02001045;-0.02938444;-0.0000042
7721.18806838989;80.0000000;80.0000042;0;3.936537E-06;-0.01963052;-0.02813505;-0.0000042
7722.25046157837;80.0000000;80.0000042;0;6.757835E-06;-0.01976909;-0.02161618;-0.0000042
7723.31285476685;80.0000000;80.0000042;0;2.34118E-06;-0.01954313;-0.01439667;-0.0000042
7724.37524795532;80.0000000;80.0000042;0;9.124619E-07;-0.01947004;-0.009090002;-0.0000042
7725.43811798096;80.0000000;80.0000042;0;3.161127E-07;-0.01943953;-0.009668753;-0.0000042
7726.50051116943;80.0000000;80.0000042;0;1.232031E-07;-0.01942966;-0.009009428;-0.0000042
7727.56290435791;80.0000000;80.0000638;-7.108439E-06;3.725067E-05;-0.02221907;-0.04938436;-0.0000638
7728.62529754639;80.0000000;80.0000638;-7.108439E-06;1.451824E-05;-0.02110933;-0.01645214;-0.0000638
7729.68769073486;80.0000000;80.0000043;0;-3.675906E-05;-0.01766332;-0.01923002;-0.0000043
7730.7505607605;80.0000000;80.0000042;0;-9.173275E-06;-0.01906809;-0.04312178;-0.0000042
7731.81295394897;80.0000000;79.9999447;6.16139E-06;-5.019033E-05;-0.01615107;-0.02509573;0.0000553
7732.87534713745;80.0000000;80.0000042;0;3.628392E-06;-0.01971148;-0.02051353;-0.0000042
7733.93774032593;80.0000000;80.0000638;-7.108439E-06;4.3116E-05;-0.02261498;-0.02355387;-0.0000638
7735.00061035156;80.0000000;80.0000638;-7.108439E-06;1.680422E-05;-0.02132211;-0.03601491;-0.0000638
7736.06300354004;80.0000000;80.0000043;0;-2.719663E-05;-0.01823505;-0.01256441;-0.0000043
7737.12539672852;80.0000000;80.0000043;0;-1.059973E-05;-0.01908415;-0.02509573;-0.0000043
7738.18778991699;80.0000000;80.0000043;0;-3.672166E-06;-0.01943857;-0.04271875;-0.0000043
7739.25018310547;80.0000000;80.0000043;0;-1.431206E-06;-0.01955322;-0.01359163;-0.0000043
7740.3130531311;80.0000000;80.0000043;0;-4.958261E-07;-0.01960107;-0.01234738;-0.0000043
7741.37544631958;80.0000000;79.9999447;6.16139E-06;-2.63256E-05;-0.01743144;-0.01828029;0.0000553
7742.43783950806;80.0000000;79.9999447;6.16139E-06;-1.898701E-05;-0.0177665;-0.02219802;0.0000553
7743.50023269653;80.0000000;80.0000042;0;2.561819E-05;-0.02083824;-0.02513499;-0.0000042
7744.56310272217;80.0000000;80.0000042;0;8.875151E-06;-0.01998167;-0.02238402;-0.0000042
7745.62549591064;80.0000000;80.0000042;0;3.45904E-06;-0.01970458;-0.01267704;-0.0000042
7746.68788909912;80.0000000;80.0000042;0;1.198348E-06;-0.01958892;-0.03575657;-0.0000042
7747.7502822876;80.0000000;79.9999447;6.16139E-06;-5.242184E-05;-0.0160329;-0.03366904;0.0000553
7748.81315231323;80.0000000;80.0000042;0;1.898457E-05;-0.02046425;-0.03399561;-0.0000042
7749.87554550171;80.0000000;80.0000042;0;7.399127E-06;-0.01987154;-0.00619126;-0.0000042
7750.93793869019;80.0000000;80.0000042;0;2.563349E-06;-0.01962414;-0.006189203;-0.0000042
7752.00033187866;80.0000000;80.0000042;0;9.990508E-07;-0.01954411;-0.03172929;-0.0000042
7753.06272506714;80.0000000;80.0000042;0;3.461106E-07;-0.0195107;-0.03091704;-0.0000042
7754.12559509277;80.0000000;80.0000042;0;1.412897E-05;-0.02019852;-0.01216446;-0.0000042
7755.18798828125;80.0000000;80.0000042;0;4.894832E-06;-0.0197261;-0.01842498;-0.0000042
7756.25038146973;80.0000000;80.0000042;0;1.907733E-06;-0.01957329;-0.02293381;-0.0000042
7757.3127746582;80.0000000;80.0000042;0;6.609139E-07;-0.0195095;-0.02769481;-0.0000042
7758.37564468384;80.0000000;80.0000042;0;2.575874E-07;-0.01948886;0.005532962;-0.0000042
7759.43803787231;80.0000000;80.0000042;0;8.923844E-08;-0.01948025;-0.01040454;-0.0000042
7760.50043106079;80.0000000;80.0000042;0;3.478018E-08;-0.01947746;-0.0292749;-0.0000042
7761.56282424927;80.0000000;80.0000042;0;1.204922E-08;-0.0194763;-0.02905272;-0.0000042
7762.62521743774;80.0000000;80.0000042;0;4.696117E-09;-0.01947592;-0.01567812;-0.0000042
7763.68808746338;80.0000000;80.0000042;0;1.62692E-09;-0.01947577;-0.02051559;-0.0000042
7764.75048065186;80.0000000;80.0000042;0;6.340828E-10;-0.01947572;-0.001686547;-0.0000042
7765.81287384033;80.0000000;80.0000042;0;2.196713E-10;-0.01947569;-0.01912048;-0.0000042
7766.87526702881;80.0000000;80.0000042;0;8.561564E-11;-0.01947568;-0.02051559;-0.0000042
7767.93813705444;80.0000000;80.0000042;0;2.966063E-11;-0.01947568;-0.03216335;-0.0000042
7769.00053024292;80.0000000;80.0000042;0;1.156006E-11;-0.01947568;-0.0420956;-0.0000042
7770.0629234314;80.0000000;79.9999447;6.16139E-06;-2.934957E-05;-0.01713249;-0.01520172;0.0000553
7771.12531661987;80.0000000;80.0000638;-7.108439E-06;7.86845E-05;-0.02431349;0.007363168;-0.0000638
7772.18770980835;80.0000000;80.0000638;-7.108439E-06;2.725941E-05;-0.02174248;-0.05052215;-0.0000638
7773.25057983398;80.0000000;80.0000638;-7.108439E-06;1.06242E-05;-0.02094467;-0.01098844;-0.0000638
7774.31297302246;80.0000000;79.9999447;6.16139E-06;-7.119662E-05;-0.01509764;-0.02787979;0.0000553
7775.37536621094;80.0000000;79.9999447;6.16139E-06;-2.774848E-05;-0.01727429;-0.01385101;0.0000553
7776.43775939941;80.0000000;79.9999447;6.16139E-06;-9.613167E-06;-0.01815017;-0.002893597;0.0000553
7777.50062942505;80.0000000;80.0000042;0;1.944311E-05;-0.02044374;-0.02018386;-0.0000042
7778.56302261353;80.0000000;80.0000042;0;6.73586E-06;-0.01979364;-0.008645649;-0.0000042
7779.625415802;80.0000000;79.9999447;6.16139E-06;-2.382559E-05;-0.01738268;-0.001208079;0.0000553
7780.68780899048;80.0000000;79.9999447;6.16139E-06;-8.254124E-06;-0.0181274;0.0006975572;0.0000553
7781.75020217896;80.0000000;80.0000042;0;3.857176E-05;-0.02130121;-0.006960131;-0.0000042
7782.81307220459;80.0000000;80.0000042;0;1.336278E-05;-0.02001152;-0.005129926;-0.0000042
7783.87546539307;80.0000000;80.0000042;0;5.208067E-06;-0.01959433;-0.03887234;-0.0000042
7784.93785858154;80.0000000;80.0000042;0;1.80428E-06;-0.01942019;-0.04029848;-0.0000042
7786.00025177002;80.0000000;80.0000042;0;1.930218E-05;-0.02028654;-0.02451286;-0.0000042
7787.06312179565;80.0000000;80.0000042;0;6.687034E-06;-0.01964115;-0.01586207;-0.0000042
7788.12551498413;80.0000000;80.0000042;0;2.606233E-06;-0.01943238;-0.0107714;-0.0000042
7789.18790817261;80.0000000;80.0000042;0;9.02902E-07;-0.01934523;-0.002416159;-0.0000042
7790.25030136108;80.0000000;79.9999447;6.16139E-06;-5.253699E-05;-0.01579843;-0.009049714;0.0000553
7791.31269454956;80.0000000;80.0000042;0;7.887629E-06;-0.01968526;-0.02344741;-0.0000042
7792.3755645752;80.0000000;80.0000042;0;3.074159E-06;-0.01943901;-0.02832002;-0.0000042
7793.43795776367;80.0000000;79.9999447;6.16139E-06;-2.212478E-05;-0.01729663;-0.0144349;0.0000553
7794.50035095215;80.0000000;79.9999447;6.16139E-06;-8.623008E-06;-0.01794122;-0.02949193;0.0000553
7795.56274414063;80.0000000;80.0000042;0;2.636223E-05;-0.02052081;-0.02553185;-0.0000042
7796.62561416626;80.0000000;80.0000042;0;1.027453E-05;-0.01969776;-0.03363596;-0.0000042
7797.68800735474;80.0000000;80.0000042;0;3.559501E-06;-0.01935422;-0.02058793;-0.0000042
7798.75040054321;80.0000000;80.0000042;0;1.387296E-06;-0.01924309;-0.03356052;-0.0000042
7799.81279373169;80.0000000;80.0000042;0;4.80614E-07;-0.01919671;-0.03150402;-0.0000042
7800.87518692017;80.0000000;80.0000042;0;1.873166E-07;-0.0191817;-0.0353153;-0.0000042
7801.9380569458;80.0000000;80.0000042;0;6.489385E-08;-0.01917544;-0.02440023;-0.0000042
7803.00045013428;80.0000000;80.0000042;0;2.529202E-08;-0.01917342;-0.03363596;-0.0000042
7804.06284332275;80.0000000;80.0000042;0;8.762151E-09;-0.01917257;-0.01666506;-0.0000042
7805.12523651123;80.0000000;80.0000042;0;3.414999E-09;-0.0191723;-0.03048298;-0.0000042
7806.18810653687;80.0000000;80.0000638;-7.108439E-06;2.064897E-05;-0.02115177;-0.02644953;-0.0000638
7807.25049972534;80.0000000;80.0000043;0;-2.130176E-05;-0.01815629;-0.02440126;-0.0000043
7808.31289291382;80.0000000;79.9999447;6.16139E-06;-3.351213E-05;-0.01668342;-0.002930798;0.0000553
7809.37528610229;80.0000000;79.9999447;6.16139E-06;-1.306116E-05;-0.01768354;-0.03751854;0.0000553
7810.43815612793;80.0000000;80.0000042;0;1.608824E-05;-0.01998188;-0.02282117;-0.0000042
7811.50054931641;80.0000000;80.0000638;-7.108439E-06;3.934407E-05;-0.02206827;-0.008206441;-0.0000638
7812.56294250488;80.0000000;80.0000638;-7.108439E-06;1.363034E-05;-0.02081266;-0.02234374;-0.0000638
7813.62533569336;80.0000000;80.0000638;-7.108439E-06;5.312347E-06;-0.02044035;-0.02220008;-0.0000638
7814.68772888184;80.0000000;80.0000043;0;-4.517194E-05;-0.01704158;-0.02399514;-0.0000043
7815.75059890747;80.0000000;79.9999447;6.16139E-06;-5.067927E-05;-0.01592318;0.00795118;0.0000553
7816.81299209595;80.0000000;79.9999447;6.16139E-06;-1.75573E-05;-0.01756577;-0.007400369;0.0000553
7817.87538528442;80.0000000;80.0000042;0;1.924565E-05;-0.02024989;-0.02619427;-0.0000042
7818.9377784729;80.0000000;80.0000638;-7.108439E-06;3.279981E-05;-0.02185326;-0.02685565;-0.0000638
7820.00064849854;80.0000000;80.0000043;0;-4.010535E-05;-0.01730743;-0.02513396;-0.0000043
7821.06304168701;80.0000000;80.0000043;0;-1.389407E-05;-0.0186484;-0.02926872;-0.0000043
7822.12543487549;80.0000000;80.0000043;0;-5.415136E-06;-0.01908218;-0.03198352;-0.0000043
7823.18782806396;80.0000000;80.0000042;0;1.341201E-06;-0.01942131;-0.02223728;-0.0000042
7824.25022125244;80.0000000;80.0000042;0;5.227255E-07;-0.01937944;-0.02454595;-0.0000042
7825.31309127808;80.0000000;80.0000042;0;1.810927E-07;-0.01936196;-0.001868435;-0.0000042
7826.37548446655;80.0000000;80.0000042;0;7.057987E-08;-0.0193563;-0.007365225;-0.0000042
7827.43787765503;80.0000000;80.0000042;0;1.989507E-05;-0.02034745;-0.04425444;-0.0000042
7828.50027084351;80.0000000;80.0000042;0;1.142269E-05;-0.01990823;-0.03205895;-0.0000042
7829.56314086914;80.0000000;80.0000042;0;3.957269E-06;-0.0195263;-3.617209E-05;-0.0000042
7830.62553405762;80.0000000;80.0000042;0;1.542323E-06;-0.01940275;-0.01685106;-0.0000042
7831.68792724609;80.0000000;79.9999447;6.16139E-06;-5.235457E-05;-0.01583257;-0.03930743;0.0000553
7832.75032043457;80.0000000;80.0000042;0;2.784892E-06;-0.01946055;-0.005859538;-0.0000042
7833.81271362305;80.0000000;80.0000042;0;9.647964E-07;-0.01936743;0.007145107;-0.0000042
7834.87558364868;80.0000000;80.0000042;0;3.760239E-07;-0.01933731;-0.0331544;-0.0000042
7835.93797683716;80.0000000;80.0000042;0;1.302695E-07;-0.01932474;-0.0201849;-0.0000042
7837.00037002563;80.0000000;80.0000042;0;5.07718E-08;-0.01932067;0.001390998;-0.0000042
7838.06276321411;80.0000000;80.0000042;0;1.758935E-08;-0.01931897;-0.01838983;-0.0000042
7839.12563323975;80.0000000;80.0000042;0;6.85535E-09;-0.01931842;-0.01824515;-0.0000042
7840.18802642822;80.0000000;80.0000042;0;2.374964E-09;-0.01931819;-0.02150664;-0.0000042
7841.2504196167;80.0000000;80.0000042;0;9.256286E-10;-0.01931812;-0.02696417;-0.0000042
7842.31281280518;80.0000000;80.0000042;0;3.206742E-10;-0.01931808;-0.02630484;-0.0000042
7843.37520599365;80.0000000;80.0000042;0;1.24981E-10;-0.01931807;-0.02209465;-0.0000042
7844.43807601929;80.0000000;79.9999447;6.16139E-06;-5.288885E-05;-0.01579945;-0.02879334;0.0000553
7845.50046920776;80.0000000;80.0000042;0;5.475384E-06;-0.01958665;-0.01469016;-0.0000042
7846.56286239624;80.0000000;80.0000042;0;1.896889E-06;-0.01940357;-0.01754759;-0.0000042
7847.62525558472;80.0000000;80.0000042;0;7.393018E-07;-0.01934435;-0.0195638;-0.0000042
7848.68812561035;80.0000000;80.0000042;0;2.561233E-07;-0.01931963;-0.01029294;-0.0000042
7849.75051879883;80.0000000;80.0000042;0;9.982259E-08;-0.01931164;-0.02465858;-0.0000042
7850.8129119873;80.0000000;79.9999447;6.16139E-06;-4.697777E-05;-0.01608456;-0.01868435;0.0000553
7851.87530517578;80.0000000;79.9999447;6.16139E-06;-1.830932E-05;-0.01750509;0.006155088;0.0000553
7852.93769836426;80.0000000;80.0000042;0;2.300651E-05;-0.02040854;-0.0593497;-0.0000042
7854.00056838989;80.0000000;80.0000042;0;8.966656E-06;-0.01969027;-0.03886822;-0.0000042
7855.06296157837;80.0000000;80.0000042;0;3.106403E-06;-0.01939045;-0.03081264;-0.0000042
7856.12535476685;80.0000000;80.0000042;0;7.087248E-06;-0.01958835;-0.03861399;-0.0000042
7857.18774795532;80.0000000;80.0000042;0;2.455302E-06;-0.01935138;-0.02197996;-0.0000042
7858.25061798096;80.0000000;80.0000042;0;9.5694E-07;-0.01927472;-0.02190761;-0.0000042
7859.31301116943;80.0000000;79.9999447;6.16139E-06;-3.681404E-05;-0.01651223;-0.03256948;0.0000553
7860.37540435791;80.0000000;80.0000042;0;1.867021E-05;-0.02014055;-0.02923564;-0.0000042
7861.43779754639;80.0000000;80.0000042;0;6.468096E-06;-0.01951629;-0.005823367;-0.0000042
7862.50019073486;80.0000000;80.0000042;0;2.520904E-06;-0.01931435;-0.03158151;-0.0000042
7863.5630607605;80.0000000;80.0000042;0;8.733404E-07;-0.01923006;-0.01692341;-0.0000042
7864.62545394897;80.0000000;80.0000042;0;3.403794E-07;-0.01920279;-0.007801347;-0.0000042
7865.68784713745;80.0000000;80.0000042;0;1.179209E-07;-0.01919141;-0.02113566;-0.0000042
7866.75024032593;80.0000000;80.0000042;0;4.595899E-08;-0.01918773;-0.01252824;-0.0000042
7867.81311035156;80.0000000;80.0000042;0;3.276987E-06;-0.01934726;-0.04176696;-0.0000042
7868.87550354004;80.0000000;80.0000042;0;1.277187E-06;-0.01924495;-0.01055026;-0.0000042
7869.93789672852;80.0000000;80.0000042;0;4.42468E-07;-0.01920225;-0.05183464;-0.0000042
7871.00028991699;80.0000000;79.9999447;6.16139E-06;-4.683989E-05;-0.0159647;-0.01132427;0.0000553
7872.06315994263;80.0000000;80.0000042;0;1.972812E-05;-0.02015429;-0.002308672;-0.0000042
7873.1255531311;80.0000000;80.0000042;0;7.688921E-06;-0.01953836;-0.00194078;-0.0000042
7874.18794631958;80.0000000;80.0000042;0;2.663745E-06;-0.01928127;-0.01916076;-0.0000042
7875.25033950806;80.0000000;80.0000042;0;1.03818E-06;-0.01919811;-0.01344591;-0.0000042
7876.31273269653;80.0000000;80.0000042;0;3.596664E-07;-0.0191634;-0.03000657;-0.0000042
7877.37560272217;80.0000000;80.0000042;0;1.401779E-07;-0.01915217;-0.02260311;-0.0000042
7878.43799591064;80.0000000;80.0000042;0;4.856317E-08;-0.01914748;-0.01194228;-0.0000042
7879.50038909912;80.0000000;80.0000042;0;2.355824E-05;-0.02032139;-0.01128193;-0.0000042
7880.5627822876;80.0000000;80.0000042;0;8.161505E-06;-0.0195337;-0.02758732;-0.0000042
7881.62565231323;80.0000000;80.0000042;0;3.180901E-06;-0.01927889;-0.01424787;-0.0000042
7882.68804550171;80.0000000;80.0000042;0;1.101989E-06;-0.01917253;-0.013665;-0.0000042
7883.75043869019;80.0000000;80.0000042;0;4.294941E-07;-0.01913812;-0.001246309;-0.0000042
7884.81283187866;80.0000000;80.0000042;0;1.487937E-07;-0.01912376;-0.02754806;-0.0000042
7885.87522506714;80.0000000;80.0000042;0;5.79915E-08;-0.01911912;-0.01271218;-0.0000042
7886.93809509277;80.0000000;80.0000042;0;2.009054E-08;-0.01911718;-0.03487609;-0.0000042
7888.00048828125;80.0000000;80.0000638;-7.108439E-06;3.721582E-05;-0.02191008;-0.01424993;-0.0000638
7889.06288146973;80.0000000;80.0000638;-7.108439E-06;1.289303E-05;-0.02072563;-0.008717993;-0.0000638
7890.1252746582;80.0000000;80.0000638;-7.108439E-06;5.024985E-06;-0.02037634;-0.03865325;-0.0000638
7891.18814468384;80.0000000;80.0000043;0;-2.144894E-05;-0.018166;-0.007363168;-0.0000043
7892.25053787231;80.0000000;80.0000043;0;-8.359601E-06;-0.01883565;-0.01333842;-0.0000043
7893.31293106079;80.0000000;79.9999447;6.16139E-06;-4.475508E-05;-0.01614855;-0.01974466;0.0000553
7894.37532424927;80.0000000;80.0000042;0;1.603382E-05;-0.02004826;-0.0341475;-0.0000042
7895.43771743774;80.0000000;80.0000042;0;5.554746E-06;-0.01951215;-0.01197948;-0.0000042
7896.50058746338;80.0000000;80.0000638;-7.108439E-06;3.52387E-05;-0.0219274;-0.03440379;-0.0000638
7897.56298065186;80.0000000;80.0000638;-7.108439E-06;1.220807E-05;-0.02080906;-0.02450875;-0.0000638
7898.62537384033;80.0000000;80.0000042;0;-1.435997E-05;-0.01858073;-0.01681798;-0.0000042
7899.68776702881;80.0000000;79.9999447;6.16139E-06;-2.816465E-05;-0.01702127;-0.02934313;0.0000553
7900.75063705444;80.0000000;79.9999447;6.16139E-06;-1.097701E-05;-0.01785444;-0.01604705;0.0000553
7901.81303024292;80.0000000;80.0000042;0;2.228565E-05;-0.02035167;-0.02410469;-0.0000042
7902.8754234314;80.0000000;80.0000043;0;3.532338E-06;-0.01939966;-0.03216541;-0.0000043
7903.93781661987;80.0000000;80.0000043;0;1.223741E-06;-0.01928155;-0.0257902;-0.0000043
7905.00020980835;80.0000000;80.0000043;0;4.769462E-07;-0.01924334;-0.02795316;-0.0000043
7906.06307983398;80.0000000;80.0000043;0;1.65233E-07;-0.01922739;-0.02022004;-0.0000043
7907.12547302246;80.0000000;80.0000043;0;6.439862E-08;-0.01922224;-0.02088451;-0.0000043
7908.18786621094;80.0000000;80.0000043;0;2.231022E-08;-0.01922008;-0.01685003;-0.0000043
7909.25025939941;80.0000000;80.0000042;0;6.129508E-06;-0.01952024;-0.003151946;-0.0000042
7910.31312942505;80.0000000;80.0000042;0;2.123503E-06;-0.01931529;-0.04451381;-0.0000042
7911.37552261353;80.0000000;80.0000042;0;8.276235E-07;-0.01924899;-0.007511972;-0.0000042
7912.437915802;80.0000000;80.0000042;0;2.867214E-07;-0.01922132;-0.04872401;-0.0000042
7913.50030899048;80.0000000;80.0000042;0;1.117481E-07;-0.01921237;-0.02275192;-0.0000042
7914.56270217896;80.0000000;80.0000042;0;3.871393E-08;-0.01920863;-0.0286838;-0.0000042
7915.62557220459;80.0000000;79.9999447;6.16139E-06;-4.409853E-05;-0.01612621;-0.04803159;0.0000553
7916.68796539307;80.0000000;79.9999447;6.16139E-06;-1.527747E-05;-0.01754878;-0.01637259;0.0000553
7917.75035858154;80.0000000;80.0000042;0;3.119125E-05;-0.02071009;-0.04447558;-0.0000042
7918.81275177002;80.0000000;80.0000042;0;1.080588E-05;-0.01966718;-0.01358751;-0.0000042
7919.87562179565;80.0000000;80.0000042;0;4.21153E-06;-0.01932981;-0.01857687;-0.0000042
7920.93801498413;80.0000000;80.0000638;-7.108439E-06;4.85504E-05;-0.02247484;-0.02930798;-0.0000638
7922.00040817261;80.0000000;80.0000638;-7.108439E-06;1.892224E-05;-0.02101231;-0.0115041;-0.0000638
7923.06280136108;80.0000000;80.0000638;-7.108439E-06;6.55541E-06;-0.02043953;-0.02392383;-0.0000638
7924.12519454956;80.0000000;79.9999447;6.16139E-06;-7.232233E-05;-0.01473641;-0.01117341;0.0000553
7925.1880645752;80.0000000;79.9999447;6.16139E-06;-2.505531E-05;-0.01710267;-0.02263929;0.0000553
7926.25045776367;80.0000000;80.0000042;0;1.632335E-05;-0.02002088;-0.005898798;-0.0000042
7927.31285095215;80.0000000;80.0000042;0;5.655051E-06;-0.01947509;-0.03080647;-0.0000042
7928.37524414063;80.0000000;80.0000042;0;2.204024E-06;-0.01929854;-0.01835366;-0.0000042
7929.43811416626;80.0000000;80.0000042;0;7.635609E-07;-0.01922484;-0.04238806;-0.0000042
7930.50050735474;80.0000000;80.0000042;0;2.975936E-07;-0.019201;-0.01828132;-0.0000042
7931.56290054321;80.0000000;80.0000042;0;3.364161E-06;-0.01935212;-0.02234888;-0.0000042
7932.62529373169;80.0000000;80.0000042;0;1.311163E-06;-0.01924709;-0.02352182;-0.0000042
7933.68816375732;80.0000000;80.0000042;0;4.542385E-07;-0.01920325;-0.02399308;-0.0000042
7934.7505569458;80.0000000;80.0000638;-7.108439E-06;4.726839E-05;-0.02247492;-0.01571738;-0.0000638
7935.81295013428;80.0000000;80.0000638;-7.108439E-06;1.637563E-05;-0.02095435;-0.02938136;-0.0000638
7936.87534332275;80.0000000;80.0000043;0;-4.063004E-05;-0.01721528;-0.02399823;-0.0000043
7937.93773651123;80.0000000;80.0000042;0;-3.045945E-06;-0.01912579;-0.03780997;-0.0000042
7939.00060653687;80.0000000;79.9999447;6.16139E-06;-5.407603E-05;-0.01570227;-0.02282323;0.0000553
7940.06299972534;80.0000000;80.0000042;0;3.415483E-05;-0.02097706;7.337279E-05;-0.0000042
7941.12539291382;80.0000000;80.0000042;0;1.331165E-05;-0.01991072;-0.01322579;-0.0000042
7942.18778610229;80.0000000;80.0000042;0;4.61168E-06;-0.01946563;-0.01575047;-0.0000042
7943.25065612793;80.0000000;80.0000042;0;1.797376E-06;-0.01932165;-0.02714914;-0.0000042
7944.31304931641;80.0000000;80.0000042;0;6.22682E-07;-0.01926155;-0.01523789;-0.0000042
7945.37544250488;80.0000000;80.0000042;0;2.426867E-07;-0.01924211;-0.01124781;-0.0000042
7946.43783569336;80.0000000;80.0000042;0;8.407624E-08;-0.019234;-0.03418368;-0.0000042
7947.50022888184;80.0000000;80.0000042;0;3.276824E-08;-0.01923137;-0.05121251;-0.0000042
7948.56309890747;80.0000000;80.0000042;0;1.135221E-08;-0.01923027;-0.03949241;-0.0000042
7949.62549209595;80.0000000;80.0000042;0;4.424459E-09;-0.01922992;-0.01447005;-0.0000042
7950.68788528442;80.0000000;80.0000042;0;4.64473E-06;-0.01946154;-0.015056;-0.0000042
7951.7502784729;80.0000000;80.0000042;0;1.810257E-06;-0.01931653;-0.02509676;-0.0000042
7952.81314849854;80.0000000;80.0000042;0;6.271446E-07;-0.019256;-0.005161983;-0.0000042
7953.87554168701;80.0000000;80.0000042;0;2.44426E-07;-0.01923642;-0.01077038;-0.0000042
7954.93793487549;80.0000000;80.0000042;0;8.46788E-08;-0.01922825;-0.03355744;-0.0000042
7956.00032806396;80.0000000;80.0000042;0;3.300308E-08;-0.0192256;-0.02003918;-0.0000042
7957.06272125244;80.0000000;80.0000042;0;1.143357E-08;-0.0192245;-0.03003863;-0.0000042
7958.12559127808;80.0000000;80.0000042;0;1.987507E-05;-0.02021764;-0.02205436;-0.0000042
7959.18798446655;80.0000000;80.0000042;0;1.565599E-05;-0.01999026;-0.02707371;-0.0000042
7960.25037765503;80.0000000;80.0000042;0;6.101834E-06;-0.01950147;0.008168211;-0.0000042
7961.31277084351;80.0000000;80.0000042;0;2.113916E-06;-0.01929745;-0.01014619;-0.0000042
7962.37564086914;80.0000000;80.0000042;0;6.047482E-06;-0.01949292;-0.005019352;-0.0000042
7963.43803405762;80.0000000;80.0000042;0;2.095086E-06;-0.01929072;-0.01157748;-0.0000042
7964.50042724609;80.0000000;80.0000042;0;8.165479E-07;-0.01922531;-0.01784005;-0.0000042
7965.56282043457;80.0000000;79.9999447;6.16139E-06;-4.150587E-05;-0.01623574;-7.234418E-05;0.0000553
7966.62521362305;80.0000000;79.9999447;6.16139E-06;-1.617668E-05;-0.01748542;-0.02883466;0.0000553
7967.68808364868;80.0000000;79.9999447;6.16139E-06;-5.604238E-06;-0.01797439;-0.01000047;0.0000553
7968.75047683716;80.0000000;80.0000042;0;2.100557E-05;-0.0201428;-0.03550233;-0.0000042
7969.81287002563;80.0000000;80.0000042;0;7.277157E-06;-0.01944045;-0.02985673;-0.0000042
7970.87526321411;80.0000000;80.0000638;-7.108439E-06;2.896859E-05;-0.02146012;-0.02472887;-0.0000638
7971.93813323975;80.0000000;80.0000638;-7.108439E-06;1.003586E-05;-0.02055142;-0.01655654;-0.0000638
7973.00052642822;80.0000000;80.0000042;0;-2.395349E-05;-0.01796338;0.003407208;-0.0000042
7974.0629196167;80.0000000;80.0000042;0;2.801709E-06;-0.01932063;-0.0186451;-0.0000042
7975.12531280518;80.0000000;80.0000042;0;4.353014E-06;-0.01939423;-0.02461829;-0.0000042
7976.18770599365;80.0000000;80.0000042;0;1.508055E-06;-0.01924868;-0.02227345;-0.0000042
7977.25057601929;80.0000000;80.0000042;0;5.877561E-07;-0.0192016;-0.02220625;-0.0000042
7978.31296920776;80.0000000;79.9999447;6.16139E-06;-4.680872E-05;-0.0159582;-0.01674152;0.0000553
7979.37536239624;80.0000000;80.0000042;0;3.464545E-05;-0.02089207;-0.01241766;-0.0000042
7980.43775558472;80.0000000;80.0000042;0;1.200255E-05;-0.01973366;-0.007767233;-0.0000042
7981.50062561035;80.0000000;80.0000042;0;4.677926E-06;-0.01935893;-0.007328025;-0.0000042
7982.56301879883;80.0000000;80.0000042;0;1.620618E-06;-0.01920252;-0.03216129;-0.0000042
7983.6254119873;80.0000000;80.0000042;0;6.316268E-07;-0.01915192;-0.03414442;-0.0000042
7984.68780517578;80.0000000;79.9999447;6.16139E-06;-2.297097E-05;-0.01709121;-0.01608013;0.0000553
7985.75019836426;80.0000000;79.9999447;6.16139E-06;-8.952805E-06;-0.01776222;-0.03220569;0.0000553
7986.81306838989;80.0000000;80.0000042;0;1.751154E-05;-0.01992319;-0.0243992;-0.0000042
7987.87546157837;80.0000000;80.0000042;0;6.825025E-06;-0.01937647;-0.01201668;-0.0000042
7988.93785476685;80.0000000;80.0000042;0;2.364457E-06;-0.01914826;-0.004068592;-0.0000042
7990.00024795532;80.0000000;80.0000042;0;9.21534E-07;-0.01907445;-0.02612089;-0.0000042
7991.06311798096;80.0000000;80.0000042;0;3.192557E-07;-0.01904363;-0.01007488;-0.0000042
7992.12551116943;80.0000000;80.0000042;0;1.244281E-07;-0.01903366;-0.02286352;-0.0000042
7993.18790435791;80.0000000;80.0000042;0;2.942013E-05;-0.02049205;-0.02435995;-0.0000042
7994.25029754639;80.0000000;80.0000042;0;1.146633E-05;-0.01957353;-0.009011485;-0.0000042
7995.31316757202;80.0000000;80.0000042;0;3.972388E-06;-0.01919015;-0.01685106;-0.0000042
7996.3755607605;80.0000000;80.0000042;0;1.548215E-06;-0.01906613;-0.03407104;-0.0000042
7997.43795394897;80.0000000;80.0000042;0;5.363628E-07;-0.01901436;-0.0258274;-0.0000042
7998.50034713745;80.0000000;80.0000042;0;2.090443E-07;-0.01899761;0.002342786;-0.0000042
7999.56274032593;80.0000000;80.0000042;0;7.242122E-08;-0.01899062;-0.02377605;-0.0000042
8000.62561035156;80.0000000;80.0000042;0;2.822576E-08;-0.01898836;0.0002573193;-0.0000042
8001.68800354004;80.0000000;80.0000042;0;9.778514E-09;-0.01898742;-0.02000198;-0.0000042
8002.75039672852;80.0000000;80.0000042;0;3.811121E-09;-0.01898711;-0.03803112;-0.0000042
8003.81278991699;80.0000000;80.0000042;0;1.320322E-09;-0.01898698;-0.02575403;-0.0000042
8004.87518310547;80.0000000;80.0000042;0;5.145881E-10;-0.01898694;-0.03974767;-0.0000042
8005.93757629395;80.0000000;80.0000638;-7.108439E-06;2.939908E-05;-0.02139425;-0.02817019;-0.0000638
8006.99996948242;80.0000000;80.0000638;-7.108439E-06;1.145813E-05;-0.02052963;-0.02776921;-0.0000638
8008.06331634521;80.0000000;80.0000043;0;-3.317602E-05;-0.01741683;-0.01080758;-0.0000043
8009.12570953369;80.0000000;79.9999447;6.16139E-06;-6.002153E-05;-0.01522407;-0.01641597;0.0000553
8010.18810272217;80.0000000;79.9999447;6.16139E-06;-2.079382E-05;-0.01717904;-0.02450978;0.0000553
8011.25049591064;80.0000000;80.0000042;0;2.4914E-05;-0.0203072;-0.01535258;-0.0000042
8012.31288909912;80.0000000;80.0000042;0;8.631193E-06;-0.01947417;-0.02296895;-0.0000042
8013.3752822876;80.0000000;80.0000638;-7.108439E-06;3.276286E-05;-0.02161202;0.005055524;-0.0000638
8014.43767547607;80.0000000;80.0000638;-7.108439E-06;1.135034E-05;-0.02057646;-0.0294909;-0.0000638
8015.50006866455;80.0000000;80.0000043;0;-4.258861E-05;-0.01699428;-0.02128858;-0.0000043
8016.56246185303;80.0000000;79.9999447;6.16139E-06;-4.088673E-05;-0.01623317;0.01718278;0.0000553
8017.62580871582;80.0000000;79.9999447;6.16139E-06;-1.593537E-05;-0.01746353;-0.02920152;0.0000553
8018.6882019043;80.0000000;80.0000042;0;2.749763E-05;-0.02046954;-0.05400068;-0.0000042
8019.75059509277;80.0000000;80.0000042;0;1.071705E-05;-0.01961104;-0.04147038;-0.0000042
8020.81298828125;80.0000000;80.0000042;0;3.712807E-06;-0.01925271;-0.01274836;-0.0000042
8021.87538146973;80.0000000;80.0000042;0;1.447046E-06;-0.01913679;-0.02304644;-0.0000042
8022.9377746582;80.0000000;80.0000042;0;5.013137E-07;-0.01908841;0.002015181;-0.0000042
8024.00016784668;80.0000000;80.0000042;0;1.953842E-07;-0.01907275;-0.009636698;-0.0000042
8025.06256103516;80.0000000;80.0000042;0;6.768879E-08;-0.01906622;-0.0187195;-0.0000042
8026.12590789795;80.0000000;80.0000042;0;1.398215E-05;-0.01975501;-0.03190912;-0.0000042
8027.18830108643;80.0000000;80.0000042;0;4.843968E-06;-0.0192875;-0.01077038;-0.0000042
8028.2506942749;80.0000000;80.0000042;0;1.88791E-06;-0.01913627;-0.02854117;-0.0000042
8029.31308746338;80.0000000;80.0000042;0;6.540463E-07;-0.01907315;-0.02417909;-0.0000042
8030.37548065186;80.0000000;80.0000042;0;2.549108E-07;-0.01905273;-0.009635668;-0.0000042
8031.43787384033;80.0000000;80.0000042;0;8.831116E-08;-0.0190442;-0.01168599;-0.0000042
8032.50026702881;80.0000000;80.0000042;0;3.441878E-08;-0.01904145;-0.01458165;-0.0000042
8033.56266021729;80.0000000;80.0000042;0;1.192402E-08;-0.0190403;-0.02106537;-0.0000042
8034.62505340576;80.0000000;80.0000638;-7.108439E-06;4.186363E-05;-0.02206474;-0.04077386;-0.0000638
8035.68840026855;80.0000000;80.0000638;-7.108439E-06;1.450321E-05;-0.02072488;-0.02516705;-0.0000638
8036.75079345703;80.0000000;80.0000043;0;-1.753725E-05;-0.0182231;-0.01795371;-0.0000043
8037.81318664551;80.0000000;80.0000042;0;-3.533595E-06;-0.01893301;-0.02784155;-0.0000042
8038.87557983398;80.0000000;80.0000042;0;-1.377199E-06;-0.01904333;-0.007986322;-0.0000042
8039.93797302246;80.0000000;80.0000042;0;-4.77116E-07;-0.01908938;-0.006777214;-0.0000042
8041.00036621094;80.0000000;80.0000042;0;-1.859533E-07;-0.01910427;-0.006414465;-0.0000042
8042.06275939941;80.0000000;80.0000042;0;-6.442153E-08;-0.01911049;-0.02747572;-0.0000042
8043.12515258789;80.0000000;80.0000042;0;5.198484E-06;-0.01937398;-0.02828076;-0.0000042
8044.18754577637;80.0000000;80.0000042;0;1.80096E-06;-0.01920016;-0.01135324;-0.0000042
8045.25089263916;80.0000000;80.0000042;0;7.019141E-07;-0.01914393;-0.01824309;-0.0000042
8046.31328582764;80.0000000;80.0000042;0;2.431707E-07;-0.01912046;-0.007253623;-0.0000042
8047.37567901611;80.0000000;80.0000042;0;1.579502E-05;-0.01989301;-0.01516966;-0.0000042
8048.43807220459;80.0000000;80.0000042;0;5.472016E-06;-0.01936489;-0.007692831;-0.0000042
8049.50046539307;80.0000000;80.0000042;0;1.090317E-05;-0.01963121;-0.006083772;-0.0000042
8050.56285858154;80.0000000;80.0000042;0;3.777287E-06;-0.01926665;-0.02150664;-0.0000042
8051.62525177002;80.0000000;80.0000042;0;1.472176E-06;-0.01914872;-0.0304096;-0.0000042
8052.6876449585;80.0000000;79.9999447;6.16139E-06;-5.237887E-05;-0.01558089;-0.01897476;0.0000553
8053.75003814697;80.0000000;79.9999447;6.16139E-06;-2.041437E-05;-0.01717003;-0.02582637;0.0000553
8054.81338500977;80.0000000;79.9999447;6.16139E-06;-7.072343E-06;-0.01780069;-0.01678181;0.0000553
8055.87577819824;80.0000000;80.0000042;0;2.043338E-05;-0.02001493;-0.03011303;-0.0000042
8056.93817138672;80.0000000;80.0000042;0;7.078928E-06;-0.01933172;0.001538772;-0.0000042
8058.0005645752;80.0000000;80.0000042;0;2.758972E-06;-0.01911071;-0.01069906;-0.0000042
8059.06295776367;80.0000000;80.0000042;0;9.558167E-07;-0.01901846;-0.0264857;-0.0000042
8060.12535095215;80.0000000;80.0000042;0;1.436659E-05;-0.01968725;-0.007107906;-0.0000042
8061.18774414063;80.0000000;80.0000042;0;2.263992E-05;-0.02008744;-0.01395541;-0.0000042
8062.2501373291;80.0000000;80.0000042;0;8.82378E-06;-0.0193806;-0.01238458;-0.0000042
8063.31253051758;80.0000000;80.0000042;0;3.056905E-06;-0.01908557;-0.01879287;-0.0000042
8064.37587738037;80.0000000;80.0000042;0;1.191412E-06;-0.01899013;-0.02117492;-0.0000042
8065.43827056885;80.0000000;80.0000638;-7.108439E-06;2.981165E-05;-0.02135762;-0.01960306;-0.0000638
8066.50066375732;80.0000000;80.0000043;0;-2.552663E-05;-0.01769054;-0.02597621;-0.0000043
8067.5630569458;80.0000000;79.9999447;6.16139E-06;-3.824234E-05;-0.01619758;-0.01110313;0.0000553
8068.62545013428;80.0000000;79.9999446;6.172531E-06;-1.128536E-05;-0.01752288;-0.01743907;0.0000554
8069.68784332275;80.0000000;80.0000042;0;4.906808E-05;-0.02137278;0.0005518393;-0.0000042
8070.75023651123;80.0000000;80.0000042;0;1.912401E-05;-0.01984084;-0.006412407;-0.0000042
8071.81262969971;80.0000000;80.0000638;-7.108439E-06;3.969907E-05;-0.02179008;-0.01622894;-0.0000638
8072.87502288818;80.0000000;80.0000638;-7.108439E-06;1.547249E-05;-0.0206039;-0.0481732;-0.0000638
8073.93836975098;80.0000000;80.0000043;0;-4.165207E-05;-0.0168654;-0.02003918;-0.0000043
8075.00076293945;80.0000000;79.9999447;6.16139E-06;-4.563257E-05;-0.01581934;-0.01165291;0.0000553
8076.06315612793;80.0000000;79.9999447;6.16139E-06;-1.580892E-05;-0.0172932;-0.01509526;0.0000553
8077.12554931641;80.0000000;79.9999447;6.16139E-06;-6.161438E-06;-0.01774061;-0.01399672;0.0000553
8078.18794250488;80.0000000;80.0000042;0;3.088371E-05;-0.02041982;-0.03630532;-0.0000042
8079.25033569336;80.0000000;80.0000042;0;1.203675E-05;-0.01945561;-0.01260264;-0.0000042
8080.31272888184;80.0000000;80.0000638;-7.108439E-06;3.030236E-05;-0.02130001;-0.03758883;-0.0000638
8081.37512207031;80.0000000;79.9999447;6.16139E-06;-7.242674E-05;-0.01438908;-0.01421375;0.0000553
8082.43751525879;80.0000000;79.9998851;1.280188E-05;-7.218284E-05;-0.01350131;-0.00856816;0.0001149
8083.50086212158;80.0000000;79.9998851;1.280188E-05;-2.813285E-05;-0.01565901;-0.01231018;0.0001149
8084.56325531006;80.0000000;80.0000042;0;4.394058E-05;-0.02096612;-0.0375878;-0.0000042
8085.62564849854;80.0000000;80.0001234;-1.374892E-05;9.034931E-05;-0.02509866;-0.03619783;-0.0001234
8086.68804168701;80.0000000;80.0001234;-1.374892E-05;3.130056E-05;-0.02219359;-0.005822338;-0.0001234
8087.75043487549;80.0000000;80.0000639;-7.119581E-06;-4.068968E-05;-0.01777285;-0.02113669;-0.0000639
8088.81282806396;80.0000000;79.9999447;6.16139E-06;-0.0001030468;-0.01293932;-0.007839577;0.0000553
8089.87522125244;80.0000000;79.9999447;6.16139E-06;-4.016193E-05;-0.01611036;-0.02535202;0.0000553
8090.93761444092;80.0000000;79.9999447;6.16139E-06;-1.391367E-05;-0.01740129;-0.01886624;0.0000553
8092.00000762939;80.0000000;80.0000042;0;2.75955E-05;-0.02031465;-0.002123696;-0.0000042
8093.06335449219;80.0000000;80.0000042;0;9.560168E-06;-0.01939197;-0.006593267;-0.0000042
8094.12574768066;80.0000000;80.0000638;-7.108439E-06;3.679979E-05;-0.02168216;-0.04040802;-0.0000638
8095.18814086914;80.0000000;80.0000638;-7.108439E-06;1.274889E-05;-0.02051162;-0.01201668;-0.0000638
8096.25053405762;80.0000000;80.0000043;0;-4.204354E-05;-0.01688578;-0.008608448;-0.0000043
8097.31292724609;80.0000000;79.9999447;6.16139E-06;-5.177352E-05;-0.01555711;-0.02678228;0.0000553
8098.37532043457;80.0000000;80.0000042;0;1.283984E-05;-0.01965247;-0.01058849;-0.0000042
8099.43771362305;80.0000000;80.0000042;0;4.448227E-06;-0.01922316;-0.01531126;-0.0000042
8100.50010681152;80.0000000;80.0000042;0;1.733671E-06;-0.01908429;-0.02209156;-0.0000042
8101.5625;80.0000000;80.0000042;0;6.006119E-07;-0.01902632;-0.01531229;-0.0000042
8102.62584686279;80.0000000;80.0000042;0;2.340851E-07;-0.01900757;-0.02176087;-0.0000042
8103.68824005127;80.0000000;80.0000042;0;8.10963E-08;-0.01899974;-0.01886727;-0.0000042
8104.75063323975;80.0000000;80.0000042;0;3.160682E-08;-0.01899721;-0.01622791;-0.0000042
8105.81302642822;80.0000000;80.0000042;0;1.094985E-08;-0.01899615;-0.01806017;-0.0000042
8106.8754196167;80.0000000;80.0000638;-7.108439E-06;4.709563E-05;-0.02228166;-0.02081011;-0.0000638
8107.93781280518;80.0000000;80.0000638;-7.108439E-06;1.631578E-05;-0.02076687;-0.02963456;-0.0000638
8109.00020599365;80.0000000;80.0000638;-7.108439E-06;6.358982E-06;-0.02031072;-0.01751245;-0.0000638
8110.06259918213;80.0000000;80.0000638;-7.108439E-06;2.203002E-06;-0.020158;-0.02612192;-0.0000638
8111.12499237061;80.0000000;80.0000043;0;-2.849097E-05;-0.01773841;-0.02359622;-0.0000043
8112.1883392334;80.0000000;80.0000043;0;-9.870394E-06;-0.01869104;-0.005308728;-0.0000043
8113.25073242188;80.0000000;80.0000043;0;-3.84693E-06;-0.0189992;-0.002711708;-0.0000043
8114.31312561035;80.0000000;80.0000043;0;-1.332729E-06;-0.01912783;-0.01937985;-0.0000043
8115.37551879883;80.0000000;80.0000043;0;-5.194234E-07;-0.01916943;-0.01040557;-0.0000043
8116.4379119873;80.0000000;80.0000043;0;-1.799487E-07;-0.0191868;-0.04513388;-0.0000043
8117.50030517578;80.0000000;80.0000638;-7.108439E-06;5.281876E-05;-0.02276747;-0.01725616;-0.0000638
8118.56269836426;80.0000000;80.0000638;-7.108439E-06;1.82985E-05;-0.02106131;-0.04103015;-0.0000638
8119.62509155273;80.0000000;80.0000043;0;-1.895677E-05;-0.01829939;-0.02524248;-0.0000043
8120.68748474121;80.0000000;80.0000043;0;-6.567373E-06;-0.01893323;-0.024176;-0.0000043
8121.750831604;80.0000000;80.0000042;0;2.710053E-05;-0.02061455;-0.01186994;-0.0000042
8122.81322479248;80.0000000;80.0000042;0;9.388693E-06;-0.01970842;-0.01736364;-0.0000042
8123.87561798096;80.0000000;80.0000638;-7.108439E-06;3.673296E-05;-0.02200397;-0.003113716;-0.0000638
8124.93801116943;80.0000000;80.0000638;-7.108439E-06;1.272574E-05;-0.02083567;-0.05806824;-0.0000638
8126.00040435791;80.0000000;80.0000638;-7.108439E-06;4.959786E-06;-0.0204916;-0.00747477;-0.0000638
8127.06279754639;80.0000000;80.0000638;-7.108439E-06;1.718265E-06;-0.02038567;-0.01325991;-0.0000638
8128.12519073486;80.0000000;80.0000043;0;-4.634266E-05;-0.01710421;-0.01264292;-0.0000043
8129.18758392334;80.0000000;80.0000043;0;-1.605493E-05;-0.01865373;-0.03102761;-0.0000043
8130.24997711182;80.0000000;80.0000043;0;-6.257317E-06;-0.01915498;-0.03762706;-0.0000043
8131.31332397461;80.0000000;80.0000638;-7.108439E-06;2.392073E-05;-0.02160807;-0.04678632;-0.0000638
8132.37571716309;80.0000000;80.0000639;-7.119581E-06;6.105754E-06;-0.02075759;-0.03542896;-0.0000639
8133.43811035156;80.0000000;80.0000639;-7.119581E-06;2.115274E-06;-0.02061343;-0.009085886;-0.0000639
8134.50050354004;80.0000000;80.0000043;0;-2.857449E-05;-0.01819268;-0.01227195;-0.0000043
8135.56289672852;80.0000000;79.9999447;6.16139E-06;-3.603169E-05;-0.01696298;-0.01409906;0.0000553
8136.62528991699;80.0000000;79.9999447;6.16139E-06;-2.020293E-05;-0.01773817;-0.01293436;0.0000553
8137.68768310547;80.0000000;80.0000042;0;2.605748E-05;-0.0208946;-0.02102714;-0.0000042
8138.75007629395;80.0000000;80.0000042;0;1.015576E-05;-0.02008107;-0.0173285;-0.0000042
8139.81246948242;80.0000000;80.0000042;0;3.518354E-06;-0.0197415;-0.01337048;-0.0000042
8140.87581634521;80.0000000;79.9999447;6.16139E-06;-4.041749E-05;-0.01666939;-0.007220537;0.0000553
8141.93820953369;80.0000000;79.9999447;6.16139E-06;-1.400221E-05;-0.01796887;-0.02707474;0.0000553
8143.00060272217;80.0000000;80.0000042;0;3.168827E-05;-0.02109037;0.003737899;-0.0000042
8144.06299591064;80.0000000;80.0000042;0;1.097807E-05;-0.02003084;-0.008276727;-0.0000042
8145.12538909912;80.0000000;79.9999447;6.16139E-06;-4.861025E-05;-0.01616948;-0.01795474;0.0000553
8146.1877822876;80.0000000;80.0000042;0;3.604838E-05;-0.02126152;-0.02153869;-0.0000042
8147.25017547607;80.0000000;80.0000042;0;1.404965E-05;-0.02013606;-0.01868435;-0.0000042
8148.31256866455;80.0000000;80.0000042;0;4.867353E-06;-0.01966629;-0.01736261;-0.0000042
8149.37591552734;80.0000000;80.0000042;0;1.897023E-06;-0.01951433;-0.0003678932;-0.0000042
8150.43830871582;80.0000000;80.0000042;0;6.572038E-07;-0.0194509;-0.01535052;-0.0000042
8151.5007019043;80.0000000;80.0000042;0;2.561415E-07;-0.01943038;-0.01114136;-0.0000042
8152.56309509277;80.0000000;80.0000042;0;8.87375E-08;-0.01942182;-0.01963923;-0.0000042
8153.62548828125;80.0000000;80.0000042;0;1.247376E-05;-0.02003813;-0.01798989;-0.0000042
8154.68788146973;80.0000000;80.0000042;0;4.321403E-06;-0.01962106;-0.03839387;-0.0000042
8155.7502746582;80.0000000;80.0000042;0;1.684242E-06;-0.01948614;-0.01659683;-0.0000042
8156.81266784668;80.0000000;80.0000042;0;5.83488E-07;-0.01942983;-0.004577057;-0.0000042
8157.87506103516;80.0000000;80.0000042;0;2.274111E-07;-0.01941161;-0.02377811;-0.0000042
8158.93840789795;80.0000000;80.0000042;0;4.206067E-06;-0.01960939;-0.04385449;-0.0000042
8160.00080108643;80.0000000;79.9999447;6.16139E-06;-4.537306E-05;-0.01625433;-0.01970952;0.0000553
8161.0631942749;80.0000000;79.9999447;6.16139E-06;-1.571902E-05;-0.01771951;0.003847445;0.0000553
8162.12558746338;80.0000000;80.0000042;0;1.996211E-05;-0.02034624;-0.0181728;-0.0000042
8163.18798065186;80.0000000;80.0000042;0;6.915664E-06;-0.01967879;-0.01289407;-0.0000042
8164.25037384033;80.0000000;80.0000638;-7.108439E-06;4.455433E-05;-0.0224877;-0.01622482;-0.0000638
8165.31276702881;80.0000000;80.0000638;-7.108439E-06;1.543537E-05;-0.02105787;-0.05777578;-0.0000638
8166.37516021729;80.0000000;80.0000638;-7.108439E-06;6.015851E-06;-0.02062921;-0.01106592;-0.0000638
8167.43755340576;80.0000000;80.0000043;0;-2.400438E-05;-0.01824409;-0.00967184;-0.0000043
8168.50090026855;80.0000000;80.0000043;0;-9.355574E-06;-0.01899352;-0.02524145;-0.0000043
8169.56329345703;80.0000000;80.0000043;0;-3.241139E-06;-0.01930633;-0.02824768;-0.0000043
8170.62568664551;80.0000000;80.0000043;0;-1.263216E-06;-0.01940752;-0.01128399;-0.0000043
8171.68807983398;80.0000000;80.0000043;0;-4.376277E-07;-0.01944976;-0.02568169;-0.0000043
8172.75047302246;80.0000000;80.0000043;0;-1.705629E-07;-0.01946342;-0.01073318;-0.0000043
8173.81286621094;80.0000000;80.0000043;0;-5.90897E-08;-0.01946913;-0.02190658;-0.0000043
8174.87525939941;80.0000000;79.9999447;6.16139E-06;-4.711439E-05;-0.01624244;-0.01501983;0.0000553
8175.93765258789;80.0000000;79.9999447;6.16139E-06;-1.632228E-05;-0.01776584;-0.003626297;0.0000553
8177.00004577637;80.0000000;80.0000042;0;3.078404E-05;-0.02095977;-0.02975234;-0.0000042
8178.06339263916;80.0000000;80.0000042;0;1.06648E-05;-0.01993047;-0.0053821;-0.0000042
8179.12578582764;80.0000000;80.0000638;-7.108439E-06;3.723031E-05;-0.02218619;-0.03073721;-0.0000638
8180.18817901611;80.0000000;80.0000638;-7.108439E-06;1.289805E-05;-0.02100126;0.001537743;-0.0000638
8181.25057220459;80.0000000;80.0000638;-7.108439E-06;5.026941E-06;-0.02065182;-0.02813916;-0.0000638
8182.31296539307;80.0000000;80.0000043;0;-2.144826E-05;-0.0184414;0.005056553;-0.0000043
8183.37535858154;80.0000000;79.9999447;6.16139E-06;-3.775824E-05;-0.01676457;-0.001209109;0.0000553
8184.43775177002;80.0000000;80.0000042;0;3.393141E-05;-0.02119888;-0.0445469;-0.0000042
8185.5001449585;80.0000000;80.0000042;0;1.322457E-05;-0.02013952;-0.0211408;-0.0000042
8186.56253814697;80.0000000;80.0000042;0;4.581513E-06;-0.01969734;-0.008897824;-0.0000042
8187.62588500977;80.0000000;80.0000042;0;1.785619E-06;-0.0195543;-0.01868538;-0.0000042
8188.68827819824;80.0000000;80.0000042;0;6.186089E-07;-0.0194946;-0.02978336;-0.0000042
8189.75067138672;80.0000000;80.0000638;-7.108439E-06;2.346986E-05;-0.02158026;-0.03443997;-0.0000638
8190.8130645752;80.0000000;79.9999447;6.16139E-06;-6.504899E-05;-0.01538302;-0.008864739;0.0000553
8191.87545776367;80.0000000;79.9999447;6.16139E-06;-2.535247E-05;-0.01736774;-0.03015229;0.0000553
8192.93785095215;80.0000000;79.9999447;6.16139E-06;-8.783097E-06;-0.01816351;-0.0002934912;0.0000553
8194.00024414063;80.0000000;80.0000638;-7.108439E-06;8.257289E-05;-0.02449702;-0.01022471;-0.0000638
8195.0626373291;80.0000000;80.0000043;0;-1.318225E-05;-0.01877554;-0.01516348;-0.0000043
8196.12503051758;80.0000000;80.0000043;0;-5.137706E-06;-0.01918709;-0.005351074;-0.0000043
8197.18837738037;80.0000000;79.9999447;6.16139E-06;-3.898789E-05;-0.01662445;-0.0261581;0.0000553
8198.25077056885;80.0000000;79.9999447;6.16139E-06;-1.519531E-05;-0.01779552;-0.01238252;0.0000553
8199.31316375732;80.0000000;80.0000042;0;4.762464E-05;-0.02177029;-0.01549624;-0.0000042
8200.3755569458;80.0000000;80.0000042;0;1.856143E-05;-0.02028342;-0.01395746;-0.0000042
8201.43795013428;80.0000000;80.0000042;0;6.430412E-06;-0.0196628;-0.02978233;-0.0000042
8202.50034332275;80.0000000;80.0000638;-7.108439E-06;4.43652E-05;-0.02248686;-0.02813813;-0.0000638
8203.56273651123;80.0000000;80.0000043;0;-3.751904E-05;-0.01748831;-0.02930695;-0.0000043
8204.62512969971;80.0000000;80.0000043;0;-1.462283E-05;-0.01865967;-0.04198605;-0.0000043
8205.68752288818;80.0000000;80.0000042;0;-1.446555E-06;-0.01932725;-0.04059608;-0.0000042
8206.75086975098;80.0000000;80.0000042;0;-5.637867E-07;-0.01937241;-0.04261023;-0.0000042
8207.81326293945;80.0000000;80.0000042;0;-1.953179E-07;-0.01939127;-0.03080647;-0.0000042
8208.87565612793;80.0000000;79.9999447;6.16139E-06;-5.296501E-05;-0.01587875;-0.01227195;0.0000553
8209.93804931641;80.0000000;79.9999447;6.16139E-06;-1.834917E-05;-0.01759777;-0.01527612;0.0000553
8211.00044250488;80.0000000;79.9999446;6.172531E-06;-3.934264E-06;-0.01828141;-0.03568628;0.0000554
8212.06283569336;80.0000000;79.9999446;6.172531E-06;-1.362984E-06;-0.01836094;-0.01937574;0.0000554
8213.12522888184;80.0000000;80.0000042;0;2.269755E-05;-0.02040033;-0.03491535;-0.0000042
8214.18762207031;80.0000000;80.0000638;-7.108439E-06;3.109209E-05;-0.02174638;-0.02842854;-0.0000638
8215.25001525879;80.0000000;80.0000639;-7.119581E-06;-6.442025E-06;-0.01991191;-0.005567077;-0.0000639
8216.31336212158;80.0000000;80.0000043;0;-3.530554E-05;-0.01759791;-0.02300924;-0.0000043
8217.37575531006;80.0000000;79.9999447;6.16139E-06;-3.989249E-05;-0.01651506;-0.004139907;0.0000553
8218.43814849854;79.9999829;79.9999447;5.373532E-05;-1.382033E-05;-0.002745148;0.009379378;0.0000382
8219.50054168701;80.0001060;80.0000638;-0.000258319;5.501138E-05;-0.1267543;-0.09301565;0.0000422
8220.56293487549;79.9990825;79.9994678;-0.0007776297;-0.0003965239;0.03345159;-0.01490925;-0.0003853
8221.62532806396;79.9989891;79.9987526;0.0001158686;-0.0005759769;0.0176395;0.005272555;0.0002365
8222.68772125244;79.9990000;79.9985141;5.413778E-05;-0.0003254584;0.004277187;0.006787439;0.0004859
8223.75011444092;79.9990000;79.9986929;3.421633E-05;-2.609922E-06;-0.01440409;0.008095868;0.0003071
8224.81250762939;79.9990000;79.9992293;-2.554804E-05;0.0003299251;-0.03890004;-0.0244364;-0.0002293
8225.87585449219;79.9990000;79.9996465;-7.203143E-05;0.0003827694;-0.04783896;-0.05975273;-0.0006465
8226.93824768066;79.9989829;79.9998850;-0.0001499889;0.0002460427;-0.0357474;-0.0371827;-0.0009021
8228.00064086914;79.9990903;79.9998850;0.0001953107;9.589377E-05;-0.0746301;-0.03784203;-0.0007947
8229.06303405762;79.9985693;79.9994678;-0.001244965;-0.0002552115;-0.06410191;-0.1253278;-0.0008985
8230.12542724609;79.9979583;79.9983353;-4.49341E-05;-0.0007931484;0.04291149;0.03152778;-0.0003770
8231.18782043457;79.9980000;79.9975605;4.896801E-05;-0.0006956867;0.01987184;0.00395002;0.0004395
8232.25021362305;79.9980000;79.9973817;6.888947E-05;-0.0003652636;0.005947593;0.00898625;0.0006183
8233.31260681152;79.9979782;79.9976796;5.898542E-05;6.466531E-05;-0.004543232;0.001274866;0.0002986
8234.375;79.9981289;79.9982756;-0.0001221392;0.0004068754;-0.1359203;-0.1072792;-0.0001467
8235.43834686279;79.9971831;79.9983949;-0.001007412;0.0001613442;-0.02621425;-0.08204634;-0.0012118
8236.50074005127;79.9969780;79.9979181;-1.880613E-05;-0.0002175495;-0.01434692;0.01200083;-0.0009401
8237.56313323975;79.9969904;79.9976201;-8.236893E-07;-0.0002166345;-0.007206857;0.007771221;-0.0006297
8238.62552642822;79.9970630;79.9975605;-0.0004795839;-0.0001105644;-0.1402695;-0.1000557;-0.0004975
8239.6879196167;79.9960000;79.9970240;-0.0003640915;-0.0003976855;0.03109839;-0.009414254;-0.0010240
8240.75031280518;79.9960000;79.9964280;-0.00013102;-0.0005175211;-0.003665574;-0.01295315;-0.0004280
8241.81270599365;79.9960493;79.9963088;0.0003379491;-0.0002286508;-0.03326744;0.005460604;-0.0002595
8242.87509918213;79.9958598;79.9964279;-0.001214012;1.007957E-06;-0.1252937;-0.132508;-0.0005681
8243.93749237061;79.9949453;79.9959511;-0.0002266471;-0.0003063972;0.02090571;-0.008055515;-0.0010058
8245.0008392334;79.9950903;79.9955935;0.0002277889;-0.0003273178;-0.05529577;0.01133487;-0.0005032
8246.06323242188;79.9945475;79.9955339;-0.001280475;-0.0001604871;-0.06395336;-0.1146507;-0.0009864
8247.12562561035;79.9940775;79.9949379;7.470931E-05;-0.0004281679;-0.04720297;0.004563169;-0.0008604
8248.18801879883;79.9934297;79.9944610;-0.001198238;-0.0004302136;-0.04212026;-0.09697432;-0.0010313
8249.2504119873;79.9929375;79.9936266;-3.511113E-05;-0.0006587353;0.03147283;-0.002491645;-0.0006891
8250.31280517578;79.9931289;79.9933881;-0.0001346737;-0.0003479171;-0.1084677;-0.05872467;-0.0002592
8251.37519836426;79.9922780;79.9932689;-0.001075247;-0.0002304355;-0.01653006;-0.05854974;-0.0009909
8252.43759155273;79.9920840;79.9927325;-0.0002493376;-0.0003695097;-0.1170436;-0.05227472;-0.0006485
8253.49998474121;79.9911660;79.9923749;-0.0009576093;-0.0003823565;0.005934112;-0.05766008;-0.0012089
8254.563331604;79.9910521;79.9917788;-0.0004156026;-0.0004350237;-0.1323183;-0.08334551;-0.0007267
8255.62572479248;79.9900729;79.9911232;-0.0007823863;-0.0005948915;0.03327444;-0.0274686;-0.0010503
8256.68811798096;79.9900000;79.9905867;-0.001232035;-0.0004961478;-0.1336619;-0.096275;-0.0005867
8257.75051116943;79.9890000;79.9899311;-2.040758E-05;-0.0006134819;0.04030085;0.007995428;-0.0009311
8258.81290435791;79.9889092;79.9894542;-0.0008445767;-0.0004765245;-0.1272017;-0.09580958;-0.0005450
8259.87529754639;79.9878257;79.9888582;-0.001481901;-0.0005875829;-0.0644868;-0.09271356;-0.0010325
8260.93769073486;79.9870356;79.9877853;8.574114E-05;-0.0008052397;0.0007341569;0.01718721;-0.0007497
8262.00008392334;79.9868047;79.9872489;-0.0009349083;-0.0006152133;-0.1179369;-0.1032933;-0.0004442
8263.06247711182;79.9855058;79.9864144;-0.001274736;-0.0007565193;-0.01401262;-0.07689656;-0.0009086
8264.12582397461;79.9850557;79.9856395;7.981117E-05;-0.0007432657;-0.0257768;0.002502456;-0.0005838
8265.18821716309;79.9845625;79.9851031;-0.001101899;-0.0005854995;-0.1143308;-0.09774336;-0.0005406
8266.25061035156;79.9833672;79.9844475;-0.001162031;-0.0006620309;-0.004899271;-0.03522361;-0.0010803
8267.31300354004;79.9830752;79.9835534;-6.271992E-05;-0.0007159279;-0.07180884;-0.009956234;-0.0004782
8268.37539672852;79.9824069;79.9831361;-0.001151884;-0.0005439553;-0.09999085;-0.1081258;-0.0007292
8269.43778991699;79.9812500;79.9821825;-0.001103897;-0.0007682082;-0.0757561;-0.1033621;-0.0009325
8270.50018310547;79.9802671;79.9811692;-0.001149989;-0.0009321663;-0.08302709;-0.07233978;-0.0009021
8271.56257629395;79.9790620;79.9798579;-0.0006645236;-0.001094201;0.05655025;0.007046908;-0.0007959
8272.62592315674;79.9790425;79.9792022;-0.0002830928;-0.000781596;-0.1042504;-0.06422617;-0.0001597
8273.68831634521;79.9780000;79.9786062;-0.001067541;-0.0006245793;-0.08080976;-0.08968345;-0.0006062
8274.75070953369;79.9770000;79.9777717;-0.001085981;-0.0007790258;-0.07585037;-0.08264437;-0.0007717
8275.81310272217;79.9758750;79.9766988;-0.001091786;-0.0009023642;-0.07104152;-0.0674549;-0.0008238
8276.87549591064;79.9748750;79.9756260;-0.001083674;-0.0009987189;-0.06573189;-0.05620803;-0.0007510
8277.93788909912;79.9737500;79.9744339;-0.001076198;-0.001046532;-0.06302722;-0.06265996;-0.0006839
8279.0002822876;79.9727500;79.9734206;-0.001074717;-0.001019671;-0.06477006;-0.06233066;-0.0006706
8280.06267547607;79.9716250;79.9721689;-0.0010606;-0.001082728;-0.06033061;-0.0722955;-0.0005439
8281.12506866455;79.9706032;79.9712152;-0.001093904;-0.001003989;-0.05329358;-0.05960913;-0.0006120
8282.18841552734;79.9696328;79.9701423;-0.001015101;-0.000967461;-0.1430747;-0.09313309;-0.0005095
8283.25080871582;79.9679297;79.9689502;-0.002197035;-0.001133576;-0.0863803;-0.1443857;-0.0010205
8284.3132019043;79.9663431;79.9668045;-0.00098077;-0.001628711;-0.01719558;0.006560846;-0.0004614
8285.37559509277;79.9653750;79.9653144;-0.0009932481;-0.001501214;-0.03291482;-0.03550651;0.0000606
8286.43798828125;79.9642329;79.9642415;-0.0009505207;-0.001119492;-0.03799766;-0.02972221;-0.0000086
8287.50038146973;79.9633560;79.9635262;-0.001281984;-0.0008613643;-0.17415;-0.1672634;-0.0001702
8288.5627746582;79.9612075;79.9620361;-0.001827021;-0.001227054;-0.0218818;-0.07274034;-0.0008286
8289.62516784668;79.9601045;79.9603076;-0.0008637747;-0.001526436;-0.01815431;-0.01154497;-0.0002031
8290.68756103516;79.9590000;79.9590559;-0.002089561;-0.00123696;-0.1658162;-0.1078079;-0.0000559
8291.75090789795;79.9570000;79.9574465;-0.001383081;-0.001484325;0.008247185;-0.03180351;-0.0004465
8292.81330108643;79.9559243;79.9558968;-0.0006300739;-0.001351384;-0.05845098;-0.0006414126;0.0000275
8293.8756942749;79.9547252;79.9548835;-0.002237689;-0.00112745;-0.1426187;-0.1874878;-0.0001583
8294.93808746338;79.9528027;79.9532742;-0.0008337833;-0.001324379;-0.05275449;-0.01636877;-0.0004715
8296.00048065186;79.9514473;79.9519033;-0.002269556;-0.001337924;-0.1081744;-0.1431658;-0.0004560
8297.06287384033;79.9497025;79.9500556;-0.0008687685;-0.001528765;-0.06836153;0.00183108;-0.0003531
8298.12526702881;79.9481725;79.9486847;-0.002227641;-0.001407057;-0.07920127;-0.118249;-0.0005122
8299.18766021729;79.9465703;79.9468369;-0.0009463705;-0.001530611;-0.07802304;-0.01896691;-0.0002666
8300.25005340576;79.9450625;79.9454660;-0.002086624;-0.001437689;-0.1427584;-0.1664608;-0.0004035
8301.31340026855;79.9426211;79.9434395;-0.00198539;-0.001711112;-0.005575875;-0.0577792;-0.0008184
8302.37579345703;79.9414502;79.9415321;-0.001018565;-0.001815158;-0.08349463;-0.05506631;-0.0000819
8303.43818664551;79.9395391;79.9398632;-0.002171527;-0.001624499;-0.1212845;-0.1191521;-0.0003241
8304.50057983398;79.9373940;79.9379558;-0.001799573;-0.001802848;0.01489779;-0.02072335;-0.0005618
8305.56297302246;79.9361675;79.9360485;-0.001252041;-0.001704058;-0.1241207;-0.07819081;0.0001190
8306.62536621094;79.9342609;79.9346180;-0.002129305;-0.001577101;-0.1037706;-0.1282529;-0.0003571
8307.68775939941;79.9320000;79.9325318;-0.002059252;-0.001779857;-0.09189709;-0.1084486;-0.0005318
8308.75015258789;79.9300000;79.9305052;-0.002056288;-0.001944632;-0.08354413;-0.09530645;-0.0005052
8309.81254577637;79.9277500;79.9281807;-0.002047987;-0.002015765;-0.07928934;-0.04947515;-0.0004307
8310.87589263916;79.9257500;79.9260945;-0.002038383;-0.002055227;-0.07637112;-0.07143682;-0.0003445
8311.93828582764;79.9235000;79.9237699;-0.002030072;-0.002064529;-0.07513354;-0.06603671;-0.0002699
8313.00067901611;79.9215000;79.9218030;-0.002033759;-0.002028596;-0.07771109;-0.06774447;-0.0003030
8314.06307220459;79.9192500;79.9195976;-0.002038729;-0.001985343;-0.08086342;-0.05625575;-0.0003476
8315.12546539307;79.9172500;79.9176306;-0.002042405;-0.001984885;-0.08167079;-0.09693817;-0.0003806
8316.18785858154;79.9150000;79.9153657;-0.002040745;-0.002009916;-0.08053704;-0.06561071;-0.0003657
8317.25025177002;79.9129766;79.9134583;-0.00205367;-0.001956146;-0.07071431;-0.09198187;-0.0004817
8318.3126449585;79.9108789;79.9113126;-0.002154116;-0.001937906;-0.178144;-0.1788002;-0.0004337
8319.37503814697;79.9080498;79.9089880;-0.003095092;-0.002226897;-0.07785244;-0.1044677;-0.0009382
8320.43838500977;79.9054609;79.9057693;-0.001898944;-0.002612071;-0.02542989;0.01384571;-0.0003084
8321.50077819824;79.9036060;79.9035043;-0.00225169;-0.00236638;-0.1630492;-0.1355931;0.0001017
8322.56317138672;79.9003325;79.9008221;-0.002789251;-0.002426097;-0.02518455;-0.07877839;-0.0004896
8323.6255645752;79.8982295;79.8982591;-0.001844444;-0.002478336;-0.03617955;-0.004873436;-0.0000296
8324.68795776367;79.8960000;79.8961730;-0.003185942;-0.00205099;-0.194082;-0.2008299;-0.0001730
8325.75035095215;79.8930000;79.8936696;-0.001907939;-0.00234952;-0.01359051;-0.03511924;-0.0006696
8326.81274414063;79.8906002;79.8909874;-0.003263193;-0.002354;-0.152672;-0.1795871;-0.0003872
8327.8751373291;79.8877652;79.8882456;-0.001902809;-0.002611566;-0.02253118;-0.007675369;-0.0004804
8328.93753051758;79.8853047;79.8856826;-0.002927521;-0.002358938;-0.1717887;-0.1832577;-0.0003779
8330.00087738037;79.8821597;79.8831196;-0.003390804;-0.00250159;-0.0895338;-0.1104159;-0.0009599
8331.06327056885;79.8793057;79.8799009;-0.001921459;-0.002703212;-0.06965522;-0.008912709;-0.0005952
8332.12566375732;79.8769167;79.8775763;-0.003070561;-0.002474324;-0.1554789;-0.1408499;-0.0006596
8333.1880569458;79.8735234;79.8744173;-0.003099596;-0.002750975;-0.1303872;-0.1413896;-0.0008939
8334.25045013428;79.8703672;79.8713178;-0.00314758;-0.002987956;-0.02897427;-0.08581153;-0.0009506
8335.31284332275;79.8678252;79.8680992;-0.002039969;-0.00286693;-0.103615;-0.0409524;-0.0002740
8336.37523651123;79.8651569;79.8657746;-0.00313946;-0.002547767;-0.1405005;-0.1393326;-0.0006177
8337.43762969971;79.8617500;79.8627348;-0.003109724;-0.002686593;-0.1229391;-0.08761713;-0.0009848
8338.50002288818;79.8587500;79.8596949;-0.003105278;-0.00291733;-0.1113999;-0.09824003;-0.0009449
8339.56336975098;79.8553750;79.8561783;-0.003089502;-0.003083553;-0.1017668;-0.09576911;-0.0008033
8340.62576293945;79.8523750;79.8530788;-0.003078416;-0.003101833;-0.1000722;-0.08917885;-0.0007038
8341.68815612793;79.8490000;79.8496814;-0.002659253;-0.003033015;-0.09670067;-0.1035108;-0.0006814
8342.75054931641;79.8460000;79.8467011;-0.004161448;-0.002992532;-0.2235206;-0.197717;-0.0007011
8343.81294250488;79.8416004;79.8425288;-0.00325025;-0.003502838;-0.04172096;-0.07920209;-0.0009284
8344.87533569336;79.8386154;79.8388929;-0.003100254;-0.003545988;-0.06830882;-0.08471855;-0.0002775
8345.93772888184;79.8353403;79.8353762;-0.002720146;-0.003226231;-0.1248026;-0.07150623;-0.0000359
8347.00012207031;79.8319644;79.8325152;-0.004230639;-0.00303899;-0.1709811;-0.199046;-0.0005508
8348.06251525879;79.8278115;79.8285217;-0.003107774;-0.003378302;-0.04740566;-0.06731113;-0.0007102
8349.12586212158;79.8249942;79.8251838;-0.002847622;-0.003325876;-0.1433539;-0.08522383;-0.0001896
8350.18825531006;79.8209063;79.8216076;-0.00416147;-0.003261936;-0.1018115;-0.1740616;-0.0007013
8351.25064849854;79.8175703;79.8179121;-0.002954749;-0.003529247;-0.1166392;-0.07161141;-0.0003418
8352.31304168701;79.8135537;79.8140974;-0.004156932;-0.003443717;-0.1764885;-0.2007043;-0.0005437
8353.37543487549;79.8093711;79.8099847;-0.003962571;-0.003859955;-0.03254405;-0.05701588;-0.0006136
8354.43782806396;79.8058169;79.8055739;-0.00310053;-0.003848531;-0.1340138;-0.07704833;0.0002430
8355.50022125244;79.8020391;79.8021168;-0.004144073;-0.003626057;-0.1547088;-0.1255914;-0.0000777
8356.56261444092;79.7974370;79.7977061;-0.003605829;-0.003846061;-0.005526223;-0.03944618;-0.0002691
8357.62500762939;79.7944175;79.7941298;-0.003233245;-0.003658103;-0.1606954;-0.1313327;0.0002877
8358.68835449219;79.7900000;79.7901959;-0.004021826;-0.003600603;-0.1323448;-0.1611569;-0.0001959
8359.75074768066;79.7860000;79.7863216;-0.004035831;-0.003781627;-0.1250908;-0.1203698;-0.0003216
8360.81314086914;79.7815000;79.7815532;-0.004005927;-0.004082615;-0.1060899;-0.1075765;-0.0000532
8361.87553405762;79.7775000;79.7775001;-0.004;-0.0040496;-0.107034;-0.1055463;-0.0000001
8362.93792724609;79.7730000;79.7730298;-0.00400332;-0.003975587;-0.1112153;-0.07763305;-0.0000298
8364.00032043457;79.7690000;79.7690959;-0.004010685;-0.003939213;-0.1140402;-0.09792561;-0.0000959
8365.06271362305;79.7645000;79.7648043;-0.004033904;-0.003856491;-0.1213938;-0.1369367;-0.0003043
8366.12510681152;79.7604782;79.7608704;-0.004069414;-0.003903945;-0.1079816;-0.1061252;-0.0003922
8367.1875;79.7561328;79.7565193;-0.004001396;-0.003877736;-0.1984365;-0.1349975;-0.0003865
8368.25084686279;79.7514297;79.7522278;-0.005172255;-0.004227328;-0.1309052;-0.1547333;-0.0007981
8369.31324005127;79.7464463;79.7468037;-0.003943466;-0.004611003;-0.05341168;-0.07677785;-0.0003574
8370.37563323975;79.7426289;79.7424526;-0.004086151;-0.004419352;-0.1798646;-0.1429521;0.0001763
8371.43802642822;79.7371660;79.7375650;-0.004867372;-0.004412473;-0.06033679;-0.1144506;-0.0003990
8372.5004196167;79.7330840;79.7330947;-0.004178275;-0.00442107;-0.1855768;-0.1558748;-0.0000107
8373.56281280518;79.7275729;79.7279687;-0.004709463;-0.004530961;-0.03870261;-0.08099328;-0.0003958
8374.62520599365;79.7235521;79.7234983;-0.004328641;-0.004472144;-0.198236;-0.163769;0.0000538
8375.68759918213;79.7180000;79.7184915;-0.003971428;-0.00446628;-0.03788572;-0.05034307;-0.0004915
8376.74999237061;79.7140000;79.7141404;-0.004765643;-0.004373782;-0.2041596;-0.1529592;-0.0001404
8377.8133392334;79.7083750;79.7092528;-0.005097802;-0.004399745;-0.1642021;-0.1458932;-0.0008778
8378.87573242188;79.7033846;79.7041864;-0.005019999;-0.004823423;-0.1477227;-0.1601893;-0.0008018
8379.93812561035;79.6976597;79.6984644;-0.005373511;-0.005019349;-0.09506782;-0.1913961;-0.0008047
8381.00051879883;79.6930356;79.6933980;-0.003871107;-0.005033688;-0.05951686;-0.01726541;-0.0003624
8382.0629119873;79.6881667;79.6886892;-0.005055286;-0.004475429;-0.1873037;-0.1878237;-0.0005225
8383.12530517578;79.6831250;79.6841593;-0.005115239;-0.004529848;-0.1627762;-0.1466687;-0.0010343
8384.18769836426;79.6774766;79.6786160;-0.005126949;-0.004775623;-0.1381098;-0.1671565;-0.0011394
8385.25009155273;79.6726328;79.6736092;-0.005067121;-0.004899004;-0.2212553;-0.1888242;-0.0009764
8386.31248474121;79.6661748;79.6675296;-0.006141508;-0.00526716;-0.1314365;-0.2179344;-0.0013548
8387.375831604;79.6608431;79.6615691;-0.005010251;-0.005666084;-0.08768192;-0.05350966;-0.0007260
8388.43822479248;79.6552329;79.6554298;-0.004972459;-0.005476589;-0.09141503;-0.08866274;-0.0001969
8389.50061798096;79.6503560;79.6504826;-0.005277126;-0.005118945;-0.229364;-0.1812196;-0.0001266
8390.56301116943;79.6437075;79.6442241;-0.005792258;-0.005468877;-0.07395671;-0.1608703;-0.0005166
8391.62540435791;79.6386045;79.6384425;-0.004823096;-0.005631792;-0.07615061;-0.08438514;0.0001620
8392.68779754639;79.6330000;79.6326608;-0.005628874;-0.005287308;-0.2186328;-0.2470348;0.0003392
8393.75019073486;79.6270000;79.6271176;-0.006429769;-0.005487161;-0.1715742;-0.2033095;-0.0001176
8394.81258392334;79.6203998;79.6203227;-0.004771357;-0.005854055;-0.05684217;-0.04984867;0.0000771
8395.87593078613;79.6152252;79.6147198;-0.006163741;-0.005689234;-0.1721028;-0.1968261;0.0005054
8396.93832397461;79.6087856;79.6084614;-0.004794608;-0.005602687;-0.08473263;-0.03460134;0.0003242
8398.00071716309;79.6035376;79.6032161;-0.005899075;-0.005383896;-0.1990223;-0.1967827;0.0003215
8399.06311035156;79.5967500;79.5968981;-0.0060165;-0.005588633;-0.1587984;-0.205955;-0.0001481
8400.12550354004;79.5907500;79.5907588;-0.006;-0.005927961;-0.1394875;-0.1200424;-0.0000088
8401.18789672852;79.5840000;79.5839638;-0.005995966;-0.006008102;-0.1348107;-0.1343975;0.0000362
8402.25028991699;79.5780000;79.5779438;-0.005993738;-0.006016953;-0.134041;-0.1263153;0.0000562
8403.31268310547;79.5712500;79.5712084;-0.005995364;-0.005983859;-0.1358751;-0.1205408;0.0000416
8404.37507629395;79.5652500;79.5652480;-0.006;-0.005975202;-0.1368765;-0.1188714;0.0000020
8405.43842315674;79.5585000;79.5585723;-0.006008055;-0.005948413;-0.1393128;-0.1529624;-0.0000723
8406.50081634521;79.5524829;79.5526118;-0.005964882;-0.005936759;-0.1254645;-0.0957389;-0.0001289
8407.56320953369;79.5458130;79.5459361;-0.006437869;-0.005935102;-0.2561934;-0.2114478;-0.0001231
8408.62560272217;79.5388325;79.5393200;-0.006789017;-0.006399446;-0.08446333;-0.1483963;-0.0004875
8409.68799591064;79.5320000;79.5316906;-0.00554886;-0.006626775;-0.09258398;-0.09903806;0.0003094
8410.75038909912;79.5260000;79.5256705;-0.007129954;-0.006249342;-0.2343643;-0.1902913;0.0003295
8411.8127822876;79.5182652;79.5183391;-0.005857517;-0.006440945;-0.08178715;-0.08854717;-0.0000739
8412.87517547607;79.5121592;79.5119614;-0.006761816;-0.006395076;-0.2204641;-0.1714478;0.0001978
8413.93756866455;79.5041597;79.5045109;-0.007322983;-0.006599974;-0.1313617;-0.1688249;-0.0003512
8415.00091552734;79.4975356;79.4974775;-0.005824256;-0.006865947;-0.08305883;-0.02577789;0.0000581
8416.06330871582;79.4904167;79.4903846;-0.006993494;-0.006471197;-0.2000977;-0.1632424;0.0000321
8417.1257019043;79.4833750;79.4835896;-0.00702391;-0.006703763;-0.1621633;-0.1703121;-0.0002146
8418.18809509277;79.4755000;79.4756622;-0.007018072;-0.0069592;-0.1485841;-0.1218747;-0.0001622
8419.25048828125;79.4685000;79.4683904;-0.006987788;-0.007161693;-0.134439;-0.05967462;0.0001096
8420.31288146973;79.4606250;79.4603438;-0.006968669;-0.007158299;-0.1320198;-0.1278466;0.0002812
8421.3752746582;79.4536250;79.4531913;-0.006951678;-0.007142574;-0.1303605;-0.08096585;0.0004337
8422.43766784668;79.4457500;79.4452042;-0.006939188;-0.007090928;-0.1309337;-0.1213469;0.0005458
8423.50006103516;79.4387500;79.4381709;-0.006935478;-0.007046125;-0.1322752;-0.1322077;0.0005791
8424.56340789795;79.4308654;79.4302435;-0.006861373;-0.007043615;-0.1175009;-0.1454604;0.0006219
8425.62580108643;79.4239380;79.4232101;-0.007343051;-0.007029308;-0.2452072;-0.2139254;0.0007279
8426.6881942749;79.4150000;79.4145674;-0.007285134;-0.007486279;-0.05973392;-0.06834994;0.0004326
8427.75058746338;79.4080000;79.4069977;-0.006471659;-0.007480941;-0.09454183;-0.004827407;0.0010023
8428.81298065186;79.3999752;79.3990106;-0.008112578;-0.007213961;-0.2010229;-0.241102;0.0009646
8429.87537384033;79.3921402;79.3916197;-0.006791291;-0.007326312;-0.08225699;-0.04351685;0.0005205
8430.93776702881;79.3840547;79.3835134;-0.007825105;-0.007229305;-0.2238203;-0.2143593;0.0005413
8432.00016021729;79.3759097;79.3757648;-0.008267709;-0.007580134;-0.1274796;-0.1680032;0.0001449
8433.06255340576;79.3674307;79.3668241;-0.006787557;-0.007776157;-0.1054268;-0.02541673;0.0006066
8434.12590026855;79.3600417;79.3593735;-0.007922621;-0.007574663;-0.1870134;-0.1768527;0.0006682
8435.18829345703;79.3510000;79.3507905;-0.007976658;-0.007650818;-0.1596043;-0.150659;0.0002095
8436.25068664551;79.3430000;79.3427438;-0.007971454;-0.007901597;-0.145932;-0.1610202;0.0002562
8437.31307983398;79.3340000;79.3338031;-0.007978061;-0.007934086;-0.1448982;-0.1182628;0.0001969
8438.37547302246;79.3260000;79.3256373;-0.007959588;-0.008091063;-0.1343153;-0.1873151;0.0003627
8439.43786621094;79.3170000;79.3165774;-0.007952915;-0.00808033;-0.1336774;-0.1446881;0.0004226
8440.50025939941;79.3090000;79.3083520;-0.007927801;-0.00817755;-0.1250901;-0.1549525;0.0006480
8441.56265258789;79.2999904;79.2992325;-0.00784622;-0.008112559;-0.1124528;-0.07687972;0.0007579
8442.62504577637;79.2920630;79.2910666;-0.008313136;-0.008160778;-0.2349542;-0.2144213;0.0009964
8443.68839263916;79.2820000;79.2811126;-0.008234461;-0.008686841;-0.04305863;-0.1175054;0.0008874
8444.75078582764;79.2740000;79.2723508;-0.007482916;-0.008694782;-0.07317082;0.007813018;0.0016492
8445.81317901611;79.2649092;79.2631120;-0.008583614;-0.00836023;-0.2022545;-0.2017258;0.0017972
8446.87557220459;79.2558257;79.2544694;-0.009215746;-0.008563138;-0.1322012;-0.1582618;0.0013563
8447.93796539307;79.2460356;79.2443366;-0.00764143;-0.008816137;-0.06203925;-0.05578294;0.0016990
8449.00035858154;79.2378047;79.2358727;-0.008670158;-0.00859159;-0.1815054;-0.1664146;0.0019320
8450.06275177002;79.2275058;79.2260976;-0.009016604;-0.008676448;-0.07904611;-0.1313773;0.0014082
8451.1251449585;79.2190557;79.2173953;-0.007670146;-0.008651824;-0.09048899;-0.05128936;0.0016604
8452.18753814697;79.2095391;79.2081566;-0.008887631;-0.008371747;-0.1732841;-0.2114547;0.0013825
8453.25088500977;79.2005000;79.1995735;-0.008896771;-0.008531521;-0.1476668;-0.1225976;0.0009265
8454.31327819824;79.1903750;79.1895003;-0.008902542;-0.00881683;-0.1329727;-0.1129157;0.0008747
8455.37567138672;79.1813750;79.1802616;-0.008875947;-0.009095403;-0.114559;-0.09694412;0.0011134
8456.4380645752;79.1712329;79.1700692;-0.008820863;-0.009060567;-0.09925106;-0.1059629;0.0011637
8457.50045776367;79.1623560;79.1610689;-0.009119616;-0.009022667;-0.2189804;-0.1751981;0.0012871
8458.56285095215;79.1512075;79.1503401;-0.009638057;-0.009402988;-0.06109819;-0.08700242;0.0008674
8459.62524414063;79.1421045;79.1404457;-0.008656327;-0.009656009;-0.05586336;-0.02648166;0.0016588
8460.6876373291;79.1320000;79.1300149;-0.00994549;-0.009372751;-0.1979577;-0.2185609;0.0019851
8461.75003051758;79.1220000;79.1202993;-0.008643845;-0.009580675;-0.01719685;-0.01914799;0.0017007
8462.81337738037;79.1117252;79.1094513;-0.009966699;-0.00959492;-0.1492981;-0.1441955;0.0022739
8463.87577056885;79.1018902;79.0997357;-0.008609234;-0.009699632;-0.02515802;-0.002837787;0.0021545
8464.93816375732;79.0915376;79.0892453;-0.009679493;-0.009448731;-0.1619243;-0.169855;0.0022923
8466.0005569458;79.0815000;79.0795893;-0.009787114;-0.009586194;-0.1221606;-0.1230724;0.0019107
8467.06295013428;79.0702718;79.0683241;-0.009757277;-0.00988906;-0.1168724;-0.09751739;0.0019477
8468.12534332275;79.0601308;79.0582509;-0.009964048;-0.0100075;-0.03954554;-0.04469318;0.0018799
8469.18773651123;79.0495469;79.0471644;-0.008651214;-0.009857649;-0.06139214;-0.0431841;0.0023825
8470.25012969971;79.0401719;79.0381641;-0.009776296;-0.009325699;-0.226127;-0.1696507;0.0020078
8471.31252288818;79.0280498;79.0272565;-0.01090217;-0.009672128;-0.1239395;-0.1649237;0.0007933
8472.37586975098;79.0177181;79.0167660;-0.00982328;-0.01017261;-0.08004621;-0.07941362;0.0009521
8473.43826293945;79.0065000;79.0052623;-0.009862098;-0.01018423;-0.09080719;-0.09103181;0.0012377
8474.50065612793;78.9964829;78.9953084;-0.00981966;-0.01005242;-0.08214355;-0.108391;0.0011745
8475.56304931641;78.9853130;78.9843411;-0.01031587;-0.00985276;-0.2248046;-0.1796108;0.0009719
8476.62544250488;78.9743229;78.9739699;-0.01062603;-0.01022391;-0.04689697;-0.08450545;0.0003530
8477.68783569336;78.9630000;78.9619894;-0.01105407;-0.01049987;-0.1905487;-0.1670135;0.0010106
8478.75022888184;78.9520000;78.9512009;-0.009827632;-0.01068578;-0.009806028;-0.03337042;0.0007991
8479.81262207031;78.9406496;78.9393396;-0.01070723;-0.01053362;-0.1690341;-0.1672617;0.0013100
8480.87501525879;78.9296346;78.9287300;-0.01082987;-0.01058414;-0.1337303;-0.131097;0.0009046
8481.93836212158;78.9171597;78.9163322;-0.01119165;-0.01085516;-0.07665525;-0.1287321;0.0008275
8483.00075531006;78.9065356;78.9053054;-0.009693663;-0.01089292;-0.03904316;0.009052257;0.0012302
8484.06314849854;78.8949167;78.8938017;-0.01087284;-0.01041091;-0.1607123;-0.1586886;0.0011150
8485.12554168701;78.8838532;78.8832516;-0.01095869;-0.01051858;-0.119608;-0.145497;0.0006016
8486.18793487549;78.8716328;78.8713307;-0.01092467;-0.01059583;-0.208326;-0.1640335;0.0003021
8487.25032806396;78.8599297;78.8601846;-0.01211173;-0.01097956;-0.140517;-0.1952739;-0.0002549
8488.31272125244;78.8470931;78.8469524;-0.01091368;-0.01148784;-0.0723256;-0.05545681;0.0001407
8489.37511444092;78.8361032;78.8358659;-0.01094784;-0.01120488;-0.08612867;-0.08883393;0.0002373
8490.43750762939;78.8238560;78.8238854;-0.0112663;-0.01082697;-0.2298907;-0.1865094;-0.0000294
8491.50085449219;78.8119160;78.8128586;-0.01192794;-0.01100046;-0.09311099;-0.1386675;-0.0009426
8492.56324768066;78.7994271;78.7999243;-0.01139003;-0.01128753;-0.2196689;-0.1408734;-0.0004972
8493.62564086914;78.7874479;78.7880034;-0.01172726;-0.01169503;-0.03736771;-0.04879749;-0.0005555
8494.68803405762;78.7750000;78.7748904;-0.01165445;-0.0116142;-0.1936107;-0.1150813;0.0001096
8495.75042724609;78.7630000;78.7631483;-0.01243319;-0.01169616;-0.1498356;-0.1419636;-0.0001483
8496.81282043457;78.7496402;78.7496776;-0.01085345;-0.01185635;-0.04133898;-0.0137357;-0.0000374
8497.87521362305;78.7385246;78.7384720;-0.01184733;-0.01142267;-0.1968759;-0.2143366;0.0000526
8498.93760681152;78.7250000;78.7255974;-0.01206656;-0.01146898;-0.1609128;-0.1200552;-0.0005974
8500;78.7130000;78.7137956;-0.01208864;-0.01168236;-0.15338;-0.1367884;-0.0007956
8501.06334686279;78.6994782;78.7003846;-0.0121267;-0.01185901;-0.1342312;-0.09862119;-0.0009064
8502.12574005127;78.6876192;78.6884041;-0.01191395;-0.01194247;-0.199606;-0.1949577;-0.0007849
8503.18813323975;78.6734297;78.6745758;-0.01321103;-0.01224054;-0.1525493;-0.2102352;-0.0011461
8504.25052642822;78.6609375;78.6617012;-0.01204342;-0.01260802;-0.07136633;-0.06260384;-0.0007637
8505.3129196167;78.6476289;78.6479325;-0.01213962;-0.01229761;-0.2108295;-0.2008528;-0.0003036
8506.37531280518;78.6347780;78.6356539;-0.01306243;-0.01233299;-0.1088353;-0.1288157;-0.0008759
8507.43770599365;78.6210840;78.6215276;-0.01222651;-0.01247643;-0.2077411;-0.1571922;-0.0004436
8508.50009918213;78.6081660;78.6089511;-0.01291039;-0.01256995;-0.0773076;-0.1056963;-0.0007851
8509.56249237061;78.5945425;78.5948248;-0.01229675;-0.01252214;-0.2062852;-0.1839396;-0.0002823
8510.6258392334;78.5816359;78.5821886;-0.0131511;-0.01260454;-0.1725403;-0.213254;-0.0005527
8511.68823242188;78.5670000;78.5674066;-0.01346197;-0.01294451;-0.1563229;-0.1956669;-0.0004066
8512.75062561035;78.5540000;78.5541148;-0.01192946;-0.01313367;-0.01881384;-0.03458289;-0.0001148
8513.81301879883;78.5403900;78.5401673;-0.01289771;-0.01260902;-0.1949541;-0.1877605;0.0002227
8514.8754119873;78.5274243;78.5278291;-0.01267824;-0.01249516;-0.188274;-0.1802492;-0.0004048
8515.93780517578;78.5124644;78.5134048;-0.01427405;-0.01277088;-0.2333492;-0.2793677;-0.0009404
8517.00019836426;78.4987124;78.4994573;-0.0131481;-0.01350804;-0.0902844;-0.08635554;-0.0007449
8518.06259155273;78.4841032;78.4841389;-0.01302969;-0.01351754;-0.103953;-0.08895799;-0.0000357
8519.12593841553;78.4712442;78.4709663;-0.01279553;-0.01329058;-0.181655;-0.1361711;0.0002779
8520.188331604;78.4559063;78.4563036;-0.0141276;-0.0131777;-0.144593;-0.1596895;-0.0003973
8521.25072479248;78.4425937;78.4425945;-0.01291667;-0.01349456;-0.1706447;-0.1729875;-0.0000008
8522.31311798096;78.4271530;78.4270973;-0.01395864;-0.01373945;-0.08733562;-0.1190264;0.0000557
8523.37551116943;78.4139502;78.4131498;-0.01292026;-0.01384495;-0.1478824;-0.1379469;0.0008004
8524.43790435791;78.3985391;78.3980102;-0.01407649;-0.01361954;-0.1870488;-0.2005893;0.0005289
8525.50029754639;78.3843940;78.3840627;-0.01370007;-0.01383452;-0.04771173;-0.05466668;0.0003313
8526.56269073486;78.3696675;78.3688040;-0.01316909;-0.01358885;-0.1955121;-0.1263198;0.0008635
8527.62508392334;78.3557609;78.3554525;-0.01405516;-0.01346757;-0.1753701;-0.1680596;0.0003084
8528.68843078613;78.3400000;78.3398361;-0.01406507;-0.01374775;-0.1575757;-0.1666854;0.0001639
8529.75082397461;78.3260000;78.3257098;-0.013551;-0.01397573;-0.1376041;-0.1376411;0.0002902
8530.81321716309;78.3101098;78.3096165;-0.01509575;-0.01423591;-0.2199246;-0.2237473;0.0004933
8531.87561035156;78.2952158;78.2947154;-0.01416039;-0.01464556;-0.05824246;-0.04521408;0.0005004
8532.93800354004;78.2795903;78.2781453;-0.01355515;-0.01463663;-0.1309025;-0.04795855;0.0014450
8534.00039672852;78.2651973;78.2638402;-0.01506754;-0.01446544;-0.1593701;-0.2305014;0.0013571
8535.06278991699;78.2488275;78.2472105;-0.01364926;-0.01466608;-0.1150761;-0.07371531;0.0016170
8536.12518310547;78.2342975;78.2325477;-0.01497561;-0.01467022;-0.113649;-0.1508898;0.0017498
8537.18757629395;78.2180703;78.2160372;-0.01369014;-0.01465014;-0.1171655;-0.06326996;0.0020331
8538.25092315674;78.2035625;78.2019109;-0.01485765;-0.01434471;-0.1944176;-0.2031342;0.0016516
8539.31331634521;78.1864961;78.1852216;-0.0147522;-0.01469677;-0.05071997;-0.09981579;0.0012745
8540.37570953369;78.1723252;78.1705589;-0.01381264;-0.01463882;-0.1386957;-0.139983;0.0017663
8541.43810272217;78.1557720;78.1544656;-0.01494038;-0.01446489;-0.16178;-0.1994104;0.0013064
8542.50049591064;78.1407500;78.1396241;-0.01487455;-0.01472996;-0.1395709;-0.2017345;0.0011259
8543.56288909912;78.1238654;78.1226368;-0.01479378;-0.0149791;-0.1105563;-0.07245342;0.0012286
8544.6252822876;78.1089380;78.1073184;-0.0152437;-0.01518023;-0.2226067;-0.2363159;0.0016196
8545.68767547607;78.0910000;78.0892582;-0.01513926;-0.0157958;-0.02212774;-0.08242994;0.0017418
8546.75006866455;78.0760000;78.0734033;-0.01429401;-0.01581106;-0.05070197;-0.04707595;0.0025967
8547.81341552734;78.0589752;78.0562968;-0.01592163;-0.01544453;-0.1591167;-0.1877767;0.0026784
8548.87580871582;78.0431498;78.0407400;-0.01451145;-0.01553044;-0.04328801;-0.01121174;0.0024098
8549.9382019043;78.0259473;78.0235142;-0.01594766;-0.01539811;-0.1319694;-0.1767395;0.0024331
8551.00059509277;78.0102856;78.0079574;-0.01457133;-0.01552041;-0.05981851;-0.05524613;0.0023282
8552.06298828125;77.9930417;77.9909701;-0.01576626;-0.01522824;-0.1728577;-0.172181;0.0020716
8553.12538146973;77.9770000;77.9753537;-0.01581657;-0.01549991;-0.1338157;-0.1484104;0.0016463
8554.1877746582;77.9590000;77.9574723;-0.01582979;-0.01578479;-0.1194642;-0.1006811;0.0015277
8555.25016784668;77.9430000;77.9413790;-0.01581939;-0.01597869;-0.1069229;-0.1281611;0.0016210
8556.31256103516;77.9250000;77.9233784;-0.01581932;-0.01599477;-0.1045822;-0.1089315;0.0016216
8557.37590789795;77.9090000;77.9073448;-0.01581558;-0.01601369;-0.1017645;-0.09875821;0.0016552
8558.43830108643;77.8910000;77.8894634;-0.01582879;-0.01592883;-0.1062586;-0.06870606;0.0015366
8559.5006942749;77.8749829;77.8736682;-0.01580404;-0.01587237;-0.09581548;-0.1108927;0.0013147
8560.56308746338;77.8570630;77.8560848;-0.01631516;-0.01573191;-0.2372952;-0.2317083;0.0009782
8561.62548065186;77.8400729;77.8398127;-0.01663637;-0.01609873;-0.06101876;-0.1028216;0.0002602
8562.68787384033;77.8220000;77.8213949;-0.01709925;-0.01626868;-0.2147174;-0.2019177;0.0006051
8563.75026702881;77.8050000;77.8050036;-0.01591667;-0.0163618;-0.044806;-0.04804189;-0.0000036
8564.81266021729;77.7869092;77.7867646;-0.01676774;-0.01623423;-0.2144166;-0.1764892;0.0001446
8565.87505340576;77.7698257;77.7701945;-0.01740795;-0.01645739;-0.1457351;-0.1820764;-0.0003688
8566.93840026855;77.7510356;77.7509422;-0.01582032;-0.01687558;-0.0670344;-0.02615805;0.0000934
8568.00079345703;77.7347876;77.7345509;-0.01690852;-0.01658762;-0.1829547;-0.1541788;0.0002367
8569.06318664551;77.7156250;77.7159543;-0.01703669;-0.01657966;-0.1550566;-0.1653309;-0.0003293
8570.12557983398;77.6986032;77.6991458;-0.01708617;-0.01673358;-0.1380607;-0.1333009;-0.0005426
8571.18797302246;77.6796328;77.6803107;-0.01703386;-0.01674031;-0.2290354;-0.2189846;-0.0006779
8572.25036621094;77.6619297;77.6632042;-0.01822533;-0.01701626;-0.1681312;-0.1862446;-0.0012745
8573.31275939941;77.6423213;77.6430578;-0.0169857;-0.01758345;-0.08024928;-0.1001447;-0.0007365
8574.37515258789;77.6255039;77.6258321;-0.01714236;-0.01733911;-0.2115445;-0.1652894;-0.0003282
8575.43754577637;77.6054160;77.6061625;-0.01790609;-0.01746569;-0.0833602;-0.09977735;-0.0007465
8576.50089263916;77.5883340;77.5885195;-0.01719775;-0.01752548;-0.2037397;-0.1722523;-0.0001855
8577.56328582764;77.5681979;77.5686712;-0.0177181;-0.01763462;-0.05566603;-0.1530518;-0.0004733
8578.62567901611;77.5511675;77.5512666;-0.01727634;-0.0174472;-0.2091725;-0.1354479;-0.0000991
8579.68807220459;77.5310000;77.5316567;-0.01807317;-0.0174806;-0.177599;-0.2059828;-0.0006567
8580.75046539307;77.5130000;77.5137753;-0.01808638;-0.01772358;-0.1674351;-0.1076167;-0.0007753
8581.81285858154;77.4927500;77.4934501;-0.018078;-0.01794012;-0.1559784;-0.1696444;-0.0007001
8582.87525177002;77.4747500;77.4752707;-0.01805802;-0.01809399;-0.1461002;-0.1297283;-0.0005207
8583.9376449585;77.4545000;77.4550051;-0.01805628;-0.01805717;-0.1482707;-0.1528576;-0.0005051
8585.00003814697;77.4364829;77.4368853;-0.01809431;-0.01810129;-0.1354942;-0.1241674;-0.0004024
8586.06338500977;77.4163692;77.4165005;-0.01784112;-0.01810263;-0.1994427;-0.1711975;-0.0001313
8587.12577819824;77.3978193;77.3982019;-0.01918749;-0.01826163;-0.1800494;-0.2099349;-0.0003826
8588.18817138672;77.3769375;77.3770423;-0.01797001;-0.01859257;-0.07885526;-0.03555858;-0.0001048
8589.2505645752;77.3591094;77.3588032;-0.01792422;-0.01830604;-0.1868088;-0.09762797;0.0003062
8590.31295776367;77.3381787;77.3384185;-0.01912307;-0.01824713;-0.2268339;-0.2308847;-0.0002398
8591.37535095215;77.3189961;77.3194046;-0.01893972;-0.0187445;-0.07994807;-0.1035466;-0.0004085
8592.43774414063;77.2985669;77.2980661;-0.01807181;-0.01883824;-0.1750782;-0.1255352;0.0005008
8593.5001373291;77.2797720;77.2793503;-0.01903895;-0.01879864;-0.1674263;-0.1742793;0.0004217
8594.56253051758;77.2583750;77.2577734;-0.01893297;-0.01907369;-0.1401535;-0.1744407;0.0006016
8595.62587738037;77.2393750;77.2383423;-0.01888494;-0.01931505;-0.1210922;-0.1302614;0.0010327
8596.68827056885;77.2180000;77.2167654;-0.01894578;-0.01923269;-0.1205341;-0.0944232;0.0012346
8597.75066375732;77.1990000;77.1977515;-0.01844423;-0.01909956;-0.1197787;-0.1090902;0.0012485
8598.8130569458;77.1774848;77.1764130;-0.0200313;-0.01906073;-0.2220282;-0.283013;0.0010718
8599.87545013428;77.1575908;77.1566243;-0.01910846;-0.01951543;-0.05919386;-0.1003614;0.0009665
8600.93784332275;77.1363403;77.1346302;-0.01852561;-0.0194993;-0.1347456;-0.1154521;0.0017101
8602.00023651123;77.1169473;77.1154375;-0.02005053;-0.01936501;-0.1627646;-0.215114;0.0015098
8603.06262969971;77.0949307;77.0930857;-0.01864958;-0.01969807;-0.0979621;-0.07156733;0.0018450
8604.12502288818;77.0755635;77.0734758;-0.01973875;-0.01965104;-0.1805067;-0.1631674;0.0020877
8605.18836975098;77.0528672;77.0509453;-0.01982753;-0.01992476;-0.04854327;-0.1155726;0.0019219
8606.25076293945;77.0335703;77.0310969;-0.01864109;-0.01983794;-0.09939961;-0.09634967;0.0024734
8607.31315612793;77.0115319;77.0094008;-0.0198332;-0.0194841;-0.1568316;-0.1609242;0.0021311
8608.37554931641;76.9915000;76.9897909;-0.01980958;-0.01958297;-0.1397029;-0.1708959;0.0017091
8609.43794250488;76.9689829;76.9674988;-0.01978516;-0.01976686;-0.1167124;-0.1153118;0.0014841
8610.50033569336;76.9491060;76.9477696;-0.02011412;-0.01975725;-0.2386873;-0.2098776;0.0013364
8611.56272888184;76.9255825;76.9244642;-0.0206101;-0.02044364;-0.06219274;-0.1154083;0.0011183
8612.62512207031;76.9054795;76.9037218;-0.01964531;-0.02059346;-0.06425625;-0.05384115;0.0017577
8613.68751525879;76.8830000;76.8811912;-0.02096513;-0.02023573;-0.2141336;-0.2315636;0.0018088
8614.75086212158;76.8620000;76.8609256;-0.01971363;-0.02029812;-0.0475531;-0.08821242;0.0010744
8615.81325531006;76.8393502;76.8383355;-0.021107;-0.02014322;-0.1981272;-0.2090917;0.0010147
8616.87564849854;76.8185152;76.8181295;-0.01980631;-0.02018746;-0.08548703;-0.03612118;0.0003857
8617.93804168701;76.7957876;76.7954797;-0.02090059;-0.02014606;-0.2163264;-0.1885469;0.0003079
8619.00043487549;76.7747500;76.7748565;-0.02101186;-0.02046638;-0.1693639;-0.1409001;-0.0001065
8620.06282806396;76.7511250;76.7511339;-0.021;-0.02088864;-0.1464073;-0.1635111;-0.0000089
8621.12522125244;76.7301250;76.7300338;-0.02098984;-0.02101746;-0.1384316;-0.1384171;0.0000912
8622.18761444092;76.7065000;76.7064304;-0.02099224;-0.02099157;-0.1399782;-0.134449;0.0000696
8623.25000762939;76.6855000;76.6856284;-0.0210143;-0.02086297;-0.1493472;-0.144364;-0.0001284
8624.31335449219;76.6618532;76.6622634;-0.02101999;-0.02076952;-0.142755;-0.152634;-0.0004102
8625.37574768066;76.6410039;76.6415209;-0.0211634;-0.02075679;-0.252986;-0.2372094;-0.0005170
8626.43814086914;76.6164160;76.6175599;-0.02195037;-0.02120947;-0.1114356;-0.1767843;-0.0011439
8627.50053405762;76.5953340;76.5959234;-0.02124275;-0.0214545;-0.2228049;-0.1545457;-0.0005894
8628.56292724609;76.5706979;76.5715451;-0.02175976;-0.02162377;-0.0715973;-0.117218;-0.0008472
8629.62532043457;76.5496675;76.5499682;-0.0212988;-0.02155508;-0.2168506;-0.1897119;-0.0003007
8630.68771362305;76.5250000;76.5256495;-0.02248903;-0.02161942;-0.1880239;-0.1897887;-0.0006495
8631.75010681152;76.5030000;76.5037150;-0.02099633;-0.02182569;-0.05508048;-0.1032745;-0.0007150
8632.8125;76.4792746;76.4796943;-0.02189995;-0.02147441;-0.2290845;-0.2402514;-0.0004197
8633.87584686279;76.4572404;76.4580579;-0.02216042;-0.02158962;-0.1807341;-0.1913011;-0.0008175
8634.93824005127;76.4325903;76.4330835;-0.0217711;-0.02204439;-0.1970688;-0.1888554;-0.0004932
8636.00063323975;76.4102144;76.4106722;-0.02322028;-0.02234462;-0.2107757;-0.2983372;-0.0004578
8637.06302642822;76.3847083;76.3848037;-0.02201356;-0.02279065;-0.08659479;-0.0458221;-0.0000954
8638.1254196167;76.3627282;76.3622732;-0.02197502;-0.02258383;-0.1063313;-0.1404064;0.0004550
8639.18781280518;76.3381328;76.3377161;-0.0219119;-0.02203917;-0.2230864;-0.1450323;0.0004167
8640.25020599365;76.3154063;76.3157220;-0.02311851;-0.02206459;-0.1614881;-0.190336;-0.0003157
8641.31259918213;76.2903252;76.2901516;-0.0219901;-0.02247569;-0.1881107;-0.1868639;0.0001736
8642.37594604492;76.2676787;76.2675614;-0.02308328;-0.02258064;-0.2143389;-0.2298243;0.0001173
8643.4383392334;76.2416440;76.2413354;-0.0227026;-0.02309563;-0.04791136;-0.09388366;0.0003086
8644.50073242188;76.2195669;76.2184472;-0.02200285;-0.02293974;-0.1697719;-0.1315566;0.0011197
8645.56312561035;76.1938859;76.1932940;-0.02302357;-0.02258439;-0.178329;-0.1714148;0.0005919
8646.62551879883;76.1708750;76.1702270;-0.0229278;-0.02288194;-0.1573933;-0.1504974;0.0006480
8647.6879119873;76.1450000;76.1440010;-0.02247203;-0.0231487;-0.1308047;-0.09693865;0.0009990
8648.75030517578;76.1220000;76.1204571;-0.02391143;-0.02340697;-0.2328029;-0.2745693;0.0015429
8649.81269836426;76.0950908;76.0931582;-0.02300082;-0.02401084;-0.02959661;0.004525919;0.0019326
8650.87509155273;76.0721743;76.0691375;-0.02229478;-0.02399019;-0.0776049;-0.03104934;0.0030368
8651.93843841553;76.0459473;76.0430903;-0.02390043;-0.02348917;-0.1445208;-0.1963501;0.0028570
8653.000831604;76.0223027;76.0196061;-0.0224808;-0.02349683;-0.08812246;-0.02132604;0.0026966
8654.06322479248;75.9959225;75.9934396;-0.02389393;-0.02338774;-0.1233108;-0.1902414;0.0024829
8655.12561798096;75.9724307;75.9699554;-0.02257935;-0.02344158;-0.1040289;-0.07890709;0.0024753
8656.18801116943;75.9460391;75.9438486;-0.02379761;-0.02330288;-0.1789456;-0.2010287;0.0021905
8657.25040435791;75.9220000;75.9200067;-0.02377791;-0.023672;-0.1382046;-0.1228323;0.0019933
8658.31279754639;75.8950000;75.8929462;-0.02377117;-0.02391881;-0.1228202;-0.1017507;0.0020538
8659.37519073486;75.8710000;75.8688659;-0.02376222;-0.02402891;-0.1143219;-0.1277678;0.0021341
8660.43758392334;75.8440000;75.8420438;-0.02378204;-0.02390431;-0.1212747;-0.139035;0.0019562
8661.50093078613;75.8200000;75.8184404;-0.02382623;-0.02372289;-0.1346722;-0.1174111;0.0015596
8662.56332397461;75.7929904;75.7919163;-0.02381099;-0.02362166;-0.1317067;-0.1387802;0.0010741
8663.62571716309;75.7690630;75.7683725;-0.02434722;-0.02360453;-0.266329;-0.2745998;0.0006905
8664.68811035156;75.7410000;75.7409544;-0.02382825;-0.02415322;-0.07498387;-0.07801154;0.0000456
8665.75050354004;75.7170000;75.7163973;-0.02509951;-0.0243719;-0.2282323;-0.1964667;0.0006027
8666.81289672852;75.6890152;75.6886811;-0.02381206;-0.02456529;-0.0733583;-0.054712;0.0003341
8667.87528991699;75.6649092;75.6647200;-0.02476277;-0.02414807;-0.2366785;-0.1894229;0.0001892
8668.93768310547;75.6366597;75.6373019;-0.0253554;-0.02433035;-0.152806;-0.2306855;-0.0006422
8670.00007629395;75.6120356;75.6126256;-0.02389647;-0.02454498;-0.1125549;-0.03892508;-0.0005900
8671.06342315674;75.5846667;75.5854459;-0.02508388;-0.02427241;-0.226338;-0.2861725;-0.0007792
8672.12581634521;75.5596032;75.5607099;-0.02514902;-0.02457493;-0.1741514;-0.1781347;-0.0011067
8673.18820953369;75.5316328;75.5323977;-0.02504355;-0.02495789;-0.2394485;-0.2485704;-0.0007649
8674.25060272217;75.5059297;75.5068869;-0.02618998;-0.02535582;-0.1665318;-0.1796173;-0.0009572
8675.31299591064;75.4773213;75.4776807;-0.02494369;-0.02571948;-0.08787613;-0.05961406;-0.0003594
8676.37538909912;75.4525039;75.4525275;-0.02510842;-0.02533905;-0.2268487;-0.1950541;-0.0000236
8677.4377822876;75.4234160;75.4240365;-0.02589205;-0.02538378;-0.1051949;-0.1453835;-0.0006205
8678.50017547607;75.3983340;75.3984661;-0.0251918;-0.02546741;-0.22533;-0.1904958;-0.0001321
8679.56256866455;75.3691979;75.3697366;-0.02572538;-0.02555685;-0.07996664;-0.1329494;-0.0005387
8680.62591552734;75.3441675;75.3442855;-0.02527845;-0.02547028;-0.2277284;-0.1659491;-0.0001180
8681.68830871582;75.3150000;75.3155560;-0.02606195;-0.02559039;-0.1900467;-0.155306;-0.0005560
8682.7507019043;75.2890000;75.2894492;-0.02605005;-0.02594788;-0.1707422;-0.1141988;-0.0004492
8683.81309509277;75.2597500;75.2596469;-0.02598851;-0.02631423;-0.1443992;-0.1456442;0.0001031
8684.87548828125;75.2337500;75.2331824;-0.02593676;-0.0264237;-0.1320114;-0.1381622;0.0005676
8685.93788146973;75.2045000;75.2036185;-0.02590178;-0.02629863;-0.1332671;-0.09711215;0.0008815
8687.0002746582;75.1784829;75.1774521;-0.02593463;-0.02622076;-0.1248963;-0.112009;0.0010308
8688.06266784668;75.1493692;75.1483054;-0.02570797;-0.02599906;-0.2023607;-0.2223739;0.0010638
8689.12506103516;75.1227975;75.1219601;-0.02707727;-0.02626454;-0.163671;-0.2287209;0.0008374
8690.18840789795;75.0930938;75.0914426;-0.02573269;-0.02679716;-0.1466128;-0.06708349;0.0016512
8691.25080108643;75.0664062;75.0643820;-0.0268578;-0.02698683;-0.08247183;-0.1278359;0.0020242
8692.3131942749;75.0368252;75.0340433;-0.02569949;-0.0268944;-0.1286745;-0.1214738;0.0027819
8693.37558746338;75.0101787;75.0075788;-0.02680668;-0.02663927;-0.1729229;-0.2048696;0.0025999
8694.43798065186;74.9796440;74.9774189;-0.02648906;-0.02676098;-0.03248224;-0.03833381;0.0022251
8695.50037384033;74.9535669;74.9510140;-0.02584317;-0.02650261;-0.1649696;-0.1670631;0.0025529
8696.56276702881;74.9233859;74.9214501;-0.02687384;-0.02641698;-0.1597435;-0.1635825;0.0019358
8697.62516021729;74.8963654;74.8946280;-0.02673709;-0.02669155;-0.1288493;-0.1492262;0.0017374
8698.68755340576;74.8660000;74.8644681;-0.02791265;-0.02681359;-0.2544582;-0.2487743;0.0015319
8699.75090026855;74.8380000;74.8369307;-0.02721419;-0.02727174;-0.06933245;-0.09377187;0.0010693
8700.81329345703;74.8076743;74.8061747;-0.02646606;-0.02727584;-0.1282575;-0.1056144;0.0014996
8701.87568664551;74.7804752;74.7795911;-0.02812154;-0.02686721;-0.2269261;-0.2957315;0.0008841
8702.93807983398;74.7493027;74.7488947;-0.02673579;-0.02717263;-0.1329526;-0.04839728;0.0004080
8704.00047302246;74.7219473;74.7217149;-0.02819286;-0.02718703;-0.1903988;-0.2117704;0.0002324
8705.06286621094;74.6909307;74.6907801;-0.02683836;-0.02738063;-0.1399785;-0.08759285;0.0001506
8706.12525939941;74.6635417;74.6635408;-0.02799707;-0.02730635;-0.2185308;-0.2695293;0.0000009
8707.18765258789;74.6320000;74.6326060;-0.02806752;-0.02747131;-0.1893489;-0.1970241;-0.0006060
8708.25004577637;74.6040000;74.6045322;-0.0280593;-0.0278525;-0.169305;-0.1353862;-0.0005322
8709.31339263916;74.5725000;74.5728821;-0.02804257;-0.02807629;-0.1562276;-0.1487655;-0.0003821
8710.37578582764;74.5445000;74.5448680;-0.028041;-0.02804868;-0.1577738;-0.1725018;-0.0003680
8711.43817901611;74.5130000;74.5135159;-0.02805748;-0.02793159;-0.1662672;-0.1797745;-0.0005159
8712.50057220459;74.4849829;74.4856806;-0.02802826;-0.02787589;-0.1568857;-0.138544;-0.0006977
8713.56296539307;74.4535630;74.4543881;-0.02851608;-0.02784261;-0.2917176;-0.2492277;-0.0008251
8714.62535858154;74.4245729;74.4255991;-0.0287797;-0.02846579;-0.0963441;-0.1211212;-0.0010262
8715.68775177002;74.3930000;74.3931145;-0.02917942;-0.028713;-0.2390405;-0.2519639;-0.0001145
8716.7501449585;74.3640000;74.3642063;-0.02793965;-0.02885991;-0.05952163;-0.1129066;-0.0002063
8717.81253814697;74.3323996;74.3322582;-0.02883743;-0.02852688;-0.2313648;-0.2057465;0.0001414
8718.87588500977;74.3033846;74.3037076;-0.02896665;-0.02855686;-0.1989644;-0.118347;-0.0003230
8719.93827819824;74.2706597;74.2706270;-0.02928021;-0.02910985;-0.1223324;-0.1441674;0.0000327
8721.00067138672;74.2420186;74.2411823;-0.02778703;-0.02928412;-0.06318498;-0.02047554;0.0008363
8722.0630645752;74.2102858;74.2091150;-0.02869312;-0.02874693;-0.2491299;-0.2164047;0.0011708
8723.12545776367;74.1806943;74.1800875;-0.03007725;-0.02896938;-0.2003268;-0.2198606;0.0006068
8724.18785095215;74.1474609;74.1462917;-0.02882806;-0.0296564;-0.09043901;-0.07592344;0.0011692
8725.25024414063;74.1184766;74.1166682;-0.02879851;-0.02963098;-0.08986551;-0.1325055;0.0018084
8726.3126373291;74.0860039;74.0838856;-0.02886978;-0.02929905;-0.2073523;-0.1852564;0.0021183
8727.37503051758;74.0555202;74.0545006;-0.02910547;-0.02933666;0.3399584;0.2293365;0.0010196
8728.43837738037;74.0269023;74.0224929;-0.0377483;-0.02879974;-3.695949;-3.032758;0.0044094
8729.50077056885;73.9661406;73.9754052;-0.04704266;-0.0411658;4.478902;3.082892;-0.0092646
8730.56316375732;73.9598499;73.9373178;-0.01557709;-0.03403758;-4.110228;-1.940106;0.0225321
8731.6255569458;73.9035515;73.9047737;-0.05486273;-0.03463686;1.078637;-0.06241606;-0.0012222
8732.68795013428;73.8670000;73.8562555;-0.02880287;-0.03941386;0.4856339;0.8005626;0.0107445
8733.75034332275;73.8370000;73.8249035;-0.02865224;-0.03415395;0.2456173;0.2931567;0.0120965
8734.81273651123;73.8032500;73.7955184;-0.02913856;-0.02874412;-0.08303852;-0.02428266;0.0077316
8735.87512969971;73.7732404;73.7703056;-0.02974235;-0.02659143;-0.2507055;-0.2765108;0.0029348
8736.93752288818;73.7395903;73.7406821;-0.02983779;-0.0265279;-0.3534055;-0.3509083;-0.0010918
8738.00086975098;73.7097271;73.7121911;-0.02995943;-0.02779221;-0.6224238;-0.5051513;-0.0024640
8739.06326293945;73.6704568;73.6761303;-0.03663733;-0.03086379;1.997416;0.5130729;-0.0056735
8740.12565612793;73.6613433;73.6531229;0.01061447;-0.02466412;-0.7799318;1.180247;0.0082204
8741.18804931641;73.6253281;73.6385197;-0.06626144;-0.01900218;-2.706364;-4.005642;-0.0131916
8742.25044250488;73.5734844;73.5891671;-0.032789;-0.03818978;3.503941;2.966758;-0.0156827
8743.31283569336;73.5703290;73.5562057;-0.001998681;-0.0298164;-2.899752;-0.3726282;0.0141233
8744.37522888184;73.5239066;73.5336752;-0.06498553;-0.02715258;-0.9573257;-2.201015;-0.0097686
8745.43762207031;73.4780688;73.4796138;-0.02850808;-0.04065647;0.6356506;1.023354;-0.0015450
8746.50001525879;73.4477500;73.4414072;-0.0302933;-0.03872732;0.3336251;0.3994228;0.0063428
8747.56336212158;73.4128750;73.4065981;-0.03030064;-0.03331598;0.06228134;0.1052466;0.0062769
8748.62575531006;73.3818750;73.3789415;-0.03067315;-0.02979006;-0.1612154;-0.09028013;0.0029335
8749.68814849854;73.3470000;73.3479471;-0.03068886;-0.0283785;-0.279999;-0.253015;-0.0009471
8750.75054168701;73.3160000;73.3186812;-0.03246539;-0.02899042;-0.3977508;-0.354699;-0.0026812
8751.81293487549;73.2801402;73.2831568;-0.03118538;-0.03079201;-0.1647936;-0.1853995;-0.0030166
8752.87532806396;73.2490342;73.2509703;-0.03199957;-0.03164627;-0.2481741;-0.2413542;-0.0019361
8753.93772125244;73.2129097;73.2144327;-0.03245354;-0.0322033;-0.1289966;-0.1978089;-0.0015230
8755.00011444092;73.1812856;73.1823058;-0.03094439;-0.03209704;-0.09927581;-0.02541809;-0.0010202
8756.06250762939;73.1460417;73.1471390;-0.03211933;-0.03154169;-0.2263114;-0.2374139;-0.0010973
8757.12585449219;73.1140000;73.1152506;-0.03213933;-0.03180508;-0.1864233;-0.183156;-0.0012506
8758.18824768066;73.0780000;73.0784745;-0.03205287;-0.03242986;-0.1444124;-0.1340773;-0.0004745
8759.25064086914;73.0460000;73.0453939;-0.03193247;-0.03283234;-0.108564;-0.1483378;0.0006061
8760.31303405762;73.0099782;73.0083198;-0.03178951;-0.03287935;-0.07468942;-0.07379155;0.0016584
8761.37542724609;72.9781289;72.9761333;-0.03188345;-0.03244937;-0.1980921;-0.2158112;0.0019956
8762.43782043457;72.9411831;72.9399533;-0.03273537;-0.03231132;-0.1016511;-0.1543371;0.0012298
8763.50021362305;72.9089609;72.9076476;-0.03171826;-0.03226875;-0.0966929;-0.08441727;0.0013133
8764.56260681152;72.8730630;72.8721232;-0.03231944;-0.03179707;-0.2658211;-0.2252581;0.0009398
8765.625;72.8400729;72.8399367;-0.03265018;-0.03207071;-0.09557468;-0.1349174;0.0001362
8766.68834686279;72.8040000;72.8038163;-0.03272953;-0.03206751;-0.2553409;-0.2506007;0.0001837
8767.75074005127;72.7710000;72.7712722;-0.03303033;-0.03238934;-0.195812;-0.1951264;-0.0002722
8768.81313323975;72.7338750;72.7341385;-0.03302936;-0.03281935;-0.1739852;-0.2076534;-0.0002635
8769.87552642822;72.7008750;72.7010579;-0.03302038;-0.03296781;-0.1654263;-0.1669323;-0.0001829
8770.9379196167;72.6637500;72.6639838;-0.03302605;-0.03295376;-0.1670447;-0.1282483;-0.0002338
8772.00031280518;72.6307500;72.6312012;-0.03305027;-0.03286875;-0.1747649;-0.2002258;-0.0004512
8773.06270599365;72.5936250;72.5942464;-0.03306923;-0.03286877;-0.1776884;-0.1995691;-0.0006214
8774.12509918213;72.5606032;72.5613446;-0.03310832;-0.03292087;-0.1648178;-0.1928272;-0.0007414
8775.18844604492;72.5236328;72.5243897;-0.03304267;-0.03284848;-0.2582405;-0.244164;-0.0007569
8776.2508392334;72.4899062;72.4912495;-0.034233;-0.03308008;-0.1849528;-0.2503694;-0.0013433
8777.31323242188;72.4524720;72.4535198;-0.0331519;-0.03335553;-0.2378507;-0.1656284;-0.0010478
8778.37562561035;72.4186530;72.4199028;-0.03410409;-0.03354391;-0.1396948;-0.2000148;-0.0012498
8779.43801879883;72.3813169;72.3820538;-0.03320971;-0.03357015;-0.2284122;-0.2138392;-0.0007369
8780.5004119873;72.3475220;72.3486156;-0.03420778;-0.03353011;-0.2258487;-0.2160497;-0.0010936
8781.56280517578;72.3092500;72.3103494;-0.03412249;-0.03388822;-0.1984813;-0.1839365;-0.0010994
8782.62519836426;72.2752500;72.2758980;-0.0340722;-0.03424811;-0.1744691;-0.1426496;-0.0006480
8783.68759155273;72.2370000;72.2368569;-0.03115072;-0.0345801;-0.1764632;-0.1506689;0.0001431
8784.75093841553;72.2030000;72.2015114;-0.04800081;-0.03517073;-0.3420646;-0.6483784;0.0014886
8785.813331604;72.1695157;72.1630664;0.005842918;-0.03358968;3.011039;4.056178;0.0064493
8786.87572479248;72.1655757;72.1559138;-0.02800129;-0.01662959;-2.376964;-2.43725;0.0096619
8787.93811798096;72.1265903;72.1377344;-0.03495779;-0.01773965;-1.195745;-1.293562;-0.0111441
8789.00051116943;72.0916162;72.1035809;-0.03823411;-0.02830147;-0.3754242;-0.6908684;-0.0119647
8790.06290435791;72.0573575;72.0585198;-0.02808556;-0.03592589;-2.096131;-0.7291089;-0.0011623
8791.12529754639;72.0042949;72.0102997;-0.07456552;-0.04465201;-1.295458;-2.410711;-0.0060048
8792.18769073486;71.9440391;71.9353170;-0.03265321;-0.05859989;1.98892;2.400282;0.0087221
8793.25008392334;71.9110703;71.8890638;-0.03146475;-0.05008221;0.9181282;1.015193;0.0220065
8794.31343078613;71.8721569;71.8535394;-0.03299632;-0.03752927;0.2113501;0.2105;0.0186175
8795.37582397461;71.8371250;71.8258233;-0.03374079;-0.03152693;-0.1697664;-0.1900287;0.0113017
8796.43821716309;71.7977500;71.7932791;-0.03450186;-0.0300143;-0.3361996;-0.33441;0.0044709
8797.50061035156;71.7627500;71.7610330;-0.03480869;-0.03148507;-0.2972991;-0.2872437;0.0017170
8798.56300354004;71.7233654;71.7232437;-0.0349171;-0.03288189;-0.2337459;-0.2368841;0.0001217
8799.62539672852;71.6884380;71.6899247;-0.0355898;-0.03311096;-0.3742215;-0.3641451;-0.0014867
8800.68778991699;71.6480000;71.6524334;-0.03582729;-0.03328057;-0.2440982;-0.2612923;-0.0044334
8801.75018310547;71.6130000;71.6183395;-0.03526158;-0.03381846;-0.2758289;-0.2804295;-0.0053395
8802.81257629395;71.5735342;71.5784640;-0.03633312;-0.03502201;-0.3292269;-0.3389096;-0.0049298
8803.87592315674;71.5374507;71.5407343;-0.03673271;-0.03676552;-0.1558118;-0.1762573;-0.0032836
8804.93831634521;71.4972856;71.4974613;-0.0348503;-0.03782371;-0.008563356;0.03174201;-0.0001757
8806.00070953369;71.4620376;71.4602680;-0.03573773;-0.03737333;-0.1067897;-0.09578733;0.0017696
8807.06310272217;71.4215000;71.4199156;-0.03582347;-0.03634614;-0.1239391;-0.1416188;0.0015844
8808.12549591064;71.3855000;71.3846893;-0.03590967;-0.03562523;-0.170654;-0.1802208;0.0008107
8809.18788909912;71.3450000;71.3455291;-0.03605895;-0.03507721;-0.2173943;-0.2144638;-0.0005291
8810.2502822876;71.3090000;71.3106603;-0.03618499;-0.03499087;-0.2387087;-0.2493271;-0.0016603
8811.31267547607;71.2685000;71.2703676;-0.03620808;-0.03560195;-0.2121255;-0.2003163;-0.0018676
8812.37506866455;71.2324782;71.2337107;-0.0361116;-0.03630519;-0.1530431;-0.191131;-0.0012325
8813.43841552734;71.1921060;71.1922855;-0.03628302;-0.03665738;-0.2416915;-0.2247104;-0.0001795
8814.50080871582;71.1551660;71.1547346;-0.03677485;-0.03724962;-0.06151389;-0.07187522;0.0004314
8815.5632019043;71.1145521;71.1130709;-0.0361696;-0.03706568;-0.2020803;-0.1437165;0.0014812
8816.62559509277;71.0775729;71.0764141;-0.03653625;-0.0368293;-0.05488686;-0.09975442;0.0011588
8817.68798828125;71.0370000;71.0357041;-0.03660561;-0.03636229;-0.2360873;-0.1909999;0.0012959
8818.75038146973;71.0000000;70.9994049;-0.03685036;-0.03634626;-0.1973263;-0.1743321;0.0005951
8819.8127746582;70.9583257;70.9576220;-0.03728845;-0.03691716;-0.1491575;-0.1611948;0.0007037
8820.87516784668;70.9215152;70.9199519;-0.0356751;-0.03739227;-0.0362111;-0.007825918;0.0015633
8821.93756103516;70.8807705;70.8784075;-0.03672109;-0.03707371;-0.1578812;-0.1252436;0.0023630
8823.00090789795;70.8438403;70.8415122;-0.03645675;-0.03697406;-0.172529;-0.154046;0.0023281
8824.06330108643;70.8016943;70.7998485;-0.0379392;-0.03704456;-0.1789118;-0.220888;0.0018458
8825.1256942749;70.7640833;70.7624764;-0.03682389;-0.03724536;-0.0978778;-0.08294176;0.0016069
8826.18808746338;70.7224766;70.7211704;-0.03685446;-0.03685984;-0.1354508;-0.1230213;0.0013062
8827.25048065186;70.6856328;70.6853480;-0.0369266;-0.03623705;-0.2719372;-0.2829723;0.0002848
8828.31287384033;70.6431530;70.6445784;-0.03812366;-0.03632471;-0.1991894;-0.2335016;-0.0014254
8829.37526702881;70.6059502;70.6074447;-0.03717595;-0.03683454;-0.2521351;-0.2210476;-0.0014945
8830.43766021729;70.5635391;70.5650062;-0.03829888;-0.03747691;-0.2447623;-0.2696935;-0.0014671
8831.50005340576;70.5253940;70.5261440;-0.03782054;-0.03833274;-0.06104057;-0.08837999;-0.0007500
8832.56340026855;70.4836675;70.4831691;-0.03720976;-0.03816456;-0.1954483;-0.1677897;0.0004984
8833.62579345703;70.4457609;70.4454989;-0.03806033;-0.03789001;-0.1788399;-0.1997309;0.0002620
8834.68818664551;70.4030000;70.4028816;-0.03798681;-0.03791108;-0.1752339;-0.1373592;0.0001184
8835.75057983398;70.3650000;70.3649730;-0.03799699;-0.03793129;-0.1754576;-0.2019458;0.0000270
8836.81297302246;70.3226153;70.3224153;-0.03534295;-0.03787694;-0.3863774;-0.1585771;0.0002000
8837.87536621094;70.2823652;70.2833743;-0.05212252;-0.03878294;0.4671308;-0.5812908;-0.0010091
8838.93775939941;70.2524448;70.2440948;0.007646481;-0.03480966;2.292295;4.012774;0.0083500
8840.00015258789;70.2419766;70.2385516;-0.03824339;-0.01647224;-2.296357;-2.93977;0.0034250
8841.06254577637;70.2023342;70.2156038;-0.03274051;-0.02037309;-3.483746;-2.061487;-0.0132696
8842.12589263916;70.1430721;70.1667280;-0.08511159;-0.03984758;-2.164639;-3.26681;-0.0236559
8843.18828582764;70.0758828;70.0770826;-0.03759201;-0.06558666;2.082496;2.496761;-0.0011998
8844.25067901611;70.0390703;70.0203986;-0.03583631;-0.05903734;1.10801;1.211139;0.0186717
8845.31307220459;69.9956569;69.9762912;-0.03691296;-0.04543864;0.404293;0.5065236;0.0193657
8846.37546539307;69.9566250;69.9432702;-0.03751204;-0.03780552;-0.04065081;0.006275861;0.0133548
8847.43785858154;69.9127500;69.9057193;-0.03821665;-0.03503796;-0.2618884;-0.2721413;0.0070307
8848.50025177002;69.8737500;69.8697777;-0.03855741;-0.03569678;-0.2668043;-0.3101049;0.0039723
8849.5626449585;69.8298750;69.8269815;-0.03867761;-0.03728113;-0.197793;-0.2158548;0.0028935
8850.62503814697;69.7908750;69.7891922;-0.0388125;-0.03750338;-0.201426;-0.1942883;0.0016828
8851.68838500977;69.7470000;69.7486610;-0.0387684;-0.03647453;-0.2938025;-0.2889954;-0.0016610
8852.75077819824;69.7080000;69.7123022;-0.04064601;-0.03651334;-0.4546717;-0.4261202;-0.0043022
8853.81317138672;69.6631498;69.6681947;-0.03934204;-0.03846001;-0.2274009;-0.2556444;-0.0050449
8854.8755645752;69.6239752;69.6270675;-0.04056459;-0.0401722;-0.2289566;-0.2365926;-0.0030923
8855.93795776367;69.5793027;69.5795626;-0.0388102;-0.0414989;-0.03827158;-0.02086595;-0.0002599
8857.00035095215;69.5399473;69.5381374;-0.04001709;-0.04139115;-0.06986914;-0.1146948;0.0018099
8858.06274414063;69.4954307;69.4927187;-0.03855298;-0.04064302;-0.05171538;0.01550156;0.0027120
8859.1251373291;69.4560417;69.4544525;-0.03982;-0.03915339;-0.2145665;-0.1759;0.0015892
8860.18753051758;69.4110000;69.4113583;-0.04003992;-0.03862306;-0.2389465;-0.2124052;-0.0003583
8861.25087738037;69.3710000;69.3724961;-0.04016669;-0.03878693;-0.2473788;-0.244169;-0.0014961
8862.31327056885;69.3260000;69.3279118;-0.04021301;-0.03938698;-0.224213;-0.2222437;-0.0019118
8863.37566375732;69.2859782;69.2875595;-0.04015047;-0.04000539;-0.1738848;-0.1469149;-0.0015813
8864.4380569458;69.2411060;69.2414255;-0.04029862;-0.04065917;-0.2443627;-0.2550719;-0.0003195
8865.50045013428;69.2001831;69.1997022;-0.04081881;-0.04134844;-0.07187835;-0.1296193;0.0004809
8866.56284332275;69.1549795;69.1530318;-0.03962414;-0.04137663;-0.05111004;-0.07632767;0.0019477
8867.62523651123;69.1150630;69.1129179;-0.04018515;-0.04059358;-0.2201255;-0.1527683;0.0021451
8868.68762969971;69.0690000;69.0676183;-0.03976272;-0.04039483;-0.06644475;-0.07517149;0.0013817
8869.75002288818;69.0290000;69.0275640;-0.04050667;-0.04016522;-0.2433586;-0.2261855;0.0014360
8870.81336975098;68.9828257;68.9820261;-0.04127777;-0.04046335;-0.1696921;-0.2403477;0.0007996
8871.87576293945;68.9420152;68.9408393;-0.03971827;-0.04089696;-0.06576545;-0.02362702;0.0011759
8872.93815612793;68.8967876;68.8950629;-0.04074273;-0.04075873;-0.1917079;-0.227781;0.0017247
8874.00054931641;68.8557500;68.8539357;-0.04079785;-0.04100471;-0.1400486;-0.1510326;0.0018143
8875.06294250488;68.8096250;68.8076229;-0.04077693;-0.0411008;-0.1306848;-0.1444827;0.0020021
8876.12533569336;68.7686250;68.7666745;-0.04078268;-0.04096471;-0.1366652;-0.1363147;0.0019505
8877.18772888184;68.7224766;68.7210173;-0.04083741;-0.04068434;-0.1416993;-0.1517615;0.0014593
8878.25012207031;68.6816328;68.6810226;-0.04089035;-0.04022932;-0.2669154;-0.295149;0.0006102
8879.31251525879;68.6346748;68.6354847;-0.0420808;-0.04045543;-0.1980645;-0.2197802;-0.0008099
8880.37586212158;68.5933213;68.5943575;-0.04101909;-0.04088283;-0.1493064;-0.1774047;-0.0010362
8881.43825531006;68.5473560;68.5482831;-0.04136631;-0.04093618;-0.283219;-0.2017902;-0.0009271
8882.50064849854;68.5054160;68.5066790;-0.04196363;-0.04139889;-0.1240272;-0.1876788;-0.0012630
8883.56304168701;68.4591675;68.4594722;-0.04129924;-0.04172362;-0.227762;-0.175085;-0.0003047
8884.62543487549;68.4172609;68.4173317;-0.0420974;-0.04201756;-0.1759443;-0.2154637;-0.0000708
8885.68782806396;68.3700000;68.3696480;-0.04237744;-0.04224122;-0.1611871;-0.1430322;0.0003520
8886.75022125244;68.3280000;68.3274479;-0.04085515;-0.04217878;-0.0372246;-0.03475537;0.0005521
8887.81261444092;68.2817746;68.2814331;-0.04181514;-0.04131968;-0.2433971;-0.2262396;0.0003415
8888.87500762939;68.2397404;68.2401867;-0.04211906;-0.0413453;-0.2047303;-0.2160415;-0.0004463
8889.93835449219;68.1925903;68.1929202;-0.0417529;-0.04181612;-0.2228888;-0.2477171;-0.0003299
8891.00074768066;68.1509321;68.1503029;-0.04102104;-0.04234566;-0.6085269;-0.4026265;0.0006292
8892.06314086914;68.0972032;68.0988044;-0.04946844;-0.0449369;2.4272;0.6448761;-0.0016012
8893.12553405762;68.0783392;68.0639953;0.007682147;-0.03710189;1.595979;2.847435;0.0143439
8894.18792724609;68.0566172;68.0558295;-0.04366224;-0.01785319;-2.329201;-2.864106;0.0007877
8895.25032043457;68.0121250;68.0275769;-0.04367995;-0.02531295;-0.6843718;-0.8967789;-0.0154519
8896.31271362305;67.9705722;67.9792375;-0.04847946;-0.03741969;-4.477804;-3.487207;-0.0086653
8897.37510681152;67.8927373;67.9090829;-0.08645041;-0.05927856;0.4369545;-0.9347243;-0.0163456
8898.43845367432;67.8307212;67.8196759;-0.03789697;-0.07089539;1.91942;2.427465;0.0110453
8899.50084686279;67.7895669;67.7669258;-0.03960498;-0.05889377;0.9286527;1.01444;0.0226411
8900.56324005127;67.7413859;67.7227587;-0.04101412;-0.04568836;0.2328099;0.3042552;0.0186272
8901.62563323975;67.6983750;67.6869960;-0.04173218;-0.03962081;-0.1626926;-0.142194;0.0113790
8902.68802642822;67.6500000;67.6456303;-0.04251314;-0.03788569;-0.3429454;-0.3311344;0.0043697
8903.7504196167;67.6070000;67.6056356;-0.04284798;-0.03929715;-0.3108324;-0.3627227;0.0013644
8904.81281280518;67.5586154;67.5581903;-0.04302197;-0.04120782;-0.2199779;-0.2110356;0.0004251
8905.87520599365;67.5156743;67.5165267;-0.04272811;-0.04135332;-0.2520592;-0.2052709;-0.0008524
8906.93759918213;67.4669644;67.4719424;-0.04472391;-0.04025253;-0.4201313;-0.4331363;-0.0049780
8908.00094604492;67.4231953;67.4300403;-0.04387723;-0.04139115;-0.2804992;-0.2376839;-0.0068450
8909.0633392334;67.3749942;67.3802705;-0.04341437;-0.04336962;-0.2670351;-0.3166339;-0.0052763
8910.12573242188;67.3314225;67.3344345;-0.04450616;-0.04494123;-0.1307354;-0.1886257;-0.0030120
8911.18812561035;67.2825703;67.2823400;-0.042891;-0.0457818;-0.05159786;-0.03198992;0.0002303
8912.25051879883;67.2390391;67.2373981;-0.04385883;-0.04520106;-0.1037622;-0.1008399;0.0016410
8913.3129119873;67.1895218;67.1882839;-0.04388779;-0.04411107;-0.156321;-0.179321;0.0012379
8914.37530517578;67.1453711;67.1453685;-0.04389421;-0.04336721;-0.1035588;-0.1005153;0.0000026
8915.43769836426;67.0968169;67.0972676;-0.04317782;-0.04294856;-0.2443774;-0.1899218;-0.0004507
8916.50009155273;67.0530220;67.0537562;-0.04416774;-0.04337462;-0.2167273;-0.2618029;-0.0007342
8917.56343841553;67.0034904;67.0032115;-0.04389959;-0.04444947;-0.1238339;-0.1093934;0.0002789
8918.625831604;66.9595630;66.9578523;-0.04423355;-0.04501311;-0.2030633;-0.1878024;0.0017107
8919.68822479248;66.9090000;66.9065923;-0.04398174;-0.04539352;-0.007014226;-0.02619811;0.0024077
8920.75061798096;66.8650000;66.8620677;-0.04375662;-0.04477754;-0.07747221;-0.0360855;0.0029323
8921.81301116943;66.8155493;66.8135495;-0.04341032;-0.04359491;-0.1655292;-0.1505332;0.0019998
8922.87540435791;66.7713502;66.7708726;-0.04516684;-0.04304842;-0.2839636;-0.3767205;0.0004776
8923.93779754639;66.7210527;66.7218775;-0.04387314;-0.04344338;-0.1978603;-0.1382791;-0.0008248
8925.00019073486;66.6766973;66.6780085;-0.04536484;-0.04374552;-0.2461695;-0.316808;-0.0013112
8926.06258392334;66.6265557;66.6278810;-0.0440028;-0.04428239;-0.1786765;-0.1294443;-0.0013253
8927.12593078613;66.5821667;66.5832371;-0.04511633;-0.04449378;-0.2379441;-0.2964748;-0.0010704
8928.18832397461;66.5315000;66.5321560;-0.04507309;-0.04512747;-0.1709367;-0.1836634;-0.0006560
8929.25071716309;66.4865000;66.4866180;-0.04501314;-0.04537086;-0.1512219;-0.1766748;-0.0001180
8930.31311035156;66.4358750;66.4355368;-0.04496232;-0.04536075;-0.1451578;-0.1626569;0.0003382
8931.37550354004;66.3908750;66.3905353;-0.04496215;-0.04512364;-0.1569564;-0.1796844;0.0003397
8932.43789672852;66.3402500;66.3402886;-0.0450043;-0.04481083;-0.1781193;-0.1723129;-0.0000386
8933.50028991699;66.2952500;66.2958832;-0.04507055;-0.04456314;-0.1994453;-0.2387376;-0.0006332
8934.56268310547;66.2446250;66.2456364;-0.04511268;-0.04464915;-0.2011719;-0.2730997;-0.0010114
8935.62507629395;66.1996154;66.2005157;-0.04503097;-0.04493758;-0.1719168;-0.1375272;-0.0009003
8936.68842315674;66.1490000;66.1494345;-0.04621507;-0.04528295;-0.2779276;-0.2885769;-0.0004345
8937.75081634521;66.1030000;66.1028237;-0.04481369;-0.04611562;-0.05427685;-0.06322409;0.0001763
8938.81320953369;66.0522252;66.0503716;-0.04601352;-0.04642653;-0.156583;-0.1905886;0.0018536
8939.87560272217;66.0063902;66.0038204;-0.04456296;-0.04647445;-0.02350073;0.02165993;0.0025698
8940.93799591064;65.9555376;65.9525008;-0.04559654;-0.04587772;-0.1727247;-0.1913763;0.0030368
8942.00038909912;65.9095171;65.9069032;-0.04565929;-0.04574528;-0.1562453;-0.1698359;0.0026139
8943.0627822876;65.8576308;65.8553452;-0.04591884;-0.0458272;-0.08682391;-0.1256743;0.0022856
8944.12517547607;65.8121807;65.8099265;-0.04460398;-0.04553974;-0.1150919;-0.05764556;0.0022542
8945.18756866455;65.7610391;65.7599182;-0.04591678;-0.04485489;-0.2305126;-0.28444;0.0011209
8946.25091552734;65.7150000;65.7147975;-0.04597744;-0.045049;-0.210056;-0.2085758;0.0002025
8947.31330871582;65.6632282;65.6634779;-0.0460021;-0.04545639;-0.1801145;-0.1812592;-0.0002497
8948.3757019043;65.6173789;65.6176419;-0.04613509;-0.04571866;-0.2748275;-0.241295;-0.0002630
8949.43809509277;65.5646831;65.5655474;-0.04696869;-0.04614639;-0.1491628;-0.2159879;-0.0008643
8950.50048828125;65.5184609;65.5186982;-0.04589102;-0.04651785;-0.1168674;-0.05733679;-0.0002373
8951.56288146973;65.4668130;65.4669614;-0.04644068;-0.04611725;-0.2770385;-0.314262;-0.0001484
8952.6252746582;65.4198229;65.4206485;-0.04675734;-0.04626737;-0.1121847;-0.1040926;-0.0008256
8953.68766784668;65.3680000;65.3685541;-0.0472284;-0.04627996;-0.276015;-0.3056508;-0.0005541
8954.75006103516;65.3210000;65.3220625;-0.04603504;-0.04642739;-0.1028594;-0.09248071;-0.0010625
8955.81340789795;65.2691592;65.2699680;-0.04687396;-0.04628232;-0.2727514;-0.2127988;-0.0008088
8956.87580108643;65.2220757;65.2231188;-0.04748308;-0.04664936;-0.1934657;-0.185593;-0.0010431
8957.9381942749;65.1695356;65.1698918;-0.04587041;-0.0470153;-0.1147219;-0.05307536;-0.0003562
8959.00058746338;65.1232876;65.1230426;-0.0469076;-0.0468896;-0.2160261;-0.2503506;0.0002450
8960.06298065186;65.0703750;65.0698156;-0.04693767;-0.04717302;-0.1603695;-0.1361999;0.0005594
8961.12537384033;65.0233750;65.0220127;-0.04684822;-0.04754607;-0.1291613;-0.1875877;0.0013623
8962.18776702881;64.9704766;64.9686069;-0.04679168;-0.04748531;-0.1090168;-0.1518016;0.0018697
8963.25016021729;64.9236328;64.9214596;-0.0467162;-0.04728749;-0.2040813;-0.1341789;0.0021732
8964.31255340576;64.8699248;64.8682327;-0.04780203;-0.04734457;-0.1287267;-0.1763265;0.0016921
8965.37590026855;64.8225931;64.8206086;-0.04670825;-0.04747526;-0.1010001;-0.1335157;0.0019845
8966.43829345703;64.7697329;64.7680969;-0.04676824;-0.0469184;-0.1337859;-0.1410166;0.0016360
8967.50068664551;64.7228560;64.7219629;-0.04716351;-0.04642749;-0.2888443;-0.2559371;0.0008931
8968.56307983398;64.6689479;64.6692724;-0.04770152;-0.04673437;-0.1329597;-0.1536383;-0.0003245
8969.62547302246;64.6219175;64.6221847;-0.04729507;-0.04693502;-0.2711251;-0.1935507;-0.0002672
8970.68786621094;64.5680000;64.5686002;-0.04848354;-0.04742652;-0.2202144;-0.261395;-0.0006002
8971.75025939941;64.5200000;64.5203800;-0.046959;-0.04789473;-0.06964112;-0.05410917;-0.0003800
8972.81265258789;64.4670246;64.4669742;-0.04784757;-0.04756662;-0.2401608;-0.1884141;0.0000504
8973.87504577637;64.4190000;64.4196481;-0.04807221;-0.04744021;-0.2136903;-0.2012733;-0.0006481
8974.93839263916;64.3650000;64.3659444;-0.04810522;-0.04764524;-0.2081318;-0.1670899;-0.0009444
8976.00078582764;64.3170000;64.3181414;-0.04812717;-0.04774113;-0.2068697;-0.236675;-0.0011414
8977.06317901611;64.2630000;64.2639012;-0.0481004;-0.04806812;-0.1877432;-0.140866;-0.0009012
8978.12557220459;64.2150000;64.2155022;-0.04805595;-0.04826243;-0.1727648;-0.2003036;-0.0005022
8979.18796539307;64.1609766;64.1607256;-0.04797203;-0.04853812;-0.1335893;-0.135954;0.0002510
8980.25035858154;64.1131328;64.1123862;-0.04787515;-0.04841002;-0.2236347;-0.1955104;0.0007466
8981.31275177002;64.0582998;64.0574903;-0.04890037;-0.04871199;-0.1291838;-0.175662;0.0008095
8982.3751449585;64.0099463;64.0083165;-0.04772206;-0.04893792;-0.07410844;-0.09731361;0.0016298
8983.43753814697;63.9561060;63.9537782;-0.04800366;-0.04858501;-0.2176363;-0.1746336;0.0023278
8984.50088500977;63.9071660;63.9053197;-0.0486172;-0.04852492;-0.08453186;-0.08888081;0.0018463
8985.56327819824;63.8530425;63.8509006;-0.04802665;-0.04837047;-0.2194838;-0.1651533;0.0021419
8986.62567138672;63.8041455;63.8027401;-0.04900226;-0.04823833;-0.2151527;-0.2124068;0.0014054
8987.6880645752;63.7490000;63.7480230;-0.04780781;-0.04847778;-0.07294913;-0.07458007;0.0009770
8988.75045776367;63.7010000;63.6999817;-0.04863654;-0.04816858;-0.2535465;-0.213408;0.0010183
8989.81285095215;63.6458750;63.6459202;-0.04900504;-0.04816389;-0.2188502;-0.1992199;-0.0000452
8990.87524414063;63.5968750;63.5972233;-0.04903881;-0.04850724;-0.2057438;-0.2507577;-0.0003483
8991.9376373291;63.5417500;63.5422082;-0.04905105;-0.04877967;-0.193763;-0.2649756;-0.0004582
8993.00003051758;63.4927500;63.4930939;-0.04903832;-0.04899348;-0.1815562;-0.1434809;-0.0003439
8994.06337738037;63.4376250;63.4380789;-0.04905057;-0.04892446;-0.1869977;-0.1750327;-0.0004539
8995.12577056885;63.3886032;63.3890838;-0.04907926;-0.04894355;-0.1742432;-0.1169719;-0.0004806
8996.18816375732;63.3336328;63.3340091;-0.04900026;-0.04893516;-0.2624106;-0.2815996;-0.0003763
8997.2505569458;63.2850781;63.2847757;-0.05004964;-0.04917908;-0.8985018;-0.721075;0.0003024
8998.31295013428;63.2220034;63.2246942;-0.04401953;-0.05215456;4.491806;3.060819;-0.0026908
8999.37534332275;63.2138150;63.1956668;0.001453668;-0.03574987;-0.7381148;0.858297;0.0181482
9000.43773651123;63.1726553;63.1838650;-0.05285833;-0.02065616;-1.490071;-2.136822;-0.0112097
9001.50012969971;63.1285088;63.1467313;-0.06404593;-0.03184977;-6.552073;-6.168448;-0.0182225
9002.56252288818;63.0223029;63.0514831;-0.08934103;-0.0693934;2.229743;0.1560215;-0.0291802
9003.62586975098;62.9677258;62.9608245;-0.04491401;-0.08075047;1.651041;2.128509;0.0069013
9004.68826293945;62.9120000;62.8919215;-0.04667957;-0.06681145;1.052067;1.176885;0.0200785
9005.75065612793;62.8630000;62.8440590;-0.04763964;-0.05483105;0.2737642;0.3568082;0.0189410
9006.81304931641;62.8067500;62.7947659;-0.04866476;-0.04758339;-0.1307929;-0.05444298;0.0119841
9007.87544250488;62.7567500;62.7502413;-0.04927481;-0.04582712;-0.2901645;-0.250046;0.0065087
9008.93783569336;62.7005000;62.6970739;-0.04961827;-0.04689898;-0.2742764;-0.2724219;0.0034261
9010.00022888184;62.6505000;62.6489134;-0.04982322;-0.04759277;-0.26248;-0.2711305;0.0015866
9011.06262207031;62.5942282;62.5969977;-0.05033428;-0.04653889;-0.3655926;-0.3337943;-0.0027695
9012.12501525879;62.5443692;62.5509829;-0.05056338;-0.04630564;-0.5063153;-0.4555403;-0.0066137
9013.18836212158;62.4874297;62.4959082;-0.05202799;-0.04830448;-0.3998967;-0.4846221;-0.0084785
9014.25075531006;62.4369375;62.4431581;-0.05065141;-0.05110644;-0.1732589;-0.2170468;-0.0062206
9015.31314849854;62.3808789;62.3824210;-0.05027761;-0.0529826;-0.1447225;-0.08487109;-0.0015421
9016.37554168701;62.3300280;62.3286576;-0.05081216;-0.05345643;0.02925463;-0.05163996;0.0013704
9017.43793487549;62.2735669;62.2700066;-0.04973092;-0.05245682;-0.08494712;-0.009299496;0.0035603
9018.50032806396;62.2227891;62.2197003;-0.05079127;-0.05109835;-0.1630847;-0.1471567;0.0030888
9019.56272125244;62.1653120;62.1637912;-0.0504064;-0.05016997;-0.08963695;-0.07082543;0.0015208
9020.62511444092;62.1152925;62.1148557;-0.05021663;-0.04941262;-0.2962463;-0.2880203;0.0004368
9021.68846130371;62.0580000;62.0590062;-0.0511121;-0.04970277;-0.2640636;-0.2919905;-0.0010062
9022.75085449219;62.0070000;62.0077462;-0.05108314;-0.0507386;-0.2082723;-0.2109493;-0.0007462
9023.81324768066;61.9501153;61.9489760;-0.04733692;-0.05176146;-0.4120157;-0.198269;0.0011393
9024.87564086914;61.8956180;61.8947954;-0.07315444;-0.05343949;1.052138;-0.4975036;0.0008226
9025.93803405762;61.8604248;61.8435950;0.02498451;-0.0458917;1.28287;5.096255;0.0168298
9027.00042724609;61.8285996;61.8283958;-0.1072898;-0.02831456;-6.596676;-7.835824;0.0002038
9028.06282043457;61.7307505;61.7514462;-0.05345528;-0.05660672;1.322831;1.764258;-0.0206957
9029.12521362305;61.6818532;61.6830201;-0.05115572;-0.06305502;0.4210733;0.4338916;-0.0011669
9030.18760681152;61.6246328;61.6202564;-0.05047072;-0.05775842;0.1416698;0.2104263;0.0043764
9031.25095367432;61.5729297;61.5700097;-0.05175799;-0.05304959;-0.06042385;0.03588891;0.0029200
9032.31334686279;61.5150713;61.5148158;-0.05087518;-0.05044989;-0.1772453;-0.1740919;0.0002555
9033.37574005127;61.4642321;61.4649267;-0.05115746;-0.05018543;-0.3130443;-0.2872959;-0.0006946
9034.43813323975;61.4060391;61.4065737;-0.05219498;-0.05142865;-0.2559413;-0.2955722;-0.0005346
9035.50052642822;61.3538940;61.3530488;-0.0516428;-0.05270457;-0.04032544;-0.04496453;0.0008452
9036.5629196167;61.2964175;61.2942786;-0.05102699;-0.05226843;-0.1862109;-0.1859218;0.0021389
9037.62531280518;61.2445205;61.2436146;-0.05205792;-0.05125973;-0.233886;-0.2652826;0.0009059
9038.68770599365;61.1860000;61.1869306;-0.05102035;-0.05066215;-0.1554451;-0.1995961;-0.0009306
9039.75009918213;61.1350000;61.1365051;-0.05191769;-0.05050509;-0.3388264;-0.3476399;-0.0015051
9040.81344604492;61.0765000;61.0781522;-0.05218408;-0.05152136;-0.2410171;-0.2173475;-0.0016522
9041.8758392334;61.0245000;61.0246868;-0.05202081;-0.05274966;-0.1583874;-0.1565589;-0.0001868
9042.93823242188;60.9660000;60.9638304;-0.05175827;-0.05362186;-0.07965694;-0.06126903;0.0021696
9044.00062561035;60.9140000;60.9100074;-0.05155515;-0.05371883;-0.04642128;-0.05126033;0.0039926
9045.06301879883;60.8554782;60.8509392;-0.05151999;-0.0528513;-0.06649379;-0.005536182;0.0045390
9046.1254119873;60.8036192;60.7997985;-0.0514008;-0.05173035;-0.2009869;-0.1974555;0.0038207
9047.18780517578;60.7444297;60.7426972;-0.0528903;-0.05115755;-0.2192568;-0.286501;0.0017325
9048.25019836426;60.6919375;60.6915564;-0.05191587;-0.05116971;-0.1790424;-0.1706872;0.0003811
9049.31259155273;60.6336289;60.6340975;-0.052158;-0.05109675;-0.3244294;-0.278877;-0.0004686
9050.37593841553;60.5807780;60.5820627;-0.05310798;-0.05174462;-0.1948183;-0.2218962;-0.0012847
9051.438331604;60.5220840;60.5225177;-0.0522254;-0.05251161;-0.2561099;-0.2182892;-0.0004337
9052.50072479248;60.4691660;60.4694099;-0.05285009;-0.05290825;-0.10246;-0.1583914;-0.0002439
9053.56311798096;60.4110520;60.4094476;-0.05576134;-0.05329451;-0.9170963;-0.9662946;0.0016044
9054.62551116943;60.3542959;60.3544326;-0.0306246;-0.05392819;5.964918;5.76346;-0.0001367
9055.68790435791;60.3510000;60.3351803;-0.04282074;-0.02738792;-3.851825;-2.22964;0.0158197
9056.75029754639;60.2980000;60.3169412;-0.02752705;-0.02328023;-1.515042;-1.495538;-0.0189412
9057.81269073486;60.2293553;60.2566213;-0.1363227;-0.04617435;-4.987287;-7.986075;-0.0272660
9058.87508392334;60.1395018;60.1553530;-0.001559067;-0.0796764;8.057839;10.26659;-0.0158512
9059.93843078613;60.1278369;60.1042123;-0.04953968;-0.0543248;-1.237386;-1.749653;0.0236246
9061.00082397461;60.0785376;60.0688071;-0.03687158;-0.04323476;-2.570119;-0.9513157;0.0097305
9062.06321716309;59.9912982;60.0025267;-0.1149285;-0.05650931;-2.462132;-4.42827;-0.0112285
9063.12561035156;59.9059172;59.9018545;-0.05270262;-0.08362565;2.989432;3.548611;0.0040627
9064.18800354004;59.8484766;59.8162622;-0.04941075;-0.07674462;1.498139;1.590902;0.0322144
9065.25039672852;59.7956328;59.7654195;-0.04959204;-0.06011056;0.5553548;0.6277106;0.0302133
9066.31278991699;59.7351748;59.7210140;-0.05241279;-0.04632588;-0.2770802;-0.1884832;0.0141608
9067.37518310547;59.6818213;59.6819730;-0.05292054;-0.04200697;-0.6629818;-0.6095309;-0.0001517
9068.43757629395;59.6223560;59.6313686;-0.05426719;-0.04437412;-0.8088088;-0.8333265;-0.0090126
9069.50092315674;59.5684160;59.5789165;-0.05499285;-0.04958074;-0.4307005;-0.4255425;-0.0105005
9070.56331634521;59.5086771;59.5147223;-0.05400817;-0.0545416;-0.2689638;-0.2502098;-0.0060452
9071.62570953369;59.4546979;59.4575019;-0.05397778;-0.05608793;0.01495608;0.02685788;-0.0028040
9072.68810272217;59.3950000;59.3962283;-0.05380352;-0.05486289;-0.1885153;-0.09172945;-0.0012283
9073.75049591064;59.3410000;59.3433590;-0.0546795;-0.05363748;-0.225381;-0.2706857;-0.0023590
9074.81288909912;59.2803902;59.2832775;-0.05317098;-0.05355004;-0.1410574;-0.1198778;-0.0028873
9075.8752822876;59.2277937;59.2294545;-0.05029409;-0.05375786;-0.5491381;-0.3023901;-0.0016608
9076.93767547607;59.1606992;59.1653795;-0.07252146;-0.05626837;2.434065;-0.1574749;-0.0046803
9078.00006866455;59.1328027;59.1178746;0.026132;-0.04888114;1.350482;4.189614;0.0149281
9079.06341552734;59.0847419;59.0943308;-0.1167324;-0.03291804;-5.302387;-7.092784;-0.0095889
9080.12580871582;58.9955005;59.0179176;-0.05665586;-0.0608415;1.455073;1.923536;-0.0224171
9081.1882019043;58.9370000;58.9367361;-0.05397059;-0.06713388;0.4877576;0.5462233;0.0002639
9082.25059509277;58.8830000;58.8776679;-0.05340591;-0.06179553;0.2889547;0.3491783;0.0053321
9083.31298828125;58.8222282;58.8175268;-0.05345046;-0.05613418;0.01104324;0.06496415;0.0047014
9084.37538146973;58.7683789;58.7663860;-0.05388375;-0.05310462;-0.286992;-0.2668091;0.0019929
9085.4377746582;58.7066831;58.7073178;-0.05494311;-0.05287421;-0.2225415;-0.2547391;-0.0006347
9086.50016784668;58.6524609;58.6527199;-0.05389344;-0.05398907;-0.1558395;-0.1917475;-0.0002590
9087.56256103516;58.5918130;58.5908503;-0.05431689;-0.05465056;-0.2453152;-0.1882766;0.0009627
9088.62590789795;58.5368229;58.5358948;-0.05456196;-0.05480783;-0.06977069;-0.1228651;0.0009281
9089.68830108643;58.4760000;58.4759326;-0.05057582;-0.05370285;-0.3536957;-0.2544963;0.0000674
9090.7506942749;58.4210000;58.4219308;-0.08152037;-0.05413179;-0.4730083;-0.9947447;-0.0009308
9091.81308746338;58.3705825;58.3650679;0.02929736;-0.0499524;3.747551;6.878576;0.0055146
9092.87548065186;58.3537176;58.3510012;-0.110279;-0.0283503;-8.895223;-10.9941;0.0027164
9093.93787384033;58.2414678;58.2716675;-0.06077623;-0.05903354;1.649894;1.824628;-0.0301997
9095.00026702881;58.1892876;58.1933470;-0.05538718;-0.06999118;0.4617944;0.4485555;-0.0040594
9096.06266021729;58.1273750;58.1224174;-0.05444763;-0.06475258;0.3585866;0.4552529;0.0049576
9097.12505340576;58.0723750;58.0666871;-0.05436626;-0.0590252;0.08063589;0.1558113;0.0056879
9098.18840026855;58.0105000;58.0070228;-0.05461257;-0.05505222;-0.14934;-0.08024419;0.0034772
9099.25079345703;57.9555000;57.9536767;-0.05479685;-0.05409121;-0.2196973;-0.2540973;0.0018233
9100.31318664551;57.8936250;57.8919263;-0.05481073;-0.05470205;-0.1886902;-0.2111896;0.0016987
9101.37557983398;57.8386250;57.8355403;-0.05465631;-0.05574712;-0.1137422;-0.1485275;0.0030847
9102.43797302246;57.7767500;57.7720613;-0.05447759;-0.05614597;-0.06704549;-0.05500347;0.0046887
9103.50036621094;57.7217500;57.7171058;-0.05448255;-0.05533022;-0.1053804;-0.04775049;0.0046442
9104.56275939941;57.6598654;57.6580972;-0.05473365;-0.05336953;-0.229305;-0.2315795;0.0017682
9105.62515258789;57.6049380;57.6058836;-0.0555295;-0.05274656;-0.4281961;-0.3914619;-0.0009456
9106.68754577637;57.5420000;57.5444312;-0.0556042;-0.05416946;-0.2124533;-0.2630206;-0.0024312
9107.75089263916;57.4870000;57.4882836;-0.05472634;-0.05538698;-0.17881;-0.162726;-0.0012836
9108.81328582764;57.4249752;57.4248047;-0.05620105;-0.05608236;-0.2165579;-0.2746391;0.0001705
9109.87567901611;57.3691498;57.3681802;-0.05467192;-0.05640358;-0.07526769;-0.07991584;0.0009696
9110.93807220459;57.3069473;57.3055954;-0.05606812;-0.05588261;-0.1799113;-0.2423736;0.0013519
9112.00046539307;57.2512856;57.2503419;-0.05472558;-0.05551926;-0.1378925;-0.04757781;0.0009437
9113.06285858154;57.1890635;57.1884722;-0.05590547;-0.05520242;-0.2674505;-0.2902774;0.0005913
9114.12525177002;57.1328808;57.1323843;-0.05611818;-0.05578611;-0.1382716;-0.1857509;0.0004965
9115.1876449585;57.0705703;57.0687265;-0.05471123;-0.05628503;-0.1305622;-0.113102;0.0018438
9116.25003814697;57.0150391;57.0127578;-0.05578749;-0.05608789;-0.1759575;-0.1531814;0.0022813
9117.31338500977;56.9520000;56.9497556;-0.05574993;-0.05599334;-0.1561869;-0.1546564;0.0022444
9118.37577819824;56.8960000;56.8939061;-0.0557667;-0.05585311;-0.1635913;-0.1734694;0.0020939
9119.43817138672;56.8330000;56.8313212;-0.05581295;-0.0556813;-0.1764164;-0.1659979;0.0016788
9120.5005645752;56.7770000;56.7757697;-0.05586292;-0.0556117;-0.1850955;-0.173146;0.0012303
9121.56295776367;56.7140000;56.7130656;-0.05589589;-0.05569868;-0.1838012;-0.1855332;0.0009344
9122.62535095215;56.6580000;56.6572160;-0.05591265;-0.05579384;-0.1803359;-0.2079091;0.0007840
9123.68774414063;56.5950000;56.5943927;-0.05593234;-0.05582698;-0.1804809;-0.1854226;0.0006073
9124.7501373291;56.5390000;56.5384836;-0.05127579;-0.05587864;-0.2277847;-0.1767238;0.0005164
9125.81253051758;56.4732270;56.4742298;-0.07672533;-0.05697333;0.7583446;-0.7676225;-0.0010028
9126.87587738037;56.4273604;56.4208836;0.005645781;-0.05333215;5.204797;6.5803;0.0064768
9127.93827056885;56.4198613;56.4111085;-0.03670187;-0.02255856;-5.969154;-4.579061;0.0087528
9129.00066375732;56.3400566;56.3737364;-0.1250129;-0.03506511;-5.476675;-6.802859;-0.0336798
9130.0630569458;56.2342147;56.2596531;-0.06016892;-0.07962404;2.26772;2.822029;-0.0254384
9131.12545013428;56.1800775;56.1767430;-0.0554579;-0.08021452;1.038708;1.178828;0.0033345
9132.18784332275;56.1164063;56.1053366;-0.05584997;-0.06855389;0.5817875;0.6423429;0.0110697
9133.25023651123;56.0600937;56.0492487;-0.05470834;-0.0607566;0.1414473;0.1869574;0.0108450
9134.31262969971;55.9962780;55.9888692;-0.05613937;-0.05611979;-0.06551093;-0.01453323;0.0074088
9135.37502288818;55.9400752;55.9342713;-0.05536279;-0.05523012;-0.204978;-0.1791376;0.0058039
9136.43836975098;55.8762891;55.8714480;-0.05659603;-0.05574447;-0.211787;-0.2319759;0.0048411
9137.50076293945;55.8191440;55.8149428;-0.05626889;-0.05615468;-0.06516785;-0.1026921;0.0042012
9138.56315612793;55.7560425;55.7549209;-0.05614033;-0.05410211;-0.3540798;-0.3134957;0.0011216
9139.62554931641;55.6991359;55.7021708;-0.05742766;-0.05332731;-0.4193976;-0.4073086;-0.0030349
9140.68794250488;55.6350000;55.6395263;-0.0575043;-0.05501743;-0.3532915;-0.3279492;-0.0045263
9141.75033569336;55.5780000;55.5811138;-0.05734693;-0.05718861;-0.225667;-0.2282998;-0.0031138
9142.81272888184;55.5138750;55.5139394;-0.05700717;-0.0588575;-0.0988886;-0.1048007;-0.0000644
9143.87512207031;55.4568750;55.4546327;-0.05675016;-0.05909274;-0.05341334;-0.04307075;0.0022423
9144.93846893311;55.3927500;55.3899021;-0.05668269;-0.05795863;-0.1003459;-0.1004708;0.0028479
9146.00086212158;55.3357500;55.3338737;-0.05679094;-0.05670839;-0.1759083;-0.08827179;0.0018763
9147.06325531006;55.2716250;55.2714081;-0.05697583;-0.05594501;-0.2373522;-0.2826548;0.0002169
9148.12564849854;55.2146032;55.2153797;-0.05711223;-0.05603938;-0.2343051;-0.2149871;-0.0007765
9149.18804168701;55.1506328;55.1513047;-0.05703319;-0.05669918;-0.2886852;-0.307182;-0.0006719
9150.25043487549;55.0929297;55.0929517;-0.05808578;-0.05778319;-0.1684056;-0.2480128;-0.0000220
9151.31282806396;55.0283213;55.0263138;-0.05667997;-0.05873618;-0.03795156;0.001051223;0.0020075
9152.37522125244;54.9715039;54.9681992;-0.05673759;-0.05830681;-0.1635006;-0.1501977;0.0033047
9153.43761444092;54.9064160;54.9035282;-0.05750116;-0.05778941;-0.06481252;-0.06349356;0.0028878
9154.50096130371;54.8493340;54.8466654;-0.05687975;-0.05717283;-0.2280643;-0.1785037;0.0026686
9155.56335449219;54.7841979;54.7831864;-0.05755267;-0.05670169;-0.1268988;-0.1158963;0.0010115
9156.62574768066;54.7271771;54.7267408;-0.05728602;-0.05653488;-0.3056543;-0.2243949;0.0004363
9157.68814086914;54.6620000;54.6624870;-0.05213759;-0.0569698;-0.1788461;-0.1697257;-0.0004870
9158.75053405762;54.6050000;54.6040745;-0.08656355;-0.05807392;-0.5860765;-1.061624;0.0009255
9159.81292724609;54.5506925;54.5426817;0.03054521;-0.05384794;4.120701;7.381962;0.0080108
9160.87532043457;54.5331853;54.5273037;-0.1144205;-0.03058266;-9.215116;-11.08074;0.0058816
9161.93771362305;54.4153569;54.4458837;-0.06511216;-0.06108257;1.606853;1.725406;-0.0305268
9163.00010681152;54.3595171;54.3653578;-0.05860127;-0.07211243;0.4222775;0.4609362;-0.0058407
9164.06345367432;54.2941308;54.2918653;-0.05792108;-0.06706361;0.3449624;0.4003688;0.0022655
9165.12584686279;54.2366807;54.2338104;-0.05653534;-0.06129847;0.04600228;0.1181708;0.0028703
9166.18824005127;54.1720391;54.1718216;-0.05801743;-0.05724639;-0.2631548;-0.2659785;0.0002175
9167.25063323975;54.1140000;54.1153164;-0.05814667;-0.05692095;-0.2790935;-0.2861057;-0.0013164
9168.31302642822;54.0487500;54.0487380;-0.05799866;-0.05854009;-0.1783944;-0.1843846;0.0000120
9169.3754196167;53.9907500;53.9884181;-0.05774019;-0.05965178;-0.0879152;-0.1037493;0.0023319
9170.43781280518;53.9255000;53.9216013;-0.05756561;-0.05940561;-0.07541572;-0.08052239;0.0038987
9171.50020599365;53.8674829;53.8636656;-0.0575252;-0.05842421;-0.1081263;-0.08110483;0.0038173
9172.56259918213;53.8023130;53.8000078;-0.0581673;-0.057198;-0.3198295;-0.321226;0.0023052
9173.62594604492;53.7433325;53.7431450;-0.0587138;-0.05709598;-0.2005391;-0.2713974;0.0001875
9174.6883392334;53.6780000;53.6781759;-0.05810293;-0.05758382;-0.2180263;-0.2575707;-0.0001759
9175.75073242188;53.6200000;53.6201210;-0.05759681;-0.05790607;-0.1946155;-0.1630036;-0.0001210
9176.81312561035;53.5546098;53.5541386;-0.05909821;-0.05844518;-0.2574045;-0.246018;0.0004712
9177.87551879883;53.4957158;53.4948916;-0.05812431;-0.05893081;-0.08682701;-0.04965037;0.0008242
9178.9379119873;53.4305903;53.4290881;-0.05754878;-0.05855262;-0.1819101;-0.1309092;0.0015022
9180.00030517578;53.3721973;53.3715100;-0.05914217;-0.05794018;-0.2433669;-0.3138705;0.0006873
9181.06269836426;53.3063275;53.3064813;-0.05784656;-0.05782666;-0.2317648;-0.1288014;-0.0001538
9182.12509155273;53.2477975;53.2486648;-0.0592672;-0.05785532;-0.2428769;-0.2616938;-0.0008673
9183.18843841553;53.1820937;53.1824441;-0.0579557;-0.05851842;-0.2251122;-0.2003051;-0.0003504
9184.250831604;53.1234063;53.1231374;-0.05905337;-0.05903818;-0.1421951;-0.1846423;0.0002689
9185.31322479248;53.0578252;53.0560226;-0.0578086;-0.05941766;-0.1546892;-0.119976;0.0018026
9186.37561798096;52.9991569;52.9968352;-0.05881196;-0.05928613;-0.1677362;-0.1831878;0.0023217
9187.43801116943;52.9327671;52.9302568;-0.05876978;-0.05922385;-0.1648645;-0.1451044;0.0025103
9188.50040435791;52.8736440;52.8715462;-0.05850324;-0.05890745;-0.06437255;-0.06209348;0.0020978
9189.56279754639;52.8082925;52.8065772;-0.05807418;-0.05809131;-0.2530116;-0.2373891;0.0017153
9190.62519073486;52.7493859;52.7489395;-0.05903978;-0.05786069;-0.2481335;-0.2663574;0.0004464
9191.68758392334;52.6830000;52.6829571;-0.05899522;-0.05841654;-0.2207882;-0.2248394;0.0000429
9192.75093078613;52.6240000;52.6239485;-0.05891093;-0.05879758;-0.2020424;-0.1854622;0.0000515
9193.81332397461;52.5575757;52.5569529;-0.05929747;-0.05928391;-0.1518806;-0.2001615;0.0006228
9194.87571716309;52.4987652;52.4979443;-0.05775781;-0.05905761;-0.08437365;-0.0401477;0.0008209
9195.93811035156;52.4332705;52.4329157;-0.05894484;-0.05819474;-0.2529579;-0.2368465;0.0003548
9197.00050354004;52.3743403;52.3749203;-0.05878077;-0.0580886;-0.2826638;-0.2210471;-0.0005800
9198.06289672852;52.3074443;52.3088784;-0.06030464;-0.05855128;-0.2771648;-0.3785958;-0.0014341
9199.12528991699;52.2478333;52.2489757;-0.05913021;-0.05939196;-0.1584593;-0.1206492;-0.0011424
9200.18768310547;52.1815000;52.1818013;-0.05903357;-0.05959154;-0.1666941;-0.15367;-0.0003013
9201.25007629395;52.1225000;52.1222563;-0.05897284;-0.05956363;-0.160471;-0.1318014;0.0002437
9202.31342315674;52.0561032;52.0551414;-0.05886712;-0.05964029;-0.1303493;-0.1582914;0.0009618
9203.37581634521;51.9972539;51.9954772;-0.05890784;-0.05967497;-0.2236779;-0.2031446;0.0017767
9204.43820953369;51.9299331;51.9277663;-0.05963097;-0.0600864;-0.08255348;-0.1527871;0.0021668
9205.50060272217;51.8707109;51.8676252;-0.05852078;-0.06007241;-0.06323325;-0.03319553;0.0030857
9206.56299591064;51.8044380;51.8013448;-0.05907951;-0.05927602;-0.2417295;-0.2031414;0.0030932
9207.62538909912;51.7444575;51.7423959;-0.059505;-0.05912799;-0.1083148;-0.2301431;0.0020616
9208.6877822876;51.6780000;51.6764731;-0.0584132;-0.0587316;-0.1652847;-0.1515797;0.0015269
9209.75017547607;51.6190000;51.6184778;-0.06010848;-0.0582707;-0.3251608;-0.2675526;0.0005222
9210.81256866455;51.5516498;51.5521378;-0.05883432;-0.05875785;-0.1716782;-0.1235756;-0.0004880
9211.87591552734;51.4924752;51.4929504;-0.06027299;-0.0590221;-0.2714968;-0.3102083;-0.0004752
9212.93830871582;51.4252856;51.4258356;-0.05889201;-0.05944747;-0.1573288;-0.07142362;-0.0005500
9214.0007019043;51.3660547;51.3663501;-0.05991833;-0.0594714;-0.2656656;-0.3379335;-0.0002954
9215.06309509277;51.2983808;51.2988777;-0.06022886;-0.05987159;-0.1445507;-0.1530115;-0.0004969
9216.12548828125;51.2389307;51.2388558;-0.05884679;-0.05994229;-0.1480964;-0.07286252;0.0000749
9217.18788146973;51.1720625;51.1720390;-0.06003905;-0.05961582;-0.2460632;-0.2641731;0.0000235
9218.2502746582;51.1118672;51.1118979;-0.06004509;-0.0599899;-0.1139263;-0.167034;-0.0000307
9219.31266784668;51.0452002;51.0442466;-0.05890319;-0.0600319;-0.1748681;-0.1595882;0.0009536
9220.37506103516;50.9855319;50.9845824;-0.05996484;-0.05980018;-0.2013081;-0.2152056;0.0009495
9221.43840789795;50.9180000;50.9169311;-0.0598809;-0.0600168;-0.171144;-0.1922994;0.0010689
9222.50080108643;50.8580171;50.8567900;-0.05991276;-0.06008504;-0.1797516;-0.1553087;0.0012271
9223.5631942749;50.7904370;50.7892580;-0.05944449;-0.06000558;-0.05268804;-0.03639896;0.0011790
9224.62558746338;50.7314175;50.7300110;-0.05910859;-0.05951144;-0.2270669;-0.1814298;0.0014065
9225.68798065186;50.6640000;50.6636114;-0.0599567;-0.05923866;-0.2164523;-0.2717827;0.0003886
9226.75037384033;50.6040000;50.6041259;-0.06001402;-0.05940639;-0.2150289;-0.2085218;-0.0001259
9227.81276702881;50.5365000;50.5368919;-0.06004366;-0.05964505;-0.2068131;-0.194179;-0.0003919
9228.87516021729;50.4765000;50.4770488;-0.06006114;-0.05974955;-0.2040431;-0.2349721;-0.0005488
9229.93755340576;50.4100254;50.4096956;-0.0569945;-0.05984356;-0.7545277;-0.3317101;0.0003298
9231.00090026855;50.3425376;50.3472895;-0.08057892;-0.06176524;2.688924;0.3372777;-0.0047519
9232.06329345703;50.3146111;50.2945394;0.0215114;-0.04866849;-1.436046;2.86088;0.0200717
9233.12568664551;50.2577270;50.2717705;-0.1312252;-0.03538911;-6.038633;-7.547521;-0.0140435
9234.18807983398;50.1506172;50.1758666;-0.06027156;-0.06940814;1.325245;2.006819;-0.0252494
9235.25047302246;50.0929766;50.0962348;-0.06036302;-0.07477104;0.5132926;0.5251617;-0.0032582
9236.31286621094;50.0256289;50.0214309;-0.05963806;-0.06876175;0.2054962;0.2847565;0.0041980
9237.37525939941;49.9647998;49.9609918;-0.06056628;-0.0635822;0.03177534;0.01650188;0.0038080
9238.43765258789;49.8969609;49.8951883;-0.05966708;-0.06025524;-0.1400778;-0.08059067;0.0017726
9239.50004577637;49.8371060;49.8360605;-0.06014654;-0.05960362;-0.313311;-0.2803068;0.0010455
9240.56339263916;49.7685825;49.7673363;-0.06059585;-0.0606981;-0.1102187;-0.1233001;0.0012462
9241.62578582764;49.7084795;49.7054071;-0.05949882;-0.06140576;-0.06641232;-0.03688848;0.0030724
9242.68817901611;49.6410000;49.6371598;-0.0607388;-0.06082447;-0.2159054;-0.2331114;0.0038402
9243.75057220459;49.5800000;49.5774955;-0.05955428;-0.06008606;-0.09719881;-0.1409051;0.0025045
9244.81296539307;49.5123502;49.5121689;-0.06119985;-0.05871208;-0.3416631;-0.3642074;0.0001813
9245.87535858154;49.4515248;49.4533391;-0.05998209;-0.05881381;-0.2521537;-0.2432943;-0.0018143
9246.93775177002;49.3836973;49.3858666;-0.06146044;-0.0596808;-0.2993273;-0.3843544;-0.0021693
9248.0001449585;49.3230527;49.3243546;-0.0599263;-0.06084664;-0.173036;-0.1121073;-0.0013019
9249.06253814697;49.2550475;49.2546172;-0.06112262;-0.06163137;-0.1379441;-0.1860212;0.0004303
9250.12588500977;49.1945557;49.1923899;-0.05961383;-0.06196682;-0.08066536;-0.02254736;0.0021658
9251.18827819824;49.1265625;49.1237254;-0.06072556;-0.06133233;-0.1818344;-0.208074;0.0028371
9252.25067138672;49.0653672;49.0627498;-0.06075004;-0.06111531;-0.07991401;-0.1463738;0.0026174
9253.3130645752;48.9975752;48.9947409;-0.05969365;-0.0606048;-0.1777556;-0.1373906;0.0028343
9254.37545776367;48.9369069;48.9349575;-0.06085344;-0.06010813;-0.2289667;-0.2141103;0.0019494
9255.43785095215;48.8682671;48.8666506;-0.06086937;-0.06057168;-0.2072223;-0.2297472;0.0016165
9256.50024414063;48.8071440;48.8052578;-0.06052682;-0.06110494;-0.05417249;-0.06439087;0.0018862
9257.5626373291;48.7401289;48.7360568;-0.06404109;-0.06148927;-0.9820408;-1.121537;0.0040721
9258.62503051758;48.6747917;48.6726970;-0.03498276;-0.06212755;6.931307;6.705809;0.0020947
9259.68837738037;48.6710000;48.6496300;-0.043369;-0.03215463;-4.368539;-2.417557;0.0213700
9260.75077056885;48.6100000;48.6270995;-0.06790519;-0.02814319;-2.040336;-2.510723;-0.0170995
9261.81316375732;48.5443358;48.5653491;-0.04132953;-0.04661217;-2.184253;-0.6539085;-0.0210133
9262.8755569458;48.4719650;48.4906645;-0.1321264;-0.06558524;-5.736963;-7.527112;-0.0186995
9263.93795013428;48.3494941;48.3594746;-0.06601825;-0.09943976;3.781155;4.62309;-0.0099805
9265.00034332275;48.2907500;48.2688160;-0.05855617;-0.092274;1.689404;1.832499;0.0219340
9266.06273651123;48.2221250;48.1963367;-0.05812673;-0.07313173;0.7882083;0.975637;0.0257883
9267.12512969971;48.1611250;48.1421561;-0.05888653;-0.06141398;0.1116208;0.1307951;0.0189689
9268.1884765625;48.0925000;48.0820746;-0.05983843;-0.05621031;-0.2611133;-0.2397788;0.0104254
9269.25086975098;48.0314766;48.0265827;-0.06045473;-0.05593975;-0.332098;-0.3894825;0.0048939
9270.31326293945;47.9630039;47.9613752;-0.06092433;-0.0573197;-0.4112259;-0.403271;0.0016287
9271.37565612793;47.9011748;47.9046912;-0.06238234;-0.05684258;-0.4154598;-0.4308523;-0.0035164
9272.43804931641;47.8322280;47.8401394;-0.06179553;-0.0573606;-0.4473611;-0.4229417;-0.0079114
9273.50044250488;47.7722925;47.7786274;-0.06472404;-0.06015773;-1.231895;-1.296351;-0.0063349
9274.56283569336;47.6987808;47.7033467;-0.03563535;-0.06421069;6.962792;6.414569;-0.0045659
9275.62522888184;47.6969972;47.6769418;-0.009649918;-0.03863551;-2.496844;-0.4864396;0.0200554
9276.68762207031;47.6340000;47.6507158;-0.1249458;-0.03205363;-9.168362;-9.595181;-0.0167158
9277.75096893311;47.5110000;47.5518913;-0.1064727;-0.07550216;2.607988;0.6587297;-0.0408913
9278.81336212158;47.4509252;47.4442453;0.009937941;-0.08435027;6.674589;8.534403;0.0066799
9279.87575531006;47.4438640;47.4199266;-0.04944688;-0.04586019;-3.245888;-3.302235;0.0239374
9280.93814849854;47.3727979;47.3829717;-0.06486791;-0.03939073;-0.894188;-1.38772;-0.0101738
9282.00054168701;47.3179575;47.3256917;-0.04576537;-0.05074075;-3.196324;-1.442604;-0.0077342
9283.06293487549;47.2169301;47.2336621;-0.1325299;-0.07438588;-2.412616;-4.649041;-0.0167320
9284.12532806396;47.1181314;47.1129031;-0.06176676;-0.1020157;3.737906;4.338455;0.0052283
9285.18772125244;47.0515937;47.0226617;-0.05769313;-0.08560711;1.421498;1.666212;0.0289320
9286.25011444092;46.9899297;46.9650240;-0.05930839;-0.06805989;0.5234104;0.5409863;0.0249057
9287.31346130371;46.9208213;46.9067306;-0.05933369;-0.05752854;-0.09725227;-0.03206358;0.0140907
9288.37585449219;46.8600039;46.8532057;-0.06034835;-0.05514114;-0.4375475;-0.3768616;0.0067982
9289.43824768066;46.7904160;46.7891903;-0.06168635;-0.05659385;-0.3102145;-0.3811592;0.0012257
9290.50064086914;46.7293340;46.7298240;-0.06123167;-0.05818761;-0.383408;-0.3591144;-0.0004900
9291.56303405762;46.6596979;46.6667027;-0.06244582;-0.05675879;-0.4047109;-0.4074729;-0.0070048
9292.62542724609;46.5986771;46.6089458;-0.06247874;-0.05749996;-0.5828758;-0.6573074;-0.0102687
9293.68782043457;46.5290000;46.5389700;-0.0620275;-0.06086939;-0.2477138;-0.3344295;-0.0099700
9294.75021362305;46.4680000;46.4738817;-0.06232199;-0.06350658;-0.2290951;-0.2118639;-0.0058817
9295.81260681152;46.3982007;46.3993163;-0.06249116;-0.06532595;-0.005759514;0.03553317;-0.0011156
9296.87595367432;46.3363902;46.3341088;-0.06059509;-0.06514207;0.1089139;0.1255769;0.0022814
9297.93834686279;46.2675547;46.2643118;-0.0615241;-0.06293815;-0.124853;-0.1309932;0.0032429
9299.00074005127;46.2054097;46.2045283;-0.06218565;-0.06098195;-0.1726777;-0.1437965;0.0008814
9300.06313323975;46.1361807;46.1375923;-0.06101242;-0.06000685;-0.24997;-0.2231274;-0.0014116
9301.12552642822;46.0748135;46.0776300;-0.06228516;-0.06007734;-0.3532411;-0.3638557;-0.0028165
9302.1879196167;46.0048672;46.0074753;-0.06233225;-0.06168854;-0.1521501;-0.1550357;-0.0026081
9303.25031280518;45.9435703;45.9439368;-0.0609575;-0.06278889;-0.1215695;-0.06332692;-0.0003665
9304.31270599365;45.8743037;45.8729477;-0.06194527;-0.06298576;-0.1389755;-0.1217066;0.0013560
9305.37509918213;45.8134739;45.8098860;-0.06308885;-0.06302087;-0.94317;-0.8977672;0.0035879
9306.43844604492;45.7356880;45.7368107;-0.04187769;-0.06404556;7.369893;6.65158;-0.0011227
9307.5008392334;45.7387388;45.7122535;-0.02135376;-0.03761553;-8.852143;-6.839677;0.0264853
9308.56323242188;45.6175398;45.6544966;-0.1172192;-0.05165869;0.8705049;-1.821506;-0.0369568
9309.62562561035;45.5490745;45.5637188;-0.0580815;-0.07487923;0.5361325;1.071678;-0.0146443
9310.68801879883;45.4800000;45.4808683;-0.06251341;-0.07330076;0.3623561;0.3881919;-0.0008683
9311.7504119873;45.4180000;45.4169125;-0.0607955;-0.06736422;0.2105066;0.2532291;0.0010875
9312.81280517578;45.3492746;45.3496785;-0.06189819;-0.06226952;-0.2303262;-0.1780215;-0.0004039
9313.87519836426;45.2878460;45.2895374;-0.05788962;-0.06108867;-0.6105385;-0.3122768;-0.0016914
9314.93759155273;45.2108398;45.2165813;-0.08330637;-0.06412019;2.764396;-0.1804167;-0.0057415
9316.00093841553;45.1798701;45.1619835;0.03315433;-0.05596343;0.9663593;4.375668;0.0178866
9317.063331604;45.1148882;45.1310487;-0.1469516;-0.04032994;-1.653553;-5.793415;-0.0161605
9318.12572479248;45.0552590;45.0628609;0.01870967;-0.0559069;0.2856942;3.282377;-0.0076019
9319.18811798096;44.9830625;45.0076670;-0.1344914;-0.05418969;-3.637511;-6.281859;-0.0246045
9320.25051116943;44.8895781;44.9110479;-0.06180877;-0.08024749;1.821251;2.38017;-0.0214698
9321.31290435791;44.8222500;44.8230715;-0.06209153;-0.07782043;0.556331;0.6215057;-0.0008215
9322.37529754639;44.7616028;44.7558970;-0.06295867;-0.07113864;-0.6549057;-0.5013146;0.0057058
9323.43769073486;44.6839307;44.6799011;-0.04524374;-0.06860902;6.686611;5.774079;0.0040296
9324.50008392334;44.6791475;44.6501584;-0.004681564;-0.04235685;-2.09596;-0.1430565;0.0289891
9325.56343078613;44.6214255;44.6303100;-0.06854001;-0.02831017;-2.33178;-3.011962;-0.0088845
9326.62582397461;44.5581540;44.5783348;-0.05994966;-0.04359286;-0.5973768;-0.6106664;-0.0201808
9327.68821716309;44.4890000;44.5009680;-0.1305001;-0.06163766;-7.662033;-7.826472;-0.0119680
9328.75061035156;44.3650000;44.3890304;-0.0801774;-0.09378538;4.10375;2.864108;-0.0240304
9329.81300354004;44.2952500;44.2764969;-0.05991057;-0.09542735;1.71848;2.069966;0.0187531
9330.87539672852;44.2332500;44.2068190;-0.05905512;-0.07896262;1.004175;1.099408;0.0264310
9331.93778991699;44.1634829;44.1425056;-0.05971224;-0.06435954;0.2125638;0.2861297;0.0209773
9333.00018310547;44.1015903;44.0878482;-0.06018504;-0.05836143;-0.2289169;-0.1671341;0.0137421
9334.06257629395;44.0313193;44.0243692;-0.06237049;-0.05734686;-0.3722042;-0.4110833;0.0069501
9335.12592315674;43.9687083;43.9650626;-0.06159673;-0.05857289;-0.2789486;-0.2313484;0.0036457
9336.18831634521;43.8990000;43.8993783;-0.06204214;-0.05834647;-0.375104;-0.4044511;-0.0003783
9337.25070953369;43.8370000;43.8421578;-0.06257466;-0.05776366;-0.4746623;-0.4671078;-0.0051578
9338.31310272217;43.7672282;43.7745065;-0.06278521;-0.05958284;-0.4021678;-0.4591067;-0.0072783
9339.37549591064;43.7053789;43.7106700;-0.06269531;-0.06235494;-0.3455716;-0.3290602;-0.0052911
9340.43788909912;43.6346831;43.6357469;-0.06299091;-0.06524143;-0.02870863;-0.06938474;-0.0010638
9341.5002822876;43.5724780;43.5691089;-0.06153869;-0.06602389;0.06433634;0.02197747;0.0033691
9342.56267547607;43.5027404;43.4972853;-0.06132287;-0.0644192;0.01952668;0.04899321;0.0054551
9343.62506866455;43.4408130;43.4363098;-0.06192241;-0.06223117;-0.2305659;-0.1133727;0.0045032
9344.68841552734;43.3700000;43.3688373;-0.06212045;-0.06076091;-0.1852646;-0.1338137;0.0011627
9345.75080871582;43.3080000;43.3089943;-0.06219411;-0.06022096;-0.2918987;-0.2645759;-0.0009943
9346.8132019043;43.2382993;43.2408066;-0.06191249;-0.06057937;-0.3135647;-0.305375;-0.0025073
9347.87559509277;43.1761098;43.1785197;-0.06341922;-0.0617277;-0.3312674;-0.3950799;-0.0024099
9348.93798828125;43.1054453;43.1062789;-0.06220746;-0.06342421;-0.08650172;-0.1005747;-0.0008336
9350.00038146973;43.0435903;43.0419655;-0.06153512;-0.06392244;-0.1097454;-0.0877258;0.0016248
9351.0627746582;42.9733193;42.9705591;-0.06283732;-0.06360207;-0.1131656;-0.1658881;0.0027602
9352.12516784668;42.9107083;42.9074974;-0.06164518;-0.06324059;-0.05008667;-0.03350974;0.0032109
9353.18756103516;42.8409766;42.8380580;-0.06167481;-0.06220286;-0.1193924;-0.09915819;0.0029186
9354.25090789795;42.7791328;42.7772612;-0.0617498;-0.06134969;-0.2666807;-0.3033004;0.0018716
9355.31330108643;42.7085498;42.7086563;-0.06300242;-0.06120226;-0.223923;-0.2726892;-0.0001065
9356.3756942749;42.6475710;42.6467271;-0.06342974;-0.0617092;-1.132685;-1.027516;0.0008439
9357.43808746338;42.5688540;42.5732345;-0.04306358;-0.06388609;7.340899;6.60429;-0.0043805
9358.50048065186;42.5718057;42.5477833;-0.02175577;-0.03799776;-8.96019;-6.982513;0.0240224
9359.56287384033;42.4496853;42.4883575;-0.1185692;-0.05272873;0.8088254;-1.839125;-0.0386722
9360.62526702881;42.3801461;42.3956127;-0.05881829;-0.07655005;0.6363536;1.095036;-0.0154666
9361.68766021729;42.3110000;42.3110933;-0.06159372;-0.07478686;0.4475467;0.5159163;-0.0000933
9362.75005340576;42.2490000;42.2468991;-0.05768258;-0.06803804;-0.04387745;-0.007408638;0.0021009
9363.81340026855;42.1751563;42.1770425;-0.08517174;-0.06438382;0.9261281;-0.7966648;-0.0018862
9364.87579345703;42.1249897;42.1188683;0.01039329;-0.05911191;5.396346;7.197422;0.0061214
9365.93818664551;42.1094688;42.1031327;-0.06154404;-0.02844538;-3.550426;-4.85498;0.0063361
9367.00057983398;42.0511533;42.0691581;-0.04618834;-0.03329132;-4.278277;-2.524745;-0.0180048
9368.06297302246;41.9485944;41.9841022;-0.1381079;-0.06500679;-3.279211;-5.408825;-0.0355078
9369.12536621094;41.8482448;41.8614955;-0.06348743;-0.09976875;3.301221;3.979788;-0.0132507
9370.18775939941;41.7804063;41.7627306;-0.06111395;-0.09002754;1.429325;1.498681;0.0176757
9371.25015258789;41.7180937;41.6963310;-0.05949192;-0.07497799;0.6866133;0.8273025;0.0217627
9372.31254577637;41.6475498;41.6307659;-0.06112053;-0.06391917;0.1235901;0.07914167;0.0167839
9373.37589263916;41.5865710;41.5731282;-0.062026;-0.06004943;-1.057028;-0.8548437;0.0134428
9374.43828582764;41.5078540;41.5044040;-0.04219113;-0.06059616;7.275534;6.406438;0.0034500
9375.50067901611;41.5108057;41.4831848;-0.02135483;-0.03412251;-9.110298;-7.098068;0.0276209
9376.56307220459;41.3886853;41.4297790;-0.118839;-0.04787621;0.5245342;-2.108514;-0.0410937
9377.62546539307;41.3191365;41.3440675;-0.05980346;-0.07018418;0.1845371;0.8004593;-0.0249310
9378.68785858154;41.2500000;41.2638397;-0.06470865;-0.07060068;-0.101466;-0.07182845;-0.0138397
9379.75025177002;41.1870000;41.1948175;-0.06270433;-0.06968666;0.1000299;0.1235778;-0.0078175
9380.8126449585;41.1171002;41.1169738;-0.06320596;-0.06930836;0.04617284;0.002156114;0.0001264
9381.87503814697;41.0542748;41.0488457;-0.06117505;-0.06853069;0.1965563;0.2098542;0.0054291
9382.93838500977;40.9841973;40.9746380;-0.06215367;-0.06671367;0.08448785;0.0615086;0.0095593
9384.00077819824;40.9215527;40.9112782;-0.06063649;-0.06452108;0.04683968;0.07245902;0.0102745
9385.06317138672;40.8512975;40.8434481;-0.06229601;-0.06165265;-0.1543404;-0.2062736;0.0078494
9386.1255645752;40.7888275;40.7850952;-0.06141359;-0.05959826;-0.3104562;-0.2591635;0.0037323
9387.18795776367;40.7184063;40.7191725;-0.0631687;-0.05909334;-0.3755937;-0.3619731;-0.0007662
9388.25035095215;40.6560937;40.6584353;-0.06217756;-0.06019181;-0.3907117;-0.3457057;-0.0023416
9389.31274414063;40.5855280;40.5875058;-0.0631852;-0.06220937;-0.2145783;-0.2588149;-0.0019778
9390.3751373291;40.5233470;40.5230136;-0.06199801;-0.06361729;-0.203083;-0.1599226;0.0003334
9391.43848419189;40.4526660;40.4504747;-0.06257877;-0.06417581;-0.03545352;-0.05396033;0.0021913
9392.50087738037;40.3905840;40.3871746;-0.06179721;-0.06354088;-0.1793239;-0.1286599;0.0034094
9393.56327056885;40.3198229;40.3171391;-0.06236634;-0.06264591;-0.08548317;-0.1724724;0.0026838
9394.62566375732;40.2578021;40.2556867;-0.06209894;-0.06188004;-0.2933491;-0.2949329;0.0021154
9395.6880569458;40.1870000;40.1863665;-0.06176274;-0.06175894;-0.1515227;-0.1517309;0.0006335
9396.75045013428;40.1250000;40.1243181;-0.06300735;-0.06196773;-0.3131273;-0.3026168;0.0006819
9397.81284332275;40.0542158;40.0530905;-0.06209076;-0.0629104;-0.0926464;-0.09415737;0.0011253
9398.87523651123;39.9922993;39.9896712;-0.06134032;-0.06317876;-0.1207436;-0.07539229;0.0026281
9399.93762969971;39.9221973;39.9188013;-0.06284037;-0.06306888;-0.154184;-0.2304141;0.0033960
9401.0009765625;39.8595527;39.8555608;-0.06133648;-0.06314956;-0.08258478;-0.03850951;0.0039919
9402.06336975098;39.7892975;39.7853465;-0.06273036;-0.0626536;-0.1337423;-0.1896256;0.0039510
9403.12576293945;39.7268275;39.7235961;-0.06146939;-0.06205295;-0.1694898;-0.1030386;0.0032314
9404.18815612793;39.6564063;39.6546931;-0.06289244;-0.06151804;-0.1930293;-0.2379649;0.0017132
9405.25054931641;39.5940937;39.5934791;-0.06184819;-0.06134606;-0.2640391;-0.216927;0.0006146
9406.31294250488;39.5249026;39.5239801;-0.06448217;-0.06177313;-1.146526;-1.044348;0.0009225
9407.37533569336;39.4518494;39.4568057;-0.05430222;-0.06520068;6.61541;5.855708;-0.0049563
9408.43772888184;39.4488057;39.4232483;-0.02158474;-0.03863727;-8.90733;-5.071963;0.0255574
9409.50012207031;39.3415039;39.3753261;-0.1263205;-0.04816976;-0.8026195;-2.758026;-0.0338222
9410.56346893311;39.2571365;39.2710180;-0.05857235;-0.07670051;0.6812262;1.26877;-0.0138815
9411.62586212158;39.1958021;39.1948433;-0.0622278;-0.07573928;0.3956508;0.4425513;0.0009588
9412.68825531006;39.1250000;39.1215296;-0.06144666;-0.0684484;0.2283622;0.2739399;0.0034704
9413.75064849854;39.0630000;39.0610904;-0.0629539;-0.06341599;-0.2212035;-0.1320966;0.0019096
9414.81304168701;38.9922748;38.9929623;-0.06185655;-0.06167047;-0.2038565;-0.1960136;-0.0006875
9415.87543487549;38.9301002;38.9306755;-0.06328414;-0.06210983;-0.2935356;-0.3938718;-0.0005753
9416.93782806396;38.8595527;38.8581962;-0.06163011;-0.06371745;-0.09938356;-0.05518043;0.0013565
9418.00022125244;38.7971973;38.7937040;-0.06282952;-0.06417152;-0.09998359;-0.1487889;0.0034933
9419.06261444092;38.7268275;38.7221188;-0.0613048;-0.0637251;-0.07275197;-0.01742622;0.0047087
9420.12596130371;38.6642975;38.6609049;-0.06279257;-0.06211568;-0.1721736;-0.2166259;0.0033926
9421.18835449219;38.5940937;38.5933728;-0.06183634;-0.06068951;-0.3035809;-0.2463007;0.0007209
9422.25074768066;38.5314297;38.5331125;-0.06327082;-0.06049796;-0.3145995;-0.3878273;-0.0016828
9423.31314086914;38.4611963;38.4633155;-0.06213976;-0.0615982;-0.2141789;-0.2288815;-0.0021192
9424.37553405762;38.3993789;38.4003730;-0.06221655;-0.06243993;-0.280746;-0.2640111;-0.0009941
9425.43792724609;38.3286660;38.3285494;-0.06280992;-0.06343185;-0.08674251;-0.1493281;0.0001166
9426.50032043457;38.2665840;38.2647724;-0.06197523;-0.06359061;-0.1848957;-0.1484903;0.0018116
9427.56271362305;38.1958229;38.1937237;-0.06243148;-0.06325588;-0.04916711;-0.05773812;0.0020992
9428.62510681152;38.1338021;38.1314368;-0.06207109;-0.06260982;-0.2392709;-0.2405857;0.0023653
9429.68845367432;38.0630000;38.0617590;-0.06219506;-0.0621862;-0.1137664;-0.1293824;0.0012410
9430.75084686279;38.0010000;37.9994125;-0.05623979;-0.0622512;-0.201958;-0.1708804;0.0015875
9431.81324005127;37.9280503;37.9271717;-0.08579826;-0.06394483;0.8245104;-0.9799545;0.0008786
9432.87563323975;37.8763102;37.8660173;0.00597623;-0.06078288;5.97384;7.473451;0.0102929
9433.93802642822;37.8685220;37.8522486;-0.03826759;-0.02723363;-6.357913;-4.825012;0.0162734
9435.0004196167;37.7804873;37.8120751;-0.139233;-0.03873856;-6.02097;-7.384774;-0.0315878
9436.06281280518;37.6632448;37.6914949;-0.06515862;-0.08475011;2.453692;3.220146;-0.0282501
9437.12520599365;37.6032975;37.6036377;-0.06320847;-0.0851592;1.018779;1.064411;-0.0003402
9438.18759918213;37.5330937;37.5273437;-0.06127601;-0.07308413;0.4675831;0.5946929;0.0057500
9439.25094604492;37.4704297;37.4675603;-0.06276362;-0.06482147;0.04124871;0.0156234;0.0028694
9440.3133392334;37.4015710;37.4014587;-0.06351125;-0.06094545;-1.121634;-0.9282846;0.0001123
9441.37573242188;37.3302341;37.3367877;-0.05614522;-0.06343038;5.584497;4.63856;-0.0065536
9442.43812561035;37.3181938;37.3006673;-0.00315401;-0.03927939;-1.470118;0.9636809;0.0175265
9443.50051879883;37.2756147;37.2888655;-0.08598418;-0.02439733;-9.366043;-9.479098;-0.0132508
9444.5629119873;37.1408438;37.1936769;-0.1132791;-0.06814848;1.886138;-0.512798;-0.0528331
9445.62530517578;37.0731375;37.0919914;-0.05897468;-0.08678109;1.067454;1.661405;-0.0188539
9446.68769836426;37.0030000;37.0069952;-0.06277847;-0.07865908;0.7436973;0.7472099;-0.0039952
9447.75009155273;36.9410000;36.9408340;-0.06156483;-0.07071515;0.3514773;0.3904051;0.0001660
9448.81343841553;36.8711098;36.8704409;-0.06307618;-0.0652767;-0.01789147;0.02777415;0.0006689
9449.875831604;36.8082254;36.8082137;-0.0621455;-0.06339835;0.01176063;0.01936965;0.0000117
9450.93822479248;36.7384829;36.7384166;-0.06204209;-0.06248028;-0.06794393;-0.08352923;0.0000663
9452.00061798096;36.6765903;36.6773219;-0.06179766;-0.06156275;-0.1736666;-0.1448682;-0.0007316
9453.06301116943;36.6063193;36.6113395;-0.06370419;-0.0595238;-0.3459556;-0.3118752;-0.0050202
9454.12540435791;36.5437083;36.5540595;-0.06315623;-0.05819567;-0.4227294;-0.4105331;-0.0103512
9455.18779754639;36.4739766;36.4872427;-0.06347807;-0.05915605;-0.441038;-0.4715665;-0.0132661
9456.25019073486;36.4121328;36.4243002;-0.06331399;-0.06163685;-0.4004089;-0.433019;-0.0121674
9457.31258392334;36.3415498;36.3497348;-0.0639025;-0.06482498;-0.1135786;-0.2205469;-0.0081850
9458.37593078613;36.2792181;36.2826795;-0.06231502;-0.06613576;0.03051325;-0.009633236;-0.0034614
9459.43832397461;36.2095000;36.2099023;-0.06204482;-0.06499025;-0.002977285;-0.01893015;-0.0004023
9460.50071716309;36.1475000;36.1477942;-0.06203277;-0.06311655;-0.09743667;-0.07365125;-0.0002942
9461.56311035156;36.0777404;36.0797853;-0.0621585;-0.06133691;-0.2004277;-0.1760533;-0.0020449
9462.62550354004;36.0158130;36.0191078;-0.06279124;-0.06098741;-0.3672542;-0.3622885;-0.0032948
9463.68789672852;35.9450000;35.9487743;-0.06267052;-0.06210258;-0.1555724;-0.1591769;-0.0037743
9464.75028991699;35.8830000;35.8849973;-0.06222253;-0.06312685;-0.1301322;-0.1173485;-0.0019973
9465.81268310547;35.8138460;35.8135910;-0.05767275;-0.06331752;-0.433152;-0.143245;0.0002550
9466.87507629395;35.7475945;35.7489795;-0.08919859;-0.06432672;1.274965;-0.6867382;-0.0013850
9467.93842315674;35.7048105;35.6879444;0.02997293;-0.05487006;1.521281;5.885739;0.0168661
9469.00081634521;35.6661211;35.6689901;-0.130778;-0.03440813;-8.007598;-9.288153;-0.0028690
9470.06320953369;35.5471673;35.5762453;-0.06542143;-0.06825226;1.577448;2.159564;-0.0290780
9471.12560272217;35.4877500;35.4945869;-0.06276175;-0.07555369;0.4134079;0.4925161;-0.0068369
9472.18799591064;35.4180000;35.4187698;-0.06208576;-0.06968258;0.1957256;0.2620499;-0.0007698
9473.25038909912;35.3574531;35.3569598;-0.06194503;-0.06475527;-0.9420139;-0.6907072;0.0004933
9474.3127822876;35.2769031;35.2846594;-0.05471054;-0.06472415;6.51697;4.890555;-0.0077563
9475.37517547607;35.2756581;35.2528901;-0.004607775;-0.04188932;-6.670088;-3.144745;0.0227680
9476.43756866455;35.1672148;35.2032990;-0.1254371;-0.04826901;-0.7530242;-3.363252;-0.0360842
9477.50091552734;35.0911377;35.1097793;-0.05874887;-0.07555975;0.8520609;1.388941;-0.0186416
9478.56330871582;35.0227500;35.0229354;-0.06202065;-0.07563601;0.4745412;0.5059972;-0.0001854
9479.6257019043;34.9607500;34.9580259;-0.06169648;-0.06877733;0.1661381;0.2235714;0.0027241
9480.68809509277;34.8910000;34.8899574;-0.06188383;-0.06323583;-0.1390563;-0.09298915;0.0010426
9481.75048828125;34.8290000;34.8295779;-0.06206438;-0.06157421;-0.2467979;-0.3111945;-0.0005779
9482.81288146973;34.7592596;34.7594828;-0.06195553;-0.06214346;-0.2187449;-0.2066694;-0.0002232
9483.8752746582;34.6972007;34.6955867;-0.06218703;-0.06326336;-0.1135235;-0.129915;0.0016140
9484.93766784668;34.6288452;34.6241803;-0.05724326;-0.06329814;-0.601241;-0.08097311;0.0046649
9486.00006103516;34.5598774;34.5602245;-0.08264023;-0.06394649;2.782724;0.4266956;-0.0003471
9487.06340789795;34.5308417;34.5086069;0.02221563;-0.04862557;-1.505301;2.849396;0.0222348
9488.12580108643;34.4726296;34.4875664;-0.1344637;-0.03435929;-6.331222;-7.873966;-0.0149368
9489.1881942749;34.3626016;34.3908877;-0.06256822;-0.06973936;1.180562;1.83542;-0.0282861
9490.25058746338;34.3028672;34.3090505;-0.0627306;-0.076331;0.4838197;0.478239;-0.0061833
9491.31298065186;34.2339502;34.2309684;-0.06067722;-0.07119537;0.2721009;0.3327767;0.0029818
9492.37537384033;34.1723037;34.1689796;-0.06172599;-0.0654031;-0.04739369;-0.05278651;0.0033241
9493.43776702881;34.1023940;34.1016860;-0.06165809;-0.06178673;-0.1301477;-0.1376252;0.0007080
9494.50016021729;34.0413169;34.0409488;-0.06108659;-0.06120525;-0.2902588;-0.2694127;0.0003681
9495.56255340576;33.9717705;33.9706154;-0.06203016;-0.06223686;-0.223399;-0.2823751;0.0011551
9496.62590026855;33.9096870;33.9064212;-0.06121198;-0.06344756;0.003527738;-0.01395383;0.0032658
9497.68829345703;33.8410000;33.8356108;-0.06106621;-0.06300224;-0.1508827;-0.1442387;0.0053892
9498.75068664551;33.7790000;33.7741585;-0.06187724;-0.06200808;-0.1618823;-0.1234538;0.0048415
9499.81307983398;33.7093902;33.7061496;-0.06048822;-0.06090776;-0.1379961;-0.1125451;0.0032406
9500.87547302246;33.6482842;33.6465449;-0.06159006;-0.06009633;-0.3387692;-0.2654011;0.0017393
9501.93786621094;33.5784097;33.5779996;-0.06223816;-0.06074411;-0.2369726;-0.3605071;0.0004101
9503.00025939941;33.5168027;33.5158915;-0.06067972;-0.06155989;-0.1680157;-0.06760558;0.0009112
9504.06265258789;33.4476725;33.4462733;-0.06201467;-0.06175239;-0.1791437;-0.2253627;0.0013992
9505.12504577637;33.3862025;33.3845229;-0.06064229;-0.06168806;-0.1750634;-0.1274003;0.0016796
9506.18839263916;33.3169063;33.3158583;-0.06196656;-0.0612466;-0.1823632;-0.232327;0.0010480
9507.25078582764;33.2570234;33.2547636;-0.06066488;-0.06119149;-1.103439;-0.8098271;0.0022598
9508.31317901611;33.1769786;33.1812710;-0.05444667;-0.06416319;6.467791;4.81211;-0.0042924
9509.37557220459;33.1754002;33.1486673;-0.003954425;-0.04211107;-6.43714;-2.933505;0.0267329
9510.43796539307;33.0688657;33.1004472;-0.1232401;-0.0475353;-0.7983919;-3.414642;-0.0315815
9511.50035858154;32.9930757;33.0091924;-0.05837641;-0.07395989;0.8788312;1.391989;-0.0161167
9512.56275177002;32.9256771;32.9233021;-0.06107001;-0.0746593;0.3992105;0.4610458;0.0023750
9513.6251449585;32.8637075;32.8582139;-0.06112261;-0.06851199;0.2813687;0.3186099;0.0054936
9514.68849182129;32.7950000;32.7911586;-0.06015533;-0.06241081;-0.08013114;0.02146867;0.0038414
9515.75088500977;32.7340000;32.7332229;-0.06199674;-0.0597418;-0.3818753;-0.413436;0.0007771
9516.81327819824;32.6643504;32.6655717;-0.06128288;-0.06014621;-0.2300369;-0.2054811;-0.0012213
9517.87567138672;32.6033654;32.6032848;-0.06106035;-0.06152147;-0.1794382;-0.2813076;0.0000806
9518.9380645752;32.5348403;32.5330109;-0.06051232;-0.06212899;-0.1663003;-0.1378302;0.0018294
9520.00045776367;32.4734644;32.4711413;-0.06191043;-0.06195449;-0.195576;-0.2147187;0.0023231
9521.06285095215;32.4040833;32.4025960;-0.06083722;-0.06126833;-0.1440685;-0.1083707;0.0014873
9522.12524414063;32.3431250;32.3429913;-0.0609851;-0.06018868;-0.2472174;-0.2186667;0.0001337
9523.1876373291;32.2745000;32.2757573;-0.06114008;-0.05995981;-0.2791103;-0.2729762;-0.0012573
9524.25098419189;32.2134766;32.2150202;-0.06117198;-0.06049955;-0.2422262;-0.274908;-0.0015436
9525.31337738037;32.1450039;32.1451039;-0.06111693;-0.06161304;-0.2724958;-0.2077134;-0.0001000
9526.37577056885;32.0831748;32.0818634;-0.06184444;-0.06266998;-0.1048856;-0.1825328;0.0013114
9527.43816375732;32.0142280;32.0108146;-0.06053375;-0.06291141;-0.0515216;-0.07301617;0.0034134
9528.5005569458;31.9532500;31.9490642;-0.06053362;-0.06212965;-0.08758648;-0.07093237;0.0041858
9529.56295013428;31.8846250;31.8811149;-0.06060891;-0.06093102;-0.1547081;-0.1676609;0.0035101
9530.62534332275;31.8236250;31.8212123;-0.06073118;-0.06028375;-0.2007718;-0.1975005;0.0024127
9531.68773651123;31.7550000;31.7535014;-0.06074969;-0.06024641;-0.2146287;-0.2351407;0.0014986
9532.75012969971;31.6940000;31.6927643;-0.06127899;-0.06059495;-0.20576;-0.1475231;0.0012357
9533.8134765625;31.6261016;31.6241593;-0.05540339;-0.06083113;-0.4215865;-0.1036614;0.0019423
9534.87586975098;31.5618030;31.5621109;-0.08749556;-0.06182839;1.116657;-0.7740521;-0.0003079
9535.93826293945;31.5196846;31.5031023;0.02948818;-0.05290909;1.407157;5.720698;0.0165823
9537.00065612793;31.4816191;31.4856381;-0.1288019;-0.03277385;-7.985466;-9.287843;-0.0040190
9538.06304931641;31.3646058;31.3948602;-0.06452386;-0.06655651;1.449519;2.023885;-0.0302544
9539.12544250488;31.3060058;31.3130231;-0.06195534;-0.07503175;0.4592078;0.5099856;-0.0070173
9540.18783569336;31.2380703;31.2368483;-0.05978051;-0.06960684;0.2580262;0.390587;0.0012220
9541.25022888184;31.1775391;31.1762304;-0.06089585;-0.06395476;-0.07179236;-0.02758016;0.0013087
9542.31262207031;31.1088968;31.1095924;-0.06110322;-0.06093509;-0.2468957;-0.2430867;-0.0006956
9543.37596893311;31.0477461;31.0485573;-0.06098459;-0.06110564;-0.1329049;-0.1526098;-0.0008112
9544.43836212158;30.9800669;30.9783430;-0.05993553;-0.06199547;-0.1641782;-0.1508525;0.0017239
9545.50075531006;30.9192891;30.9155793;-0.06072208;-0.06247601;-0.1142294;-0.1477765;0.0037098
9546.56314849854;30.8505620;30.8456630;-0.06003001;-0.06218832;0.0327742;-0.01905054;0.0048990
9547.62554168701;30.7905521;30.7859988;-0.05982731;-0.06052094;-0.2204205;-0.2219367;0.0045533
9548.68793487549;30.7220000;30.7206125;-0.05967874;-0.05892847;-0.1759577;-0.2112549;0.0013875
9549.75032806396;30.6620000;30.6626768;-0.06124207;-0.05836116;-0.4063932;-0.3782086;-0.0006768
9550.81272125244;30.5935248;30.5955620;-0.06000692;-0.0593487;-0.2336979;-0.1937454;-0.0020372
9551.87511444092;30.5333502;30.5345268;-0.06135114;-0.06048163;-0.278238;-0.312167;-0.0011766
9552.93846130371;30.4650527;30.4645509;-0.05972534;-0.06160171;-0.1131307;-0.08865953;0.0005018
9554.00085449219;30.4047144;30.4028005;-0.06095602;-0.0616485;-0.1552058;-0.2232929;0.0019139
9555.06324768066;30.3364365;30.3342552;-0.0597856;-0.06108837;-0.06897342;-0.06265479;0.0021813
9556.12564086914;30.2766192;30.2748294;-0.05962708;-0.0599882;-0.2292482;-0.1645136;0.0017898
9557.18803405762;30.2084297;30.2084298;-0.06108333;-0.05941598;-0.2450545;-0.2898971;-0.0000001
9558.25042724609;30.1479375;30.1484079;-0.06001074;-0.05982713;-0.1731253;-0.193047;-0.0004704
9559.31282043457;30.0806289;30.0805182;-0.06009346;-0.0601772;-0.2768932;-0.2366677;0.0001107
9560.37521362305;30.0197998;30.0190658;-0.06090877;-0.06101431;-0.1317647;-0.2247268;0.0007340
9561.43760681152;29.9519780;29.9495668;-0.05964541;-0.06147354;-0.07403547;-0.07066532;0.0024112
9562.50095367432;29.8920000;29.8887105;-0.05963349;-0.06103038;-0.09210121;-0.05443552;0.0032895
9563.56334686279;29.8244904;29.8214168;-0.05958821;-0.06016937;-0.1223667;-0.1333014;0.0030736
9564.62574005127;29.7645630;29.7625870;-0.06020398;-0.05932029;-0.3081517;-0.2662379;0.0019760
9565.68813323975;29.6960000;29.6955914;-0.06020447;-0.05951768;-0.1541938;-0.2321199;0.0004086
9566.75052642822;29.6360000;29.6356888;-0.05996532;-0.05974292;-0.1932878;-0.213403;0.0003112
9567.8129196167;29.5685000;29.5685143;-0.06000159;-0.05973548;-0.1981367;-0.1830056;-0.0000143
9568.87531280518;29.5085000;29.5088501;-0.060039;-0.05968345;-0.2056682;-0.201719;-0.0003501
9569.93770599365;29.4410000;29.4414372;-0.06004871;-0.05983437;-0.1995304;-0.1803279;-0.0004372
9571.00009918213;29.3810171;29.3814749;-0.06000152;-0.05991141;-0.2057102;-0.2474247;-0.0004578
9572.06344604492;29.3133808;29.3139429;-0.06023613;-0.05999935;-0.1355757;-0.1820816;-0.0005621
9573.1258392334;29.2539307;29.2542190;-0.05888726;-0.059786;-0.157999;-0.1097865;-0.0002883
9574.18823242188;29.1870391;29.1876406;-0.06010868;-0.05938758;-0.24918;-0.254524;-0.0006015
9575.25062561035;29.1270000;29.1277976;-0.06008886;-0.05967226;-0.2150171;-0.1761647;-0.0007976
9576.31301879883;29.0595218;29.0596099;-0.06003553;-0.06030209;-0.1887912;-0.2115981;-0.0000881
9577.3754119873;28.9993711;28.9985151;-0.05979883;-0.06077369;-0.0433424;-0.1167206;0.0008560
9578.43780517578;28.9328169;28.9306254;-0.05888343;-0.0604216;-0.1538567;-0.1324196;0.0021915
9579.50019836426;28.8740474;28.8706035;-0.06267097;-0.06029818;-1.047881;-1.069702;0.0034439
9580.56259155273;28.8017285;28.7997932;-0.03440449;-0.06152853;6.830016;6.235991;0.0019353
9581.62593841553;28.8004876;28.7767262;-0.01284638;-0.0358086;-3.241255;-1.45853;0.0237614
9582.688331604;28.7390000;28.7555666;-0.03701247;-0.02669723;-1.726535;-1.852313;-0.0165666
9583.75072479248;28.6790000;28.7024588;-0.1264471;-0.04483094;-8.177256;-8.522761;-0.0234588
9584.81311798096;28.5510012;28.5775275;-0.07198413;-0.09031276;3.519642;3.076067;-0.0265263
9585.87551116943;28.4926498;28.4818024;-0.05757136;-0.09171867;1.644047;1.874166;0.0108474
9586.93790435791;28.4269727;28.4078331;-0.05511751;-0.07367617;0.2014408;0.7516516;0.0191396
9588.00029754639;28.3608828;28.3505530;-0.07466158;-0.06364292;2.474545;0.6454355;0.0103298
9589.06269073486;28.3252642;28.3026905;0.01103594;-0.04696619;2.091179;4.212256;0.0225737
9590.12508392334;28.3024519;28.2978625;-0.0581423;-0.02146192;-3.814777;-4.390998;0.0045894
9591.18843078613;28.2329297;28.2557220;-0.06262279;-0.03419339;-1.775143;-1.990174;-0.0227923
9592.25082397461;28.1734375;28.1918258;-0.06100711;-0.05295711;-0.7135904;-0.8209764;-0.0183883
9593.31321716309;28.1072539;28.1173200;-0.06022733;-0.06125721;-0.314241;-0.2853086;-0.0100661
9594.37561035156;28.0461374;28.0519933;-0.05912575;-0.0637662;0.8769682;0.719894;-0.0058559
9595.43800354004;27.9869795;27.9818983;-0.07386616;-0.06279703;-6.137152;-5.168885;0.0050812
9596.50039672852;27.8735532;27.8864712;-0.1119106;-0.08515141;2.166589;0.2509388;-0.0129180
9597.56278991699;27.7957226;27.7676792;-0.05052456;-0.09627362;2.375577;3.001765;0.0280434
9598.62518310547;27.7374380;27.6990146;-0.05514311;-0.07832199;1.243153;1.404313;0.0384234
9599.68757629395;27.6700000;27.6442380;-0.05629633;-0.05824722;0.2331305;0.3749734;0.0257620
9600.75092315674;27.6110000;27.6019783;-0.05841149;-0.04842907;-0.5461069;-0.5349312;0.0090217
9601.81331634521;27.5447652;27.5510163;-0.05854576;-0.04679397;-0.7452896;-0.7795897;-0.0062511
9602.87570953369;27.4866496;27.4982066;-0.06014084;-0.05077506;-0.758881;-0.771669;-0.0115570
9603.93810272217;27.4202500;27.4310918;-0.06020796;-0.05687447;-0.4046985;-0.4829684;-0.0108418
9605.00049591064;27.3612500;27.3683877;-0.05979526;-0.06035767;-0.1817448;-0.1406589;-0.0071377
9606.06288909912;27.2948968;27.2997231;-0.05951201;-0.06071356;-0.1489801;-0.157668;-0.0048263
9607.1252822876;27.2370432;27.2396416;-0.05794575;-0.0603701;-0.8055885;-0.5619112;-0.0025984
9608.18767547607;27.1622344;27.1679969;-0.06101704;-0.06290995;4.478644;2.345974;-0.0057625
9609.25006866455;27.1451875;27.1261544;0.006995624;-0.04744828;0.6945989;2.332441;0.0190331
9610.31341552734;27.1047410;27.1127434;-0.06256771;-0.0253246;-2.053025;-2.802437;-0.0080024
9611.37580871582;27.0526033;27.0726890;-0.06737397;-0.0355693;-6.98846;-6.473115;-0.0200857
9612.4382019043;26.9313872;26.9690366;-0.1138432;-0.07641919;1.351024;-1.027259;-0.0376494
9613.50059509277;26.8603696;26.8596024;-0.05366712;-0.09478062;2.332481;2.868791;0.0007672
9614.56298828125;26.7963021;26.7762751;-0.05610327;-0.07975824;1.09698;1.238906;0.0200270
9615.62538146973;26.7373229;26.7187566;-0.05659675;-0.06574349;0.5389096;0.5939373;0.0185663
9616.6877746582;26.6720000;26.6610594;-0.05786435;-0.05614174;-0.2141336;-0.1285743;0.0109406
9617.75016784668;26.6130000;26.6086073;-0.0578439;-0.05402515;-0.2412448;-0.3180504;0.0043927
9618.81256103516;26.5477993;26.5463800;-0.057475;-0.05504689;-0.2948416;-0.2917819;0.0014193
9619.87590789795;26.4896098;26.4890403;-0.05908726;-0.05651749;-0.3064629;-0.339258;0.0005695
9620.93830108643;26.4234624;26.4266343;-0.0584185;-0.05557431;-0.2802575;-0.2516676;-0.0031719
9622.0006942749;26.3654829;26.3735862;-0.05895233;-0.05404842;-0.4593825;-0.4325932;-0.0081033
9623.06308746338;26.3003692;26.3102860;-0.0589314;-0.05571533;-0.4760164;-0.4501166;-0.0099168
9624.12548065186;26.2418193;26.2499065;-0.06004591;-0.05874421;-0.2880101;-0.3370384;-0.0080872
9625.18787384033;26.1759609;26.1783809;-0.05822796;-0.06197654;0.01806111;0.01827645;-0.0024200
9626.25026702881;26.1180000;26.1158557;-0.05776108;-0.06223621;0.07264342;0.04517659;0.0021443
9627.31266021729;26.0527500;26.0479064;-0.05746034;-0.06084683;0.04314064;0.03260206;0.0048436
9628.37505340576;25.9947500;25.9904475;-0.05752062;-0.05870451;-0.07014927;-0.03078884;0.0043025
9629.43840026855;25.9295000;25.9276838;-0.05779764;-0.05674641;-0.2023664;-0.1899223;0.0018162
9630.50079345703;25.8724912;25.8715958;-0.06077003;-0.05645519;-1.116626;-1.093131;0.0008954
9631.56318664551;25.8020470;25.8051367;-0.02979119;-0.05755408;7.241202;6.905428;-0.0030897
9632.62557983398;25.8050577;25.7852883;-0.03736147;-0.03292127;-9.942142;-9.548655;0.0197694
9633.68797302246;25.6840000;25.7188887;-0.1003039;-0.05474221;1.58185;-1.077609;-0.0348887
9634.75036621094;25.6260000;25.6338925;0.003953966;-0.07145067;7.162874;7.674969;-0.0078925
9635.81275939941;25.6201845;25.6033749;-0.0475428;-0.03999272;-3.359795;-2.94954;0.0168096
9636.87515258789;25.5607007;25.5730958;-0.05974789;-0.03555304;-1.479906;-1.646649;-0.0123951
9637.93849945068;25.4948115;25.5117626;-0.06153969;-0.04881638;-0.2905544;-0.7904326;-0.0169511
9639.00089263916;25.4446777;25.4493565;-0.03940672;-0.05705727;-3.057057;-0.890631;-0.0046788
9640.06328582764;25.3405447;25.3601284;-0.1369677;-0.07462196;1.994303;-2.426604;-0.0195837
9641.12567901611;25.2876704;25.2678008;0.02036388;-0.0824093;2.182954;4.774552;0.0198696
9642.18807220459;25.2219844;25.2107591;-0.1209576;-0.06360341;-2.999715;-5.150773;0.0112253
9643.25046539307;25.1266406;25.1190276;-0.05611011;-0.08127794;6.869762;6.554532;0.0076130
9644.31285858154;25.1124168;25.0651450;0.004623023;-0.05504466;0.2656257;2.480879;0.0472718
9645.37525177002;25.0734926;25.0540585;-0.05985162;-0.0287928;-2.222812;-2.743824;0.0194341
9646.4376449585;25.0072109;25.0125141;-0.05745545;-0.03548022;-1.262914;-1.332599;-0.0053032
9647.50099182129;24.9493818;24.9589295;-0.05550649;-0.04697562;-0.0001404969;-0.05288756;-0.0095477
9648.56338500977;24.8887996;24.8928280;-0.0823603;-0.05528347;-6.805921;-6.333504;-0.0040284
9649.62577819824;24.7758160;24.7998447;-0.1014656;-0.08012088;2.880585;1.191256;-0.0240287
9650.68817138672;24.7070000;24.6960134;-0.0557759;-0.08601483;1.494214;2.072921;0.0109866
9651.7505645752;24.6500000;24.6321172;-0.05500754;-0.07182047;0.8781965;0.9328576;0.0178828
9652.81295776367;24.5858750;24.5732279;-0.05559089;-0.05868254;0.1473412;0.2569822;0.0126471
9653.87535095215;24.5288750;24.5245905;-0.05652263;-0.05251976;-0.2785544;-0.2571241;0.0042845
9654.93774414063;24.4647500;24.4671912;-0.05727199;-0.05175845;-0.4116595;-0.4422409;-0.0024412
9656.0001373291;24.4077500;24.4125337;-0.05753298;-0.05370375;-0.3483936;-0.3535847;-0.0047837
9657.06348419189;24.3448687;24.3494124;-0.05604042;-0.05524301;-0.983539;-0.5944658;-0.0045437
9658.12587738037;24.2798541;24.2922516;-0.06824522;-0.05663457;2.983323;1.189438;-0.0123975
9659.18827056885;24.2535391;24.2476673;0.005362553;-0.0423841;1.271817;3.182565;0.0058718
9660.25066375732;24.2328906;24.2429585;-0.05703841;-0.01993485;-7.817438;-7.645003;-0.0100679
9661.3130569458;24.1193651;24.1725654;-0.1193542;-0.05287756;-0.9835895;-3.096602;-0.0532003
9662.37545013428;24.0442793;24.0650983;-0.05432839;-0.0857292;1.904121;2.394864;-0.0208190
9663.43784332275;23.9821660;23.9735455;-0.05586244;-0.08124439;1.260554;1.315681;0.0086205
9664.50023651123;23.9260840;23.9128680;-0.05470458;-0.06811249;0.5323927;0.6497836;0.0132160
9665.56262969971;23.8620729;23.8546939;-0.05584322;-0.05723054;0.05032695;0.08647809;0.0073790
9666.6259765625;23.8060521;23.8046260;-0.05617574;-0.05290692;-0.4138086;-0.3678111;0.0014261
9667.68836975098;23.7420000;23.7446637;-0.05663011;-0.05336635;-0.2874337;-0.3689366;-0.0026637
9668.75076293945;23.6860000;23.6880989;-0.05581718;-0.05538452;-0.2215481;-0.1214423;-0.0020989
9669.81315612793;23.6228598;23.6234874;-0.05722064;-0.05670876;-0.2331392;-0.3002837;-0.0006276
9670.87554931641;23.5659754;23.5669226;-0.05625234;-0.05653478;-0.1123956;-0.1010841;-0.0009472
9671.93794250488;23.5030000;23.5058875;-0.05632172;-0.05491256;-0.2673415;-0.2212851;-0.0028875
9673.00033569336;23.4470000;23.4518857;-0.05654435;-0.05439066;-0.3254647;-0.2967201;-0.0048857
9674.06272888184;23.3840000;23.3893604;-0.05659724;-0.05527525;-0.2918754;-0.3009699;-0.0053604
9675.12512207031;23.3280000;23.3319015;-0.05643469;-0.05665599;-0.204639;-0.2465021;-0.0039015
9676.18846893311;23.2650000;23.2662768;-0.05614226;-0.0577671;-0.1133017;-0.09205857;-0.0012768
9677.25086212158;23.2090000;23.2086391;-0.05595979;-0.05761122;-0.09850154;-0.1998943;0.0003609
9678.31325531006;23.1460000;23.1448621;-0.05587322;-0.05691307;-0.1224283;-0.1621886;0.0011379
9679.37564849854;23.0900000;23.0890722;-0.05589662;-0.05620379;-0.160773;-0.1635967;0.0009278
9680.43804168701;23.0270171;23.0265469;-0.05599709;-0.05583198;-0.2009497;-0.2305056;0.0004702
9681.50043487549;22.9708940;22.9705782;-0.05570178;-0.05593053;-0.07721497;-0.1204562;0.0003158
9682.56282806396;22.9089175;22.9078741;-0.05514904;-0.05576087;-0.2183425;-0.1796329;0.0010434
9683.62522125244;22.8530205;22.8521437;-0.05606116;-0.05577116;-0.1994335;-0.1586515;0.0008768
9684.68761444092;22.7900000;22.7887840;-0.05469784;-0.0561301;-0.0413494;-0.03096108;0.0012160
9685.75096130371;22.7350000;22.7335305;-0.05133627;-0.05557973;-0.2865175;-0.1961722;0.0014695
9686.81335449219;22.6693767;22.6700515;-0.07546873;-0.05642184;0.8213072;-0.8045342;-0.0006748
9687.87574768066;22.6248835;22.6181359;0.00940805;-0.05226008;4.811467;6.430538;0.0067476
9688.93814086914;22.6120322;22.6068706;-0.05201345;-0.02349389;-3.763891;-4.53649;0.0051616
9690.00053405762;22.5532554;22.5765915;-0.06043599;-0.02931681;-1.244011;-1.685083;-0.0233361
9691.06292724609;22.4990486;22.5157351;-0.04714302;-0.04612274;-4.132048;-2.025704;-0.0166865
9692.12532043457;22.4132561;22.4368186;-0.1217373;-0.06846329;-2.262201;-3.7767;-0.0235625
9693.18771362305;22.3173125;22.3141522;-0.05231455;-0.09380238;3.097072;3.744034;0.0031603
9694.25010681152;22.2645000;22.2397656;-0.05224415;-0.08042604;1.445243;1.575769;0.0247344
9695.31345367432;22.2038251;22.1798629;-0.05374458;-0.06197348;-0.3405953;-0.02456286;0.0239622
9696.37584686279;22.1405335;22.1300931;-0.04801807;-0.05458193;5.028076;4.121784;0.0104404
9697.43824005127;22.1306792;22.1053571;-0.004196906;-0.03034036;-2.18803;0.149091;0.0253221
9698.50063323975;22.0869585;22.0954628;-0.06067409;-0.01941221;-2.643417;-3.144264;-0.0085043
9699.56302642822;22.0238750;22.0455141;-0.05741097;-0.03726518;-1.369128;-1.524562;-0.0216391
9700.6254196167;21.9683463;21.9860882;-0.05316328;-0.05077115;0.1154072;0.1316228;-0.0177419
9701.68781280518;21.9070000;21.9185562;-0.1162876;-0.05799954;-6.623432;-6.699764;-0.0115562
9702.75020599365;21.7970000;21.8173475;-0.06993373;-0.08603162;3.93934;2.84844;-0.0203475
9703.81259918213;21.7361592;21.7130990;-0.05221454;-0.08809944;1.769808;2.037389;0.0230602
9704.87594604492;21.6810757;21.6514082;-0.05206138;-0.07106172;1.079143;1.211542;0.0296675
9705.9383392334;21.6195527;21.5989561;-0.05148643;-0.05453251;0.1717391;0.3562476;0.0205966
9707.00073242188;21.5661372;21.5575905;-0.05154515;-0.04649256;-0.9731974;-0.6384769;0.0085467
9708.06312561035;21.4960730;21.5038271;-0.0656504;-0.04809841;3.313293;0.6143257;-0.0077541
9709.12551879883;21.4795619;21.4673490;0.01872564;-0.03875055;-1.606976;1.353909;0.0122129
9710.1879119873;21.4137188;21.4406461;-0.1188335;-0.03249316;-3.953351;-6.160552;-0.0269273
9711.25030517578;21.3319844;21.3606567;-0.05486127;-0.06210377;1.036945;1.543411;-0.0286723
9712.31269836426;21.2725498;21.2839455;-0.05626023;-0.06520701;0.2368977;0.1928052;-0.0113957
9713.37509155273;21.2182181;21.2236256;-0.05453185;-0.0620138;0.1664736;0.2009319;-0.0054075
9714.43843841553;21.1575000;21.1591930;-0.05418863;-0.05882571;0.03601673;0.01054318;-0.0016930
9715.500831604;21.1035000;21.1028070;-0.05392278;-0.05732748;-0.007448865;0.07832262;0.0006930
9716.56322479248;21.0427500;21.0397453;-0.05366522;-0.05648876;-0.01607272;0.005063686;0.0030047
9717.62561798096;20.9887500;20.9843130;-0.05350564;-0.05579418;-0.02826446;-0.04681718;0.0044370
9718.68801116943;20.9280000;20.9239335;-0.05354692;-0.05430385;-0.1055657;-0.07425286;0.0040665
9719.75040435791;20.8740000;20.8726139;-0.05376223;-0.05239137;-0.2396097;-0.2164502;0.0013861
9720.81279754639;20.8132007;20.8157510;-0.05465101;-0.0512166;-0.3388107;-0.3701588;-0.0025503
9721.87519073486;20.7593902;20.7637758;-0.05333791;-0.05173334;-0.2655731;-0.26739;-0.0043856
9722.93758392334;20.6995547;20.7033367;-0.0543068;-0.05315517;-0.3257794;-0.3917242;-0.0037820
9724.00093078613;20.6454097;20.6474871;-0.05451531;-0.05486871;-0.1329298;-0.2376684;-0.0020774
9725.06332397461;20.5852025;20.5840678;-0.052703;-0.05583329;-0.04617982;-0.0167964;0.0011347
9726.12571716309;20.5316725;20.5293507;-0.05391188;-0.05511015;-0.0670183;-0.09399652;0.0023218
9727.18811035156;20.4715937;20.4693289;-0.05266432;-0.05382166;-0.1542336;-0.09558392;0.0022648
9728.25050354004;20.4179297;20.4178900;-0.05407891;-0.05232392;-0.2280318;-0.3216226;0.0000397
9729.31289672852;20.3578213;20.3598351;-0.05312802;-0.05185523;-0.2296351;-0.2288382;-0.0020138
9730.37528991699;20.3050039;20.3081579;-0.0534572;-0.05178173;-0.3757813;-0.3705411;-0.0031540
9731.43768310547;20.2444331;20.2479572;-0.05426504;-0.05304706;-0.2067523;-0.2300502;-0.0035241
9732.50007629395;20.1912280;20.1926441;-0.05307184;-0.05444104;-0.1182916;-0.1356524;-0.0014161
9733.56342315674;20.1316250;20.1307745;-0.05290524;-0.05482002;-0.07751144;-0.08513921;0.0008505
9734.62581634521;20.0786250;20.0762958;-0.05274048;-0.05456244;-0.0684778;-0.08052206;0.0023292
9735.68820953369;20.0190000;20.0159163;-0.05265642;-0.05388365;-0.08989277;-0.08171585;0.0030837
9736.75060272217;19.9660000;19.9632258;-0.0526909;-0.05314441;-0.1296003;-0.1443535;0.0027742
9737.81299591064;19.9063750;19.9046941;-0.05281271;-0.05246593;-0.1776911;-0.1799566;0.0016809
9738.87538909912;19.8538845;19.8527188;-0.04919531;-0.05220039;-0.4911836;-0.224236;0.0011657
9739.9377822876;19.7889795;19.7915048;-0.06827615;-0.05403579;1.843657;-0.2889735;-0.0025253
9741.00017547607;19.7557988;19.7442980;0.009968891;-0.04819739;3.335863;4.835939;0.0115008
9742.06256866455;19.7356288;19.7332115;-0.05276778;-0.02269698;-2.551517;-3.494664;0.0024173
9743.12591552734;19.6883636;19.7039456;-0.04571104;-0.02789561;-4.721519;-3.472219;-0.0155820
9744.18830871582;19.5928672;19.6258635;-0.1130097;-0.05876502;-1.429546;-3.402928;-0.0329963
9745.2507019043;19.5153359;19.5210786;-0.05151483;-0.08601432;2.670344;3.167551;-0.0057427
9746.31309509277;19.4585970;19.4404931;-0.05001806;-0.07485963;1.157715;1.357983;0.0181039
9747.37548828125;19.4057998;19.3883986;-0.05105175;-0.06052428;0.5067421;0.5261737;0.0174012
9748.43788146973;19.3478667;19.3368406;-0.05325848;-0.05088111;-0.8494428;-0.7915416;0.0110261
9749.5002746582;19.2894732;19.2878456;-0.03809209;-0.04980107;5.242264;4.718874;0.0016276
9750.56266784668;19.2842736;19.2665667;-0.01224687;-0.026987;-3.272194;-1.144087;0.0177069
9751.62506103516;19.2361490;19.2513675;-0.05908525;-0.02141918;-2.115918;-2.583197;-0.0152185
9752.68840789795;19.1770000;19.1987366;-0.05875517;-0.03913418;-1.083484;-1.258886;-0.0217366
9753.75080108643;19.1250000;19.1416354;-0.03218681;-0.04989831;-0.1474874;0.1947826;-0.0166354
9754.8131942749;19.0592113;19.0737457;-0.1134566;-0.05832113;-4.841366;-6.47797;-0.0145344
9755.87558746338;18.9617224;18.9731331;-0.0573;-0.08521099;3.280852;3.775158;-0.0114107
9756.93798065186;18.8984312;18.8753218;-0.06670905;-0.08452632;4.244074;2.050791;0.0231094
9758.00037384033;18.8723491;18.8272209;0.03087963;-0.05946646;1.907856;4.637836;0.0451282
9759.06276702881;18.8195038;18.8112468;-0.1183375;-0.03220178;-1.75121;-5.112848;0.0082570
9760.12516021729;18.7616588;18.7607617;0.006171566;-0.04262377;3.784953;4.982694;0.0008971
9761.18850708008;18.7448047;18.7426419;-0.05180069;-0.02482786;-6.57764;-6.01218;0.0021628
9762.25090026855;18.6549375;18.6869116;-0.1108125;-0.04687541;-1.908933;-3.297642;-0.0319741
9763.31329345703;18.5727664;18.5821862;-0.04936691;-0.07629102;1.856218;2.493295;-0.0094198
9764.37568664551;18.5230713;18.5175152;-0.0502846;-0.06825753;0.8316727;0.9041753;0.0055561
9765.43807983398;18.4658560;18.4601159;-0.05062347;-0.05654897;0.1040154;0.2838665;0.0057401
9766.50047302246;18.4139331;18.4121341;-0.05167196;-0.05130476;-0.09062306;-0.11448;0.0017990
9767.56286621094;18.3563641;18.3567614;-0.05095474;-0.05005882;-0.2010856;-0.1894843;-0.0003973
9768.62525939941;18.3053750;18.3057995;-0.05104729;-0.05069366;-0.1738753;-0.1557041;-0.0004245
9769.68765258789;18.2480000;18.2472081;-0.05091177;-0.05157034;-0.111691;-0.09026099;0.0007919
9770.75099945068;18.1970000;18.1967230;-0.05096913;-0.05068283;-0.1635652;-0.1466447;0.0002770
9771.81339263916;18.1396250;18.1438536;-0.05147114;-0.04815464;-0.3579902;-0.3475046;-0.0042286
9772.87578582764;18.0886250;18.0955143;-0.05176758;-0.04840684;-0.3873909;-0.3820189;-0.0068893
9773.93817901611;18.0312500;18.0376382;-0.05171175;-0.05061198;-0.2740971;-0.3213044;-0.0063882
9775.00057220459;17.9802671;17.9833383;-0.05129271;-0.0529401;-0.1218164;-0.1451578;-0.0030712
9776.06296539307;17.9227558;17.9214687;-0.05103009;-0.05426568;0.07414221;0.04870976;0.0012871
9777.12535858154;17.8723057;17.8679437;-0.04936913;-0.05370203;0.07604756;0.1497928;0.0043620
9778.18775177002;17.8155625;17.8110213;-0.05053569;-0.0515174;-0.1093239;-0.09472301;0.0045412
9779.2501449585;17.7643672;17.7618475;-0.05076092;-0.05001419;-0.09778725;-0.1179157;0.0025197
9780.31349182129;17.7078470;17.7077265;-0.05002173;-0.04871685;-0.2896177;-0.2245627;0.0001205
9781.37588500977;17.6570498;17.6593275;-0.05124433;-0.04860865;-0.2531157;-0.2314351;-0.0022777
9782.43827819824;17.6004609;17.6032991;-0.05018081;-0.04946876;-0.195142;-0.2346379;-0.0028382
9783.50067138672;17.5506060;17.5529332;-0.05052231;-0.05005376;-0.2910082;-0.2422545;-0.0023272
9784.5630645752;17.4933325;17.4952955;-0.05095341;-0.05087855;-0.1023958;-0.1638685;-0.0019630
9785.62545776367;17.4432391;17.4440355;-0.04999921;-0.05104292;-0.112319;-0.1279896;-0.0007964
9786.68785095215;17.3870000;17.3874707;-0.05005244;-0.050493;-0.1408024;-0.08011007;-0.0004707
9787.75024414063;17.3370000;17.3379988;-0.05011128;-0.04985583;-0.1814226;-0.16093;-0.0009988
9788.8126373291;17.2807500;17.2826261;-0.05020903;-0.04945065;-0.2158699;-0.2417161;-0.0018761
9789.87598419189;17.2307596;17.2329159;-0.05017091;-0.04964359;-0.2172191;-0.1992436;-0.0021563
9790.93837738037;17.1744097;17.1764703;-0.05051344;-0.05002534;-0.1549134;-0.1796098;-0.0020606
9792.00077056885;17.1256401;17.1259255;-0.04638857;-0.05029338;-0.5609645;-0.2334572;-0.0002854
9793.06316375732;17.0622639;17.0667381;-0.06043079;-0.05217048;3.36936;0.9606224;-0.0044742
9794.1255569458;17.0466241;17.0289488;0.0177138;-0.04118562;-1.057016;1.63122;0.0176753
9795.18795013428;16.9870312;17.0031996;-0.1069681;-0.03229783;-3.44773;-5.482146;-0.0161684
9796.25034332275;16.9119531;16.9298262;-0.04999137;-0.05808153;1.187022;1.605284;-0.0178731
9797.31273651123;16.8584720;16.8565125;-0.04881683;-0.06176189;0.431133;0.5139626;0.0019595
9798.37512969971;16.8086530;16.8026299;-0.04929376;-0.0565968;0.3203279;0.3383554;0.0060231
9799.4384765625;16.7533340;16.7485685;-0.04864612;-0.0507453;-0.1029605;0.04873833;0.0047655
9800.50086975098;16.7034331;16.7024941;-0.04976777;-0.04798367;-0.1801441;-0.2104821;0.0009390
9801.56326293945;16.6485851;16.6485519;-0.05230424;-0.04815497;-0.8730366;-0.9915822;0.0000332
9802.62565612793;16.5960371;16.5970535;-0.02832972;-0.04990075;5.520131;5.215711;-0.0010164
9803.68804931641;16.5930000;16.5779800;-0.03507651;-0.02605039;-3.543117;-1.934184;0.0150200
9804.75044250488;16.5440000;16.5598602;-0.0507671;-0.02268632;-1.723906;-2.127392;-0.0158602
9805.81283569336;16.4884040;16.5083618;-0.0546211;-0.03879479;-0.7042365;-1.062578;-0.0199578
9806.87522888184;16.4427640;16.4529891;-0.02876556;-0.04885861;-1.392926;0.09648753;-0.0102251
9807.93762207031;16.3663442;16.3817019;-0.1218648;-0.06052408;-1.25793;-4.970407;-0.0153577
9809.00096893311;16.2979766;16.2916989;0.003095282;-0.07716379;6.893829;7.995211;0.0062777
9810.06336212158;16.2889581;16.2561149;-0.03552494;-0.04485378;-4.195713;-2.627601;0.0328432
9811.12575531006;16.2114435;16.2142725;-0.1055837;-0.04559546;-2.463005;-3.802315;-0.0028290
9812.18814849854;16.1271797;16.1208720;-0.04517221;-0.07018992;2.135109;2.729594;0.0063077
9813.25054168701;16.0804297;16.0567970;-0.04645023;-0.06537606;1.055462;1.092236;0.0236327
9814.31293487549;16.0259463;16.0036893;-0.04542382;-0.05275764;0.4654657;0.5654821;0.0222570
9815.37532806396;15.9781289;15.9659595;-0.0467499;-0.04338506;-0.2655;-0.1924835;0.0121694
9816.43772125244;15.9231831;15.9242363;-0.04898974;-0.03946536;-0.5344062;-0.5174651;-0.0010532
9817.50011444092;15.8749780;15.8825130;-0.04875359;-0.04103018;-0.5599039;-0.546112;-0.0075350
9818.56346130371;15.8210000;15.8300609;-0.04900954;-0.04493119;-0.4002048;-0.4385723;-0.0090609
9819.62585449219;15.7730000;15.7806487;-0.0488522;-0.04774606;-0.2434101;-0.2219513;-0.0076487
9820.68824768066;15.7190000;15.7243223;-0.048593;-0.04924362;-0.1401096;-0.1184854;-0.0053223
9821.75064086914;15.6710000;15.6751485;-0.04846221;-0.0491633;-0.1315939;-0.04710378;-0.0041485
9822.81303405762;15.6170096;15.6208486;-0.04835839;-0.04851982;-0.1693636;-0.1507453;-0.0038390
9823.87542724609;15.5689507;15.5726285;-0.04877663;-0.04832744;-0.1584986;-0.1957797;-0.0036778
9824.93782043457;15.5152856;15.5181498;-0.04714985;-0.04836687;-0.09715812;-0.04079157;-0.0028642
9826.00021362305;15.4680547;15.4705257;-0.04816073;-0.04791433;-0.2297905;-0.2015364;-0.0024710
9827.06260681152;15.4138808;15.4166431;-0.04848127;-0.04794043;-0.1311134;-0.1906539;-0.0027623
9828.12595367432;15.3664525;15.3687210;-0.04708217;-0.04789406;-0.1561537;-0.09375541;-0.0022685
9829.18834686279;15.3129297;15.3156728;-0.04838896;-0.04742874;-0.180734;-0.1943835;-0.0027431
9830.25074005127;15.2654609;15.2681083;-0.0472533;-0.04747538;-0.1360018;-0.1012131;-0.0026474
9831.31313323975;15.2126032;15.2150006;-0.04724139;-0.04725688;-0.1533575;-0.1592414;-0.0023974
9832.37552642822;15.1657539;15.1680917;-0.04736626;-0.04705734;-0.2724078;-0.2673036;-0.0023378
9833.4379196167;15.1119331;15.1145072;-0.04815919;-0.047521;-0.1416054;-0.1577054;-0.0025741
9834.50031280518;15.0647280;15.0664062;-0.04710104;-0.04785903;-0.1239086;-0.1181949;-0.0016782
9835.56270599365;15.0118750;15.0127620;-0.04709883;-0.04769275;-0.1326267;-0.1103483;-0.0008870
9836.62509918213;14.9648750;14.9653763;-0.04705585;-0.04749735;-0.1377639;-0.1136726;-0.0005013
9837.68844604492;14.9120000;14.9122090;-0.04743995;-0.04736183;-0.1481554;-0.1460816;-0.0002090
9838.7508392334;14.8650000;14.8648233;-0.04589697;-0.04733326;-0.02022827;-0.04541215;0.0001767
9839.81323242188;14.8131592;14.8127289;-0.04673591;-0.04657969;-0.2200647;-0.1648747;0.0004303
9840.87562561035;14.7660757;14.7664160;-0.04740477;-0.04640787;-0.1750396;-0.203294;-0.0003403
9841.93801879883;14.7135527;14.7140832;-0.04584035;-0.04643459;-0.1352397;-0.07607796;-0.0005305
9843.0004119873;14.6671973;14.6684260;-0.04735564;-0.04596545;-0.2257755;-0.2601206;-0.0012287
9844.06280517578;14.6148275;14.6171064;-0.04608333;-0.04573521;-0.2250106;-0.1614568;-0.0022789
9845.12519836426;14.5693230;14.5713896;-0.04619217;-0.04575368;-0.8127863;-0.6109748;-0.0020666
9846.18759155273;14.5087500;14.5159573;-0.04867802;-0.0483659;4.081016;2.195386;-0.0072073
9847.25093841553;14.5024766;14.4867511;0.007543763;-0.03442342;-3.176879;-0.3564628;0.0157255
9848.313331604;14.4328064;14.4575448;-0.09856194;-0.03261018;-1.895087;-4.070782;-0.0247384
9849.37572479248;14.3697511;14.3853636;-0.04441952;-0.05685841;0.9337495;1.332932;-0.0156125
9850.43811798096;14.3195000;14.3175931;-0.04578754;-0.0581709;0.4697762;0.5071824;0.0019069
9851.50051116943;14.2735171;14.2684192;-0.04548148;-0.05230871;0.2029672;0.2371245;0.0050979
9852.56290435791;14.2216870;14.2193646;-0.04531709;-0.04639483;-0.004212262;-0.03515926;0.0023224
9853.62529754639;14.1766675;14.1772241;-0.04532731;-0.04383272;-0.3285517;-0.3064158;-0.0005566
9854.68769073486;14.1250000;14.1276927;-0.04621667;-0.04416948;-0.3059948;-0.3267103;-0.0026927
9855.75008392334;14.0790000;14.0805454;-0.04658885;-0.04608439;-0.2001228;-0.2257668;-0.0015454
9856.81343078613;14.0273998;14.0264244;-0.04467127;-0.0473727;-0.005692787;0.006362819;0.0009754
9857.87582397461;13.9822252;13.9801712;-0.04599119;-0.04662675;-0.1404335;-0.1618816;0.0020540
9858.93821716309;13.9308027;13.9299245;-0.0446834;-0.04527437;-0.1401912;-0.08729909;0.0008782
9860.00061035156;13.8854644;13.8858766;-0.0462152;-0.04453642;-0.261349;-0.2691606;-0.0004122
9861.06300354004;13.8340833;13.8349147;-0.04509556;-0.0450743;-0.1438149;-0.1341933;-0.0008314
9862.12539672852;13.7891250;13.7891979;-0.04500812;-0.04546513;-0.1431514;-0.1353227;-0.0000729
9863.18778991699;13.7385000;13.7375803;-0.04489753;-0.04573;-0.1152174;-0.1279748;0.0009197
9864.25018310547;13.6935000;13.6922211;-0.04485751;-0.04547754;-0.1221187;-0.1276107;0.0012789
9865.31257629395;13.6428750;13.6420936;-0.04491294;-0.04483078;-0.1611753;-0.1390527;0.0007814
9866.37592315674;13.5978750;13.5981054;-0.04502567;-0.04430113;-0.2022607;-0.2777469;-0.0002304
9867.43831634521;13.5472500;13.5488720;-0.04518072;-0.04397042;-0.2396703;-0.2659613;-0.0016220
9868.50070953369;13.5022500;13.5047049;-0.04527352;-0.04410072;-0.246446;-0.1967867;-0.0024549
9869.56310272217;13.4516346;13.4539218;-0.04532417;-0.04481421;-0.2235892;-0.2294151;-0.0022872
9870.62549591064;13.4065620;13.4082050;-0.0447589;-0.04539756;-0.05732702;-0.05949362;-0.0016430
9871.68788909912;13.3570000;13.3573622;-0.04520702;-0.0452198;-0.2213519;-0.1911112;-0.0003622
9872.7502822876;13.3120000;13.3125396;-0.04389345;-0.0449803;-0.06389211;-0.09085025;-0.0005396
9873.81267547607;13.2623598;13.2627101;-0.04518974;-0.04449831;-0.2346064;-0.218055;-0.0003503
9874.87506866455;13.2174754;13.2182450;-0.04423255;-0.04447557;-0.1074601;-0.09355998;-0.0007696
9875.93841552734;13.1679829;13.1685943;-0.0441176;-0.04423293;-0.1518548;-0.1587732;-0.0006114
9877.00080871582;13.1240903;13.1250829;-0.04382674;-0.04378625;-0.2281045;-0.138251;-0.0009926
9878.0632019043;13.0740693;13.0753131;-0.04528343;-0.04414741;-0.2194166;-0.2660477;-0.0012438
9879.12559509277;13.0294583;13.0298347;-0.04404487;-0.04499063;-0.09210322;-0.1015729;-0.0003764
9880.18798828125;12.9800234;12.9792304;-0.04391164;-0.04494388;-0.1219755;-0.119018;0.0007930
9881.25038146973;12.9358672;12.9346461;-0.04390561;-0.04469078;-0.03711334;-0.06092729;0.0012211
9882.3127746582;12.8872002;12.8854723;-0.04281691;-0.04396841;-0.1428811;-0.09148731;0.0017279
9883.37516784668;12.8435319;12.8424973;-0.04395536;-0.04336072;-0.1979057;-0.2385583;0.0010346
9884.43756103516;12.7940171;12.7937407;-0.04401868;-0.04338888;-0.2054445;-0.1948903;0.0002764
9885.50090789795;12.7498940;12.7500505;-0.04375441;-0.04358285;-0.08101476;-0.07854876;-0.0001565
9886.56330108643;12.7014271;12.7015323;-0.04334635;-0.0432252;-0.2557397;-0.2094095;-0.0001052
9887.6256942749;12.6574575;12.6586170;-0.04386389;-0.04305967;-0.1305939;-0.1575724;-0.0011595
9888.68808746338;12.6090000;12.6102776;-0.04272568;-0.04299477;-0.167637;-0.1402548;-0.0012776
9889.75048065186;12.5660000;12.5676007;-0.04426168;-0.04281406;-0.3065567;-0.3198854;-0.0016007
9890.81287384033;12.5166004;12.5184269;-0.04335031;-0.04343949;-0.1196904;-0.08445979;-0.0018265
9891.87526702881;12.4736250;12.4749751;-0.04315042;-0.04343972;-0.1573331;-0.1829128;-0.0013501
9892.93766021729;12.4252500;12.4267549;-0.04316767;-0.04306374;-0.1800877;-0.170579;-0.0015049
9894.00100708008;12.3822500;12.3838992;-0.04318375;-0.04294551;-0.1894933;-0.2140246;-0.0016492
9895.06340026855;12.3338750;12.3357982;-0.04321428;-0.04282297;-0.2013029;-0.2014269;-0.0019232
9896.12579345703;12.2908968;12.2925253;-0.04315573;-0.0430971;-0.1971121;-0.1800074;-0.0016285
9897.18818664551;12.2423672;12.2436495;-0.04318453;-0.04334095;-0.09231944;-0.1427804;-0.0012823
9898.25057983398;12.2010781;12.2004957;-0.04185177;-0.04318009;-0.757229;-0.5509041;0.0005824
9899.31297302246;12.1466126;12.1492357;-0.03881374;-0.0449202;3.837885;2.515326;-0.0026231
9900.37536621094;12.1392565;12.1237249;0.001298855;-0.03111858;-0.6136233;0.7799547;0.0155316
9901.43775939941;12.1038711;12.1132941;-0.04540405;-0.01802286;-1.261307;-1.826539;-0.0094230
9902.50015258789;12.0660342;12.0815844;-0.05495653;-0.02735792;-5.646813;-5.282754;-0.0155502
9903.56349945068;11.9747970;11.9996280;-0.07635873;-0.05976661;2.012906;0.2387571;-0.0248310
9904.62589263916;11.9287719;11.9207115;-0.0371833;-0.0699719;1.557724;1.95978;0.0080604
9905.68828582764;11.8820000;11.8628950;-0.0409547;-0.05677617;0.7322885;0.8409685;0.0191050
9906.75067901611;11.8390000;11.8229599;-0.03696285;-0.0462307;0.2940956;0.358806;0.0160401
9907.81307220459;11.7896774;11.7808194;-0.05642126;-0.04063747;0.5787315;-0.6358786;0.0088580
9908.87546539307;11.7556466;11.7452354;0.007559406;-0.03664933;3.57604;4.809789;0.0104112
9909.93785858154;11.7459888;11.7382021;-0.0386819;-0.01591972;-2.84244;-3.343562;0.0077867
9911.00025177002;11.7027856;11.7175193;-0.04247232;-0.02005328;-1.396208;-1.460455;-0.0147337
9912.0626449585;11.6562917;11.6724581;-0.04379829;-0.0338246;-0.8240054;-0.9773864;-0.0161664
9913.12599182129;11.6133554;11.6269202;-0.04456572;-0.04103611;0.1114516;-0.1212493;-0.0135648
9914.18838500977;11.5724688;11.5766139;-0.0407535;-0.0432524;-3.307403;-1.760046;-0.0041451
9915.25077819824;11.5015078;11.5161748;-0.08809248;-0.05555514;-0.4613486;-1.768053;-0.0146670
9916.31317138672;11.4360138;11.4248008;-0.03675816;-0.07142104;2.246897;2.694341;0.0112130
9917.3755645752;11.3965039;11.3701434;-0.03816877;-0.06005433;1.097703;1.235948;0.0263605
9918.43795776367;11.3494331;11.3293142;-0.0396308;-0.04381453;0.3148053;0.4359919;0.0201189
9919.50035095215;11.3082280;11.2999887;-0.03999606;-0.03488488;-0.3077599;-0.2927853;0.0082393
9920.56274414063;11.2621250;11.2655968;-0.04138682;-0.03235911;-0.6102749;-0.6103068;-0.0034718
9921.6251373291;11.2211250;11.2293572;-0.04191721;-0.03498887;-0.5480193;-0.5435917;-0.0082322
9922.68848419189;11.1750000;11.1829252;-0.03846634;-0.03930419;-0.3668047;-0.3634708;-0.0079252
9923.75087738037;11.1340000;11.1388178;-0.05853679;-0.04239075;-0.4311525;-0.7600787;-0.0048178
9924.81327056885;11.0931784;11.0917897;0.003124454;-0.04082847;3.871246;4.866397;0.0013887
9925.87566375732;11.0910552;11.0836835;-0.01789806;-0.01967471;-3.457006;-2.363654;0.0073717
9926.9380569458;11.0309858;11.0568614;-0.09204184;-0.02570654;-4.036944;-5.849479;-0.0258756
9928.00045013428;10.9595112;10.9816403;-0.04491609;-0.05696474;1.885973;2.18541;-0.0221291
9929.06284332275;10.9155693;10.9071941;-0.04021171;-0.0615105;1.011316;1.069041;0.0083752
9930.12523651123;10.8749365;10.8605237;-0.0384228;-0.05180673;0.6955148;0.7512501;0.0144128
9931.18762969971;10.8301328;10.8199925;-0.03882853;-0.04103969;-0.02168568;0.1261558;0.0101403
9932.2509765625;10.7894297;10.7866735;-0.04077624;-0.03639638;-0.301823;-0.3260659;0.0027562
9933.31336975098;10.7439681;10.7457847;-0.04013176;-0.03657058;-0.3204996;-0.2702785;-0.0018166
9934.37576293945;10.7040000;10.7063265;-0.04025921;-0.03843276;-0.2507296;-0.2499195;-0.0023265
9935.43815612793;10.6590000;10.6602521;-0.0401395;-0.04010655;-0.1517038;-0.1294408;-0.0012521
9936.50054931641;10.6190000;10.6197805;-0.04008696;-0.04026095;-0.1379113;-0.1440653;-0.0007805
9937.56294250488;10.5740096;10.5762095;-0.04031444;-0.03911816;-0.2312633;-0.193672;-0.0021999
9938.62533569336;10.5339370;10.5383606;-0.04006871;-0.03834153;-0.1760179;-0.205399;-0.0044236
9939.68772888184;10.4900000;10.4956240;-0.04079328;-0.0381516;-0.3794873;-0.3569406;-0.0056240
9940.75012207031;10.4500000;10.4560466;-0.03950703;-0.03914628;-0.1670129;-0.1883927;-0.0060466
9941.81346893311;10.4059752;10.4100914;-0.04067867;-0.04031659;-0.2276377;-0.2637242;-0.0041162
9942.87586212158;10.3661498;10.3684873;-0.03904039;-0.04111822;-0.05118568;-0.04550863;-0.0023375
9943.93825531006;10.3219644;10.3225321;-0.04023252;-0.04088443;-0.1334621;-0.1489591;-0.0005677
9945.00064849854;10.2822124;10.2821202;-0.03905483;-0.0405563;-0.03776818;-0.06890339;0.0000922
9946.06304168701;10.2383750;10.2380724;-0.03896628;-0.03957487;-0.1210974;-0.09361412;0.0003026
9947.12543487549;10.1993750;10.1995678;-0.03902148;-0.03888629;-0.1631973;-0.1206545;-0.0001928
9948.18782806396;10.1555000;10.1562948;-0.03908855;-0.03861244;-0.1861456;-0.1327012;-0.0007948
9949.25022125244;10.1165000;10.1173730;-0.03909726;-0.03883378;-0.1766651;-0.1531234;-0.0008730
9950.31261444092;10.0726250;10.0730271;-0.0390448;-0.03923586;-0.1500952;-0.12028;-0.0004021
9951.37596130371;10.0344760;10.0332708;-0.03986865;-0.03956463;-0.7164862;-0.6454175;0.0012052
9952.43835449219;9.9856348;9.9860043;-0.02883284;-0.04110771;4.036704;3.140341;-0.0003695
9953.50074768066;9.9825029;9.9668712;-0.002971896;-0.025979;-1.294293;-0.03795417;0.0156317
9954.56314086914;9.9472270;9.9563212;-0.04283909;-0.01643767;-1.651366;-2.096614;-0.0090942
9955.62553405762;9.9074576;9.9241943;-0.03789536;-0.02669835;-0.3891702;-0.4051619;-0.0167367
9956.68792724609;9.8650000;9.8735900;-0.1002904;-0.03991313;-4.976386;-5.381624;-0.0085900
9957.75032043457;9.7880000;9.7993226;0.008405134;-0.06119804;7.504735;7.921128;-0.0113226
9958.81271362305;9.7787170;9.7570033;-0.07487986;-0.04376976;-4.768956;-5.906669;0.0217137
9959.87510681152;9.7052919;9.7039551;-0.04357664;-0.05068127;2.193927;2.12615;0.0013368
9960.93845367432;9.6635000;9.6456022;-0.03600587;-0.05021125;0.7350807;0.8408576;0.0178978
9962.00084686279;9.6255000;9.6085281;-0.03610903;-0.04182336;0.3080075;0.3856546;0.0169719
9963.06324005127;9.5827718;9.5728845;-0.03687267;-0.03505309;-0.1377598;-0.1416393;0.0098873
9964.12563323975;9.5446308;9.5421881;-0.03790134;-0.03243979;-0.30053;-0.276773;0.0024427
9965.18802642822;9.5025703;9.5058293;-0.03727977;-0.03248754;-0.4168459;-0.3208371;-0.0032590
9966.2504196167;9.4650625;9.4717951;-0.03879179;-0.03353478;-0.4742608;-0.4521459;-0.0067326
9967.31281280518;9.4221211;9.4307871;-0.03885975;-0.03561174;-0.2730468;-0.3115194;-0.0086660
9968.37520599365;9.3849720;9.3929381;-0.03792271;-0.0369801;-0.308933;-0.2475488;-0.0079661
9969.43759918213;9.3424331;9.3493671;-0.03864497;-0.03824359;-0.1405358;-0.1897808;-0.0069340
9970.50094604492;9.3052280;9.3099088;-0.03743558;-0.0389455;-0.0881539;-0.05980858;-0.0046808
9971.5633392334;9.2636154;9.2658610;-0.03718086;-0.03901286;-0.05006795;-0.08400434;-0.0022456
9972.62573242188;9.2266880;9.2275352;-0.03751854;-0.03855997;-0.1838322;-0.1737233;-0.0008472
9973.68812561035;9.1840000;9.1839046;-0.05265604;-0.03886563;-0.2573526;-0.6495208;0.0000954
9974.75051879883;9.1470000;9.1459365;0.0002018273;-0.0376832;4.263729;4.370608;0.0010635
9975.8129119873;9.1450605;9.1368169;-0.01744252;-0.01680175;-3.214763;-1.85528;0.0082436
9976.87530517578;9.1003290;9.1197700;-0.08059185;-0.01906677;-4.625512;-5.734437;-0.0194410
9977.93769836426;9.0264136;9.0468735;-0.04157386;-0.05053337;1.545914;1.635512;-0.0204599
9979.00009155273;8.9906597;8.9853019;-0.0366869;-0.05633271;0.9392613;0.9429173;0.0053578
9980.06343841553;8.9495775;8.9358897;-0.03430436;-0.04741863;0.6032746;0.7585024;0.0136878
9981.125831604;8.9130475;8.9022727;-0.03597007;-0.03873058;0.1263399;0.1342621;0.0107748
9982.18822479248;8.8720938;8.8675232;-0.03540742;-0.03357878;-0.24017;-0.1781762;0.0045706
9983.25061798096;8.8354297;8.8355751;-0.03709953;-0.03271034;-0.3162042;-0.3648713;-0.0001454
9984.31301116943;8.7944681;8.7960572;-0.03610641;-0.03442656;-0.2130917;-0.23766;-0.0015891
9985.37540435791;8.7585000;8.7596984;-0.03613352;-0.03561762;-0.1642815;-0.1468453;-0.0011984
9986.43779754639;8.7186152;8.7189288;-0.03781619;-0.03601564;-0.6829788;-0.6733835;-0.0003136
9987.50019073486;8.6775703;8.6820335;-0.02524728;-0.03638748;4.166762;3.736332;-0.0044632
9988.56258392334;8.6767991;8.6685629;-0.02390265;-0.01878076;-6.414724;-4.667081;0.0082362
9989.62593078613;8.6088618;8.6358995;-0.06868434;-0.02969992;0.3726461;-0.9123228;-0.0270377
9990.68832397461;8.5650000;8.5719437;-0.03419031;-0.0470371;0.2745498;0.615122;-0.0069437
9991.75071716309;8.5290000;8.5242004;-0.05238191;-0.04723635;0.3770731;0.1177575;0.0047996
9992.81311035156;8.4963567;8.4834904;0.02028249;-0.03826968;2.825642;4.936529;0.0128663
9993.87550354004;8.4852986;8.4783644;-0.07166556;-0.01795833;-5.799894;-7.39257;0.0069342
9994.93789672852;8.4118418;8.4306211;-0.03955067;-0.03622339;1.014235;1.089433;-0.0187793
9996.00028991699;8.3783403;8.3810301;-0.03501584;-0.04386667;0.2305847;0.2750151;-0.0026898
9997.06268310547;8.3384443;8.3349557;-0.03575616;-0.04159817;0.1973288;0.1774295;0.0034886
9998.12507629395;8.3028333;8.2989545;-0.03457076;-0.03797342;0.09345128;0.1313133;0.0038788
9999.18842315674;8.2635000;8.2622380;-0.03485939;-0.03440454;-0.1530463;-0.1025481;0.0012620